MM:DD:YYYY hh:mm:ss,Library_Version,Session_type,Device_Number,Battery_Voltage,Motor_Turns,FR,Event,Active_Poke,Left_Poke_Count,Right_Poke_Count,Pellet_Count,Block_Pellet_Count,Retrieval_Time,InterPelletInterval,Poke_Time
2/3/2022 12:05:36,1.11.0,Free_feed,24,3.85,1,0,Pellet,Left,0,0,1,0,Timed_out,nan,nan
2/3/2022 12:05:38,1.11.0,Free_feed,24,3.85,1,0,Pellet,Left,0,0,2,0,1.09,2,nan
2/3/2022 12:06:34,1.11.0,Free_feed,24,3.85,2,0,Pellet,Left,0,0,3,0,46.93,56,nan
2/3/2022 12:06:48,1.11.0,Free_feed,24,3.84,1,0,Pellet,Left,0,0,4,0,7.17,14,nan
2/3/2022 12:08:31,1.11.0,Free_feed,24,3.85,2,0,Pellet,Left,0,0,5,0,Timed_out,103,nan
2/3/2022 12:08:40,1.11.0,Free_feed,24,3.84,1,0,Pellet,Left,0,0,6,0,1.89,8,nan
2/3/2022 12:13:02,1.11.0,Free_feed,24,3.85,6,0,RightWithPellet,Left,0,1,6,0,nan,nan,0.36
2/3/2022 12:13:03,1.11.0,Free_feed,24,3.85,6,0,Pellet,Left,0,1,7,0,Timed_out,264,nan
2/3/2022 12:14:51,1.11.0,Free_feed,24,3.85,1,0,LeftWithPellet,Left,1,1,7,0,nan,nan,0.10
2/3/2022 12:19:49,1.11.0,Free_feed,24,3.85,1,0,Pellet,Left,1,1,8,0,Timed_out,406,nan
2/3/2022 12:20:00,1.11.0,Free_feed,24,3.85,1,0,Pellet,Left,1,1,9,0,4.22,11,nan
2/3/2022 12:20:16,1.11.0,Free_feed,24,3.85,2,0,Pellet,Left,1,1,10,0,7.78,16,nan
2/3/2022 12:21:03,1.11.0,Free_feed,24,3.85,2,0,RightWithPellet,Left,1,2,10,0,nan,nan,0.08
2/3/2022 12:21:07,1.11.0,Free_feed,24,3.85,2,0,RightWithPellet,Left,1,3,10,0,nan,nan,0.02
2/3/2022 13:56:24,1.11.0,Free_feed,24,3.89,2,0,Pellet,Left,1,3,11,0,Timed_out,5768,nan
2/3/2022 13:56:46,1.11.0,Free_feed,24,3.89,2,0,Pellet,Left,1,3,12,0,18.54,22,nan
2/3/2022 13:56:57,1.11.0,Free_feed,24,3.89,2,0,Pellet,Left,1,3,13,0,1.89,11,nan
2/3/2022 13:57:12,1.11.0,Free_feed,24,3.89,2,0,Pellet,Left,1,3,14,0,8.03,15,nan
2/3/2022 13:57:25,1.11.0,Free_feed,24,3.89,2,0,Pellet,Left,1,3,15,0,5.94,13,nan
2/3/2022 13:57:40,1.11.0,Free_feed,24,3.89,1,0,Pellet,Left,1,3,16,0,8.33,15,nan
2/3/2022 13:57:52,1.11.0,Free_feed,24,3.89,1,0,Pellet,Left,1,3,17,0,5.20,12,nan
2/3/2022 13:58:09,1.11.0,Free_feed,24,3.89,1,0,Pellet,Left,1,3,18,0,9.81,17,nan
2/3/2022 13:58:24,1.11.0,Free_feed,24,3.89,2,0,Pellet,Left,1,3,19,0,6.25,15,nan
2/3/2022 13:58:35,1.11.0,Free_feed,24,3.90,1,0,Pellet,Left,1,3,20,0,3.73,11,nan
2/3/2022 13:58:48,1.11.0,Free_feed,24,3.89,1,0,Pellet,Left,1,3,21,0,7.48,13,nan
2/3/2022 13:59:03,1.11.0,Free_feed,24,3.89,1,0,Pellet,Left,1,3,22,0,8.21,15,nan
2/3/2022 13:59:17,1.11.0,Free_feed,24,3.90,1,0,Pellet,Left,1,3,23,0,6.80,14,nan
2/3/2022 13:59:30,1.11.0,Free_feed,24,3.89,3,0,Pellet,Left,1,3,24,0,1.77,13,nan
2/3/2022 13:59:34,1.11.0,Free_feed,24,3.89,1,0,Pellet,Left,1,3,25,0,2.93,4,nan
2/3/2022 13:59:46,1.11.0,Free_feed,24,3.89,2,0,Pellet,Left,1,3,26,0,3.43,12,nan
2/3/2022 14:00:01,1.11.0,Free_feed,24,3.89,2,0,Pellet,Left,1,3,27,0,5.70,15,nan
2/3/2022 14:00:15,1.11.0,Free_feed,24,3.90,1,0,Pellet,Left,1,3,28,0,6.80,14,nan
2/3/2022 14:00:33,1.11.0,Free_feed,24,3.89,4,0,Pellet,Left,1,3,29,0,6.19,18,nan
2/3/2022 15:28:43,1.11.0,Free_feed,24,3.93,2,0,Pellet,Left,1,3,30,0,Timed_out,5290,nan
2/3/2022 16:18:32,1.11.0,Free_feed,24,3.94,1,0,Pellet,Left,1,3,31,0,Timed_out,2989,nan
2/3/2022 16:18:39,1.11.0,Free_feed,24,3.94,1,0,Pellet,Left,1,3,32,0,4.53,7,nan
2/3/2022 16:18:58,1.11.0,Free_feed,24,3.95,1,0,Pellet,Left,1,3,33,0,11.41,19,nan
2/3/2022 16:19:14,1.11.0,Free_feed,24,3.94,2,0,Pellet,Left,1,3,34,0,7.66,16,nan
2/3/2022 16:19:31,1.11.0,Free_feed,24,3.94,2,0,Pellet,Left,1,3,35,0,8.27,16,nan
2/3/2022 16:19:45,1.11.0,Free_feed,24,3.94,4,0,Pellet,Left,1,3,36,0,1.16,15,nan
2/3/2022 16:19:59,1.11.0,Free_feed,24,3.94,1,0,Pellet,Left,1,3,37,0,7.84,14,nan
2/3/2022 16:20:22,1.11.0,Free_feed,24,3.94,2,0,Pellet,Left,1,3,38,0,15.53,23,nan
2/3/2022 16:20:31,1.11.0,Free_feed,24,3.94,2,0,Pellet,Left,1,3,39,0,1.58,9,nan
2/3/2022 18:25:16,1.11.0,Free_feed,24,3.99,2,0,Pellet,Left,1,3,40,0,Timed_out,7485,nan
2/3/2022 18:25:38,1.11.0,Free_feed,24,3.99,4,0,Pellet,Left,1,3,41,0,8.88,22,nan
2/3/2022 18:25:53,1.11.0,Free_feed,24,4.00,1,0,Pellet,Left,1,3,42,0,8.27,15,nan
2/3/2022 18:26:08,1.11.0,Free_feed,24,3.99,1,0,Pellet,Left,1,3,43,0,8.27,15,nan
2/3/2022 18:26:20,1.11.0,Free_feed,24,3.99,1,0,Pellet,Left,1,3,44,0,5.26,12,nan
2/3/2022 18:26:33,1.11.0,Free_feed,24,3.99,1,0,Pellet,Left,1,3,45,0,6.92,13,nan
2/3/2022 18:26:49,1.11.0,Free_feed,24,3.99,1,0,Pellet,Left,1,3,46,0,8.27,16,nan
2/3/2022 19:15:53,1.11.0,Free_feed,24,4.01,2,0,RightWithPellet,Left,1,4,46,0,nan,nan,0.07
2/3/2022 19:19:17,1.11.0,Free_feed,24,4.02,2,0,Pellet,Left,1,4,47,0,Timed_out,3148,nan
2/3/2022 19:21:39,1.11.0,Free_feed,24,4.02,1,0,Pellet,Left,1,4,48,0,Timed_out,142,nan
2/3/2022 19:21:47,1.11.0,Free_feed,24,4.01,2,0,Pellet,Left,1,4,49,0,0.97,8,nan
2/3/2022 19:22:00,1.11.0,Free_feed,24,4.02,2,0,Pellet,Left,1,4,50,0,5.75,13,nan
2/3/2022 19:22:12,1.11.0,Free_feed,24,4.02,2,0,Pellet,Left,1,4,51,0,5.45,12,nan
2/3/2022 19:22:27,1.11.0,Free_feed,24,4.02,3,0,Pellet,Left,1,4,52,0,4.22,15,nan
2/3/2022 19:22:40,1.11.0,Free_feed,24,4.02,1,0,Pellet,Left,1,4,53,0,6.43,13,nan
2/3/2022 19:22:55,1.11.0,Free_feed,24,4.02,1,0,Pellet,Left,1,4,54,0,7.84,14,nan
2/3/2022 19:23:09,1.11.0,Free_feed,24,4.01,2,0,Pellet,Left,1,4,55,0,5.57,15,nan
2/3/2022 19:23:34,1.11.0,Free_feed,24,4.01,1,0,Pellet,Left,1,4,56,0,18.54,25,nan
2/3/2022 19:23:52,1.11.0,Free_feed,24,4.02,2,0,Pellet,Left,1,4,57,0,8.89,18,nan
2/3/2022 19:24:05,1.11.0,Free_feed,24,4.01,1,0,Pellet,Left,1,4,58,0,6.86,13,nan
2/3/2022 20:30:44,1.11.0,Free_feed,24,4.04,2,0,RightWithPellet,Left,1,5,58,0,nan,nan,0.15
2/3/2022 20:46:05,1.11.0,Free_feed,24,4.05,2,0,Pellet,Left,1,5,59,0,Timed_out,4920,nan
2/3/2022 20:46:21,1.11.0,Free_feed,24,4.05,1,0,Pellet,Left,1,5,60,0,9.38,16,nan
2/3/2022 20:46:36,1.11.0,Free_feed,24,4.05,1,0,Pellet,Left,1,5,61,0,8.58,15,nan
2/3/2022 20:46:49,1.11.0,Free_feed,24,4.05,2,0,Pellet,Left,1,5,62,0,3.85,13,nan
2/3/2022 20:47:02,1.11.0,Free_feed,24,4.05,1,0,Pellet,Left,1,5,63,0,6.43,13,nan
2/3/2022 20:47:17,1.11.0,Free_feed,24,4.05,1,0,Pellet,Left,1,5,64,0,7.78,15,nan
2/3/2022 20:47:31,1.11.0,Free_feed,24,4.05,2,0,Pellet,Left,1,5,65,0,8.45,14,nan
2/3/2022 20:47:47,1.11.0,Free_feed,24,4.05,1,0,Pellet,Left,1,5,66,0,8.76,16,nan
2/3/2022 20:47:58,1.11.0,Free_feed,24,4.05,1,0,Pellet,Left,1,5,67,0,4.16,11,nan
2/3/2022 20:48:14,1.11.0,Free_feed,24,4.05,1,0,Pellet,Left,1,5,68,0,8.64,16,nan
2/3/2022 20:48:34,1.11.0,Free_feed,24,4.05,1,0,Pellet,Left,1,5,69,0,13.99,20,nan
2/3/2022 20:48:44,1.11.0,Free_feed,24,4.05,2,0,Pellet,Left,1,5,70,0,0.73,10,nan
2/3/2022 20:48:54,1.11.0,Free_feed,24,4.05,1,0,Pellet,Left,1,5,71,0,3.42,10,nan
2/3/2022 20:49:08,1.11.0,Free_feed,24,4.05,1,0,Pellet,Left,1,5,72,0,6.61,13,nan
2/3/2022 20:49:23,1.11.0,Free_feed,24,4.05,1,0,Pellet,Left,1,5,73,0,9.44,16,nan
2/3/2022 20:49:36,1.11.0,Free_feed,24,4.05,2,0,Pellet,Left,1,5,74,0,3.79,13,nan
2/3/2022 21:09:03,1.11.0,Free_feed,24,4.05,1,0,RightWithPellet,Left,1,6,74,0,nan,nan,0.00
2/3/2022 21:34:34,1.11.0,Free_feed,24,4.06,1,0,Pellet,Left,1,6,75,0,Timed_out,2697,nan
2/3/2022 21:51:31,1.11.0,Free_feed,24,4.07,1,0,RightWithPellet,Left,1,7,75,0,nan,nan,0.22
2/3/2022 21:58:50,1.11.0,Free_feed,24,4.07,1,0,Pellet,Left,1,7,76,0,Timed_out,1457,nan
2/3/2022 21:59:04,1.11.0,Free_feed,24,4.07,1,0,Pellet,Left,1,7,77,0,7.11,14,nan
2/3/2022 21:59:18,1.11.0,Free_feed,24,4.07,1,0,Pellet,Left,1,7,78,0,7.29,14,nan
2/3/2022 21:59:31,1.11.0,Free_feed,24,4.08,1,0,Pellet,Left,1,7,79,0,6.31,13,nan
2/3/2022 21:59:45,1.11.0,Free_feed,24,4.07,1,0,Pellet,Left,1,7,80,0,6.43,13,nan
2/3/2022 22:00:46,1.11.0,Free_feed,24,4.07,1,0,Pellet,Left,1,7,81,0,54.99,62,nan
2/3/2022 22:01:05,1.11.0,Free_feed,24,4.08,3,0,Pellet,Left,1,7,82,0,7.78,19,nan
2/3/2022 22:13:26,1.11.0,Free_feed,24,4.08,2,0,RightWithPellet,Left,1,8,82,0,nan,nan,0.25
2/3/2022 22:21:48,1.11.0,Free_feed,24,4.09,2,0,RightWithPellet,Left,1,9,82,0,nan,nan,0.11
2/3/2022 22:22:46,1.11.0,Free_feed,24,4.09,2,0,Pellet,Left,1,9,83,0,Timed_out,1301,nan
2/3/2022 22:26:56,1.11.0,Free_feed,24,4.09,2,0,Pellet,Left,1,9,84,0,Timed_out,250,nan
2/3/2022 22:27:06,1.11.0,Free_feed,24,4.09,1,0,Pellet,Left,1,9,85,0,2.38,10,nan
2/3/2022 22:27:19,1.11.0,Free_feed,24,4.09,2,0,Pellet,Left,1,9,86,0,4.71,13,nan
2/3/2022 22:27:41,1.11.0,Free_feed,24,4.09,2,0,Pellet,Left,1,9,87,0,13.62,22,nan
2/3/2022 22:27:52,1.11.0,Free_feed,24,4.09,1,0,Pellet,Left,1,9,88,0,4.96,11,nan
2/3/2022 22:28:04,1.11.0,Free_feed,24,4.09,2,0,Pellet,Left,1,9,89,0,2.50,12,nan
2/3/2022 22:28:16,1.11.0,Free_feed,24,4.09,3,0,Pellet,Left,1,9,90,0,1.58,12,nan
2/3/2022 22:30:37,1.11.0,Free_feed,24,4.09,1,0,Pellet,Left,1,9,91,0,Timed_out,141,nan
2/3/2022 22:46:10,1.11.0,Free_feed,24,4.09,4,0,LeftWithPellet,Left,2,9,91,0,nan,nan,0.01
2/3/2022 22:46:34,1.11.0,Free_feed,24,4.09,4,0,RightWithPellet,Left,2,10,91,0,nan,nan,0.11
2/3/2022 22:50:49,1.11.0,Free_feed,24,4.10,4,0,Pellet,Left,2,10,92,0,Timed_out,1212,nan
2/3/2022 22:51:00,1.11.0,Free_feed,24,4.09,2,0,Pellet,Left,2,10,93,0,4.83,11,nan
2/3/2022 22:51:18,1.11.0,Free_feed,24,4.10,2,0,Pellet,Left,2,10,94,0,8.27,18,nan
2/3/2022 22:51:29,1.11.0,Free_feed,24,4.10,2,0,Pellet,Left,2,10,95,0,2.69,11,nan
2/3/2022 22:51:39,1.11.0,Free_feed,24,4.10,2,0,Pellet,Left,2,10,96,0,1.77,10,nan
2/3/2022 22:51:52,1.11.0,Free_feed,24,4.09,1,0,Pellet,Left,2,10,97,0,6.31,12,nan
2/3/2022 22:59:14,1.11.0,Free_feed,24,4.10,1,0,RightWithPellet,Left,2,11,97,0,nan,nan,0.16
2/3/2022 23:14:29,1.11.0,Free_feed,24,4.10,1,0,Pellet,Left,2,11,98,0,Timed_out,1358,nan
2/3/2022 23:15:39,1.11.0,Free_feed,24,4.11,1,0,Pellet,Left,2,11,99,0,Timed_out,70,nan
2/3/2022 23:15:51,1.11.0,Free_feed,24,4.11,2,0,Pellet,Left,2,11,100,0,2.32,11,nan
2/3/2022 23:16:02,1.11.0,Free_feed,24,4.11,1,0,Pellet,Left,2,11,101,0,5.14,12,nan
2/3/2022 23:16:14,1.11.0,Free_feed,24,4.11,1,0,Pellet,Left,2,11,102,0,4.77,12,nan
2/3/2022 23:23:28,1.11.0,Free_feed,24,4.11,1,0,RightWithPellet,Left,2,12,102,0,nan,nan,0.08
2/3/2022 23:31:10,1.11.0,Free_feed,24,4.12,1,0,Pellet,Left,2,12,103,0,Timed_out,896,nan
2/3/2022 23:31:25,1.11.0,Free_feed,24,4.11,1,0,RightWithPellet,Left,2,13,103,0,nan,nan,0.04
2/3/2022 23:32:26,1.11.0,Free_feed,24,4.11,1,0,Pellet,Left,2,13,104,0,Timed_out,76,nan
2/3/2022 23:33:24,1.11.0,Free_feed,24,4.11,2,0,Pellet,Left,2,13,105,0,50.01,58,nan
2/3/2022 23:33:39,1.11.0,Free_feed,24,4.11,2,0,Pellet,Left,2,13,106,0,8.46,15,nan
2/3/2022 23:33:58,1.11.0,Free_feed,24,4.12,2,0,Pellet,Left,2,13,107,0,13.00,19,nan
2/3/2022 23:34:08,1.11.0,Free_feed,24,4.12,1,0,Pellet,Left,2,13,108,0,2.32,10,nan
2/3/2022 23:34:20,1.11.0,Free_feed,24,4.11,1,0,Pellet,Left,2,13,109,0,5.20,11,nan
2/3/2022 23:34:30,1.11.0,Free_feed,24,4.11,1,0,Pellet,Left,2,13,110,0,3.48,11,nan
2/4/2022 0:00:16,1.11.0,Free_feed,24,4.12,1,0,Pellet,Left,2,13,111,0,Timed_out,1546,nan
2/4/2022 0:03:34,1.11.0,Free_feed,24,4.12,1,0,RightWithPellet,Left,2,14,111,0,nan,nan,0.11
2/4/2022 0:03:35,1.11.0,Free_feed,24,4.13,1,0,RightWithPellet,Left,2,15,111,0,nan,nan,0.41
2/4/2022 0:03:48,1.11.0,Free_feed,24,4.12,1,0,LeftWithPellet,Left,3,15,111,0,nan,nan,0.14
2/4/2022 0:04:12,1.11.0,Free_feed,24,4.13,1,0,Pellet,Left,3,15,112,0,Timed_out,236,nan
2/4/2022 0:04:27,1.11.0,Free_feed,24,4.12,2,0,Pellet,Left,3,15,113,0,6.30,15,nan
2/4/2022 0:04:37,1.11.0,Free_feed,24,4.12,1,0,Pellet,Left,3,15,114,0,3.73,10,nan
2/4/2022 0:04:49,1.11.0,Free_feed,24,4.13,1,0,Pellet,Left,3,15,115,0,5.20,11,nan
2/4/2022 0:05:00,1.11.0,Free_feed,24,4.12,2,0,Pellet,Left,3,15,116,0,4.28,12,nan
2/4/2022 0:05:10,1.11.0,Free_feed,24,4.13,2,0,Pellet,Left,3,15,117,0,3.85,10,nan
2/4/2022 0:05:19,1.11.0,Free_feed,24,4.12,1,0,Pellet,Left,3,15,118,0,1.15,8,nan
2/4/2022 0:05:29,1.11.0,Free_feed,24,4.12,2,0,Pellet,Left,3,15,119,0,1.89,11,nan
2/4/2022 0:05:40,1.11.0,Free_feed,24,4.12,2,0,Pellet,Left,3,15,120,0,1.89,11,nan
2/4/2022 0:05:49,1.11.0,Free_feed,24,4.13,1,0,Pellet,Left,3,15,121,0,2.07,9,nan
2/4/2022 0:06:00,1.11.0,Free_feed,24,4.12,2,0,Pellet,Left,3,15,122,0,1.58,11,nan
2/4/2022 0:06:09,1.11.0,Free_feed,24,4.12,1,0,Pellet,Left,3,15,123,0,2.44,9,nan
2/4/2022 0:14:22,1.11.0,Free_feed,24,4.13,1,0,Pellet,Left,3,15,124,0,Timed_out,493,nan
2/4/2022 0:36:01,1.11.0,Free_feed,24,4.14,1,0,RightWithPellet,Left,3,16,124,0,nan,nan,0.23
2/4/2022 2:34:58,1.11.0,Free_feed,24,4.20,1,0,Pellet,Left,3,16,125,0,Timed_out,8436,nan
2/4/2022 2:35:17,1.11.0,Free_feed,24,4.20,1,0,Pellet,Left,3,16,126,0,12.09,19,nan
2/4/2022 2:35:27,1.11.0,Free_feed,24,4.20,1,0,Pellet,Left,3,16,127,0,3.37,10,nan
2/4/2022 2:35:41,1.11.0,Free_feed,24,4.19,1,0,Pellet,Left,3,16,128,0,7.60,14,nan
2/4/2022 2:35:54,1.11.0,Free_feed,24,4.20,1,0,Pellet,Left,3,16,129,0,6.31,13,nan
2/4/2022 2:36:07,1.11.0,Free_feed,24,4.19,1,0,Pellet,Left,3,16,130,0,6.37,13,nan
2/4/2022 2:36:22,1.11.0,Free_feed,24,4.19,1,0,Pellet,Left,3,16,131,0,8.15,15,nan
2/4/2022 2:36:30,1.11.0,Free_feed,24,4.20,1,0,Pellet,Left,3,16,132,0,0.85,8,nan
2/4/2022 2:36:41,1.11.0,Free_feed,24,4.20,1,0,Pellet,Left,3,16,133,0,4.71,11,nan
2/4/2022 2:36:53,1.11.0,Free_feed,24,4.20,2,0,Pellet,Left,3,16,134,0,3.55,12,nan
2/4/2022 2:37:07,1.11.0,Free_feed,24,4.20,1,0,Pellet,Left,3,16,135,0,6.86,13,nan
2/4/2022 2:37:20,1.11.0,Free_feed,24,4.20,2,0,Pellet,Left,3,16,136,0,3.79,14,nan
2/4/2022 2:37:37,1.11.0,Free_feed,24,4.20,1,0,Pellet,Left,3,16,137,0,10.42,17,nan
2/4/2022 2:38:35,1.11.0,Free_feed,24,4.20,3,0,Pellet,Left,3,16,138,0,47.12,58,nan
2/4/2022 4:46:36,1.11.0,Free_feed,24,4.23,1,0,Pellet,Left,3,16,139,0,Timed_out,7680,nan
2/4/2022 4:46:50,1.11.0,Free_feed,24,4.23,3,0,Pellet,Left,3,16,140,0,4.22,15,nan
2/4/2022 4:47:02,1.11.0,Free_feed,24,4.23,3,0,Pellet,Left,3,16,141,0,1.03,12,nan
2/4/2022 4:47:16,1.11.0,Free_feed,24,4.23,1,0,Pellet,Left,3,16,142,0,7.10,14,nan
2/4/2022 4:47:29,1.11.0,Free_feed,24,4.23,1,0,Pellet,Left,3,16,143,0,6.31,13,nan
2/4/2022 4:47:39,1.11.0,Free_feed,24,4.23,2,0,Pellet,Left,3,16,144,0,1.03,10,nan
2/4/2022 4:47:42,1.11.0,Free_feed,24,4.24,1,0,Pellet,Left,3,16,145,0,0.06,3,nan
2/4/2022 4:47:50,1.11.0,Free_feed,24,4.23,1,0,Pellet,Left,3,16,146,0,0.48,8,nan
2/4/2022 4:48:02,1.11.0,Free_feed,24,4.23,1,0,Pellet,Left,3,16,147,0,5.51,11,nan
2/4/2022 4:48:13,1.11.0,Free_feed,24,4.23,1,0,Pellet,Left,3,16,148,0,5.32,12,nan
2/4/2022 4:48:31,1.11.0,Free_feed,24,4.23,1,0,Pellet,Left,3,16,149,0,11.46,18,nan
2/4/2022 4:49:45,1.11.0,Free_feed,24,4.23,1,0,Pellet,Left,3,16,150,0,Timed_out,74,nan
2/4/2022 4:58:52,1.11.0,Free_feed,24,4.24,2,0,Pellet,Left,3,16,151,0,Timed_out,547,nan
2/4/2022 4:59:07,1.11.0,Free_feed,24,4.23,1,0,Pellet,Left,3,16,152,0,8.09,15,nan
2/4/2022 4:59:21,1.11.0,Free_feed,24,4.23,2,0,Pellet,Left,3,16,153,0,6.92,14,nan
2/4/2022 4:59:35,1.11.0,Free_feed,24,4.23,1,0,Pellet,Left,3,16,154,0,6.80,14,nan
2/4/2022 5:14:59,1.11.0,Free_feed,24,4.23,1,0,Pellet,Left,3,16,155,0,Timed_out,924,nan
2/4/2022 5:15:14,1.11.0,Free_feed,24,4.23,1,0,Pellet,Left,3,16,156,0,14.54,15,nan
2/4/2022 5:15:32,1.11.0,Free_feed,24,4.23,1,0,Pellet,Left,3,16,157,0,10.91,18,nan
2/4/2022 5:43:09,1.11.0,Free_feed,24,4.23,1,0,Pellet,Left,3,16,158,0,Timed_out,1657,nan
2/4/2022 5:43:25,1.11.0,Free_feed,24,4.24,2,0,Pellet,Left,3,16,159,0,7.60,16,nan
2/4/2022 5:43:38,1.11.0,Free_feed,24,4.24,2,0,Pellet,Left,3,16,160,0,3.49,13,nan
2/4/2022 5:43:51,1.11.0,Free_feed,24,4.23,1,0,Pellet,Left,3,16,161,0,6.68,13,nan
2/4/2022 5:44:05,1.11.0,Free_feed,24,4.23,1,0,Pellet,Left,3,16,162,0,7.66,14,nan
2/4/2022 5:44:17,1.11.0,Free_feed,24,4.23,1,0,Pellet,Left,3,16,163,0,6.18,12,nan
2/4/2022 5:44:32,1.11.0,Free_feed,24,4.23,2,0,Pellet,Left,3,16,164,0,5.88,15,nan
2/4/2022 5:44:46,1.11.0,Free_feed,24,4.23,1,0,Pellet,Left,3,16,165,0,6.49,14,nan
2/4/2022 5:45:06,1.11.0,Free_feed,24,4.24,1,0,Pellet,Left,3,16,166,0,14.17,20,nan
2/4/2022 5:45:19,1.11.0,Free_feed,24,4.23,2,0,Pellet,Left,3,16,167,0,3.43,12,nan
2/4/2022 5:45:30,1.11.0,Free_feed,24,4.24,3,0,Pellet,Left,3,16,168,0,0.91,12,nan
2/4/2022 5:45:52,1.11.0,Free_feed,24,4.23,1,0,Pellet,Left,3,16,169,0,15.34,22,nan
2/4/2022 7:12:20,1.11.0,Free_feed,24,4.23,1,0,Pellet,Left,3,16,170,0,Timed_out,5188,nan
2/4/2022 7:27:05,1.11.0,Free_feed,24,4.24,1,0,Pellet,Left,3,16,171,0,Timed_out,884,nan
2/4/2022 7:27:20,1.11.0,Free_feed,24,4.23,2,0,Pellet,Left,3,16,172,0,8.64,16,nan
2/4/2022 7:27:32,1.11.0,Free_feed,24,4.24,1,0,Pellet,Left,3,16,173,0,5.75,12,nan
2/4/2022 7:27:44,1.11.0,Free_feed,24,4.24,1,0,Pellet,Left,3,16,174,0,5.63,12,nan
2/4/2022 7:27:58,1.11.0,Free_feed,24,4.24,1,0,Pellet,Left,3,16,175,0,7.23,14,nan
2/4/2022 7:28:10,1.11.0,Free_feed,24,4.23,2,0,Pellet,Left,3,16,176,0,3.73,12,nan
2/4/2022 7:28:23,1.11.0,Free_feed,24,4.24,1,0,Pellet,Left,3,16,177,0,5.14,13,nan
2/4/2022 7:28:36,1.11.0,Free_feed,24,4.23,1,0,Pellet,Left,3,16,178,0,6.86,13,nan
2/4/2022 7:28:53,1.11.0,Free_feed,24,4.24,1,0,Pellet,Left,3,16,179,0,9.81,17,nan
2/4/2022 7:29:06,1.11.0,Free_feed,24,4.24,1,0,Pellet,Left,3,16,180,0,5.39,13,nan
2/4/2022 7:29:18,1.11.0,Free_feed,24,4.23,1,0,Pellet,Left,3,16,181,0,5.82,12,nan
2/4/2022 7:29:32,1.11.0,Free_feed,24,4.24,1,0,Pellet,Left,3,16,182,0,6.98,14,nan
2/4/2022 7:29:46,1.11.0,Free_feed,24,4.23,2,0,Pellet,Left,3,16,183,0,4.90,14,nan
2/4/2022 7:29:59,1.11.0,Free_feed,24,4.24,1,0,Pellet,Left,3,16,184,0,5.94,13,nan
2/4/2022 7:30:12,1.11.0,Free_feed,24,4.23,1,0,Pellet,Left,3,16,185,0,5.14,12,nan
2/4/2022 7:30:25,1.11.0,Free_feed,24,4.24,1,0,Pellet,Left,3,16,186,0,6.49,14,nan
2/4/2022 7:30:37,1.11.0,Free_feed,24,4.24,2,0,Pellet,Left,3,16,187,0,3.00,11,nan
2/4/2022 7:30:49,1.11.0,Free_feed,24,4.24,1,0,Pellet,Left,3,16,188,0,5.75,13,nan
2/4/2022 10:05:11,1.11.0,Free_feed,24,4.23,1,0,Pellet,Left,3,16,189,0,Timed_out,9262,nan
2/4/2022 10:05:27,1.11.0,Free_feed,24,4.24,1,0,Pellet,Left,3,16,190,0,9.01,16,nan
2/4/2022 10:05:38,1.11.0,Free_feed,24,4.23,1,0,Pellet,Left,3,16,191,0,3.98,11,nan
2/4/2022 10:05:50,1.11.0,Free_feed,24,4.24,1,0,Pellet,Left,3,16,192,0,5.26,12,nan
2/4/2022 10:05:58,1.11.0,Free_feed,24,4.23,1,0,Pellet,Left,3,16,193,0,1.65,8,nan
2/4/2022 10:06:11,1.11.0,Free_feed,24,4.24,1,0,Pellet,Left,3,16,194,0,6.49,13,nan
2/4/2022 10:06:26,1.11.0,Free_feed,24,4.24,3,0,Pellet,Left,3,16,195,0,3.61,14,nan
2/4/2022 10:06:39,1.11.0,Free_feed,24,4.23,1,0,Pellet,Left,3,16,196,0,6.68,13,nan
2/4/2022 10:06:55,1.11.0,Free_feed,24,4.25,1,0,Pellet,Left,3,16,197,0,9.80,17,nan
2/4/2022 10:07:05,1.11.0,Free_feed,24,4.24,1,0,Pellet,Left,3,16,198,0,2.93,10,nan
2/4/2022 10:07:18,1.11.0,Free_feed,24,4.24,1,0,Pellet,Left,3,16,199,0,6.55,13,nan
2/4/2022 11:41:42,1.11.0,Free_feed,24,4.24,1,0,Pellet,Left,3,16,200,0,Timed_out,5664,nan
2/4/2022 11:41:49,1.11.0,Free_feed,24,4.24,1,0,Pellet,Left,3,16,201,0,0.06,7,nan
2/4/2022 11:42:01,1.11.0,Free_feed,24,4.24,1,0,Pellet,Left,3,16,202,0,10.47,12,nan
2/4/2022 11:42:13,1.11.0,Free_feed,24,4.24,3,0,Pellet,Left,3,16,203,0,0.30,11,nan
2/4/2022 11:42:22,1.11.0,Free_feed,24,4.24,1,0,Pellet,Left,3,16,204,0,3.18,10,nan
2/4/2022 11:42:33,1.11.0,Free_feed,24,4.24,1,0,Pellet,Left,3,16,205,0,3.55,10,nan
2/4/2022 11:42:46,1.11.0,Free_feed,24,4.24,1,0,Pellet,Left,3,16,206,0,7.41,14,nan
2/4/2022 11:42:58,1.11.0,Free_feed,24,4.24,1,0,Pellet,Left,3,16,207,0,5.02,12,nan
2/4/2022 11:43:12,1.11.0,Free_feed,24,4.23,5,0,Pellet,Left,3,16,208,0,0.06,14,nan
2/4/2022 11:43:37,1.11.0,Free_feed,24,4.24,2,0,Pellet,Left,3,16,209,0,18.04,25,nan
2/4/2022 11:43:51,1.11.0,Free_feed,24,4.24,2,0,Pellet,Left,3,16,210,0,4.96,14,nan
2/4/2022 11:44:01,1.11.0,Free_feed,24,4.23,2,0,Pellet,Left,3,16,211,0,1.22,10,nan
2/4/2022 11:44:13,1.11.0,Free_feed,24,4.24,1,0,Pellet,Left,3,16,212,0,4.83,12,nan
2/4/2022 13:58:03,1.11.0,Free_feed,24,4.23,1,0,Pellet,Left,3,16,213,0,Timed_out,8030,nan
2/4/2022 14:46:29,1.11.0,Free_feed,24,4.23,1,0,Pellet,Left,3,16,214,0,Timed_out,2906,nan
2/4/2022 14:46:52,1.11.0,Free_feed,24,4.23,1,0,Pellet,Left,3,16,215,0,15.27,23,nan
2/4/2022 14:47:04,1.11.0,Free_feed,24,4.23,2,0,Pellet,Left,3,16,216,0,3.79,12,nan
2/4/2022 14:47:18,1.11.0,Free_feed,24,4.23,4,0,Pellet,Left,3,16,217,0,2.32,14,nan
2/4/2022 14:47:31,1.11.0,Free_feed,24,4.24,2,0,Pellet,Left,3,16,218,0,5.32,13,nan
2/4/2022 14:48:00,1.11.0,Free_feed,24,4.23,2,0,Pellet,Left,3,16,219,0,21.98,29,nan
2/4/2022 14:48:12,1.11.0,Free_feed,24,4.24,1,0,Pellet,Left,3,16,220,0,5.57,12,nan
2/4/2022 14:48:28,1.11.0,Free_feed,24,4.23,1,0,Pellet,Left,3,16,221,0,9.50,16,nan
2/4/2022 14:48:40,1.11.0,Free_feed,24,4.24,2,0,Pellet,Left,3,16,222,0,3.06,12,nan
2/4/2022 14:48:54,1.11.0,Free_feed,24,4.24,2,0,Pellet,Left,3,16,223,0,5.57,14,nan
2/4/2022 15:12:01,1.11.0,Free_feed,24,4.24,1,0,Pellet,Left,3,16,224,0,Timed_out,1387,nan
2/4/2022 15:12:16,1.11.0,Free_feed,24,4.24,1,0,Pellet,Left,3,16,225,0,7.47,15,nan
2/4/2022 15:12:17,1.11.0,Free_feed,24,4.24,1,0,Pellet,Left,3,16,226,0,0.06,1,nan
2/4/2022 17:08:56,1.11.0,Free_feed,24,4.23,1,0,Pellet,Left,3,16,227,0,Timed_out,6999,nan
2/4/2022 17:17:11,1.11.0,Free_feed,24,4.24,2,0,Pellet,Left,3,16,228,0,Timed_out,494,nan
2/4/2022 17:17:24,1.11.0,Free_feed,24,4.24,1,0,Pellet,Left,3,16,229,0,7.29,14,nan
2/4/2022 17:17:40,1.11.0,Free_feed,24,4.24,1,0,Pellet,Left,3,16,230,0,8.82,16,nan
2/4/2022 17:18:24,1.11.0,Free_feed,24,4.24,2,0,Pellet,Left,3,16,231,0,35.59,43,nan
2/4/2022 17:18:35,1.11.0,Free_feed,24,4.24,1,0,Pellet,Left,3,16,232,0,5.51,12,nan
2/4/2022 17:18:48,1.11.0,Free_feed,24,4.24,1,0,Pellet,Left,3,16,233,0,5.94,13,nan
2/4/2022 17:44:05,1.11.0,Free_feed,24,4.23,1,0,RightWithPellet,Left,3,17,233,0,nan,nan,0.81
2/4/2022 17:44:10,1.11.0,Free_feed,24,4.23,1,0,RightWithPellet,Left,3,18,233,0,nan,nan,0.15
2/4/2022 19:12:30,1.11.0,Free_feed,24,4.23,1,0,Pellet,Left,3,18,234,0,Timed_out,6822,nan
2/4/2022 19:12:47,1.11.0,Free_feed,24,4.24,2,0,Pellet,Left,3,18,235,0,7.84,17,nan
2/4/2022 19:12:59,1.11.0,Free_feed,24,4.24,1,0,Pellet,Left,3,18,236,0,5.08,12,nan
2/4/2022 19:13:11,1.11.0,Free_feed,24,4.24,1,0,Pellet,Left,3,18,237,0,5.02,12,nan
2/4/2022 19:13:24,1.11.0,Free_feed,24,4.23,1,0,Pellet,Left,3,18,238,0,5.94,13,nan
2/4/2022 19:13:39,1.11.0,Free_feed,24,4.23,1,0,Pellet,Left,3,18,239,0,8.34,15,nan
2/4/2022 19:13:53,1.11.0,Free_feed,24,4.23,1,0,Pellet,Left,3,18,240,0,6.62,14,nan
2/4/2022 19:14:06,1.11.0,Free_feed,24,4.24,2,0,Pellet,Left,3,18,241,0,5.08,13,nan
2/4/2022 19:14:21,1.11.0,Free_feed,24,4.23,1,0,Pellet,Left,3,18,242,0,8.08,15,nan
2/4/2022 19:14:34,1.11.0,Free_feed,24,4.24,1,0,Pellet,Left,3,18,243,0,6.12,13,nan
2/4/2022 19:14:47,1.11.0,Free_feed,24,4.24,1,0,Pellet,Left,3,18,244,0,6.31,13,nan
2/4/2022 19:15:02,1.11.0,Free_feed,24,4.24,1,0,Pellet,Left,3,18,245,0,8.21,15,nan
2/4/2022 19:15:13,1.11.0,Free_feed,24,4.23,1,0,Pellet,Left,3,18,246,0,3.67,11,nan
2/4/2022 19:15:25,1.11.0,Free_feed,24,4.24,1,0,Pellet,Left,3,18,247,0,6.31,12,nan
2/4/2022 21:11:04,1.11.0,Free_feed,24,4.24,1,0,Pellet,Left,3,18,248,0,Timed_out,6939,nan
2/4/2022 21:11:08,1.11.0,Free_feed,24,4.23,1,0,Pellet,Left,3,18,249,0,0.06,4,nan
2/4/2022 21:19:01,1.11.0,Free_feed,24,4.23,1,0,Pellet,Left,3,18,250,0,Timed_out,473,nan
2/4/2022 21:23:08,1.11.0,Free_feed,24,4.23,1,0,Pellet,Left,3,18,251,0,Timed_out,247,nan
2/4/2022 21:23:23,1.11.0,Free_feed,24,4.24,2,0,Pellet,Left,3,18,252,0,6.99,15,nan
2/4/2022 21:23:34,1.11.0,Free_feed,24,4.24,2,0,Pellet,Left,3,18,253,0,1.77,11,nan
2/4/2022 21:23:43,1.11.0,Free_feed,24,4.24,1,0,Pellet,Left,3,18,254,0,1.83,9,nan
2/4/2022 21:23:56,1.11.0,Free_feed,24,4.23,1,0,Pellet,Left,3,18,255,0,5.76,13,nan
2/4/2022 21:24:06,1.11.0,Free_feed,24,4.24,2,0,Pellet,Left,3,18,256,0,0.67,10,nan
2/4/2022 21:24:17,1.11.0,Free_feed,24,4.23,1,0,Pellet,Left,3,18,257,0,4.59,11,nan
2/4/2022 21:24:30,1.11.0,Free_feed,24,4.24,1,0,Pellet,Left,3,18,258,0,6.80,13,nan
2/4/2022 21:24:42,1.11.0,Free_feed,24,4.24,1,0,Pellet,Left,3,18,259,0,4.22,12,nan
2/4/2022 21:24:53,1.11.0,Free_feed,24,4.24,1,0,Pellet,Left,3,18,260,0,4.35,11,nan
2/4/2022 21:25:04,1.11.0,Free_feed,24,4.24,1,0,Pellet,Left,3,18,261,0,4.22,11,nan
2/4/2022 21:25:16,1.11.0,Free_feed,24,4.24,1,0,Pellet,Left,3,18,262,0,5.88,12,nan
2/4/2022 21:25:29,1.11.0,Free_feed,24,4.24,1,0,Pellet,Left,3,18,263,0,6.00,13,nan
2/4/2022 21:25:41,1.11.0,Free_feed,24,4.24,1,0,Pellet,Left,3,18,264,0,4.53,12,nan
2/4/2022 21:25:53,1.11.0,Free_feed,24,4.24,2,0,Pellet,Left,3,18,265,0,5.70,12,nan
2/4/2022 21:39:33,1.11.0,Free_feed,24,4.24,1,0,Pellet,Left,3,18,266,0,Timed_out,820,nan
2/4/2022 21:39:45,1.11.0,Free_feed,24,4.24,1,0,Pellet,Left,3,18,267,0,4.84,12,nan
2/4/2022 21:39:58,1.11.0,Free_feed,24,4.23,1,0,Pellet,Left,3,18,268,0,5.57,13,nan
2/4/2022 21:40:56,1.11.0,Free_feed,24,4.23,1,0,Pellet,Left,3,18,269,0,51.20,58,nan
2/4/2022 21:41:08,1.11.0,Free_feed,24,4.24,1,0,Pellet,Left,3,18,270,0,5.94,12,nan
2/4/2022 21:41:19,1.11.0,Free_feed,24,4.23,1,0,Pellet,Left,3,18,271,0,3.79,11,nan
2/4/2022 21:41:20,1.11.0,Free_feed,24,4.24,1,0,Pellet,Left,3,18,272,0,0.06,1,nan
2/4/2022 21:50:19,1.11.0,Free_feed,24,4.23,3,0,LeftWithPellet,Left,4,18,272,0,nan,nan,0.09
2/4/2022 21:56:09,1.11.0,Free_feed,24,4.23,3,0,Pellet,Left,4,18,273,0,Timed_out,889,nan
2/4/2022 21:59:47,1.11.0,Free_feed,24,4.23,1,0,Pellet,Left,4,18,274,0,Timed_out,218,nan
2/4/2022 22:04:08,1.11.0,Free_feed,24,4.23,1,0,Pellet,Left,4,18,275,0,Timed_out,261,nan
2/4/2022 22:04:09,1.11.0,Free_feed,24,4.23,1,0,Pellet,Left,4,18,276,0,0.06,0,nan
2/4/2022 22:04:20,1.11.0,Free_feed,24,4.24,1,0,Pellet,Left,4,18,277,0,4.90,12,nan
2/4/2022 22:04:32,1.11.0,Free_feed,24,4.23,2,0,Pellet,Left,4,18,278,0,2.75,12,nan
2/4/2022 22:04:45,1.11.0,Free_feed,24,4.23,1,0,Pellet,Left,4,18,279,0,11.10,13,nan
2/4/2022 22:04:55,1.11.0,Free_feed,24,4.24,2,0,Pellet,Left,4,18,280,0,3.37,10,nan
2/4/2022 22:05:21,1.11.0,Free_feed,24,4.24,1,0,Pellet,Left,4,18,281,0,19.41,26,nan
2/4/2022 22:05:31,1.11.0,Free_feed,24,4.24,2,0,Pellet,Left,4,18,282,0,1.16,10,nan
2/4/2022 22:05:39,1.11.0,Free_feed,24,4.23,1,0,Pellet,Left,4,18,283,0,1.65,8,nan
2/4/2022 22:05:52,1.11.0,Free_feed,24,4.24,2,0,Pellet,Left,4,18,284,0,4.16,13,nan
2/4/2022 22:06:05,1.11.0,Free_feed,24,4.24,1,0,Pellet,Left,4,18,285,0,6.07,13,nan
2/4/2022 22:06:17,1.11.0,Free_feed,24,4.23,1,0,Pellet,Left,4,18,286,0,5.64,12,nan
2/4/2022 22:06:30,1.11.0,Free_feed,24,4.23,1,0,Pellet,Left,4,18,287,0,6.62,13,nan
2/4/2022 22:35:26,1.11.0,Free_feed,24,4.23,1,0,RightWithPellet,Left,4,19,287,0,nan,nan,0.19
2/4/2022 22:35:29,1.11.0,Free_feed,24,4.24,1,0,RightWithPellet,Left,4,20,287,0,nan,nan,0.11
2/4/2022 22:35:44,1.11.0,Free_feed,24,4.23,1,0,RightWithPellet,Left,4,21,287,0,nan,nan,0.27
2/4/2022 22:36:01,1.11.0,Free_feed,24,4.24,1,0,RightWithPellet,Left,4,22,287,0,nan,nan,0.09
2/4/2022 22:36:07,1.11.0,Free_feed,24,4.23,1,0,RightWithPellet,Left,4,23,287,0,nan,nan,0.03
2/4/2022 22:37:35,1.11.0,Free_feed,24,4.24,1,0,RightWithPellet,Left,4,24,287,0,nan,nan,0.17
2/4/2022 22:41:25,1.11.0,Free_feed,24,4.23,1,0,Pellet,Left,4,24,288,0,Timed_out,2095,nan
2/4/2022 22:44:37,1.11.0,Free_feed,24,4.24,1,0,Pellet,Left,4,24,289,0,Timed_out,192,nan
2/4/2022 22:44:51,1.11.0,Free_feed,24,4.24,1,0,Pellet,Left,4,24,290,0,7.48,14,nan
2/4/2022 22:45:08,1.11.0,Free_feed,24,4.24,1,0,Pellet,Left,4,24,291,0,10.42,17,nan
2/4/2022 22:45:16,1.11.0,Free_feed,24,4.23,1,0,Pellet,Left,4,24,292,0,1.77,8,nan
2/4/2022 22:45:26,1.11.0,Free_feed,24,4.24,1,0,Pellet,Left,4,24,293,0,3.12,10,nan
2/4/2022 22:45:38,1.11.0,Free_feed,24,4.24,1,0,Pellet,Left,4,24,294,0,5.21,12,nan
2/4/2022 22:45:49,1.11.0,Free_feed,24,4.24,2,0,Pellet,Left,4,24,295,0,2.38,11,nan
2/4/2022 22:46:06,1.11.0,Free_feed,24,4.24,6,0,Pellet,Left,4,24,296,0,1.59,17,nan
2/4/2022 22:47:12,1.11.0,Free_feed,24,4.24,7,0,Pellet,Left,4,24,297,0,47.95,65,nan
2/4/2022 22:54:29,1.11.0,Free_feed,24,4.24,3,0,Pellet,Left,4,24,298,0,Timed_out,438,nan
2/4/2022 23:27:18,1.11.0,Free_feed,24,4.23,1,0,Pellet,Left,4,24,299,0,Timed_out,1969,nan
2/4/2022 23:27:28,1.11.0,Free_feed,24,4.23,1,0,Pellet,Left,4,24,300,0,3.31,10,nan
2/4/2022 23:27:41,1.11.0,Free_feed,24,4.24,4,0,Pellet,Left,4,24,301,0,2.08,13,nan
2/4/2022 23:27:53,1.11.0,Free_feed,24,4.24,4,0,Pellet,Left,4,24,302,0,1.16,12,nan
2/4/2022 23:28:07,1.11.0,Free_feed,24,4.23,1,0,Pellet,Left,4,24,303,0,7.84,14,nan
2/4/2022 23:28:21,1.11.0,Free_feed,24,4.23,2,0,Pellet,Left,4,24,304,0,3.86,14,nan
2/4/2022 23:28:33,1.11.0,Free_feed,24,4.23,1,0,Pellet,Left,4,24,305,0,5.21,12,nan
2/4/2022 23:28:45,1.11.0,Free_feed,24,4.24,1,0,Pellet,Left,4,24,306,0,5.58,12,nan
2/4/2022 23:28:58,1.11.0,Free_feed,24,4.24,4,0,Pellet,Left,4,24,307,0,0.30,13,nan
2/4/2022 23:29:09,1.11.0,Free_feed,24,4.23,3,0,Pellet,Left,4,24,308,0,0.06,10,nan
2/4/2022 23:29:18,1.11.0,Free_feed,24,4.24,1,0,Pellet,Left,4,24,309,0,2.69,10,nan
2/4/2022 23:29:27,1.11.0,Free_feed,24,4.23,1,0,Pellet,Left,4,24,310,0,2.63,9,nan
2/4/2022 23:29:41,1.11.0,Free_feed,24,4.24,3,0,Pellet,Left,4,24,311,0,2.75,13,nan
2/4/2022 23:29:51,1.11.0,Free_feed,24,4.24,1,0,Pellet,Left,4,24,312,0,2.81,10,nan
2/4/2022 23:31:30,1.11.0,Free_feed,24,4.25,1,0,Pellet,Left,4,24,313,0,Timed_out,100,nan
2/4/2022 23:31:54,1.11.0,Free_feed,24,4.24,1,0,Pellet,Left,4,24,314,0,17.37,24,nan
2/4/2022 23:34:42,1.11.0,Free_feed,24,4.23,1,0,RightWithPellet,Left,4,25,314,0,nan,nan,2.29
2/4/2022 23:47:04,1.11.0,Free_feed,24,4.23,1,0,RightWithPellet,Left,4,26,314,0,nan,nan,0.18
2/5/2022 0:04:46,1.11.0,Free_feed,24,4.24,1,0,Pellet,Left,4,26,315,0,Timed_out,1972,nan
2/5/2022 0:06:05,1.11.0,Free_feed,24,4.23,1,0,Pellet,Left,4,26,316,0,Timed_out,79,nan
2/5/2022 0:16:51,1.11.0,Free_feed,24,4.23,1,0,Pellet,Left,4,26,317,0,Timed_out,646,nan
2/5/2022 0:17:01,1.11.0,Free_feed,24,4.24,1,0,Pellet,Left,4,26,318,0,3.61,10,nan
2/5/2022 0:17:14,1.11.0,Free_feed,24,4.23,2,0,Pellet,Left,4,26,319,0,4.10,13,nan
2/5/2022 0:17:26,1.11.0,Free_feed,24,4.23,1,0,Pellet,Left,4,26,320,0,5.02,12,nan
2/5/2022 0:17:37,1.11.0,Free_feed,24,4.23,2,0,Pellet,Left,4,26,321,0,2.44,11,nan
2/5/2022 0:17:49,1.11.0,Free_feed,24,4.23,1,0,Pellet,Left,4,26,322,0,5.08,12,nan
2/5/2022 0:18:00,1.11.0,Free_feed,24,4.24,1,0,Pellet,Left,4,26,323,0,3.92,11,nan
2/5/2022 0:18:13,1.11.0,Free_feed,24,4.23,2,0,Pellet,Left,4,26,324,0,4.04,13,nan
2/5/2022 0:26:16,1.11.0,Free_feed,24,4.23,1,0,Pellet,Left,4,26,325,0,Timed_out,483,nan
2/5/2022 0:48:50,1.11.0,Free_feed,24,4.23,1,0,Pellet,Left,4,26,326,0,Timed_out,1354,nan
2/5/2022 0:49:09,1.11.0,Free_feed,24,4.23,1,0,Pellet,Left,4,26,327,0,11.96,19,nan
2/5/2022 0:49:16,1.11.0,Free_feed,24,4.24,1,0,Pellet,Left,4,26,328,0,0.48,7,nan
2/5/2022 0:49:29,1.11.0,Free_feed,24,4.24,1,0,Pellet,Left,4,26,329,0,6.00,13,nan
2/5/2022 0:49:41,1.11.0,Free_feed,24,4.23,1,0,Pellet,Left,4,26,330,0,5.57,12,nan
2/5/2022 1:54:41,1.11.0,Free_feed,24,4.23,1,0,RightWithPellet,Left,4,27,330,0,nan,nan,0.64
2/5/2022 1:54:50,1.11.0,Free_feed,24,4.23,1,0,LeftWithPellet,Left,5,27,330,0,nan,nan,0.18
2/5/2022 1:55:49,1.11.0,Free_feed,24,4.23,1,0,RightWithPellet,Left,5,28,330,0,nan,nan,0.17
2/5/2022 1:58:18,1.11.0,Free_feed,24,4.23,1,0,Pellet,Left,5,28,331,0,Timed_out,4117,nan
2/5/2022 1:59:51,1.11.0,Free_feed,24,4.24,1,0,Pellet,Left,5,28,332,0,Timed_out,93,nan
2/5/2022 2:00:01,1.11.0,Free_feed,24,4.23,2,0,Pellet,Left,5,28,333,0,0.85,10,nan
2/5/2022 2:00:12,1.11.0,Free_feed,24,4.24,2,0,Pellet,Left,5,28,334,0,2.14,11,nan
2/5/2022 2:00:24,1.11.0,Free_feed,24,4.23,1,0,Pellet,Left,5,28,335,0,4.90,12,nan
2/5/2022 2:00:34,1.11.0,Free_feed,24,4.24,1,0,Pellet,Left,5,28,336,0,2.63,10,nan
2/5/2022 2:00:50,1.11.0,Free_feed,24,4.23,1,0,Pellet,Left,5,28,337,0,9.75,16,nan
2/5/2022 2:00:57,1.11.0,Free_feed,24,4.24,1,0,Pellet,Left,5,28,338,0,0.48,7,nan
2/5/2022 2:01:09,1.11.0,Free_feed,24,4.24,1,0,Pellet,Left,5,28,339,0,4.59,12,nan
2/5/2022 2:01:21,1.11.0,Free_feed,24,4.23,2,0,Pellet,Left,5,28,340,0,3.49,12,nan
2/5/2022 2:01:30,1.11.0,Free_feed,24,4.24,1,0,Pellet,Left,5,28,341,0,3.12,9,nan
2/5/2022 2:01:43,1.11.0,Free_feed,24,4.24,1,0,Pellet,Left,5,28,342,0,5.69,13,nan
2/5/2022 2:01:53,1.11.0,Free_feed,24,4.24,1,0,Pellet,Left,5,28,343,0,4.29,10,nan
2/5/2022 2:02:04,1.11.0,Free_feed,24,4.24,1,0,Pellet,Left,5,28,344,0,3.61,11,nan
2/5/2022 2:02:16,1.11.0,Free_feed,24,4.24,1,0,Pellet,Left,5,28,345,0,6.37,12,nan
2/5/2022 2:02:28,1.11.0,Free_feed,24,4.24,1,0,Pellet,Left,5,28,346,0,4.90,12,nan
2/5/2022 2:02:42,1.11.0,Free_feed,24,4.23,1,0,Pellet,Left,5,28,347,0,7.36,14,nan
2/5/2022 2:49:11,1.11.0,Free_feed,24,4.23,1,0,Pellet,Left,5,28,348,0,Timed_out,2789,nan
2/5/2022 2:49:21,1.11.0,Free_feed,24,4.24,1,0,Pellet,Left,5,28,349,0,2.87,10,nan
2/5/2022 2:49:33,1.11.0,Free_feed,24,4.24,1,0,Pellet,Left,5,28,350,0,5.08,12,nan
2/5/2022 3:27:23,1.11.0,Free_feed,24,4.23,2,0,Pellet,Left,5,28,351,0,Timed_out,2270,nan
2/5/2022 3:27:44,1.11.0,Free_feed,24,4.24,1,0,Pellet,Left,5,28,352,0,13.68,21,nan
2/5/2022 3:27:54,1.11.0,Free_feed,24,4.23,1,0,Pellet,Left,5,28,353,0,3.49,10,nan
2/5/2022 3:28:09,1.11.0,Free_feed,24,4.24,1,0,Pellet,Left,5,28,354,0,8.89,15,nan
2/5/2022 3:28:24,1.11.0,Free_feed,24,4.24,1,0,Pellet,Left,5,28,355,0,7.54,15,nan
2/5/2022 3:28:41,1.11.0,Free_feed,24,4.24,1,0,Pellet,Left,5,28,356,0,10.62,17,nan
2/5/2022 3:28:55,1.11.0,Free_feed,24,4.23,1,0,Pellet,Left,5,28,357,0,7.79,14,nan
2/5/2022 3:29:02,1.11.0,Free_feed,24,4.23,1,0,Pellet,Left,5,28,358,0,0.42,7,nan
2/5/2022 5:29:58,1.11.0,Free_feed,24,4.23,1,0,Pellet,Left,5,28,359,0,Timed_out,7256,nan
2/5/2022 5:30:48,1.11.0,Free_feed,24,4.23,1,0,Pellet,Left,5,28,360,0,44.25,50,nan
2/5/2022 5:31:03,1.11.0,Free_feed,24,4.24,1,0,Pellet,Left,5,28,361,0,8.03,15,nan
2/5/2022 5:31:12,1.11.0,Free_feed,24,4.23,1,0,Pellet,Left,5,28,362,0,2.69,9,nan
2/5/2022 5:31:28,1.11.0,Free_feed,24,4.23,2,0,Pellet,Left,5,28,363,0,7.66,16,nan
2/5/2022 5:31:41,1.11.0,Free_feed,24,4.24,1,0,Pellet,Left,5,28,364,0,6.31,13,nan
2/5/2022 5:31:51,1.11.0,Free_feed,24,4.24,1,0,Pellet,Left,5,28,365,0,3.30,10,nan
2/5/2022 5:32:05,1.11.0,Free_feed,24,4.24,1,0,Pellet,Left,5,28,366,0,8.28,14,nan
2/5/2022 5:32:13,1.11.0,Free_feed,24,4.23,1,0,Pellet,Left,5,28,367,0,1.22,8,nan
2/5/2022 5:43:33,1.11.0,Free_feed,24,4.23,1,0,RightWithPellet,Left,5,29,367,0,nan,nan,0.19
2/5/2022 5:46:09,1.11.0,Free_feed,24,4.24,1,0,Pellet,Left,5,29,368,0,Timed_out,836,nan
2/5/2022 5:46:35,1.11.0,Free_feed,24,4.23,1,0,Pellet,Left,5,29,369,0,19.91,26,nan
2/5/2022 5:46:47,1.11.0,Free_feed,24,4.24,1,0,Pellet,Left,5,29,370,0,4.22,12,nan
2/5/2022 5:47:00,1.11.0,Free_feed,24,4.24,1,0,Pellet,Left,5,29,371,0,6.00,12,nan
2/5/2022 5:47:12,1.11.0,Free_feed,24,4.23,2,0,Pellet,Left,5,29,372,0,4.78,12,nan
2/5/2022 5:47:22,1.11.0,Free_feed,24,4.24,1,0,Pellet,Left,5,29,373,0,3.49,11,nan
2/5/2022 5:47:33,1.11.0,Free_feed,24,4.23,1,0,Pellet,Left,5,29,374,0,4.10,11,nan
2/5/2022 5:47:46,1.11.0,Free_feed,24,4.24,1,0,Pellet,Left,5,29,375,0,6.06,13,nan
2/5/2022 5:47:57,1.11.0,Free_feed,24,4.24,1,0,Pellet,Left,5,29,376,0,4.41,11,nan
2/5/2022 5:48:10,1.11.0,Free_feed,24,4.23,1,0,Pellet,Left,5,29,377,0,6.43,13,nan
2/5/2022 5:48:22,1.11.0,Free_feed,24,4.24,1,0,Pellet,Left,5,29,378,0,5.94,12,nan
2/5/2022 5:48:36,1.11.0,Free_feed,24,4.24,1,0,Pellet,Left,5,29,379,0,6.37,14,nan
2/5/2022 7:22:06,1.11.0,Free_feed,24,4.23,1,0,RightWithPellet,Left,5,30,379,0,nan,nan,0.09
2/5/2022 7:22:12,1.11.0,Free_feed,24,4.23,1,0,Pellet,Left,5,30,380,0,Timed_out,5616,nan
2/5/2022 7:22:20,1.11.0,Free_feed,24,4.24,2,0,Pellet,Left,5,30,381,0,0.06,8,nan
2/5/2022 7:22:28,1.11.0,Free_feed,24,4.24,1,0,Pellet,Left,5,30,382,0,2.75,8,nan
2/5/2022 7:22:37,1.11.0,Free_feed,24,4.23,1,0,Pellet,Left,5,30,383,0,1.71,9,nan
2/5/2022 7:22:47,1.11.0,Free_feed,24,4.24,1,0,Pellet,Left,5,30,384,0,3.67,10,nan
2/5/2022 7:23:01,1.11.0,Free_feed,24,4.23,1,0,Pellet,Left,5,30,385,0,7.36,14,nan
2/5/2022 7:23:09,1.11.0,Free_feed,24,4.24,2,0,Pellet,Left,5,30,386,0,1.40,8,nan
2/5/2022 7:23:17,1.11.0,Free_feed,24,4.23,1,0,Pellet,Left,5,30,387,0,0.97,8,nan
2/5/2022 7:23:28,1.11.0,Free_feed,24,4.24,2,0,Pellet,Left,5,30,388,0,2.02,11,nan
2/5/2022 7:23:46,1.11.0,Free_feed,24,4.24,1,0,Pellet,Left,5,30,389,0,11.41,18,nan
2/5/2022 7:23:59,1.11.0,Free_feed,24,4.24,1,0,RightWithPellet,Left,5,31,389,0,nan,nan,0.02
2/5/2022 8:49:36,1.11.0,Free_feed,24,4.23,1,0,Pellet,Left,5,31,390,0,Timed_out,5150,nan
2/5/2022 8:49:52,1.11.0,Free_feed,24,4.23,1,0,Pellet,Left,5,31,391,0,8.77,16,nan
2/5/2022 8:50:05,1.11.0,Free_feed,24,4.24,2,0,Pellet,Left,5,31,392,0,5.27,13,nan
2/5/2022 8:50:19,1.11.0,Free_feed,24,4.24,1,0,Pellet,Left,5,31,393,0,6.87,14,nan
2/5/2022 8:50:32,1.11.0,Free_feed,24,4.23,1,0,Pellet,Left,5,31,394,0,5.51,13,nan
2/5/2022 8:50:44,1.11.0,Free_feed,24,4.24,1,0,Pellet,Left,5,31,395,0,6.25,12,nan
2/5/2022 8:51:00,1.11.0,Free_feed,24,4.24,1,0,Pellet,Left,5,31,396,0,8.83,16,nan
2/5/2022 8:51:11,1.11.0,Free_feed,24,4.25,1,0,Pellet,Left,5,31,397,0,4.04,11,nan
2/5/2022 8:51:28,1.11.0,Free_feed,24,4.24,1,0,Pellet,Left,5,31,398,0,9.57,17,nan
2/5/2022 8:51:42,1.11.0,Free_feed,24,4.23,2,0,Pellet,Left,5,31,399,0,8.15,14,nan
2/5/2022 8:51:58,1.11.0,Free_feed,24,4.24,1,0,Pellet,Left,5,31,400,0,9.38,16,nan
2/5/2022 8:52:12,1.11.0,Free_feed,24,4.24,4,0,Pellet,Left,5,31,401,0,0.97,14,nan
2/5/2022 8:52:28,1.11.0,Free_feed,24,4.23,1,0,Pellet,Left,5,31,402,0,8.46,15,nan
2/5/2022 12:06:24,1.11.0,Free_feed,24,4.23,1,0,Pellet,Left,5,31,403,0,Timed_out,11637,nan
2/5/2022 12:06:45,1.11.0,Free_feed,24,4.24,1,0,Pellet,Left,5,31,404,0,13.74,21,nan
2/5/2022 12:06:57,1.11.0,Free_feed,24,4.24,1,0,Pellet,Left,5,31,405,0,5.63,12,nan
2/5/2022 12:07:11,1.11.0,Free_feed,24,4.24,1,0,Pellet,Left,5,31,406,0,12.45,14,nan
2/5/2022 12:07:25,1.11.0,Free_feed,24,4.24,1,0,Pellet,Left,5,31,407,0,6.31,14,nan
2/5/2022 12:07:38,1.11.0,Free_feed,24,4.23,1,0,Pellet,Left,5,31,408,0,6.37,13,nan
2/5/2022 12:07:56,1.11.0,Free_feed,24,4.23,1,0,Pellet,Left,5,31,409,0,11.90,18,nan
2/5/2022 12:08:16,1.11.0,Free_feed,24,4.24,1,0,Pellet,Left,5,31,410,0,12.45,20,nan
2/5/2022 12:08:30,1.11.0,Free_feed,24,4.24,1,0,Pellet,Left,5,31,411,0,7.04,13,nan
2/5/2022 12:08:43,1.11.0,Free_feed,24,4.23,1,0,Pellet,Left,5,31,412,0,6.25,14,nan
2/5/2022 12:08:58,1.11.0,Free_feed,24,4.23,1,0,Pellet,Left,5,31,413,0,8.15,15,nan
2/5/2022 14:16:48,1.11.0,Free_feed,24,4.23,2,0,Pellet,Left,5,31,414,0,Timed_out,7670,nan
2/5/2022 14:51:45,1.11.0,Free_feed,24,4.24,10,0,RightWithPellet,Left,5,32,414,0,nan,nan,0.30
2/5/2022 16:47:16,1.11.0,Free_feed,24,4.23,10,0,Pellet,Left,5,32,415,0,Timed_out,9028,nan
2/5/2022 16:47:30,1.11.0,Free_feed,24,4.23,2,0,Pellet,Left,5,32,416,0,6.37,14,nan
2/5/2022 16:47:42,1.11.0,Free_feed,24,4.23,1,0,Pellet,Left,5,32,417,0,5.51,12,nan
2/5/2022 16:47:55,1.11.0,Free_feed,24,4.23,1,0,Pellet,Left,5,32,418,0,7.11,13,nan
2/5/2022 16:48:08,1.11.0,Free_feed,24,4.23,1,0,Pellet,Left,5,32,419,0,5.57,13,nan
2/5/2022 16:48:21,1.11.0,Free_feed,24,4.23,1,0,Pellet,Left,5,32,420,0,6.86,13,nan
2/5/2022 16:48:34,1.11.0,Free_feed,24,4.23,1,0,Pellet,Left,5,32,421,0,5.51,13,nan
2/5/2022 16:48:48,1.11.0,Free_feed,24,4.23,1,0,Pellet,Left,5,32,422,0,8.09,14,nan
2/5/2022 16:49:01,1.11.0,Free_feed,24,4.23,1,0,Pellet,Left,5,32,423,0,5.33,12,nan
2/5/2022 16:49:15,1.11.0,Free_feed,24,4.23,2,0,Pellet,Left,5,32,424,0,5.51,15,nan
2/5/2022 16:49:28,1.11.0,Free_feed,24,4.24,1,0,Pellet,Left,5,32,425,0,7.29,13,nan
2/5/2022 16:49:40,1.11.0,Free_feed,24,4.24,1,0,Pellet,Left,5,32,426,0,5.02,12,nan
2/5/2022 19:05:23,1.11.0,Free_feed,24,4.23,1,0,Pellet,Left,5,32,427,0,Timed_out,8143,nan
2/5/2022 19:05:42,1.11.0,Free_feed,24,4.24,1,0,Pellet,Left,5,32,428,0,11.59,19,nan
2/5/2022 19:05:57,1.11.0,Free_feed,24,4.24,1,0,Pellet,Left,5,32,429,0,8.77,15,nan
2/5/2022 19:06:15,1.11.0,Free_feed,24,4.24,1,0,Pellet,Left,5,32,430,0,11.10,18,nan
2/5/2022 19:06:29,1.11.0,Free_feed,24,4.24,1,0,Pellet,Left,5,32,431,0,7.17,14,nan
2/5/2022 20:06:18,1.11.0,Free_feed,24,4.23,2,0,Pellet,Left,5,32,432,0,Timed_out,3588,nan
2/5/2022 20:06:34,1.11.0,Free_feed,24,4.24,2,0,Pellet,Left,5,32,433,0,7.36,17,nan
2/5/2022 20:06:48,1.11.0,Free_feed,24,4.24,2,0,Pellet,Left,5,32,434,0,5.63,14,nan
2/5/2022 20:07:01,1.11.0,Free_feed,24,4.24,1,0,Pellet,Left,5,32,435,0,6.25,13,nan
2/5/2022 20:07:13,1.11.0,Free_feed,24,4.24,2,0,Pellet,Left,5,32,436,0,3.24,12,nan
2/5/2022 20:07:32,1.11.0,Free_feed,24,4.23,1,0,Pellet,Left,5,32,437,0,12.39,19,nan
2/5/2022 21:00:49,1.11.0,Free_feed,24,4.23,2,0,Pellet,Left,5,32,438,0,Timed_out,3197,nan
2/5/2022 21:02:34,1.11.0,Free_feed,24,4.24,1,0,Pellet,Left,5,32,439,0,Timed_out,105,nan
2/5/2022 21:06:25,1.11.0,Free_feed,24,4.23,1,0,RightWithPellet,Left,5,33,439,0,nan,nan,0.18
2/5/2022 21:14:22,1.11.0,Free_feed,24,4.23,1,0,Pellet,Left,5,33,440,0,Timed_out,708,nan
2/5/2022 21:14:35,1.11.0,Free_feed,24,4.24,2,0,Pellet,Left,5,33,441,0,3.91,13,nan
2/5/2022 21:14:44,1.11.0,Free_feed,24,4.24,1,0,Pellet,Left,5,33,442,0,2.01,9,nan
2/5/2022 21:14:55,1.11.0,Free_feed,24,4.23,1,0,Pellet,Left,5,33,443,0,4.28,11,nan
2/5/2022 21:15:09,1.11.0,Free_feed,24,4.23,1,0,Pellet,Left,5,33,444,0,7.60,14,nan
2/5/2022 21:15:20,1.11.0,Free_feed,24,4.23,1,0,Pellet,Left,5,33,445,0,4.28,11,nan
2/5/2022 21:15:33,1.11.0,Free_feed,24,4.23,1,0,Pellet,Left,5,33,446,0,6.06,13,nan
2/5/2022 21:15:44,1.11.0,Free_feed,24,4.23,1,0,Pellet,Left,5,33,447,0,3.92,11,nan
2/5/2022 21:15:56,1.11.0,Free_feed,24,4.24,1,0,Pellet,Left,5,33,448,0,5.57,12,nan
2/5/2022 21:16:09,1.11.0,Free_feed,24,4.24,1,0,Pellet,Left,5,33,449,0,6.00,13,nan
2/5/2022 21:17:34,1.11.0,Free_feed,24,4.24,1,0,Pellet,Left,5,33,450,0,Timed_out,84,nan
2/5/2022 21:29:26,1.11.0,Free_feed,24,4.23,1,0,Pellet,Left,5,33,451,0,Timed_out,713,nan
2/5/2022 21:29:38,1.11.0,Free_feed,24,4.23,1,0,Pellet,Left,5,33,452,0,5.08,12,nan
2/5/2022 21:29:53,1.11.0,Free_feed,24,4.24,1,0,Pellet,Left,5,33,453,0,7.85,15,nan
2/5/2022 21:30:05,1.11.0,Free_feed,24,4.24,1,0,Pellet,Left,5,33,454,0,4.71,11,nan
2/5/2022 21:48:40,1.11.0,Free_feed,24,4.23,1,0,Pellet,Left,5,33,455,0,Timed_out,1116,nan
2/5/2022 21:48:50,1.11.0,Free_feed,24,4.24,2,0,Pellet,Left,5,33,456,0,2.87,10,nan
2/5/2022 21:49:10,1.11.0,Free_feed,24,4.24,6,0,Pellet,Left,5,33,457,0,1.95,20,nan
2/5/2022 21:49:19,1.11.0,Free_feed,24,4.24,1,0,Pellet,Left,5,33,458,0,1.89,9,nan
2/5/2022 21:49:31,1.11.0,Free_feed,24,4.24,1,0,Pellet,Left,5,33,459,0,4.90,12,nan
2/5/2022 21:49:42,1.11.0,Free_feed,24,4.23,2,0,Pellet,Left,5,33,460,0,1.71,10,nan
2/5/2022 21:49:54,1.11.0,Free_feed,24,4.23,1,0,Pellet,Left,5,33,461,0,5.76,13,nan
2/5/2022 21:50:07,1.11.0,Free_feed,24,4.24,1,0,Pellet,Left,5,33,462,0,6.68,12,nan
2/5/2022 21:50:19,1.11.0,Free_feed,24,4.23,1,0,Pellet,Left,5,33,463,0,6.07,13,nan
2/5/2022 21:53:45,1.11.0,Free_feed,24,4.23,1,0,Pellet,Left,5,33,464,0,Timed_out,205,nan
2/5/2022 22:11:24,1.11.0,Free_feed,24,4.23,2,0,Pellet,Left,5,33,465,0,Timed_out,1060,nan
2/5/2022 22:11:55,1.11.0,Free_feed,24,4.24,1,0,Pellet,Left,5,33,466,0,23.84,31,nan
2/5/2022 22:12:07,1.11.0,Free_feed,24,4.23,1,0,Pellet,Left,5,33,467,0,4.65,11,nan
2/5/2022 22:12:20,1.11.0,Free_feed,24,4.23,1,0,Pellet,Left,5,33,468,0,6.62,13,nan
2/5/2022 22:18:17,1.11.0,Free_feed,24,4.23,2,0,RightWithPellet,Left,5,34,468,0,nan,nan,0.10
2/5/2022 22:25:04,1.11.0,Free_feed,24,4.23,2,0,Pellet,Left,5,34,469,0,Timed_out,765,nan
2/5/2022 22:26:15,1.11.0,Free_feed,24,4.23,1,0,Pellet,Left,5,34,470,0,Timed_out,71,nan
2/5/2022 22:28:20,1.11.0,Free_feed,24,4.24,1,0,Pellet,Left,5,34,471,0,Timed_out,125,nan
2/5/2022 22:28:34,1.11.0,Free_feed,24,4.23,1,0,Pellet,Left,5,34,472,0,8.52,14,nan
2/5/2022 22:28:47,1.11.0,Free_feed,24,4.23,1,0,Pellet,Left,5,34,473,0,5.95,13,nan
2/5/2022 22:29:00,1.11.0,Free_feed,24,4.24,4,0,Pellet,Left,5,34,474,0,1.65,13,nan
2/5/2022 22:29:12,1.11.0,Free_feed,24,4.23,2,0,Pellet,Left,5,34,475,0,4.90,12,nan
2/5/2022 22:29:25,1.11.0,Free_feed,24,4.23,2,0,Pellet,Left,5,34,476,0,5.88,13,nan
2/5/2022 23:04:56,1.11.0,Free_feed,24,4.23,1,0,Pellet,Left,5,34,477,0,Timed_out,2131,nan
2/5/2022 23:05:08,1.11.0,Free_feed,24,4.23,1,0,Pellet,Left,5,34,478,0,6.00,12,nan
2/5/2022 23:05:15,1.11.0,Free_feed,24,4.24,2,0,Pellet,Left,5,34,479,0,0.06,7,nan
2/5/2022 23:05:22,1.11.0,Free_feed,24,4.24,2,0,Pellet,Left,5,34,480,0,0.06,7,nan
2/5/2022 23:05:29,1.11.0,Free_feed,24,4.23,1,0,Pellet,Left,5,34,481,0,0.55,7,nan
2/5/2022 23:05:40,1.11.0,Free_feed,24,4.23,2,0,Pellet,Left,5,34,482,0,2.14,11,nan
2/5/2022 23:05:53,1.11.0,Free_feed,24,4.24,1,0,Pellet,Left,5,34,483,0,5.58,13,nan
2/5/2022 23:06:06,1.11.0,Free_feed,24,4.23,1,0,Pellet,Left,5,34,484,0,6.80,13,nan
2/5/2022 23:06:19,1.11.0,Free_feed,24,4.24,1,0,Pellet,Left,5,34,485,0,6.43,13,nan
2/5/2022 23:06:32,1.11.0,Free_feed,24,4.24,3,0,Pellet,Left,5,34,486,0,1.71,13,nan
2/5/2022 23:06:41,1.11.0,Free_feed,24,4.24,1,0,Pellet,Left,5,34,487,0,1.52,8,nan
2/5/2022 23:06:55,1.11.0,Free_feed,24,4.24,1,0,Pellet,Left,5,34,488,0,8.28,15,nan
2/5/2022 23:15:27,1.11.0,Free_feed,24,4.24,1,0,RightWithPellet,Left,5,35,488,0,nan,nan,0.64
2/5/2022 23:29:11,1.11.0,Free_feed,24,4.24,1,0,Pellet,Left,5,35,489,0,Timed_out,1336,nan
2/5/2022 23:29:30,1.11.0,Free_feed,24,4.23,2,0,Pellet,Left,5,35,490,0,11.35,19,nan
2/5/2022 23:29:38,1.11.0,Free_feed,24,4.23,1,0,Pellet,Left,5,35,491,0,0.73,8,nan
2/5/2022 23:29:51,1.11.0,Free_feed,24,4.23,1,0,Pellet,Left,5,35,492,0,6.68,13,nan
2/5/2022 23:30:02,1.11.0,Free_feed,24,4.24,1,0,Pellet,Left,5,35,493,0,5.33,11,nan
2/5/2022 23:30:12,1.11.0,Free_feed,24,4.23,3,0,Pellet,Left,5,35,494,0,0.36,10,nan
2/5/2022 23:30:20,1.11.0,Free_feed,24,4.24,1,0,Pellet,Left,5,35,495,0,2.32,8,nan
2/5/2022 23:30:34,1.11.0,Free_feed,24,4.23,1,0,Pellet,Left,5,35,496,0,6.74,14,nan
2/5/2022 23:30:44,1.11.0,Free_feed,24,4.24,1,0,Pellet,Left,5,35,497,0,2.87,10,nan
2/5/2022 23:30:54,1.11.0,Free_feed,24,4.24,1,0,Pellet,Left,5,35,498,0,2.50,10,nan
2/5/2022 23:32:10,1.11.0,Free_feed,24,4.24,3,0,Pellet,Left,5,35,499,0,Timed_out,76,nan
2/5/2022 23:48:24,1.11.0,Free_feed,24,4.23,2,0,Pellet,Left,5,35,500,0,Timed_out,974,nan
2/5/2022 23:53:54,1.11.0,Free_feed,24,4.24,1,0,Pellet,Left,5,35,501,0,Timed_out,330,nan
2/5/2022 23:54:03,1.11.0,Free_feed,24,4.23,1,0,Pellet,Left,5,35,502,0,1.40,8,nan
2/6/2022 0:04:03,1.11.0,Free_feed,24,4.23,1,0,RightWithPellet,Left,5,36,502,0,nan,nan,0.20
2/6/2022 0:57:43,1.11.0,Free_feed,24,4.23,1,0,Pellet,Left,5,36,503,0,Timed_out,3820,nan
2/6/2022 0:57:56,1.11.0,Free_feed,24,4.24,1,0,Pellet,Left,5,36,504,0,6.68,14,nan
2/6/2022 0:58:09,1.11.0,Free_feed,24,4.24,1,0,Pellet,Left,5,36,505,0,7.11,13,nan
2/6/2022 0:58:21,1.11.0,Free_feed,24,4.24,1,0,Pellet,Left,5,36,506,0,4.22,11,nan
2/6/2022 0:58:33,1.11.0,Free_feed,24,4.23,2,0,Pellet,Left,5,36,507,0,5.33,13,nan
2/6/2022 0:58:46,1.11.0,Free_feed,24,4.24,2,0,Pellet,Left,5,36,508,0,6.68,13,nan
2/6/2022 0:59:00,1.11.0,Free_feed,24,4.24,1,0,Pellet,Left,5,36,509,0,6.93,14,nan
2/6/2022 0:59:16,1.11.0,Free_feed,24,4.23,1,0,Pellet,Left,5,36,510,0,8.28,16,nan
2/6/2022 0:59:29,1.11.0,Free_feed,24,4.24,3,0,Pellet,Left,5,36,511,0,2.26,13,nan
2/6/2022 0:59:44,1.11.0,Free_feed,24,4.24,1,0,Pellet,Left,5,36,512,0,8.83,15,nan
2/6/2022 0:59:57,1.11.0,Free_feed,24,4.25,2,0,Pellet,Left,5,36,513,0,3.67,13,nan
2/6/2022 1:00:13,1.11.0,Free_feed,24,4.23,1,0,Pellet,Left,5,36,514,0,9.56,16,nan
2/6/2022 1:00:25,1.11.0,Free_feed,24,4.24,2,0,Pellet,Left,5,36,515,0,3.98,12,nan
2/6/2022 1:00:39,1.11.0,Free_feed,24,4.23,1,0,Pellet,Left,5,36,516,0,6.98,14,nan
2/6/2022 1:00:53,1.11.0,Free_feed,24,4.24,1,0,Pellet,Left,5,36,517,0,6.49,14,nan
2/6/2022 1:01:04,1.11.0,Free_feed,24,4.23,1,0,Pellet,Left,5,36,518,0,5.14,11,nan
2/6/2022 1:01:17,1.11.0,Free_feed,24,4.24,1,0,Pellet,Left,5,36,519,0,5.33,13,nan
2/6/2022 1:28:17,1.11.0,Free_feed,24,4.24,1,0,RightWithPellet,Left,5,37,519,0,nan,nan,0.30
2/6/2022 1:28:18,1.11.0,Free_feed,24,4.24,1,0,RightWithPellet,Left,5,38,519,0,nan,nan,0.12
2/6/2022 1:50:21,1.11.0,Free_feed,24,4.24,1,0,Pellet,Left,5,38,520,0,Timed_out,2944,nan
2/6/2022 1:50:34,1.11.0,Free_feed,24,4.24,3,0,Pellet,Left,5,38,521,0,1.16,13,nan
2/6/2022 1:50:47,1.11.0,Free_feed,24,4.24,2,0,Pellet,Left,5,38,522,0,6.06,13,nan
2/6/2022 1:50:57,1.11.0,Free_feed,24,4.23,3,0,Pellet,Left,5,38,523,0,1.40,10,nan
2/6/2022 1:51:08,1.11.0,Free_feed,24,4.24,2,0,Pellet,Left,5,38,524,0,1.52,11,nan
2/6/2022 1:51:20,1.11.0,Free_feed,24,4.23,1,0,Pellet,Left,5,38,525,0,5.63,12,nan
2/6/2022 1:51:34,1.11.0,Free_feed,24,4.24,1,0,Pellet,Left,5,38,526,0,7.48,14,nan
2/6/2022 1:51:48,1.11.0,Free_feed,24,4.24,1,0,Pellet,Left,5,38,527,0,7.11,13,nan
2/6/2022 1:52:01,1.11.0,Free_feed,24,4.24,1,0,Pellet,Left,5,38,528,0,6.19,14,nan
2/6/2022 1:52:09,1.11.0,Free_feed,24,4.24,1,0,Pellet,Left,5,38,529,0,1.10,7,nan
2/6/2022 2:38:32,1.11.0,Free_feed,24,4.23,6,0,RightWithPellet,Left,5,39,529,0,nan,nan,0.15
2/6/2022 2:49:21,1.11.0,Free_feed,24,4.23,6,0,Pellet,Left,5,39,530,0,Timed_out,3433,nan
2/6/2022 2:49:24,1.11.0,Free_feed,24,4.23,1,0,RightWithPellet,Left,5,40,530,0,nan,nan,0.04
2/6/2022 3:15:22,1.11.0,Free_feed,24,4.23,1,0,RightWithPellet,Left,5,41,530,0,nan,nan,0.06
2/6/2022 3:15:42,1.11.0,Free_feed,24,4.23,1,0,RightWithPellet,Left,5,42,530,0,nan,nan,0.23
2/6/2022 3:15:49,1.11.0,Free_feed,24,4.23,1,0,RightWithPellet,Left,5,43,530,0,nan,nan,0.67
2/6/2022 3:15:59,1.11.0,Free_feed,24,4.23,1,0,LeftWithPellet,Left,6,43,530,0,nan,nan,0.00
2/6/2022 3:16:06,1.11.0,Free_feed,24,4.23,1,0,Pellet,Left,6,43,531,0,Timed_out,1605,nan
2/6/2022 3:16:18,1.11.0,Free_feed,24,4.23,2,0,Pellet,Left,6,43,532,0,3.00,12,nan
2/6/2022 3:16:27,1.11.0,Free_feed,24,4.23,1,0,Pellet,Left,6,43,533,0,2.32,9,nan
2/6/2022 3:16:39,1.11.0,Free_feed,24,4.24,1,0,Pellet,Left,6,43,534,0,5.51,12,nan
2/6/2022 3:16:50,1.11.0,Free_feed,24,4.24,1,0,Pellet,Left,6,43,535,0,4.10,11,nan
2/6/2022 3:17:00,1.11.0,Free_feed,24,4.23,1,0,Pellet,Left,6,43,536,0,3.49,10,nan
2/6/2022 3:17:12,1.11.0,Free_feed,24,4.24,3,0,Pellet,Left,6,43,537,0,0.91,12,nan
2/6/2022 3:17:22,1.11.0,Free_feed,24,4.24,1,0,Pellet,Left,6,43,538,0,3.79,10,nan
2/6/2022 3:17:34,1.11.0,Free_feed,24,4.23,2,0,Pellet,Left,6,43,539,0,2.01,12,nan
2/6/2022 3:17:44,1.11.0,Free_feed,24,4.25,1,0,Pellet,Left,6,43,540,0,3.85,10,nan
2/6/2022 3:17:57,1.11.0,Free_feed,24,4.23,2,0,Pellet,Left,6,43,541,0,3.49,13,nan
2/6/2022 3:18:11,1.11.0,Free_feed,24,4.24,1,0,Pellet,Left,6,43,542,0,7.05,14,nan
2/6/2022 3:18:24,1.11.0,Free_feed,24,4.23,1,0,Pellet,Left,6,43,543,0,6.00,13,nan
2/6/2022 3:18:34,1.11.0,Free_feed,24,4.24,1,0,Pellet,Left,6,43,544,0,3.37,10,nan
2/6/2022 3:18:50,1.11.0,Free_feed,24,4.24,1,0,Pellet,Left,6,43,545,0,8.89,15,nan
2/6/2022 3:49:15,1.11.0,Free_feed,24,4.23,3,0,Pellet,Left,6,43,546,0,Timed_out,1826,nan
2/6/2022 3:49:24,1.11.0,Free_feed,24,4.23,1,0,Pellet,Left,6,43,547,0,2.63,9,nan
2/6/2022 3:49:41,1.11.0,Free_feed,24,4.24,1,0,Pellet,Left,6,43,548,0,10.67,17,nan
2/6/2022 3:49:50,1.11.0,Free_feed,24,4.24,2,0,Pellet,Left,6,43,549,0,0.67,9,nan
2/6/2022 3:50:02,1.11.0,Free_feed,24,4.23,2,0,Pellet,Left,6,43,550,0,3.67,12,nan
2/6/2022 3:50:15,1.11.0,Free_feed,24,4.23,1,0,Pellet,Left,6,43,551,0,6.68,13,nan
2/6/2022 3:51:44,1.11.0,Free_feed,24,4.24,1,0,Pellet,Left,6,43,552,0,Timed_out,89,nan
2/6/2022 3:51:55,1.11.0,Free_feed,24,4.23,1,0,Pellet,Left,6,43,553,0,4.22,11,nan
2/6/2022 3:52:33,1.11.0,Free_feed,24,4.24,1,0,Pellet,Left,6,43,554,0,31.69,38,nan
2/6/2022 3:52:42,1.11.0,Free_feed,24,4.24,1,0,Pellet,Left,6,43,555,0,2.63,9,nan
2/6/2022 6:13:42,1.11.0,Free_feed,24,4.23,2,0,Pellet,Left,6,43,556,0,Timed_out,8460,nan
2/6/2022 6:14:00,1.11.0,Free_feed,24,4.24,1,0,Pellet,Left,6,43,557,0,14.80,18,nan
2/6/2022 6:14:16,1.11.0,Free_feed,24,4.24,1,0,Pellet,Left,6,43,558,0,9.99,16,nan
2/6/2022 6:14:29,1.11.0,Free_feed,24,4.24,1,0,Pellet,Left,6,43,559,0,6.31,13,nan
2/6/2022 6:14:45,1.11.0,Free_feed,24,4.24,1,0,Pellet,Left,6,43,560,0,8.71,16,nan
2/6/2022 6:14:58,1.11.0,Free_feed,24,4.24,1,0,Pellet,Left,6,43,561,0,6.49,12,nan
2/6/2022 6:15:10,1.11.0,Free_feed,24,4.23,1,0,Pellet,Left,6,43,562,0,5.70,13,nan
2/6/2022 6:15:23,1.11.0,Free_feed,24,4.24,3,0,Pellet,Left,6,43,563,0,4.35,13,nan
2/6/2022 6:15:33,1.11.0,Free_feed,24,4.24,2,0,Pellet,Left,6,43,564,0,2.75,10,nan
2/6/2022 6:45:03,1.11.0,Free_feed,24,4.23,2,0,Pellet,Left,6,43,565,0,Timed_out,1770,nan
2/6/2022 6:45:06,1.11.0,Free_feed,24,4.24,1,0,Pellet,Left,6,43,566,0,0.06,3,nan
2/6/2022 6:45:21,1.11.0,Free_feed,24,4.23,2,0,Pellet,Left,6,43,567,0,8.89,15,nan
2/6/2022 6:45:31,1.11.0,Free_feed,24,4.23,2,0,Pellet,Left,6,43,568,0,1.16,10,nan
2/6/2022 6:45:45,1.11.0,Free_feed,24,4.24,1,0,Pellet,Left,6,43,569,0,7.24,14,nan
2/6/2022 6:45:56,1.11.0,Free_feed,24,4.24,2,0,Pellet,Left,6,43,570,0,2.08,11,nan
2/6/2022 6:46:10,1.11.0,Free_feed,24,4.24,1,0,Pellet,Left,6,43,571,0,6.43,13,nan
2/6/2022 6:46:25,1.11.0,Free_feed,24,4.24,1,0,Pellet,Left,6,43,572,0,8.64,16,nan
2/6/2022 6:46:38,1.11.0,Free_feed,24,4.24,1,0,Pellet,Left,6,43,573,0,6.80,13,nan
2/6/2022 6:46:50,1.11.0,Free_feed,24,4.23,1,0,Pellet,Left,6,43,574,0,5.51,12,nan
2/6/2022 6:47:05,1.11.0,Free_feed,24,4.24,1,0,Pellet,Left,6,43,575,0,9.14,15,nan
2/6/2022 6:59:56,1.11.0,Free_feed,24,4.24,2,0,RightWithPellet,Left,6,44,575,0,nan,nan,1.05
2/6/2022 7:00:11,1.11.0,Free_feed,24,4.24,2,0,RightWithPellet,Left,6,45,575,0,nan,nan,0.12
2/6/2022 7:31:57,1.11.0,Free_feed,24,4.24,2,0,Pellet,Left,6,45,576,0,Timed_out,2692,nan
2/6/2022 7:32:06,1.11.0,Free_feed,24,4.24,1,0,Pellet,Left,6,45,577,0,2.08,9,nan
2/6/2022 7:32:36,1.11.0,Free_feed,24,4.24,1,0,Pellet,Left,6,45,578,0,23.29,30,nan
2/6/2022 7:32:45,1.11.0,Free_feed,24,4.24,1,0,Pellet,Left,6,45,579,0,3.12,9,nan
2/6/2022 7:32:56,1.11.0,Free_feed,24,4.23,1,0,Pellet,Left,6,45,580,0,3.98,11,nan
2/6/2022 7:33:11,1.11.0,Free_feed,24,4.23,1,0,Pellet,Left,6,45,581,0,8.22,15,nan
2/6/2022 7:33:27,1.11.0,Free_feed,24,4.24,1,0,Pellet,Left,6,45,582,0,8.58,16,nan
2/6/2022 7:33:41,1.11.0,Free_feed,24,4.23,1,0,Pellet,Left,6,45,583,0,8.34,14,nan
2/6/2022 7:33:54,1.11.0,Free_feed,24,4.23,2,0,Pellet,Left,6,45,584,0,3.80,13,nan
2/6/2022 7:34:07,1.11.0,Free_feed,24,4.23,1,0,Pellet,Left,6,45,585,0,5.70,13,nan
2/6/2022 7:34:22,1.11.0,Free_feed,24,4.24,1,0,Pellet,Left,6,45,586,0,8.83,15,nan
2/6/2022 7:34:37,1.11.0,Free_feed,24,4.24,1,0,Pellet,Left,6,45,587,0,7.60,15,nan
2/6/2022 7:34:53,1.11.0,Free_feed,24,4.24,1,0,Pellet,Left,6,45,588,0,9.75,16,nan
2/6/2022 8:56:22,1.11.0,Free_feed,24,4.23,1,0,Pellet,Left,6,45,589,0,Timed_out,4889,nan
2/6/2022 8:56:34,1.11.0,Free_feed,24,4.23,2,0,Pellet,Left,6,45,590,0,3.49,12,nan
2/6/2022 8:56:50,1.11.0,Free_feed,24,4.24,1,0,Pellet,Left,6,45,591,0,9.88,16,nan
2/6/2022 8:57:02,1.11.0,Free_feed,24,4.23,1,0,Pellet,Left,6,45,592,0,4.59,12,nan
2/6/2022 8:57:40,1.11.0,Free_feed,24,4.23,1,0,Pellet,Left,6,45,593,0,31.75,38,nan
2/6/2022 9:07:05,1.11.0,Free_feed,24,4.23,1,0,Pellet,Left,6,45,594,0,Timed_out,565,nan
2/6/2022 9:07:09,1.11.0,Free_feed,24,4.24,1,0,RightWithPellet,Left,6,46,594,0,nan,nan,0.08
2/6/2022 9:36:01,1.11.0,Free_feed,24,4.24,1,0,LeftWithPellet,Left,7,46,594,0,nan,nan,0.02
2/6/2022 9:36:03,1.11.0,Free_feed,24,4.23,1,0,LeftWithPellet,Left,8,46,594,0,nan,nan,0.10
2/6/2022 11:00:56,1.11.0,Free_feed,24,4.23,1,0,Pellet,Left,8,46,595,0,Timed_out,6831,nan
2/6/2022 11:01:12,1.11.0,Free_feed,24,4.23,1,0,Pellet,Left,8,46,596,0,9.50,16,nan
2/6/2022 11:01:26,1.11.0,Free_feed,24,4.24,2,0,Pellet,Left,8,46,597,0,4.96,14,nan
2/6/2022 11:01:40,1.11.0,Free_feed,24,4.24,1,0,Pellet,Left,8,46,598,0,6.98,14,nan
2/6/2022 11:01:54,1.11.0,Free_feed,24,4.23,1,0,Pellet,Left,8,46,599,0,7.17,14,nan
2/6/2022 11:02:07,1.11.0,Free_feed,24,4.23,1,0,Pellet,Left,8,46,600,0,6.19,13,nan
2/6/2022 11:02:20,1.11.0,Free_feed,24,4.24,1,0,Pellet,Left,8,46,601,0,6.31,13,nan
2/6/2022 11:02:33,1.11.0,Free_feed,24,4.24,2,0,Pellet,Left,8,46,602,0,4.65,13,nan
2/6/2022 11:02:47,1.11.0,Free_feed,24,4.24,1,0,Pellet,Left,8,46,603,0,7.66,14,nan
2/6/2022 11:03:01,1.11.0,Free_feed,24,4.24,1,0,Pellet,Left,8,46,604,0,6.92,14,nan
2/6/2022 14:56:07,1.11.0,Free_feed,24,4.23,2,0,Pellet,Left,8,46,605,0,Timed_out,13986,nan
2/6/2022 14:56:18,1.11.0,Free_feed,24,4.24,2,0,Pellet,Left,8,46,606,0,3.43,11,nan
2/6/2022 14:56:59,1.11.0,Free_feed,24,4.23,1,0,Pellet,Left,8,46,607,0,40.37,41,nan
2/6/2022 14:57:23,1.11.0,Free_feed,24,4.23,1,0,Pellet,Left,8,46,608,0,19.40,24,nan
2/6/2022 14:57:43,1.11.0,Free_feed,24,4.23,2,0,Pellet,Left,8,46,609,0,12.02,20,nan
2/6/2022 14:57:55,1.11.0,Free_feed,24,4.23,1,0,Pellet,Left,8,46,610,0,4.22,11,nan
2/6/2022 14:58:07,1.11.0,Free_feed,24,4.23,1,0,Pellet,Left,8,46,611,0,6.25,13,nan
2/6/2022 14:58:19,1.11.0,Free_feed,24,4.23,1,0,Pellet,Left,8,46,612,0,5.14,12,nan
2/6/2022 14:58:31,1.11.0,Free_feed,24,4.24,1,0,Pellet,Left,8,46,613,0,5.08,12,nan
2/6/2022 14:58:45,1.11.0,Free_feed,24,4.23,1,0,Pellet,Left,8,46,614,0,6.62,14,nan
2/6/2022 14:58:58,1.11.0,Free_feed,24,4.24,2,0,Pellet,Left,8,46,615,0,4.47,13,nan
2/6/2022 14:59:12,1.11.0,Free_feed,24,4.23,1,0,Pellet,Left,8,46,616,0,7.72,14,nan
2/6/2022 14:59:25,1.11.0,Free_feed,24,4.24,3,0,Pellet,Left,8,46,617,0,1.83,13,nan
2/6/2022 14:59:38,1.11.0,Free_feed,24,4.24,1,0,Pellet,Left,8,46,618,0,5.70,13,nan
2/6/2022 17:50:32,1.11.0,Free_feed,24,4.23,2,0,Pellet,Left,8,46,619,0,Timed_out,10254,nan
2/6/2022 17:50:54,1.11.0,Free_feed,24,4.24,1,0,Pellet,Left,8,46,620,0,15.71,22,nan
2/6/2022 17:51:10,1.11.0,Free_feed,24,4.24,2,0,Pellet,Left,8,46,621,0,7.17,16,nan
2/6/2022 17:51:23,1.11.0,Free_feed,24,4.23,2,0,Pellet,Left,8,46,622,0,4.41,13,nan
2/6/2022 17:51:40,1.11.0,Free_feed,24,4.23,1,0,Pellet,Left,8,46,623,0,9.87,16,nan
2/6/2022 17:51:54,1.11.0,Free_feed,24,4.24,1,0,Pellet,Left,8,46,624,0,7.66,15,nan
2/6/2022 17:52:10,1.11.0,Free_feed,24,4.24,1,0,Pellet,Left,8,46,625,0,9.57,16,nan
2/6/2022 17:52:24,1.11.0,Free_feed,24,4.23,3,0,Pellet,Left,8,46,626,0,3.61,14,nan
2/6/2022 17:52:40,1.11.0,Free_feed,24,4.23,1,0,Pellet,Left,8,46,627,0,9.20,16,nan
2/6/2022 17:52:57,1.11.0,Free_feed,24,4.23,1,0,Pellet,Left,8,46,628,0,10.12,17,nan
2/6/2022 17:53:11,1.11.0,Free_feed,24,4.24,1,0,Pellet,Left,8,46,629,0,6.87,13,nan
2/6/2022 17:53:27,1.11.0,Free_feed,24,4.24,3,0,Pellet,Left,8,46,630,0,5.14,17,nan
2/6/2022 17:53:40,1.11.0,Free_feed,24,4.23,1,0,Pellet,Left,8,46,631,0,6.31,13,nan
2/6/2022 17:53:54,1.11.0,Free_feed,24,4.23,2,0,Pellet,Left,8,46,632,0,5.08,14,nan
2/6/2022 17:54:14,1.11.0,Free_feed,24,4.24,2,0,Pellet,Left,8,46,633,0,12.82,20,nan
2/6/2022 17:54:26,1.11.0,Free_feed,24,4.24,1,0,Pellet,Left,8,46,634,0,5.51,12,nan
2/6/2022 17:54:42,1.11.0,Free_feed,24,4.23,1,0,Pellet,Left,8,46,635,0,9.38,16,nan
2/6/2022 20:27:17,1.11.0,Free_feed,24,4.23,2,0,Pellet,Left,8,46,636,0,Timed_out,9155,nan
2/6/2022 20:27:39,1.11.0,Free_feed,24,4.23,1,0,Pellet,Left,8,46,637,0,15.47,21,nan
2/6/2022 20:27:53,1.11.0,Free_feed,24,4.24,1,0,Pellet,Left,8,46,638,0,7.54,15,nan
2/6/2022 20:28:06,1.11.0,Free_feed,24,4.25,1,0,Pellet,Left,8,46,639,0,6.99,13,nan
2/6/2022 20:28:21,1.11.0,Free_feed,24,4.24,1,0,Pellet,Left,8,46,640,0,8.46,15,nan
2/6/2022 20:28:33,1.11.0,Free_feed,24,4.24,1,0,Pellet,Left,8,46,641,0,4.84,12,nan
2/6/2022 20:28:45,1.11.0,Free_feed,24,4.23,2,0,Pellet,Left,8,46,642,0,2.93,12,nan
2/6/2022 20:39:16,1.11.0,Free_feed,24,4.24,1,0,RightWithPellet,Left,8,47,642,0,nan,nan,0.77
2/6/2022 20:39:20,1.11.0,Free_feed,24,4.24,1,0,RightWithPellet,Left,8,48,642,0,nan,nan,0.40
2/6/2022 20:39:31,1.11.0,Free_feed,24,4.24,1,0,RightWithPellet,Left,8,49,642,0,nan,nan,0.19
2/6/2022 20:50:14,1.11.0,Free_feed,24,4.23,1,0,Pellet,Left,8,49,643,0,Timed_out,1289,nan
2/6/2022 20:50:25,1.11.0,Free_feed,24,4.24,2,0,Pellet,Left,8,49,644,0,2.14,11,nan
2/6/2022 20:50:42,1.11.0,Free_feed,24,4.23,1,0,Pellet,Left,8,49,645,0,9.69,17,nan
2/6/2022 20:50:53,1.11.0,Free_feed,24,4.23,1,0,Pellet,Left,8,49,646,0,4.47,11,nan
2/6/2022 20:51:08,1.11.0,Free_feed,24,4.23,1,0,Pellet,Left,8,49,647,0,9.32,15,nan
2/6/2022 20:51:20,1.11.0,Free_feed,24,4.23,1,0,Pellet,Left,8,49,648,0,4.53,12,nan
2/6/2022 21:33:38,1.11.0,Free_feed,24,4.23,3,0,Pellet,Left,8,49,649,0,Timed_out,2538,nan
2/6/2022 21:33:50,1.11.0,Free_feed,24,4.24,2,0,Pellet,Left,8,49,650,0,6.07,12,nan
2/6/2022 21:34:05,1.11.0,Free_feed,24,4.23,1,0,Pellet,Left,8,49,651,0,7.42,15,nan
2/6/2022 21:34:16,1.11.0,Free_feed,24,4.24,1,0,Pellet,Left,8,49,652,0,5.02,11,nan
2/6/2022 21:34:27,1.11.0,Free_feed,24,4.24,1,0,Pellet,Left,8,49,653,0,3.73,11,nan
2/6/2022 21:34:35,1.11.0,Free_feed,24,4.24,2,0,Pellet,Left,8,49,654,0,0.61,8,nan
2/6/2022 21:34:47,1.11.0,Free_feed,24,4.23,1,0,Pellet,Left,8,49,655,0,5.63,12,nan
2/6/2022 21:35:01,1.11.0,Free_feed,24,4.24,1,0,Pellet,Left,8,49,656,0,8.09,14,nan
2/6/2022 21:35:12,1.11.0,Free_feed,24,4.23,1,0,Pellet,Left,8,49,657,0,3.92,11,nan
2/6/2022 21:35:27,1.11.0,Free_feed,24,4.24,1,0,Pellet,Left,8,49,658,0,7.79,15,nan
2/6/2022 21:35:39,1.11.0,Free_feed,24,4.24,3,0,Pellet,Left,8,49,659,0,0.67,12,nan
2/6/2022 21:35:51,1.11.0,Free_feed,24,4.24,4,0,Pellet,Left,8,49,660,0,0.06,12,nan
2/6/2022 22:22:55,1.11.0,Free_feed,24,4.23,2,0,Pellet,Left,8,49,661,0,Timed_out,2823,nan
2/6/2022 22:23:57,1.11.0,Free_feed,24,4.23,1,0,Pellet,Left,8,49,662,0,56.53,63,nan
2/6/2022 22:24:07,1.11.0,Free_feed,24,4.23,5,0,Pellet,Left,8,49,663,0,0.42,10,nan
2/6/2022 22:24:19,1.11.0,Free_feed,24,4.23,2,0,Pellet,Left,8,49,664,0,5.39,12,nan
2/6/2022 22:24:32,1.11.0,Free_feed,24,4.24,2,0,Pellet,Left,8,49,665,0,6.31,13,nan
2/6/2022 22:24:45,1.11.0,Free_feed,24,4.23,2,0,Pellet,Left,8,49,666,0,6.50,13,nan
2/6/2022 22:24:56,1.11.0,Free_feed,24,4.24,1,0,Pellet,Left,8,49,667,0,4.78,11,nan
2/6/2022 22:25:09,1.11.0,Free_feed,24,4.23,1,0,Pellet,Left,8,49,668,0,7.05,13,nan
2/6/2022 22:48:59,1.11.0,Free_feed,24,4.23,1,0,RightWithPellet,Left,8,50,668,0,nan,nan,0.16
2/6/2022 22:49:04,1.11.0,Free_feed,24,4.23,1,0,RightWithPellet,Left,8,51,668,0,nan,nan,0.70
2/6/2022 22:50:24,1.11.0,Free_feed,24,4.23,1,0,Pellet,Left,8,51,669,0,Timed_out,1515,nan
2/6/2022 22:50:40,1.11.0,Free_feed,24,4.23,1,0,Pellet,Left,8,51,670,0,8.59,16,nan
2/6/2022 22:50:51,1.11.0,Free_feed,24,4.23,2,0,Pellet,Left,8,51,671,0,2.63,11,nan
2/6/2022 22:51:02,1.11.0,Free_feed,24,4.23,1,0,Pellet,Left,8,51,672,0,5.02,11,nan
2/6/2022 22:51:15,1.11.0,Free_feed,24,4.24,1,0,Pellet,Left,8,51,673,0,5.39,13,nan
2/6/2022 22:51:28,1.11.0,Free_feed,24,4.24,1,0,Pellet,Left,8,51,674,0,6.43,13,nan
2/6/2022 22:51:39,1.11.0,Free_feed,24,4.23,2,0,Pellet,Left,8,51,675,0,2.32,11,nan
2/6/2022 23:14:01,1.11.0,Free_feed,24,4.23,1,0,Pellet,Left,8,51,676,0,Timed_out,1342,nan
2/6/2022 23:14:13,1.11.0,Free_feed,24,4.23,2,0,Pellet,Left,8,51,677,0,2.20,12,nan
2/6/2022 23:14:25,1.11.0,Free_feed,24,4.24,1,0,Pellet,Left,8,51,678,0,5.63,12,nan
2/6/2022 23:14:45,1.11.0,Free_feed,24,4.23,1,0,Pellet,Left,8,51,679,0,13.25,20,nan
2/6/2022 23:14:55,1.11.0,Free_feed,24,4.24,1,0,Pellet,Left,8,51,680,0,3.67,10,nan
2/6/2022 23:37:43,1.11.0,Free_feed,24,4.23,1,0,Pellet,Left,8,51,681,0,Timed_out,1368,nan
2/6/2022 23:37:57,1.11.0,Free_feed,24,4.24,2,0,Pellet,Left,8,51,682,0,5.08,14,nan
2/6/2022 23:38:09,1.11.0,Free_feed,24,4.24,1,0,Pellet,Left,8,51,683,0,5.76,12,nan
2/6/2022 23:38:22,1.11.0,Free_feed,24,4.24,1,0,Pellet,Left,8,51,684,0,6.01,12,nan
2/6/2022 23:38:31,1.11.0,Free_feed,24,4.23,1,0,Pellet,Left,8,51,685,0,2.57,10,nan
2/6/2022 23:38:47,1.11.0,Free_feed,24,4.24,1,0,Pellet,Left,8,51,686,0,9.02,15,nan
2/6/2022 23:39:34,1.11.0,Free_feed,24,4.23,2,0,Pellet,Left,8,51,687,0,38.17,48,nan
2/6/2022 23:45:05,1.11.0,Free_feed,24,4.23,1,0,Pellet,Left,8,51,688,0,Timed_out,331,nan
2/6/2022 23:45:12,1.11.0,Free_feed,24,4.24,1,0,Pellet,Left,8,51,689,0,0.67,7,nan
2/6/2022 23:45:24,1.11.0,Free_feed,24,4.23,3,0,Pellet,Left,8,51,690,0,1.22,12,nan
2/6/2022 23:45:37,1.11.0,Free_feed,24,4.23,2,0,Pellet,Left,8,51,691,0,4.29,13,nan
2/6/2022 23:45:49,1.11.0,Free_feed,24,4.24,2,0,Pellet,Left,8,51,692,0,3.55,12,nan
2/6/2022 23:46:02,1.11.0,Free_feed,24,4.23,3,0,Pellet,Left,8,51,693,0,2.81,13,nan
2/6/2022 23:52:40,1.11.0,Free_feed,24,4.24,1,0,RightWithPellet,Left,8,52,693,0,nan,nan,0.39
2/6/2022 23:52:43,1.11.0,Free_feed,24,4.24,1,0,RightWithPellet,Left,8,53,693,0,nan,nan,0.65
2/6/2022 23:52:45,1.11.0,Free_feed,24,4.24,1,0,RightWithPellet,Left,8,54,693,0,nan,nan,0.81
2/6/2022 23:52:48,1.11.0,Free_feed,24,4.23,1,0,RightWithPellet,Left,8,55,693,0,nan,nan,0.39
2/6/2022 23:52:50,1.11.0,Free_feed,24,4.24,1,0,RightWithPellet,Left,8,56,693,0,nan,nan,0.22
2/6/2022 23:52:52,1.11.0,Free_feed,24,4.24,1,0,RightWithPellet,Left,8,57,693,0,nan,nan,0.88
2/6/2022 23:52:53,1.11.0,Free_feed,24,4.24,1,0,RightWithPellet,Left,8,58,693,0,nan,nan,0.04
2/6/2022 23:52:54,1.11.0,Free_feed,24,4.24,1,0,RightWithPellet,Left,8,59,693,0,nan,nan,0.15
2/6/2022 23:52:56,1.11.0,Free_feed,24,4.24,1,0,RightWithPellet,Left,8,60,693,0,nan,nan,0.11
2/6/2022 23:52:58,1.11.0,Free_feed,24,4.24,1,0,RightWithPellet,Left,8,61,693,0,nan,nan,0.03
2/6/2022 23:53:09,1.11.0,Free_feed,24,4.24,1,0,RightWithPellet,Left,8,62,693,0,nan,nan,0.28
2/6/2022 23:53:10,1.11.0,Free_feed,24,4.24,1,0,RightWithPellet,Left,8,63,693,0,nan,nan,0.08
2/6/2022 23:53:13,1.11.0,Free_feed,24,4.24,1,0,RightWithPellet,Left,8,64,693,0,nan,nan,0.60
2/6/2022 23:53:20,1.11.0,Free_feed,24,4.24,1,0,RightWithPellet,Left,8,65,693,0,nan,nan,0.45
2/6/2022 23:53:24,1.11.0,Free_feed,24,4.23,1,0,RightWithPellet,Left,8,66,693,0,nan,nan,0.63
2/6/2022 23:53:28,1.11.0,Free_feed,24,4.23,1,0,RightWithPellet,Left,8,67,693,0,nan,nan,0.30
2/6/2022 23:53:30,1.11.0,Free_feed,24,4.24,1,0,RightWithPellet,Left,8,68,693,0,nan,nan,0.10
2/6/2022 23:53:37,1.11.0,Free_feed,24,4.23,1,0,RightWithPellet,Left,8,69,693,0,nan,nan,0.16
2/6/2022 23:53:37,1.11.0,Free_feed,24,4.24,1,0,RightWithPellet,Left,8,70,693,0,nan,nan,0.02
2/6/2022 23:53:38,1.11.0,Free_feed,24,4.23,1,0,RightWithPellet,Left,8,71,693,0,nan,nan,0.02
2/6/2022 23:53:41,1.11.0,Free_feed,24,4.23,1,0,RightWithPellet,Left,8,72,693,0,nan,nan,0.72
2/6/2022 23:53:44,1.11.0,Free_feed,24,4.24,1,0,RightWithPellet,Left,8,73,693,0,nan,nan,0.17
2/6/2022 23:53:45,1.11.0,Free_feed,24,4.24,1,0,RightWithPellet,Left,8,74,693,0,nan,nan,0.00
2/6/2022 23:53:58,1.11.0,Free_feed,24,4.23,1,0,RightWithPellet,Left,8,75,693,0,nan,nan,0.14
2/6/2022 23:54:56,1.11.0,Free_feed,24,4.23,1,0,Pellet,Left,8,75,694,0,Timed_out,534,nan
2/6/2022 23:55:07,1.11.0,Free_feed,24,4.23,1,0,Pellet,Left,8,75,695,0,4.47,11,nan
2/6/2022 23:55:18,1.11.0,Free_feed,24,4.24,1,0,Pellet,Left,8,75,696,0,4.90,11,nan
2/6/2022 23:55:29,1.11.0,Free_feed,24,4.24,2,0,Pellet,Left,8,75,697,0,1.77,11,nan
2/6/2022 23:55:41,1.11.0,Free_feed,24,4.23,1,0,Pellet,Left,8,75,698,0,3.92,11,nan
2/6/2022 23:55:51,1.11.0,Free_feed,24,4.24,1,0,Pellet,Left,8,75,699,0,3.73,11,nan
2/6/2022 23:56:17,1.11.0,Free_feed,24,4.23,1,0,Pellet,Left,8,75,700,0,19.79,26,nan
2/7/2022 0:04:00,1.11.0,Free_feed,24,4.23,1,0,RightWithPellet,Left,8,76,700,0,nan,nan,0.14
2/7/2022 0:04:03,1.11.0,Free_feed,24,4.23,1,0,RightWithPellet,Left,8,77,700,0,nan,nan,0.06
2/7/2022 0:25:56,1.11.0,Free_feed,24,4.23,1,0,RightWithPellet,Left,8,78,700,0,nan,nan,0.51
2/7/2022 0:26:09,1.11.0,Free_feed,24,4.23,1,0,RightWithPellet,Left,8,79,700,0,nan,nan,0.02
2/7/2022 0:26:17,1.11.0,Free_feed,24,4.23,1,0,RightWithPellet,Left,8,80,700,0,nan,nan,0.12
2/7/2022 0:26:37,1.11.0,Free_feed,24,4.23,1,0,Pellet,Left,8,80,701,0,Timed_out,1820,nan
2/7/2022 0:26:53,1.11.0,Free_feed,24,4.24,1,0,Pellet,Left,8,80,702,0,8.89,16,nan
2/7/2022 0:27:06,1.11.0,Free_feed,24,4.24,1,0,Pellet,Left,8,80,703,0,5.51,13,nan
2/7/2022 0:27:18,1.11.0,Free_feed,24,4.24,1,0,Pellet,Left,8,80,704,0,5.14,12,nan
2/7/2022 0:27:29,1.11.0,Free_feed,24,4.23,3,0,Pellet,Left,8,80,705,0,0.36,11,nan
2/7/2022 0:27:40,1.11.0,Free_feed,24,4.24,1,0,Pellet,Left,8,80,706,0,4.28,11,nan
2/7/2022 0:38:56,1.11.0,Free_feed,24,4.24,2,0,RightWithPellet,Left,8,81,706,0,nan,nan,0.33
2/7/2022 1:11:01,1.11.0,Free_feed,24,4.23,2,0,Pellet,Left,8,81,707,0,Timed_out,2601,nan
2/7/2022 1:11:19,1.11.0,Free_feed,24,4.24,1,0,Pellet,Left,8,81,708,0,10.97,18,nan
2/7/2022 1:11:32,1.11.0,Free_feed,24,4.23,1,0,Pellet,Left,8,81,709,0,6.74,13,nan
2/7/2022 1:11:46,1.11.0,Free_feed,24,4.24,1,0,Pellet,Left,8,81,710,0,7.04,14,nan
2/7/2022 1:12:00,1.11.0,Free_feed,24,4.23,2,0,Pellet,Left,8,81,711,0,5.08,14,nan
2/7/2022 1:12:14,1.11.0,Free_feed,24,4.24,1,0,Pellet,Left,8,81,712,0,7.04,14,nan
2/7/2022 1:12:28,1.11.0,Free_feed,24,4.24,1,0,Pellet,Left,8,81,713,0,7.41,14,nan
2/7/2022 1:12:44,1.11.0,Free_feed,24,4.24,6,0,Pellet,Left,8,81,714,0,0.60,16,nan
2/7/2022 1:12:54,1.11.0,Free_feed,24,4.24,2,0,Pellet,Left,8,81,715,0,0.60,9,nan
2/7/2022 1:13:04,1.11.0,Free_feed,24,4.23,2,0,Pellet,Left,8,81,716,0,1.34,11,nan
2/7/2022 1:13:16,1.11.0,Free_feed,24,4.24,1,0,Pellet,Left,8,81,717,0,5.33,12,nan
2/7/2022 1:13:29,1.11.0,Free_feed,24,4.24,2,0,Pellet,Left,8,81,718,0,4.10,13,nan
2/7/2022 1:13:42,1.11.0,Free_feed,24,4.23,1,0,Pellet,Left,8,81,719,0,6.31,13,nan
2/7/2022 1:13:55,1.11.0,Free_feed,24,4.24,1,0,Pellet,Left,8,81,720,0,6.43,13,nan
2/7/2022 1:32:45,1.11.0,Free_feed,24,4.23,2,0,RightWithPellet,Left,8,82,720,0,nan,nan,0.15
2/7/2022 1:32:59,1.11.0,Free_feed,24,4.23,2,0,RightWithPellet,Left,8,83,720,0,nan,nan,0.11
2/7/2022 2:01:51,1.11.0,Free_feed,24,4.23,2,0,RightWithPellet,Left,8,84,720,0,nan,nan,0.09
2/7/2022 2:01:52,1.11.0,Free_feed,24,4.23,2,0,RightWithPellet,Left,8,85,720,0,nan,nan,0.03
2/7/2022 2:01:53,1.11.0,Free_feed,24,4.23,2,0,RightWithPellet,Left,8,86,720,0,nan,nan,0.11
2/7/2022 2:29:15,1.11.0,Free_feed,24,4.23,2,0,Pellet,Left,8,86,721,0,Timed_out,4519,nan
2/7/2022 2:29:16,1.11.0,Free_feed,24,4.23,1,0,Pellet,Left,8,86,722,0,0.06,2,nan
2/7/2022 2:29:34,1.11.0,Free_feed,24,4.23,1,0,Pellet,Left,8,86,723,0,12.95,18,nan
2/7/2022 2:29:48,1.11.0,Free_feed,24,4.24,1,0,Pellet,Left,8,86,724,0,6.87,14,nan
2/7/2022 2:30:00,1.11.0,Free_feed,24,4.24,2,0,Pellet,Left,8,86,725,0,2.87,12,nan
2/7/2022 2:30:19,1.11.0,Free_feed,24,4.24,1,0,Pellet,Left,8,86,726,0,11.84,19,nan
2/7/2022 2:30:31,1.11.0,Free_feed,24,4.24,1,0,Pellet,Left,8,86,727,0,5.33,12,nan
2/7/2022 2:30:41,1.11.0,Free_feed,24,4.24,2,0,Pellet,Left,8,86,728,0,0.85,10,nan
2/7/2022 2:30:52,1.11.0,Free_feed,24,4.23,3,0,Pellet,Left,8,86,729,0,0.42,11,nan
2/7/2022 2:31:06,1.11.0,Free_feed,24,4.24,3,0,Pellet,Left,8,86,730,0,2.63,14,nan
2/7/2022 2:31:19,1.11.0,Free_feed,24,4.24,1,0,Pellet,Left,8,86,731,0,7.04,13,nan
2/7/2022 2:31:33,1.11.0,Free_feed,24,4.24,2,0,Pellet,Left,8,86,732,0,5.02,14,nan
2/7/2022 2:31:45,1.11.0,Free_feed,24,4.23,1,0,Pellet,Left,8,86,733,0,5.20,12,nan
2/7/2022 2:38:08,1.11.0,Free_feed,24,4.24,2,0,RightWithPellet,Left,8,87,733,0,nan,nan,0.10
2/7/2022 3:31:56,1.11.0,Free_feed,24,4.23,2,0,Pellet,Left,8,87,734,0,Timed_out,3611,nan
2/7/2022 3:32:27,1.11.0,Free_feed,24,4.23,1,0,Pellet,Left,8,87,735,0,24.46,31,nan
2/7/2022 3:32:35,1.11.0,Free_feed,24,4.23,2,0,Pellet,Left,8,87,736,0,0.42,8,nan
2/7/2022 3:32:46,1.11.0,Free_feed,24,4.24,1,0,Pellet,Left,8,87,737,0,4.59,11,nan
2/7/2022 3:33:03,1.11.0,Free_feed,24,4.23,6,0,Pellet,Left,8,87,738,0,0.24,17,nan
2/7/2022 3:33:12,1.11.0,Free_feed,24,4.24,1,0,Pellet,Left,8,87,739,0,2.02,9,nan
2/7/2022 3:33:24,1.11.0,Free_feed,24,4.24,1,0,Pellet,Left,8,87,740,0,5.14,12,nan
2/7/2022 3:33:36,1.11.0,Free_feed,24,4.24,1,0,Pellet,Left,8,87,741,0,5.39,12,nan
2/7/2022 3:33:50,1.11.0,Free_feed,24,4.24,2,0,Pellet,Left,8,87,742,0,4.65,14,nan
2/7/2022 3:34:02,1.11.0,Free_feed,24,4.24,1,0,Pellet,Left,8,87,743,0,5.88,12,nan
2/7/2022 3:34:16,1.11.0,Free_feed,24,4.23,1,0,Pellet,Left,8,87,744,0,7.11,14,nan
2/7/2022 3:34:32,1.11.0,Free_feed,24,4.23,1,0,Pellet,Left,8,87,745,0,8.46,15,nan
2/7/2022 3:34:45,1.11.0,Free_feed,24,4.23,4,0,Pellet,Left,8,87,746,0,0.55,14,nan
2/7/2022 3:34:54,1.11.0,Free_feed,24,4.24,1,0,Pellet,Left,8,87,747,0,2.26,9,nan
2/7/2022 3:35:17,1.11.0,Free_feed,24,4.24,7,0,Pellet,Left,8,87,748,0,2.87,23,nan
2/7/2022 3:35:27,1.11.0,Free_feed,24,4.24,2,0,Pellet,Left,8,87,749,0,1.03,10,nan
2/7/2022 4:46:37,1.11.0,Free_feed,24,4.23,1,0,Pellet,Left,8,87,750,0,Timed_out,4270,nan
2/7/2022 4:46:56,1.11.0,Free_feed,24,4.24,1,0,Pellet,Left,8,87,751,0,12.63,19,nan
2/7/2022 4:47:08,1.11.0,Free_feed,24,4.23,1,0,Pellet,Left,8,87,752,0,6.18,12,nan
2/7/2022 4:47:22,1.11.0,Free_feed,24,4.24,4,0,Pellet,Left,8,87,753,0,0.97,14,nan
2/7/2022 4:47:36,1.11.0,Free_feed,24,4.24,1,0,Pellet,Left,8,87,754,0,6.68,14,nan
2/7/2022 4:47:51,1.11.0,Free_feed,24,4.24,1,0,Pellet,Left,8,87,755,0,8.45,15,nan
2/7/2022 4:48:06,1.11.0,Free_feed,24,4.23,2,0,Pellet,Left,8,87,756,0,6.37,15,nan
2/7/2022 4:48:21,1.11.0,Free_feed,24,4.23,1,0,Pellet,Left,8,87,757,0,8.40,15,nan
2/7/2022 4:48:36,1.11.0,Free_feed,24,4.23,2,0,Pellet,Left,8,87,758,0,6.98,15,nan
2/7/2022 4:48:50,1.11.0,Free_feed,24,4.23,1,0,Pellet,Left,8,87,759,0,6.99,14,nan
2/7/2022 4:49:02,1.11.0,Free_feed,24,4.24,4,0,Pellet,Left,8,87,760,0,0.67,12,nan
2/7/2022 4:49:16,1.11.0,Free_feed,24,4.23,2,0,Pellet,Left,8,87,761,0,4.47,14,nan
2/7/2022 5:05:06,1.11.0,Free_feed,24,4.23,1,0,RightWithPellet,Left,8,88,761,0,nan,nan,0.28
2/7/2022 6:30:26,1.11.0,Free_feed,24,4.23,1,0,Pellet,Left,8,88,762,0,Timed_out,6070,nan
2/7/2022 6:30:39,1.11.0,Free_feed,24,4.23,1,0,Pellet,Left,8,88,763,0,7.48,13,nan
2/7/2022 6:30:51,1.11.0,Free_feed,24,4.23,1,0,Pellet,Left,8,88,764,0,4.78,12,nan
2/7/2022 6:31:05,1.11.0,Free_feed,24,4.24,5,0,Pellet,Left,8,88,765,0,1.28,14,nan
2/7/2022 6:31:26,1.11.0,Free_feed,24,4.23,7,0,Pellet,Left,8,88,766,0,0.48,21,nan
2/7/2022 6:31:36,1.11.0,Free_feed,24,4.23,1,0,Pellet,Left,8,88,767,0,3.24,10,nan
2/7/2022 6:31:52,1.11.0,Free_feed,24,4.24,1,0,Pellet,Left,8,88,768,0,9.38,16,nan
2/7/2022 6:32:04,1.11.0,Free_feed,24,4.24,2,0,Pellet,Left,8,88,769,0,3.67,12,nan
2/7/2022 6:32:19,1.11.0,Free_feed,24,4.23,2,0,Pellet,Left,8,88,770,0,5.76,15,nan
2/7/2022 6:32:34,1.11.0,Free_feed,24,4.23,3,0,Pellet,Left,8,88,771,0,3.98,15,nan
2/7/2022 6:32:50,1.11.0,Free_feed,24,4.23,1,0,Pellet,Left,8,88,772,0,8.03,15,nan
2/7/2022 6:33:07,1.11.0,Free_feed,24,4.23,3,0,Pellet,Left,8,88,773,0,6.19,18,nan
2/7/2022 6:39:47,1.11.0,Free_feed,24,4.24,1,0,RightWithPellet,Left,8,89,773,0,nan,nan,0.31
2/7/2022 6:55:06,1.11.0,Free_feed,24,4.23,1,0,Pellet,Left,8,89,774,0,Timed_out,1319,nan
2/7/2022 6:55:23,1.11.0,Free_feed,24,4.24,1,0,Pellet,Left,8,89,775,0,10.30,17,nan
2/7/2022 6:55:38,1.11.0,Free_feed,24,4.24,1,0,Pellet,Left,8,89,776,0,8.64,15,nan
2/7/2022 6:55:39,1.11.0,Free_feed,24,4.23,1,0,Pellet,Left,8,89,777,0,0.12,1,nan
2/7/2022 6:55:53,1.11.0,Free_feed,24,4.23,1,0,Pellet,Left,8,89,778,0,7.41,14,nan
2/7/2022 6:56:06,1.11.0,Free_feed,24,4.23,1,0,Pellet,Left,8,89,779,0,6.13,13,nan
2/7/2022 6:56:19,1.11.0,Free_feed,24,4.23,2,0,Pellet,Left,8,89,780,0,4.84,13,nan
2/7/2022 6:56:32,1.11.0,Free_feed,24,4.23,1,0,Pellet,Left,8,89,781,0,5.88,13,nan
2/7/2022 6:56:46,1.11.0,Free_feed,24,4.24,1,0,Pellet,Left,8,89,782,0,6.56,14,nan
2/7/2022 7:49:05,1.11.0,Free_feed,24,4.23,6,0,Pellet,Left,8,89,783,0,Timed_out,3139,nan
2/7/2022 7:49:24,1.11.0,Free_feed,24,4.24,4,0,Pellet,Left,8,89,784,0,6.25,19,nan
2/7/2022 7:49:38,1.11.0,Free_feed,24,4.23,2,0,Pellet,Left,8,89,785,0,5.14,14,nan
2/7/2022 7:49:51,1.11.0,Free_feed,24,4.24,1,0,Pellet,Left,8,89,786,0,6.00,13,nan
2/7/2022 7:50:04,1.11.0,Free_feed,24,4.24,1,0,Pellet,Left,8,89,787,0,6.49,13,nan
2/7/2022 7:50:18,1.11.0,Free_feed,24,4.23,1,0,Pellet,Left,8,89,788,0,7.05,14,nan
2/7/2022 7:50:32,1.11.0,Free_feed,24,4.24,1,0,Pellet,Left,8,89,789,0,7.11,14,nan
2/7/2022 7:50:49,1.11.0,Free_feed,24,4.23,1,0,Pellet,Left,8,89,790,0,10.48,17,nan
2/7/2022 7:51:02,1.11.0,Free_feed,24,4.24,1,0,Pellet,Left,8,89,791,0,6.80,13,nan
2/7/2022 7:55:15,1.11.0,Free_feed,24,4.23,1,0,LeftWithPellet,Left,9,89,791,0,nan,nan,0.19
2/7/2022 8:12:04,1.11.0,Free_feed,24,4.23,1,0,RightWithPellet,Left,9,90,791,0,nan,nan,0.88
2/7/2022 8:16:44,1.11.0,Free_feed,24,4.23,1,0,RightWithPellet,Left,9,91,791,0,nan,nan,0.14
2/7/2022 8:16:47,1.11.0,Free_feed,24,4.23,1,0,RightWithPellet,Left,9,92,791,0,nan,nan,0.08
2/7/2022 8:57:36,1.11.0,Free_feed,24,4.23,1,0,RightWithPellet,Left,9,93,791,0,nan,nan,0.16
2/7/2022 9:49:23,1.11.0,Free_feed,24,4.23,1,0,Pellet,Left,9,93,792,0,Timed_out,7101,nan
2/7/2022 9:49:29,1.11.0,Free_feed,24,4.23,1,0,Pellet,Left,9,93,793,0,3.24,6,nan
2/7/2022 9:49:48,1.11.0,Free_feed,24,4.24,1,0,Pellet,Left,9,93,794,0,12.51,19,nan
2/7/2022 9:50:01,1.11.0,Free_feed,24,4.24,1,0,Pellet,Left,9,93,795,0,6.43,13,nan
2/7/2022 9:50:20,1.11.0,Free_feed,24,4.24,3,0,Pellet,Left,9,93,796,0,9.87,19,nan
2/7/2022 9:50:50,1.11.0,Free_feed,24,4.23,3,0,Pellet,Left,9,93,797,0,18.61,30,nan
2/7/2022 9:51:08,1.11.0,Free_feed,24,4.23,1,0,Pellet,Left,9,93,798,0,10.67,17,nan
2/7/2022 9:51:26,1.11.0,Free_feed,24,4.23,1,0,Pellet,Left,9,93,799,0,12.02,19,nan
2/7/2022 9:51:42,1.11.0,Free_feed,24,4.23,1,0,Pellet,Left,9,93,800,0,8.58,15,nan
2/7/2022 9:51:59,1.11.0,Free_feed,24,4.23,1,0,Pellet,Left,9,93,801,0,11.10,18,nan
2/7/2022 9:52:16,1.11.0,Free_feed,24,4.24,1,0,Pellet,Left,9,93,802,0,9.75,17,nan
2/7/2022 9:52:33,1.11.0,Free_feed,24,4.23,4,0,Pellet,Left,9,93,803,0,4.53,17,nan
2/7/2022 11:58:59,1.11.0,Free_feed,24,4.23,7,0,Pellet,Left,9,93,804,0,Timed_out,7586,nan
2/7/2022 11:59:18,1.11.0,Free_feed,24,4.23,1,0,Pellet,Left,9,93,805,0,11.34,19,nan
2/7/2022 11:59:34,1.11.0,Free_feed,24,4.24,1,0,Pellet,Left,9,93,806,0,9.56,16,nan
2/7/2022 11:59:52,1.11.0,Free_feed,24,4.24,6,0,Pellet,Left,9,93,807,0,0.67,18,nan
2/7/2022 12:00:08,1.11.0,Free_feed,24,4.23,2,0,Pellet,Left,9,93,808,0,7.41,16,nan
2/7/2022 12:00:23,1.11.0,Free_feed,24,4.23,3,0,Pellet,Left,9,93,809,0,4.84,15,nan
2/7/2022 12:00:38,1.11.0,Free_feed,24,4.23,1,0,Pellet,Left,9,93,810,0,8.09,15,nan
2/7/2022 12:00:54,1.11.0,Free_feed,24,4.24,1,0,Pellet,Left,9,93,811,0,9.01,16,nan
2/7/2022 12:01:10,1.11.0,Free_feed,24,4.23,2,0,Pellet,Left,9,93,812,0,6.80,16,nan
2/7/2022 12:01:25,1.11.0,Free_feed,24,4.23,2,0,Pellet,Left,9,93,813,0,5.51,15,nan
2/7/2022 14:49:30,1.11.0,Free_feed,24,4.23,1,0,Pellet,Left,9,93,814,0,Timed_out,10085,nan
2/7/2022 14:49:50,1.11.0,Free_feed,24,4.24,2,0,Pellet,Left,9,93,815,0,11.09,20,nan
2/7/2022 14:50:03,1.11.0,Free_feed,24,4.23,1,0,Pellet,Left,9,93,816,0,6.68,13,nan
2/7/2022 14:50:19,1.11.0,Free_feed,24,4.24,3,0,Pellet,Left,9,93,817,0,5.63,16,nan
2/7/2022 14:50:31,1.11.0,Free_feed,24,4.23,1,0,Pellet,Left,9,93,818,0,5.75,12,nan
2/7/2022 15:24:08,1.11.0,Free_feed,24,4.24,1,0,Pellet,Left,9,93,819,0,Timed_out,2017,nan
2/7/2022 15:24:49,1.11.0,Free_feed,24,4.24,2,0,Pellet,Left,9,93,820,0,32.34,41,nan
2/7/2022 15:25:09,1.11.0,Free_feed,24,4.23,7,0,Pellet,Left,9,93,821,0,0.48,20,nan
2/7/2022 15:25:21,1.11.0,Free_feed,24,4.23,2,0,Pellet,Left,9,93,822,0,3.12,12,nan
2/7/2022 15:25:36,1.11.0,Free_feed,24,4.24,3,0,Pellet,Left,9,93,823,0,4.41,15,nan
2/7/2022 15:25:51,1.11.0,Free_feed,24,4.23,1,0,Pellet,Left,9,93,824,0,8.16,15,nan
2/7/2022 15:26:06,1.11.0,Free_feed,24,4.24,1,0,Pellet,Left,9,93,825,0,7.91,15,nan
2/7/2022 15:26:20,1.11.0,Free_feed,24,4.24,1,0,Pellet,Left,9,93,826,0,7.11,14,nan
2/7/2022 15:26:34,1.11.0,Free_feed,24,4.24,2,0,Pellet,Left,9,93,827,0,5.51,14,nan
2/7/2022 15:26:46,1.11.0,Free_feed,24,4.23,1,0,Pellet,Left,9,93,828,0,5.21,12,nan
2/7/2022 17:11:10,1.11.0,Free_feed,24,4.23,1,0,Pellet,Left,9,93,829,0,Timed_out,6264,nan
2/7/2022 17:12:02,1.11.0,Free_feed,24,4.23,2,0,Pellet,Left,9,93,830,0,42.56,51,nan
2/7/2022 17:14:16,1.11.0,Free_feed,24,4.24,3,0,RightWithPellet,Left,9,94,830,0,nan,nan,0.21
2/7/2022 17:18:44,1.11.0,Free_feed,24,4.23,3,0,Pellet,Left,9,94,831,0,Timed_out,403,nan
2/7/2022 17:18:57,1.11.0,Free_feed,24,4.24,1,0,Pellet,Left,9,94,832,0,6.61,13,nan
2/7/2022 17:19:10,1.11.0,Free_feed,24,4.23,2,0,Pellet,Left,9,94,833,0,3.73,13,nan
2/7/2022 17:39:11,1.11.0,Free_feed,24,4.23,1,0,RightWithPellet,Left,9,95,833,0,nan,nan,0.34
2/7/2022 17:39:14,1.11.0,Free_feed,24,4.24,1,0,RightWithPellet,Left,9,96,833,0,nan,nan,0.25
2/7/2022 17:39:27,1.11.0,Free_feed,24,4.24,1,0,Pellet,Left,9,96,834,0,Timed_out,1217,nan
2/7/2022 17:39:57,1.11.0,Free_feed,24,4.23,1,0,RightWithPellet,Left,9,97,834,0,nan,nan,0.12
2/7/2022 17:39:57,1.11.0,Free_feed,24,4.23,1,0,RightWithPellet,Left,9,98,834,0,nan,nan,0.43
2/7/2022 17:40:47,1.11.0,Free_feed,24,4.24,1,0,RightWithPellet,Left,9,99,834,0,nan,nan,0.07
2/7/2022 19:03:10,1.11.0,Free_feed,24,4.23,1,0,Pellet,Left,9,99,835,0,Timed_out,5023,nan
2/7/2022 19:04:38,1.11.0,Free_feed,24,4.23,1,0,Pellet,Left,9,99,836,0,Timed_out,88,nan
2/7/2022 19:04:56,1.11.0,Free_feed,24,4.24,6,0,Pellet,Left,9,99,837,0,1.16,18,nan
2/7/2022 19:05:10,1.11.0,Free_feed,24,4.24,2,0,Pellet,Left,9,99,838,0,4.41,14,nan
2/7/2022 19:05:23,1.11.0,Free_feed,24,4.23,1,0,Pellet,Left,9,99,839,0,6.99,13,nan
2/7/2022 19:05:36,1.11.0,Free_feed,24,4.24,1,0,Pellet,Left,9,99,840,0,6.00,13,nan
2/7/2022 19:05:50,1.11.0,Free_feed,24,4.23,1,0,Pellet,Left,9,99,841,0,6.62,14,nan
2/7/2022 19:06:04,1.11.0,Free_feed,24,4.24,1,0,Pellet,Left,9,99,842,0,7.54,14,nan
2/7/2022 19:06:19,1.11.0,Free_feed,24,4.24,1,0,Pellet,Left,9,99,843,0,8.21,14,nan
2/7/2022 19:06:34,1.11.0,Free_feed,24,4.23,2,0,Pellet,Left,9,99,844,0,6.43,16,nan
2/7/2022 19:06:49,1.11.0,Free_feed,24,4.23,1,0,Pellet,Left,9,99,845,0,9.13,15,nan
2/7/2022 19:07:03,1.11.0,Free_feed,24,4.24,2,0,Pellet,Left,9,99,846,0,5.14,14,nan
2/7/2022 19:07:17,1.11.0,Free_feed,24,4.24,2,0,Pellet,Left,9,99,847,0,4.71,14,nan
2/7/2022 19:07:32,1.11.0,Free_feed,24,4.24,1,0,Pellet,Left,9,99,848,0,8.88,15,nan
2/7/2022 19:07:47,1.11.0,Free_feed,24,4.24,1,0,Pellet,Left,9,99,849,0,8.21,15,nan
2/7/2022 19:08:03,1.11.0,Free_feed,24,4.23,1,0,Pellet,Left,9,99,850,0,9.19,16,nan
2/7/2022 19:08:19,1.11.0,Free_feed,24,4.23,1,0,Pellet,Left,9,99,851,0,9.14,16,nan
2/7/2022 19:08:35,1.11.0,Free_feed,24,4.24,2,0,Pellet,Left,9,99,852,0,6.86,16,nan
2/7/2022 19:08:50,1.11.0,Free_feed,24,4.24,1,0,Pellet,Left,9,99,853,0,7.66,15,nan
2/7/2022 19:09:04,1.11.0,Free_feed,24,4.23,1,0,Pellet,Left,9,99,854,0,7.54,14,nan
2/7/2022 20:47:11,1.11.0,Free_feed,24,4.23,1,0,RightWithPellet,Left,9,100,854,0,nan,nan,1.18
2/7/2022 21:03:50,1.11.0,Free_feed,24,4.23,1,0,Pellet,Left,9,100,855,0,Timed_out,6886,nan
2/7/2022 21:04:05,1.11.0,Free_feed,24,4.23,1,0,Pellet,Left,9,100,856,0,8.83,15,nan
2/7/2022 21:04:18,1.11.0,Free_feed,24,4.23,1,0,Pellet,Left,9,100,857,0,5.39,13,nan
2/7/2022 21:04:31,1.11.0,Free_feed,24,4.24,2,0,Pellet,Left,9,100,858,0,4.65,13,nan
2/7/2022 21:04:45,1.11.0,Free_feed,24,4.24,2,0,Pellet,Left,9,100,859,0,5.82,14,nan
2/7/2022 21:05:01,1.11.0,Free_feed,24,4.24,1,0,Pellet,Left,9,100,860,0,8.89,16,nan
2/7/2022 21:14:16,1.11.0,Free_feed,24,4.23,1,0,RightWithPellet,Left,9,101,860,0,nan,nan,0.26
2/7/2022 21:33:07,1.11.0,Free_feed,24,4.24,1,0,RightWithPellet,Left,9,102,860,0,nan,nan,0.15
2/7/2022 21:33:22,1.11.0,Free_feed,24,4.23,1,0,RightWithPellet,Left,9,103,860,0,nan,nan,0.16
2/7/2022 21:45:40,1.11.0,Free_feed,24,4.23,1,0,RightWithPellet,Left,9,104,860,0,nan,nan,0.07
2/7/2022 21:45:49,1.11.0,Free_feed,24,4.23,1,0,Pellet,Left,9,104,861,0,Timed_out,2448,nan
2/7/2022 21:46:09,1.11.0,Free_feed,24,4.24,1,0,Pellet,Left,9,104,862,0,13.99,20,nan
2/7/2022 21:46:18,1.11.0,Free_feed,24,4.23,2,0,Pellet,Left,9,104,863,0,0.48,9,nan
2/7/2022 21:46:31,1.11.0,Free_feed,24,4.24,2,0,Pellet,Left,9,104,864,0,6.92,13,nan
2/7/2022 21:46:41,1.11.0,Free_feed,24,4.24,1,0,Pellet,Left,9,104,865,0,3.30,10,nan
2/7/2022 21:46:52,1.11.0,Free_feed,24,4.23,1,0,Pellet,Left,9,104,866,0,4.78,11,nan
2/7/2022 21:47:05,1.11.0,Free_feed,24,4.23,2,0,Pellet,Left,9,104,867,0,4.53,13,nan
2/7/2022 22:04:34,1.11.0,Free_feed,24,4.23,1,0,Pellet,Left,9,104,868,0,Timed_out,1049,nan
2/7/2022 22:04:47,1.11.0,Free_feed,24,4.24,3,0,Pellet,Left,9,104,869,0,2.57,13,nan
2/7/2022 22:04:57,1.11.0,Free_feed,24,4.23,1,0,Pellet,Left,9,104,870,0,2.93,10,nan
2/7/2022 22:05:08,1.11.0,Free_feed,24,4.24,1,0,Pellet,Left,9,104,871,0,4.53,11,nan
2/7/2022 22:05:19,1.11.0,Free_feed,24,4.24,3,0,Pellet,Left,9,104,872,0,0.67,11,nan
2/7/2022 22:05:31,1.11.0,Free_feed,24,4.24,3,0,Pellet,Left,9,104,873,0,1.40,12,nan
2/7/2022 22:05:43,1.11.0,Free_feed,24,4.24,1,0,Pellet,Left,9,104,874,0,5.33,12,nan
2/7/2022 22:05:56,1.11.0,Free_feed,24,4.23,1,0,Pellet,Left,9,104,875,0,6.68,13,nan
2/7/2022 22:06:09,1.11.0,Free_feed,24,4.23,1,0,Pellet,Left,9,104,876,0,6.68,13,nan
2/7/2022 22:06:20,1.11.0,Free_feed,24,4.24,1,0,Pellet,Left,9,104,877,0,4.78,11,nan
2/7/2022 22:10:11,1.11.0,Free_feed,24,4.24,1,0,RightWithPellet,Left,9,105,877,0,nan,nan,0.11
2/7/2022 22:40:52,1.11.0,Free_feed,24,4.23,1,0,Pellet,Left,9,105,878,0,Timed_out,2072,nan
2/7/2022 22:41:03,1.11.0,Free_feed,24,4.23,1,0,Pellet,Left,9,105,879,0,4.59,11,nan
2/7/2022 22:41:15,1.11.0,Free_feed,24,4.24,1,0,Pellet,Left,9,105,880,0,5.02,12,nan
2/7/2022 22:41:26,1.11.0,Free_feed,24,4.24,1,0,Pellet,Left,9,105,881,0,4.41,11,nan
2/7/2022 22:41:38,1.11.0,Free_feed,24,4.24,1,0,Pellet,Left,9,105,882,0,5.27,12,nan
2/7/2022 22:41:51,1.11.0,Free_feed,24,4.24,2,0,Pellet,Left,9,105,883,0,3.86,12,nan
2/7/2022 22:42:04,1.11.0,Free_feed,24,4.24,3,0,Pellet,Left,9,105,884,0,2.63,14,nan
2/7/2022 22:42:17,1.11.0,Free_feed,24,4.24,1,0,Pellet,Left,9,105,885,0,5.82,12,nan
2/7/2022 22:42:31,1.11.0,Free_feed,24,4.24,2,0,Pellet,Left,9,105,886,0,5.08,15,nan
2/7/2022 22:42:44,1.11.0,Free_feed,24,4.23,1,0,Pellet,Left,9,105,887,0,6.37,13,nan
2/7/2022 22:53:06,1.11.0,Free_feed,24,4.23,1,0,RightWithPellet,Left,9,106,887,0,nan,nan,0.28
2/7/2022 23:13:34,1.11.0,Free_feed,24,4.23,1,0,Pellet,Left,9,106,888,0,Timed_out,1850,nan
2/7/2022 23:25:38,1.11.0,Free_feed,24,4.23,1,0,Pellet,Left,9,106,889,0,Timed_out,724,nan
2/7/2022 23:25:53,1.11.0,Free_feed,24,4.23,2,0,Pellet,Left,9,106,890,0,8.22,15,nan
2/7/2022 23:26:06,1.11.0,Free_feed,24,4.23,1,0,Pellet,Left,9,106,891,0,6.13,13,nan
2/7/2022 23:26:19,1.11.0,Free_feed,24,4.23,1,0,Pellet,Left,9,106,892,0,5.64,12,nan
2/7/2022 23:26:32,1.11.0,Free_feed,24,4.24,2,0,Pellet,Left,9,106,893,0,4.66,14,nan
2/7/2022 23:26:47,1.11.0,Free_feed,24,4.24,1,0,Pellet,Left,9,106,894,0,9.02,15,nan
2/7/2022 23:27:02,1.11.0,Free_feed,24,4.24,1,0,Pellet,Left,9,106,895,0,8.03,15,nan
2/7/2022 23:27:15,1.11.0,Free_feed,24,4.24,1,0,Pellet,Left,9,106,896,0,6.37,13,nan
2/7/2022 23:27:30,1.11.0,Free_feed,24,4.24,1,0,Pellet,Left,9,106,897,0,8.09,15,nan
2/7/2022 23:27:44,1.11.0,Free_feed,24,4.23,1,0,Pellet,Left,9,106,898,0,6.80,14,nan
2/7/2022 23:33:04,1.11.0,Free_feed,24,4.23,1,0,RightWithPellet,Left,9,107,898,0,nan,nan,0.14
2/7/2022 23:33:42,1.11.0,Free_feed,24,4.24,1,0,LeftWithPellet,Left,10,107,898,0,nan,nan,0.36
2/7/2022 23:33:44,1.11.0,Free_feed,24,4.24,1,0,LeftWithPellet,Left,11,107,898,0,nan,nan,0.26
2/7/2022 23:34:12,1.11.0,Free_feed,24,4.24,1,0,Pellet,Left,11,107,899,0,Timed_out,388,nan
2/7/2022 23:34:24,1.11.0,Free_feed,24,4.24,2,0,Pellet,Left,11,107,900,0,2.69,12,nan
2/7/2022 23:34:37,1.11.0,Free_feed,24,4.23,1,0,Pellet,Left,11,107,901,0,6.92,13,nan
2/7/2022 23:37:28,1.11.0,Free_feed,24,4.24,1,0,RightWithPellet,Left,11,108,901,0,nan,nan,0.05
2/7/2022 23:56:17,1.11.0,Free_feed,24,4.23,1,0,Pellet,Left,11,108,902,0,Timed_out,1300,nan
2/7/2022 23:56:23,1.11.0,Free_feed,24,4.23,1,0,Pellet,Left,11,108,903,0,2.69,6,nan
2/7/2022 23:56:38,1.11.0,Free_feed,24,4.23,1,0,Pellet,Left,11,108,904,0,7.60,14,nan
2/7/2022 23:56:49,1.11.0,Free_feed,24,4.24,1,0,Pellet,Left,11,108,905,0,5.57,12,nan
2/7/2022 23:57:00,1.11.0,Free_feed,24,4.23,1,0,Pellet,Left,11,108,906,0,3.92,11,nan
2/7/2022 23:57:15,1.11.0,Free_feed,24,4.23,1,0,Pellet,Left,11,108,907,0,7.66,15,nan
2/7/2022 23:57:28,1.11.0,Free_feed,24,4.23,1,0,Pellet,Left,11,108,908,0,7.54,13,nan
2/7/2022 23:57:43,1.11.0,Free_feed,24,4.23,1,0,Pellet,Left,11,108,909,0,7.72,15,nan
2/7/2022 23:57:55,1.11.0,Free_feed,24,4.24,1,0,Pellet,Left,11,108,910,0,6.50,12,nan
2/7/2022 23:58:06,1.11.0,Free_feed,24,4.23,2,0,Pellet,Left,11,108,911,0,2.50,11,nan
2/8/2022 0:33:38,1.11.0,Free_feed,24,4.23,2,0,Pellet,Left,11,108,912,0,Timed_out,2132,nan
2/8/2022 0:33:53,1.11.0,Free_feed,24,4.23,2,0,Pellet,Left,11,108,913,0,7.54,15,nan
2/8/2022 0:34:05,1.11.0,Free_feed,24,4.24,1,0,Pellet,Left,11,108,914,0,5.76,12,nan
2/8/2022 0:34:17,1.11.0,Free_feed,24,4.24,1,0,Pellet,Left,11,108,915,0,6.37,12,nan
2/8/2022 0:34:31,1.11.0,Free_feed,24,4.23,2,0,Pellet,Left,11,108,916,0,5.08,14,nan
2/8/2022 0:34:41,1.11.0,Free_feed,24,4.23,1,0,Pellet,Left,11,108,917,0,2.93,10,nan
2/8/2022 1:10:56,1.11.0,Free_feed,24,4.23,1,0,Pellet,Left,11,108,918,0,Timed_out,2175,nan
2/8/2022 1:11:09,1.11.0,Free_feed,24,4.24,2,0,Pellet,Left,11,108,919,0,4.10,13,nan
2/8/2022 1:11:22,1.11.0,Free_feed,24,4.24,1,0,Pellet,Left,11,108,920,0,5.45,12,nan
2/8/2022 1:11:34,1.11.0,Free_feed,24,4.24,1,0,Pellet,Left,11,108,921,0,6.18,13,nan
2/8/2022 1:11:45,1.11.0,Free_feed,24,4.23,1,0,Pellet,Left,11,108,922,0,4.04,11,nan
2/8/2022 1:11:59,1.11.0,Free_feed,24,4.24,1,0,Pellet,Left,11,108,923,0,6.37,13,nan
2/8/2022 1:12:12,1.11.0,Free_feed,24,4.24,1,0,Pellet,Left,11,108,924,0,7.17,14,nan
2/8/2022 1:12:25,1.11.0,Free_feed,24,4.24,2,0,Pellet,Left,11,108,925,0,3.73,13,nan
2/8/2022 1:35:09,1.11.0,Free_feed,24,4.23,1,0,RightWithPellet,Left,11,109,925,0,nan,nan,0.55
2/8/2022 1:39:24,1.11.0,Free_feed,24,4.23,1,0,RightWithPellet,Left,11,110,925,0,nan,nan,0.25
2/8/2022 1:54:45,1.11.0,Free_feed,24,4.23,1,0,RightWithPellet,Left,11,111,925,0,nan,nan,0.06
2/8/2022 1:54:54,1.11.0,Free_feed,24,4.23,1,0,RightWithPellet,Left,11,112,925,0,nan,nan,0.05
2/8/2022 1:55:29,1.11.0,Free_feed,24,4.23,1,0,Pellet,Left,11,112,926,0,Timed_out,2584,nan
2/8/2022 1:55:39,1.11.0,Free_feed,24,4.23,1,0,Pellet,Left,11,112,927,0,3.61,10,nan
2/8/2022 1:55:47,1.11.0,Free_feed,24,4.23,2,0,Pellet,Left,11,112,928,0,0.97,8,nan
2/8/2022 1:55:58,1.11.0,Free_feed,24,4.24,1,0,Pellet,Left,11,112,929,0,4.35,11,nan
2/8/2022 1:56:08,1.11.0,Free_feed,24,4.23,1,0,Pellet,Left,11,112,930,0,2.44,10,nan
2/8/2022 1:56:20,1.11.0,Free_feed,24,4.23,1,0,Pellet,Left,11,112,931,0,5.82,12,nan
2/8/2022 1:56:31,1.11.0,Free_feed,24,4.24,1,0,Pellet,Left,11,112,932,0,4.04,11,nan
2/8/2022 1:56:45,1.11.0,Free_feed,24,4.24,1,0,Pellet,Left,11,112,933,0,6.80,14,nan
2/8/2022 1:56:56,1.11.0,Free_feed,24,4.23,1,0,Pellet,Left,11,112,934,0,3.79,11,nan
2/8/2022 2:07:28,1.11.0,Free_feed,24,4.23,1,0,Pellet,Left,11,112,935,0,Timed_out,632,nan
2/8/2022 2:24:23,1.11.0,Free_feed,24,4.24,1,0,RightWithPellet,Left,11,113,935,0,nan,nan,1.37
2/8/2022 2:45:27,1.11.0,Free_feed,24,4.23,1,0,RightWithPellet,Left,11,114,935,0,nan,nan,0.14
2/8/2022 2:45:35,1.11.0,Free_feed,24,4.24,1,0,RightWithPellet,Left,11,115,935,0,nan,nan,0.11
2/8/2022 2:45:55,1.11.0,Free_feed,24,4.23,1,0,RightWithPellet,Left,11,116,935,0,nan,nan,0.58
2/8/2022 2:45:56,1.11.0,Free_feed,24,4.23,1,0,RightWithPellet,Left,11,117,935,0,nan,nan,0.12
2/8/2022 2:45:59,1.11.0,Free_feed,24,4.23,1,0,Pellet,Left,11,117,936,0,Timed_out,2311,nan
2/8/2022 2:46:07,1.11.0,Free_feed,24,4.23,1,0,Pellet,Left,11,117,937,0,1.28,8,nan
2/8/2022 2:46:20,1.11.0,Free_feed,24,4.24,2,0,Pellet,Left,11,117,938,0,3.55,13,nan
2/8/2022 2:46:33,1.11.0,Free_feed,24,4.24,1,0,Pellet,Left,11,117,939,0,6.56,13,nan
2/8/2022 2:46:43,1.11.0,Free_feed,24,4.23,1,0,Pellet,Left,11,117,940,0,3.98,10,nan
2/8/2022 2:46:56,1.11.0,Free_feed,24,4.23,1,0,Pellet,Left,11,117,941,0,5.57,13,nan
2/8/2022 2:47:08,1.11.0,Free_feed,24,4.24,1,0,Pellet,Left,11,117,942,0,5.45,12,nan
2/8/2022 2:47:19,1.11.0,Free_feed,24,4.24,2,0,Pellet,Left,11,117,943,0,3.00,11,nan
2/8/2022 2:47:35,1.11.0,Free_feed,24,4.24,2,0,Pellet,Left,11,117,944,0,7.05,16,nan
2/8/2022 2:49:05,1.11.0,Free_feed,24,4.24,1,0,RightWithPellet,Left,11,118,944,0,nan,nan,0.17
2/8/2022 3:14:06,1.11.0,Free_feed,24,4.23,1,0,Pellet,Left,11,118,945,0,Timed_out,1591,nan
2/8/2022 3:28:45,1.11.0,Free_feed,24,4.23,1,0,Pellet,Left,11,118,946,0,Timed_out,879,nan
2/8/2022 3:54:06,1.11.0,Free_feed,24,4.23,1,0,Pellet,Left,11,118,947,0,Timed_out,1520,nan
2/8/2022 3:54:30,1.11.0,Free_feed,24,4.24,1,0,Pellet,Left,11,118,948,0,20.51,25,nan
2/8/2022 3:54:45,1.11.0,Free_feed,24,4.24,1,0,Pellet,Left,11,118,949,0,7.11,15,nan
2/8/2022 3:55:00,1.11.0,Free_feed,24,4.24,1,0,Pellet,Left,11,118,950,0,7.97,14,nan
2/8/2022 3:55:14,1.11.0,Free_feed,24,4.24,1,0,Pellet,Left,11,118,951,0,7.54,15,nan
2/8/2022 3:55:31,1.11.0,Free_feed,24,4.23,1,0,Pellet,Left,11,118,952,0,10.92,17,nan
2/8/2022 3:55:47,1.11.0,Free_feed,24,4.23,1,0,Pellet,Left,11,118,953,0,8.03,15,nan
2/8/2022 3:56:02,1.11.0,Free_feed,24,4.23,2,0,Pellet,Left,11,118,954,0,8.03,16,nan
2/8/2022 3:56:18,1.11.0,Free_feed,24,4.23,1,0,Pellet,Left,11,118,955,0,9.63,16,nan
2/8/2022 3:56:24,1.11.0,Free_feed,24,4.23,1,0,Pellet,Left,11,118,956,0,0.06,6,nan
2/8/2022 3:56:33,1.11.0,Free_feed,24,4.23,1,0,Pellet,Left,11,118,957,0,1.95,9,nan
2/8/2022 3:56:49,1.11.0,Free_feed,24,4.23,1,0,Pellet,Left,11,118,958,0,8.52,16,nan
2/8/2022 3:57:05,1.11.0,Free_feed,24,4.23,1,0,Pellet,Left,11,118,959,0,9.82,16,nan
2/8/2022 3:57:20,1.11.0,Free_feed,24,4.24,2,0,Pellet,Left,11,118,960,0,8.16,15,nan
2/8/2022 3:57:37,1.11.0,Free_feed,24,4.23,2,0,Pellet,Left,11,118,961,0,8.52,17,nan
2/8/2022 4:57:37,1.11.0,Free_feed,24,4.23,2,0,Pellet,Left,11,118,962,0,Timed_out,3600,nan
2/8/2022 4:57:59,1.11.0,Free_feed,24,4.24,1,0,Pellet,Left,11,118,963,0,14.98,22,nan
2/8/2022 4:58:15,1.11.0,Free_feed,24,4.24,2,0,Pellet,Left,11,118,964,0,6.80,15,nan
2/8/2022 4:58:30,1.11.0,Free_feed,24,4.24,1,0,Pellet,Left,11,118,965,0,8.28,16,nan
2/8/2022 4:58:46,1.11.0,Free_feed,24,4.24,1,0,Pellet,Left,11,118,966,0,9.44,16,nan
2/8/2022 4:59:05,1.11.0,Free_feed,24,4.24,1,0,Pellet,Left,11,118,967,0,12.09,19,nan
2/8/2022 4:59:18,1.11.0,Free_feed,24,4.24,2,0,Pellet,Left,11,118,968,0,5.82,13,nan
2/8/2022 4:59:33,1.11.0,Free_feed,24,4.24,2,0,Pellet,Left,11,118,969,0,8.22,15,nan
2/8/2022 4:59:47,1.11.0,Free_feed,24,4.24,2,0,Pellet,Left,11,118,970,0,6.99,14,nan
2/8/2022 5:58:42,1.11.0,Free_feed,24,4.23,1,0,Pellet,Left,11,118,971,0,Timed_out,3535,nan
2/8/2022 6:20:33,1.11.0,Free_feed,24,4.23,1,0,Pellet,Left,11,118,972,0,Timed_out,1311,nan
2/8/2022 6:20:37,1.11.0,Free_feed,24,4.24,1,0,Pellet,Left,11,118,973,0,2.38,4,nan
2/8/2022 6:20:49,1.11.0,Free_feed,24,4.24,1,0,Pellet,Left,11,118,974,0,5.02,12,nan
2/8/2022 6:21:06,1.11.0,Free_feed,24,4.24,1,0,Pellet,Left,11,118,975,0,10.43,17,nan
2/8/2022 6:21:19,1.11.0,Free_feed,24,4.24,1,0,Pellet,Left,11,118,976,0,6.68,13,nan
2/8/2022 6:21:34,1.11.0,Free_feed,24,4.23,3,0,Pellet,Left,11,118,977,0,6.00,15,nan
2/8/2022 6:21:48,1.11.0,Free_feed,24,4.23,1,0,Pellet,Left,11,118,978,0,7.29,14,nan
2/8/2022 6:22:02,1.11.0,Free_feed,24,4.23,1,0,Pellet,Left,11,118,979,0,7.05,14,nan
2/8/2022 6:58:11,1.11.0,Free_feed,24,4.24,1,0,RightWithPellet,Left,11,119,979,0,nan,nan,0.38
2/8/2022 7:11:36,1.11.0,Free_feed,24,4.24,1,0,Pellet,Left,11,119,980,0,Timed_out,2974,nan
2/8/2022 7:11:47,1.11.0,Free_feed,24,4.24,1,0,Pellet,Left,11,119,981,0,3.67,10,nan
2/8/2022 7:12:03,1.11.0,Free_feed,24,4.24,1,0,Pellet,Left,11,119,982,0,9.56,16,nan
2/8/2022 7:12:20,1.11.0,Free_feed,24,4.24,6,0,Pellet,Left,11,119,983,0,0.61,18,nan
2/8/2022 7:12:32,1.11.0,Free_feed,24,4.23,1,0,Pellet,Left,11,119,984,0,9.01,12,nan
2/8/2022 7:12:51,1.11.0,Free_feed,24,4.24,1,0,Pellet,Left,11,119,985,0,12.76,19,nan
2/8/2022 7:13:15,1.11.0,Free_feed,24,4.24,1,0,RightWithPellet,Left,11,120,985,0,nan,nan,0.17
2/8/2022 7:13:25,1.11.0,Free_feed,24,4.24,1,0,LeftWithPellet,Left,12,120,985,0,nan,nan,0.18
2/8/2022 7:17:01,1.11.0,Free_feed,24,4.24,1,0,RightWithPellet,Left,12,121,985,0,nan,nan,0.06
2/8/2022 7:17:02,1.11.0,Free_feed,24,4.23,1,0,RightWithPellet,Left,12,122,985,0,nan,nan,0.42
2/8/2022 7:17:10,1.11.0,Free_feed,24,4.23,1,0,RightWithPellet,Left,12,123,985,0,nan,nan,1.10
2/8/2022 7:17:50,1.11.0,Free_feed,24,4.24,1,0,RightWithPellet,Left,12,124,985,0,nan,nan,0.11
2/8/2022 7:22:18,1.11.0,Free_feed,24,4.23,1,0,RightWithPellet,Left,12,125,985,0,nan,nan,0.00
2/8/2022 7:22:26,1.11.0,Free_feed,24,4.24,1,0,RightWithPellet,Left,12,126,985,0,nan,nan,1.13
2/8/2022 7:22:34,1.11.0,Free_feed,24,4.24,1,0,RightWithPellet,Left,12,127,985,0,nan,nan,0.01
2/8/2022 7:22:36,1.11.0,Free_feed,24,4.24,1,0,RightWithPellet,Left,12,128,985,0,nan,nan,0.57
2/8/2022 7:22:40,1.11.0,Free_feed,24,4.23,1,0,RightWithPellet,Left,12,129,985,0,nan,nan,0.64
2/8/2022 7:23:42,1.11.0,Free_feed,24,4.24,1,0,RightWithPellet,Left,12,130,985,0,nan,nan,0.04
2/8/2022 7:55:30,1.11.0,Free_feed,24,4.23,1,0,RightWithPellet,Left,12,131,985,0,nan,nan,0.15
2/8/2022 7:55:32,1.11.0,Free_feed,24,4.23,1,0,Pellet,Left,12,131,986,0,Timed_out,2561,nan
2/8/2022 7:55:43,1.11.0,Free_feed,24,4.23,1,0,Pellet,Left,12,131,987,0,8.71,10,nan
2/8/2022 7:56:07,1.11.0,Free_feed,24,4.23,1,0,Pellet,Left,12,131,988,0,17.99,24,nan
2/8/2022 7:56:38,1.11.0,Free_feed,24,4.23,1,0,RightWithPellet,Left,12,132,988,0,nan,nan,0.06
2/8/2022 7:57:03,1.11.0,Free_feed,24,4.23,1,0,Pellet,Left,12,132,989,0,53.78,57,nan
2/8/2022 7:57:10,1.11.0,Free_feed,24,4.23,1,0,Pellet,Left,12,132,990,0,0.73,7,nan
2/8/2022 7:57:21,1.11.0,Free_feed,24,4.24,1,0,Pellet,Left,12,132,991,0,4.53,10,nan
2/8/2022 7:57:33,1.11.0,Free_feed,24,4.24,1,0,Pellet,Left,12,132,992,0,6.06,13,nan
2/8/2022 7:57:49,1.11.0,Free_feed,24,4.24,1,0,Pellet,Left,12,132,993,0,8.71,16,nan
2/8/2022 7:57:58,1.11.0,Free_feed,24,4.23,3,0,Pellet,Left,12,132,994,0,0.12,9,nan
2/8/2022 7:58:09,1.11.0,Free_feed,24,4.24,1,0,Pellet,Left,12,132,995,0,5.51,11,nan
2/8/2022 7:58:23,1.11.0,Free_feed,24,4.24,1,0,Pellet,Left,12,132,996,0,6.62,14,nan
2/8/2022 7:58:35,1.11.0,Free_feed,24,4.24,4,0,Pellet,Left,12,132,997,0,1.10,12,nan
2/8/2022 7:58:48,1.11.0,Free_feed,24,4.23,3,0,Pellet,Left,12,132,998,0,2.32,12,nan
2/8/2022 7:59:01,1.11.0,Free_feed,24,4.24,5,0,Pellet,Left,12,132,999,0,0.61,14,nan
2/8/2022 7:59:13,1.11.0,Free_feed,24,4.23,2,0,Pellet,Left,12,132,1000,0,5.08,12,nan
2/8/2022 7:59:26,1.11.0,Free_feed,24,4.24,2,0,Pellet,Left,12,132,1001,0,3.92,13,nan
2/8/2022 7:59:40,1.11.0,Free_feed,24,4.23,2,0,Pellet,Left,12,132,1002,0,4.53,14,nan
2/8/2022 7:59:54,1.11.0,Free_feed,24,4.24,2,0,Pellet,Left,12,132,1003,0,6.07,14,nan
2/8/2022 8:00:05,1.11.0,Free_feed,24,4.23,1,0,Pellet,Left,12,132,1004,0,3.73,11,nan
2/8/2022 8:00:22,1.11.0,Free_feed,24,4.24,1,0,Pellet,Left,12,132,1005,0,10.61,17,nan
2/8/2022 8:00:37,1.11.0,Free_feed,24,4.24,1,0,Pellet,Left,12,132,1006,0,9.32,15,nan
2/8/2022 8:00:53,1.11.0,Free_feed,24,4.24,1,0,Pellet,Left,12,132,1007,0,8.40,15,nan
2/8/2022 8:16:32,1.11.0,Free_feed,24,4.24,1,0,LeftWithPellet,Left,13,132,1007,0,nan,nan,0.36
2/8/2022 8:27:41,1.11.0,Free_feed,24,4.23,1,0,RightWithPellet,Left,13,133,1007,0,nan,nan,0.08
2/8/2022 8:27:44,1.11.0,Free_feed,24,4.23,1,0,RightWithPellet,Left,13,134,1007,0,nan,nan,0.14
2/8/2022 8:46:52,1.11.0,Free_feed,24,4.23,1,0,RightWithPellet,Left,13,135,1007,0,nan,nan,0.28
2/8/2022 8:48:46,1.11.0,Free_feed,24,4.23,1,0,RightWithPellet,Left,13,136,1007,0,nan,nan,0.16
2/8/2022 10:50:04,1.11.0,Free_feed,24,4.23,1,0,Pellet,Left,13,136,1008,0,Timed_out,10152,nan
2/8/2022 10:50:06,1.11.0,Free_feed,24,4.23,1,0,Pellet,Left,13,136,1009,0,0.97,2,nan
2/8/2022 10:51:25,1.11.0,Free_feed,24,4.23,16,0,Pellet,Left,13,136,1010,0,28.83,78,nan
2/8/2022 10:59:03,1.11.0,Free_feed,24,4.23,7,0,RightWithPellet,Left,13,137,1010,0,nan,nan,0.32
2/8/2022 11:30:34,1.11.0,Free_feed,24,4.24,7,0,Pellet,Left,13,137,1011,0,Timed_out,2350,nan
