MM:DD:YYYY hh:mm:ss,Library_Version,Session_type,Device_Number,Battery_Voltage,Motor_Turns,FR,Event,Active_Poke,Left_Poke_Count,Right_Poke_Count,Pellet_Count,Block_Pellet_Count,Retrieval_Time,InterPelletInterval,Poke_Time
5/2/2022 16:09:30,1.8.1,Free_feed,2,4.14,8,1,Pellet,Left,0,0,1,0,Timed_out,nan,nan
5/2/2022 16:09:31,1.8.1,Free_feed,2,4.15,1,1,Pellet,Left,0,0,2,0,0.06,1,nan
5/2/2022 16:14:30,1.8.1,Free_feed,2,4.14,1,1,Pellet,Left,0,0,3,0,Timed_out,299,nan
5/2/2022 16:14:32,1.8.1,Free_feed,2,4.14,1,1,Pellet,Left,0,0,4,0,0.18,2,nan
5/2/2022 16:18:25,1.8.1,Free_feed,2,4.14,1,1,Pellet,Left,0,0,5,0,Timed_out,233,nan
5/2/2022 16:19:31,1.8.1,Free_feed,2,4.14,1,1,Pellet,Left,0,0,6,0,59.11,66,nan
5/2/2022 16:19:32,1.8.1,Free_feed,2,4.15,1,1,Pellet,Left,0,0,7,0,0.06,1,nan
5/2/2022 16:19:47,1.8.1,Free_feed,2,4.14,1,1,Pellet,Left,0,0,8,0,7.59,15,nan
5/2/2022 16:20:40,1.8.1,Free_feed,2,4.14,1,1,Pellet,Left,0,0,9,0,51.41,52,nan
5/2/2022 16:20:40,1.8.1,Free_feed,2,4.15,1,1,Pellet,Left,0,0,10,0,0.06,1,nan
5/2/2022 16:20:42,1.8.1,Free_feed,2,4.14,1,1,Pellet,Left,0,0,11,0,0.85,2,nan
5/2/2022 16:20:43,1.8.1,Free_feed,2,4.15,1,1,Pellet,Left,0,0,12,0,0.12,1,nan
5/2/2022 16:20:48,1.8.1,Free_feed,2,4.14,1,1,Pellet,Left,0,0,13,0,0.06,5,nan
5/2/2022 16:20:49,1.8.1,Free_feed,2,4.14,1,1,Pellet,Left,0,0,14,0,0.06,1,nan
5/2/2022 16:46:14,1.8.1,Free_feed,2,4.14,1,1,Pellet,Left,0,0,15,0,Timed_out,1525,nan
5/2/2022 16:46:15,1.8.1,Free_feed,2,4.14,1,1,Pellet,Left,0,0,16,0,0.18,1,nan
5/2/2022 16:46:16,1.8.1,Free_feed,2,4.14,1,1,Pellet,Left,0,0,17,0,0.36,1,nan
5/2/2022 16:51:08,1.8.1,Free_feed,2,4.14,1,1,Pellet,Left,0,0,18,0,Timed_out,292,nan
5/2/2022 16:51:12,1.8.1,Free_feed,2,4.14,1,1,Pellet,Left,0,0,19,0,2.32,4,nan
5/2/2022 16:54:04,1.8.1,Free_feed,2,4.14,1,1,Pellet,Left,0,0,20,0,Timed_out,172,nan
5/2/2022 16:54:05,1.8.1,Free_feed,2,4.14,1,1,Pellet,Left,0,0,21,0,0.06,1,nan
5/2/2022 17:03:03,1.8.1,Free_feed,2,4.14,1,1,Pellet,Left,0,0,22,0,Timed_out,538,nan
5/2/2022 17:11:02,1.8.1,Free_feed,2,4.14,1,1,Pellet,Left,0,0,23,0,Timed_out,479,nan
5/2/2022 17:11:03,1.8.1,Free_feed,2,4.14,1,1,Pellet,Left,0,0,24,0,0.24,1,nan
5/2/2022 17:12:14,1.8.1,Free_feed,2,4.14,1,1,Pellet,Left,0,0,25,0,Timed_out,71,nan
5/2/2022 17:12:15,1.8.1,Free_feed,2,4.14,1,1,Pellet,Left,0,0,26,0,0.36,1,nan
5/2/2022 17:27:18,1.8.1,Free_feed,2,4.14,1,1,Pellet,Left,0,0,27,0,Timed_out,903,nan
5/2/2022 17:27:49,1.8.1,Free_feed,2,4.14,1,1,Pellet,Left,0,0,28,0,29.80,31,nan
5/2/2022 17:27:50,1.8.1,Free_feed,2,4.14,1,1,Pellet,Left,0,0,29,0,0.06,1,nan
5/2/2022 17:27:53,1.8.1,Free_feed,2,4.14,1,1,Pellet,Left,0,0,30,0,0.12,3,nan
5/2/2022 17:28:23,1.8.1,Free_feed,2,4.14,1,1,Pellet,Left,0,0,31,0,22.84,30,nan
5/2/2022 17:36:02,1.8.1,Free_feed,2,4.14,1,1,Pellet,Left,0,0,32,0,Timed_out,459,nan
5/2/2022 17:43:46,1.8.1,Free_feed,2,4.14,1,1,Pellet,Left,0,0,33,0,Timed_out,464,nan
5/2/2022 17:44:10,1.8.1,Free_feed,2,4.14,2,1,Pellet,Left,0,0,34,0,14.78,23,nan
5/2/2022 17:44:10,1.8.1,Free_feed,2,4.14,1,1,Pellet,Left,0,0,35,0,0.06,1,nan
5/2/2022 17:44:17,1.8.1,Free_feed,2,4.14,1,1,Pellet,Left,0,0,36,0,0.79,7,nan
5/2/2022 17:49:16,1.8.1,Free_feed,2,4.14,1,1,Pellet,Left,0,0,37,0,Timed_out,299,nan
5/2/2022 17:49:18,1.8.1,Free_feed,2,4.14,1,1,Pellet,Left,0,0,38,0,0.79,2,nan
5/2/2022 17:49:20,1.8.1,Free_feed,2,4.14,1,1,Pellet,Left,0,0,39,0,0.06,1,nan
5/2/2022 17:53:06,1.8.1,Free_feed,2,4.13,1,1,Pellet,Left,0,0,40,0,Timed_out,227,nan
5/2/2022 17:53:08,1.8.1,Free_feed,2,4.14,1,1,Pellet,Left,0,0,41,0,1.28,2,nan
5/2/2022 18:08:49,1.8.1,Free_feed,2,4.14,1,1,Pellet,Left,0,0,42,0,Timed_out,941,nan
5/2/2022 18:14:43,1.8.1,Free_feed,2,4.14,1,1,Pellet,Left,0,0,43,0,Timed_out,354,nan
5/2/2022 18:14:44,1.8.1,Free_feed,2,4.14,1,1,Pellet,Left,0,0,44,0,0.12,1,nan
5/2/2022 18:15:52,1.8.1,Free_feed,2,4.14,1,1,Pellet,Left,0,0,45,0,Timed_out,68,nan
5/2/2022 18:15:54,1.8.1,Free_feed,2,4.14,1,1,Pellet,Left,0,0,46,0,0.97,2,nan
5/2/2022 18:15:55,1.8.1,Free_feed,2,4.14,1,1,Pellet,Left,0,0,47,0,0.06,1,nan
5/2/2022 18:16:09,1.8.1,Free_feed,2,4.14,1,1,Pellet,Left,0,0,48,0,12.51,14,nan
5/2/2022 18:16:16,1.8.1,Free_feed,2,4.14,2,1,Pellet,Left,0,0,49,0,0.73,7,nan
5/2/2022 18:28:27,1.8.1,Free_feed,2,4.14,2,1,Pellet,Left,0,0,50,0,Timed_out,731,nan
5/2/2022 18:49:57,1.8.1,Free_feed,2,4.14,1,1,Pellet,Left,0,0,51,0,Timed_out,1290,nan
5/2/2022 19:07:00,1.8.1,Free_feed,2,4.14,1,1,Pellet,Left,0,0,52,0,Timed_out,1023,nan
5/2/2022 19:07:01,1.8.1,Free_feed,2,4.14,1,1,Pellet,Left,0,0,53,0,0.30,1,nan
5/2/2022 19:07:01,1.8.1,Free_feed,2,4.14,1,1,Pellet,Left,0,0,54,0,0.06,0,nan
5/2/2022 19:07:31,1.8.1,Free_feed,2,4.13,1,1,Pellet,Left,0,0,55,0,22.41,29,nan
5/2/2022 19:07:33,1.8.1,Free_feed,2,4.13,1,1,Pellet,Left,0,0,56,0,0.36,2,nan
5/2/2022 19:08:05,1.8.1,Free_feed,2,4.13,1,1,Pellet,Left,0,0,57,0,26.41,33,nan
5/2/2022 19:16:55,1.8.1,Free_feed,2,4.14,1,1,Pellet,Left,0,0,58,0,Timed_out,530,nan
5/2/2022 19:22:08,1.8.1,Free_feed,2,4.13,1,1,Pellet,Left,0,0,59,0,Timed_out,313,nan
5/2/2022 19:23:22,1.8.1,Free_feed,2,4.13,1,1,Pellet,Left,0,0,60,0,Timed_out,74,nan
5/2/2022 19:29:16,1.8.1,Free_feed,2,4.13,1,1,Pellet,Left,0,0,61,0,Timed_out,354,nan
5/2/2022 19:29:18,1.8.1,Free_feed,2,4.13,1,1,Pellet,Left,0,0,62,0,0.30,2,nan
5/2/2022 19:29:46,1.8.1,Free_feed,2,4.14,1,1,Pellet,Left,0,0,63,0,21.73,28,nan
5/2/2022 19:37:24,1.8.1,Free_feed,2,4.13,1,1,Pellet,Left,0,0,64,0,Timed_out,458,nan
5/2/2022 19:37:25,1.8.1,Free_feed,2,4.13,1,1,Pellet,Left,0,0,65,0,0.06,1,nan
5/2/2022 19:39:52,1.8.1,Free_feed,2,4.14,1,1,Pellet,Left,0,0,66,0,Timed_out,147,nan
5/2/2022 19:41:48,1.8.1,Free_feed,2,4.13,2,1,Pellet,Left,0,0,67,0,Timed_out,116,nan
5/2/2022 19:41:50,1.8.1,Free_feed,2,4.13,1,1,Pellet,Left,0,0,68,0,0.12,2,nan
5/2/2022 19:41:57,1.8.1,Free_feed,2,4.13,2,1,Pellet,Left,0,0,69,0,4.04,7,nan
5/2/2022 19:41:59,1.8.1,Free_feed,2,4.14,1,1,Pellet,Left,0,0,70,0,0.18,2,nan
5/2/2022 19:42:07,1.8.1,Free_feed,2,4.13,1,1,Pellet,Left,0,0,71,0,5.26,8,nan
5/2/2022 19:42:09,1.8.1,Free_feed,2,4.13,1,1,Pellet,Left,0,0,72,0,0.48,2,nan
5/2/2022 19:47:07,1.8.1,Free_feed,2,4.13,2,1,Pellet,Left,0,0,73,0,Timed_out,298,nan
5/2/2022 19:50:46,1.8.1,Free_feed,2,4.13,2,1,Pellet,Left,0,0,74,0,Timed_out,219,nan
5/2/2022 19:50:47,1.8.1,Free_feed,2,4.13,1,1,Pellet,Left,0,0,75,0,0.30,1,nan
5/2/2022 19:54:49,1.8.1,Free_feed,2,4.13,2,1,Pellet,Left,0,0,76,0,Timed_out,242,nan
5/2/2022 20:10:15,1.8.1,Free_feed,2,4.13,1,1,Pellet,Left,0,0,77,0,Timed_out,926,nan
5/2/2022 20:17:22,1.8.1,Free_feed,2,4.12,1,1,Pellet,Left,0,0,78,0,Timed_out,427,nan
5/2/2022 20:17:23,1.8.1,Free_feed,2,4.12,1,1,Pellet,Left,0,0,79,0,0.06,1,nan
5/2/2022 20:18:02,1.8.1,Free_feed,2,4.12,1,1,Pellet,Left,0,0,80,0,32.99,39,nan
5/2/2022 20:22:30,1.8.1,Free_feed,2,4.12,2,1,Pellet,Left,0,0,81,0,Timed_out,268,nan
5/2/2022 20:32:54,1.8.1,Free_feed,2,4.13,1,1,Pellet,Left,0,0,82,0,Timed_out,624,nan
5/2/2022 20:36:51,1.8.1,Free_feed,2,4.13,2,1,Pellet,Left,0,0,83,0,Timed_out,236,nan
5/2/2022 20:39:39,1.8.1,Free_feed,2,4.12,1,1,Pellet,Left,0,0,84,0,Timed_out,169,nan
5/2/2022 20:46:15,1.8.1,Free_feed,2,4.12,1,1,Pellet,Left,0,0,85,0,Timed_out,396,nan
5/2/2022 20:46:36,1.8.1,Free_feed,2,4.13,1,1,Pellet,Left,0,0,86,0,14.48,21,nan
5/2/2022 20:46:45,1.8.1,Free_feed,2,4.12,1,1,Pellet,Left,0,0,87,0,2.63,9,nan
5/2/2022 20:54:35,1.8.1,Free_feed,2,4.12,1,1,Pellet,Left,0,0,88,0,Timed_out,470,nan
5/2/2022 20:59:48,1.8.1,Free_feed,2,4.13,1,1,Pellet,Left,0,0,89,0,Timed_out,313,nan
5/2/2022 20:59:49,1.8.1,Free_feed,2,4.12,1,1,Pellet,Left,0,0,90,0,0.06,1,nan
5/2/2022 21:04:59,1.8.1,Free_feed,2,4.12,1,1,Pellet,Left,0,0,91,0,Timed_out,310,nan
5/2/2022 21:14:13,1.8.1,Free_feed,2,4.12,1,1,Pellet,Left,0,0,92,0,Timed_out,554,nan
5/2/2022 21:14:37,1.8.1,Free_feed,2,4.12,1,1,Pellet,Left,0,0,93,0,17.05,24,nan
5/2/2022 21:14:43,1.8.1,Free_feed,2,4.12,2,1,Pellet,Left,0,0,94,0,0.06,6,nan
5/2/2022 21:17:53,1.8.1,Free_feed,2,4.12,1,1,Pellet,Left,0,0,95,0,Timed_out,190,nan
5/2/2022 21:17:53,1.8.1,Free_feed,2,4.12,1,1,Pellet,Left,0,0,96,0,0.18,0,nan
5/2/2022 21:21:59,1.8.1,Free_feed,2,4.12,1,1,Pellet,Left,0,0,97,0,Timed_out,246,nan
5/2/2022 21:23:10,1.8.1,Free_feed,2,4.12,1,1,Pellet,Left,0,0,98,0,Timed_out,71,nan
5/2/2022 21:31:13,1.8.1,Free_feed,2,4.12,1,1,Pellet,Left,0,0,99,0,Timed_out,483,nan
5/2/2022 21:31:39,1.8.1,Free_feed,2,4.12,1,1,Pellet,Left,0,0,100,0,19.45,26,nan
5/2/2022 21:43:23,1.8.1,Free_feed,2,4.12,2,1,Pellet,Left,0,0,101,0,Timed_out,704,nan
5/2/2022 21:48:55,1.8.1,Free_feed,2,4.12,1,1,Pellet,Left,0,0,102,0,Timed_out,332,nan
5/2/2022 21:54:41,1.8.1,Free_feed,2,4.12,1,1,Pellet,Left,0,0,103,0,Timed_out,346,nan
5/2/2022 21:57:40,1.8.1,Free_feed,2,4.12,1,1,Pellet,Left,0,0,104,0,Timed_out,178,nan
5/2/2022 21:57:41,1.8.1,Free_feed,2,4.12,1,1,Pellet,Left,0,0,105,0,0.06,2,nan
5/2/2022 22:02:23,1.8.1,Free_feed,2,4.12,1,1,Pellet,Left,0,0,106,0,Timed_out,282,nan
5/2/2022 22:05:49,1.8.1,Free_feed,2,4.12,1,1,Pellet,Left,0,0,107,0,Timed_out,206,nan
5/2/2022 22:06:16,1.8.1,Free_feed,2,4.12,1,1,Pellet,Left,0,0,108,0,25.06,26,nan
5/2/2022 22:09:16,1.8.1,Free_feed,2,4.12,1,1,Pellet,Left,0,0,109,0,Timed_out,181,nan
5/2/2022 22:14:00,1.8.1,Free_feed,2,4.12,1,1,Pellet,Left,0,0,110,0,Timed_out,284,nan
5/2/2022 22:18:04,1.8.1,Free_feed,2,4.12,1,1,Pellet,Left,0,0,111,0,Timed_out,244,nan
5/2/2022 22:21:29,1.8.1,Free_feed,2,4.12,1,1,Pellet,Left,0,0,112,0,Timed_out,205,nan
5/2/2022 22:34:36,1.8.1,Free_feed,2,4.12,1,1,Pellet,Left,0,0,113,0,Timed_out,787,nan
5/2/2022 22:39:24,1.8.1,Free_feed,2,4.12,1,1,Pellet,Left,0,0,114,0,Timed_out,288,nan
5/2/2022 22:45:58,1.8.1,Free_feed,2,4.12,1,1,Pellet,Left,0,0,115,0,Timed_out,394,nan
5/2/2022 22:45:59,1.8.1,Free_feed,2,4.12,1,1,Pellet,Left,0,0,116,0,0.06,1,nan
5/2/2022 22:52:16,1.8.1,Free_feed,2,4.12,1,1,Pellet,Left,0,0,117,0,Timed_out,377,nan
5/2/2022 22:55:05,1.8.1,Free_feed,2,4.12,2,1,Pellet,Left,0,0,118,0,Timed_out,169,nan
5/2/2022 23:00:02,1.8.1,Free_feed,2,4.12,1,1,Pellet,Left,0,0,119,0,Timed_out,297,nan
5/2/2022 23:08:55,1.8.1,Free_feed,2,4.12,1,1,Pellet,Left,0,0,120,0,Timed_out,533,nan
5/2/2022 23:17:01,1.8.1,Free_feed,2,4.12,1,1,Pellet,Left,0,0,121,0,Timed_out,485,nan
5/2/2022 23:19:29,1.8.1,Free_feed,2,4.12,2,1,Pellet,Left,0,0,122,0,Timed_out,149,nan
5/2/2022 23:19:54,1.8.1,Free_feed,2,4.12,1,1,Pellet,Left,0,0,123,0,19.21,25,nan
5/2/2022 23:23:06,1.8.1,Free_feed,2,4.12,1,1,Pellet,Left,0,0,124,0,Timed_out,192,nan
5/2/2022 23:23:07,1.8.1,Free_feed,2,4.12,1,1,Pellet,Left,0,0,125,0,0.06,1,nan
5/2/2022 23:23:23,1.8.1,Free_feed,2,4.12,2,1,Pellet,Left,0,0,126,0,8.03,16,nan
5/2/2022 23:29:06,1.8.1,Free_feed,2,4.12,1,1,Pellet,Left,0,0,127,0,Timed_out,343,nan
5/2/2022 23:29:07,1.8.1,Free_feed,2,4.12,1,1,Pellet,Left,0,0,128,0,0.12,1,nan
5/2/2022 23:29:29,1.8.1,Free_feed,2,4.12,1,1,Pellet,Left,0,0,129,0,14.79,22,nan
5/2/2022 23:29:30,1.8.1,Free_feed,2,4.12,1,1,Pellet,Left,0,0,130,0,0.06,1,nan
5/2/2022 23:29:31,1.8.1,Free_feed,2,4.12,1,1,Pellet,Left,0,0,131,0,0.06,1,nan
5/2/2022 23:32:37,1.8.1,Free_feed,2,4.12,1,1,Pellet,Left,0,0,132,0,Timed_out,186,nan
5/2/2022 23:32:38,1.8.1,Free_feed,2,4.12,1,1,Pellet,Left,0,0,133,0,0.06,1,nan
5/2/2022 23:32:39,1.8.1,Free_feed,2,4.12,1,1,Pellet,Left,0,0,134,0,0.06,1,nan
5/2/2022 23:40:25,1.8.1,Free_feed,2,4.12,1,1,Pellet,Left,0,0,135,0,Timed_out,466,nan
5/2/2022 23:47:57,1.8.1,Free_feed,2,4.12,1,1,Pellet,Left,0,0,136,0,Timed_out,452,nan
5/2/2022 23:55:14,1.8.1,Free_feed,2,4.11,1,1,Pellet,Left,0,0,137,0,Timed_out,437,nan
5/2/2022 23:55:16,1.8.1,Free_feed,2,4.12,1,1,Pellet,Left,0,0,138,0,0.55,2,nan
5/3/2022 0:01:30,1.8.1,Free_feed,2,4.11,1,1,Pellet,Left,0,0,139,0,Timed_out,374,nan
5/3/2022 0:06:03,1.8.1,Free_feed,2,4.11,1,1,Pellet,Left,0,0,140,0,Timed_out,273,nan
5/3/2022 0:06:04,1.8.1,Free_feed,2,4.12,1,1,Pellet,Left,0,0,141,0,0.06,1,nan
5/3/2022 0:10:28,1.8.1,Free_feed,2,4.11,1,1,Pellet,Left,0,0,142,0,Timed_out,264,nan
5/3/2022 0:13:17,1.8.1,Free_feed,2,4.12,2,1,Pellet,Left,0,0,143,0,Timed_out,169,nan
5/3/2022 0:25:22,1.8.1,Free_feed,2,4.12,1,1,Pellet,Left,0,0,144,0,Timed_out,725,nan
5/3/2022 0:25:25,1.8.1,Free_feed,2,4.12,1,1,Pellet,Left,0,0,145,0,0.30,3,nan
5/3/2022 0:25:50,1.8.1,Free_feed,2,4.11,2,1,Pellet,Left,0,0,146,0,16.32,25,nan
5/3/2022 0:25:51,1.8.1,Free_feed,2,4.12,1,1,Pellet,Left,0,0,147,0,0.06,1,nan
5/3/2022 0:29:27,1.8.1,Free_feed,2,4.11,1,1,Pellet,Left,0,0,148,0,Timed_out,216,nan
5/3/2022 0:29:28,1.8.1,Free_feed,2,4.11,1,1,Pellet,Left,0,0,149,0,0.06,1,nan
5/3/2022 0:29:30,1.8.1,Free_feed,2,4.12,1,1,Pellet,Left,0,0,150,0,0.06,2,nan
5/3/2022 0:29:34,1.8.1,Free_feed,2,4.12,1,1,Pellet,Left,0,0,151,0,3.30,4,nan
5/3/2022 0:30:39,1.8.1,Free_feed,2,4.12,1,1,Pellet,Left,0,0,152,0,58.31,65,nan
5/3/2022 0:34:29,1.8.1,Free_feed,2,4.11,1,1,Pellet,Left,0,0,153,0,Timed_out,230,nan
5/3/2022 0:46:09,1.8.1,Free_feed,2,4.11,1,1,Pellet,Left,0,0,154,0,Timed_out,700,nan
5/3/2022 0:46:10,1.8.1,Free_feed,2,4.11,1,1,Pellet,Left,0,0,155,0,0.18,1,nan
5/3/2022 0:47:33,1.8.1,Free_feed,2,4.12,2,1,Pellet,Left,0,0,156,0,Timed_out,83,nan
5/3/2022 0:50:54,1.8.1,Free_feed,2,4.12,1,1,Pellet,Left,0,0,157,0,Timed_out,201,nan
5/3/2022 0:51:21,1.8.1,Free_feed,2,4.12,1,1,Pellet,Left,0,0,158,0,25.67,27,nan
5/3/2022 0:58:30,1.8.1,Free_feed,2,4.11,1,1,Pellet,Left,0,0,159,0,Timed_out,429,nan
5/3/2022 1:03:47,1.8.1,Free_feed,2,4.11,1,1,Pellet,Left,0,0,160,0,Timed_out,317,nan
5/3/2022 1:09:28,1.8.1,Free_feed,2,4.11,1,1,Pellet,Left,0,0,161,0,Timed_out,341,nan
5/3/2022 1:16:22,1.8.1,Free_feed,2,4.11,1,1,Pellet,Left,0,0,162,0,Timed_out,414,nan
5/3/2022 1:25:03,1.8.1,Free_feed,2,4.11,1,1,Pellet,Left,0,0,163,0,Timed_out,521,nan
5/3/2022 1:25:04,1.8.1,Free_feed,2,4.11,1,1,Pellet,Left,0,0,164,0,0.36,1,nan
5/3/2022 1:35:29,1.8.1,Free_feed,2,4.11,1,1,Pellet,Left,0,0,165,0,Timed_out,625,nan
5/3/2022 1:46:05,1.8.1,Free_feed,2,4.11,1,1,Pellet,Left,0,0,166,0,Timed_out,636,nan
5/3/2022 2:12:04,1.8.1,Free_feed,2,4.11,1,1,Pellet,Left,0,0,167,0,Timed_out,1559,nan
5/3/2022 2:36:28,1.8.1,Free_feed,2,4.11,1,1,Pellet,Left,0,0,168,0,Timed_out,1464,nan
5/3/2022 2:36:29,1.8.1,Free_feed,2,4.11,1,1,Pellet,Left,0,0,169,0,0.06,1,nan
5/3/2022 3:04:33,1.8.1,Free_feed,2,4.11,1,1,Pellet,Left,0,0,170,0,Timed_out,1684,nan
5/3/2022 3:05:13,1.8.1,Free_feed,2,4.11,1,1,Pellet,Left,0,0,171,0,33.67,40,nan
5/3/2022 3:06:05,1.8.1,Free_feed,2,4.11,1,1,Pellet,Left,0,0,172,0,45.24,52,nan
5/3/2022 3:07:36,1.8.1,Free_feed,2,4.11,1,1,Pellet,Left,0,0,173,0,Timed_out,91,nan
5/3/2022 3:07:37,1.8.1,Free_feed,2,4.11,1,1,Pellet,Left,0,0,174,0,0.67,1,nan
5/3/2022 3:08:00,1.8.1,Free_feed,2,4.11,2,1,Pellet,Left,0,0,175,0,15.88,23,nan
5/3/2022 3:08:05,1.8.1,Free_feed,2,4.11,1,1,Pellet,Left,0,0,176,0,0.67,5,nan
5/3/2022 3:08:49,1.8.1,Free_feed,2,4.11,1,1,Pellet,Left,0,0,177,0,37.07,44,nan
5/3/2022 3:09:14,1.8.1,Free_feed,2,4.11,1,1,Pellet,Left,0,0,178,0,18.53,25,nan
5/3/2022 3:12:15,1.8.1,Free_feed,2,4.11,2,1,Pellet,Left,0,0,179,0,Timed_out,181,nan
5/3/2022 3:31:15,1.8.1,Free_feed,2,4.11,1,1,Pellet,Left,0,0,180,0,Timed_out,1140,nan
5/3/2022 3:40:22,1.8.1,Free_feed,2,4.11,1,1,Pellet,Left,0,0,181,0,Timed_out,547,nan
5/3/2022 3:40:24,1.8.1,Free_feed,2,4.11,1,1,Pellet,Left,0,0,182,0,0.06,2,nan
5/3/2022 3:54:45,1.8.1,Free_feed,2,4.11,1,1,Pellet,Left,0,0,183,0,Timed_out,861,nan
5/3/2022 3:55:11,1.8.1,Free_feed,2,4.11,2,1,Pellet,Left,0,0,184,0,17.67,26,nan
5/3/2022 3:55:43,1.8.1,Free_feed,2,4.11,1,1,Pellet,Left,0,0,185,0,25.31,32,nan
5/3/2022 3:56:09,1.8.1,Free_feed,2,4.11,1,1,Pellet,Left,0,0,186,0,25.07,26,nan
5/3/2022 3:56:35,1.8.1,Free_feed,2,4.11,2,1,Pellet,Left,0,0,187,0,19.52,26,nan
5/3/2022 3:56:37,1.8.1,Free_feed,2,4.11,1,1,Pellet,Left,0,0,188,0,0.36,2,nan
5/3/2022 4:03:04,1.8.1,Free_feed,2,4.11,1,1,Pellet,Left,0,0,189,0,Timed_out,387,nan
5/3/2022 4:03:05,1.8.1,Free_feed,2,4.11,1,1,Pellet,Left,0,0,190,0,0.06,1,nan
5/3/2022 4:14:02,1.8.1,Free_feed,2,4.11,1,1,Pellet,Left,0,0,191,0,Timed_out,657,nan
5/3/2022 4:14:03,1.8.1,Free_feed,2,4.11,1,1,Pellet,Left,0,0,192,0,0.30,1,nan
5/3/2022 4:25:59,1.8.1,Free_feed,2,4.10,1,1,Pellet,Left,0,0,193,0,Timed_out,716,nan
5/3/2022 4:56:36,1.8.1,Free_feed,2,4.10,3,1,Pellet,Left,0,0,194,0,Timed_out,1837,nan
5/3/2022 4:57:23,1.8.1,Free_feed,2,4.11,1,1,Pellet,Left,0,0,195,0,39.90,47,nan
5/3/2022 5:02:34,1.8.1,Free_feed,2,4.11,1,1,Pellet,Left,0,0,196,0,Timed_out,311,nan
5/3/2022 5:03:14,1.8.1,Free_feed,2,4.11,1,1,Pellet,Left,0,0,197,0,32.82,40,nan
5/3/2022 5:03:48,1.8.1,Free_feed,2,4.10,1,1,Pellet,Left,0,0,198,0,28.32,34,nan
5/3/2022 5:10:11,1.8.1,Free_feed,2,4.11,1,1,Pellet,Left,0,0,199,0,Timed_out,383,nan
5/3/2022 5:10:37,1.8.1,Free_feed,2,4.10,1,1,Pellet,Left,0,0,200,0,19.14,26,nan
5/3/2022 5:38:10,1.8.1,Free_feed,2,4.11,1,1,Pellet,Left,0,0,201,0,Timed_out,1652,nan
5/3/2022 5:38:38,1.8.1,Free_feed,2,4.11,1,1,Pellet,Left,0,0,202,0,21.86,29,nan
5/3/2022 5:39:04,1.8.1,Free_feed,2,4.11,1,1,Pellet,Left,0,0,203,0,19.34,26,nan
5/3/2022 5:39:34,1.8.1,Free_feed,2,4.10,1,1,Pellet,Left,0,0,204,0,24.20,30,nan
5/3/2022 5:39:59,1.8.1,Free_feed,2,4.11,1,1,Pellet,Left,0,0,205,0,17.67,25,nan
5/3/2022 5:55:51,1.8.1,Free_feed,2,4.10,2,1,Pellet,Left,0,0,206,0,Timed_out,952,nan
5/3/2022 5:55:52,1.8.1,Free_feed,2,4.11,1,1,Pellet,Left,0,0,207,0,0.18,1,nan
5/3/2022 6:04:51,1.8.1,Free_feed,2,4.10,1,1,Pellet,Left,0,0,208,0,Timed_out,539,nan
5/3/2022 6:05:12,1.8.1,Free_feed,2,4.10,1,1,Pellet,Left,0,0,209,0,14.84,21,nan
5/3/2022 6:05:33,1.8.1,Free_feed,2,4.11,1,1,Pellet,Left,0,0,210,0,13.92,21,nan
5/3/2022 6:13:42,1.8.1,Free_feed,2,4.10,1,1,Pellet,Left,0,0,211,0,Timed_out,489,nan
5/3/2022 6:18:08,1.8.1,Free_feed,2,4.10,3,1,Pellet,Left,0,0,212,0,Timed_out,266,nan
5/3/2022 6:18:10,1.8.1,Free_feed,2,4.10,1,1,Pellet,Left,0,0,213,0,0.12,1,nan
5/3/2022 6:18:33,1.8.1,Free_feed,2,4.10,1,1,Pellet,Left,0,0,214,0,16.50,24,nan
5/3/2022 6:18:54,1.8.1,Free_feed,2,4.10,1,1,Pellet,Left,0,0,215,0,19.94,21,nan
5/3/2022 6:31:15,1.8.1,Free_feed,2,4.10,1,1,Pellet,Left,0,0,216,0,Timed_out,741,nan
5/3/2022 6:35:27,1.8.1,Free_feed,2,4.11,1,1,Pellet,Left,0,0,217,0,Timed_out,252,nan
5/3/2022 6:47:22,1.8.1,Free_feed,2,4.10,1,1,Pellet,Left,0,0,218,0,Timed_out,715,nan
5/3/2022 6:54:19,1.8.1,Free_feed,2,4.09,1,1,Pellet,Left,0,0,219,0,Timed_out,417,nan
5/3/2022 7:00:15,1.8.1,Free_feed,2,4.09,1,1,Pellet,Left,0,0,220,0,Timed_out,356,nan
5/3/2022 7:11:44,1.8.1,Free_feed,2,4.10,1,1,Pellet,Left,0,0,221,0,Timed_out,689,nan
5/3/2022 7:20:08,1.8.1,Free_feed,2,4.10,1,1,Pellet,Left,0,0,222,0,Timed_out,504,nan
5/3/2022 7:20:33,1.8.1,Free_feed,2,4.10,1,1,Pellet,Left,0,0,223,0,18.29,25,nan
5/3/2022 7:20:34,1.8.1,Free_feed,2,4.10,1,1,Pellet,Left,0,0,224,0,0.06,1,nan
5/3/2022 7:20:41,1.8.1,Free_feed,2,4.10,1,1,Pellet,Left,0,0,225,0,0.06,7,nan
5/3/2022 7:41:34,1.8.1,Free_feed,2,4.09,2,1,Pellet,Left,0,0,226,0,Timed_out,1253,nan
5/3/2022 7:41:35,1.8.1,Free_feed,2,4.10,1,1,Pellet,Left,0,0,227,0,0.18,1,nan
5/3/2022 7:41:35,1.8.1,Free_feed,2,4.09,1,1,Pellet,Left,0,0,228,0,0.06,0,nan
5/3/2022 7:42:02,1.8.1,Free_feed,2,4.10,1,1,Pellet,Left,0,0,229,0,19.76,26,nan
5/3/2022 7:58:06,1.8.1,Free_feed,2,4.10,1,1,Pellet,Left,0,0,230,0,Timed_out,965,nan
5/3/2022 8:10:23,1.8.1,Free_feed,2,4.09,2,1,Pellet,Left,0,0,231,0,Timed_out,737,nan
5/3/2022 8:45:13,1.8.1,Free_feed,2,4.09,2,1,Pellet,Left,0,0,232,0,Timed_out,2090,nan
5/3/2022 8:46:03,1.8.1,Free_feed,2,4.10,2,1,Pellet,Left,0,0,233,0,41.15,50,nan
5/3/2022 8:47:00,1.8.1,Free_feed,2,4.09,1,1,Pellet,Left,0,0,234,0,50.08,57,nan
5/3/2022 8:47:02,1.8.1,Free_feed,2,4.10,1,1,Pellet,Left,0,0,235,0,0.73,2,nan
5/3/2022 9:13:54,1.8.1,Free_feed,2,4.09,1,1,Pellet,Left,0,0,236,0,Timed_out,1612,nan
5/3/2022 9:38:12,1.8.1,Free_feed,2,4.09,1,1,Pellet,Left,0,0,237,0,Timed_out,1458,nan
5/3/2022 9:39:31,1.8.1,Free_feed,2,4.09,1,1,Pellet,Left,0,0,238,0,Timed_out,79,nan
5/3/2022 9:40:02,1.8.1,Free_feed,2,4.09,1,1,Pellet,Left,0,0,239,0,28.64,31,nan
5/3/2022 9:40:30,1.8.1,Free_feed,2,4.09,1,1,Pellet,Left,0,0,240,0,26.48,28,nan
5/3/2022 9:40:37,1.8.1,Free_feed,2,4.09,1,1,Pellet,Left,0,0,241,0,1.22,7,nan
5/3/2022 9:43:10,1.8.1,Free_feed,2,4.09,1,1,Pellet,Left,0,0,242,0,Timed_out,153,nan
5/3/2022 9:43:35,1.8.1,Free_feed,2,4.09,3,1,Pellet,Left,0,0,243,0,14.35,25,nan
5/3/2022 9:44:00,1.8.1,Free_feed,2,4.09,1,1,Pellet,Left,0,0,244,0,18.41,25,nan
5/3/2022 10:50:26,1.8.1,Free_feed,2,4.09,1,1,Pellet,Left,0,0,245,0,Timed_out,3986,nan
5/3/2022 10:50:27,1.8.1,Free_feed,2,4.09,1,1,Pellet,Left,0,0,246,0,0.18,1,nan
5/3/2022 10:51:05,1.8.1,Free_feed,2,4.09,1,1,Pellet,Left,0,0,247,0,31.03,38,nan
5/3/2022 10:51:06,1.8.1,Free_feed,2,4.09,1,1,Pellet,Left,0,0,248,0,0.06,1,nan
5/3/2022 10:51:46,1.8.1,Free_feed,2,4.09,1,1,Pellet,Left,0,0,249,0,32.76,40,nan
5/3/2022 10:52:12,1.8.1,Free_feed,2,4.10,2,1,Pellet,Left,0,0,250,0,25.24,26,nan
5/3/2022 10:52:19,1.8.1,Free_feed,2,4.09,2,1,Pellet,Left,0,0,251,0,0.42,7,nan
5/3/2022 11:36:54,1.8.1,Free_feed,2,4.09,1,1,Pellet,Left,0,0,252,0,Timed_out,2675,nan
5/3/2022 12:17:59,1.8.1,Free_feed,2,4.09,2,1,Pellet,Left,0,0,253,0,Timed_out,2465,nan
5/3/2022 12:18:39,1.8.1,Free_feed,2,4.08,1,1,Pellet,Left,0,0,254,0,33.87,40,nan
5/3/2022 12:19:09,1.8.1,Free_feed,2,4.08,1,1,Pellet,Left,0,0,255,0,22.84,30,nan
5/3/2022 12:20:26,1.8.1,Free_feed,2,4.09,1,1,Pellet,Left,0,0,256,0,Timed_out,77,nan
5/3/2022 12:20:28,1.8.1,Free_feed,2,4.09,1,1,Pellet,Left,0,0,257,0,0.54,2,nan
5/3/2022 13:49:48,1.8.1,Free_feed,2,4.09,1,1,Pellet,Left,0,0,258,0,Timed_out,5360,nan
5/3/2022 13:52:51,1.8.1,Free_feed,2,4.08,1,1,Pellet,Left,0,0,259,0,Timed_out,183,nan
5/3/2022 13:52:52,1.8.1,Free_feed,2,4.08,1,1,Pellet,Left,0,0,260,0,0.30,1,nan
5/3/2022 13:52:53,1.8.1,Free_feed,2,4.09,1,1,Pellet,Left,0,0,261,0,0.12,1,nan
5/3/2022 14:05:19,1.8.1,Free_feed,2,4.08,1,1,Pellet,Left,0,0,262,0,Timed_out,746,nan
5/3/2022 14:12:18,1.8.1,Free_feed,2,4.09,1,1,Pellet,Left,0,0,263,0,Timed_out,419,nan
5/3/2022 14:12:19,1.8.1,Free_feed,2,4.09,1,1,Pellet,Left,0,0,264,0,0.18,1,nan
5/3/2022 15:14:38,1.8.1,Free_feed,2,4.08,1,1,Pellet,Left,0,0,265,0,Timed_out,3739,nan
5/3/2022 15:15:16,1.8.1,Free_feed,2,4.08,1,1,Pellet,Left,0,0,266,0,32.20,38,nan
5/3/2022 15:15:50,1.8.1,Free_feed,2,4.08,1,1,Pellet,Left,0,0,267,0,32.46,34,nan
5/3/2022 15:16:27,1.8.1,Free_feed,2,4.09,1,1,Pellet,Left,0,0,268,0,29.43,37,nan
5/3/2022 15:16:28,1.8.1,Free_feed,2,4.08,1,1,Pellet,Left,0,0,269,0,0.06,1,nan
5/3/2022 15:17:01,1.8.1,Free_feed,2,4.08,2,1,Pellet,Left,0,0,270,0,24.02,33,nan
5/3/2022 15:17:03,1.8.1,Free_feed,2,4.08,1,1,Pellet,Left,0,0,271,0,0.30,2,nan
5/3/2022 15:17:04,1.8.1,Free_feed,2,4.09,1,1,Pellet,Left,0,0,272,0,0.24,1,nan
5/3/2022 15:18:55,1.8.1,Free_feed,2,4.08,1,1,Pellet,Left,0,0,273,0,Timed_out,111,nan
5/3/2022 15:18:56,1.8.1,Free_feed,2,4.08,1,1,Pellet,Left,0,0,274,0,0.06,1,nan
5/3/2022 16:19:56,1.8.1,Free_feed,2,4.08,1,1,Pellet,Left,0,0,275,0,Timed_out,3659,nan
5/3/2022 16:19:57,1.8.1,Free_feed,2,4.08,1,1,Pellet,Left,0,0,276,0,0.06,2,nan
5/3/2022 16:19:58,1.8.1,Free_feed,2,4.07,1,1,Pellet,Left,0,0,277,0,0.30,1,nan
5/3/2022 16:20:30,1.8.1,Free_feed,2,4.08,2,1,Pellet,Left,0,0,278,0,22.22,32,nan
5/3/2022 16:20:32,1.8.1,Free_feed,2,4.07,1,1,Pellet,Left,0,0,279,0,0.91,2,nan
5/3/2022 16:21:17,1.8.1,Free_feed,2,4.08,1,1,Pellet,Left,0,0,280,0,43.66,45,nan
5/3/2022 16:21:18,1.8.1,Free_feed,2,4.07,1,1,Pellet,Left,0,0,281,0,0.61,1,nan
5/3/2022 16:21:42,1.8.1,Free_feed,2,4.08,1,1,Pellet,Left,0,0,282,0,17.24,24,nan
5/3/2022 16:22:12,1.8.1,Free_feed,2,4.08,1,1,Pellet,Left,0,0,283,0,28.64,30,nan
5/3/2022 16:22:43,1.8.1,Free_feed,2,4.08,1,1,Pellet,Left,0,0,284,0,24.58,31,nan
5/3/2022 16:22:44,1.8.1,Free_feed,2,4.07,1,1,Pellet,Left,0,0,285,0,0.06,1,nan
5/3/2022 16:23:10,1.8.1,Free_feed,2,4.08,1,1,Pellet,Left,0,0,286,0,19.04,26,nan
5/3/2022 16:27:49,1.8.1,Free_feed,2,4.08,1,1,Pellet,Left,0,0,287,0,Timed_out,279,nan
5/3/2022 16:29:43,1.8.1,Free_feed,2,4.07,1,1,Pellet,Left,0,0,288,0,Timed_out,114,nan
5/3/2022 16:29:44,1.8.1,Free_feed,2,4.08,1,1,Pellet,Left,0,0,289,0,0.06,1,nan
5/3/2022 16:30:51,1.8.1,Free_feed,2,4.08,1,1,Pellet,Left,0,0,290,0,Timed_out,67,nan
5/3/2022 16:52:10,1.8.1,Free_feed,2,4.08,1,1,Pellet,Left,0,0,291,0,Timed_out,1279,nan
5/3/2022 16:52:43,1.8.1,Free_feed,2,4.08,1,1,Pellet,Left,0,0,292,0,31.84,33,nan
5/3/2022 16:52:44,1.8.1,Free_feed,2,4.07,1,1,Pellet,Left,0,0,293,0,0.18,1,nan
5/3/2022 16:52:45,1.8.1,Free_feed,2,4.08,1,1,Pellet,Left,0,0,294,0,0.06,1,nan
5/3/2022 17:05:38,1.8.1,Free_feed,2,4.07,1,1,Pellet,Left,0,0,295,0,Timed_out,773,nan
5/3/2022 17:13:22,1.8.1,Free_feed,2,4.07,1,1,Pellet,Left,0,0,296,0,Timed_out,464,nan
5/3/2022 17:13:23,1.8.1,Free_feed,2,4.08,1,1,Pellet,Left,0,0,297,0,0.06,1,nan
5/3/2022 17:25:45,1.8.1,Free_feed,2,4.07,1,1,Pellet,Left,0,0,298,0,Timed_out,742,nan
5/3/2022 17:25:46,1.8.1,Free_feed,2,4.08,1,1,Pellet,Left,0,0,299,0,0.30,1,nan
5/3/2022 17:26:19,1.8.1,Free_feed,2,4.07,1,1,Pellet,Left,0,0,300,0,32.15,33,nan
5/3/2022 17:26:21,1.8.1,Free_feed,2,4.08,1,1,Pellet,Left,0,0,301,0,0.54,2,nan
5/3/2022 17:27:44,1.8.1,Free_feed,2,4.07,2,1,Pellet,Left,0,0,302,0,Timed_out,83,nan
5/3/2022 17:45:24,1.8.1,Free_feed,2,4.07,1,1,Pellet,Left,0,0,303,0,Timed_out,1060,nan
5/3/2022 18:11:03,1.8.1,Free_feed,2,4.07,1,1,Pellet,Left,0,0,304,0,Timed_out,1539,nan
5/3/2022 18:11:39,1.8.1,Free_feed,2,4.07,1,1,Pellet,Left,0,0,305,0,29.48,36,nan
5/3/2022 18:12:05,1.8.1,Free_feed,2,4.07,1,1,Pellet,Left,0,0,306,0,20.00,26,nan
5/3/2022 18:12:34,1.8.1,Free_feed,2,4.07,1,1,Pellet,Left,0,0,307,0,22.04,29,nan
5/3/2022 18:13:02,1.8.1,Free_feed,2,4.07,1,1,Pellet,Left,0,0,308,0,21.24,28,nan
5/3/2022 18:13:29,1.8.1,Free_feed,2,4.07,1,1,Pellet,Left,0,0,309,0,19.58,27,nan
5/3/2022 18:13:30,1.8.1,Free_feed,2,4.07,1,1,Pellet,Left,0,0,310,0,0.18,1,nan
5/3/2022 18:14:06,1.8.1,Free_feed,2,4.07,1,1,Pellet,Left,0,0,311,0,29.55,36,nan
5/3/2022 18:14:40,1.8.1,Free_feed,2,4.07,1,1,Pellet,Left,0,0,312,0,32.73,34,nan
5/3/2022 18:50:17,1.8.1,Free_feed,2,4.07,1,1,Pellet,Left,0,0,313,0,Timed_out,2137,nan
5/3/2022 18:50:43,1.8.1,Free_feed,2,4.07,2,1,Pellet,Left,0,0,314,0,17.85,26,nan
5/3/2022 18:50:45,1.8.1,Free_feed,2,4.07,1,1,Pellet,Left,0,0,315,0,0.97,2,nan
5/3/2022 19:06:14,1.8.1,Free_feed,2,4.07,1,1,Pellet,Left,0,0,316,0,Timed_out,929,nan
5/3/2022 19:06:15,1.8.1,Free_feed,2,4.07,1,1,Pellet,Left,0,0,317,0,0.06,1,nan
5/3/2022 19:06:16,1.8.1,Free_feed,2,4.07,1,1,Pellet,Left,0,0,318,0,0.06,1,nan
5/3/2022 19:06:48,1.8.1,Free_feed,2,4.07,4,1,Pellet,Left,0,0,319,0,25.98,32,nan
5/3/2022 19:07:11,1.8.1,Free_feed,2,4.07,2,1,Pellet,Left,0,0,320,0,16.07,23,nan
5/3/2022 19:07:36,1.8.1,Free_feed,2,4.07,2,1,Pellet,Left,0,0,321,0,18.71,25,nan
5/3/2022 19:08:09,1.8.1,Free_feed,2,4.07,2,1,Pellet,Left,0,0,322,0,25.30,33,nan
5/3/2022 19:35:26,1.8.1,Free_feed,2,4.07,1,1,Pellet,Left,0,0,323,0,Timed_out,1637,nan
5/3/2022 19:35:54,1.8.1,Free_feed,2,4.07,1,1,Pellet,Left,0,0,324,0,21.92,28,nan
5/3/2022 19:36:21,1.8.1,Free_feed,2,4.07,2,1,Pellet,Left,0,0,325,0,17.30,27,nan
5/3/2022 19:36:41,1.8.1,Free_feed,2,4.07,1,1,Pellet,Left,0,0,326,0,13.74,20,nan
5/3/2022 19:36:43,1.8.1,Free_feed,2,4.07,1,1,Pellet,Left,0,0,327,0,0.79,2,nan
5/3/2022 19:37:13,1.8.1,Free_feed,2,4.07,1,1,Pellet,Left,0,0,328,0,23.52,30,nan
5/3/2022 19:46:22,1.8.1,Free_feed,2,4.07,1,1,Pellet,Left,0,0,329,0,Timed_out,549,nan
5/3/2022 19:46:25,1.8.1,Free_feed,2,4.07,1,1,Pellet,Left,0,0,330,0,1.28,3,nan
5/3/2022 19:46:53,1.8.1,Free_feed,2,4.07,1,1,Pellet,Left,0,0,331,0,21.18,28,nan
5/3/2022 19:47:14,1.8.1,Free_feed,2,4.07,2,1,Pellet,Left,0,0,332,0,12.14,21,nan
5/3/2022 19:47:17,1.8.1,Free_feed,2,4.07,1,1,Pellet,Left,0,0,333,0,1.95,3,nan
5/3/2022 19:47:18,1.8.1,Free_feed,2,4.07,1,1,Pellet,Left,0,0,334,0,0.18,1,nan
5/3/2022 20:09:40,1.8.1,Free_feed,2,4.07,2,1,Pellet,Left,0,0,335,0,Timed_out,1342,nan
5/3/2022 20:12:47,1.8.1,Free_feed,2,4.07,1,1,Pellet,Left,0,0,336,0,Timed_out,187,nan
5/3/2022 20:12:48,1.8.1,Free_feed,2,4.07,1,1,Pellet,Left,0,0,337,0,0.06,1,nan
5/3/2022 20:20:40,1.8.1,Free_feed,2,4.07,1,1,Pellet,Left,0,0,338,0,Timed_out,472,nan
5/3/2022 20:21:02,1.8.1,Free_feed,2,4.07,1,1,Pellet,Left,0,0,339,0,15.34,22,nan
5/3/2022 20:21:26,1.8.1,Free_feed,2,4.07,1,1,Pellet,Left,0,0,340,0,16.75,24,nan
5/3/2022 20:21:45,1.8.1,Free_feed,2,4.07,1,1,Pellet,Left,0,0,341,0,13.24,19,nan
5/3/2022 20:21:47,1.8.1,Free_feed,2,4.07,1,1,Pellet,Left,0,0,342,0,0.73,2,nan
5/3/2022 20:22:12,1.8.1,Free_feed,2,4.07,1,1,Pellet,Left,0,0,343,0,17.92,25,nan
5/3/2022 20:22:13,1.8.1,Free_feed,2,4.07,1,1,Pellet,Left,0,0,344,0,0.36,1,nan
5/3/2022 20:40:52,1.8.1,Free_feed,2,4.07,1,1,Pellet,Left,0,0,345,0,Timed_out,1119,nan
5/3/2022 20:48:31,1.8.1,Free_feed,2,4.07,1,1,Pellet,Left,0,0,346,0,Timed_out,459,nan
5/3/2022 20:48:32,1.8.1,Free_feed,2,4.07,1,1,Pellet,Left,0,0,347,0,0.12,0,nan
5/3/2022 20:48:53,1.8.1,Free_feed,2,4.07,1,1,Pellet,Left,0,0,348,0,14.84,22,nan
5/3/2022 20:48:54,1.8.1,Free_feed,2,4.07,1,1,Pellet,Left,0,0,349,0,0.06,1,nan
5/3/2022 21:03:48,1.8.1,Free_feed,2,4.07,2,1,Pellet,Left,0,0,350,0,Timed_out,894,nan
5/3/2022 21:04:11,1.8.1,Free_feed,2,4.07,1,1,Pellet,Left,0,0,351,0,21.67,23,nan
5/3/2022 21:04:29,1.8.1,Free_feed,2,4.07,1,1,Pellet,Left,0,0,352,0,10.66,18,nan
5/3/2022 21:04:53,1.8.1,Free_feed,2,4.07,1,1,Pellet,Left,0,0,353,0,18.35,24,nan
5/3/2022 21:05:15,1.8.1,Free_feed,2,4.07,1,1,Pellet,Left,0,0,354,0,15.40,22,nan
5/3/2022 21:18:02,1.8.1,Free_feed,2,4.07,1,1,Pellet,Left,0,0,355,0,Timed_out,767,nan
5/3/2022 21:18:24,1.8.1,Free_feed,2,4.07,1,1,Pellet,Left,0,0,356,0,14.78,22,nan
5/3/2022 21:18:48,1.8.1,Free_feed,2,4.07,1,1,Pellet,Left,0,0,357,0,17.37,23,nan
5/3/2022 21:19:06,1.8.1,Free_feed,2,4.07,1,1,Pellet,Left,0,0,358,0,12.08,19,nan
5/3/2022 21:19:29,1.8.1,Free_feed,2,4.07,1,1,Pellet,Left,0,0,359,0,15.52,23,nan
5/3/2022 21:19:52,1.8.1,Free_feed,2,4.07,1,1,Pellet,Left,0,0,360,0,16.50,23,nan
5/3/2022 21:43:08,1.8.1,Free_feed,2,4.06,1,1,Pellet,Left,0,0,361,0,Timed_out,1396,nan
5/3/2022 21:43:27,1.8.1,Free_feed,2,4.06,1,1,Pellet,Left,0,0,362,0,11.89,19,nan
5/3/2022 21:43:50,1.8.1,Free_feed,2,4.07,2,1,Pellet,Left,0,0,363,0,15.40,23,nan
5/3/2022 21:43:51,1.8.1,Free_feed,2,4.07,1,1,Pellet,Left,0,0,364,0,0.06,1,nan
5/3/2022 21:44:11,1.8.1,Free_feed,2,4.07,1,1,Pellet,Left,0,0,365,0,13.92,20,nan
5/3/2022 21:57:50,1.8.1,Free_feed,2,4.07,1,1,Pellet,Left,0,0,366,0,Timed_out,819,nan
5/3/2022 21:58:10,1.8.1,Free_feed,2,4.06,1,1,Pellet,Left,0,0,367,0,12.69,20,nan
5/3/2022 21:58:29,1.8.1,Free_feed,2,4.07,1,1,Pellet,Left,0,0,368,0,12.63,19,nan
5/3/2022 22:01:06,1.8.1,Free_feed,2,4.07,1,1,Pellet,Left,0,0,369,0,Timed_out,157,nan
5/3/2022 22:13:23,1.8.1,Free_feed,2,4.07,1,1,Pellet,Left,0,0,370,0,Timed_out,737,nan
5/3/2022 22:13:46,1.8.1,Free_feed,2,4.07,2,1,Pellet,Left,0,0,371,0,14.48,23,nan
5/3/2022 22:14:08,1.8.1,Free_feed,2,4.06,1,1,Pellet,Left,0,0,372,0,15.27,22,nan
5/3/2022 22:14:31,1.8.1,Free_feed,2,4.07,1,1,Pellet,Left,0,0,373,0,17.12,23,nan
5/3/2022 22:26:55,1.8.1,Free_feed,2,4.07,1,1,Pellet,Left,0,0,374,0,Timed_out,744,nan
5/3/2022 22:27:21,1.8.1,Free_feed,2,4.06,1,1,Pellet,Left,0,0,375,0,24.39,26,nan
5/3/2022 22:27:43,1.8.1,Free_feed,2,4.06,4,1,Pellet,Left,0,0,376,0,10.67,22,nan
5/3/2022 22:52:57,1.8.1,Free_feed,2,4.07,2,1,Pellet,Left,0,0,377,0,Timed_out,1514,nan
5/3/2022 22:53:20,1.8.1,Free_feed,2,4.07,2,1,Pellet,Left,0,0,378,0,15.96,23,nan
5/3/2022 22:53:47,1.8.1,Free_feed,2,4.06,2,1,Pellet,Left,0,0,379,0,19.77,26,nan
5/3/2022 22:54:13,1.8.1,Free_feed,2,4.06,1,1,Pellet,Left,0,0,380,0,24.76,27,nan
5/3/2022 22:54:14,1.8.1,Free_feed,2,4.06,1,1,Pellet,Left,0,0,381,0,0.18,1,nan
5/3/2022 22:54:40,1.8.1,Free_feed,2,4.06,1,1,Pellet,Left,0,0,382,0,19.52,26,nan
5/3/2022 22:54:42,1.8.1,Free_feed,2,4.07,1,1,Pellet,Left,0,0,383,0,0.06,2,nan
5/3/2022 22:55:04,1.8.1,Free_feed,2,4.07,2,1,Pellet,Left,0,0,384,0,13.50,22,nan
5/3/2022 23:34:56,1.8.1,Free_feed,2,4.06,1,1,Pellet,Left,0,0,385,0,Timed_out,2392,nan
5/3/2022 23:35:20,1.8.1,Free_feed,2,4.07,1,1,Pellet,Left,0,0,386,0,22.73,24,nan
5/3/2022 23:35:22,1.8.1,Free_feed,2,4.05,1,1,Pellet,Left,0,0,387,0,0.55,2,nan
5/3/2022 23:35:23,1.8.1,Free_feed,2,4.06,1,1,Pellet,Left,0,0,388,0,0.06,1,nan
5/3/2022 23:35:51,1.8.1,Free_feed,2,4.06,3,1,Pellet,Left,0,0,389,0,17.50,28,nan
5/3/2022 23:36:12,1.8.1,Free_feed,2,4.07,1,1,Pellet,Left,0,0,390,0,14.48,21,nan
5/3/2022 23:36:39,1.8.1,Free_feed,2,4.06,1,1,Pellet,Left,0,0,391,0,24.95,27,nan
5/3/2022 23:36:39,1.8.1,Free_feed,2,4.07,1,1,Pellet,Left,0,0,392,0,0.06,0,nan
5/3/2022 23:37:03,1.8.1,Free_feed,2,4.06,1,1,Pellet,Left,0,0,393,0,17.56,24,nan
5/3/2022 23:37:26,1.8.1,Free_feed,2,4.07,2,1,Pellet,Left,0,0,394,0,15.89,23,nan
5/3/2022 23:37:28,1.8.1,Free_feed,2,4.06,1,1,Pellet,Left,0,0,395,0,0.06,2,nan
5/3/2022 23:37:29,1.8.1,Free_feed,2,4.07,1,1,Pellet,Left,0,0,396,0,0.42,1,nan
5/4/2022 0:02:25,1.8.1,Free_feed,2,4.05,1,1,Pellet,Left,0,0,397,0,Timed_out,1496,nan
5/4/2022 0:02:48,1.8.1,Free_feed,2,4.06,1,1,Pellet,Left,0,0,398,0,15.89,23,nan
5/4/2022 0:03:08,1.8.1,Free_feed,2,4.06,1,1,Pellet,Left,0,0,399,0,13.18,20,nan
5/4/2022 0:03:10,1.8.1,Free_feed,2,4.07,1,1,Pellet,Left,0,0,400,0,0.85,2,nan
5/4/2022 0:03:31,1.8.1,Free_feed,2,4.06,4,1,Pellet,Left,0,0,401,0,9.19,21,nan
5/4/2022 0:03:32,1.8.1,Free_feed,2,4.06,1,1,Pellet,Left,0,0,402,0,0.06,1,nan
5/4/2022 0:03:53,1.8.1,Free_feed,2,4.06,2,1,Pellet,Left,0,0,403,0,11.95,21,nan
5/4/2022 0:29:59,1.8.1,Free_feed,2,4.06,2,1,Pellet,Left,0,0,404,0,Timed_out,1566,nan
5/4/2022 0:30:23,1.8.1,Free_feed,2,4.06,2,1,Pellet,Left,0,0,405,0,14.77,24,nan
5/4/2022 0:30:48,1.8.1,Free_feed,2,4.06,2,1,Pellet,Left,0,0,406,0,16.13,25,nan
5/4/2022 0:31:11,1.8.1,Free_feed,2,4.07,1,1,Pellet,Left,0,0,407,0,20.74,23,nan
5/4/2022 0:31:29,1.8.1,Free_feed,2,4.05,1,1,Pellet,Left,0,0,408,0,12.19,18,nan
5/4/2022 0:31:30,1.8.1,Free_feed,2,4.07,1,1,Pellet,Left,0,0,409,0,0.18,1,nan
5/4/2022 0:31:48,1.8.1,Free_feed,2,4.06,2,1,Pellet,Left,0,0,410,0,8.82,18,nan
5/4/2022 0:54:19,1.8.1,Free_feed,2,4.06,1,1,Pellet,Left,0,0,411,0,Timed_out,1351,nan
5/4/2022 0:54:40,1.8.1,Free_feed,2,4.06,1,1,Pellet,Left,0,0,412,0,15.14,21,nan
5/4/2022 0:55:02,1.8.1,Free_feed,2,4.06,2,1,Pellet,Left,0,0,413,0,12.44,22,nan
5/4/2022 0:55:03,1.8.1,Free_feed,2,4.06,1,1,Pellet,Left,0,0,414,0,0.06,1,nan
5/4/2022 0:55:22,1.8.1,Free_feed,2,4.06,1,1,Pellet,Left,0,0,415,0,11.83,19,nan
5/4/2022 0:55:41,1.8.1,Free_feed,2,4.06,1,1,Pellet,Left,0,0,416,0,11.58,19,nan
5/4/2022 1:30:22,1.8.1,Free_feed,2,4.06,1,1,Pellet,Left,0,0,417,0,Timed_out,2081,nan
5/4/2022 1:30:23,1.8.1,Free_feed,2,4.06,1,1,Pellet,Left,0,0,418,0,0.06,1,nan
5/4/2022 1:30:41,1.8.1,Free_feed,2,4.06,1,1,Pellet,Left,0,0,419,0,10.66,18,nan
5/4/2022 1:30:59,1.8.1,Free_feed,2,4.06,1,1,Pellet,Left,0,0,420,0,11.95,18,nan
5/4/2022 1:31:16,1.8.1,Free_feed,2,4.06,1,1,Pellet,Left,0,0,421,0,9.61,17,nan
5/4/2022 1:31:34,1.8.1,Free_feed,2,4.06,1,1,Pellet,Left,0,0,422,0,12.13,18,nan
5/4/2022 1:31:55,1.8.1,Free_feed,2,4.06,1,1,Pellet,Left,0,0,423,0,13.42,21,nan
5/4/2022 2:24:57,1.8.1,Free_feed,2,4.05,1,1,Pellet,Left,0,0,424,0,Timed_out,3182,nan
5/4/2022 3:03:24,1.8.1,Free_feed,2,4.05,2,1,Pellet,Left,0,0,425,0,Timed_out,2307,nan
5/4/2022 3:06:59,1.8.1,Free_feed,2,4.05,1,1,Pellet,Left,0,0,426,0,Timed_out,215,nan
5/4/2022 3:07:00,1.8.1,Free_feed,2,4.05,1,1,Pellet,Left,0,0,427,0,0.06,1,nan
5/4/2022 3:07:31,1.8.1,Free_feed,2,4.05,1,1,Pellet,Left,0,0,428,0,24.80,31,nan
5/4/2022 3:07:32,1.8.1,Free_feed,2,4.06,1,1,Pellet,Left,0,0,429,0,0.42,1,nan
5/4/2022 3:07:58,1.8.1,Free_feed,2,4.05,1,1,Pellet,Left,0,0,430,0,18.84,26,nan
5/4/2022 3:07:59,1.8.1,Free_feed,2,4.05,1,1,Pellet,Left,0,0,431,0,0.12,1,nan
5/4/2022 3:22:44,1.8.1,Free_feed,2,4.06,1,1,Pellet,Left,0,0,432,0,Timed_out,885,nan
5/4/2022 3:22:49,1.8.1,Free_feed,2,4.05,3,1,Pellet,Left,0,0,433,0,0.06,5,nan
5/4/2022 3:22:50,1.8.1,Free_feed,2,4.06,1,1,Pellet,Left,0,0,434,0,0.06,1,nan
5/4/2022 3:22:55,1.8.1,Free_feed,2,4.06,2,1,Pellet,Left,0,0,435,0,0.06,5,nan
5/4/2022 3:23:00,1.8.1,Free_feed,2,4.05,1,1,Pellet,Left,0,0,436,0,1.15,5,nan
5/4/2022 3:23:07,1.8.1,Free_feed,2,4.05,1,1,Pellet,Left,0,0,437,0,5.75,7,nan
5/4/2022 3:23:16,1.8.1,Free_feed,2,4.05,1,1,Pellet,Left,0,0,438,0,1.95,9,nan
5/4/2022 3:23:28,1.8.1,Free_feed,2,4.05,2,1,Pellet,Left,0,0,439,0,5.14,12,nan
5/4/2022 3:24:12,1.8.1,Free_feed,2,4.05,3,1,Pellet,Left,0,0,440,0,33.01,44,nan
5/4/2022 4:05:22,1.8.1,Free_feed,2,4.05,1,1,Pellet,Left,0,0,441,0,Timed_out,2470,nan
5/4/2022 4:05:25,1.8.1,Free_feed,2,4.05,1,1,Pellet,Left,0,0,442,0,0.24,2,nan
5/4/2022 4:05:47,1.8.1,Free_feed,2,4.05,1,1,Pellet,Left,0,0,443,0,15.76,23,nan
5/4/2022 4:06:09,1.8.1,Free_feed,2,4.05,1,1,Pellet,Left,0,0,444,0,15.94,22,nan
5/4/2022 4:06:36,1.8.1,Free_feed,2,4.05,1,1,Pellet,Left,0,0,445,0,19.81,27,nan
5/4/2022 4:07:02,1.8.1,Free_feed,2,4.05,1,1,Pellet,Left,0,0,446,0,19.33,26,nan
5/4/2022 4:07:27,1.8.1,Free_feed,2,4.05,1,1,Pellet,Left,0,0,447,0,18.95,25,nan
5/4/2022 4:07:28,1.8.1,Free_feed,2,4.05,1,1,Pellet,Left,0,0,448,0,0.06,1,nan
5/4/2022 4:36:05,1.8.1,Free_feed,2,4.05,2,1,Pellet,Left,0,0,449,0,Timed_out,1716,nan
5/4/2022 4:36:26,1.8.1,Free_feed,2,4.05,1,1,Pellet,Left,0,0,450,0,15.88,22,nan
5/4/2022 4:47:25,1.8.1,Free_feed,2,4.05,1,1,Pellet,Left,0,0,451,0,Timed_out,659,nan
5/4/2022 4:47:57,1.8.1,Free_feed,2,4.05,1,1,Pellet,Left,0,0,452,0,30.77,32,nan
5/4/2022 5:09:19,1.8.1,Free_feed,2,4.05,1,1,Pellet,Left,0,0,453,0,Timed_out,1282,nan
5/4/2022 5:09:21,1.8.1,Free_feed,2,4.05,1,1,Pellet,Left,0,0,454,0,0.06,2,nan
5/4/2022 5:09:40,1.8.1,Free_feed,2,4.05,1,1,Pellet,Left,0,0,455,0,12.63,19,nan
5/4/2022 5:10:02,1.8.1,Free_feed,2,4.05,1,1,Pellet,Left,0,0,456,0,20.26,22,nan
5/4/2022 5:24:17,1.8.1,Free_feed,2,4.05,2,1,Pellet,Left,0,0,457,0,Timed_out,855,nan
5/4/2022 5:24:35,1.8.1,Free_feed,2,4.05,1,1,Pellet,Left,0,0,458,0,11.77,18,nan
5/4/2022 5:25:21,1.8.1,Free_feed,2,4.05,1,1,Pellet,Left,0,0,459,0,38.12,46,nan
5/4/2022 5:25:23,1.8.1,Free_feed,2,4.06,1,1,Pellet,Left,0,0,460,0,0.06,2,nan
5/4/2022 5:49:49,1.8.1,Free_feed,2,4.05,2,1,Pellet,Left,0,0,461,0,Timed_out,1466,nan
5/4/2022 5:50:14,1.8.1,Free_feed,2,4.05,2,1,Pellet,Left,0,0,462,0,18.34,25,nan
5/4/2022 5:50:17,1.8.1,Free_feed,2,4.05,1,1,Pellet,Left,0,0,463,0,0.18,3,nan
5/4/2022 5:50:34,1.8.1,Free_feed,2,4.05,3,1,Pellet,Left,0,0,464,0,6.06,17,nan
5/4/2022 5:50:35,1.8.1,Free_feed,2,4.05,1,1,Pellet,Left,0,0,465,0,0.18,1,nan
5/4/2022 5:56:30,1.8.1,Free_feed,2,4.05,1,1,Pellet,Left,0,0,466,0,Timed_out,355,nan
5/4/2022 5:56:54,1.8.1,Free_feed,2,4.05,1,1,Pellet,Left,0,0,467,0,23.22,24,nan
5/4/2022 5:56:57,1.8.1,Free_feed,2,4.05,1,1,Pellet,Left,0,0,468,0,0.12,3,nan
5/4/2022 5:57:15,1.8.1,Free_feed,2,4.05,1,1,Pellet,Left,0,0,469,0,11.28,18,nan
5/4/2022 6:12:12,1.8.1,Free_feed,2,4.05,1,1,Pellet,Left,0,0,470,0,Timed_out,897,nan
5/4/2022 6:12:35,1.8.1,Free_feed,2,4.05,1,1,Pellet,Left,0,0,471,0,17.11,23,nan
5/4/2022 6:12:58,1.8.1,Free_feed,2,4.05,1,1,Pellet,Left,0,0,472,0,16.31,23,nan
5/4/2022 6:45:16,1.8.1,Free_feed,2,4.05,2,1,Pellet,Left,0,0,473,0,Timed_out,1938,nan
5/4/2022 6:45:18,1.8.1,Free_feed,2,4.05,1,1,Pellet,Left,0,0,474,0,0.06,2,nan
5/4/2022 6:45:37,1.8.1,Free_feed,2,4.05,1,1,Pellet,Left,0,0,475,0,13.12,19,nan
5/4/2022 6:45:57,1.8.1,Free_feed,2,4.05,1,1,Pellet,Left,0,0,476,0,12.63,20,nan
5/4/2022 6:46:17,1.8.1,Free_feed,2,4.05,1,1,Pellet,Left,0,0,477,0,14.23,20,nan
5/4/2022 6:46:18,1.8.1,Free_feed,2,4.05,1,1,Pellet,Left,0,0,478,0,0.06,1,nan
5/4/2022 7:06:36,1.8.1,Free_feed,2,4.05,2,1,Pellet,Left,0,0,479,0,Timed_out,1218,nan
5/4/2022 7:07:05,1.8.1,Free_feed,2,4.05,1,1,Pellet,Left,0,0,480,0,23.32,29,nan
5/4/2022 7:07:30,1.8.1,Free_feed,2,4.05,2,1,Pellet,Left,0,0,481,0,15.45,25,nan
5/4/2022 8:00:32,1.8.1,Free_feed,2,4.05,1,1,Pellet,Left,0,0,482,0,Timed_out,3182,nan
5/4/2022 9:43:32,1.8.1,Free_feed,2,4.05,2,1,Pellet,Left,0,0,483,0,Timed_out,6180,nan
5/4/2022 9:43:33,1.8.1,Free_feed,2,4.05,1,1,Pellet,Left,0,0,484,0,0.12,1,nan
5/4/2022 9:44:04,1.8.1,Free_feed,2,4.05,2,1,Pellet,Left,0,0,485,0,22.16,31,nan
5/4/2022 9:44:31,1.8.1,Free_feed,2,4.05,1,1,Pellet,Left,0,0,486,0,25.92,27,nan
5/4/2022 9:44:56,1.8.1,Free_feed,2,4.05,2,1,Pellet,Left,0,0,487,0,16.13,25,nan
5/4/2022 9:45:22,1.8.1,Free_feed,2,4.05,1,1,Pellet,Left,0,0,488,0,18.71,26,nan
5/4/2022 9:45:22,1.8.1,Free_feed,2,4.05,1,1,Pellet,Left,0,0,489,0,0.06,0,nan
5/4/2022 10:59:00,1.8.1,Free_feed,2,4.05,1,1,Pellet,Left,0,0,490,0,Timed_out,4418,nan
5/4/2022 10:59:27,1.8.1,Free_feed,2,4.04,1,1,Pellet,Left,0,0,491,0,20.80,27,nan
5/4/2022 10:59:52,1.8.1,Free_feed,2,4.05,2,1,Pellet,Left,0,0,492,0,16.80,25,nan
5/4/2022 11:00:18,1.8.1,Free_feed,2,4.04,1,1,Pellet,Left,0,0,493,0,18.28,25,nan
5/4/2022 11:00:19,1.8.1,Free_feed,2,4.05,1,1,Pellet,Left,0,0,494,0,0.18,2,nan
5/4/2022 11:00:46,1.8.1,Free_feed,2,4.05,1,1,Pellet,Left,0,0,495,0,20.55,27,nan
5/4/2022 11:00:49,1.8.1,Free_feed,2,4.05,1,1,Pellet,Left,0,0,496,0,0.06,3,nan
5/4/2022 11:01:22,1.8.1,Free_feed,2,4.05,1,1,Pellet,Left,0,0,497,0,26.34,33,nan
5/4/2022 12:12:34,1.8.1,Free_feed,2,4.04,1,1,Pellet,Left,0,0,498,0,Timed_out,4272,nan
5/4/2022 12:13:00,1.8.1,Free_feed,2,4.03,1,1,Pellet,Left,0,0,499,0,19.45,26,nan
5/4/2022 12:13:28,1.8.1,Free_feed,2,4.04,1,1,Pellet,Left,0,0,500,0,21.42,28,nan
5/4/2022 12:14:03,1.8.1,Free_feed,2,4.04,1,1,Pellet,Left,0,0,501,0,28.00,35,nan
5/4/2022 12:14:34,1.8.1,Free_feed,2,4.04,1,1,Pellet,Left,0,0,502,0,24.36,31,nan
5/4/2022 12:15:00,1.8.1,Free_feed,2,4.05,1,1,Pellet,Left,0,0,503,0,19.57,26,nan
5/4/2022 12:15:27,1.8.1,Free_feed,2,4.04,3,1,Pellet,Left,0,0,504,0,16.26,27,nan
5/4/2022 14:35:16,1.8.1,Free_feed,2,4.03,2,1,Pellet,Left,0,0,505,0,Timed_out,8389,nan
5/4/2022 16:04:22,1.8.1,Free_feed,2,4.03,1,1,Pellet,Left,0,0,506,0,Timed_out,5346,nan
5/4/2022 16:04:23,1.8.1,Free_feed,2,4.04,1,1,Pellet,Left,0,0,507,0,0.06,1,nan
5/4/2022 16:04:56,1.8.1,Free_feed,2,4.03,2,1,Pellet,Left,0,0,508,0,26.16,33,nan
5/4/2022 16:05:26,1.8.1,Free_feed,2,4.03,2,1,Pellet,Left,0,0,509,0,21.19,30,nan
5/4/2022 16:05:57,1.8.1,Free_feed,2,4.03,2,1,Pellet,Left,0,0,510,0,21.74,31,nan
5/4/2022 16:06:21,1.8.1,Free_feed,2,4.03,2,1,Pellet,Left,0,0,511,0,15.89,24,nan
5/4/2022 16:06:23,1.8.1,Free_feed,2,4.03,1,1,Pellet,Left,0,0,512,0,1.40,2,nan
5/4/2022 16:41:22,1.8.1,Free_feed,2,4.03,1,1,Pellet,Left,0,0,513,0,Timed_out,2099,nan
5/4/2022 16:41:43,1.8.1,Free_feed,2,4.03,1,1,Pellet,Left,0,0,514,0,19.70,21,nan
5/4/2022 16:41:43,1.8.1,Free_feed,2,4.04,1,1,Pellet,Left,0,0,515,0,0.06,0,nan
5/4/2022 16:42:17,1.8.1,Free_feed,2,4.03,2,1,Pellet,Left,0,0,516,0,24.87,34,nan
5/4/2022 17:38:45,1.8.1,Free_feed,2,4.03,1,1,Pellet,Left,0,0,517,0,Timed_out,3388,nan
5/4/2022 17:38:47,1.8.1,Free_feed,2,4.03,1,1,Pellet,Left,0,0,518,0,0.73,2,nan
5/4/2022 17:39:17,1.8.1,Free_feed,2,4.03,2,1,Pellet,Left,0,0,519,0,22.84,30,nan
5/4/2022 17:39:43,1.8.1,Free_feed,2,4.03,1,1,Pellet,Left,0,0,520,0,18.72,26,nan
5/4/2022 17:40:17,1.8.1,Free_feed,2,4.03,1,1,Pellet,Left,0,0,521,0,28.02,34,nan
5/4/2022 17:40:19,1.8.1,Free_feed,2,4.03,1,1,Pellet,Left,0,0,522,0,0.73,2,nan
5/4/2022 17:44:40,1.8.1,Free_feed,2,4.03,1,1,Pellet,Left,0,0,523,0,Timed_out,261,nan
5/4/2022 17:44:41,1.8.1,Free_feed,2,4.03,1,1,Pellet,Left,0,0,524,0,0.06,1,nan
5/4/2022 17:45:10,1.8.1,Free_feed,2,4.03,1,1,Pellet,Left,0,0,525,0,22.71,29,nan
5/4/2022 18:13:26,1.8.1,Free_feed,2,4.03,1,1,Pellet,Left,0,0,526,0,Timed_out,1696,nan
5/4/2022 18:13:54,1.8.1,Free_feed,2,4.03,1,1,Pellet,Left,0,0,527,0,26.85,28,nan
5/4/2022 18:14:00,1.8.1,Free_feed,2,4.03,1,1,Pellet,Left,0,0,528,0,0.06,6,nan
5/4/2022 18:14:01,1.8.1,Free_feed,2,4.03,1,1,Pellet,Left,0,0,529,0,0.06,0,nan
5/4/2022 18:14:26,1.8.1,Free_feed,2,4.03,2,1,Pellet,Left,0,0,530,0,18.10,26,nan
5/4/2022 18:14:27,1.8.1,Free_feed,2,4.03,1,1,Pellet,Left,0,0,531,0,0.06,1,nan
5/4/2022 18:20:50,1.8.1,Free_feed,2,4.03,2,1,Pellet,Left,0,0,532,0,Timed_out,383,nan
5/4/2022 18:52:19,1.8.1,Free_feed,2,4.03,1,1,Pellet,Left,0,0,533,0,Timed_out,1889,nan
5/4/2022 18:52:50,1.8.1,Free_feed,2,4.03,1,1,Pellet,Left,0,0,534,0,23.84,30,nan
5/4/2022 18:53:15,1.8.1,Free_feed,2,4.03,1,1,Pellet,Left,0,0,535,0,18.79,26,nan
5/4/2022 18:53:46,1.8.1,Free_feed,2,4.03,1,1,Pellet,Left,0,0,536,0,24.09,31,nan
5/4/2022 18:54:10,1.8.1,Free_feed,2,4.03,1,1,Pellet,Left,0,0,537,0,17.68,24,nan
5/4/2022 18:54:36,1.8.1,Free_feed,2,4.03,1,1,Pellet,Left,0,0,538,0,24.20,26,nan
5/4/2022 19:28:20,1.8.1,Free_feed,2,4.03,1,1,Pellet,Left,0,0,539,0,Timed_out,2024,nan
5/4/2022 19:28:40,1.8.1,Free_feed,2,4.03,2,1,Pellet,Left,0,0,540,0,13.25,20,nan
5/4/2022 19:29:01,1.8.1,Free_feed,2,4.03,1,1,Pellet,Left,0,0,541,0,13.62,20,nan
5/4/2022 19:29:24,1.8.1,Free_feed,2,4.03,1,1,Pellet,Left,0,0,542,0,16.63,23,nan
5/4/2022 19:29:45,1.8.1,Free_feed,2,4.03,1,1,Pellet,Left,0,0,543,0,15.09,22,nan
5/4/2022 19:42:42,1.8.1,Free_feed,2,4.03,1,1,Pellet,Left,0,0,544,0,Timed_out,777,nan
5/4/2022 19:43:02,1.8.1,Free_feed,2,4.03,1,1,Pellet,Left,0,0,545,0,14.47,20,nan
5/4/2022 19:43:22,1.8.1,Free_feed,2,4.03,2,1,Pellet,Left,0,0,546,0,11.52,20,nan
5/4/2022 19:43:41,1.8.1,Free_feed,2,4.03,1,1,Pellet,Left,0,0,547,0,16.75,19,nan
5/4/2022 19:43:42,1.8.1,Free_feed,2,4.03,1,1,Pellet,Left,0,0,548,0,0.06,1,nan
5/4/2022 19:43:43,1.8.1,Free_feed,2,4.03,1,1,Pellet,Left,0,0,549,0,0.06,1,nan
5/4/2022 20:02:03,1.8.1,Free_feed,2,4.03,1,1,Pellet,Left,0,0,550,0,Timed_out,1100,nan
5/4/2022 20:19:08,1.8.1,Free_feed,2,4.03,1,1,Pellet,Left,0,0,551,0,Timed_out,1025,nan
5/4/2022 20:19:39,1.8.1,Free_feed,2,4.03,1,1,Pellet,Left,0,0,552,0,28.76,31,nan
5/4/2022 20:19:58,1.8.1,Free_feed,2,4.03,1,1,Pellet,Left,0,0,553,0,11.41,18,nan
5/4/2022 20:28:07,1.8.1,Free_feed,2,4.03,2,1,Pellet,Left,0,0,554,0,Timed_out,490,nan
5/4/2022 20:46:54,1.8.1,Free_feed,2,4.03,1,1,Pellet,Left,0,0,555,0,Timed_out,1127,nan
5/4/2022 20:47:08,1.8.1,Free_feed,2,4.03,1,1,Pellet,Left,0,0,556,0,8.21,14,nan
5/4/2022 20:47:29,1.8.1,Free_feed,2,4.02,1,1,Pellet,Left,0,0,557,0,15.28,21,nan
5/4/2022 20:47:46,1.8.1,Free_feed,2,4.03,1,1,Pellet,Left,0,0,558,0,10.05,17,nan
5/4/2022 20:48:10,1.8.1,Free_feed,2,4.03,1,1,Pellet,Left,0,0,559,0,22.42,24,nan
5/4/2022 21:12:52,1.8.1,Free_feed,2,4.02,1,1,Pellet,Left,0,0,560,0,Timed_out,1481,nan
5/4/2022 21:13:17,1.8.1,Free_feed,2,4.03,1,1,Pellet,Left,0,0,561,0,18.04,25,nan
5/4/2022 21:13:37,1.8.1,Free_feed,2,4.02,1,1,Pellet,Left,0,0,562,0,13.37,21,nan
5/4/2022 21:13:59,1.8.1,Free_feed,2,4.03,1,1,Pellet,Left,0,0,563,0,16.08,22,nan
5/4/2022 21:14:01,1.8.1,Free_feed,2,4.02,1,1,Pellet,Left,0,0,564,0,0.36,2,nan
5/4/2022 21:14:22,1.8.1,Free_feed,2,4.03,1,1,Pellet,Left,0,0,565,0,14.90,21,nan
5/4/2022 21:32:34,1.8.1,Free_feed,2,4.02,2,1,Pellet,Left,0,0,566,0,Timed_out,1092,nan
5/4/2022 21:32:55,1.8.1,Free_feed,2,4.03,1,1,Pellet,Left,0,0,567,0,14.48,21,nan
5/4/2022 21:33:16,1.8.1,Free_feed,2,4.03,1,1,Pellet,Left,0,0,568,0,14.17,21,nan
5/4/2022 21:33:17,1.8.1,Free_feed,2,4.03,1,1,Pellet,Left,0,0,569,0,0.18,1,nan
5/4/2022 21:33:40,1.8.1,Free_feed,2,4.03,1,1,Pellet,Left,0,0,570,0,16.88,23,nan
5/4/2022 21:45:50,1.8.1,Free_feed,2,4.02,1,1,Pellet,Left,0,0,571,0,Timed_out,730,nan
5/4/2022 21:46:12,1.8.1,Free_feed,2,4.03,1,1,Pellet,Left,0,0,572,0,15.15,22,nan
5/4/2022 21:46:32,1.8.1,Free_feed,2,4.02,1,1,Pellet,Left,0,0,573,0,13.37,20,nan
5/4/2022 21:46:52,1.8.1,Free_feed,2,4.03,1,1,Pellet,Left,0,0,574,0,13.25,20,nan
5/4/2022 21:47:10,1.8.1,Free_feed,2,4.02,1,1,Pellet,Left,0,0,575,0,11.09,18,nan
5/4/2022 22:04:14,1.8.1,Free_feed,2,4.02,1,1,Pellet,Left,0,0,576,0,Timed_out,1024,nan
5/4/2022 22:04:38,1.8.1,Free_feed,2,4.02,1,1,Pellet,Left,0,0,577,0,17.74,24,nan
5/4/2022 22:05:14,1.8.1,Free_feed,2,4.02,1,1,Pellet,Left,0,0,578,0,30.30,36,nan
5/4/2022 22:05:15,1.8.1,Free_feed,2,4.02,1,1,Pellet,Left,0,0,579,0,0.06,1,nan
5/4/2022 22:25:15,1.8.1,Free_feed,2,4.03,1,1,Pellet,Left,0,0,580,0,Timed_out,1200,nan
5/4/2022 22:25:16,1.8.1,Free_feed,2,4.03,1,1,Pellet,Left,0,0,581,0,0.12,1,nan
5/4/2022 22:25:17,1.8.1,Free_feed,2,4.03,1,1,Pellet,Left,0,0,582,0,0.06,1,nan
5/4/2022 22:25:18,1.8.1,Free_feed,2,4.03,1,1,Pellet,Left,0,0,583,0,0.06,1,nan
5/4/2022 22:25:19,1.8.1,Free_feed,2,4.03,1,1,Pellet,Left,0,0,584,0,0.12,1,nan
5/4/2022 22:25:42,1.8.1,Free_feed,2,4.03,1,1,Pellet,Left,0,0,585,0,16.21,23,nan
5/4/2022 22:26:03,1.8.1,Free_feed,2,4.02,1,1,Pellet,Left,0,0,586,0,14.36,21,nan
5/4/2022 22:26:22,1.8.1,Free_feed,2,4.02,1,1,Pellet,Left,0,0,587,0,12.15,19,nan
5/4/2022 22:26:23,1.8.1,Free_feed,2,4.03,1,1,Pellet,Left,0,0,588,0,0.06,1,nan
5/4/2022 22:28:01,1.8.1,Free_feed,2,4.02,1,1,Pellet,Left,0,0,589,0,Timed_out,98,nan
5/4/2022 22:37:38,1.8.1,Free_feed,2,4.02,1,1,Pellet,Left,0,0,590,0,Timed_out,577,nan
5/4/2022 22:37:39,1.8.1,Free_feed,2,4.02,1,1,Pellet,Left,0,0,591,0,0.06,1,nan
5/4/2022 22:38:06,1.8.1,Free_feed,2,4.02,1,1,Pellet,Left,0,0,592,0,20.14,27,nan
5/4/2022 22:38:25,1.8.1,Free_feed,2,4.02,1,1,Pellet,Left,0,0,593,0,12.46,19,nan
5/4/2022 22:38:26,1.8.1,Free_feed,2,4.02,1,1,Pellet,Left,0,0,594,0,0.06,1,nan
5/4/2022 22:56:38,1.8.1,Free_feed,2,4.02,1,1,Pellet,Left,0,0,595,0,Timed_out,1092,nan
5/4/2022 22:57:00,1.8.1,Free_feed,2,4.03,1,1,Pellet,Left,0,0,596,0,16.15,22,nan
5/4/2022 22:57:22,1.8.1,Free_feed,2,4.02,1,1,Pellet,Left,0,0,597,0,15.22,22,nan
5/4/2022 22:57:23,1.8.1,Free_feed,2,4.03,1,1,Pellet,Left,0,0,598,0,0.12,1,nan
5/4/2022 22:57:46,1.8.1,Free_feed,2,4.02,1,1,Pellet,Left,0,0,599,0,16.02,23,nan
5/4/2022 22:58:10,1.8.1,Free_feed,2,4.02,1,1,Pellet,Left,0,0,600,0,16.82,24,nan
5/4/2022 22:58:16,1.8.1,Free_feed,2,4.02,1,1,Pellet,Left,0,0,601,0,0.67,6,nan
5/4/2022 23:19:47,1.8.1,Free_feed,2,4.02,1,1,Pellet,Left,0,0,602,0,Timed_out,1291,nan
5/4/2022 23:21:36,1.8.1,Free_feed,2,4.02,1,1,Pellet,Left,0,0,603,0,Timed_out,109,nan
5/4/2022 23:21:37,1.8.1,Free_feed,2,4.02,1,1,Pellet,Left,0,0,604,0,0.12,1,nan
5/4/2022 23:36:45,1.8.1,Free_feed,2,4.02,1,1,Pellet,Left,0,0,605,0,Timed_out,908,nan
5/4/2022 23:37:06,1.8.1,Free_feed,2,4.02,1,1,Pellet,Left,0,0,606,0,13.81,21,nan
5/4/2022 23:37:24,1.8.1,Free_feed,2,4.02,1,1,Pellet,Left,0,0,607,0,12.21,18,nan
5/4/2022 23:37:42,1.8.1,Free_feed,2,4.02,1,1,Pellet,Left,0,0,608,0,16.38,18,nan
5/4/2022 23:57:44,1.8.1,Free_feed,2,4.02,1,1,Pellet,Left,0,0,609,0,Timed_out,1202,nan
5/4/2022 23:58:03,1.8.1,Free_feed,2,4.02,1,1,Pellet,Left,0,0,610,0,12.02,19,nan
5/4/2022 23:58:27,1.8.1,Free_feed,2,4.02,1,1,Pellet,Left,0,0,611,0,16.32,24,nan
5/4/2022 23:58:44,1.8.1,Free_feed,2,4.02,1,1,Pellet,Left,0,0,612,0,11.22,17,nan
5/4/2022 23:59:09,1.8.1,Free_feed,2,4.02,1,1,Pellet,Left,0,0,613,0,17.19,24,nan
5/5/2022 0:20:41,1.8.1,Free_feed,2,4.02,1,1,Pellet,Left,0,0,614,0,Timed_out,1293,nan
5/5/2022 0:20:42,1.8.1,Free_feed,2,4.02,1,1,Pellet,Left,0,0,615,0,0.24,1,nan
5/5/2022 0:21:05,1.8.1,Free_feed,2,4.02,1,1,Pellet,Left,0,0,616,0,15.89,23,nan
5/5/2022 0:21:27,1.8.1,Free_feed,2,4.02,1,1,Pellet,Left,0,0,617,0,19.95,22,nan
5/5/2022 0:44:04,1.8.1,Free_feed,2,4.02,1,1,Pellet,Left,0,0,618,0,Timed_out,1357,nan
5/5/2022 0:44:37,1.8.1,Free_feed,2,4.02,1,1,Pellet,Left,0,0,619,0,26.17,33,nan
5/5/2022 0:44:57,1.8.1,Free_feed,2,4.02,1,1,Pellet,Left,0,0,620,0,17.55,19,nan
5/5/2022 0:45:19,1.8.1,Free_feed,2,4.02,1,1,Pellet,Left,0,0,621,0,20.69,23,nan
5/5/2022 0:45:47,1.8.1,Free_feed,2,4.02,2,1,Pellet,Left,0,0,622,0,19.27,28,nan
5/5/2022 0:45:54,1.8.1,Free_feed,2,4.02,1,1,Pellet,Left,0,0,623,0,0.06,6,nan
5/5/2022 1:11:16,1.8.1,Free_feed,2,4.02,1,1,Pellet,Left,0,0,624,0,Timed_out,1523,nan
5/5/2022 1:27:54,1.8.1,Free_feed,2,4.02,1,1,Pellet,Left,0,0,625,0,Timed_out,998,nan
5/5/2022 1:28:15,1.8.1,Free_feed,2,4.02,1,1,Pellet,Left,0,0,626,0,14.36,21,nan
5/5/2022 1:28:17,1.8.1,Free_feed,2,4.02,1,1,Pellet,Left,0,0,627,0,0.24,2,nan
5/5/2022 1:28:39,1.8.1,Free_feed,2,4.02,1,1,Pellet,Left,0,0,628,0,15.59,22,nan
5/5/2022 1:28:41,1.8.1,Free_feed,2,4.02,1,1,Pellet,Left,0,0,629,0,0.06,2,nan
5/5/2022 2:08:19,1.8.1,Free_feed,2,4.02,2,1,Pellet,Left,0,0,630,0,Timed_out,2378,nan
5/5/2022 2:08:47,1.8.1,Free_feed,2,4.02,1,1,Pellet,Left,0,0,631,0,26.74,28,nan
5/5/2022 2:09:08,1.8.1,Free_feed,2,4.02,1,1,Pellet,Left,0,0,632,0,19.59,21,nan
5/5/2022 2:34:11,1.8.1,Free_feed,2,4.02,1,1,Pellet,Left,0,0,633,0,Timed_out,1503,nan
5/5/2022 2:34:36,1.8.1,Free_feed,2,4.01,1,1,Pellet,Left,0,0,634,0,18.30,25,nan
5/5/2022 2:34:57,1.8.1,Free_feed,2,4.02,1,1,Pellet,Left,0,0,635,0,13.99,21,nan
5/5/2022 2:35:15,1.8.1,Free_feed,2,4.01,1,1,Pellet,Left,0,0,636,0,10.98,18,nan
5/5/2022 2:48:43,1.8.1,Free_feed,2,4.02,1,1,Pellet,Left,0,0,637,0,Timed_out,808,nan
5/5/2022 2:49:48,1.8.1,Free_feed,2,4.02,1,1,Pellet,Left,0,0,638,0,57.79,65,nan
5/5/2022 3:09:41,1.8.1,Free_feed,2,4.02,1,1,Pellet,Left,0,0,639,0,Timed_out,1193,nan
5/5/2022 3:09:42,1.8.1,Free_feed,2,4.02,1,1,Pellet,Left,0,0,640,0,0.61,1,nan
5/5/2022 3:10:01,1.8.1,Free_feed,2,4.02,2,1,Pellet,Left,0,0,641,0,10.11,19,nan
5/5/2022 3:10:18,1.8.1,Free_feed,2,4.01,1,1,Pellet,Left,0,0,642,0,9.62,17,nan
5/5/2022 3:10:19,1.8.1,Free_feed,2,4.02,1,1,Pellet,Left,0,0,643,0,0.06,1,nan
5/5/2022 3:23:39,1.8.1,Free_feed,2,4.02,1,1,Pellet,Left,0,0,644,0,Timed_out,800,nan
5/5/2022 3:24:01,1.8.1,Free_feed,2,4.01,1,1,Pellet,Left,0,0,645,0,16.20,22,nan
5/5/2022 4:25:03,1.8.1,Free_feed,2,4.01,1,1,Pellet,Left,0,0,646,0,Timed_out,3662,nan
5/5/2022 4:25:30,1.8.1,Free_feed,2,4.02,1,1,Pellet,Left,0,0,647,0,20.45,27,nan
5/5/2022 4:25:53,1.8.1,Free_feed,2,4.01,1,1,Pellet,Left,0,0,648,0,16.26,23,nan
5/5/2022 4:26:16,1.8.1,Free_feed,2,4.02,1,1,Pellet,Left,0,0,649,0,16.76,23,nan
5/5/2022 4:26:48,1.8.1,Free_feed,2,4.01,1,1,Pellet,Left,0,0,650,0,29.63,31,nan
5/5/2022 5:06:28,1.8.1,Free_feed,2,4.00,2,1,Pellet,Left,0,0,651,0,Timed_out,2381,nan
5/5/2022 5:07:05,1.8.1,Free_feed,2,4.01,1,1,Pellet,Left,0,0,652,0,35.92,37,nan
5/5/2022 5:07:30,1.8.1,Free_feed,2,4.01,1,1,Pellet,Left,0,0,653,0,17.87,25,nan
5/5/2022 5:19:00,1.8.1,Free_feed,2,4.02,1,1,Pellet,Left,0,0,654,0,Timed_out,690,nan
5/5/2022 5:19:02,1.8.1,Free_feed,2,4.00,1,1,Pellet,Left,0,0,655,0,0.61,2,nan
5/5/2022 5:19:27,1.8.1,Free_feed,2,4.01,1,1,Pellet,Left,0,0,656,0,17.81,25,nan
5/5/2022 5:19:51,1.8.1,Free_feed,2,4.01,1,1,Pellet,Left,0,0,657,0,17.25,24,nan
5/5/2022 5:43:22,1.8.1,Free_feed,2,4.00,1,1,Pellet,Left,0,0,658,0,Timed_out,1411,nan
5/5/2022 5:43:43,1.8.1,Free_feed,2,4.01,1,1,Pellet,Left,0,0,659,0,14.24,21,nan
5/5/2022 5:43:44,1.8.1,Free_feed,2,4.01,1,1,Pellet,Left,0,0,660,0,0.06,1,nan
5/5/2022 5:44:00,1.8.1,Free_feed,2,4.01,1,1,Pellet,Left,0,0,661,0,8.77,16,nan
5/5/2022 5:44:23,1.8.1,Free_feed,2,4.01,1,1,Pellet,Left,0,0,662,0,17.06,23,nan
5/5/2022 6:00:46,1.8.1,Free_feed,2,4.01,1,1,Pellet,Left,0,0,663,0,Timed_out,983,nan
5/5/2022 6:01:32,1.8.1,Free_feed,2,4.01,1,1,Pellet,Left,0,0,664,0,39.68,46,nan
5/5/2022 6:01:54,1.8.1,Free_feed,2,4.01,1,1,Pellet,Left,0,0,665,0,16.38,22,nan
5/5/2022 6:16:40,1.8.1,Free_feed,2,4.01,1,1,Pellet,Left,0,0,666,0,Timed_out,886,nan
5/5/2022 6:17:06,1.8.1,Free_feed,2,4.01,1,1,Pellet,Left,0,0,667,0,20.27,26,nan
5/5/2022 6:17:28,1.8.1,Free_feed,2,4.01,1,1,Pellet,Left,0,0,668,0,20.75,22,nan
5/5/2022 6:17:58,1.8.1,Free_feed,2,4.01,1,1,Pellet,Left,0,0,669,0,22.42,30,nan
5/5/2022 6:18:16,1.8.1,Free_feed,2,4.01,1,1,Pellet,Left,0,0,670,0,11.53,18,nan
5/5/2022 6:43:28,1.8.1,Free_feed,2,4.00,1,1,Pellet,Left,0,0,671,0,Timed_out,1512,nan
5/5/2022 6:43:29,1.8.1,Free_feed,2,4.00,1,1,Pellet,Left,0,0,672,0,0.06,1,nan
5/5/2022 6:43:53,1.8.1,Free_feed,2,4.00,1,1,Pellet,Left,0,0,673,0,16.20,24,nan
5/5/2022 6:55:44,1.8.1,Free_feed,2,4.00,2,1,Pellet,Left,0,0,674,0,Timed_out,711,nan
5/5/2022 7:04:28,1.8.1,Free_feed,2,4.00,1,1,Pellet,Left,0,0,675,0,Timed_out,524,nan
5/5/2022 7:04:50,1.8.1,Free_feed,2,4.00,1,1,Pellet,Left,0,0,676,0,20.63,22,nan
5/5/2022 7:05:11,1.8.1,Free_feed,2,4.00,1,1,Pellet,Left,0,0,677,0,14.35,21,nan
5/5/2022 7:05:31,1.8.1,Free_feed,2,4.00,1,1,Pellet,Left,0,0,678,0,13.37,20,nan
5/5/2022 7:44:39,1.8.1,Free_feed,2,4.00,1,1,Pellet,Left,0,0,679,0,Timed_out,2348,nan
5/5/2022 7:44:40,1.8.1,Free_feed,2,4.00,1,1,Pellet,Left,0,0,680,0,0.60,1,nan
5/5/2022 7:45:05,1.8.1,Free_feed,2,4.00,1,1,Pellet,Left,0,0,681,0,17.43,25,nan
5/5/2022 7:45:31,1.8.1,Free_feed,2,4.00,1,1,Pellet,Left,0,0,682,0,19.83,26,nan
5/5/2022 8:14:03,1.8.1,Free_feed,2,4.00,1,1,Pellet,Left,0,0,683,0,Timed_out,1712,nan
5/5/2022 8:14:06,1.8.1,Free_feed,2,4.00,1,1,Pellet,Left,0,0,684,0,0.06,3,nan
5/5/2022 8:14:08,1.8.1,Free_feed,2,4.00,1,1,Pellet,Left,0,0,685,0,0.42,2,nan
5/5/2022 8:14:41,1.8.1,Free_feed,2,4.00,1,1,Pellet,Left,0,0,686,0,26.43,33,nan
5/5/2022 8:14:42,1.8.1,Free_feed,2,4.00,1,1,Pellet,Left,0,0,687,0,0.12,1,nan
5/5/2022 8:15:12,1.8.1,Free_feed,2,4.00,1,1,Pellet,Left,0,0,688,0,23.52,30,nan
5/5/2022 8:48:48,1.8.1,Free_feed,2,4.00,1,1,Pellet,Left,0,0,689,0,Timed_out,2015,nan
5/5/2022 8:49:11,1.8.1,Free_feed,2,4.00,1,1,Pellet,Left,0,0,690,0,17.44,24,nan
5/5/2022 9:20:47,1.8.1,Free_feed,2,4.00,1,1,Pellet,Left,0,0,691,0,Timed_out,1896,nan
5/5/2022 9:21:13,1.8.1,Free_feed,2,4.00,3,1,Pellet,Left,0,0,692,0,20.01,26,nan
5/5/2022 10:13:58,1.8.1,Free_feed,2,4.00,1,1,Pellet,Left,0,0,693,0,Timed_out,3165,nan
5/5/2022 10:16:49,1.8.1,Free_feed,2,4.00,1,1,Pellet,Left,0,0,694,0,Timed_out,171,nan
5/5/2022 10:16:50,1.8.1,Free_feed,2,4.00,1,1,Pellet,Left,0,0,695,0,0.18,1,nan
5/5/2022 10:17:17,1.8.1,Free_feed,2,4.00,1,1,Pellet,Left,0,0,696,0,26.17,27,nan
5/5/2022 10:58:11,1.8.1,Free_feed,2,4.00,1,1,Pellet,Left,0,0,697,0,Timed_out,2454,nan
5/5/2022 10:58:41,1.8.1,Free_feed,2,3.99,1,1,Pellet,Left,0,0,698,0,23.22,30,nan
5/5/2022 11:36:03,1.8.1,Free_feed,2,3.99,1,1,Pellet,Left,0,0,699,0,Timed_out,2242,nan
5/5/2022 11:36:04,1.8.1,Free_feed,2,4.00,1,1,Pellet,Left,0,0,700,0,0.06,1,nan
5/5/2022 11:36:22,1.8.1,Free_feed,2,4.00,1,1,Pellet,Left,0,0,701,0,11.09,18,nan
5/5/2022 11:37:01,1.8.1,Free_feed,2,3.99,1,1,Pellet,Left,0,0,702,0,32.32,39,nan
5/5/2022 11:37:26,1.8.1,Free_feed,2,4.00,1,1,Pellet,Left,0,0,703,0,18.47,25,nan
5/5/2022 11:37:53,1.8.1,Free_feed,2,3.99,3,1,Pellet,Left,0,0,704,0,15.76,27,nan
5/5/2022 12:08:19,1.8.1,Free_feed,2,3.99,1,1,Pellet,Left,0,0,705,0,Timed_out,1825,nan
5/5/2022 13:54:35,1.8.1,Free_feed,2,3.99,2,1,Pellet,Left,0,0,706,0,Timed_out,6377,nan
5/5/2022 13:55:05,1.8.1,Free_feed,2,3.99,1,1,Pellet,Left,0,0,707,0,23.46,30,nan
5/5/2022 13:55:34,1.8.1,Free_feed,2,3.99,1,1,Pellet,Left,0,0,708,0,22.85,29,nan
5/5/2022 13:56:05,1.8.1,Free_feed,2,3.99,2,1,Pellet,Left,0,0,709,0,21.31,31,nan
5/5/2022 13:56:06,1.8.1,Free_feed,2,3.99,1,1,Pellet,Left,0,0,710,0,0.12,1,nan
5/5/2022 13:56:08,1.8.1,Free_feed,2,3.99,1,1,Pellet,Left,0,0,711,0,0.12,2,nan
5/5/2022 14:35:43,1.8.1,Free_feed,2,3.98,2,1,Pellet,Left,0,0,712,0,Timed_out,2375,nan
5/5/2022 15:00:28,1.8.1,Free_feed,2,3.99,1,1,Pellet,Left,0,0,713,0,Timed_out,1485,nan
5/5/2022 15:11:10,1.8.1,Free_feed,2,3.98,1,1,Pellet,Left,0,0,714,0,Timed_out,642,nan
5/5/2022 15:11:36,1.8.1,Free_feed,2,3.98,1,1,Pellet,Left,0,0,715,0,19.14,26,nan
5/5/2022 15:11:58,1.8.1,Free_feed,2,3.99,1,1,Pellet,Left,0,0,716,0,15.45,22,nan
5/5/2022 15:12:19,1.8.1,Free_feed,2,3.99,1,1,Pellet,Left,0,0,717,0,14.47,21,nan
5/5/2022 16:23:05,1.8.1,Free_feed,2,3.98,2,1,Pellet,Left,0,0,718,0,Timed_out,4246,nan
5/5/2022 16:23:34,1.8.1,Free_feed,2,3.98,1,1,Pellet,Left,0,0,719,0,27.66,29,nan
5/5/2022 16:24:02,1.8.1,Free_feed,2,3.98,1,1,Pellet,Left,0,0,720,0,20.87,28,nan
5/5/2022 16:24:03,1.8.1,Free_feed,2,3.98,1,1,Pellet,Left,0,0,721,0,0.30,1,nan
5/5/2022 16:24:30,1.8.1,Free_feed,2,3.98,1,1,Pellet,Left,0,0,722,0,20.01,27,nan
5/5/2022 16:24:50,1.8.1,Free_feed,2,3.98,1,1,Pellet,Left,0,0,723,0,12.39,20,nan
5/5/2022 17:00:01,1.8.1,Free_feed,2,3.98,1,1,Pellet,Left,0,0,724,0,Timed_out,2111,nan
5/5/2022 17:09:51,1.8.1,Free_feed,2,3.98,1,1,Pellet,Left,0,0,725,0,Timed_out,590,nan
5/5/2022 17:10:35,1.8.1,Free_feed,2,3.98,2,1,Pellet,Left,0,0,726,0,40.84,44,nan
5/5/2022 17:10:53,1.8.1,Free_feed,2,3.98,1,1,Pellet,Left,0,0,727,0,11.77,18,nan
5/5/2022 17:11:05,1.8.1,Free_feed,2,3.98,1,1,Pellet,Left,0,0,728,0,11.34,12,nan
5/5/2022 17:11:34,1.8.1,Free_feed,2,3.98,1,1,Pellet,Left,0,0,729,0,21.85,29,nan
