MM:DD:YYYY hh:mm:ss,Library_Version,Session_type,Device_Number,Battery_Voltage,Motor_Turns,FR,Event,Active_Poke,Left_Poke_Count,Right_Poke_Count,Pellet_Count,Block_Pellet_Count,Retrieval_Time,InterPelletInterval,Poke_Time
5/2/2022 14:57:59,1.8.1,Free_feed,4,4.16,3,1,Pellet,Left,0,0,1,0,Timed_out,nan,nan
5/2/2022 15:21:04,1.8.1,Free_feed,4,4.16,1,1,Pellet,Left,0,0,2,0,Timed_out,1385,nan
5/2/2022 15:22:16,1.8.1,Free_feed,4,4.15,2,1,Pellet,Left,0,0,3,0,Timed_out,72,nan
5/2/2022 15:22:17,1.8.1,Free_feed,4,4.16,1,1,Pellet,Left,0,0,4,0,0.73,1,nan
5/2/2022 15:25:44,1.8.1,Free_feed,4,4.16,1,1,Pellet,Left,0,0,5,0,Timed_out,207,nan
5/2/2022 15:25:46,1.8.1,Free_feed,4,4.16,1,1,Pellet,Left,0,0,6,0,0.30,1,nan
5/2/2022 15:37:54,1.8.1,Free_feed,4,4.16,1,1,Pellet,Left,0,0,7,0,Timed_out,729,nan
5/2/2022 15:37:55,1.8.1,Free_feed,4,4.16,1,1,Pellet,Left,0,0,8,0,0.06,1,nan
5/2/2022 15:40:18,1.8.1,Free_feed,4,4.16,1,1,Pellet,Left,0,0,9,0,Timed_out,143,nan
5/2/2022 15:40:26,1.8.1,Free_feed,4,4.16,1,1,Pellet,Left,0,0,10,0,5.32,8,nan
5/2/2022 15:41:43,1.8.1,Free_feed,4,4.16,1,1,Pellet,Left,0,0,11,0,Timed_out,77,nan
5/2/2022 15:41:44,1.8.1,Free_feed,4,4.16,1,1,Pellet,Left,0,0,12,0,0.18,1,nan
5/2/2022 15:41:51,1.8.1,Free_feed,4,4.16,1,1,Pellet,Left,0,0,13,0,5.20,7,nan
5/2/2022 15:41:59,1.8.1,Free_feed,4,4.16,1,1,Pellet,Left,0,0,14,0,1.52,8,nan
5/2/2022 15:50:29,1.8.1,Free_feed,4,4.15,1,1,Pellet,Left,0,0,15,0,Timed_out,510,nan
5/2/2022 15:59:11,1.8.1,Free_feed,4,4.16,1,1,Pellet,Left,0,0,16,0,Timed_out,522,nan
5/2/2022 16:12:34,1.8.1,Free_feed,4,4.14,2,1,Pellet,Left,0,0,17,0,Timed_out,803,nan
5/2/2022 16:23:09,1.8.1,Free_feed,4,4.15,2,1,Pellet,Left,0,0,18,0,Timed_out,634,nan
5/2/2022 16:23:40,1.8.1,Free_feed,4,4.15,1,1,Pellet,Left,0,0,19,0,24.93,32,nan
5/2/2022 16:23:41,1.8.1,Free_feed,4,4.16,1,1,Pellet,Left,0,0,20,0,0.06,1,nan
5/2/2022 16:23:43,1.8.1,Free_feed,4,4.16,1,1,Pellet,Left,0,0,21,0,0.42,2,nan
5/2/2022 16:23:49,1.8.1,Free_feed,4,4.16,1,1,Pellet,Left,0,0,22,0,0.06,6,nan
5/2/2022 16:23:57,1.8.1,Free_feed,4,4.15,1,1,Pellet,Left,0,0,23,0,0.06,7,nan
5/2/2022 16:27:48,1.8.1,Free_feed,4,4.16,1,1,Pellet,Left,0,0,24,0,Timed_out,232,nan
5/2/2022 16:27:58,1.8.1,Free_feed,4,4.15,2,1,Pellet,Left,0,0,25,0,3.55,10,nan
5/2/2022 16:28:02,1.8.1,Free_feed,4,4.16,1,1,Pellet,Left,0,0,26,0,0.06,4,nan
5/2/2022 16:28:19,1.8.1,Free_feed,4,4.16,1,1,Pellet,Left,0,0,27,0,10.05,17,nan
5/2/2022 17:03:14,1.8.1,Free_feed,4,4.16,2,1,Pellet,Left,0,0,28,0,Timed_out,2095,nan
5/2/2022 17:07:13,1.8.1,Free_feed,4,4.14,1,1,Pellet,Left,0,0,29,0,Timed_out,239,nan
5/2/2022 17:07:47,1.8.1,Free_feed,4,4.15,1,1,Pellet,Left,0,0,30,0,27.58,34,nan
5/2/2022 17:08:21,1.8.1,Free_feed,4,4.15,1,1,Pellet,Left,0,0,31,0,27.76,34,nan
5/2/2022 17:08:22,1.8.1,Free_feed,4,4.15,1,1,Pellet,Left,0,0,32,0,0.24,1,nan
5/2/2022 17:18:56,1.8.1,Free_feed,4,4.15,1,1,Pellet,Left,0,0,33,0,Timed_out,634,nan
5/2/2022 17:19:05,1.8.1,Free_feed,4,4.15,1,1,Pellet,Left,0,0,34,0,1.83,9,nan
5/2/2022 17:27:56,1.8.1,Free_feed,4,4.15,3,1,Pellet,Left,0,0,35,0,Timed_out,531,nan
5/2/2022 17:39:28,1.8.1,Free_feed,4,4.14,2,1,Pellet,Left,0,0,36,0,Timed_out,692,nan
5/2/2022 17:48:21,1.8.1,Free_feed,4,4.14,2,1,Pellet,Left,0,0,37,0,Timed_out,533,nan
5/2/2022 17:52:17,1.8.1,Free_feed,4,4.15,2,1,Pellet,Left,0,0,38,0,Timed_out,236,nan
5/2/2022 18:02:34,1.8.1,Free_feed,4,4.15,1,1,Pellet,Left,0,0,39,0,Timed_out,617,nan
5/2/2022 18:07:23,1.8.1,Free_feed,4,4.15,1,1,Pellet,Left,0,0,40,0,Timed_out,289,nan
5/2/2022 18:08:58,1.8.1,Free_feed,4,4.14,2,1,Pellet,Left,0,0,41,0,Timed_out,95,nan
5/2/2022 18:08:59,1.8.1,Free_feed,4,4.14,1,1,Pellet,Left,0,0,42,0,0.06,1,nan
5/2/2022 18:09:28,1.8.1,Free_feed,4,4.14,1,1,Pellet,Left,0,0,43,0,22.16,29,nan
5/2/2022 18:19:23,1.8.1,Free_feed,4,4.14,1,1,Pellet,Left,0,0,44,0,Timed_out,595,nan
5/2/2022 18:45:43,1.8.1,Free_feed,4,4.14,1,1,Pellet,Left,0,0,45,0,Timed_out,1580,nan
5/2/2022 19:04:09,1.8.1,Free_feed,4,4.14,2,1,Pellet,Left,0,0,46,0,Timed_out,1105,nan
5/2/2022 19:04:50,1.8.1,Free_feed,4,4.14,1,1,Pellet,Left,0,0,47,0,34.35,41,nan
5/2/2022 19:07:29,1.8.1,Free_feed,4,4.14,2,1,Pellet,Left,0,0,48,0,Timed_out,160,nan
5/2/2022 19:08:01,1.8.1,Free_feed,4,4.14,1,1,Pellet,Left,0,0,49,0,30.29,32,nan
5/2/2022 19:08:39,1.8.1,Free_feed,4,4.14,1,1,Pellet,Left,0,0,50,0,31.95,38,nan
5/2/2022 19:09:12,1.8.1,Free_feed,4,4.15,1,1,Pellet,Left,0,0,51,0,26.60,33,nan
5/2/2022 19:09:16,1.8.1,Free_feed,4,4.14,1,1,Pellet,Left,0,0,52,0,0.06,4,nan
5/2/2022 19:13:31,1.8.1,Free_feed,4,4.14,1,1,Pellet,Left,0,0,53,0,Timed_out,255,nan
5/2/2022 19:14:05,1.8.1,Free_feed,4,4.14,1,1,Pellet,Left,0,0,54,0,26.53,34,nan
5/2/2022 19:35:10,1.8.1,Free_feed,4,4.14,2,1,Pellet,Left,0,0,55,0,Timed_out,1265,nan
5/2/2022 19:43:44,1.8.1,Free_feed,4,4.14,1,1,Pellet,Left,0,0,56,0,Timed_out,514,nan
5/2/2022 19:49:52,1.8.1,Free_feed,4,4.14,1,1,Pellet,Left,0,0,57,0,Timed_out,368,nan
5/2/2022 19:54:22,1.8.1,Free_feed,4,4.14,1,1,Pellet,Left,0,0,58,0,Timed_out,270,nan
5/2/2022 19:57:31,1.8.1,Free_feed,4,4.14,1,1,Pellet,Left,0,0,59,0,Timed_out,189,nan
5/2/2022 19:59:47,1.8.1,Free_feed,4,4.14,1,1,Pellet,Left,0,0,60,0,Timed_out,136,nan
5/2/2022 20:04:11,1.8.1,Free_feed,4,4.14,2,1,Pellet,Left,0,0,61,0,Timed_out,264,nan
5/2/2022 20:09:20,1.8.1,Free_feed,4,4.14,1,1,Pellet,Left,0,0,62,0,Timed_out,309,nan
5/2/2022 20:10:04,1.8.1,Free_feed,4,4.14,1,1,Pellet,Left,0,0,63,0,37.08,44,nan
5/2/2022 20:21:17,1.8.1,Free_feed,4,4.14,1,1,Pellet,Left,0,0,64,0,Timed_out,673,nan
5/2/2022 20:23:44,1.8.1,Free_feed,4,4.14,1,1,Pellet,Left,0,0,65,0,Timed_out,147,nan
5/2/2022 20:23:45,1.8.1,Free_feed,4,4.14,1,1,Pellet,Left,0,0,66,0,0.06,1,nan
5/2/2022 20:33:52,1.8.1,Free_feed,4,4.14,1,1,Pellet,Left,0,0,67,0,Timed_out,607,nan
5/2/2022 20:38:57,1.8.1,Free_feed,4,4.14,1,1,Pellet,Left,0,0,68,0,Timed_out,305,nan
5/2/2022 20:38:58,1.8.1,Free_feed,4,4.13,1,1,Pellet,Left,0,0,69,0,0.12,1,nan
5/2/2022 20:50:14,1.8.1,Free_feed,4,4.14,2,1,Pellet,Left,0,0,70,0,Timed_out,676,nan
5/2/2022 21:08:07,1.8.1,Free_feed,4,4.13,1,1,Pellet,Left,0,0,71,0,Timed_out,1073,nan
5/2/2022 21:16:19,1.8.1,Free_feed,4,4.14,1,1,Pellet,Left,0,0,72,0,Timed_out,491,nan
5/2/2022 21:16:54,1.8.1,Free_feed,4,4.13,1,1,Pellet,Left,0,0,73,0,28.93,36,nan
5/2/2022 21:17:22,1.8.1,Free_feed,4,4.13,1,1,Pellet,Left,0,0,74,0,21.28,28,nan
5/2/2022 21:22:27,1.8.1,Free_feed,4,4.14,1,1,Pellet,Left,0,0,75,0,Timed_out,304,nan
5/2/2022 21:30:52,1.8.1,Free_feed,4,4.13,1,1,Pellet,Left,0,0,76,0,Timed_out,506,nan
5/2/2022 21:31:28,1.8.1,Free_feed,4,4.14,1,1,Pellet,Left,0,0,77,0,28.63,36,nan
5/2/2022 21:35:23,1.8.1,Free_feed,4,4.13,1,1,Pellet,Left,0,0,78,0,Timed_out,235,nan
5/2/2022 21:35:24,1.8.1,Free_feed,4,4.12,1,1,Pellet,Left,0,0,79,0,0.06,1,nan
5/2/2022 21:51:23,1.8.1,Free_feed,4,4.13,1,1,Pellet,Left,0,0,80,0,Timed_out,959,nan
5/2/2022 22:01:14,1.8.1,Free_feed,4,4.13,1,1,Pellet,Left,0,0,81,0,Timed_out,591,nan
5/2/2022 22:02:05,1.8.1,Free_feed,4,4.13,1,1,Pellet,Left,0,0,82,0,43.88,51,nan
5/2/2022 22:02:07,1.8.1,Free_feed,4,4.13,1,1,Pellet,Left,0,0,83,0,0.36,2,nan
5/2/2022 22:02:43,1.8.1,Free_feed,4,4.13,1,1,Pellet,Left,0,0,84,0,29.93,36,nan
5/2/2022 22:03:10,1.8.1,Free_feed,4,4.14,1,1,Pellet,Left,0,0,85,0,21.18,27,nan
5/2/2022 22:08:48,1.8.1,Free_feed,4,4.13,1,1,Pellet,Left,0,0,86,0,Timed_out,338,nan
5/2/2022 22:17:51,1.8.1,Free_feed,4,4.13,1,1,Pellet,Left,0,0,87,0,Timed_out,543,nan
5/2/2022 22:18:22,1.8.1,Free_feed,4,4.12,1,1,Pellet,Left,0,0,88,0,24.50,31,nan
5/2/2022 22:19:00,1.8.1,Free_feed,4,4.12,1,1,Pellet,Left,0,0,89,0,31.59,38,nan
5/2/2022 22:19:01,1.8.1,Free_feed,4,4.13,1,1,Pellet,Left,0,0,90,0,0.18,1,nan
5/2/2022 22:20:52,1.8.1,Free_feed,4,4.13,1,1,Pellet,Left,0,0,91,0,Timed_out,111,nan
5/2/2022 22:20:53,1.8.1,Free_feed,4,4.13,1,1,Pellet,Left,0,0,92,0,0.06,1,nan
5/2/2022 22:33:25,1.8.1,Free_feed,4,4.13,1,1,Pellet,Left,0,0,93,0,Timed_out,752,nan
5/2/2022 22:33:27,1.8.1,Free_feed,4,4.12,1,1,Pellet,Left,0,0,94,0,0.24,2,nan
5/2/2022 22:40:55,1.8.1,Free_feed,4,4.13,1,1,Pellet,Left,0,0,95,0,Timed_out,448,nan
5/2/2022 22:40:56,1.8.1,Free_feed,4,4.13,1,1,Pellet,Left,0,0,96,0,0.06,1,nan
5/2/2022 22:40:57,1.8.1,Free_feed,4,4.12,1,1,Pellet,Left,0,0,97,0,0.06,0,nan
5/2/2022 22:41:25,1.8.1,Free_feed,4,4.12,6,1,Pellet,Left,0,0,98,0,10.84,29,nan
5/2/2022 22:53:41,1.8.1,Free_feed,4,4.13,1,1,Pellet,Left,0,0,99,0,Timed_out,736,nan
5/2/2022 23:09:52,1.8.1,Free_feed,4,4.12,2,1,Pellet,Left,0,0,100,0,Timed_out,971,nan
5/2/2022 23:09:53,1.8.1,Free_feed,4,4.12,1,1,Pellet,Left,0,0,101,0,0.24,1,nan
5/2/2022 23:10:26,1.8.1,Free_feed,4,4.12,1,1,Pellet,Left,0,0,102,0,26.03,33,nan
5/2/2022 23:20:19,1.8.1,Free_feed,4,4.13,2,1,Pellet,Left,0,0,103,0,Timed_out,593,nan
5/2/2022 23:21:02,1.8.1,Free_feed,4,4.12,1,1,Pellet,Left,0,0,104,0,36.20,43,nan
5/2/2022 23:21:04,1.8.1,Free_feed,4,4.12,1,1,Pellet,Left,0,0,105,0,0.06,2,nan
5/2/2022 23:21:36,1.8.1,Free_feed,4,4.12,1,1,Pellet,Left,0,0,106,0,25.12,32,nan
5/2/2022 23:25:49,1.8.1,Free_feed,4,4.12,1,1,Pellet,Left,0,0,107,0,Timed_out,253,nan
5/2/2022 23:25:50,1.8.1,Free_feed,4,4.12,1,1,Pellet,Left,0,0,108,0,0.06,1,nan
5/2/2022 23:38:39,1.8.1,Free_feed,4,4.12,1,1,Pellet,Left,0,0,109,0,Timed_out,769,nan
5/2/2022 23:39:13,1.8.1,Free_feed,4,4.12,1,1,Pellet,Left,0,0,110,0,33.13,34,nan
5/2/2022 23:39:43,1.8.1,Free_feed,4,4.12,1,1,Pellet,Left,0,0,111,0,23.20,30,nan
5/2/2022 23:40:06,1.8.1,Free_feed,4,4.12,1,1,Pellet,Left,0,0,112,0,15.82,22,nan
5/2/2022 23:56:18,1.8.1,Free_feed,4,4.12,1,1,Pellet,Left,0,0,113,0,Timed_out,972,nan
5/2/2022 23:56:48,1.8.1,Free_feed,4,4.12,1,1,Pellet,Left,0,0,114,0,24.01,31,nan
5/3/2022 0:13:53,1.8.1,Free_feed,4,4.12,1,1,Pellet,Left,0,0,115,0,Timed_out,1025,nan
5/3/2022 0:14:29,1.8.1,Free_feed,4,4.12,1,1,Pellet,Left,0,0,116,0,28.67,36,nan
5/3/2022 0:22:35,1.8.1,Free_feed,4,4.12,2,1,Pellet,Left,0,0,117,0,Timed_out,486,nan
5/3/2022 0:26:00,1.8.1,Free_feed,4,4.12,1,1,Pellet,Left,0,0,118,0,Timed_out,205,nan
5/3/2022 0:39:09,1.8.1,Free_feed,4,4.12,1,1,Pellet,Left,0,0,119,0,Timed_out,789,nan
5/3/2022 0:39:42,1.8.1,Free_feed,4,4.12,1,1,Pellet,Left,0,0,120,0,26.77,33,nan
5/3/2022 0:40:37,1.8.1,Free_feed,4,4.12,1,1,Pellet,Left,0,0,121,0,54.17,55,nan
5/3/2022 0:40:38,1.8.1,Free_feed,4,4.12,1,1,Pellet,Left,0,0,122,0,0.18,1,nan
5/3/2022 0:51:54,1.8.1,Free_feed,4,4.12,1,1,Pellet,Left,0,0,123,0,Timed_out,676,nan
5/3/2022 0:52:00,1.8.1,Free_feed,4,4.12,1,1,Pellet,Left,0,0,124,0,0.06,6,nan
5/3/2022 1:07:47,1.8.1,Free_feed,4,4.12,1,1,Pellet,Left,0,0,125,0,Timed_out,947,nan
5/3/2022 1:07:48,1.8.1,Free_feed,4,4.12,1,1,Pellet,Left,0,0,126,0,0.06,1,nan
5/3/2022 1:19:31,1.8.1,Free_feed,4,4.12,1,1,Pellet,Left,0,0,127,0,Timed_out,703,nan
5/3/2022 1:20:07,1.8.1,Free_feed,4,4.12,2,1,Pellet,Left,0,0,128,0,32.98,36,nan
5/3/2022 1:20:40,1.8.1,Free_feed,4,4.12,2,1,Pellet,Left,0,0,129,0,25.30,33,nan
5/3/2022 1:33:31,1.8.1,Free_feed,4,4.12,1,1,Pellet,Left,0,0,130,0,Timed_out,771,nan
5/3/2022 1:41:16,1.8.1,Free_feed,4,4.12,1,1,Pellet,Left,0,0,131,0,Timed_out,465,nan
5/3/2022 1:43:07,1.8.1,Free_feed,4,4.12,2,1,Pellet,Left,0,0,132,0,Timed_out,111,nan
5/3/2022 1:45:31,1.8.1,Free_feed,4,4.12,1,1,Pellet,Left,0,0,133,0,Timed_out,144,nan
5/3/2022 1:45:58,1.8.1,Free_feed,4,4.12,1,1,Pellet,Left,0,0,134,0,20.55,27,nan
5/3/2022 1:53:11,1.8.1,Free_feed,4,4.11,2,1,Pellet,Left,0,0,135,0,Timed_out,433,nan
5/3/2022 1:53:33,1.8.1,Free_feed,4,4.12,1,1,Pellet,Left,0,0,136,0,16.01,22,nan
5/3/2022 2:01:03,1.8.1,Free_feed,4,4.12,2,1,Pellet,Left,0,0,137,0,Timed_out,450,nan
5/3/2022 2:01:05,1.8.1,Free_feed,4,4.12,1,1,Pellet,Left,0,0,138,0,0.12,2,nan
5/3/2022 2:09:54,1.8.1,Free_feed,4,4.12,1,1,Pellet,Left,0,0,139,0,Timed_out,529,nan
5/3/2022 2:19:30,1.8.1,Free_feed,4,4.12,1,1,Pellet,Left,0,0,140,0,Timed_out,576,nan
5/3/2022 2:19:55,1.8.1,Free_feed,4,4.12,1,1,Pellet,Left,0,0,141,0,18.27,25,nan
5/3/2022 2:20:21,1.8.1,Free_feed,4,4.12,1,1,Pellet,Left,0,0,142,0,19.20,26,nan
5/3/2022 2:20:56,1.8.1,Free_feed,4,4.12,1,1,Pellet,Left,0,0,143,0,29.00,35,nan
5/3/2022 2:20:57,1.8.1,Free_feed,4,4.11,1,1,Pellet,Left,0,0,144,0,0.12,1,nan
5/3/2022 2:26:39,1.8.1,Free_feed,4,4.12,1,1,Pellet,Left,0,0,145,0,Timed_out,342,nan
5/3/2022 2:39:35,1.8.1,Free_feed,4,4.11,1,1,Pellet,Left,0,0,146,0,Timed_out,776,nan
5/3/2022 2:43:49,1.8.1,Free_feed,4,4.12,1,1,Pellet,Left,0,0,147,0,Timed_out,254,nan
5/3/2022 2:44:28,1.8.1,Free_feed,4,4.12,2,1,Pellet,Left,0,0,148,0,32.06,39,nan
5/3/2022 2:52:19,1.8.1,Free_feed,4,4.11,1,1,Pellet,Left,0,0,149,0,Timed_out,471,nan
5/3/2022 2:52:20,1.8.1,Free_feed,4,4.11,1,1,Pellet,Left,0,0,150,0,0.12,1,nan
5/3/2022 2:52:27,1.8.1,Free_feed,4,4.11,1,1,Pellet,Left,0,0,151,0,0.06,7,nan
5/3/2022 3:02:34,1.8.1,Free_feed,4,4.12,1,1,Pellet,Left,0,0,152,0,Timed_out,607,nan
5/3/2022 3:07:59,1.8.1,Free_feed,4,4.12,1,1,Pellet,Left,0,0,153,0,Timed_out,325,nan
5/3/2022 3:08:26,1.8.1,Free_feed,4,4.09,1,1,Pellet,Left,0,0,154,0,20.01,27,nan
5/3/2022 3:16:01,1.8.1,Free_feed,4,4.12,2,1,Pellet,Left,0,0,155,0,Timed_out,455,nan
5/3/2022 3:25:52,1.8.1,Free_feed,4,4.11,1,1,Pellet,Left,0,0,156,0,Timed_out,591,nan
5/3/2022 3:28:17,1.8.1,Free_feed,4,4.11,1,1,Pellet,Left,0,0,157,0,Timed_out,145,nan
5/3/2022 3:33:51,1.8.1,Free_feed,4,4.12,1,1,Pellet,Left,0,0,158,0,Timed_out,334,nan
5/3/2022 3:34:19,1.8.1,Free_feed,4,4.11,1,1,Pellet,Left,0,0,159,0,20.93,28,nan
5/3/2022 3:42:12,1.8.1,Free_feed,4,4.11,1,1,Pellet,Left,0,0,160,0,Timed_out,473,nan
5/3/2022 3:53:27,1.8.1,Free_feed,4,4.11,2,1,Pellet,Left,0,0,161,0,Timed_out,675,nan
5/3/2022 3:53:53,1.8.1,Free_feed,4,4.11,1,1,Pellet,Left,0,0,162,0,18.71,26,nan
5/3/2022 4:01:32,1.8.1,Free_feed,4,4.11,1,1,Pellet,Left,0,0,163,0,Timed_out,459,nan
5/3/2022 4:09:00,1.8.1,Free_feed,4,4.11,1,1,Pellet,Left,0,0,164,0,Timed_out,448,nan
5/3/2022 4:23:25,1.8.1,Free_feed,4,4.11,1,1,Pellet,Left,0,0,165,0,Timed_out,865,nan
5/3/2022 4:33:49,1.8.1,Free_feed,4,4.11,1,1,Pellet,Left,0,0,166,0,Timed_out,624,nan
5/3/2022 4:53:23,1.8.1,Free_feed,4,4.11,1,1,Pellet,Left,0,0,167,0,Timed_out,1174,nan
5/3/2022 5:20:09,1.8.1,Free_feed,4,4.11,1,1,Pellet,Left,0,0,168,0,Timed_out,1606,nan
5/3/2022 5:20:13,1.8.1,Free_feed,4,4.11,1,1,Pellet,Left,0,0,169,0,0.06,4,nan
5/3/2022 5:21:08,1.8.1,Free_feed,4,4.11,1,1,Pellet,Left,0,0,170,0,48.15,55,nan
5/3/2022 5:22:26,1.8.1,Free_feed,4,4.11,2,1,Pellet,Left,0,0,171,0,Timed_out,78,nan
5/3/2022 5:22:27,1.8.1,Free_feed,4,4.11,1,1,Pellet,Left,0,0,172,0,0.12,1,nan
5/3/2022 5:23:10,1.8.1,Free_feed,4,4.11,1,1,Pellet,Left,0,0,173,0,35.84,43,nan
5/3/2022 5:34:05,1.8.1,Free_feed,4,4.11,1,1,Pellet,Left,0,0,174,0,Timed_out,655,nan
5/3/2022 5:34:31,1.8.1,Free_feed,4,4.10,1,1,Pellet,Left,0,0,175,0,19.44,26,nan
5/3/2022 5:34:58,1.8.1,Free_feed,4,4.11,1,1,Pellet,Left,0,0,176,0,20.00,27,nan
5/3/2022 5:50:40,1.8.1,Free_feed,4,4.11,3,1,Pellet,Left,0,0,177,0,Timed_out,942,nan
5/3/2022 5:51:09,1.8.1,Free_feed,4,4.10,2,1,Pellet,Left,0,0,178,0,22.52,29,nan
5/3/2022 6:01:34,1.8.1,Free_feed,4,4.11,2,1,Pellet,Left,0,0,179,0,Timed_out,625,nan
5/3/2022 6:08:27,1.8.1,Free_feed,4,4.11,1,1,Pellet,Left,0,0,180,0,Timed_out,413,nan
5/3/2022 6:08:55,1.8.1,Free_feed,4,4.10,1,1,Pellet,Left,0,0,181,0,21.05,28,nan
5/3/2022 6:14:52,1.8.1,Free_feed,4,4.10,1,1,Pellet,Left,0,0,182,0,Timed_out,357,nan
5/3/2022 6:27:03,1.8.1,Free_feed,4,4.11,1,1,Pellet,Left,0,0,183,0,Timed_out,731,nan
5/3/2022 6:27:10,1.8.1,Free_feed,4,4.10,1,1,Pellet,Left,0,0,184,0,0.06,7,nan
5/3/2022 6:27:27,1.8.1,Free_feed,4,4.11,1,1,Pellet,Left,0,0,185,0,10.35,17,nan
5/3/2022 6:35:10,1.8.1,Free_feed,4,4.11,2,1,Pellet,Left,0,0,186,0,Timed_out,463,nan
5/3/2022 6:42:09,1.8.1,Free_feed,4,4.10,1,1,Pellet,Left,0,0,187,0,Timed_out,419,nan
5/3/2022 6:42:33,1.8.1,Free_feed,4,4.11,1,1,Pellet,Left,0,0,188,0,18.03,24,nan
5/3/2022 6:58:48,1.8.1,Free_feed,4,4.11,1,1,Pellet,Left,0,0,189,0,Timed_out,975,nan
5/3/2022 6:59:55,1.8.1,Free_feed,4,4.10,1,1,Pellet,Left,0,0,190,0,Timed_out,67,nan
5/3/2022 7:10:28,1.8.1,Free_feed,4,4.09,1,1,Pellet,Left,0,0,191,0,Timed_out,633,nan
5/3/2022 8:45:37,1.8.1,Free_feed,4,4.10,2,1,Pellet,Left,0,0,192,0,Timed_out,5709,nan
5/3/2022 8:46:40,1.8.1,Free_feed,4,4.10,1,1,Pellet,Left,0,0,193,0,56.83,63,nan
5/3/2022 8:48:50,1.8.1,Free_feed,4,4.09,1,1,Pellet,Left,0,0,194,0,Timed_out,130,nan
5/3/2022 8:57:02,1.8.1,Free_feed,4,4.09,1,1,Pellet,Left,0,0,195,0,Timed_out,492,nan
5/3/2022 9:16:16,1.8.1,Free_feed,4,4.09,1,1,Pellet,Left,0,0,196,0,Timed_out,1154,nan
5/3/2022 9:53:01,1.8.1,Free_feed,4,4.09,1,1,Pellet,Left,0,0,197,0,Timed_out,2205,nan
5/3/2022 9:54:02,1.8.1,Free_feed,4,4.09,1,1,Pellet,Left,0,0,198,0,53.69,60,nan
5/3/2022 10:07:36,1.8.1,Free_feed,4,4.09,1,1,Pellet,Left,0,0,199,0,Timed_out,815,nan
5/3/2022 10:17:27,1.8.1,Free_feed,4,4.09,2,1,Pellet,Left,0,0,200,0,Timed_out,591,nan
5/3/2022 10:18:51,1.8.1,Free_feed,4,4.09,1,1,Pellet,Left,0,0,201,0,Timed_out,83,nan
5/3/2022 10:19:29,1.8.1,Free_feed,4,4.09,2,1,Pellet,Left,0,0,202,0,30.21,39,nan
5/3/2022 10:20:01,1.8.1,Free_feed,4,4.09,1,1,Pellet,Left,0,0,203,0,25.17,32,nan
5/3/2022 11:22:24,1.8.1,Free_feed,4,4.09,2,1,Pellet,Left,0,0,204,0,Timed_out,3743,nan
5/3/2022 11:23:17,1.8.1,Free_feed,4,4.09,2,1,Pellet,Left,0,0,205,0,46.22,53,nan
5/3/2022 11:23:49,1.8.1,Free_feed,4,4.09,2,1,Pellet,Left,0,0,206,0,24.19,32,nan
5/3/2022 12:05:25,1.8.1,Free_feed,4,4.09,1,1,Pellet,Left,0,0,207,0,Timed_out,2496,nan
5/3/2022 12:06:03,1.8.1,Free_feed,4,4.09,1,1,Pellet,Left,0,0,208,0,32.38,38,nan
5/3/2022 12:06:57,1.8.1,Free_feed,4,4.08,1,1,Pellet,Left,0,0,209,0,46.79,54,nan
5/3/2022 12:07:34,1.8.1,Free_feed,4,4.08,1,1,Pellet,Left,0,0,210,0,30.60,37,nan
5/3/2022 12:08:02,1.8.1,Free_feed,4,4.09,1,1,Pellet,Left,0,0,211,0,21.17,28,nan
5/3/2022 12:09:55,1.8.1,Free_feed,4,4.09,1,1,Pellet,Left,0,0,212,0,Timed_out,113,nan
5/3/2022 12:58:10,1.8.1,Free_feed,4,4.09,1,1,Pellet,Left,0,0,213,0,Timed_out,2895,nan
5/3/2022 13:16:39,1.8.1,Free_feed,4,4.08,1,1,Pellet,Left,0,0,214,0,Timed_out,1109,nan
5/3/2022 13:19:00,1.8.1,Free_feed,4,4.08,1,1,Pellet,Left,0,0,215,0,Timed_out,141,nan
5/3/2022 13:19:31,1.8.1,Free_feed,4,4.08,2,1,Pellet,Left,0,0,216,0,29.85,31,nan
5/3/2022 13:19:55,1.8.1,Free_feed,4,4.08,1,1,Pellet,Left,0,0,217,0,16.99,24,nan
5/3/2022 13:21:44,1.8.1,Free_feed,4,4.08,2,1,Pellet,Left,0,0,218,0,Timed_out,109,nan
5/3/2022 13:34:31,1.8.1,Free_feed,4,4.08,1,1,Pellet,Left,0,0,219,0,Timed_out,767,nan
5/3/2022 13:34:32,1.8.1,Free_feed,4,4.09,1,1,Pellet,Left,0,0,220,0,0.06,1,nan
5/3/2022 14:16:29,1.8.1,Free_feed,4,4.08,1,1,Pellet,Left,0,0,221,0,Timed_out,2517,nan
5/3/2022 14:16:30,1.8.1,Free_feed,4,4.07,1,1,Pellet,Left,0,0,222,0,0.06,1,nan
5/3/2022 14:16:31,1.8.1,Free_feed,4,4.08,1,1,Pellet,Left,0,0,223,0,0.12,1,nan
5/3/2022 14:16:32,1.8.1,Free_feed,4,4.08,1,1,Pellet,Left,0,0,224,0,0.06,1,nan
5/3/2022 14:16:33,1.8.1,Free_feed,4,4.08,1,1,Pellet,Left,0,0,225,0,0.36,1,nan
5/3/2022 14:16:34,1.8.1,Free_feed,4,4.08,1,1,Pellet,Left,0,0,226,0,0.06,1,nan
5/3/2022 14:18:36,1.8.1,Free_feed,4,4.08,1,1,Pellet,Left,0,0,227,0,Timed_out,122,nan
5/3/2022 14:19:01,1.8.1,Free_feed,4,4.09,2,1,Pellet,Left,0,0,228,0,18.40,25,nan
5/3/2022 14:19:33,1.8.1,Free_feed,4,4.08,1,1,Pellet,Left,0,0,229,0,25.48,31,nan
5/3/2022 14:20:06,1.8.1,Free_feed,4,4.08,2,1,Pellet,Left,0,0,230,0,26.53,34,nan
5/3/2022 14:48:43,1.8.1,Free_feed,4,4.08,1,1,Pellet,Left,0,0,231,0,Timed_out,1717,nan
5/3/2022 14:48:44,1.8.1,Free_feed,4,4.08,1,1,Pellet,Left,0,0,232,0,0.42,1,nan
5/3/2022 14:49:19,1.8.1,Free_feed,4,4.08,1,1,Pellet,Left,0,0,233,0,28.50,35,nan
5/3/2022 14:50:29,1.8.1,Free_feed,4,4.08,1,1,Pellet,Left,0,0,234,0,Timed_out,70,nan
5/3/2022 15:19:27,1.8.1,Free_feed,4,4.08,1,1,Pellet,Left,0,0,235,0,Timed_out,1738,nan
5/3/2022 15:19:28,1.8.1,Free_feed,4,4.09,1,1,Pellet,Left,0,0,236,0,0.06,1,nan
5/3/2022 15:19:29,1.8.1,Free_feed,4,4.08,1,1,Pellet,Left,0,0,237,0,0.06,1,nan
5/3/2022 15:20:08,1.8.1,Free_feed,4,4.07,1,1,Pellet,Left,0,0,238,0,32.63,39,nan
5/3/2022 15:20:33,1.8.1,Free_feed,4,4.08,1,1,Pellet,Left,0,0,239,0,18.47,25,nan
5/3/2022 15:21:02,1.8.1,Free_feed,4,4.08,1,1,Pellet,Left,0,0,240,0,22.47,29,nan
5/3/2022 16:04:23,1.8.1,Free_feed,4,4.07,1,1,Pellet,Left,0,0,241,0,Timed_out,2600,nan
5/3/2022 16:04:24,1.8.1,Free_feed,4,4.08,1,1,Pellet,Left,0,0,242,0,0.06,2,nan
5/3/2022 16:04:56,1.8.1,Free_feed,4,4.08,1,1,Pellet,Left,0,0,243,0,25.54,32,nan
5/3/2022 16:05:36,1.8.1,Free_feed,4,4.07,1,1,Pellet,Left,0,0,244,0,33.19,40,nan
5/3/2022 16:06:10,1.8.1,Free_feed,4,4.08,1,1,Pellet,Left,0,0,245,0,27.09,34,nan
5/3/2022 16:06:43,1.8.1,Free_feed,4,4.08,1,1,Pellet,Left,0,0,246,0,26.04,33,nan
5/3/2022 16:15:05,1.8.1,Free_feed,4,4.07,1,1,Pellet,Left,0,0,247,0,Timed_out,502,nan
5/3/2022 16:34:24,1.8.1,Free_feed,4,4.07,1,1,Pellet,Left,0,0,248,0,Timed_out,1159,nan
5/3/2022 16:44:54,1.8.1,Free_feed,4,4.07,1,1,Pellet,Left,0,0,249,0,Timed_out,630,nan
5/3/2022 17:08:48,1.8.1,Free_feed,4,4.07,1,1,Pellet,Left,0,0,250,0,Timed_out,1434,nan
5/3/2022 17:08:50,1.8.1,Free_feed,4,4.07,1,1,Pellet,Left,0,0,251,0,0.48,2,nan
5/3/2022 17:08:52,1.8.1,Free_feed,4,4.07,1,1,Pellet,Left,0,0,252,0,0.30,2,nan
5/3/2022 17:08:53,1.8.1,Free_feed,4,4.08,1,1,Pellet,Left,0,0,253,0,0.18,1,nan
5/3/2022 17:10:09,1.8.1,Free_feed,4,4.07,2,1,Pellet,Left,0,0,254,0,Timed_out,76,nan
5/3/2022 17:10:42,1.8.1,Free_feed,4,4.07,2,1,Pellet,Left,0,0,255,0,24.12,33,nan
5/3/2022 17:13:18,1.8.1,Free_feed,4,4.07,1,1,Pellet,Left,0,0,256,0,Timed_out,156,nan
5/3/2022 17:13:44,1.8.1,Free_feed,4,4.07,1,1,Pellet,Left,0,0,257,0,19.08,26,nan
5/3/2022 17:41:36,1.8.1,Free_feed,4,4.07,1,1,Pellet,Left,0,0,258,0,Timed_out,1672,nan
5/3/2022 17:47:48,1.8.1,Free_feed,4,4.05,1,1,Pellet,Left,0,0,259,0,Timed_out,372,nan
5/3/2022 18:07:36,1.8.1,Free_feed,4,4.07,1,1,Pellet,Left,0,0,260,0,Timed_out,1188,nan
5/3/2022 18:07:37,1.8.1,Free_feed,4,4.07,1,1,Pellet,Left,0,0,261,0,0.06,1,nan
5/3/2022 18:14:06,1.8.1,Free_feed,4,4.07,1,1,Pellet,Left,0,0,262,0,Timed_out,389,nan
5/3/2022 18:14:07,1.8.1,Free_feed,4,4.07,1,1,Pellet,Left,0,0,263,0,0.42,1,nan
5/3/2022 18:24:45,1.8.1,Free_feed,4,4.07,3,1,Pellet,Left,0,0,264,0,Timed_out,637,nan
5/3/2022 18:39:24,1.8.1,Free_feed,4,4.06,2,1,Pellet,Left,0,0,265,0,Timed_out,880,nan
5/3/2022 18:45:04,1.8.1,Free_feed,4,4.07,2,1,Pellet,Left,0,0,266,0,Timed_out,340,nan
5/3/2022 18:54:23,1.8.1,Free_feed,4,4.07,2,1,Pellet,Left,0,0,267,0,Timed_out,559,nan
5/3/2022 18:54:28,1.8.1,Free_feed,4,4.07,1,1,Pellet,Left,0,0,268,0,0.18,5,nan
5/3/2022 18:56:22,1.8.1,Free_feed,4,4.07,2,1,Pellet,Left,0,0,269,0,Timed_out,114,nan
5/3/2022 19:17:53,1.8.1,Free_feed,4,4.07,1,1,Pellet,Left,0,0,270,0,Timed_out,1291,nan
5/3/2022 19:18:30,1.8.1,Free_feed,4,4.07,1,1,Pellet,Left,0,0,271,0,36.19,37,nan
5/3/2022 19:26:55,1.8.1,Free_feed,4,4.07,1,1,Pellet,Left,0,0,272,0,Timed_out,505,nan
5/3/2022 19:27:20,1.8.1,Free_feed,4,4.07,1,1,Pellet,Left,0,0,273,0,23.64,25,nan
5/3/2022 19:27:49,1.8.1,Free_feed,4,4.07,1,1,Pellet,Left,0,0,274,0,27.83,29,nan
5/3/2022 19:28:18,1.8.1,Free_feed,4,4.07,1,1,Pellet,Left,0,0,275,0,22.71,29,nan
5/3/2022 19:28:49,1.8.1,Free_feed,4,4.07,1,1,Pellet,Left,0,0,276,0,23.83,30,nan
5/3/2022 19:39:47,1.8.1,Free_feed,4,4.06,1,1,Pellet,Left,0,0,277,0,Timed_out,659,nan
5/3/2022 19:40:11,1.8.1,Free_feed,4,4.07,1,1,Pellet,Left,0,0,278,0,17.67,24,nan
5/3/2022 19:58:59,1.8.1,Free_feed,4,4.07,1,1,Pellet,Left,0,0,279,0,Timed_out,1128,nan
5/3/2022 19:59:00,1.8.1,Free_feed,4,4.06,1,1,Pellet,Left,0,0,280,0,0.06,1,nan
5/3/2022 20:05:02,1.8.1,Free_feed,4,4.07,2,1,Pellet,Left,0,0,281,0,Timed_out,362,nan
5/3/2022 20:05:25,1.8.1,Free_feed,4,4.07,1,1,Pellet,Left,0,0,282,0,15.76,23,nan
5/3/2022 20:05:48,1.8.1,Free_feed,4,4.07,1,1,Pellet,Left,0,0,283,0,17.25,23,nan
5/3/2022 20:06:13,1.8.1,Free_feed,4,4.07,2,1,Pellet,Left,0,0,284,0,18.35,25,nan
5/3/2022 20:06:14,1.8.1,Free_feed,4,4.07,1,1,Pellet,Left,0,0,285,0,0.06,1,nan
5/3/2022 20:06:42,1.8.1,Free_feed,4,4.07,1,1,Pellet,Left,0,0,286,0,20.82,28,nan
5/3/2022 20:06:43,1.8.1,Free_feed,4,4.07,1,1,Pellet,Left,0,0,287,0,0.42,1,nan
5/3/2022 20:17:19,1.8.1,Free_feed,4,4.07,1,1,Pellet,Left,0,0,288,0,Timed_out,636,nan
5/3/2022 20:17:45,1.8.1,Free_feed,4,4.07,1,1,Pellet,Left,0,0,289,0,19.89,26,nan
5/3/2022 20:25:15,1.8.1,Free_feed,4,4.07,1,1,Pellet,Left,0,0,290,0,Timed_out,450,nan
5/3/2022 20:31:13,1.8.1,Free_feed,4,4.07,1,1,Pellet,Left,0,0,291,0,Timed_out,358,nan
5/3/2022 20:39:13,1.8.1,Free_feed,4,4.07,1,1,Pellet,Left,0,0,292,0,Timed_out,480,nan
5/3/2022 20:39:51,1.8.1,Free_feed,4,4.06,1,1,Pellet,Left,0,0,293,0,31.10,38,nan
5/3/2022 20:40:18,1.8.1,Free_feed,4,4.06,1,1,Pellet,Left,0,0,294,0,20.38,27,nan
5/3/2022 20:57:23,1.8.1,Free_feed,4,4.07,1,1,Pellet,Left,0,0,295,0,Timed_out,1025,nan
5/3/2022 20:57:24,1.8.1,Free_feed,4,4.06,1,1,Pellet,Left,0,0,296,0,0.12,1,nan
5/3/2022 20:57:37,1.8.1,Free_feed,4,4.07,1,1,Pellet,Left,0,0,297,0,7.72,13,nan
5/3/2022 21:12:59,1.8.1,Free_feed,4,4.06,2,1,Pellet,Left,0,0,298,0,Timed_out,922,nan
5/3/2022 21:13:59,1.8.1,Free_feed,4,4.07,2,1,Pellet,Left,0,0,299,0,52.15,60,nan
5/3/2022 21:14:32,1.8.1,Free_feed,4,4.07,1,1,Pellet,Left,0,0,300,0,25.66,33,nan
5/3/2022 21:25:38,1.8.1,Free_feed,4,4.06,1,1,Pellet,Left,0,0,301,0,Timed_out,666,nan
5/3/2022 21:26:10,1.8.1,Free_feed,4,4.06,1,1,Pellet,Left,0,0,302,0,24.25,32,nan
5/3/2022 21:26:35,1.8.1,Free_feed,4,4.06,1,1,Pellet,Left,0,0,303,0,18.59,25,nan
5/3/2022 21:35:20,1.8.1,Free_feed,4,4.07,1,1,Pellet,Left,0,0,304,0,Timed_out,525,nan
5/3/2022 21:36:00,1.8.1,Free_feed,4,4.06,1,1,Pellet,Left,0,0,305,0,33.06,40,nan
5/3/2022 21:36:32,1.8.1,Free_feed,4,4.07,1,1,Pellet,Left,0,0,306,0,24.44,32,nan
5/3/2022 21:58:56,1.8.1,Free_feed,4,4.06,1,1,Pellet,Left,0,0,307,0,Timed_out,1344,nan
5/3/2022 21:59:21,1.8.1,Free_feed,4,4.05,1,1,Pellet,Left,0,0,308,0,18.53,25,nan
5/3/2022 22:08:18,1.8.1,Free_feed,4,4.05,1,1,Pellet,Left,0,0,309,0,Timed_out,537,nan
5/3/2022 22:15:28,1.8.1,Free_feed,4,4.05,1,1,Pellet,Left,0,0,310,0,Timed_out,430,nan
5/3/2022 22:15:54,1.8.1,Free_feed,4,4.06,1,1,Pellet,Left,0,0,311,0,24.62,26,nan
5/3/2022 22:29:14,1.8.1,Free_feed,4,4.07,1,1,Pellet,Left,0,0,312,0,Timed_out,800,nan
5/3/2022 22:29:42,1.8.1,Free_feed,4,4.06,1,1,Pellet,Left,0,0,313,0,21.06,28,nan
5/3/2022 22:30:04,1.8.1,Free_feed,4,4.06,1,1,Pellet,Left,0,0,314,0,15.21,22,nan
5/3/2022 22:30:32,1.8.1,Free_feed,4,4.06,1,1,Pellet,Left,0,0,315,0,21.11,28,nan
5/3/2022 22:47:09,1.8.1,Free_feed,4,4.06,1,1,Pellet,Left,0,0,316,0,Timed_out,997,nan
5/3/2022 22:47:10,1.8.1,Free_feed,4,4.05,1,1,Pellet,Left,0,0,317,0,0.12,1,nan
5/3/2022 22:47:35,1.8.1,Free_feed,4,4.06,1,1,Pellet,Left,0,0,318,0,18.28,25,nan
5/3/2022 22:47:36,1.8.1,Free_feed,4,4.06,1,1,Pellet,Left,0,0,319,0,0.06,1,nan
5/3/2022 22:48:01,1.8.1,Free_feed,4,4.05,2,1,Pellet,Left,0,0,320,0,18.04,25,nan
5/3/2022 22:48:26,1.8.1,Free_feed,4,4.07,1,1,Pellet,Left,0,0,321,0,18.04,25,nan
5/3/2022 22:48:56,1.8.1,Free_feed,4,4.06,1,1,Pellet,Left,0,0,322,0,23.33,30,nan
5/3/2022 22:49:17,1.8.1,Free_feed,4,4.06,1,1,Pellet,Left,0,0,323,0,14.29,21,nan
5/3/2022 23:06:09,1.8.1,Free_feed,4,4.06,2,1,Pellet,Left,0,0,324,0,Timed_out,1012,nan
5/3/2022 23:06:10,1.8.1,Free_feed,4,4.05,1,1,Pellet,Left,0,0,325,0,0.06,1,nan
5/3/2022 23:06:42,1.8.1,Free_feed,4,4.06,1,1,Pellet,Left,0,0,326,0,24.76,31,nan
5/3/2022 23:07:06,1.8.1,Free_feed,4,4.05,1,1,Pellet,Left,0,0,327,0,18.35,25,nan
5/3/2022 23:31:08,1.8.1,Free_feed,4,4.05,1,1,Pellet,Left,0,0,328,0,Timed_out,1442,nan
5/3/2022 23:31:18,1.8.1,Free_feed,4,4.05,1,1,Pellet,Left,0,0,329,0,3.18,10,nan
5/3/2022 23:31:55,1.8.1,Free_feed,4,4.06,1,1,Pellet,Left,0,0,330,0,29.75,37,nan
5/3/2022 23:33:32,1.8.1,Free_feed,4,4.06,2,1,Pellet,Left,0,0,331,0,Timed_out,97,nan
5/3/2022 23:51:15,1.8.1,Free_feed,4,4.06,1,1,Pellet,Left,0,0,332,0,Timed_out,1063,nan
5/3/2022 23:51:38,1.8.1,Free_feed,4,4.05,1,1,Pellet,Left,0,0,333,0,17.18,23,nan
5/3/2022 23:52:07,1.8.1,Free_feed,4,4.06,1,1,Pellet,Left,0,0,334,0,21.98,29,nan
5/3/2022 23:52:33,1.8.1,Free_feed,4,4.05,1,1,Pellet,Left,0,0,335,0,19.34,26,nan
5/3/2022 23:52:34,1.8.1,Free_feed,4,4.06,1,1,Pellet,Left,0,0,336,0,0.06,1,nan
5/4/2022 0:07:50,1.8.1,Free_feed,4,4.05,1,1,Pellet,Left,0,0,337,0,Timed_out,916,nan
5/4/2022 0:08:43,1.8.1,Free_feed,4,4.05,2,1,Pellet,Left,0,0,338,0,44.38,53,nan
5/4/2022 0:09:08,1.8.1,Free_feed,4,4.06,1,1,Pellet,Left,0,0,339,0,18.78,25,nan
5/4/2022 0:24:32,1.8.1,Free_feed,4,4.05,1,1,Pellet,Left,0,0,340,0,Timed_out,924,nan
5/4/2022 0:25:04,1.8.1,Free_feed,4,4.05,1,1,Pellet,Left,0,0,341,0,24.86,32,nan
5/4/2022 0:25:31,1.8.1,Free_feed,4,4.06,1,1,Pellet,Left,0,0,342,0,19.57,27,nan
5/4/2022 0:25:32,1.8.1,Free_feed,4,4.05,1,1,Pellet,Left,0,0,343,0,0.54,1,nan
5/4/2022 0:38:44,1.8.1,Free_feed,4,4.05,2,1,Pellet,Left,0,0,344,0,Timed_out,792,nan
5/4/2022 0:39:19,1.8.1,Free_feed,4,4.05,1,1,Pellet,Left,0,0,345,0,27.70,35,nan
5/4/2022 0:39:49,1.8.1,Free_feed,4,4.05,1,1,Pellet,Left,0,0,346,0,23.64,30,nan
5/4/2022 0:58:26,1.8.1,Free_feed,4,4.05,1,1,Pellet,Left,0,0,347,0,Timed_out,1117,nan
5/4/2022 1:34:09,1.8.1,Free_feed,4,4.05,1,1,Pellet,Left,0,0,348,0,Timed_out,2143,nan
5/4/2022 1:34:46,1.8.1,Free_feed,4,4.05,1,1,Pellet,Left,0,0,349,0,30.10,37,nan
5/4/2022 1:35:14,1.8.1,Free_feed,4,4.05,1,1,Pellet,Left,0,0,350,0,21.90,28,nan
5/4/2022 2:06:09,1.8.1,Free_feed,4,4.05,1,1,Pellet,Left,0,0,351,0,Timed_out,1855,nan
5/4/2022 2:06:29,1.8.1,Free_feed,4,4.03,1,1,Pellet,Left,0,0,352,0,13.43,20,nan
5/4/2022 2:06:32,1.8.1,Free_feed,4,4.05,1,1,Pellet,Left,0,0,353,0,0.06,3,nan
5/4/2022 2:07:00,1.8.1,Free_feed,4,4.05,1,1,Pellet,Left,0,0,354,0,21.24,28,nan
5/4/2022 2:07:47,1.8.1,Free_feed,4,4.05,1,1,Pellet,Left,0,0,355,0,39.77,46,nan
5/4/2022 2:28:15,1.8.1,Free_feed,4,4.05,1,1,Pellet,Left,0,0,356,0,Timed_out,1229,nan
5/4/2022 2:28:44,1.8.1,Free_feed,4,4.05,1,1,Pellet,Left,0,0,357,0,21.98,29,nan
5/4/2022 2:29:09,1.8.1,Free_feed,4,4.05,1,1,Pellet,Left,0,0,358,0,18.23,25,nan
5/4/2022 2:47:09,1.8.1,Free_feed,4,4.05,1,1,Pellet,Left,0,0,359,0,Timed_out,1080,nan
5/4/2022 2:47:28,1.8.1,Free_feed,4,4.05,1,1,Pellet,Left,0,0,360,0,12.26,19,nan
5/4/2022 2:47:29,1.8.1,Free_feed,4,4.05,1,1,Pellet,Left,0,0,361,0,0.12,1,nan
5/4/2022 2:47:54,1.8.1,Free_feed,4,4.05,1,1,Pellet,Left,0,0,362,0,17.78,25,nan
5/4/2022 2:48:22,1.8.1,Free_feed,4,4.05,1,1,Pellet,Left,0,0,363,0,22.34,28,nan
5/4/2022 2:48:51,1.8.1,Free_feed,4,4.05,1,1,Pellet,Left,0,0,364,0,21.92,29,nan
5/4/2022 3:04:16,1.8.1,Free_feed,4,4.05,1,1,Pellet,Left,0,0,365,0,Timed_out,925,nan
5/4/2022 3:04:46,1.8.1,Free_feed,4,4.05,1,1,Pellet,Left,0,0,366,0,22.77,30,nan
5/4/2022 3:05:07,1.8.1,Free_feed,4,4.05,1,1,Pellet,Left,0,0,367,0,14.66,21,nan
5/4/2022 3:05:34,1.8.1,Free_feed,4,4.05,1,1,Pellet,Left,0,0,368,0,20.81,27,nan
5/4/2022 3:29:01,1.8.1,Free_feed,4,4.05,1,1,Pellet,Left,0,0,369,0,Timed_out,1407,nan
5/4/2022 3:29:02,1.8.1,Free_feed,4,4.05,1,1,Pellet,Left,0,0,370,0,0.06,1,nan
5/4/2022 3:29:26,1.8.1,Free_feed,4,4.05,1,1,Pellet,Left,0,0,371,0,17.85,24,nan
5/4/2022 3:29:37,1.8.1,Free_feed,4,4.05,2,1,Pellet,Left,0,0,372,0,3.54,11,nan
5/4/2022 4:16:30,1.8.1,Free_feed,4,4.05,2,1,Pellet,Left,0,0,373,0,Timed_out,2813,nan
5/4/2022 4:28:10,1.8.1,Free_feed,4,4.05,1,1,Pellet,Left,0,0,374,0,Timed_out,700,nan
5/4/2022 4:35:26,1.8.1,Free_feed,4,4.05,1,1,Pellet,Left,0,0,375,0,Timed_out,436,nan
5/4/2022 4:49:50,1.8.1,Free_feed,4,4.05,2,1,Pellet,Left,0,0,376,0,Timed_out,864,nan
5/4/2022 4:50:15,1.8.1,Free_feed,4,4.04,1,1,Pellet,Left,0,0,377,0,18.15,25,nan
5/4/2022 4:59:47,1.8.1,Free_feed,4,4.05,2,1,Pellet,Left,0,0,378,0,Timed_out,572,nan
5/4/2022 4:59:49,1.8.1,Free_feed,4,4.05,1,1,Pellet,Left,0,0,379,0,0.06,2,nan
5/4/2022 5:00:31,1.8.1,Free_feed,4,4.05,1,1,Pellet,Left,0,0,380,0,35.71,42,nan
5/4/2022 5:01:01,1.8.1,Free_feed,4,4.05,1,1,Pellet,Left,0,0,381,0,23.20,30,nan
5/4/2022 5:01:32,1.8.1,Free_feed,4,4.05,2,1,Pellet,Left,0,0,382,0,21.91,31,nan
5/4/2022 5:14:40,1.8.1,Free_feed,4,4.05,1,1,Pellet,Left,0,0,383,0,Timed_out,788,nan
5/4/2022 5:29:09,1.8.1,Free_feed,4,4.04,1,1,Pellet,Left,0,0,384,0,Timed_out,869,nan
5/4/2022 5:35:34,1.8.1,Free_feed,4,4.05,1,1,Pellet,Left,0,0,385,0,Timed_out,385,nan
5/4/2022 5:35:57,1.8.1,Free_feed,4,4.05,1,1,Pellet,Left,0,0,386,0,16.14,23,nan
5/4/2022 5:36:20,1.8.1,Free_feed,4,4.05,1,1,Pellet,Left,0,0,387,0,15.71,23,nan
5/4/2022 5:36:20,1.8.1,Free_feed,4,4.05,1,1,Pellet,Left,0,0,388,0,0.06,0,nan
5/4/2022 5:36:43,1.8.1,Free_feed,4,4.04,2,1,Pellet,Left,0,0,389,0,13.92,23,nan
5/4/2022 5:36:44,1.8.1,Free_feed,4,4.05,1,1,Pellet,Left,0,0,390,0,0.12,1,nan
5/4/2022 5:51:58,1.8.1,Free_feed,4,4.05,1,1,Pellet,Left,0,0,391,0,Timed_out,914,nan
5/4/2022 5:52:00,1.8.1,Free_feed,4,4.05,1,1,Pellet,Left,0,0,392,0,0.30,2,nan
5/4/2022 5:52:34,1.8.1,Free_feed,4,4.05,1,1,Pellet,Left,0,0,393,0,27.22,34,nan
5/4/2022 5:53:01,1.8.1,Free_feed,4,4.04,2,1,Pellet,Left,0,0,394,0,24.82,27,nan
5/4/2022 5:53:23,1.8.1,Free_feed,4,4.05,1,1,Pellet,Left,0,0,395,0,15.58,22,nan
5/4/2022 6:12:26,1.8.1,Free_feed,4,4.04,1,1,Pellet,Left,0,0,396,0,Timed_out,1143,nan
5/4/2022 6:12:27,1.8.1,Free_feed,4,4.05,1,1,Pellet,Left,0,0,397,0,0.12,1,nan
5/4/2022 6:12:28,1.8.1,Free_feed,4,4.05,1,1,Pellet,Left,0,0,398,0,0.06,1,nan
5/4/2022 6:53:58,1.8.1,Free_feed,4,4.05,1,1,Pellet,Left,0,0,399,0,Timed_out,2490,nan
5/4/2022 6:54:22,1.8.1,Free_feed,4,4.05,1,1,Pellet,Left,0,0,400,0,17.12,24,nan
5/4/2022 6:54:23,1.8.1,Free_feed,4,4.05,1,1,Pellet,Left,0,0,401,0,0.06,1,nan
5/4/2022 7:16:54,1.8.1,Free_feed,4,4.05,1,1,Pellet,Left,0,0,402,0,Timed_out,1351,nan
5/4/2022 7:17:14,1.8.1,Free_feed,4,4.04,1,1,Pellet,Left,0,0,403,0,13.85,20,nan
5/4/2022 7:18:08,1.8.1,Free_feed,4,4.04,2,1,Pellet,Left,0,0,404,0,44.54,54,nan
5/4/2022 7:18:31,1.8.1,Free_feed,4,4.04,1,1,Pellet,Left,0,0,405,0,16.43,23,nan
5/4/2022 7:58:47,1.8.1,Free_feed,4,4.04,1,1,Pellet,Left,0,0,406,0,Timed_out,2416,nan
5/4/2022 7:59:21,1.8.1,Free_feed,4,4.05,2,1,Pellet,Left,0,0,407,0,25.85,34,nan
5/4/2022 8:01:16,1.8.1,Free_feed,4,4.04,1,1,Pellet,Left,0,0,408,0,Timed_out,115,nan
5/4/2022 8:01:17,1.8.1,Free_feed,4,4.05,1,1,Pellet,Left,0,0,409,0,0.18,1,nan
5/4/2022 8:01:18,1.8.1,Free_feed,4,4.04,1,1,Pellet,Left,0,0,410,0,0.42,1,nan
5/4/2022 8:01:19,1.8.1,Free_feed,4,4.04,1,1,Pellet,Left,0,0,411,0,0.06,1,nan
5/4/2022 8:10:32,1.8.1,Free_feed,4,4.04,1,1,Pellet,Left,0,0,412,0,Timed_out,553,nan
5/4/2022 8:48:47,1.8.1,Free_feed,4,4.04,1,1,Pellet,Left,0,0,413,0,Timed_out,2295,nan
5/4/2022 9:05:14,1.8.1,Free_feed,4,4.04,1,1,Pellet,Left,0,0,414,0,Timed_out,987,nan
5/4/2022 9:05:42,1.8.1,Free_feed,4,4.03,1,1,Pellet,Left,0,0,415,0,20.80,28,nan
5/4/2022 9:06:20,1.8.1,Free_feed,4,4.04,1,1,Pellet,Left,0,0,416,0,32.14,38,nan
5/4/2022 9:06:52,1.8.1,Free_feed,4,4.04,1,1,Pellet,Left,0,0,417,0,25.04,32,nan
5/4/2022 9:44:49,1.8.1,Free_feed,4,4.04,1,1,Pellet,Left,0,0,418,0,Timed_out,2277,nan
5/4/2022 9:44:50,1.8.1,Free_feed,4,4.03,1,1,Pellet,Left,0,0,419,0,0.06,1,nan
5/4/2022 9:44:51,1.8.1,Free_feed,4,4.05,1,1,Pellet,Left,0,0,420,0,0.18,1,nan
5/4/2022 9:45:33,1.8.1,Free_feed,4,4.03,1,1,Pellet,Left,0,0,421,0,35.03,42,nan
5/4/2022 9:45:58,1.8.1,Free_feed,4,4.04,1,1,Pellet,Left,0,0,422,0,18.22,25,nan
5/4/2022 9:46:23,1.8.1,Free_feed,4,4.05,1,1,Pellet,Left,0,0,423,0,18.28,25,nan
5/4/2022 9:46:58,1.8.1,Free_feed,4,4.04,4,1,Pellet,Left,0,0,424,0,21.79,35,nan
5/4/2022 10:15:13,1.8.1,Free_feed,4,4.03,1,1,Pellet,Left,0,0,425,0,Timed_out,1695,nan
5/4/2022 10:16:31,1.8.1,Free_feed,4,4.04,2,1,Pellet,Left,0,0,426,0,Timed_out,78,nan
5/4/2022 10:51:58,1.8.1,Free_feed,4,4.04,1,1,Pellet,Left,0,0,427,0,Timed_out,2127,nan
5/4/2022 11:24:44,1.8.1,Free_feed,4,4.04,1,1,Pellet,Left,0,0,428,0,Timed_out,1966,nan
5/4/2022 11:26:36,1.8.1,Free_feed,4,4.03,2,1,Pellet,Left,0,0,429,0,Timed_out,112,nan
5/4/2022 11:27:44,1.8.1,Free_feed,4,4.03,2,1,Pellet,Left,0,0,430,0,58.18,68,nan
5/4/2022 13:28:37,1.8.1,Free_feed,4,4.03,1,1,Pellet,Left,0,0,431,0,Timed_out,7253,nan
5/4/2022 13:29:17,1.8.1,Free_feed,4,4.03,2,1,Pellet,Left,0,0,432,0,33.55,40,nan
5/4/2022 13:29:42,1.8.1,Free_feed,4,4.03,1,1,Pellet,Left,0,0,433,0,19.15,25,nan
5/4/2022 13:29:43,1.8.1,Free_feed,4,4.03,1,1,Pellet,Left,0,0,434,0,0.24,1,nan
5/4/2022 13:30:11,1.8.1,Free_feed,4,4.03,1,1,Pellet,Left,0,0,435,0,21.17,28,nan
5/4/2022 13:30:45,1.8.1,Free_feed,4,4.03,2,1,Pellet,Left,0,0,436,0,24.99,34,nan
5/4/2022 13:31:11,1.8.1,Free_feed,4,4.03,1,1,Pellet,Left,0,0,437,0,18.65,26,nan
5/4/2022 13:31:36,1.8.1,Free_feed,4,4.03,1,1,Pellet,Left,0,0,438,0,19.26,25,nan
5/4/2022 15:38:21,1.8.1,Free_feed,4,4.03,1,1,Pellet,Left,0,0,439,0,Timed_out,7605,nan
5/4/2022 16:28:02,1.8.1,Free_feed,4,4.03,1,1,Pellet,Left,0,0,440,0,Timed_out,2981,nan
5/4/2022 16:30:27,1.8.1,Free_feed,4,4.03,1,1,Pellet,Left,0,0,441,0,Timed_out,145,nan
5/4/2022 16:30:54,1.8.1,Free_feed,4,4.03,1,1,Pellet,Left,0,0,442,0,20.00,27,nan
5/4/2022 16:36:45,1.8.1,Free_feed,4,4.03,1,1,Pellet,Left,0,0,443,0,Timed_out,350,nan
5/4/2022 16:36:45,1.8.1,Free_feed,4,4.03,1,1,Pellet,Left,0,0,444,0,0.06,1,nan
5/4/2022 16:38:57,1.8.1,Free_feed,4,4.03,1,1,Pellet,Left,0,0,445,0,Timed_out,132,nan
5/4/2022 16:38:58,1.8.1,Free_feed,4,4.03,1,1,Pellet,Left,0,0,446,0,0.06,1,nan
5/4/2022 16:39:30,1.8.1,Free_feed,4,4.03,2,1,Pellet,Left,0,0,447,0,22.65,32,nan
5/4/2022 17:32:59,1.8.1,Free_feed,4,4.03,1,1,Pellet,Left,0,0,448,0,Timed_out,3209,nan
5/4/2022 17:33:31,1.8.1,Free_feed,4,4.03,1,1,Pellet,Left,0,0,449,0,25.24,32,nan
5/4/2022 17:34:11,1.8.1,Free_feed,4,4.03,1,1,Pellet,Left,0,0,450,0,38.84,40,nan
5/4/2022 17:34:44,1.8.1,Free_feed,4,4.02,1,1,Pellet,Left,0,0,451,0,27.08,33,nan
5/4/2022 17:35:16,1.8.1,Free_feed,4,4.02,1,1,Pellet,Left,0,0,452,0,30.40,32,nan
5/4/2022 17:35:46,1.8.1,Free_feed,4,4.02,1,1,Pellet,Left,0,0,453,0,23.39,30,nan
5/4/2022 17:36:15,1.8.1,Free_feed,4,4.03,1,1,Pellet,Left,0,0,454,0,22.59,29,nan
5/4/2022 18:11:47,1.8.1,Free_feed,4,4.02,5,1,Pellet,Left,0,0,455,0,Timed_out,2132,nan
5/4/2022 18:11:48,1.8.1,Free_feed,4,4.03,1,1,Pellet,Left,0,0,456,0,0.30,1,nan
5/4/2022 18:30:48,1.8.1,Free_feed,4,4.03,2,1,Pellet,Left,0,0,457,0,Timed_out,1140,nan
5/4/2022 18:30:49,1.8.1,Free_feed,4,4.02,1,1,Pellet,Left,0,0,458,0,0.06,1,nan
5/4/2022 18:30:50,1.8.1,Free_feed,4,4.02,1,1,Pellet,Left,0,0,459,0,0.24,1,nan
5/4/2022 18:31:18,1.8.1,Free_feed,4,4.02,1,1,Pellet,Left,0,0,460,0,20.81,28,nan
5/4/2022 18:31:45,1.8.1,Free_feed,4,4.03,1,1,Pellet,Left,0,0,461,0,20.19,27,nan
5/4/2022 18:32:16,1.8.1,Free_feed,4,4.03,1,1,Pellet,Left,0,0,462,0,24.49,31,nan
5/4/2022 18:32:55,1.8.1,Free_feed,4,4.02,1,1,Pellet,Left,0,0,463,0,32.39,39,nan
5/4/2022 18:34:53,1.8.1,Free_feed,4,4.03,1,1,Pellet,Left,0,0,464,0,Timed_out,118,nan
5/4/2022 18:58:24,1.8.1,Free_feed,4,4.03,1,1,Pellet,Left,0,0,465,0,Timed_out,1411,nan
5/4/2022 18:58:25,1.8.1,Free_feed,4,4.03,1,1,Pellet,Left,0,0,466,0,0.36,1,nan
5/4/2022 18:58:55,1.8.1,Free_feed,4,4.03,1,1,Pellet,Left,0,0,467,0,23.03,30,nan
5/4/2022 18:59:24,1.8.1,Free_feed,4,4.03,2,1,Pellet,Left,0,0,468,0,20.38,29,nan
5/4/2022 18:59:51,1.8.1,Free_feed,4,4.03,1,1,Pellet,Left,0,0,469,0,20.50,27,nan
5/4/2022 19:07:45,1.8.1,Free_feed,4,4.03,1,1,Pellet,Left,0,0,470,0,Timed_out,474,nan
5/4/2022 19:08:11,1.8.1,Free_feed,4,4.03,1,1,Pellet,Left,0,0,471,0,19.44,26,nan
5/4/2022 19:08:41,1.8.1,Free_feed,4,4.02,1,1,Pellet,Left,0,0,472,0,22.95,30,nan
5/4/2022 19:29:44,1.8.1,Free_feed,4,4.02,1,1,Pellet,Left,0,0,473,0,Timed_out,1263,nan
5/4/2022 19:31:31,1.8.1,Free_feed,4,4.02,1,1,Pellet,Left,0,0,474,0,Timed_out,107,nan
5/4/2022 19:43:02,1.8.1,Free_feed,4,4.02,1,1,Pellet,Left,0,0,475,0,Timed_out,691,nan
5/4/2022 19:43:03,1.8.1,Free_feed,4,4.03,1,1,Pellet,Left,0,0,476,0,0.06,1,nan
5/4/2022 19:43:21,1.8.1,Free_feed,4,4.02,1,1,Pellet,Left,0,0,477,0,11.09,18,nan
5/4/2022 19:43:51,1.8.1,Free_feed,4,4.02,1,1,Pellet,Left,0,0,478,0,23.26,30,nan
5/4/2022 19:53:08,1.8.1,Free_feed,4,4.02,1,1,Pellet,Left,0,0,479,0,Timed_out,557,nan
5/4/2022 19:54:42,1.8.1,Free_feed,4,4.03,2,1,Pellet,Left,0,0,480,0,Timed_out,94,nan
5/4/2022 19:54:43,1.8.1,Free_feed,4,4.02,1,1,Pellet,Left,0,0,481,0,0.06,1,nan
5/4/2022 19:55:53,1.8.1,Free_feed,4,4.02,1,1,Pellet,Left,0,0,482,0,Timed_out,70,nan
5/4/2022 19:56:20,1.8.1,Free_feed,4,4.02,1,1,Pellet,Left,0,0,483,0,20.94,27,nan
5/4/2022 20:21:58,1.8.1,Free_feed,4,4.02,1,1,Pellet,Left,0,0,484,0,Timed_out,1537,nan
5/4/2022 20:22:14,1.8.1,Free_feed,4,4.02,1,1,Pellet,Left,0,0,485,0,10.17,17,nan
5/4/2022 20:22:35,1.8.1,Free_feed,4,4.03,1,1,Pellet,Left,0,0,486,0,13.31,20,nan
5/4/2022 20:23:02,1.8.1,Free_feed,4,4.02,1,1,Pellet,Left,0,0,487,0,20.88,28,nan
5/4/2022 20:23:30,1.8.1,Free_feed,4,4.03,1,1,Pellet,Left,0,0,488,0,20.63,28,nan
5/4/2022 20:47:29,1.8.1,Free_feed,4,4.03,1,1,Pellet,Left,0,0,489,0,Timed_out,1439,nan
5/4/2022 20:47:58,1.8.1,Free_feed,4,4.02,1,1,Pellet,Left,0,0,490,0,22.90,29,nan
5/4/2022 20:48:18,1.8.1,Free_feed,4,4.03,1,1,Pellet,Left,0,0,491,0,12.26,20,nan
5/4/2022 21:14:12,1.8.1,Free_feed,4,4.02,1,1,Pellet,Left,0,0,492,0,Timed_out,1554,nan
5/4/2022 21:23:16,1.8.1,Free_feed,4,4.02,1,1,Pellet,Left,0,0,493,0,Timed_out,544,nan
5/4/2022 21:23:44,1.8.1,Free_feed,4,4.02,1,1,Pellet,Left,0,0,494,0,20.19,28,nan
5/4/2022 21:24:21,1.8.1,Free_feed,4,4.02,1,1,Pellet,Left,0,0,495,0,30.78,37,nan
5/4/2022 21:31:26,1.8.1,Free_feed,4,4.02,2,1,Pellet,Left,0,0,496,0,Timed_out,425,nan
5/4/2022 21:31:52,1.8.1,Free_feed,4,4.02,1,1,Pellet,Left,0,0,497,0,24.75,26,nan
5/4/2022 21:32:18,1.8.1,Free_feed,4,4.02,1,1,Pellet,Left,0,0,498,0,19.69,26,nan
5/4/2022 21:46:01,1.8.1,Free_feed,4,4.02,1,1,Pellet,Left,0,0,499,0,Timed_out,822,nan
5/4/2022 21:46:01,1.8.1,Free_feed,4,4.02,1,1,Pellet,Left,0,0,500,0,0.06,1,nan
5/4/2022 21:46:31,1.8.1,Free_feed,4,4.02,1,1,Pellet,Left,0,0,501,0,22.90,29,nan
5/4/2022 22:07:58,1.8.1,Free_feed,4,4.03,1,1,Pellet,Left,0,0,502,0,Timed_out,1288,nan
5/4/2022 22:15:57,1.8.1,Free_feed,4,4.02,1,1,Pellet,Left,0,0,503,0,Timed_out,479,nan
5/4/2022 22:16:23,1.8.1,Free_feed,4,4.02,1,1,Pellet,Left,0,0,504,0,18.91,26,nan
5/4/2022 22:16:45,1.8.1,Free_feed,4,4.02,1,1,Pellet,Left,0,0,505,0,15.64,22,nan
5/4/2022 22:17:20,1.8.1,Free_feed,4,4.02,1,1,Pellet,Left,0,0,506,0,27.96,35,nan
5/4/2022 22:17:42,1.8.1,Free_feed,4,4.02,1,1,Pellet,Left,0,0,507,0,15.09,22,nan
5/4/2022 22:18:04,1.8.1,Free_feed,4,4.00,2,1,Pellet,Left,0,0,508,0,13.30,22,nan
5/4/2022 22:42:27,1.8.1,Free_feed,4,4.02,1,1,Pellet,Left,0,0,509,0,Timed_out,1463,nan
5/4/2022 22:42:48,1.8.1,Free_feed,4,4.02,8,1,Pellet,Left,0,0,510,0,1.83,21,nan
5/4/2022 22:43:19,1.8.1,Free_feed,4,4.02,1,1,Pellet,Left,0,0,511,0,24.20,31,nan
5/4/2022 22:43:43,1.8.1,Free_feed,4,4.02,1,1,Pellet,Left,0,0,512,0,17.36,24,nan
5/4/2022 22:44:12,1.8.1,Free_feed,4,4.02,1,1,Pellet,Left,0,0,513,0,21.86,29,nan
5/4/2022 22:44:13,1.8.1,Free_feed,4,4.01,1,1,Pellet,Left,0,0,514,0,0.06,0,nan
5/4/2022 22:44:35,1.8.1,Free_feed,4,4.02,2,1,Pellet,Left,0,0,515,0,13.55,23,nan
5/4/2022 22:54:17,1.8.1,Free_feed,4,4.02,1,1,Pellet,Left,0,0,516,0,Timed_out,582,nan
5/4/2022 22:54:44,1.8.1,Free_feed,4,4.02,1,1,Pellet,Left,0,0,517,0,20.14,27,nan
5/4/2022 22:55:10,1.8.1,Free_feed,4,4.02,1,1,Pellet,Left,0,0,518,0,18.96,26,nan
5/4/2022 22:59:51,1.8.1,Free_feed,4,4.02,1,1,Pellet,Left,0,0,519,0,Timed_out,281,nan
5/4/2022 23:00:19,1.8.1,Free_feed,4,4.02,1,1,Pellet,Left,0,0,520,0,20.88,28,nan
5/4/2022 23:00:44,1.8.1,Free_feed,4,4.02,2,1,Pellet,Left,0,0,521,0,15.71,25,nan
5/4/2022 23:10:30,1.8.1,Free_feed,4,4.02,1,1,Pellet,Left,0,0,522,0,Timed_out,586,nan
5/4/2022 23:10:31,1.8.1,Free_feed,4,4.02,1,1,Pellet,Left,0,0,523,0,0.06,1,nan
5/4/2022 23:27:44,1.8.1,Free_feed,4,4.02,1,1,Pellet,Left,0,0,524,0,Timed_out,1033,nan
5/4/2022 23:27:44,1.8.1,Free_feed,4,4.02,1,1,Pellet,Left,0,0,525,0,0.12,0,nan
5/4/2022 23:28:15,1.8.1,Free_feed,4,4.02,1,1,Pellet,Left,0,0,526,0,23.90,31,nan
5/4/2022 23:28:40,1.8.1,Free_feed,4,4.02,1,1,Pellet,Left,0,0,527,0,23.23,25,nan
5/4/2022 23:29:05,1.8.1,Free_feed,4,4.02,1,1,Pellet,Left,0,0,528,0,18.91,25,nan
5/4/2022 23:40:53,1.8.1,Free_feed,4,4.02,1,1,Pellet,Left,0,0,529,0,Timed_out,708,nan
5/4/2022 23:41:20,1.8.1,Free_feed,4,4.02,1,1,Pellet,Left,0,0,530,0,25.74,27,nan
5/4/2022 23:41:44,1.8.1,Free_feed,4,4.02,1,1,Pellet,Left,0,0,531,0,22.04,24,nan
5/4/2022 23:42:11,1.8.1,Free_feed,4,4.02,2,1,Pellet,Left,0,0,532,0,18.84,27,nan
5/4/2022 23:46:02,1.8.1,Free_feed,4,4.03,1,1,Pellet,Left,0,0,533,0,Timed_out,231,nan
5/4/2022 23:46:03,1.8.1,Free_feed,4,4.02,1,1,Pellet,Left,0,0,534,0,0.18,1,nan
5/4/2022 23:46:24,1.8.1,Free_feed,4,4.02,1,1,Pellet,Left,0,0,535,0,14.35,21,nan
5/4/2022 23:57:55,1.8.1,Free_feed,4,4.02,6,1,Pellet,Left,0,0,536,0,Timed_out,691,nan
5/4/2022 23:58:21,1.8.1,Free_feed,4,4.02,1,1,Pellet,Left,0,0,537,0,19.53,26,nan
5/5/2022 0:06:59,1.8.1,Free_feed,4,4.02,1,1,Pellet,Left,0,0,538,0,Timed_out,518,nan
5/5/2022 0:07:24,1.8.1,Free_feed,4,4.01,1,1,Pellet,Left,0,0,539,0,18.41,25,nan
5/5/2022 0:07:44,1.8.1,Free_feed,4,4.02,1,1,Pellet,Left,0,0,540,0,13.55,20,nan
5/5/2022 0:08:09,1.8.1,Free_feed,4,4.02,1,1,Pellet,Left,0,0,541,0,18.78,25,nan
5/5/2022 0:25:42,1.8.1,Free_feed,4,4.02,11,1,Pellet,Left,0,0,542,0,Timed_out,1052,nan
5/5/2022 0:26:12,1.8.1,Free_feed,4,4.02,3,1,Pellet,Left,0,0,543,0,18.72,30,nan
5/5/2022 0:26:31,1.8.1,Free_feed,4,4.02,1,1,Pellet,Left,0,0,544,0,12.94,20,nan
5/5/2022 0:26:50,1.8.1,Free_feed,4,4.02,1,1,Pellet,Left,0,0,545,0,11.89,19,nan
5/5/2022 0:40:32,1.8.1,Free_feed,4,4.02,1,1,Pellet,Left,0,0,546,0,Timed_out,822,nan
5/5/2022 0:40:33,1.8.1,Free_feed,4,4.02,1,1,Pellet,Left,0,0,547,0,0.06,1,nan
5/5/2022 0:45:49,1.8.1,Free_feed,4,4.02,1,1,Pellet,Left,0,0,548,0,Timed_out,316,nan
5/5/2022 1:23:13,1.8.1,Free_feed,4,4.02,2,1,Pellet,Left,0,0,549,0,Timed_out,2244,nan
5/5/2022 1:23:14,1.8.1,Free_feed,4,4.01,1,1,Pellet,Left,0,0,550,0,0.30,1,nan
5/5/2022 1:32:32,1.8.1,Free_feed,4,4.02,1,1,Pellet,Left,0,0,551,0,Timed_out,558,nan
5/5/2022 1:32:55,1.8.1,Free_feed,4,4.02,2,1,Pellet,Left,0,0,552,0,15.34,23,nan
5/5/2022 1:33:17,1.8.1,Free_feed,4,4.02,1,1,Pellet,Left,0,0,553,0,15.03,22,nan
5/5/2022 1:40:25,1.8.1,Free_feed,4,4.02,1,1,Pellet,Left,0,0,554,0,Timed_out,428,nan
5/5/2022 1:40:26,1.8.1,Free_feed,4,4.02,1,1,Pellet,Left,0,0,555,0,0.12,1,nan
5/5/2022 1:41:56,1.8.1,Free_feed,4,4.02,1,1,Pellet,Left,0,0,556,0,Timed_out,90,nan
5/5/2022 2:08:04,1.8.1,Free_feed,4,4.02,1,1,Pellet,Left,0,0,557,0,Timed_out,1568,nan
5/5/2022 2:23:49,1.8.1,Free_feed,4,4.01,1,1,Pellet,Left,0,0,558,0,Timed_out,944,nan
5/5/2022 2:24:19,1.8.1,Free_feed,4,4.02,2,1,Pellet,Left,0,0,559,0,23.41,31,nan
5/5/2022 2:24:47,1.8.1,Free_feed,4,4.01,1,1,Pellet,Left,0,0,560,0,22.30,28,nan
5/5/2022 2:25:13,1.8.1,Free_feed,4,4.01,1,1,Pellet,Left,0,0,561,0,18.48,26,nan
5/5/2022 3:06:21,1.8.1,Free_feed,4,4.01,1,1,Pellet,Left,0,0,562,0,Timed_out,2468,nan
5/5/2022 3:06:45,1.8.1,Free_feed,4,4.00,1,1,Pellet,Left,0,0,563,0,17.93,24,nan
5/5/2022 3:07:08,1.8.1,Free_feed,4,4.00,2,1,Pellet,Left,0,0,564,0,15.34,23,nan
5/5/2022 3:44:49,1.8.1,Free_feed,4,4.01,1,1,Pellet,Left,0,0,565,0,Timed_out,2261,nan
5/5/2022 4:01:44,1.8.1,Free_feed,4,4.01,2,1,Pellet,Left,0,0,566,0,Timed_out,1015,nan
5/5/2022 4:01:45,1.8.1,Free_feed,4,4.01,1,1,Pellet,Left,0,0,567,0,0.12,1,nan
5/5/2022 4:02:14,1.8.1,Free_feed,4,4.01,1,1,Pellet,Left,0,0,568,0,22.59,29,nan
5/5/2022 4:13:45,1.8.1,Free_feed,4,4.01,1,1,Pellet,Left,0,0,569,0,Timed_out,691,nan
5/5/2022 4:13:46,1.8.1,Free_feed,4,4.00,1,1,Pellet,Left,0,0,570,0,0.06,1,nan
5/5/2022 4:14:10,1.8.1,Free_feed,4,4.00,1,1,Pellet,Left,0,0,571,0,17.67,24,nan
5/5/2022 4:14:36,1.8.1,Free_feed,4,4.01,1,1,Pellet,Left,0,0,572,0,18.89,25,nan
5/5/2022 4:36:08,1.8.1,Free_feed,4,4.01,2,1,Pellet,Left,0,0,573,0,Timed_out,1293,nan
5/5/2022 4:38:06,1.8.1,Free_feed,4,4.01,1,1,Pellet,Left,0,0,574,0,Timed_out,118,nan
5/5/2022 4:38:34,1.8.1,Free_feed,4,4.01,1,1,Pellet,Left,0,0,575,0,21.24,28,nan
5/5/2022 4:38:56,1.8.1,Free_feed,4,4.01,1,1,Pellet,Left,0,0,576,0,15.28,22,nan
5/5/2022 5:29:28,1.8.1,Free_feed,4,4.01,1,1,Pellet,Left,0,0,577,0,Timed_out,3032,nan
5/5/2022 5:30:11,1.8.1,Free_feed,4,4.00,1,1,Pellet,Left,0,0,578,0,41.52,43,nan
5/5/2022 5:30:58,1.8.1,Free_feed,4,4.01,1,1,Pellet,Left,0,0,579,0,46.14,47,nan
5/5/2022 5:46:04,1.8.1,Free_feed,4,4.00,1,1,Pellet,Left,0,0,580,0,Timed_out,906,nan
5/5/2022 5:46:30,1.8.1,Free_feed,4,4.00,1,1,Pellet,Left,0,0,581,0,19.22,26,nan
5/5/2022 5:46:58,1.8.1,Free_feed,4,4.00,1,1,Pellet,Left,0,0,582,0,20.94,28,nan
5/5/2022 5:47:21,1.8.1,Free_feed,4,4.00,1,1,Pellet,Left,0,0,583,0,15.71,23,nan
5/5/2022 5:47:42,1.8.1,Free_feed,4,4.00,1,1,Pellet,Left,0,0,584,0,14.91,21,nan
5/5/2022 5:58:20,1.8.1,Free_feed,4,4.00,1,1,Pellet,Left,0,0,585,0,Timed_out,638,nan
5/5/2022 5:58:45,1.8.1,Free_feed,4,4.00,1,1,Pellet,Left,0,0,586,0,23.29,25,nan
5/5/2022 5:59:10,1.8.1,Free_feed,4,4.00,2,1,Pellet,Left,0,0,587,0,15.59,25,nan
5/5/2022 6:14:54,1.8.1,Free_feed,4,4.01,1,1,Pellet,Left,0,0,588,0,Timed_out,944,nan
5/5/2022 6:15:41,1.8.1,Free_feed,4,4.00,1,1,Pellet,Left,0,0,589,0,40.67,47,nan
5/5/2022 6:22:12,1.8.1,Free_feed,4,4.00,1,1,Pellet,Left,0,0,590,0,Timed_out,391,nan
5/5/2022 6:22:38,1.8.1,Free_feed,4,4.00,1,1,Pellet,Left,0,0,591,0,18.79,26,nan
5/5/2022 6:23:01,1.8.1,Free_feed,4,4.00,1,1,Pellet,Left,0,0,592,0,21.68,23,nan
5/5/2022 6:23:23,1.8.1,Free_feed,4,4.01,1,1,Pellet,Left,0,0,593,0,14.42,22,nan
5/5/2022 6:55:46,1.8.1,Free_feed,4,4.00,1,1,Pellet,Left,0,0,594,0,Timed_out,1943,nan
5/5/2022 7:49:05,1.8.1,Free_feed,4,4.00,2,1,Pellet,Left,0,0,595,0,Timed_out,3199,nan
5/5/2022 8:14:25,1.8.1,Free_feed,4,4.00,1,1,Pellet,Left,0,0,596,0,Timed_out,1520,nan
5/5/2022 8:15:31,1.8.1,Free_feed,4,4.00,1,1,Pellet,Left,0,0,597,0,59.43,66,nan
5/5/2022 8:15:32,1.8.1,Free_feed,4,4.00,1,1,Pellet,Left,0,0,598,0,0.06,1,nan
5/5/2022 8:15:39,1.8.1,Free_feed,4,4.00,1,1,Pellet,Left,0,0,599,0,0.06,7,nan
5/5/2022 9:56:38,1.8.1,Free_feed,4,4.00,1,1,Pellet,Left,0,0,600,0,Timed_out,6059,nan
5/5/2022 9:57:11,1.8.1,Free_feed,4,4.00,2,1,Pellet,Left,0,0,601,0,25.31,33,nan
5/5/2022 9:57:49,1.8.1,Free_feed,4,4.00,1,1,Pellet,Left,0,0,602,0,32.02,38,nan
5/5/2022 9:58:21,1.8.1,Free_feed,4,4.00,1,1,Pellet,Left,0,0,603,0,24.57,32,nan
5/5/2022 9:58:49,1.8.1,Free_feed,4,4.00,2,1,Pellet,Left,0,0,604,0,21.56,28,nan
5/5/2022 9:59:20,1.8.1,Free_feed,4,4.00,1,1,Pellet,Left,0,0,605,0,24.82,31,nan
5/5/2022 9:59:46,1.8.1,Free_feed,4,4.00,1,1,Pellet,Left,0,0,606,0,19.77,26,nan
5/5/2022 12:03:30,1.8.1,Free_feed,4,4.00,1,1,Pellet,Left,0,0,607,0,Timed_out,7424,nan
5/5/2022 12:03:32,1.8.1,Free_feed,4,3.98,1,1,Pellet,Left,0,0,608,0,0.06,2,nan
5/5/2022 12:04:09,1.8.1,Free_feed,4,4.00,1,1,Pellet,Left,0,0,609,0,31.47,37,nan
5/5/2022 12:04:38,1.8.1,Free_feed,4,4.00,1,1,Pellet,Left,0,0,610,0,27.40,29,nan
5/5/2022 12:21:28,1.8.1,Free_feed,4,4.00,1,1,Pellet,Left,0,0,611,0,Timed_out,1010,nan
5/5/2022 12:22:39,1.8.1,Free_feed,4,4.00,1,1,Pellet,Left,0,0,612,0,Timed_out,71,nan
5/5/2022 13:52:37,1.8.1,Free_feed,4,3.99,1,1,Pellet,Left,0,0,613,0,Timed_out,5398,nan
5/5/2022 13:52:37,1.8.1,Free_feed,4,3.98,1,1,Pellet,Left,0,0,614,0,0.06,0,nan
5/5/2022 13:53:36,1.8.1,Free_feed,4,3.99,1,1,Pellet,Left,0,0,615,0,52.65,59,nan
5/5/2022 13:54:07,1.8.1,Free_feed,4,3.99,1,1,Pellet,Left,0,0,616,0,24.88,31,nan
5/5/2022 13:54:33,1.8.1,Free_feed,4,3.99,1,1,Pellet,Left,0,0,617,0,19.64,26,nan
5/5/2022 13:54:59,1.8.1,Free_feed,4,3.99,1,1,Pellet,Left,0,0,618,0,19.64,26,nan
5/5/2022 15:29:55,1.8.1,Free_feed,4,3.99,1,1,Pellet,Left,0,0,619,0,Timed_out,5696,nan
5/5/2022 15:30:47,1.8.1,Free_feed,4,3.98,1,1,Pellet,Left,0,0,620,0,44.71,52,nan
5/5/2022 15:31:14,1.8.1,Free_feed,4,3.99,1,1,Pellet,Left,0,0,621,0,20.51,27,nan
5/5/2022 15:31:35,1.8.1,Free_feed,4,3.99,1,1,Pellet,Left,0,0,622,0,15.21,21,nan
5/5/2022 15:31:56,1.8.1,Free_feed,4,3.99,1,1,Pellet,Left,0,0,623,0,13.80,21,nan
5/5/2022 15:32:19,1.8.1,Free_feed,4,3.98,2,1,Pellet,Left,0,0,624,0,14.42,23,nan
5/5/2022 15:32:45,1.8.1,Free_feed,4,3.99,1,1,Pellet,Left,0,0,625,0,20.32,26,nan
5/5/2022 17:03:43,1.8.1,Free_feed,4,3.98,1,1,Pellet,Left,0,0,626,0,Timed_out,5458,nan
5/5/2022 17:04:11,1.8.1,Free_feed,4,3.98,1,1,Pellet,Left,0,0,627,0,21.68,28,nan
5/5/2022 17:04:35,1.8.1,Free_feed,4,3.98,1,1,Pellet,Left,0,0,628,0,17.85,24,nan
5/5/2022 17:50:49,1.8.1,Free_feed,4,3.98,1,1,Pellet,Left,0,0,629,0,Timed_out,2774,nan
5/5/2022 17:50:50,1.8.1,Free_feed,4,3.98,1,1,Pellet,Left,0,0,630,0,0.30,1,nan
5/5/2022 17:51:27,1.8.1,Free_feed,4,3.98,1,1,Pellet,Left,0,0,631,0,30.67,37,nan
5/5/2022 17:52:00,1.8.1,Free_feed,4,3.98,1,1,Pellet,Left,0,0,632,0,25.79,32,nan
