MM:DD:YYYY hh:mm:ss,Library_Version,Session_type,Device_Number,Battery_Voltage,Motor_Turns,FR,Event,Active_Poke,Left_Poke_Count,Right_Poke_Count,Pellet_Count,Block_Pellet_Count,Retrieval_Time,InterPelletInterval,Poke_Time
5/2/2022 12:00,1.8.1,Free_feed,8,4.2,21,1,Pellet,Left,0,0,1,0,Timed_out,nan,nan
5/2/2022 12:39,1.8.1,Free_feed,8,4.2,1,1,Pellet,Left,0,0,2,0,Timed_out,2357,nan
5/2/2022 12:39,1.8.1,Free_feed,8,4.2,1,1,Pellet,Left,0,0,3,0,6.25,9,nan
5/2/2022 12:43,1.8.1,Free_feed,8,4.2,4,1,Pellet,Left,0,0,4,0,Timed_out,216,nan
5/2/2022 12:43,1.8.1,Free_feed,8,4.2,1,1,Pellet,Left,0,0,5,0,11.64,14,nan
5/2/2022 12:44,1.8.1,Free_feed,8,4.2,2,1,Pellet,Left,0,0,6,0,Timed_out,96,nan
5/2/2022 12:45,1.8.1,Free_feed,8,4.2,1,1,Pellet,Left,0,0,7,0,0.06,1,nan
5/2/2022 12:46,1.8.1,Free_feed,8,4.2,1,1,Pellet,Left,0,0,8,0,53.2,60,nan
5/2/2022 12:47,1.8.1,Free_feed,8,4.2,1,1,Pellet,Left,0,0,9,0,Timed_out,86,nan
5/2/2022 12:48,1.8.1,Free_feed,8,4.2,1,1,Pellet,Left,0,0,10,0,34.72,41,nan
5/2/2022 12:48,1.8.1,Free_feed,8,4.2,1,1,Pellet,Left,0,0,11,0,39.41,46,nan
5/2/2022 12:52,1.8.1,Free_feed,8,4.2,1,1,Pellet,Left,0,0,12,0,Timed_out,211,nan
5/2/2022 12:53,1.8.1,Free_feed,8,4.2,1,1,Pellet,Left,0,0,13,0,37.7,44,nan
5/2/2022 12:54,1.8.1,Free_feed,8,4.2,1,1,Pellet,Left,0,0,14,0,54.39,61,nan
5/2/2022 12:56,1.8.1,Free_feed,8,4.2,2,1,Pellet,Left,0,0,15,0,Timed_out,167,nan
5/2/2022 12:57,1.8.1,Free_feed,8,4.2,1,1,Pellet,Left,0,0,16,0,47.18,54,nan
5/2/2022 13:00,1.8.1,Free_feed,8,4.2,1,1,Pellet,Left,0,0,17,0,Timed_out,149,nan
5/2/2022 13:00,1.8.1,Free_feed,8,4.2,1,1,Pellet,Left,0,0,18,0,17.3,24,nan
5/2/2022 13:01,1.8.1,Free_feed,8,4.2,1,1,Pellet,Left,0,0,19,0,15.39,22,nan
5/2/2022 13:07,1.8.1,Free_feed,8,4.2,1,1,Pellet,Left,0,0,20,0,Timed_out,360,nan
5/2/2022 13:07,1.8.1,Free_feed,8,4.2,1,1,Pellet,Left,0,0,21,0,26.11,28,nan
5/2/2022 13:07,1.8.1,Free_feed,8,4.2,1,1,Pellet,Left,0,0,22,0,7.35,14,nan
5/2/2022 13:07,1.8.1,Free_feed,8,4.2,1,1,Pellet,Left,0,0,23,0,0.55,7,nan
5/2/2022 13:15,1.8.1,Free_feed,8,4.2,1,1,Pellet,Left,0,0,24,0,Timed_out,429,nan
5/2/2022 13:15,1.8.1,Free_feed,8,4.2,1,1,Pellet,Left,0,0,25,0,0.3,7,nan
5/2/2022 13:16,1.8.1,Free_feed,8,4.19,2,1,Pellet,Left,0,0,26,0,Timed_out,96,nan
5/2/2022 13:31,1.8.1,Free_feed,8,4.2,1,1,Pellet,Left,0,0,27,0,Timed_out,899,nan
5/2/2022 13:42,1.8.1,Free_feed,8,4.19,1,1,Pellet,Left,0,0,28,0,Timed_out,630,nan
5/2/2022 13:42,1.8.1,Free_feed,8,4.2,1,1,Pellet,Left,0,0,29,0,1.03,8,nan
5/2/2022 13:42,1.8.1,Free_feed,8,4.2,2,1,Pellet,Left,0,0,30,0,2.08,11,nan
5/2/2022 13:43,1.8.1,Free_feed,8,4.2,3,1,Pellet,Left,0,0,31,0,16.63,27,nan
5/2/2022 13:43,1.8.1,Free_feed,8,4.2,1,1,Pellet,Left,0,0,32,0,0.3,1,nan
5/2/2022 13:43,1.8.1,Free_feed,8,4.2,1,1,Pellet,Left,0,0,33,0,2.44,9,nan
5/2/2022 13:57,1.8.1,Free_feed,8,4.19,1,1,Pellet,Left,0,0,34,0,Timed_out,887,nan
5/2/2022 14:09,1.8.1,Free_feed,8,4.19,1,1,Pellet,Left,0,0,35,0,Timed_out,691,nan
5/2/2022 14:31,1.8.1,Free_feed,8,4.2,2,1,Pellet,Left,0,0,36,0,Timed_out,1292,nan
5/2/2022 14:31,1.8.1,Free_feed,8,4.19,1,1,Pellet,Left,0,0,37,0,1.28,7,nan
5/2/2022 14:31,1.8.1,Free_feed,8,4.19,1,1,Pellet,Left,0,0,38,0,5.38,12,nan
5/2/2022 14:47,1.8.1,Free_feed,8,4.2,1,1,Pellet,Left,0,0,39,0,Timed_out,943,nan
5/2/2022 14:57,1.8.1,Free_feed,8,4.19,1,1,Pellet,Left,0,0,40,0,Timed_out,635,nan
5/2/2022 14:57,1.8.1,Free_feed,8,4.18,1,1,Pellet,Left,0,0,41,0,1.71,9,nan
5/2/2022 15:01,1.8.1,Free_feed,8,4.19,2,1,Pellet,Left,0,0,42,0,Timed_out,214,nan
5/2/2022 15:02,1.8.1,Free_feed,8,4.19,2,1,Pellet,Left,0,0,43,0,52.15,54,nan
5/2/2022 15:02,1.8.1,Free_feed,8,4.19,1,1,Pellet,Left,0,0,44,0,29.56,37,nan
5/2/2022 15:03,1.8.1,Free_feed,8,4.19,1,1,Pellet,Left,0,0,45,0,1.89,8,nan
5/2/2022 15:06,1.8.1,Free_feed,8,4.19,1,1,Pellet,Left,0,0,46,0,Timed_out,194,nan
5/2/2022 15:07,1.8.1,Free_feed,8,4.19,3,1,Pellet,Left,0,0,47,0,52.6,62,nan
5/2/2022 15:18,1.8.1,Free_feed,8,4.19,1,1,Pellet,Left,0,0,48,0,Timed_out,655,nan
5/2/2022 15:19,1.8.1,Free_feed,8,4.19,1,1,Pellet,Left,0,0,49,0,47.55,55,nan
5/2/2022 15:21,1.8.1,Free_feed,8,4.18,1,1,Pellet,Left,0,0,50,0,Timed_out,136,nan
5/2/2022 15:23,1.8.1,Free_feed,8,4.19,2,1,Pellet,Left,0,0,51,0,Timed_out,150,nan
5/2/2022 15:27,1.8.1,Free_feed,8,4.19,2,1,Pellet,Left,0,0,52,0,Timed_out,189,nan
5/2/2022 15:41,1.8.1,Free_feed,8,4.19,1,1,Pellet,Left,0,0,53,0,Timed_out,841,nan
5/2/2022 15:41,1.8.1,Free_feed,8,4.19,1,1,Pellet,Left,0,0,54,0,38,44,nan
5/2/2022 15:41,1.8.1,Free_feed,8,4.18,1,1,Pellet,Left,0,0,55,0,0.79,8,nan
5/2/2022 15:45,1.8.1,Free_feed,8,4.19,2,1,Pellet,Left,0,0,56,0,Timed_out,194,nan
5/2/2022 15:45,1.8.1,Free_feed,8,4.19,1,1,Pellet,Left,0,0,57,0,1.09,8,nan
5/2/2022 15:51,1.8.1,Free_feed,8,4.19,1,1,Pellet,Left,0,0,58,0,Timed_out,360,nan
5/2/2022 16:02,1.8.1,Free_feed,8,4.18,1,1,Pellet,Left,0,0,59,0,Timed_out,659,nan
5/2/2022 16:04,1.8.1,Free_feed,8,4.18,1,1,Pellet,Left,0,0,60,0,Timed_out,110,nan
5/2/2022 16:16,1.8.1,Free_feed,8,4.18,1,1,Pellet,Left,0,0,61,0,Timed_out,738,nan
5/2/2022 16:17,1.8.1,Free_feed,8,4.18,2,1,Pellet,Left,0,0,62,0,36.39,45,nan
5/2/2022 16:17,1.8.1,Free_feed,8,4.19,1,1,Pellet,Left,0,0,63,0,40.4,47,nan
5/2/2022 16:20,1.8.1,Free_feed,8,4.18,1,1,Pellet,Left,0,0,64,0,Timed_out,176,nan
5/2/2022 16:21,1.8.1,Free_feed,8,4.19,1,1,Pellet,Left,0,0,65,0,29.62,37,nan
5/2/2022 16:31,1.8.1,Free_feed,8,4.19,1,1,Pellet,Left,0,0,66,0,Timed_out,596,nan
5/2/2022 16:32,1.8.1,Free_feed,8,4.18,1,1,Pellet,Left,0,0,67,0,38,44,nan
5/2/2022 16:34,1.8.1,Free_feed,8,4.18,1,1,Pellet,Left,0,0,68,0,Timed_out,155,nan
5/2/2022 16:35,1.8.1,Free_feed,8,4.18,1,1,Pellet,Left,0,0,69,0,29.75,36,nan
5/2/2022 16:37,1.8.1,Free_feed,8,4.18,2,1,Pellet,Left,0,0,70,0,Timed_out,120,nan
5/2/2022 16:37,1.8.1,Free_feed,8,4.18,1,1,Pellet,Left,0,0,71,0,30.05,36,nan
5/2/2022 16:49,1.8.1,Free_feed,8,4.18,1,1,Pellet,Left,0,0,72,0,Timed_out,675,nan
5/2/2022 16:52,1.8.1,Free_feed,8,4.18,1,1,Pellet,Left,0,0,73,0,Timed_out,226,nan
5/2/2022 16:56,1.8.1,Free_feed,8,4.18,1,1,Pellet,Left,0,0,74,0,Timed_out,198,nan
5/2/2022 16:56,1.8.1,Free_feed,8,4.18,2,1,Pellet,Left,0,0,75,0,0.3,7,nan
5/2/2022 17:16,1.8.1,Free_feed,8,4.18,1,1,Pellet,Left,0,0,76,0,Timed_out,1201,nan
5/2/2022 17:23,1.8.1,Free_feed,8,4.18,1,1,Pellet,Left,0,0,77,0,Timed_out,454,nan
5/2/2022 17:24,1.8.1,Free_feed,8,4.18,1,1,Pellet,Left,0,0,78,0,28.63,35,nan
5/2/2022 17:24,1.8.1,Free_feed,8,4.18,1,1,Pellet,Left,0,0,79,0,6.67,13,nan
5/2/2022 17:27,1.8.1,Free_feed,8,4.18,1,1,Pellet,Left,0,0,80,0,Timed_out,170,nan
5/2/2022 17:28,1.8.1,Free_feed,8,4.18,1,1,Pellet,Left,0,0,81,0,29.31,36,nan
5/2/2022 17:28,1.8.1,Free_feed,8,4.18,2,1,Pellet,Left,0,0,82,0,37.26,39,nan
5/2/2022 17:39,1.8.1,Free_feed,8,4.18,1,1,Pellet,Left,0,0,83,0,Timed_out,643,nan
5/2/2022 17:40,1.8.1,Free_feed,8,4.18,1,1,Pellet,Left,0,0,84,0,Timed_out,69,nan
5/2/2022 17:42,1.8.1,Free_feed,8,4.18,1,1,Pellet,Left,0,0,85,0,Timed_out,135,nan
5/2/2022 17:51,1.8.1,Free_feed,8,4.18,1,1,Pellet,Left,0,0,86,0,Timed_out,524,nan
5/2/2022 17:51,1.8.1,Free_feed,8,4.18,1,1,Pellet,Left,0,0,87,0,2.14,8,nan
5/2/2022 18:01,1.8.1,Free_feed,8,4.18,1,1,Pellet,Left,0,0,88,0,Timed_out,574,nan
5/2/2022 18:10,1.8.1,Free_feed,8,4.18,1,1,Pellet,Left,0,0,89,0,Timed_out,527,nan
5/2/2022 18:10,1.8.1,Free_feed,8,4.18,1,1,Pellet,Left,0,0,90,0,37.38,44,nan
5/2/2022 18:22,1.8.1,Free_feed,8,4.18,1,1,Pellet,Left,0,0,91,0,Timed_out,703,nan
5/2/2022 18:23,1.8.1,Free_feed,8,4.18,1,1,Pellet,Left,0,0,92,0,34.8,36,nan
5/2/2022 18:24,1.8.1,Free_feed,8,4.18,1,1,Pellet,Left,0,0,93,0,58.53,64,nan
5/2/2022 18:28,1.8.1,Free_feed,8,4.18,1,1,Pellet,Left,0,0,94,0,Timed_out,283,nan
5/2/2022 18:29,1.8.1,Free_feed,8,4.18,1,1,Pellet,Left,0,0,95,0,0.06,1,nan
5/2/2022 18:37,1.8.1,Free_feed,8,4.17,1,1,Pellet,Left,0,0,96,0,Timed_out,500,nan
5/2/2022 18:42,1.8.1,Free_feed,8,4.17,1,1,Pellet,Left,0,0,97,0,Timed_out,337,nan
5/2/2022 18:57,1.8.1,Free_feed,8,4.16,1,1,Pellet,Left,0,0,98,0,Timed_out,875,nan
5/2/2022 19:11,1.8.1,Free_feed,8,4.17,1,1,Pellet,Left,0,0,99,0,Timed_out,867,nan
5/2/2022 19:46,1.8.1,Free_feed,8,4.17,1,1,Pellet,Left,0,0,100,0,Timed_out,2049,nan
5/2/2022 20:08,1.8.1,Free_feed,8,4.17,2,1,Pellet,Left,0,0,101,0,Timed_out,1335,nan
5/2/2022 20:21,1.8.1,Free_feed,8,4.16,2,1,Pellet,Left,0,0,102,0,Timed_out,810,nan
5/2/2022 20:36,1.8.1,Free_feed,8,4.17,2,1,Pellet,Left,0,0,103,0,Timed_out,902,nan
5/2/2022 20:36,1.8.1,Free_feed,8,4.17,1,1,Pellet,Left,0,0,104,0,0.06,1,nan
5/2/2022 20:37,1.8.1,Free_feed,8,4.16,1,1,Pellet,Left,0,0,105,0,7.78,14,nan
5/2/2022 20:40,1.8.1,Free_feed,8,4.17,1,1,Pellet,Left,0,0,106,0,Timed_out,225,nan
5/2/2022 20:50,1.8.1,Free_feed,8,4.17,1,1,Pellet,Left,0,0,107,0,Timed_out,567,nan
5/2/2022 20:57,1.8.1,Free_feed,8,4.16,1,1,Pellet,Left,0,0,108,0,Timed_out,417,nan
5/2/2022 20:57,1.8.1,Free_feed,8,4.17,1,1,Pellet,Left,0,0,109,0,0.06,1,nan
5/2/2022 21:06,1.8.1,Free_feed,8,4.16,1,1,Pellet,Left,0,0,110,0,Timed_out,537,nan
5/2/2022 21:17,1.8.1,Free_feed,8,4.17,1,1,Pellet,Left,0,0,111,0,Timed_out,657,nan
5/2/2022 21:20,1.8.1,Free_feed,8,4.16,1,1,Pellet,Left,0,0,112,0,Timed_out,186,nan
5/2/2022 21:20,1.8.1,Free_feed,8,4.17,1,1,Pellet,Left,0,0,113,0,0.67,1,nan
5/2/2022 21:20,1.8.1,Free_feed,8,4.17,1,1,Pellet,Left,0,0,114,0,0.12,1,nan
5/2/2022 21:25,1.8.1,Free_feed,8,4.16,1,1,Pellet,Left,0,0,115,0,Timed_out,294,nan
5/2/2022 21:44,1.8.1,Free_feed,8,4.16,1,1,Pellet,Left,0,0,116,0,Timed_out,1182,nan
5/2/2022 21:47,1.8.1,Free_feed,8,4.16,1,1,Pellet,Left,0,0,117,0,Timed_out,135,nan
5/2/2022 21:47,1.8.1,Free_feed,8,4.16,1,1,Pellet,Left,0,0,118,0,1.58,3,nan
5/2/2022 21:52,1.8.1,Free_feed,8,4.16,1,1,Pellet,Left,0,0,119,0,Timed_out,343,nan
5/2/2022 21:54,1.8.1,Free_feed,8,4.16,1,1,Pellet,Left,0,0,120,0,Timed_out,118,nan
5/2/2022 22:00,1.8.1,Free_feed,8,4.16,1,1,Pellet,Left,0,0,121,0,Timed_out,357,nan
5/2/2022 22:03,1.8.1,Free_feed,8,4.16,1,1,Pellet,Left,0,0,122,0,Timed_out,171,nan
5/2/2022 22:18,1.8.1,Free_feed,8,4.16,1,1,Pellet,Left,0,0,123,0,Timed_out,896,nan
5/2/2022 22:18,1.8.1,Free_feed,8,4.17,1,1,Pellet,Left,0,0,124,0,0.24,1,nan
5/2/2022 22:21,1.8.1,Free_feed,8,4.16,2,1,Pellet,Left,0,0,125,0,Timed_out,143,nan
5/2/2022 22:26,1.8.1,Free_feed,8,4.16,1,1,Pellet,Left,0,0,126,0,Timed_out,296,nan
5/2/2022 22:32,1.8.1,Free_feed,8,4.16,1,1,Pellet,Left,0,0,127,0,Timed_out,374,nan
5/2/2022 22:35,1.8.1,Free_feed,8,4.16,2,1,Pellet,Left,0,0,128,0,Timed_out,220,nan
5/2/2022 22:42,1.8.1,Free_feed,8,4.16,1,1,Pellet,Left,0,0,129,0,Timed_out,377,nan
5/2/2022 22:56,1.8.1,Free_feed,8,4.16,2,1,Pellet,Left,0,0,130,0,Timed_out,873,nan
5/2/2022 23:02,1.8.1,Free_feed,8,4.16,1,1,Pellet,Left,0,0,131,0,Timed_out,324,nan
5/2/2022 23:02,1.8.1,Free_feed,8,4.16,1,1,Pellet,Left,0,0,132,0,0.12,1,nan
5/2/2022 23:22,1.8.1,Free_feed,8,4.16,1,1,Pellet,Left,0,0,133,0,Timed_out,1199,nan
5/2/2022 23:23,1.8.1,Free_feed,8,4.15,1,1,Pellet,Left,0,0,134,0,Timed_out,71,nan
5/2/2022 23:25,1.8.1,Free_feed,8,4.16,1,1,Pellet,Left,0,0,135,0,Timed_out,154,nan
5/2/2022 23:31,1.8.1,Free_feed,8,4.16,1,1,Pellet,Left,0,0,136,0,Timed_out,347,nan
5/2/2022 23:40,1.8.1,Free_feed,8,4.16,1,1,Pellet,Left,0,0,137,0,Timed_out,553,nan
5/2/2022 23:45,1.8.1,Free_feed,8,4.16,1,1,Pellet,Left,0,0,138,0,Timed_out,280,nan
5/2/2022 23:57,1.8.1,Free_feed,8,4.16,1,1,Pellet,Left,0,0,139,0,Timed_out,727,nan
5/2/2022 23:58,1.8.1,Free_feed,8,4.15,1,1,Pellet,Left,0,0,140,0,37.22,44,nan
5/2/2022 23:59,1.8.1,Free_feed,8,4.16,1,1,Pellet,Left,0,0,141,0,36.11,43,nan
5/2/2022 23:59,1.8.1,Free_feed,8,4.15,1,1,Pellet,Left,0,0,142,0,26.85,33,nan
5/3/2022 0:14,1.8.1,Free_feed,8,4.16,1,1,Pellet,Left,0,0,143,0,Timed_out,870,nan
5/3/2022 0:14,1.8.1,Free_feed,8,4.16,1,1,Pellet,Left,0,0,144,0,28.87,35,nan
5/3/2022 0:17,1.8.1,Free_feed,8,4.16,2,1,Pellet,Left,0,0,145,0,Timed_out,170,nan
5/3/2022 0:18,1.8.1,Free_feed,8,4.16,1,1,Pellet,Left,0,0,146,0,Timed_out,74,nan
5/3/2022 0:19,1.8.1,Free_feed,8,4.15,2,1,Pellet,Left,0,0,147,0,30.73,40,nan
5/3/2022 0:20,1.8.1,Free_feed,8,4.15,1,1,Pellet,Left,0,0,148,0,26.16,32,nan
5/3/2022 0:20,1.8.1,Free_feed,8,4.16,1,1,Pellet,Left,0,0,149,0,22.6,29,nan
5/3/2022 0:23,1.8.1,Free_feed,8,4.15,1,1,Pellet,Left,0,0,150,0,Timed_out,158,nan
5/3/2022 0:29,1.8.1,Free_feed,8,4.16,1,1,Pellet,Left,0,0,151,0,Timed_out,404,nan
5/3/2022 0:31,1.8.1,Free_feed,8,4.16,1,1,Pellet,Left,0,0,152,0,Timed_out,79,nan
5/3/2022 0:47,1.8.1,Free_feed,8,4.16,2,1,Pellet,Left,0,0,153,0,Timed_out,957,nan
5/3/2022 0:47,1.8.1,Free_feed,8,4.15,1,1,Pellet,Left,0,0,154,0,38.25,44,nan
5/3/2022 0:48,1.8.1,Free_feed,8,4.16,1,1,Pellet,Left,0,0,155,0,57.39,64,nan
5/3/2022 0:49,1.8.1,Free_feed,8,4.15,1,1,Pellet,Left,0,0,156,0,27.41,34,nan
5/3/2022 0:59,1.8.1,Free_feed,8,4.16,1,1,Pellet,Left,0,0,157,0,Timed_out,618,nan
5/3/2022 1:00,1.8.1,Free_feed,8,4.15,2,1,Pellet,Left,0,0,158,0,30.25,39,nan
5/3/2022 1:00,1.8.1,Free_feed,8,4.15,1,1,Pellet,Left,0,0,159,0,0.48,2,nan
5/3/2022 1:09,1.8.1,Free_feed,8,4.15,1,1,Pellet,Left,0,0,160,0,Timed_out,519,nan
5/3/2022 1:10,1.8.1,Free_feed,8,4.15,1,1,Pellet,Left,0,0,161,0,Timed_out,101,nan
5/3/2022 1:21,1.8.1,Free_feed,8,4.15,2,1,Pellet,Left,0,0,162,0,Timed_out,664,nan
5/3/2022 1:27,1.8.1,Free_feed,8,4.15,1,1,Pellet,Left,0,0,163,0,Timed_out,306,nan
5/3/2022 1:32,1.8.1,Free_feed,8,4.15,1,1,Pellet,Left,0,0,164,0,Timed_out,304,nan
5/3/2022 1:32,1.8.1,Free_feed,8,4.15,1,1,Pellet,Left,0,0,165,0,25.06,32,nan
5/3/2022 1:45,1.8.1,Free_feed,8,4.15,1,1,Pellet,Left,0,0,166,0,Timed_out,750,nan
5/3/2022 1:46,1.8.1,Free_feed,8,4.15,1,1,Pellet,Left,0,0,167,0,58.39,60,nan
5/3/2022 1:56,1.8.1,Free_feed,8,4.14,1,1,Pellet,Left,0,0,168,0,Timed_out,638,nan
5/3/2022 1:59,1.8.1,Free_feed,8,4.15,1,1,Pellet,Left,0,0,169,0,Timed_out,187,nan
5/3/2022 2:06,1.8.1,Free_feed,8,4.15,1,1,Pellet,Left,0,0,170,0,Timed_out,425,nan
5/3/2022 2:15,1.8.1,Free_feed,8,4.14,1,1,Pellet,Left,0,0,171,0,Timed_out,529,nan
5/3/2022 2:21,1.8.1,Free_feed,8,4.15,2,1,Pellet,Left,0,0,172,0,Timed_out,328,nan
5/3/2022 2:28,1.8.1,Free_feed,8,4.15,1,1,Pellet,Left,0,0,173,0,Timed_out,440,nan
5/3/2022 2:38,1.8.1,Free_feed,8,4.15,1,1,Pellet,Left,0,0,174,0,Timed_out,578,nan
5/3/2022 2:48,1.8.1,Free_feed,8,4.14,1,1,Pellet,Left,0,0,175,0,Timed_out,639,nan
5/3/2022 3:51,1.8.1,Free_feed,8,4.14,1,1,Pellet,Left,0,0,176,0,Timed_out,3738,nan
5/3/2022 4:29,1.8.1,Free_feed,8,4.14,1,1,Pellet,Left,0,0,177,0,Timed_out,2325,nan
5/3/2022 4:32,1.8.1,Free_feed,8,4.14,2,1,Pellet,Left,0,0,178,0,Timed_out,162,nan
5/3/2022 4:32,1.8.1,Free_feed,8,4.14,1,1,Pellet,Left,0,0,179,0,7.29,14,nan
5/3/2022 4:44,1.8.1,Free_feed,8,4.14,1,1,Pellet,Left,0,0,180,0,Timed_out,676,nan
5/3/2022 5:20,1.8.1,Free_feed,8,4.14,1,1,Pellet,Left,0,0,181,0,Timed_out,2191,nan
5/3/2022 5:20,1.8.1,Free_feed,8,4.14,1,1,Pellet,Left,0,0,182,0,0.12,1,nan
5/3/2022 6:29,1.8.1,Free_feed,8,4.14,1,1,Pellet,Left,0,0,183,0,Timed_out,4135,nan
5/3/2022 7:28,1.8.1,Free_feed,8,4.14,1,1,Pellet,Left,0,0,184,0,Timed_out,3525,nan
5/3/2022 7:30,1.8.1,Free_feed,8,4.14,2,1,Pellet,Left,0,0,185,0,Timed_out,121,nan
5/3/2022 7:30,1.8.1,Free_feed,8,4.14,1,1,Pellet,Left,0,0,186,0,0.36,1,nan
5/3/2022 7:41,1.8.1,Free_feed,8,4.13,1,1,Pellet,Left,0,0,187,0,Timed_out,670,nan
5/3/2022 7:45,1.8.1,Free_feed,8,4.13,1,1,Pellet,Left,0,0,188,0,Timed_out,241,nan
5/3/2022 8:12,1.8.1,Free_feed,8,4.13,1,1,Pellet,Left,0,0,189,0,Timed_out,1635,nan
5/3/2022 8:38,1.8.1,Free_feed,8,4.13,2,1,Pellet,Left,0,0,190,0,Timed_out,1532,nan
5/3/2022 9:11,1.8.1,Free_feed,8,4.13,1,1,Pellet,Left,0,0,191,0,Timed_out,1978,nan
5/3/2022 9:17,1.8.1,Free_feed,8,4.12,1,1,Pellet,Left,0,0,192,0,Timed_out,357,nan
5/3/2022 9:17,1.8.1,Free_feed,8,4.13,1,1,Pellet,Left,0,0,193,0,0.06,1,nan
5/3/2022 9:35,1.8.1,Free_feed,8,4.13,1,1,Pellet,Left,0,0,194,0,Timed_out,1078,nan
5/3/2022 9:50,1.8.1,Free_feed,8,4.12,1,1,Pellet,Left,0,0,195,0,Timed_out,946,nan
5/3/2022 9:55,1.8.1,Free_feed,8,4.12,1,1,Pellet,Left,0,0,196,0,Timed_out,243,nan
5/3/2022 9:59,1.8.1,Free_feed,8,4.12,2,1,Pellet,Left,0,0,197,0,Timed_out,258,nan
5/3/2022 10:31,1.8.1,Free_feed,8,4.12,1,1,Pellet,Left,0,0,198,0,Timed_out,1919,nan
5/3/2022 10:52,1.8.1,Free_feed,8,4.12,1,1,Pellet,Left,0,0,199,0,Timed_out,1284,nan
5/3/2022 10:55,1.8.1,Free_feed,8,4.12,1,1,Pellet,Left,0,0,200,0,Timed_out,141,nan
5/3/2022 11:09,1.8.1,Free_feed,8,4.12,2,1,Pellet,Left,0,0,201,0,Timed_out,862,nan
5/3/2022 11:16,1.8.1,Free_feed,8,4.12,1,1,Pellet,Left,0,0,202,0,Timed_out,408,nan
5/3/2022 11:41,1.8.1,Free_feed,8,4.12,1,1,Pellet,Left,0,0,203,0,Timed_out,1514,nan
5/3/2022 11:43,1.8.1,Free_feed,8,4.12,1,1,Pellet,Left,0,0,204,0,Timed_out,134,nan
5/3/2022 11:46,1.8.1,Free_feed,8,4.12,2,1,Pellet,Left,0,0,205,0,Timed_out,172,nan
5/3/2022 12:01,1.8.1,Free_feed,8,4.12,1,1,Pellet,Left,0,0,206,0,Timed_out,889,nan
5/3/2022 12:08,1.8.1,Free_feed,8,4.12,1,1,Pellet,Left,0,0,207,0,Timed_out,446,nan
5/3/2022 12:10,1.8.1,Free_feed,8,4.12,1,1,Pellet,Left,0,0,208,0,Timed_out,89,nan
5/3/2022 12:10,1.8.1,Free_feed,8,4.12,1,1,Pellet,Left,0,0,209,0,35.53,42,nan
5/3/2022 12:11,1.8.1,Free_feed,8,4.12,1,1,Pellet,Left,0,0,210,0,38.29,45,nan
5/3/2022 12:20,1.8.1,Free_feed,8,4.12,1,1,Pellet,Left,0,0,211,0,Timed_out,523,nan
5/3/2022 12:28,1.8.1,Free_feed,8,4.12,1,1,Pellet,Left,0,0,212,0,Timed_out,468,nan
5/3/2022 12:37,1.8.1,Free_feed,8,4.12,2,1,Pellet,Left,0,0,213,0,Timed_out,548,nan
5/3/2022 12:50,1.8.1,Free_feed,8,4.12,2,1,Pellet,Left,0,0,214,0,Timed_out,801,nan
5/3/2022 12:50,1.8.1,Free_feed,8,4.12,1,1,Pellet,Left,0,0,215,0,0.18,1,nan
5/3/2022 12:51,1.8.1,Free_feed,8,4.11,2,1,Pellet,Left,0,0,216,0,43.05,51,nan
5/3/2022 12:55,1.8.1,Free_feed,8,4.11,1,1,Pellet,Left,0,0,217,0,Timed_out,223,nan
5/3/2022 12:55,1.8.1,Free_feed,8,4.12,1,1,Pellet,Left,0,0,218,0,3.91,5,nan
5/3/2022 12:56,1.8.1,Free_feed,8,4.12,2,1,Pellet,Left,0,0,219,0,Timed_out,68,nan
5/3/2022 12:57,1.8.1,Free_feed,8,4.12,2,1,Pellet,Left,0,0,220,0,46.87,53,nan
5/3/2022 13:11,1.8.1,Free_feed,8,4.11,1,1,Pellet,Left,0,0,221,0,Timed_out,839,nan
5/3/2022 13:21,1.8.1,Free_feed,8,4.11,3,1,Pellet,Left,0,0,222,0,Timed_out,628,nan
5/3/2022 13:22,1.8.1,Free_feed,8,4.11,1,1,Pellet,Left,0,0,223,0,22.72,29,nan
5/3/2022 13:22,1.8.1,Free_feed,8,4.12,1,1,Pellet,Left,0,0,224,0,0.06,1,nan
5/3/2022 13:23,1.8.1,Free_feed,8,4.11,1,1,Pellet,Left,0,0,225,0,51.31,58,nan
5/3/2022 13:40,1.8.1,Free_feed,8,4.11,2,1,Pellet,Left,0,0,226,0,Timed_out,1025,nan
5/3/2022 13:41,1.8.1,Free_feed,8,4.11,2,1,Pellet,Left,0,0,227,0,30.91,40,nan
5/3/2022 13:41,1.8.1,Free_feed,8,4.11,1,1,Pellet,Left,0,0,228,0,33.74,40,nan
5/3/2022 13:42,1.8.1,Free_feed,8,4.11,1,1,Pellet,Left,0,0,229,0,23.15,30,nan
5/3/2022 13:42,1.8.1,Free_feed,8,4.11,1,1,Pellet,Left,0,0,230,0,21.92,29,nan
5/3/2022 13:42,1.8.1,Free_feed,8,4.11,1,1,Pellet,Left,0,0,231,0,0.06,1,nan
5/3/2022 13:42,1.8.1,Free_feed,8,4.11,1,1,Pellet,Left,0,0,232,0,10.79,12,nan
5/3/2022 13:43,1.8.1,Free_feed,8,4.12,1,1,Pellet,Left,0,0,233,0,12.26,19,nan
5/3/2022 13:43,1.8.1,Free_feed,8,4.11,1,1,Pellet,Left,0,0,234,0,0.06,1,nan
5/3/2022 13:43,1.8.1,Free_feed,8,4.11,1,1,Pellet,Left,0,0,235,0,0.06,2,nan
5/3/2022 13:43,1.8.1,Free_feed,8,4.11,1,1,Pellet,Left,0,0,236,0,0.48,1,nan
5/3/2022 13:43,1.8.1,Free_feed,8,4.12,1,1,Pellet,Left,0,0,237,0,24.26,31,nan
5/3/2022 14:01,1.8.1,Free_feed,8,4.12,1,1,Pellet,Left,0,0,238,0,Timed_out,1042,nan
5/3/2022 14:01,1.8.1,Free_feed,8,4.11,2,1,Pellet,Left,0,0,239,0,25.42,32,nan
5/3/2022 14:02,1.8.1,Free_feed,8,4.11,1,1,Pellet,Left,0,0,240,0,27.27,34,nan
5/3/2022 14:13,1.8.1,Free_feed,8,4.11,1,1,Pellet,Left,0,0,241,0,Timed_out,658,nan
5/3/2022 14:13,1.8.1,Free_feed,8,4.11,1,1,Pellet,Left,0,0,242,0,21.04,28,nan
5/3/2022 14:20,1.8.1,Free_feed,8,4.11,1,1,Pellet,Left,0,0,243,0,Timed_out,380,nan
5/3/2022 14:20,1.8.1,Free_feed,8,4.11,1,1,Pellet,Left,0,0,244,0,0.24,2,nan
5/3/2022 14:26,1.8.1,Free_feed,8,4.11,1,1,Pellet,Left,0,0,245,0,Timed_out,379,nan
5/3/2022 14:26,1.8.1,Free_feed,8,4.11,1,1,Pellet,Left,0,0,246,0,27.16,34,nan
5/3/2022 14:42,1.8.1,Free_feed,8,4.11,1,1,Pellet,Left,0,0,247,0,Timed_out,919,nan
5/3/2022 14:42,1.8.1,Free_feed,8,4.11,1,1,Pellet,Left,0,0,248,0,24.07,31,nan
5/3/2022 14:43,1.8.1,Free_feed,8,4.11,1,1,Pellet,Left,0,0,249,0,25.18,32,nan
5/3/2022 14:43,1.8.1,Free_feed,8,4.11,1,1,Pellet,Left,0,0,250,0,30.48,37,nan
5/3/2022 14:44,1.8.1,Free_feed,8,4.11,1,1,Pellet,Left,0,0,251,0,1.09,8,nan
5/3/2022 15:01,1.8.1,Free_feed,8,4.11,1,1,Pellet,Left,0,0,252,0,Timed_out,1070,nan
5/3/2022 15:02,1.8.1,Free_feed,8,4.11,1,1,Pellet,Left,0,0,253,0,23.47,30,nan
5/3/2022 15:02,1.8.1,Free_feed,8,4.11,2,1,Pellet,Left,0,0,254,0,21.12,30,nan
5/3/2022 15:03,1.8.1,Free_feed,8,4.11,1,1,Pellet,Left,0,0,255,0,29.99,37,nan
5/3/2022 15:04,1.8.1,Free_feed,8,4.11,1,1,Pellet,Left,0,0,256,0,26.42,33,nan
5/3/2022 15:16,1.8.1,Free_feed,8,4.11,1,1,Pellet,Left,0,0,257,0,Timed_out,728,nan
5/3/2022 15:16,1.8.1,Free_feed,8,4.11,1,1,Pellet,Left,0,0,258,0,22.41,28,nan
5/3/2022 15:17,1.8.1,Free_feed,8,4.11,2,1,Pellet,Left,0,0,259,0,32.15,34,nan
5/3/2022 15:17,1.8.1,Free_feed,8,4.11,1,1,Pellet,Left,0,0,260,0,22.41,30,nan
5/3/2022 15:18,1.8.1,Free_feed,8,4.11,1,1,Pellet,Left,0,0,261,0,19.15,25,nan
5/3/2022 15:30,1.8.1,Free_feed,8,4.11,2,1,Pellet,Left,0,0,262,0,Timed_out,763,nan
5/3/2022 15:31,1.8.1,Free_feed,8,4.11,1,1,Pellet,Left,0,0,263,0,24.88,31,nan
5/3/2022 15:31,1.8.1,Free_feed,8,4.11,2,1,Pellet,Left,0,0,264,0,24.08,30,nan
5/3/2022 15:32,1.8.1,Free_feed,8,4.11,1,1,Pellet,Left,0,0,265,0,32.28,39,nan
5/3/2022 15:32,1.8.1,Free_feed,8,4.11,1,1,Pellet,Left,0,0,266,0,0.3,2,nan
5/3/2022 15:32,1.8.1,Free_feed,8,4.11,1,1,Pellet,Left,0,0,267,0,21.62,23,nan
5/3/2022 15:47,1.8.1,Free_feed,8,4.1,1,1,Pellet,Left,0,0,268,0,Timed_out,880,nan
5/3/2022 15:48,1.8.1,Free_feed,8,4.11,1,1,Pellet,Left,0,0,269,0,23.4,30,nan
5/3/2022 15:48,1.8.1,Free_feed,8,4.11,1,1,Pellet,Left,0,0,270,0,8.21,12,nan
5/3/2022 15:48,1.8.1,Free_feed,8,4.11,1,1,Pellet,Left,0,0,271,0,9.68,17,nan
5/3/2022 16:00,1.8.1,Free_feed,8,4.11,1,1,Pellet,Left,0,0,272,0,Timed_out,688,nan
5/3/2022 16:00,1.8.1,Free_feed,8,4.11,1,1,Pellet,Left,0,0,273,0,21,27,nan
5/3/2022 16:04,1.8.1,Free_feed,8,4.11,2,1,Pellet,Left,0,0,274,0,Timed_out,246,nan
5/3/2022 16:08,1.8.1,Free_feed,8,4.1,1,1,Pellet,Left,0,0,275,0,Timed_out,219,nan
5/3/2022 16:08,1.8.1,Free_feed,8,4.11,1,1,Pellet,Left,0,0,276,0,3.18,10,nan
5/3/2022 16:08,1.8.1,Free_feed,8,4.11,1,1,Pellet,Left,0,0,277,0,2.87,3,nan
5/3/2022 16:20,1.8.1,Free_feed,8,4.11,1,1,Pellet,Left,0,0,278,0,Timed_out,737,nan
5/3/2022 16:21,1.8.1,Free_feed,8,4.11,1,1,Pellet,Left,0,0,279,0,14.66,22,nan
5/3/2022 16:21,1.8.1,Free_feed,8,4.11,1,1,Pellet,Left,0,0,280,0,35.53,37,nan
5/3/2022 16:22,1.8.1,Free_feed,8,4.11,1,1,Pellet,Left,0,0,281,0,21.43,28,nan
5/3/2022 16:22,1.8.1,Free_feed,8,4.11,1,1,Pellet,Left,0,0,282,0,22.54,29,nan
5/3/2022 16:33,1.8.1,Free_feed,8,4.11,2,1,Pellet,Left,0,0,283,0,Timed_out,652,nan
5/3/2022 16:41,1.8.1,Free_feed,8,4.11,2,1,Pellet,Left,0,0,284,0,Timed_out,457,nan
5/3/2022 16:41,1.8.1,Free_feed,8,4.1,2,1,Pellet,Left,0,0,285,0,26.66,30,nan
5/3/2022 16:42,1.8.1,Free_feed,8,4.1,2,1,Pellet,Left,0,0,286,0,21.79,29,nan
5/3/2022 16:42,1.8.1,Free_feed,8,4.11,2,1,Pellet,Left,0,0,287,0,26.55,29,nan
5/3/2022 16:42,1.8.1,Free_feed,8,4.1,1,1,Pellet,Left,0,0,288,0,0.06,1,nan
5/3/2022 17:02,1.8.1,Free_feed,8,4.11,2,1,Pellet,Left,0,0,289,0,Timed_out,1205,nan
5/3/2022 17:14,1.8.1,Free_feed,8,4.1,1,1,Pellet,Left,0,0,290,0,Timed_out,721,nan
5/3/2022 17:14,1.8.1,Free_feed,8,4.11,1,1,Pellet,Left,0,0,291,0,0.06,1,nan
5/3/2022 17:15,1.8.1,Free_feed,8,4.1,1,1,Pellet,Left,0,0,292,0,24.67,31,nan
5/3/2022 17:25,1.8.1,Free_feed,8,4.1,2,1,Pellet,Left,0,0,293,0,Timed_out,637,nan
5/3/2022 17:26,1.8.1,Free_feed,8,4.11,1,1,Pellet,Left,0,0,294,0,30.61,37,nan
5/3/2022 17:26,1.8.1,Free_feed,8,4.1,1,1,Pellet,Left,0,0,295,0,11.65,18,nan
5/3/2022 17:45,1.8.1,Free_feed,8,4.11,1,1,Pellet,Left,0,0,296,0,Timed_out,1133,nan
5/3/2022 17:46,1.8.1,Free_feed,8,4.1,1,1,Pellet,Left,0,0,297,0,24.14,26,nan
5/3/2022 17:46,1.8.1,Free_feed,8,4.1,2,1,Pellet,Left,0,0,298,0,30.66,40,nan
5/3/2022 18:14,1.8.1,Free_feed,8,4.1,22,1,Pellet,Left,0,0,299,0,Timed_out,1662,nan
5/3/2022 19:23,1.8.1,Free_feed,8,4.1,21,1,Pellet,Left,0,0,300,0,Timed_out,4119,nan
5/3/2022 19:23,1.8.1,Free_feed,8,4.1,1,1,Pellet,Left,0,0,301,0,0.12,1,nan
5/3/2022 19:40,1.8.1,Free_feed,8,4.09,341,1,Pellet,Left,0,0,302,0,0.06,1039,nan
5/3/2022 20:54,1.8.1,Free_feed,8,4.05,1039,1,Pellet,Left,0,0,303,0,Timed_out,4410,nan
5/3/2022 20:54,1.8.1,Free_feed,8,4.05,1,1,Pellet,Left,0,0,304,0,0.06,1,nan
5/3/2022 20:54,1.8.1,Free_feed,8,4.05,11,1,Pellet,Left,0,0,305,0,0.06,37,nan
5/3/2022 20:54,1.8.1,Free_feed,8,4.05,1,1,Pellet,Left,0,0,306,0,0.06,1,nan
5/3/2022 20:54,1.8.1,Free_feed,8,4.05,4,1,Pellet,Left,0,0,307,0,0.06,12,nan
5/3/2022 21:00,1.8.1,Free_feed,8,4.05,121,1,Pellet,Left,0,0,308,0,0.06,366,nan
5/3/2022 21:01,1.8.1,Free_feed,8,4.05,1,1,Pellet,Left,0,0,309,0,0.06,2,nan
5/3/2022 21:01,1.8.1,Free_feed,8,4.05,1,1,Pellet,Left,0,0,310,0,0.06,1,nan
5/3/2022 21:15,1.8.1,Free_feed,8,4.03,291,1,Pellet,Left,0,0,311,0,0.18,879,nan
5/3/2022 21:30,1.8.1,Free_feed,8,4.03,301,1,Pellet,Left,0,0,312,0,0.06,912,nan
5/3/2022 21:30,1.8.1,Free_feed,8,4.03,1,1,Pellet,Left,0,0,313,0,0.06,1,nan
5/3/2022 23:54,1.8.1,Free_feed,8,3.96,2849,1,Pellet,Left,0,0,314,0,0.06,8624,nan
5/3/2022 23:54,1.8.1,Free_feed,8,3.96,7,1,Pellet,Left,0,0,315,0,0.06,19,nan
5/3/2022 23:54,1.8.1,Free_feed,8,3.96,2,1,Pellet,Left,0,0,316,0,0.06,2,nan
5/3/2022 23:55,1.8.1,Free_feed,8,3.96,5,1,Pellet,Left,0,0,317,0,0.06,13,nan
5/3/2022 23:55,1.8.1,Free_feed,8,3.96,1,1,Pellet,Left,0,0,318,0,0.06,6,nan
5/3/2022 23:55,1.8.1,Free_feed,8,3.96,11,1,Pellet,Left,0,0,319,0,0.06,32,nan
5/3/2022 23:57,1.8.1,Free_feed,8,3.96,29,1,Pellet,Left,0,0,320,0,0.06,85,nan
5/3/2022 23:57,1.8.1,Free_feed,8,3.96,9,1,Pellet,Left,0,0,321,0,0.06,20,nan
5/3/2022 23:57,1.8.1,Free_feed,8,3.96,2,1,Pellet,Left,0,0,322,0,0.06,3,nan
5/4/2022 0:16,1.8.1,Free_feed,8,3.95,366,1,Pellet,Left,0,0,323,0,0.06,1102,nan
5/4/2022 0:36,1.8.1,Free_feed,8,3.94,402,1,Pellet,Left,0,0,324,0,0.06,1220,nan
5/4/2022 0:36,1.8.1,Free_feed,8,3.94,3,1,Pellet,Left,0,0,325,0,0.06,7,nan
5/4/2022 0:36,1.8.1,Free_feed,8,3.94,2,1,Pellet,Left,0,0,326,0,0.06,2,nan
5/4/2022 0:38,1.8.1,Free_feed,8,3.94,51,1,Pellet,Left,0,0,327,0,0.06,150,nan
5/4/2022 1:46,1.8.1,Free_feed,8,3.91,1331,1,Pellet,Left,0,0,328,0,0.06,4043,nan
5/4/2022 2:12,1.8.1,Free_feed,8,3.9,471,1,Pellet,Left,0,0,329,0,Timed_out,1582,nan
5/4/2022 2:13,1.8.1,Free_feed,8,3.9,1,1,Pellet,Left,0,0,330,0,28.34,34,nan
5/4/2022 7:51,1.8.1,Free_feed,8,3.74,6683,1,Pellet,Left,0,0,331,0,0.06,20263,nan
5/4/2022 11:07,1.8.1,Free_feed,8,3.67,3859,1,Pellet,Left,0,0,332,0,Timed_out,11815,nan
5/4/2022 11:08,1.8.1,Free_feed,8,3.67,1,1,Pellet,Left,0,0,333,0,1.4,8,nan
5/4/2022 11:33,1.8.1,Free_feed,8,4.19,14,1,Pellet,Left,0,0,334,0,Timed_out,nan,nan
5/4/2022 11:33,1.8.1,Free_feed,8,4.19,1,1,Pellet,Left,0,0,335,0,17.11,23,nan
5/4/2022 11:34,1.8.1,Free_feed,8,4.18,1,1,Pellet,Left,0,0,336,0,32.25,39,nan
5/4/2022 11:34,1.8.1,Free_feed,8,4.2,1,1,Pellet,Left,0,0,337,0,16.92,24,nan
5/4/2022 11:35,1.8.1,Free_feed,8,4.19,1,1,Pellet,Left,0,0,338,0,12.68,20,nan
5/4/2022 11:35,1.8.1,Free_feed,8,4.19,1,1,Pellet,Left,0,0,339,0,19.88,26,nan
5/4/2022 11:35,1.8.1,Free_feed,8,4.19,1,1,Pellet,Left,0,0,340,0,16.25,24,nan
5/4/2022 11:36,1.8.1,Free_feed,8,4.19,1,1,Pellet,Left,0,0,341,0,28.93,35,nan
5/4/2022 11:39,1.8.1,Free_feed,8,4.2,1,1,Pellet,Left,0,0,342,0,Timed_out,176,nan
5/4/2022 11:40,1.8.1,Free_feed,8,4.19,1,1,Pellet,Left,0,0,343,0,36.01,38,nan
5/4/2022 11:40,1.8.1,Free_feed,8,4.19,1,1,Pellet,Left,0,0,344,0,0.12,2,nan
5/4/2022 11:41,1.8.1,Free_feed,8,4.19,1,1,Pellet,Left,0,0,345,0,Timed_out,89,nan
5/4/2022 11:41,1.8.1,Free_feed,8,4.2,1,1,Pellet,Left,0,0,346,0,10.04,16,nan
5/4/2022 11:42,1.8.1,Free_feed,8,4.19,1,1,Pellet,Left,0,0,347,0,22.03,29,nan
5/4/2022 11:42,1.8.1,Free_feed,8,4.19,1,1,Pellet,Left,0,0,348,0,25.29,27,nan
5/4/2022 11:45,1.8.1,Free_feed,8,4.19,1,1,Pellet,Left,0,0,349,0,Timed_out,145,nan
5/4/2022 11:45,1.8.1,Free_feed,8,4.19,1,1,Pellet,Left,0,0,350,0,1.28,8,nan
5/4/2022 11:47,1.8.1,Free_feed,8,4.19,1,1,Pellet,Left,0,0,351,0,Timed_out,102,nan
5/4/2022 11:47,1.8.1,Free_feed,8,4.19,1,1,Pellet,Left,0,0,352,0,21.72,28,nan
5/4/2022 11:51,1.8.1,Free_feed,8,4.19,2,1,Pellet,Left,0,0,353,0,Timed_out,262,nan
5/4/2022 11:56,1.8.1,Free_feed,8,4.19,1,1,Pellet,Left,0,0,354,0,Timed_out,265,nan
5/4/2022 11:56,1.8.1,Free_feed,8,4.19,1,1,Pellet,Left,0,0,355,0,23.95,30,nan
5/4/2022 11:57,1.8.1,Free_feed,8,4.19,1,1,Pellet,Left,0,0,356,0,43.24,51,nan
5/4/2022 11:58,1.8.1,Free_feed,8,4.19,1,1,Pellet,Left,0,0,357,0,24.87,31,nan
5/4/2022 12:03,1.8.1,Free_feed,8,4.19,1,1,Pellet,Left,0,0,358,0,Timed_out,302,nan
5/4/2022 12:03,1.8.1,Free_feed,8,4.18,1,1,Pellet,Left,0,0,359,0,26.79,33,nan
5/4/2022 12:04,1.8.1,Free_feed,8,4.19,1,1,Pellet,Left,0,0,360,0,42.07,48,nan
5/4/2022 12:05,1.8.1,Free_feed,8,4.19,2,1,Pellet,Left,0,0,361,0,32.63,39,nan
5/4/2022 12:11,1.8.1,Free_feed,8,4.19,3,1,Pellet,Left,0,0,362,0,Timed_out,377,nan
5/4/2022 12:19,1.8.1,Free_feed,8,4.18,2,1,Pellet,Left,0,0,363,0,Timed_out,457,nan
5/4/2022 12:19,1.8.1,Free_feed,8,4.19,2,1,Pellet,Left,0,0,364,0,33.8,40,nan
5/4/2022 12:46,1.8.1,Free_feed,8,4.19,2,1,Pellet,Left,0,0,365,0,Timed_out,1618,nan
5/4/2022 12:47,1.8.1,Free_feed,8,4.18,1,1,Pellet,Left,0,0,366,0,29.44,36,nan
5/4/2022 12:52,1.8.1,Free_feed,8,4.18,1,1,Pellet,Left,0,0,367,0,Timed_out,296,nan
5/4/2022 13:08,1.8.1,Free_feed,8,4.18,1,1,Pellet,Left,0,0,368,0,Timed_out,942,nan
5/4/2022 13:08,1.8.1,Free_feed,8,4.18,2,1,Pellet,Left,0,0,369,0,46.07,48,nan
5/4/2022 13:09,1.8.1,Free_feed,8,4.18,2,1,Pellet,Left,0,0,370,0,40.53,42,nan
5/4/2022 13:10,1.8.1,Free_feed,8,4.18,1,1,Pellet,Left,0,0,371,0,28.38,35,nan
5/4/2022 13:16,1.8.1,Free_feed,8,4.18,2,1,Pellet,Left,0,0,372,0,Timed_out,380,nan
5/4/2022 13:34,1.8.1,Free_feed,8,4.18,1,1,Pellet,Left,0,0,373,0,Timed_out,1070,nan
5/4/2022 13:55,1.8.1,Free_feed,8,4.18,1,1,Pellet,Left,0,0,374,0,Timed_out,1266,nan
5/4/2022 13:55,1.8.1,Free_feed,8,4.18,1,1,Pellet,Left,0,0,375,0,26.29,33,nan
5/4/2022 13:56,1.8.1,Free_feed,8,4.18,1,1,Pellet,Left,0,0,376,0,39.42,46,nan
5/4/2022 13:57,1.8.1,Free_feed,8,4.18,1,1,Pellet,Left,0,0,377,0,34.8,42,nan
5/4/2022 13:58,1.8.1,Free_feed,8,4.18,1,1,Pellet,Left,0,0,378,0,35.28,41,nan
5/4/2022 14:12,1.8.1,Free_feed,8,4.18,1,1,Pellet,Left,0,0,379,0,Timed_out,866,nan
5/4/2022 14:13,1.8.1,Free_feed,8,4.17,2,1,Pellet,Left,0,0,380,0,25.73,32,nan
5/4/2022 14:13,1.8.1,Free_feed,8,4.17,1,1,Pellet,Left,0,0,381,0,28.92,36,nan
5/4/2022 14:14,1.8.1,Free_feed,8,4.18,1,1,Pellet,Left,0,0,382,0,23.69,31,nan
5/4/2022 14:14,1.8.1,Free_feed,8,4.18,1,1,Pellet,Left,0,0,383,0,32.62,38,nan
5/4/2022 14:40,1.8.1,Free_feed,8,4.17,2,1,Pellet,Left,0,0,384,0,Timed_out,1540,nan
5/4/2022 14:40,1.8.1,Free_feed,8,4.18,1,1,Pellet,Left,0,0,385,0,0.06,0,nan
5/4/2022 14:41,1.8.1,Free_feed,8,4.18,1,1,Pellet,Left,0,0,386,0,30.17,37,nan
5/4/2022 14:42,1.8.1,Free_feed,8,4.18,1,1,Pellet,Left,0,0,387,0,55.65,63,nan
5/4/2022 14:50,1.8.1,Free_feed,8,4.17,2,1,Pellet,Left,0,0,388,0,Timed_out,527,nan
5/4/2022 14:56,1.8.1,Free_feed,8,4.17,1,1,Pellet,Left,0,0,389,0,Timed_out,328,nan
5/4/2022 14:57,1.8.1,Free_feed,8,4.17,1,1,Pellet,Left,0,0,390,0,31.84,38,nan
5/4/2022 14:57,1.8.1,Free_feed,8,4.17,1,1,Pellet,Left,0,0,391,0,25.3,32,nan
5/4/2022 14:58,1.8.1,Free_feed,8,4.17,1,1,Pellet,Left,0,0,392,0,21.8,29,nan
5/4/2022 15:07,1.8.1,Free_feed,8,4.16,1,1,Pellet,Left,0,0,393,0,Timed_out,562,nan
5/4/2022 15:17,1.8.1,Free_feed,8,4.16,1,1,Pellet,Left,0,0,394,0,Timed_out,624,nan
5/4/2022 15:18,1.8.1,Free_feed,8,4.16,1,1,Pellet,Left,0,0,395,0,26.09,33,nan
5/4/2022 15:18,1.8.1,Free_feed,8,4.17,1,1,Pellet,Left,0,0,396,0,31.59,39,nan
5/4/2022 15:19,1.8.1,Free_feed,8,4.16,1,1,Pellet,Left,0,0,397,0,34.48,41,nan
5/4/2022 15:30,1.8.1,Free_feed,8,4.16,1,1,Pellet,Left,0,0,398,0,Timed_out,635,nan
5/4/2022 15:31,1.8.1,Free_feed,8,4.16,1,1,Pellet,Left,0,0,399,0,51.98,54,nan
5/4/2022 15:39,1.8.1,Free_feed,8,4.16,1,1,Pellet,Left,0,0,400,0,Timed_out,486,nan
5/4/2022 15:39,1.8.1,Free_feed,8,4.16,1,1,Pellet,Left,0,0,401,0,22.23,30,nan
5/4/2022 15:40,1.8.1,Free_feed,8,4.16,2,1,Pellet,Left,0,0,402,0,31.05,40,nan
5/4/2022 15:40,1.8.1,Free_feed,8,4.16,1,1,Pellet,Left,0,0,403,0,24.81,31,nan
5/4/2022 15:41,1.8.1,Free_feed,8,4.16,1,1,Pellet,Left,0,0,404,0,26.34,34,nan
5/4/2022 16:19,1.8.1,Free_feed,8,4.17,1,1,Pellet,Left,0,0,405,0,Timed_out,2288,nan
5/4/2022 16:20,1.8.1,Free_feed,8,4.17,1,1,Pellet,Left,0,0,406,0,32.26,39,nan
5/4/2022 16:21,1.8.1,Free_feed,8,4.17,1,1,Pellet,Left,0,0,407,0,50.49,57,nan
5/4/2022 16:21,1.8.1,Free_feed,8,4.17,2,1,Pellet,Left,0,0,408,0,23.33,32,nan
5/4/2022 16:30,1.8.1,Free_feed,8,4.17,1,1,Pellet,Left,0,0,409,0,Timed_out,515,nan
5/4/2022 16:30,1.8.1,Free_feed,8,4.17,1,1,Pellet,Left,0,0,410,0,0.06,1,nan
5/4/2022 16:30,1.8.1,Free_feed,8,4.17,1,1,Pellet,Left,0,0,411,0,29.74,36,nan
5/4/2022 16:38,1.8.1,Free_feed,8,4.17,1,1,Pellet,Left,0,0,412,0,Timed_out,440,nan
5/4/2022 16:38,1.8.1,Free_feed,8,4.17,1,1,Pellet,Left,0,0,413,0,23.89,31,nan
5/4/2022 16:39,1.8.1,Free_feed,8,4.17,1,1,Pellet,Left,0,0,414,0,29.07,36,nan
5/4/2022 16:58,1.8.1,Free_feed,8,4.17,1,1,Pellet,Left,0,0,415,0,Timed_out,1119,nan
5/4/2022 16:58,1.8.1,Free_feed,8,4.17,1,1,Pellet,Left,0,0,416,0,23.9,31,nan
5/4/2022 17:07,1.8.1,Free_feed,8,4.17,1,1,Pellet,Left,0,0,417,0,Timed_out,559,nan
5/4/2022 17:08,1.8.1,Free_feed,8,4.16,1,1,Pellet,Left,0,0,418,0,16.38,23,nan
5/4/2022 17:08,1.8.1,Free_feed,8,4.16,2,1,Pellet,Left,0,0,419,0,21.74,29,nan
5/4/2022 17:09,1.8.1,Free_feed,8,4.16,2,1,Pellet,Left,0,0,420,0,22.41,31,nan
5/4/2022 17:19,1.8.1,Free_feed,8,4.17,1,1,Pellet,Left,0,0,421,0,Timed_out,599,nan
5/4/2022 17:31,1.8.1,Free_feed,8,4.17,1,1,Pellet,Left,0,0,422,0,Timed_out,716,nan
5/4/2022 17:45,1.8.1,Free_feed,8,4.17,1,1,Pellet,Left,0,0,423,0,Timed_out,872,nan
5/4/2022 17:46,1.8.1,Free_feed,8,4.16,2,1,Pellet,Left,0,0,424,0,27.52,37,nan
5/4/2022 17:46,1.8.1,Free_feed,8,4.16,1,1,Pellet,Left,0,0,425,0,30.9,37,nan
5/4/2022 17:50,1.8.1,Free_feed,8,4.16,2,1,Pellet,Left,0,0,426,0,Timed_out,197,nan
5/4/2022 17:56,1.8.1,Free_feed,8,4.17,1,1,Pellet,Left,0,0,427,0,Timed_out,363,nan
5/4/2022 18:04,1.8.1,Free_feed,8,4.17,1,1,Pellet,Left,0,0,428,0,Timed_out,500,nan
5/4/2022 18:11,1.8.1,Free_feed,8,4.16,1,1,Pellet,Left,0,0,429,0,Timed_out,439,nan
5/4/2022 18:20,1.8.1,Free_feed,8,4.16,1,1,Pellet,Left,0,0,430,0,Timed_out,485,nan
5/4/2022 18:20,1.8.1,Free_feed,8,4.16,2,1,Pellet,Left,0,0,431,0,36.27,44,nan
5/4/2022 18:21,1.8.1,Free_feed,8,4.16,1,1,Pellet,Left,0,0,432,0,29.87,36,nan
5/4/2022 18:21,1.8.1,Free_feed,8,4.16,1,1,Pellet,Left,0,0,433,0,20.75,28,nan
5/4/2022 18:22,1.8.1,Free_feed,8,4.16,1,1,Pellet,Left,0,0,434,0,28.94,35,nan
5/4/2022 18:34,1.8.1,Free_feed,8,4.16,2,1,Pellet,Left,0,0,435,0,Timed_out,753,nan
5/4/2022 18:35,1.8.1,Free_feed,8,4.16,1,1,Pellet,Left,0,0,436,0,39.79,47,nan
5/4/2022 18:36,1.8.1,Free_feed,8,4.16,1,1,Pellet,Left,0,0,437,0,19.4,26,nan
5/4/2022 18:36,1.8.1,Free_feed,8,4.16,2,1,Pellet,Left,0,0,438,0,18.35,25,nan
5/4/2022 18:37,1.8.1,Free_feed,8,4.16,1,1,Pellet,Left,0,0,439,0,23.77,30,nan
5/4/2022 18:56,1.8.1,Free_feed,8,4.17,1,1,Pellet,Left,0,0,440,0,Timed_out,1157,nan
5/4/2022 18:57,1.8.1,Free_feed,8,4.16,1,1,Pellet,Left,0,0,441,0,59.48,66,nan
5/4/2022 18:57,1.8.1,Free_feed,8,4.16,1,1,Pellet,Left,0,0,442,0,3.42,4,nan
5/4/2022 18:57,1.8.1,Free_feed,8,4.16,1,1,Pellet,Left,0,0,443,0,0.12,1,nan
5/4/2022 19:03,1.8.1,Free_feed,8,4.16,1,1,Pellet,Left,0,0,444,0,Timed_out,361,nan
5/4/2022 19:04,1.8.1,Free_feed,8,4.16,1,1,Pellet,Left,0,0,445,0,20,26,nan
5/4/2022 19:04,1.8.1,Free_feed,8,4.16,2,1,Pellet,Left,0,0,446,0,25.55,33,nan
5/4/2022 19:16,1.8.1,Free_feed,8,4.16,2,1,Pellet,Left,0,0,447,0,Timed_out,690,nan
5/4/2022 19:16,1.8.1,Free_feed,8,4.16,3,1,Pellet,Left,0,0,448,0,24.25,28,nan
5/4/2022 19:23,1.8.1,Free_feed,8,4.16,2,1,Pellet,Left,0,0,449,0,Timed_out,389,nan
5/4/2022 19:23,1.8.1,Free_feed,8,4.16,1,1,Pellet,Left,0,0,450,0,23.89,30,nan
5/4/2022 19:54,1.8.1,Free_feed,8,4.16,1,1,Pellet,Left,0,0,451,0,Timed_out,1829,nan
5/4/2022 19:54,1.8.1,Free_feed,8,4.16,2,1,Pellet,Left,0,0,452,0,43.04,50,nan
5/4/2022 19:55,1.8.1,Free_feed,8,4.16,1,1,Pellet,Left,0,0,453,0,27.46,34,nan
5/4/2022 19:55,1.8.1,Free_feed,8,4.16,1,1,Pellet,Left,0,0,454,0,23.71,30,nan
5/4/2022 19:56,1.8.1,Free_feed,8,4.16,1,1,Pellet,Left,0,0,455,0,34.55,41,nan
5/4/2022 19:57,1.8.1,Free_feed,8,4.16,1,1,Pellet,Left,0,0,456,0,34.62,37,nan
5/4/2022 20:10,1.8.1,Free_feed,8,4.16,1,1,Pellet,Left,0,0,457,0,Timed_out,808,nan
5/4/2022 20:21,1.8.1,Free_feed,8,4.16,2,1,Pellet,Left,0,0,458,0,Timed_out,622,nan
5/4/2022 20:21,1.8.1,Free_feed,8,4.16,1,1,Pellet,Left,0,0,459,0,36.72,39,nan
5/4/2022 20:39,1.8.1,Free_feed,8,4.16,1,1,Pellet,Left,0,0,460,0,Timed_out,1051,nan
5/4/2022 20:40,1.8.1,Free_feed,8,4.16,1,1,Pellet,Left,0,0,461,0,Timed_out,105,nan
5/4/2022 20:41,1.8.1,Free_feed,8,4.16,1,1,Pellet,Left,0,0,462,0,34.37,40,nan
5/4/2022 20:42,1.8.1,Free_feed,8,4.16,2,1,Pellet,Left,0,0,463,0,23.15,32,nan
5/4/2022 20:51,1.8.1,Free_feed,8,4.15,2,1,Pellet,Left,0,0,464,0,Timed_out,539,nan
5/4/2022 21:22,1.8.1,Free_feed,8,4.15,1,1,Pellet,Left,0,0,465,0,Timed_out,1889,nan
5/4/2022 21:34,1.8.1,Free_feed,8,4.15,1,1,Pellet,Left,0,0,466,0,Timed_out,735,nan
5/4/2022 21:35,1.8.1,Free_feed,8,4.15,1,1,Pellet,Left,0,0,467,0,39.67,47,nan
5/4/2022 22:29,1.8.1,Free_feed,8,4.15,1,1,Pellet,Left,0,0,468,0,Timed_out,3247,nan
5/4/2022 22:30,1.8.1,Free_feed,8,4.15,1,1,Pellet,Left,0,0,469,0,39.32,47,nan
5/4/2022 22:30,1.8.1,Free_feed,8,4.15,1,1,Pellet,Left,0,0,470,0,7.17,14,nan
5/4/2022 22:34,1.8.1,Free_feed,8,4.15,1,1,Pellet,Left,0,0,471,0,Timed_out,223,nan
5/4/2022 22:51,1.8.1,Free_feed,8,4.16,1,1,Pellet,Left,0,0,472,0,Timed_out,1044,nan
5/4/2022 22:52,1.8.1,Free_feed,8,4.15,1,1,Pellet,Left,0,0,473,0,36.98,43,nan
5/4/2022 22:57,1.8.1,Free_feed,8,4.14,1,1,Pellet,Left,0,0,474,0,Timed_out,313,nan
5/4/2022 22:58,1.8.1,Free_feed,8,4.14,1,1,Pellet,Left,0,0,475,0,34.3,41,nan
5/4/2022 22:58,1.8.1,Free_feed,8,4.15,1,1,Pellet,Left,0,0,476,0,0.06,1,nan
5/4/2022 22:59,1.8.1,Free_feed,8,4.15,2,1,Pellet,Left,0,0,477,0,44.61,51,nan
5/4/2022 23:14,1.8.1,Free_feed,8,4.14,1,1,Pellet,Left,0,0,478,0,Timed_out,904,nan
5/4/2022 23:19,1.8.1,Free_feed,8,4.15,2,1,Pellet,Left,0,0,479,0,Timed_out,315,nan
5/4/2022 23:31,1.8.1,Free_feed,8,4.14,1,1,Pellet,Left,0,0,480,0,Timed_out,683,nan
5/4/2022 23:31,1.8.1,Free_feed,8,4.14,1,1,Pellet,Left,0,0,481,0,32.39,39,nan
5/4/2022 23:32,1.8.1,Free_feed,8,4.15,1,1,Pellet,Left,0,0,482,0,26.98,34,nan
5/4/2022 23:39,1.8.1,Free_feed,8,4.15,1,1,Pellet,Left,0,0,483,0,Timed_out,414,nan
5/4/2022 23:39,1.8.1,Free_feed,8,4.14,1,1,Pellet,Left,0,0,484,0,18.17,25,nan
5/5/2022 0:00,1.8.1,Free_feed,8,4.14,1,1,Pellet,Left,0,0,485,0,Timed_out,1240,nan
5/5/2022 0:00,1.8.1,Free_feed,8,4.14,1,1,Pellet,Left,0,0,486,0,28.27,35,nan
5/5/2022 0:01,1.8.1,Free_feed,8,4.14,1,1,Pellet,Left,0,0,487,0,25,32,nan
5/5/2022 0:02,1.8.1,Free_feed,8,4.14,1,1,Pellet,Left,0,0,488,0,30.79,38,nan
5/5/2022 0:16,1.8.1,Free_feed,8,4.15,1,1,Pellet,Left,0,0,489,0,Timed_out,838,nan
5/5/2022 0:33,1.8.1,Free_feed,8,4.14,1,1,Pellet,Left,0,0,490,0,Timed_out,1075,nan
5/5/2022 0:34,1.8.1,Free_feed,8,4.14,1,1,Pellet,Left,0,0,491,0,22.91,30,nan
5/5/2022 0:34,1.8.1,Free_feed,8,4.14,1,1,Pellet,Left,0,0,492,0,24.39,31,nan
5/5/2022 0:44,1.8.1,Free_feed,8,4.14,1,1,Pellet,Left,0,0,493,0,Timed_out,562,nan
5/5/2022 0:44,1.8.1,Free_feed,8,4.14,1,1,Pellet,Left,0,0,494,0,22.78,29,nan
5/5/2022 0:45,1.8.1,Free_feed,8,4.14,1,1,Pellet,Left,0,0,495,0,22.65,29,nan
5/5/2022 0:45,1.8.1,Free_feed,8,4.14,1,1,Pellet,Left,0,0,496,0,20.76,27,nan
5/5/2022 1:08,1.8.1,Free_feed,8,4.14,1,1,Pellet,Left,0,0,497,0,Timed_out,1388,nan
5/5/2022 1:09,1.8.1,Free_feed,8,4.14,1,1,Pellet,Left,0,0,498,0,22.4,30,nan
5/5/2022 1:13,1.8.1,Free_feed,8,4.14,2,1,Pellet,Left,0,0,499,0,Timed_out,225,nan
5/5/2022 1:23,1.8.1,Free_feed,8,4.14,1,1,Pellet,Left,0,0,500,0,Timed_out,631,nan
5/5/2022 1:29,1.8.1,Free_feed,8,4.14,1,1,Pellet,Left,0,0,501,0,Timed_out,345,nan
5/5/2022 1:33,1.8.1,Free_feed,8,4.14,1,1,Pellet,Left,0,0,502,0,Timed_out,261,nan
5/5/2022 1:38,1.8.1,Free_feed,8,4.14,2,1,Pellet,Left,0,0,503,0,Timed_out,260,nan
5/5/2022 1:57,1.8.1,Free_feed,8,4.14,10,1,Pellet,Left,0,0,504,0,Timed_out,1153,nan
5/5/2022 2:31,1.8.1,Free_feed,8,4.14,1,1,Pellet,Left,0,0,505,0,Timed_out,2060,nan
5/5/2022 2:32,1.8.1,Free_feed,8,4.14,1,1,Pellet,Left,0,0,506,0,46.32,52,nan
5/5/2022 3:37,1.8.1,Free_feed,8,4.09,1284,1,Pellet,Left,0,0,507,0,0.06,3891,nan
5/5/2022 3:41,1.8.1,Free_feed,8,4.09,77,1,Pellet,Left,0,0,508,0,0.06,232,nan
5/5/2022 3:50,1.8.1,Free_feed,8,4.09,181,1,Pellet,Left,0,0,509,0,0.06,547,nan
5/5/2022 3:50,1.8.1,Free_feed,8,4.09,2,1,Pellet,Left,0,0,510,0,29.93,35,nan
5/5/2022 3:52,1.8.1,Free_feed,8,4.08,38,1,Pellet,Left,0,0,511,0,0.06,115,nan
5/5/2022 4:11,1.8.1,Free_feed,8,4.08,1,1,Pellet,Left,0,0,512,0,Timed_out,1104,nan
5/5/2022 4:19,1.8.1,Free_feed,8,4.09,1,1,Pellet,Left,0,0,513,0,Timed_out,495,nan
5/5/2022 5:30,1.8.1,Free_feed,8,4.05,1408,1,Pellet,Left,0,0,514,0,0.12,4251,nan
5/5/2022 5:30,1.8.1,Free_feed,8,4.05,1,1,Pellet,Left,0,0,515,0,34.42,41,nan
5/5/2022 8:12,1.8.1,Free_feed,8,3.99,3201,1,Pellet,Left,0,0,516,0,0.06,9701,nan
5/5/2022 8:12,1.8.1,Free_feed,8,3.99,10,1,Pellet,Left,0,0,517,0,0.06,19,nan
5/5/2022 8:25,1.8.1,Free_feed,8,3.98,258,1,Pellet,Left,0,0,518,0,0.06,779,nan
5/5/2022 8:25,1.8.1,Free_feed,8,3.98,1,1,Pellet,Left,0,0,519,0,0.06,1,nan
5/5/2022 8:26,1.8.1,Free_feed,8,3.98,9,1,Pellet,Left,0,0,520,0,0.06,24,nan
5/5/2022 8:41,1.8.1,Free_feed,8,3.98,300,1,Pellet,Left,0,0,521,0,0.06,905,nan
