MM:DD:YYYY hh:mm:ss,Library_Version,Session_type,Device_Number,Battery_Voltage,Motor_Turns,FR,Event,Active_Poke,Left_Poke_Count,Right_Poke_Count,Pellet_Count,Block_Pellet_Count,Retrieval_Time,InterPelletInterval,Poke_Time
5/3/2022 17:52:05,1.8.1,Free_feed,6,4.09,1,1,Pellet,Left,0,0,1,0,Timed_out,nan,nan
5/3/2022 17:52:38,1.8.1,Free_feed,6,4.09,3,1,Pellet,Left,0,0,2,0,21.84,33,nan
5/3/2022 17:52:51,1.8.1,Free_feed,6,4.09,1,1,Pellet,Left,0,0,3,0,6.00,13,nan
5/3/2022 17:53:40,1.8.1,Free_feed,6,4.09,1,1,Pellet,Left,0,0,4,0,42.28,49,nan
5/3/2022 17:54:02,1.8.1,Free_feed,6,4.09,1,1,Pellet,Left,0,0,5,0,15.32,22,nan
5/3/2022 17:54:22,1.8.1,Free_feed,6,4.09,1,1,Pellet,Left,0,0,6,0,12.81,20,nan
5/3/2022 17:54:22,1.8.1,Free_feed,6,4.09,1,1,Pellet,Left,0,0,7,0,0.06,0,nan
5/3/2022 17:54:57,1.8.1,Free_feed,6,4.09,1,1,Pellet,Left,0,0,8,0,28.05,35,nan
5/3/2022 17:55:23,1.8.1,Free_feed,6,4.09,1,1,Pellet,Left,0,0,9,0,19.14,26,nan
5/3/2022 17:56:26,1.8.1,Free_feed,6,4.09,2,1,Pellet,Left,0,0,10,0,53.67,63,nan
5/3/2022 17:57:01,1.8.1,Free_feed,6,4.09,1,1,Pellet,Left,0,0,11,0,29.48,35,nan
5/3/2022 17:58:29,1.8.1,Free_feed,6,4.09,1,1,Pellet,Left,0,0,12,0,Timed_out,88,nan
5/3/2022 17:58:58,1.8.1,Free_feed,6,4.09,1,1,Pellet,Left,0,0,13,0,22.65,29,nan
5/3/2022 18:01:53,1.8.1,Free_feed,6,4.09,1,1,Pellet,Left,0,0,14,0,Timed_out,175,nan
5/3/2022 18:02:32,1.8.1,Free_feed,6,4.09,1,1,Pellet,Left,0,0,15,0,31.93,39,nan
5/3/2022 18:03:05,1.8.1,Free_feed,6,4.09,2,1,Pellet,Left,0,0,16,0,26.28,33,nan
5/3/2022 18:03:52,1.8.1,Free_feed,6,4.09,1,1,Pellet,Left,0,0,17,0,39.89,47,nan
5/3/2022 18:04:35,1.8.1,Free_feed,6,4.09,1,1,Pellet,Left,0,0,18,0,35.82,43,nan
5/3/2022 18:05:15,1.8.1,Free_feed,6,4.09,1,1,Pellet,Left,0,0,19,0,33.79,40,nan
5/3/2022 18:07:50,1.8.1,Free_feed,6,4.09,1,1,Pellet,Left,0,0,20,0,Timed_out,155,nan
5/3/2022 18:11:26,1.8.1,Free_feed,6,4.09,1,1,Pellet,Left,0,0,21,0,Timed_out,216,nan
5/3/2022 18:12:02,1.8.1,Free_feed,6,4.09,1,1,Pellet,Left,0,0,22,0,35.38,36,nan
5/3/2022 18:12:47,1.8.1,Free_feed,6,4.09,1,1,Pellet,Left,0,0,23,0,38.11,45,nan
5/3/2022 18:13:33,1.8.1,Free_feed,6,4.09,1,1,Pellet,Left,0,0,24,0,39.59,46,nan
5/3/2022 18:16:13,1.8.1,Free_feed,6,4.09,1,1,Pellet,Left,0,0,25,0,Timed_out,160,nan
5/3/2022 18:16:50,1.8.1,Free_feed,6,4.09,2,1,Pellet,Left,0,0,26,0,31.40,37,nan
5/3/2022 18:17:29,1.8.1,Free_feed,6,4.09,1,1,Pellet,Left,0,0,27,0,31.89,39,nan
5/3/2022 18:18:17,1.8.1,Free_feed,6,4.09,1,1,Pellet,Left,0,0,28,0,41.48,48,nan
5/3/2022 18:18:46,1.8.1,Free_feed,6,4.09,1,1,Pellet,Left,0,0,29,0,21.85,29,nan
5/3/2022 18:22:03,1.8.1,Free_feed,6,4.09,2,1,Pellet,Left,0,0,30,0,Timed_out,197,nan
5/3/2022 18:22:40,1.8.1,Free_feed,6,4.09,2,1,Pellet,Left,0,0,31,0,28.07,37,nan
5/3/2022 18:24:01,1.8.1,Free_feed,6,4.09,2,1,Pellet,Left,0,0,32,0,Timed_out,81,nan
5/3/2022 18:27:52,1.8.1,Free_feed,6,4.09,1,1,Pellet,Left,0,0,33,0,Timed_out,231,nan
5/3/2022 18:28:02,1.8.1,Free_feed,6,4.09,1,1,Pellet,Left,0,0,34,0,2.99,10,nan
5/3/2022 18:28:13,1.8.1,Free_feed,6,4.09,1,1,Pellet,Left,0,0,35,0,3.79,11,nan
5/3/2022 18:30:17,1.8.1,Free_feed,6,4.09,1,1,Pellet,Left,0,0,36,0,Timed_out,124,nan
5/3/2022 18:35:24,1.8.1,Free_feed,6,4.09,1,1,Pellet,Left,0,0,37,0,Timed_out,307,nan
5/3/2022 18:39:51,1.8.1,Free_feed,6,4.09,2,1,Pellet,Left,0,0,38,0,Timed_out,267,nan
5/3/2022 18:46:35,1.8.1,Free_feed,6,4.09,1,1,Pellet,Left,0,0,39,0,Timed_out,404,nan
5/3/2022 19:13:47,1.8.1,Free_feed,6,4.09,1,1,Pellet,Left,0,0,40,0,Timed_out,1632,nan
5/3/2022 19:28:23,1.8.1,Free_feed,6,4.09,1,1,Pellet,Left,0,0,41,0,Timed_out,876,nan
5/3/2022 19:38:16,1.8.1,Free_feed,6,4.09,1,1,Pellet,Left,0,0,42,0,Timed_out,593,nan
5/3/2022 19:39:42,1.8.1,Free_feed,6,4.09,1,1,Pellet,Left,0,0,43,0,Timed_out,86,nan
5/3/2022 19:39:45,1.8.1,Free_feed,6,4.09,1,1,Pellet,Left,0,0,44,0,0.06,3,nan
5/3/2022 19:42:12,1.8.1,Free_feed,6,4.09,1,1,Pellet,Left,0,0,45,0,Timed_out,147,nan
5/3/2022 19:48:42,1.8.1,Free_feed,6,4.08,1,1,Pellet,Left,0,0,46,0,Timed_out,390,nan
5/3/2022 19:49:47,1.8.1,Free_feed,6,4.08,1,1,Pellet,Left,0,0,47,0,59.15,65,nan
5/3/2022 19:50:03,1.8.1,Free_feed,6,4.08,1,1,Pellet,Left,0,0,48,0,8.88,16,nan
5/3/2022 19:50:52,1.8.1,Free_feed,6,4.09,1,1,Pellet,Left,0,0,49,0,42.41,49,nan
5/3/2022 19:52:58,1.8.1,Free_feed,6,4.09,2,1,Pellet,Left,0,0,50,0,Timed_out,126,nan
5/3/2022 19:53:04,1.8.1,Free_feed,6,4.09,1,1,Pellet,Left,0,0,51,0,0.36,6,nan
5/3/2022 19:58:46,1.8.1,Free_feed,6,4.08,2,1,Pellet,Left,0,0,52,0,Timed_out,342,nan
5/3/2022 19:59:45,1.8.1,Free_feed,6,4.09,1,1,Pellet,Left,0,0,53,0,57.89,59,nan
5/3/2022 20:05:52,1.8.1,Free_feed,6,4.08,1,1,Pellet,Left,0,0,54,0,Timed_out,367,nan
5/3/2022 20:05:53,1.8.1,Free_feed,6,4.09,1,1,Pellet,Left,0,0,55,0,0.06,1,nan
5/3/2022 20:13:24,1.8.1,Free_feed,6,4.09,1,1,Pellet,Left,0,0,56,0,Timed_out,451,nan
5/3/2022 20:13:25,1.8.1,Free_feed,6,4.09,1,1,Pellet,Left,0,0,57,0,0.18,1,nan
5/3/2022 20:22:45,1.8.1,Free_feed,6,4.09,1,1,Pellet,Left,0,0,58,0,Timed_out,560,nan
5/3/2022 20:22:46,1.8.1,Free_feed,6,4.09,1,1,Pellet,Left,0,0,59,0,0.12,1,nan
5/3/2022 20:22:47,1.8.1,Free_feed,6,4.08,1,1,Pellet,Left,0,0,60,0,0.30,1,nan
5/3/2022 20:25:29,1.8.1,Free_feed,6,4.08,1,1,Pellet,Left,0,0,61,0,Timed_out,162,nan
5/3/2022 20:25:31,1.8.1,Free_feed,6,4.09,1,1,Pellet,Left,0,0,62,0,0.06,2,nan
5/3/2022 20:38:44,1.8.1,Free_feed,6,4.08,1,1,Pellet,Left,0,0,63,0,Timed_out,793,nan
5/3/2022 20:39:58,1.8.1,Free_feed,6,4.08,1,1,Pellet,Left,0,0,64,0,Timed_out,74,nan
5/3/2022 20:41:53,1.8.1,Free_feed,6,4.08,1,1,Pellet,Left,0,0,65,0,Timed_out,115,nan
5/3/2022 20:44:32,1.8.1,Free_feed,6,4.09,1,1,Pellet,Left,0,0,66,0,Timed_out,159,nan
5/3/2022 21:03:03,1.8.1,Free_feed,6,4.07,1,1,Pellet,Left,0,0,67,0,Timed_out,1111,nan
5/3/2022 21:04:46,1.8.1,Free_feed,6,4.08,1,1,Pellet,Left,0,0,68,0,Timed_out,103,nan
5/3/2022 21:07:25,1.8.1,Free_feed,6,4.08,1,1,Pellet,Left,0,0,69,0,Timed_out,159,nan
5/3/2022 21:07:26,1.8.1,Free_feed,6,4.08,1,1,Pellet,Left,0,0,70,0,0.67,1,nan
5/3/2022 21:07:30,1.8.1,Free_feed,6,4.09,1,1,Pellet,Left,0,0,71,0,0.24,4,nan
5/3/2022 21:09:35,1.8.1,Free_feed,6,4.08,1,1,Pellet,Left,0,0,72,0,Timed_out,125,nan
5/3/2022 21:19:07,1.8.1,Free_feed,6,4.07,1,1,Pellet,Left,0,0,73,0,Timed_out,572,nan
5/3/2022 21:19:52,1.8.1,Free_feed,6,4.09,1,1,Pellet,Left,0,0,74,0,43.52,45,nan
5/3/2022 21:20:43,1.8.1,Free_feed,6,4.08,1,1,Pellet,Left,0,0,75,0,44.74,51,nan
5/3/2022 21:21:43,1.8.1,Free_feed,6,4.08,1,1,Pellet,Left,0,0,76,0,53.81,60,nan
5/3/2022 21:28:16,1.8.1,Free_feed,6,4.08,1,1,Pellet,Left,0,0,77,0,Timed_out,393,nan
5/3/2022 21:34:29,1.8.1,Free_feed,6,4.09,1,1,Pellet,Left,0,0,78,0,Timed_out,373,nan
5/3/2022 21:35:33,1.8.1,Free_feed,6,4.08,1,1,Pellet,Left,0,0,79,0,57.87,64,nan
5/3/2022 21:43:29,1.8.1,Free_feed,6,4.07,1,1,Pellet,Left,0,0,80,0,Timed_out,476,nan
5/3/2022 21:43:30,1.8.1,Free_feed,6,4.08,1,1,Pellet,Left,0,0,81,0,0.18,1,nan
5/3/2022 21:44:12,1.8.1,Free_feed,6,4.08,1,1,Pellet,Left,0,0,82,0,34.90,42,nan
5/3/2022 21:47:11,1.8.1,Free_feed,6,4.08,1,1,Pellet,Left,0,0,83,0,Timed_out,179,nan
5/3/2022 22:12:45,1.8.1,Free_feed,6,4.07,1,1,Pellet,Left,0,0,84,0,Timed_out,1534,nan
5/3/2022 22:15:04,1.8.1,Free_feed,6,4.07,1,1,Pellet,Left,0,0,85,0,Timed_out,139,nan
5/3/2022 22:45:09,1.8.1,Free_feed,6,4.07,1,1,Pellet,Left,0,0,86,0,Timed_out,1805,nan
5/3/2022 22:46:14,1.8.1,Free_feed,6,4.07,1,1,Pellet,Left,0,0,87,0,58.39,65,nan
5/3/2022 23:13:58,1.8.1,Free_feed,6,4.08,1,1,Pellet,Left,0,0,88,0,Timed_out,1664,nan
5/3/2022 23:15:26,1.8.1,Free_feed,6,4.08,1,1,Pellet,Left,0,0,89,0,Timed_out,88,nan
5/3/2022 23:23:04,1.8.1,Free_feed,6,4.07,1,1,Pellet,Left,0,0,90,0,Timed_out,458,nan
5/3/2022 23:23:55,1.8.1,Free_feed,6,4.07,1,1,Pellet,Left,0,0,91,0,43.91,51,nan
5/3/2022 23:24:48,1.8.1,Free_feed,6,4.07,1,1,Pellet,Left,0,0,92,0,46.42,53,nan
5/3/2022 23:25:43,1.8.1,Free_feed,6,4.08,2,1,Pellet,Left,0,0,93,0,52.84,55,nan
5/3/2022 23:27:13,1.8.1,Free_feed,6,4.08,1,1,Pellet,Left,0,0,94,0,Timed_out,90,nan
5/3/2022 23:27:19,1.8.1,Free_feed,6,4.07,1,1,Pellet,Left,0,0,95,0,0.06,6,nan
5/3/2022 23:36:25,1.8.1,Free_feed,6,4.07,1,1,Pellet,Left,0,0,96,0,Timed_out,546,nan
5/3/2022 23:37:19,1.8.1,Free_feed,6,4.07,1,1,Pellet,Left,0,0,97,0,46.81,54,nan
5/3/2022 23:38:17,1.8.1,Free_feed,6,4.07,1,1,Pellet,Left,0,0,98,0,51.60,58,nan
5/3/2022 23:45:31,1.8.1,Free_feed,6,4.07,1,1,Pellet,Left,0,0,99,0,Timed_out,434,nan
5/3/2022 23:45:34,1.8.1,Free_feed,6,4.07,1,1,Pellet,Left,0,0,100,0,1.09,3,nan
5/3/2022 23:47:01,1.8.1,Free_feed,6,4.07,1,1,Pellet,Left,0,0,101,0,Timed_out,87,nan
5/3/2022 23:55:07,1.8.1,Free_feed,6,4.07,2,1,Pellet,Left,0,0,102,0,Timed_out,486,nan
5/4/2022 0:04:29,1.8.1,Free_feed,6,4.07,1,1,Pellet,Left,0,0,103,0,Timed_out,562,nan
5/4/2022 0:10:01,1.8.1,Free_feed,6,4.07,1,1,Pellet,Left,0,0,104,0,Timed_out,332,nan
5/4/2022 0:11:00,1.8.1,Free_feed,6,4.08,1,1,Pellet,Left,0,0,105,0,52.23,59,nan
5/4/2022 0:18:28,1.8.1,Free_feed,6,4.08,1,1,Pellet,Left,0,0,106,0,Timed_out,448,nan
5/4/2022 0:45:53,1.8.1,Free_feed,6,4.07,1,1,Pellet,Left,0,0,107,0,Timed_out,1645,nan
5/4/2022 0:45:54,1.8.1,Free_feed,6,4.07,1,1,Pellet,Left,0,0,108,0,0.24,1,nan
5/4/2022 1:02:35,1.8.1,Free_feed,6,4.07,1,1,Pellet,Left,0,0,109,0,Timed_out,1001,nan
5/4/2022 1:23:54,1.8.1,Free_feed,6,4.07,1,1,Pellet,Left,0,0,110,0,Timed_out,1279,nan
5/4/2022 1:47:24,1.8.1,Free_feed,6,4.07,2,1,Pellet,Left,0,0,111,0,Timed_out,1410,nan
5/4/2022 1:48:19,1.8.1,Free_feed,6,4.07,1,1,Pellet,Left,0,0,112,0,47.11,55,nan
5/4/2022 1:48:25,1.8.1,Free_feed,6,4.07,1,1,Pellet,Left,0,0,113,0,0.06,6,nan
5/4/2022 1:49:13,1.8.1,Free_feed,6,4.07,1,1,Pellet,Left,0,0,114,0,40.73,48,nan
5/4/2022 1:55:31,1.8.1,Free_feed,6,4.07,1,1,Pellet,Left,0,0,115,0,Timed_out,378,nan
5/4/2022 1:59:43,1.8.1,Free_feed,6,4.07,2,1,Pellet,Left,0,0,116,0,Timed_out,252,nan
5/4/2022 2:08:58,1.8.1,Free_feed,6,4.07,1,1,Pellet,Left,0,0,117,0,Timed_out,555,nan
5/4/2022 2:08:59,1.8.1,Free_feed,6,4.07,1,1,Pellet,Left,0,0,118,0,0.06,1,nan
5/4/2022 2:24:03,1.8.1,Free_feed,6,4.07,1,1,Pellet,Left,0,0,119,0,Timed_out,904,nan
5/4/2022 2:29:29,1.8.1,Free_feed,6,4.07,1,1,Pellet,Left,0,0,120,0,Timed_out,326,nan
5/4/2022 2:29:41,1.8.1,Free_feed,6,4.07,1,1,Pellet,Left,0,0,121,0,5.20,12,nan
5/4/2022 2:38:36,1.8.1,Free_feed,6,4.07,1,1,Pellet,Left,0,0,122,0,Timed_out,535,nan
5/4/2022 2:43:33,1.8.1,Free_feed,6,4.06,1,1,Pellet,Left,0,0,123,0,Timed_out,297,nan
5/4/2022 2:55:03,1.8.1,Free_feed,6,4.07,2,1,Pellet,Left,0,0,124,0,Timed_out,690,nan
5/4/2022 3:00:35,1.8.1,Free_feed,6,4.07,1,1,Pellet,Left,0,0,125,0,Timed_out,332,nan
5/4/2022 3:01:27,1.8.1,Free_feed,6,4.07,2,1,Pellet,Left,0,0,126,0,45.56,52,nan
5/4/2022 3:02:09,1.8.1,Free_feed,6,4.07,1,1,Pellet,Left,0,0,127,0,35.52,42,nan
5/4/2022 3:02:52,1.8.1,Free_feed,6,4.07,1,1,Pellet,Left,0,0,128,0,36.33,43,nan
5/4/2022 3:03:29,1.8.1,Free_feed,6,4.06,1,1,Pellet,Left,0,0,129,0,30.23,37,nan
5/4/2022 3:04:09,1.8.1,Free_feed,6,4.07,2,1,Pellet,Left,0,0,130,0,31.09,40,nan
5/4/2022 3:05:23,1.8.1,Free_feed,6,4.07,1,1,Pellet,Left,0,0,131,0,Timed_out,74,nan
5/4/2022 3:19:01,1.8.1,Free_feed,6,4.06,1,1,Pellet,Left,0,0,132,0,Timed_out,817,nan
5/4/2022 3:29:32,1.8.1,Free_feed,6,4.07,1,1,Pellet,Left,0,0,133,0,Timed_out,632,nan
5/4/2022 3:32:58,1.8.1,Free_feed,6,4.07,1,1,Pellet,Left,0,0,134,0,Timed_out,206,nan
5/4/2022 3:39:36,1.8.1,Free_feed,6,4.07,1,1,Pellet,Left,0,0,135,0,Timed_out,398,nan
5/4/2022 3:40:11,1.8.1,Free_feed,6,4.06,1,1,Pellet,Left,0,0,136,0,28.20,35,nan
5/4/2022 3:40:41,1.8.1,Free_feed,6,4.07,1,1,Pellet,Left,0,0,137,0,23.14,30,nan
5/4/2022 3:41:25,1.8.1,Free_feed,6,4.06,1,1,Pellet,Left,0,0,138,0,36.75,44,nan
5/4/2022 3:42:07,1.8.1,Free_feed,6,4.06,1,1,Pellet,Left,0,0,139,0,36.07,42,nan
5/4/2022 3:57:21,1.8.1,Free_feed,6,4.07,2,1,Pellet,Left,0,0,140,0,Timed_out,914,nan
5/4/2022 4:04:18,1.8.1,Free_feed,6,4.06,1,1,Pellet,Left,0,0,141,0,Timed_out,417,nan
5/4/2022 4:04:19,1.8.1,Free_feed,6,4.06,1,1,Pellet,Left,0,0,142,0,0.06,1,nan
5/4/2022 4:05:07,1.8.1,Free_feed,6,4.07,1,1,Pellet,Left,0,0,143,0,42.22,48,nan
5/4/2022 4:05:47,1.8.1,Free_feed,6,4.07,1,1,Pellet,Left,0,0,144,0,33.05,40,nan
5/4/2022 4:07:20,1.8.1,Free_feed,6,4.06,1,1,Pellet,Left,0,0,145,0,Timed_out,93,nan
5/4/2022 4:23:52,1.8.1,Free_feed,6,4.06,1,1,Pellet,Left,0,0,146,0,Timed_out,992,nan
5/4/2022 4:29:07,1.8.1,Free_feed,6,4.07,1,1,Pellet,Left,0,0,147,0,Timed_out,315,nan
5/4/2022 4:33:32,1.8.1,Free_feed,6,4.07,1,1,Pellet,Left,0,0,148,0,Timed_out,265,nan
5/4/2022 4:46:04,1.8.1,Free_feed,6,4.06,1,1,Pellet,Left,0,0,149,0,Timed_out,752,nan
5/4/2022 6:51:15,1.8.1,Free_feed,6,4.06,1,1,Pellet,Left,0,0,150,0,Timed_out,7511,nan
5/4/2022 7:02:10,1.8.1,Free_feed,6,4.05,1,1,Pellet,Left,0,0,151,0,Timed_out,655,nan
5/4/2022 7:02:10,1.8.1,Free_feed,6,4.06,1,1,Pellet,Left,0,0,152,0,0.06,0,nan
5/4/2022 7:07:19,1.8.1,Free_feed,6,4.06,1,1,Pellet,Left,0,0,153,0,Timed_out,309,nan
5/4/2022 7:08:02,1.8.1,Free_feed,6,4.05,1,1,Pellet,Left,0,0,154,0,36.81,43,nan
5/4/2022 7:09:57,1.8.1,Free_feed,6,4.06,1,1,Pellet,Left,0,0,155,0,Timed_out,115,nan
5/4/2022 7:18:41,1.8.1,Free_feed,6,4.06,1,1,Pellet,Left,0,0,156,0,Timed_out,524,nan
5/4/2022 7:18:47,1.8.1,Free_feed,6,4.05,1,1,Pellet,Left,0,0,157,0,0.12,6,nan
5/4/2022 7:19:27,1.8.1,Free_feed,6,4.06,1,1,Pellet,Left,0,0,158,0,37.98,39,nan
5/4/2022 7:26:35,1.8.1,Free_feed,6,4.05,2,1,Pellet,Left,0,0,159,0,Timed_out,429,nan
5/4/2022 7:26:36,1.8.1,Free_feed,6,4.05,1,1,Pellet,Left,0,0,160,0,0.06,1,nan
5/4/2022 7:48:04,1.8.1,Free_feed,6,4.06,1,1,Pellet,Left,0,0,161,0,Timed_out,1288,nan
5/4/2022 7:48:45,1.8.1,Free_feed,6,4.05,1,1,Pellet,Left,0,0,162,0,38.90,41,nan
5/4/2022 7:48:46,1.8.1,Free_feed,6,4.06,1,1,Pellet,Left,0,0,163,0,0.06,1,nan
5/4/2022 7:56:02,1.8.1,Free_feed,6,4.05,2,1,Pellet,Left,0,0,164,0,Timed_out,436,nan
5/4/2022 7:57:32,1.8.1,Free_feed,6,4.06,2,1,Pellet,Left,0,0,165,0,Timed_out,90,nan
5/4/2022 8:11:32,1.8.1,Free_feed,6,4.05,1,1,Pellet,Left,0,0,166,0,Timed_out,840,nan
5/4/2022 8:11:32,1.8.1,Free_feed,6,4.05,1,1,Pellet,Left,0,0,167,0,0.12,0,nan
5/4/2022 8:17:08,1.8.1,Free_feed,6,4.05,2,1,Pellet,Left,0,0,168,0,Timed_out,336,nan
5/4/2022 8:17:09,1.8.1,Free_feed,6,4.05,1,1,Pellet,Left,0,0,169,0,0.12,1,nan
5/4/2022 8:18:32,1.8.1,Free_feed,6,4.06,1,1,Pellet,Left,0,0,170,0,Timed_out,83,nan
5/4/2022 8:18:40,1.8.1,Free_feed,6,4.05,1,1,Pellet,Left,0,0,171,0,1.34,8,nan
5/4/2022 8:19:22,1.8.1,Free_feed,6,4.06,2,1,Pellet,Left,0,0,172,0,35.39,42,nan
5/4/2022 8:19:59,1.8.1,Free_feed,6,4.05,1,1,Pellet,Left,0,0,173,0,30.53,37,nan
5/4/2022 8:20:40,1.8.1,Free_feed,6,4.05,1,1,Pellet,Left,0,0,174,0,34.66,41,nan
5/4/2022 8:23:17,1.8.1,Free_feed,6,4.05,1,1,Pellet,Left,0,0,175,0,Timed_out,157,nan
5/4/2022 8:33:50,1.8.1,Free_feed,6,4.05,1,1,Pellet,Left,0,0,176,0,Timed_out,633,nan
5/4/2022 8:34:25,1.8.1,Free_feed,6,4.06,1,1,Pellet,Left,0,0,177,0,28.20,35,nan
5/4/2022 8:46:10,1.8.1,Free_feed,6,4.06,1,1,Pellet,Left,0,0,178,0,Timed_out,705,nan
5/4/2022 8:46:55,1.8.1,Free_feed,6,4.05,1,1,Pellet,Left,0,0,179,0,38.23,45,nan
5/4/2022 8:47:22,1.8.1,Free_feed,6,4.05,1,1,Pellet,Left,0,0,180,0,20.25,27,nan
5/4/2022 8:47:52,1.8.1,Free_feed,6,4.05,1,1,Pellet,Left,0,0,181,0,23.26,30,nan
5/4/2022 9:22:05,1.8.1,Free_feed,6,4.05,1,1,Pellet,Left,0,0,182,0,Timed_out,2053,nan
5/4/2022 9:22:43,1.8.1,Free_feed,6,4.05,1,1,Pellet,Left,0,0,183,0,30.73,38,nan
5/4/2022 9:23:15,1.8.1,Free_feed,6,4.05,1,1,Pellet,Left,0,0,184,0,26.11,32,nan
5/4/2022 9:23:50,1.8.1,Free_feed,6,4.05,1,1,Pellet,Left,0,0,185,0,28.38,35,nan
5/4/2022 9:24:23,1.8.1,Free_feed,6,4.05,1,1,Pellet,Left,0,0,186,0,25.55,33,nan
5/4/2022 9:36:24,1.8.1,Free_feed,6,4.05,1,1,Pellet,Left,0,0,187,0,Timed_out,721,nan
5/4/2022 9:37:26,1.8.1,Free_feed,6,4.05,1,1,Pellet,Left,0,0,188,0,54.74,62,nan
5/4/2022 9:38:05,1.8.1,Free_feed,6,4.05,1,1,Pellet,Left,0,0,189,0,32.39,38,nan
5/4/2022 9:38:37,1.8.1,Free_feed,6,4.05,1,1,Pellet,Left,0,0,190,0,26.04,33,nan
5/4/2022 11:38:50,1.8.1,Free_feed,6,4.05,1,1,Pellet,Left,0,0,191,0,Timed_out,7213,nan
5/4/2022 12:40:54,1.8.1,Free_feed,6,4.05,1,1,Pellet,Left,0,0,192,0,Timed_out,3724,nan
5/4/2022 12:41:52,1.8.1,Free_feed,6,4.05,1,1,Pellet,Left,0,0,193,0,50.96,58,nan
5/4/2022 12:55:00,1.8.1,Free_feed,6,4.05,1,1,Pellet,Left,0,0,194,0,Timed_out,788,nan
5/4/2022 12:55:48,1.8.1,Free_feed,6,4.05,1,1,Pellet,Left,0,0,195,0,45.93,48,nan
5/4/2022 14:33:35,1.8.1,Free_feed,6,4.04,1,1,Pellet,Left,0,0,196,0,Timed_out,5867,nan
5/4/2022 15:19:22,1.8.1,Free_feed,6,4.05,1,1,Pellet,Left,0,0,197,0,Timed_out,2747,nan
5/4/2022 15:20:21,1.8.1,Free_feed,6,4.04,1,1,Pellet,Left,0,0,198,0,52.25,59,nan
5/4/2022 15:59:46,1.8.1,Free_feed,6,4.04,1,1,Pellet,Left,0,0,199,0,Timed_out,2365,nan
5/4/2022 16:00:27,1.8.1,Free_feed,6,4.04,1,1,Pellet,Left,0,0,200,0,34.97,41,nan
5/4/2022 16:01:52,1.8.1,Free_feed,6,4.05,1,1,Pellet,Left,0,0,201,0,Timed_out,85,nan
5/4/2022 16:19:32,1.8.1,Free_feed,6,4.05,1,1,Pellet,Left,0,0,202,0,Timed_out,1060,nan
5/4/2022 16:20:14,1.8.1,Free_feed,6,4.04,1,1,Pellet,Left,0,0,203,0,35.04,42,nan
5/4/2022 16:20:43,1.8.1,Free_feed,6,4.04,1,1,Pellet,Left,0,0,204,0,22.35,29,nan
5/4/2022 16:39:53,1.8.1,Free_feed,6,4.04,2,1,Pellet,Left,0,0,205,0,Timed_out,1150,nan
5/4/2022 16:40:39,1.8.1,Free_feed,6,4.04,1,1,Pellet,Left,0,0,206,0,38.87,45,nan
5/4/2022 16:52:01,1.8.1,Free_feed,6,4.03,1,1,Pellet,Left,0,0,207,0,Timed_out,683,nan
5/4/2022 16:52:34,1.8.1,Free_feed,6,4.04,1,1,Pellet,Left,0,0,208,0,26.30,33,nan
5/4/2022 17:24:31,1.8.1,Free_feed,6,4.04,1,1,Pellet,Left,0,0,209,0,Timed_out,1917,nan
5/4/2022 17:25:11,1.8.1,Free_feed,6,4.04,1,1,Pellet,Left,0,0,210,0,33.07,40,nan
5/4/2022 17:26:28,1.8.1,Free_feed,6,4.03,1,1,Pellet,Left,0,0,211,0,Timed_out,77,nan
5/4/2022 17:27:09,1.8.1,Free_feed,6,4.04,1,1,Pellet,Left,0,0,212,0,33.86,41,nan
5/4/2022 17:27:48,1.8.1,Free_feed,6,4.04,1,1,Pellet,Left,0,0,213,0,32.45,39,nan
5/4/2022 17:33:25,1.8.1,Free_feed,6,4.04,1,1,Pellet,Left,0,0,214,0,Timed_out,337,nan
5/4/2022 17:49:02,1.8.1,Free_feed,6,4.03,1,1,Pellet,Left,0,0,215,0,Timed_out,937,nan
5/4/2022 17:49:03,1.8.1,Free_feed,6,4.04,1,1,Pellet,Left,0,0,216,0,0.42,1,nan
5/4/2022 17:49:04,1.8.1,Free_feed,6,4.03,1,1,Pellet,Left,0,0,217,0,0.06,1,nan
5/4/2022 18:01:50,1.8.1,Free_feed,6,4.03,1,1,Pellet,Left,0,0,218,0,Timed_out,766,nan
5/4/2022 18:02:39,1.8.1,Free_feed,6,4.05,1,1,Pellet,Left,0,0,219,0,42.36,49,nan
5/4/2022 18:03:14,1.8.1,Free_feed,6,4.03,2,1,Pellet,Left,0,0,220,0,27.58,35,nan
5/4/2022 18:13:09,1.8.1,Free_feed,6,4.03,1,1,Pellet,Left,0,0,221,0,Timed_out,595,nan
5/4/2022 18:13:27,1.8.1,Free_feed,6,4.03,1,1,Pellet,Left,0,0,222,0,16.93,18,nan
5/4/2022 18:14:14,1.8.1,Free_feed,6,4.03,1,1,Pellet,Left,0,0,223,0,40.53,46,nan
5/4/2022 18:20:33,1.8.1,Free_feed,6,4.04,1,1,Pellet,Left,0,0,224,0,Timed_out,380,nan
5/4/2022 18:20:35,1.8.1,Free_feed,6,4.04,1,1,Pellet,Left,0,0,225,0,1.65,2,nan
5/4/2022 18:21:07,1.8.1,Free_feed,6,4.03,1,1,Pellet,Left,0,0,226,0,24.89,32,nan
5/4/2022 18:22:13,1.8.1,Free_feed,6,4.04,1,1,Pellet,Left,0,0,227,0,58.89,66,nan
5/4/2022 18:22:58,1.8.1,Free_feed,6,4.03,2,1,Pellet,Left,0,0,228,0,37.46,45,nan
5/4/2022 18:23:34,1.8.1,Free_feed,6,4.03,1,1,Pellet,Left,0,0,229,0,30.50,36,nan
5/4/2022 18:53:56,1.8.1,Free_feed,6,4.03,1,1,Pellet,Left,0,0,230,0,Timed_out,1822,nan
5/4/2022 18:54:28,1.8.1,Free_feed,6,4.04,1,1,Pellet,Left,0,0,231,0,24.88,32,nan
5/4/2022 18:55:07,1.8.1,Free_feed,6,4.04,1,1,Pellet,Left,0,0,232,0,37.01,39,nan
5/4/2022 18:55:43,1.8.1,Free_feed,6,4.03,1,1,Pellet,Left,0,0,233,0,29.27,36,nan
5/4/2022 18:56:22,1.8.1,Free_feed,6,4.03,1,1,Pellet,Left,0,0,234,0,32.22,39,nan
5/4/2022 18:57:06,1.8.1,Free_feed,6,4.03,2,1,Pellet,Left,0,0,235,0,34.62,44,nan
5/4/2022 19:10:35,1.8.1,Free_feed,6,4.04,1,1,Pellet,Left,0,0,236,0,Timed_out,809,nan
5/4/2022 19:11:10,1.8.1,Free_feed,6,4.03,2,1,Pellet,Left,0,0,237,0,29.06,35,nan
5/4/2022 19:11:48,1.8.1,Free_feed,6,4.04,1,1,Pellet,Left,0,0,238,0,30.47,38,nan
5/4/2022 19:12:18,1.8.1,Free_feed,6,4.03,1,1,Pellet,Left,0,0,239,0,23.70,30,nan
5/4/2022 19:29:53,1.8.1,Free_feed,6,4.03,1,1,Pellet,Left,0,0,240,0,Timed_out,1055,nan
5/4/2022 19:30:33,1.8.1,Free_feed,6,4.04,1,1,Pellet,Left,0,0,241,0,32.26,40,nan
5/4/2022 19:31:01,1.8.1,Free_feed,6,4.03,1,1,Pellet,Left,0,0,242,0,22.28,28,nan
5/4/2022 19:31:30,1.8.1,Free_feed,6,4.03,1,1,Pellet,Left,0,0,243,0,22.28,29,nan
5/4/2022 19:31:55,1.8.1,Free_feed,6,4.03,1,1,Pellet,Left,0,0,244,0,17.30,25,nan
5/4/2022 19:32:29,1.8.1,Free_feed,6,4.04,1,1,Pellet,Left,0,0,245,0,27.89,34,nan
5/4/2022 19:33:06,1.8.1,Free_feed,6,4.04,1,1,Pellet,Left,0,0,246,0,30.12,37,nan
5/4/2022 19:45:31,1.8.1,Free_feed,6,4.03,2,1,Pellet,Left,0,0,247,0,Timed_out,745,nan
5/4/2022 19:46:02,1.8.1,Free_feed,6,4.03,2,1,Pellet,Left,0,0,248,0,24.93,31,nan
5/4/2022 19:58:45,1.8.1,Free_feed,6,4.03,1,1,Pellet,Left,0,0,249,0,Timed_out,763,nan
5/4/2022 19:59:13,1.8.1,Free_feed,6,4.03,1,1,Pellet,Left,0,0,250,0,20.63,28,nan
5/4/2022 20:02:02,1.8.1,Free_feed,6,4.03,1,1,Pellet,Left,0,0,251,0,Timed_out,169,nan
5/4/2022 20:02:31,1.8.1,Free_feed,6,4.03,1,1,Pellet,Left,0,0,252,0,27.53,29,nan
5/4/2022 20:03:13,1.8.1,Free_feed,6,4.03,1,1,Pellet,Left,0,0,253,0,34.44,42,nan
5/4/2022 20:03:45,1.8.1,Free_feed,6,4.03,2,1,Pellet,Left,0,0,254,0,25.75,32,nan
5/4/2022 20:04:27,1.8.1,Free_feed,6,4.03,1,1,Pellet,Left,0,0,255,0,40.10,41,nan
5/4/2022 20:22:47,1.8.1,Free_feed,6,4.03,1,1,Pellet,Left,0,0,256,0,Timed_out,1101,nan
5/4/2022 20:23:28,1.8.1,Free_feed,6,4.04,1,1,Pellet,Left,0,0,257,0,34.76,41,nan
5/4/2022 20:24:00,1.8.1,Free_feed,6,4.03,1,1,Pellet,Left,0,0,258,0,25.50,32,nan
5/4/2022 20:24:26,1.8.1,Free_feed,6,4.03,1,1,Pellet,Left,0,0,259,0,19.59,26,nan
5/4/2022 20:24:53,1.8.1,Free_feed,6,4.03,1,1,Pellet,Left,0,0,260,0,20.45,27,nan
5/4/2022 20:25:22,1.8.1,Free_feed,6,4.03,1,1,Pellet,Left,0,0,261,0,22.97,29,nan
5/4/2022 20:25:58,1.8.1,Free_feed,6,4.03,1,1,Pellet,Left,0,0,262,0,28.40,36,nan
5/4/2022 20:26:28,1.8.1,Free_feed,6,4.03,2,1,Pellet,Left,0,0,263,0,23.78,30,nan
5/4/2022 20:27:00,1.8.1,Free_feed,6,4.03,1,1,Pellet,Left,0,0,264,0,24.21,32,nan
5/4/2022 20:44:35,1.8.1,Free_feed,6,4.03,1,1,Pellet,Left,0,0,265,0,Timed_out,1055,nan
5/4/2022 20:45:11,1.8.1,Free_feed,6,4.03,1,1,Pellet,Left,0,0,266,0,29.01,36,nan
5/4/2022 20:45:43,1.8.1,Free_feed,6,4.03,1,1,Pellet,Left,0,0,267,0,25.93,32,nan
5/4/2022 20:46:12,1.8.1,Free_feed,6,4.03,1,1,Pellet,Left,0,0,268,0,21.06,29,nan
5/4/2022 21:03:04,1.8.1,Free_feed,6,4.03,1,1,Pellet,Left,0,0,269,0,Timed_out,1011,nan
5/4/2022 21:03:37,1.8.1,Free_feed,6,4.03,1,1,Pellet,Left,0,0,270,0,26.67,34,nan
5/4/2022 21:04:14,1.8.1,Free_feed,6,4.03,1,1,Pellet,Left,0,0,271,0,30.48,37,nan
5/4/2022 21:07:33,1.8.1,Free_feed,6,4.03,1,1,Pellet,Left,0,0,272,0,Timed_out,199,nan
5/4/2022 21:07:59,1.8.1,Free_feed,6,4.03,1,1,Pellet,Left,0,0,273,0,19.76,26,nan
5/4/2022 21:08:00,1.8.1,Free_feed,6,4.03,1,1,Pellet,Left,0,0,274,0,0.06,1,nan
5/4/2022 21:23:48,1.8.1,Free_feed,6,4.03,1,1,Pellet,Left,0,0,275,0,Timed_out,948,nan
5/4/2022 21:24:16,1.8.1,Free_feed,6,4.03,1,1,Pellet,Left,0,0,276,0,21.80,28,nan
5/4/2022 21:24:40,1.8.1,Free_feed,6,4.03,1,1,Pellet,Left,0,0,277,0,16.88,24,nan
5/4/2022 21:24:47,1.8.1,Free_feed,6,4.03,1,1,Pellet,Left,0,0,278,0,0.06,7,nan
5/4/2022 21:25:02,1.8.1,Free_feed,6,4.03,1,1,Pellet,Left,0,0,279,0,8.39,15,nan
5/4/2022 21:26:04,1.8.1,Free_feed,6,4.03,1,1,Pellet,Left,0,0,280,0,55.07,62,nan
5/4/2022 21:49:59,1.8.1,Free_feed,6,4.03,1,1,Pellet,Left,0,0,281,0,Timed_out,1435,nan
5/4/2022 21:50:10,1.8.1,Free_feed,6,4.03,1,1,Pellet,Left,0,0,282,0,9.31,11,nan
5/4/2022 21:50:14,1.8.1,Free_feed,6,4.03,1,1,Pellet,Left,0,0,283,0,0.06,4,nan
5/4/2022 21:50:48,1.8.1,Free_feed,6,4.03,1,1,Pellet,Left,0,0,284,0,27.78,34,nan
5/4/2022 21:51:16,1.8.1,Free_feed,6,4.03,1,1,Pellet,Left,0,0,285,0,21.74,28,nan
5/4/2022 21:51:46,1.8.1,Free_feed,6,4.03,1,1,Pellet,Left,0,0,286,0,23.65,30,nan
5/4/2022 21:52:10,1.8.1,Free_feed,6,4.03,1,1,Pellet,Left,0,0,287,0,17.37,24,nan
5/4/2022 21:52:40,1.8.1,Free_feed,6,4.03,1,1,Pellet,Left,0,0,288,0,22.97,30,nan
5/4/2022 21:53:10,1.8.1,Free_feed,6,4.03,2,1,Pellet,Left,0,0,289,0,21.50,30,nan
5/4/2022 22:23:12,1.8.1,Free_feed,6,4.03,1,1,Pellet,Left,0,0,290,0,Timed_out,1802,nan
5/4/2022 22:23:31,1.8.1,Free_feed,6,4.03,1,1,Pellet,Left,0,0,291,0,12.08,19,nan
5/4/2022 22:23:54,1.8.1,Free_feed,6,4.03,1,1,Pellet,Left,0,0,292,0,16.57,23,nan
5/4/2022 22:24:25,1.8.1,Free_feed,6,4.03,1,1,Pellet,Left,0,0,293,0,24.15,31,nan
5/4/2022 22:44:44,1.8.1,Free_feed,6,4.03,1,1,Pellet,Left,0,0,294,0,Timed_out,1219,nan
5/4/2022 22:44:45,1.8.1,Free_feed,6,4.03,1,1,Pellet,Left,0,0,295,0,0.06,1,nan
5/4/2022 22:45:12,1.8.1,Free_feed,6,4.03,1,1,Pellet,Left,0,0,296,0,20.45,27,nan
5/4/2022 22:45:47,1.8.1,Free_feed,6,4.02,1,1,Pellet,Left,0,0,297,0,27.97,35,nan
5/4/2022 22:46:07,1.8.1,Free_feed,6,4.03,1,1,Pellet,Left,0,0,298,0,12.82,20,nan
5/4/2022 22:46:33,1.8.1,Free_feed,6,4.03,1,1,Pellet,Left,0,0,299,0,20.21,26,nan
5/4/2022 22:47:05,1.8.1,Free_feed,6,4.03,1,1,Pellet,Left,0,0,300,0,25.07,32,nan
5/4/2022 23:03:47,1.8.1,Free_feed,6,4.03,1,1,Pellet,Left,0,0,301,0,Timed_out,1002,nan
5/4/2022 23:04:20,1.8.1,Free_feed,6,4.03,1,1,Pellet,Left,0,0,302,0,25.86,33,nan
5/4/2022 23:25:33,1.8.1,Free_feed,6,4.03,1,1,Pellet,Left,0,0,303,0,Timed_out,1273,nan
5/4/2022 23:25:49,1.8.1,Free_feed,6,4.03,1,1,Pellet,Left,0,0,304,0,9.01,16,nan
5/4/2022 23:26:11,1.8.1,Free_feed,6,4.02,1,1,Pellet,Left,0,0,305,0,15.03,22,nan
5/4/2022 23:26:41,1.8.1,Free_feed,6,4.03,1,1,Pellet,Left,0,0,306,0,22.92,30,nan
5/4/2022 23:27:08,1.8.1,Free_feed,6,4.03,1,1,Pellet,Left,0,0,307,0,20.02,27,nan
5/4/2022 23:27:38,1.8.1,Free_feed,6,4.03,6,1,Pellet,Left,0,0,308,0,12.02,30,nan
5/5/2022 0:08:19,1.8.1,Free_feed,6,4.03,2,1,Pellet,Left,0,0,309,0,Timed_out,2441,nan
5/5/2022 0:08:44,1.8.1,Free_feed,6,4.03,1,1,Pellet,Left,0,0,310,0,19.09,25,nan
5/5/2022 0:09:06,1.8.1,Free_feed,6,4.03,1,1,Pellet,Left,0,0,311,0,15.09,22,nan
5/5/2022 0:09:34,1.8.1,Free_feed,6,4.03,2,1,Pellet,Left,0,0,312,0,19.14,28,nan
5/5/2022 0:09:58,1.8.1,Free_feed,6,4.03,1,1,Pellet,Left,0,0,313,0,16.69,24,nan
5/5/2022 0:10:25,1.8.1,Free_feed,6,4.03,1,1,Pellet,Left,0,0,314,0,20.56,27,nan
5/5/2022 1:13:49,1.8.1,Free_feed,6,4.02,1,1,Pellet,Left,0,0,315,0,Timed_out,3804,nan
5/5/2022 1:14:34,1.8.1,Free_feed,6,4.02,1,1,Pellet,Left,0,0,316,0,38.18,45,nan
5/5/2022 1:15:06,1.8.1,Free_feed,6,4.03,2,1,Pellet,Left,0,0,317,0,23.39,32,nan
5/5/2022 1:37:24,1.8.1,Free_feed,6,4.02,1,1,Pellet,Left,0,0,318,0,Timed_out,1338,nan
5/5/2022 1:37:24,1.8.1,Free_feed,6,4.02,1,1,Pellet,Left,0,0,319,0,0.06,0,nan
5/5/2022 1:38:23,1.8.1,Free_feed,6,4.02,1,1,Pellet,Left,0,0,320,0,52.52,59,nan
5/5/2022 1:38:49,1.8.1,Free_feed,6,4.02,1,1,Pellet,Left,0,0,321,0,19.34,26,nan
5/5/2022 2:18:33,1.8.1,Free_feed,6,4.02,1,1,Pellet,Left,0,0,322,0,Timed_out,2384,nan
5/5/2022 2:18:33,1.8.1,Free_feed,6,4.03,1,1,Pellet,Left,0,0,323,0,0.06,0,nan
5/5/2022 2:18:38,1.8.1,Free_feed,6,4.02,1,1,Pellet,Left,0,0,324,0,3.55,5,nan
5/5/2022 2:19:14,1.8.1,Free_feed,6,4.03,1,1,Pellet,Left,0,0,325,0,29.14,36,nan
5/5/2022 2:33:14,1.8.1,Free_feed,6,4.02,2,1,Pellet,Left,0,0,326,0,Timed_out,840,nan
5/5/2022 2:33:15,1.8.1,Free_feed,6,4.03,1,1,Pellet,Left,0,0,327,0,0.06,1,nan
5/5/2022 2:33:41,1.8.1,Free_feed,6,4.02,1,1,Pellet,Left,0,0,328,0,19.47,26,nan
5/5/2022 2:34:10,1.8.1,Free_feed,6,4.02,2,1,Pellet,Left,0,0,329,0,19.90,29,nan
5/5/2022 2:34:40,1.8.1,Free_feed,6,4.02,2,1,Pellet,Left,0,0,330,0,23.04,30,nan
5/5/2022 2:35:09,1.8.1,Free_feed,6,4.03,1,1,Pellet,Left,0,0,331,0,22.05,29,nan
5/5/2022 2:35:36,1.8.1,Free_feed,6,4.02,2,1,Pellet,Left,0,0,332,0,17.99,27,nan
5/5/2022 3:11:06,1.8.1,Free_feed,6,4.02,1,1,Pellet,Left,0,0,333,0,Timed_out,2130,nan
5/5/2022 3:11:39,1.8.1,Free_feed,6,4.03,1,1,Pellet,Left,0,0,334,0,26.54,33,nan
5/5/2022 3:12:07,1.8.1,Free_feed,6,4.02,1,1,Pellet,Left,0,0,335,0,20.93,28,nan
5/5/2022 3:12:34,1.8.1,Free_feed,6,4.02,1,1,Pellet,Left,0,0,336,0,20.39,27,nan
5/5/2022 3:12:36,1.8.1,Free_feed,6,4.02,1,1,Pellet,Left,0,0,337,0,0.06,2,nan
5/5/2022 3:13:12,1.8.1,Free_feed,6,4.02,1,1,Pellet,Left,0,0,338,0,29.50,36,nan
5/5/2022 4:06:02,1.8.1,Free_feed,6,4.02,1,1,Pellet,Left,0,0,339,0,Timed_out,3170,nan
5/5/2022 4:06:19,1.8.1,Free_feed,6,4.02,1,1,Pellet,Left,0,0,340,0,11.96,17,nan
5/5/2022 4:39:19,1.8.1,Free_feed,6,4.02,1,1,Pellet,Left,0,0,341,0,Timed_out,1980,nan
5/5/2022 4:39:47,1.8.1,Free_feed,6,4.02,2,1,Pellet,Left,0,0,342,0,20.38,28,nan
5/5/2022 4:40:24,1.8.1,Free_feed,6,4.02,1,1,Pellet,Left,0,0,343,0,30.98,37,nan
5/5/2022 4:56:10,1.8.1,Free_feed,6,4.02,1,1,Pellet,Left,0,0,344,0,Timed_out,946,nan
5/5/2022 4:56:21,1.8.1,Free_feed,6,4.02,1,1,Pellet,Left,0,0,345,0,4.83,11,nan
5/5/2022 4:56:56,1.8.1,Free_feed,6,4.02,1,1,Pellet,Left,0,0,346,0,28.83,35,nan
5/5/2022 4:57:33,1.8.1,Free_feed,6,4.02,1,1,Pellet,Left,0,0,347,0,29.50,37,nan
5/5/2022 4:58:09,1.8.1,Free_feed,6,4.02,3,1,Pellet,Left,0,0,348,0,26.23,36,nan
5/5/2022 5:39:44,1.8.1,Free_feed,6,4.02,1,1,Pellet,Left,0,0,349,0,Timed_out,2495,nan
5/5/2022 5:39:56,1.8.1,Free_feed,6,4.02,1,1,Pellet,Left,0,0,350,0,4.71,12,nan
5/5/2022 5:40:30,1.8.1,Free_feed,6,4.02,1,1,Pellet,Left,0,0,351,0,27.72,34,nan
5/5/2022 5:41:04,1.8.1,Free_feed,6,4.02,1,1,Pellet,Left,0,0,352,0,27.28,34,nan
5/5/2022 5:41:39,1.8.1,Free_feed,6,4.02,1,1,Pellet,Left,0,0,353,0,33.27,35,nan
5/5/2022 5:59:39,1.8.1,Free_feed,6,4.02,1,1,Pellet,Left,0,0,354,0,Timed_out,1080,nan
5/5/2022 6:00:04,1.8.1,Free_feed,6,4.02,1,1,Pellet,Left,0,0,355,0,19.04,25,nan
5/5/2022 6:00:36,1.8.1,Free_feed,6,4.02,1,1,Pellet,Left,0,0,356,0,24.89,32,nan
5/5/2022 6:01:06,1.8.1,Free_feed,6,4.02,1,1,Pellet,Left,0,0,357,0,28.09,30,nan
5/5/2022 6:18:25,1.8.1,Free_feed,6,4.02,1,1,Pellet,Left,0,0,358,0,Timed_out,1039,nan
5/5/2022 6:18:51,1.8.1,Free_feed,6,4.02,1,1,Pellet,Left,0,0,359,0,19.47,26,nan
5/5/2022 6:19:21,1.8.1,Free_feed,6,4.01,1,1,Pellet,Left,0,0,360,0,23.04,30,nan
5/5/2022 6:19:50,1.8.1,Free_feed,6,4.02,1,1,Pellet,Left,0,0,361,0,22.23,29,nan
5/5/2022 6:20:16,1.8.1,Free_feed,6,4.02,1,1,Pellet,Left,0,0,362,0,19.09,25,nan
5/5/2022 6:20:45,1.8.1,Free_feed,6,4.02,2,1,Pellet,Left,0,0,363,0,22.73,30,nan
5/5/2022 6:21:10,1.8.1,Free_feed,6,4.02,1,1,Pellet,Left,0,0,364,0,17.81,25,nan
5/5/2022 6:36:19,1.8.1,Free_feed,6,4.01,1,1,Pellet,Left,0,0,365,0,Timed_out,909,nan
5/5/2022 6:36:41,1.8.1,Free_feed,6,4.02,1,1,Pellet,Left,0,0,366,0,15.16,22,nan
5/5/2022 6:37:02,1.8.1,Free_feed,6,4.02,2,1,Pellet,Left,0,0,367,0,13.87,21,nan
5/5/2022 6:37:26,1.8.1,Free_feed,6,4.02,1,1,Pellet,Left,0,0,368,0,17.56,24,nan
5/5/2022 6:37:52,1.8.1,Free_feed,6,4.02,1,1,Pellet,Left,0,0,369,0,19.04,26,nan
5/5/2022 6:48:09,1.8.1,Free_feed,6,4.02,1,1,Pellet,Left,0,0,370,0,Timed_out,617,nan
5/5/2022 6:48:34,1.8.1,Free_feed,6,4.02,1,1,Pellet,Left,0,0,371,0,17.80,25,nan
5/5/2022 6:49:01,1.8.1,Free_feed,6,4.01,1,1,Pellet,Left,0,0,372,0,25.31,27,nan
5/5/2022 6:50:08,1.8.1,Free_feed,6,4.02,1,1,Pellet,Left,0,0,373,0,Timed_out,67,nan
5/5/2022 7:18:58,1.8.1,Free_feed,6,4.01,1,1,Pellet,Left,0,0,374,0,Timed_out,1730,nan
5/5/2022 7:19:18,1.8.1,Free_feed,6,4.02,1,1,Pellet,Left,0,0,375,0,14.29,20,nan
5/5/2022 7:19:19,1.8.1,Free_feed,6,4.01,1,1,Pellet,Left,0,0,376,0,0.06,1,nan
5/5/2022 7:19:48,1.8.1,Free_feed,6,4.01,1,1,Pellet,Left,0,0,377,0,28.27,29,nan
5/5/2022 7:20:13,1.8.1,Free_feed,6,4.02,1,1,Pellet,Left,0,0,378,0,17.92,25,nan
5/5/2022 7:20:36,1.8.1,Free_feed,6,4.01,1,1,Pellet,Left,0,0,379,0,16.70,23,nan
5/5/2022 7:21:04,1.8.1,Free_feed,6,4.01,1,1,Pellet,Left,0,0,380,0,21.55,28,nan
5/5/2022 7:21:33,1.8.1,Free_feed,6,4.02,1,1,Pellet,Left,0,0,381,0,22.72,29,nan
5/5/2022 7:22:02,1.8.1,Free_feed,6,4.02,2,1,Pellet,Left,0,0,382,0,22.41,29,nan
5/5/2022 7:46:26,1.8.1,Free_feed,6,4.01,1,1,Pellet,Left,0,0,383,0,Timed_out,1464,nan
5/5/2022 7:46:52,1.8.1,Free_feed,6,4.01,1,1,Pellet,Left,0,0,384,0,19.40,26,nan
5/5/2022 7:47:16,1.8.1,Free_feed,6,4.01,1,1,Pellet,Left,0,0,385,0,17.18,24,nan
5/5/2022 7:47:42,1.8.1,Free_feed,6,4.01,1,1,Pellet,Left,0,0,386,0,19.28,26,nan
5/5/2022 7:48:06,1.8.1,Free_feed,6,4.01,1,1,Pellet,Left,0,0,387,0,16.75,24,nan
5/5/2022 8:26:18,1.8.1,Free_feed,6,4.01,1,1,Pellet,Left,0,0,388,0,Timed_out,2292,nan
5/5/2022 8:26:43,1.8.1,Free_feed,6,4.02,1,1,Pellet,Left,0,0,389,0,17.87,25,nan
5/5/2022 8:27:04,1.8.1,Free_feed,6,4.01,1,1,Pellet,Left,0,0,390,0,14.30,21,nan
5/5/2022 8:27:30,1.8.1,Free_feed,6,4.01,2,1,Pellet,Left,0,0,391,0,17.07,26,nan
5/5/2022 8:27:54,1.8.1,Free_feed,6,4.01,2,1,Pellet,Left,0,0,392,0,16.51,24,nan
5/5/2022 8:28:27,1.8.1,Free_feed,6,4.01,1,1,Pellet,Left,0,0,393,0,26.99,33,nan
5/5/2022 9:03:23,1.8.1,Free_feed,6,4.00,1,1,Pellet,Left,0,0,394,0,Timed_out,2096,nan
5/5/2022 9:03:23,1.8.1,Free_feed,6,4.01,1,1,Pellet,Left,0,0,395,0,0.06,0,nan
5/5/2022 9:03:50,1.8.1,Free_feed,6,4.01,1,1,Pellet,Left,0,0,396,0,19.77,27,nan
5/5/2022 9:04:12,1.8.1,Free_feed,6,4.01,1,1,Pellet,Left,0,0,397,0,15.71,22,nan
5/5/2022 9:04:38,1.8.1,Free_feed,6,4.01,1,1,Pellet,Left,0,0,398,0,20.01,26,nan
5/5/2022 9:05:02,1.8.1,Free_feed,6,4.01,1,1,Pellet,Left,0,0,399,0,16.94,24,nan
5/5/2022 10:34:20,1.8.1,Free_feed,6,4.00,1,1,Pellet,Left,0,0,400,0,Timed_out,5358,nan
5/5/2022 10:34:56,1.8.1,Free_feed,6,4.01,1,1,Pellet,Left,0,0,401,0,29.24,36,nan
5/5/2022 10:35:18,1.8.1,Free_feed,6,4.01,1,1,Pellet,Left,0,0,402,0,15.83,22,nan
5/5/2022 10:35:59,1.8.1,Free_feed,6,4.01,2,1,Pellet,Left,0,0,403,0,31.90,41,nan
5/5/2022 10:36:33,1.8.1,Free_feed,6,4.00,1,1,Pellet,Left,0,0,404,0,26.97,34,nan
5/5/2022 11:41:04,1.8.1,Free_feed,6,4.00,1,1,Pellet,Left,0,0,405,0,Timed_out,3871,nan
5/5/2022 11:41:36,1.8.1,Free_feed,6,4.00,1,1,Pellet,Left,0,0,406,0,24.99,32,nan
5/5/2022 11:42:24,1.8.1,Free_feed,6,4.00,1,1,Pellet,Left,0,0,407,0,41.73,48,nan
5/5/2022 12:04:19,1.8.1,Free_feed,6,4.00,1,1,Pellet,Left,0,0,408,0,Timed_out,1315,nan
5/5/2022 12:04:20,1.8.1,Free_feed,6,4.00,1,1,Pellet,Left,0,0,409,0,0.06,1,nan
5/5/2022 12:04:47,1.8.1,Free_feed,6,4.00,1,1,Pellet,Left,0,0,410,0,20.13,27,nan
5/5/2022 12:05:10,1.8.1,Free_feed,6,4.00,1,1,Pellet,Left,0,0,411,0,16.25,23,nan
5/5/2022 12:05:35,1.8.1,Free_feed,6,4.00,1,1,Pellet,Left,0,0,412,0,24.13,25,nan
5/5/2022 13:57:55,1.8.1,Free_feed,6,4.00,2,1,Pellet,Left,0,0,413,0,Timed_out,6740,nan
5/5/2022 13:59:05,1.8.1,Free_feed,6,4.00,1,1,Pellet,Left,0,0,414,0,Timed_out,70,nan
5/5/2022 13:59:34,1.8.1,Free_feed,6,4.00,1,1,Pellet,Left,0,0,415,0,22.04,29,nan
5/5/2022 14:00:03,1.8.1,Free_feed,6,4.00,1,1,Pellet,Left,0,0,416,0,21.55,29,nan
5/5/2022 15:37:46,1.8.1,Free_feed,6,3.99,1,1,Pellet,Left,0,0,417,0,Timed_out,5863,nan
5/5/2022 15:38:22,1.8.1,Free_feed,6,4.00,1,1,Pellet,Left,0,0,418,0,34.42,36,nan
5/5/2022 15:38:50,1.8.1,Free_feed,6,3.99,1,1,Pellet,Left,0,0,419,0,21.19,28,nan
5/5/2022 15:46:55,1.8.1,Free_feed,6,4.00,1,1,Pellet,Left,0,0,420,0,Timed_out,485,nan
5/5/2022 15:47:27,1.8.1,Free_feed,6,4.00,1,1,Pellet,Left,0,0,421,0,25.18,32,nan
5/5/2022 15:47:56,1.8.1,Free_feed,6,4.00,1,1,Pellet,Left,0,0,422,0,22.28,29,nan
5/5/2022 15:48:28,1.8.1,Free_feed,6,4.00,1,1,Pellet,Left,0,0,423,0,25.25,32,nan
5/5/2022 16:49:21,1.8.1,Free_feed,6,4.00,2,1,Pellet,Left,0,0,424,0,Timed_out,3653,nan
5/5/2022 16:49:36,1.8.1,Free_feed,6,3.98,1,1,Pellet,Left,0,0,425,0,13.55,15,nan
5/5/2022 17:00:02,1.8.1,Free_feed,6,3.99,1,1,Pellet,Left,0,0,426,0,Timed_out,626,nan
5/5/2022 17:17:36,1.8.1,Free_feed,6,3.99,1,1,Pellet,Left,0,0,427,0,Timed_out,1054,nan
5/5/2022 17:18:13,1.8.1,Free_feed,6,3.99,1,1,Pellet,Left,0,0,428,0,29.61,36,nan
5/5/2022 17:18:42,1.8.1,Free_feed,6,3.99,1,1,Pellet,Left,0,0,429,0,23.09,30,nan
5/5/2022 17:19:13,1.8.1,Free_feed,6,3.99,1,1,Pellet,Left,0,0,430,0,24.32,31,nan
5/5/2022 17:19:46,1.8.1,Free_feed,6,3.99,1,1,Pellet,Left,0,0,431,0,26.41,33,nan
5/5/2022 17:20:17,1.8.1,Free_feed,6,3.99,1,1,Pellet,Left,0,0,432,0,24.31,31,nan
5/5/2022 17:21:00,1.8.1,Free_feed,6,3.99,1,1,Pellet,Left,0,0,433,0,36.65,43,nan
5/5/2022 17:21:23,1.8.1,Free_feed,6,3.99,1,1,Pellet,Left,0,0,434,0,16.20,23,nan
5/5/2022 17:31:39,1.8.1,Free_feed,6,3.99,1,1,Pellet,Left,0,0,435,0,Timed_out,616,nan
5/5/2022 17:32:07,1.8.1,Free_feed,6,3.99,1,1,Pellet,Left,0,0,436,0,21.36,28,nan
5/5/2022 17:32:38,1.8.1,Free_feed,6,3.99,1,1,Pellet,Left,0,0,437,0,23.83,31,nan
5/5/2022 17:46:27,1.8.1,Free_feed,6,3.99,1,1,Pellet,Left,0,0,438,0,Timed_out,829,nan
5/5/2022 17:46:58,1.8.1,Free_feed,6,3.99,1,1,Pellet,Left,0,0,439,0,23.65,31,nan
5/5/2022 17:47:24,1.8.1,Free_feed,6,3.98,1,1,Pellet,Left,0,0,440,0,19.64,26,nan
5/5/2022 17:47:47,1.8.1,Free_feed,6,3.99,1,1,Pellet,Left,0,0,441,0,17.30,23,nan
5/5/2022 17:48:10,1.8.1,Free_feed,6,3.99,1,1,Pellet,Left,0,0,442,0,16.19,23,nan
5/5/2022 17:48:40,1.8.1,Free_feed,6,3.98,1,1,Pellet,Left,0,0,443,0,22.90,30,nan
