MM:DD:YYYY hh:mm:ss,Library_Version,Session_Type,Device_Number,Battery_Voltage,Motor_Turns,FR,Event,Active_Poke,Left_Poke_Count,Right_Poke_Count,Pellet_Count,Random_Timeout_Duration,Retrieval_Time,InterPelletInterval,Poke_Time,Unnamed: 16,Elapsed_Time,Binary_Pellets,Interpellet_Intervals,Binary_Left_Pokes,Binary_Right_Pokes,Correct_Poke,Concat_#,Mode
2023-09-14 18:00:00,1.16.3,Free_feed,12,4.01,1.0,0,Pellet,Left,0,0,1,0,,,,,0 days 00:00:00.000000000,1.0,,0.0,0.0,,0,Free_feed
2023-09-14 19:04:57,1.16.3,Free_feed,12,4.01,1.0,0,Pellet,Left,0,0,1,0,,,,,0 days 00:00:00.000000000,1.0,,0.0,0.0,,0,Free_feed
2023-09-14 19:09:38,1.16.3,Free_feed,12,4.01,,0,Poke,Left,1,0,1,0,,,0.15,,0 days 00:04:41.000000000,0.0,,1.0,0.0,1.0,0,Free_feed
2023-09-14 19:22:03,1.16.3,Free_feed,12,4.0,2.0,0,Pellet,Left,1,0,2,0,,1027.0,,,0 days 00:17:06.000000000,1.0,,0.0,0.0,,0,Free_feed
2023-09-14 19:22:21,1.16.3,Free_feed,12,4.01,1.0,0,Pellet,Left,1,0,3,0,5.44,18.0,,,0 days 00:17:24.000000000,1.0,0.3,0.0,0.0,,0,Free_feed
2023-09-14 20:09:46,1.16.3,Free_feed,12,4.0,1.0,0,Pellet,Left,1,0,4,0,,2845.0,,,0 days 01:04:49.000000000,1.0,47.41666666666666,0.0,0.0,,0,Free_feed
2023-09-14 20:10:16,1.16.3,Free_feed,12,4.0,1.0,0,Pellet,Left,1,0,5,0,17.51,30.0,,,0 days 01:05:19.000000000,1.0,0.5,0.0,0.0,,0,Free_feed
2023-09-14 20:10:30,1.16.3,Free_feed,12,4.0,2.0,0,Pellet,Left,1,0,6,0,2.74,14.0,,,0 days 01:05:33.000000000,1.0,0.2333333333333333,0.0,0.0,,0,Free_feed
2023-09-14 20:10:49,1.16.3,Free_feed,12,4.0,1.0,0,Pellet,Left,1,0,7,0,6.78,19.0,,,0 days 01:05:52.000000000,1.0,0.3166666666666666,0.0,0.0,,0,Free_feed
2023-09-14 20:11:08,1.16.3,Free_feed,12,4.0,1.0,0,Pellet,Left,1,0,8,0,7.21,19.0,,,0 days 01:06:11.000000000,1.0,0.3166666666666666,0.0,0.0,,0,Free_feed
2023-09-14 20:11:31,1.16.3,Free_feed,12,4.0,1.0,0,Pellet,Left,1,0,9,0,11.01,23.0,,,0 days 01:06:34.000000000,1.0,0.3833333333333333,0.0,0.0,,0,Free_feed
2023-09-14 20:19:14,1.16.3,Free_feed,12,4.01,1.0,0,Pellet,Left,1,0,10,0,,463.0,,,0 days 01:14:17.000000000,1.0,7.716666666666667,0.0,0.0,,0,Free_feed
2023-09-14 20:19:31,1.16.3,Free_feed,12,4.01,1.0,0,Pellet,Left,1,0,11,0,5.99,17.0,,,0 days 01:14:34.000000000,1.0,0.2833333333333333,0.0,0.0,,0,Free_feed
2023-09-14 20:45:57,1.16.3,Free_feed,12,4.0,,0,Poke,Left,2,0,11,0,,,0.76,,0 days 01:41:00.000000000,0.0,,1.0,0.0,1.0,0,Free_feed
2023-09-14 21:07:23,1.16.3,Free_feed,12,4.0,1.0,0,Pellet,Left,2,0,12,0,,2872.0,,,0 days 02:02:26.000000000,1.0,47.86666666666667,0.0,0.0,,0,Free_feed
2023-09-14 21:21:46,1.16.3,Free_feed,12,4.0,1.0,0,Pellet,Left,2,0,13,0,,863.0,,,0 days 02:16:49.000000000,1.0,14.383333333333333,0.0,0.0,,0,Free_feed
2023-09-14 21:30:01,1.16.3,Free_feed,12,4.0,1.0,0,Pellet,Left,2,0,14,0,,495.0,,,0 days 02:25:04.000000000,1.0,8.25,0.0,0.0,,0,Free_feed
2023-09-14 21:46:20,1.16.3,Free_feed,12,4.0,1.0,0,Pellet,Left,2,0,15,0,,979.0,,,0 days 02:41:23.000000000,1.0,16.316666666666666,0.0,0.0,,0,Free_feed
2023-09-14 21:47:41,1.16.3,Free_feed,12,4.0,1.0,0,Pellet,Left,2,0,16,0,,81.0,,,0 days 02:42:44.000000000,1.0,1.35,0.0,0.0,,0,Free_feed
2023-09-14 21:50:58,1.16.3,Free_feed,12,4.0,,0,Poke,Left,2,1,16,0,,,0.01,,0 days 02:46:01.000000000,0.0,,0.0,1.0,0.0,0,Free_feed
2023-09-14 21:56:05,1.16.3,Free_feed,12,4.0,1.0,0,Pellet,Left,2,1,17,0,,504.0,,,0 days 02:51:08.000000000,1.0,8.4,0.0,0.0,,0,Free_feed
2023-09-14 21:58:43,1.16.3,Free_feed,12,4.0,1.0,0,Pellet,Left,2,1,18,0,,158.0,,,0 days 02:53:46.000000000,1.0,2.6333333333333333,0.0,0.0,,0,Free_feed
2023-09-14 22:06:16,1.16.3,Free_feed,12,4.0,1.0,0,Pellet,Left,2,1,19,0,,453.0,,,0 days 03:01:19.000000000,1.0,7.55,0.0,0.0,,0,Free_feed
2023-09-14 22:16:13,1.16.3,Free_feed,12,4.0,1.0,0,Pellet,Left,2,1,20,0,,597.0,,,0 days 03:11:16.000000000,1.0,9.95,0.0,0.0,,0,Free_feed
2023-09-14 22:21:51,1.16.3,Free_feed,12,4.0,,0,Poke,Left,3,1,20,0,,,0.01,,0 days 03:16:54.000000000,0.0,,1.0,0.0,1.0,0,Free_feed
2023-09-14 22:23:52,1.16.3,Free_feed,12,4.0,1.0,0,Pellet,Left,3,1,21,0,,459.0,,,0 days 03:18:55.000000000,1.0,7.65,0.0,0.0,,0,Free_feed
2023-09-14 22:24:21,1.16.3,Free_feed,12,4.0,2.0,0,Pellet,Left,3,1,22,0,15.12,29.0,,,0 days 03:19:24.000000000,1.0,0.4833333333333333,0.0,0.0,,0,Free_feed
2023-09-14 22:35:57,1.16.3,Free_feed,12,4.0,1.0,0,Pellet,Left,3,1,23,0,,696.0,,,0 days 03:31:00.000000000,1.0,11.6,0.0,0.0,,0,Free_feed
2023-09-14 22:38:14,1.16.3,Free_feed,12,4.0,,0,Poke,Left,4,1,23,0,,,0.04,,0 days 03:33:17.000000000,0.0,,1.0,0.0,1.0,0,Free_feed
2023-09-14 22:38:23,1.16.3,Free_feed,12,4.0,,0,Poke,Left,5,1,23,0,,,0.09,,0 days 03:33:26.000000000,0.0,,1.0,0.0,1.0,0,Free_feed
2023-09-14 22:38:26,1.16.3,Free_feed,12,4.0,,0,Poke,Left,6,1,23,0,,,0.53,,0 days 03:33:29.000000000,0.0,,1.0,0.0,1.0,0,Free_feed
2023-09-14 22:44:21,1.16.3,Free_feed,12,4.0,1.0,0,Pellet,Left,6,1,24,0,,504.0,,,0 days 03:39:24.000000000,1.0,8.4,0.0,0.0,,0,Free_feed
2023-09-14 22:44:49,1.16.3,Free_feed,12,4.0,1.0,0,Pellet,Left,6,1,25,0,16.78,28.0,,,0 days 03:39:52.000000000,1.0,0.4666666666666667,0.0,0.0,,0,Free_feed
2023-09-14 22:49:59,1.16.3,Free_feed,12,4.0,1.0,0,Pellet,Left,6,1,26,0,,310.0,,,0 days 03:45:02.000000000,1.0,5.166666666666667,0.0,0.0,,0,Free_feed
2023-09-14 22:50:19,1.16.3,Free_feed,12,4.0,1.0,0,Pellet,Left,6,1,27,0,7.95,20.0,,,0 days 03:45:22.000000000,1.0,0.3333333333333333,0.0,0.0,,0,Free_feed
2023-09-14 22:50:31,1.16.3,Free_feed,12,3.99,2.0,0,Pellet,Left,6,1,28,0,0.06,12.0,,,0 days 03:45:34.000000000,1.0,0.2,0.0,0.0,,0,Free_feed
2023-09-14 23:00:49,1.16.3,Free_feed,12,4.0,,0,Poke,Left,6,2,28,0,,,0.1,,0 days 03:55:52.000000000,0.0,,0.0,1.0,0.0,0,Free_feed
2023-09-14 23:04:01,1.16.3,Free_feed,12,4.0,1.0,0,Pellet,Left,6,2,29,0,,810.0,,,0 days 03:59:04.000000000,1.0,13.5,0.0,0.0,,0,Free_feed
2023-09-14 23:15:00,1.16.3,Free_feed,12,4.0,1.0,0,Pellet,Left,6,2,30,0,,659.0,,,0 days 04:10:03.000000000,1.0,10.983333333333333,0.0,0.0,,0,Free_feed
2023-09-14 23:15:19,1.16.3,Free_feed,12,4.0,1.0,0,Pellet,Left,6,2,31,0,7.4,19.0,,,0 days 04:10:22.000000000,1.0,0.3166666666666666,0.0,0.0,,0,Free_feed
2023-09-14 23:36:19,1.16.3,Free_feed,12,4.0,1.0,0,Pellet,Left,6,2,32,0,,1260.0,,,0 days 04:31:22.000000000,1.0,21.0,0.0,0.0,,0,Free_feed
2023-09-14 23:36:41,1.16.3,Free_feed,12,4.0,1.0,0,Pellet,Left,6,2,33,0,9.61,22.0,,,0 days 04:31:44.000000000,1.0,0.3666666666666666,0.0,0.0,,0,Free_feed
2023-09-14 23:36:56,1.16.3,Free_feed,12,4.0,1.0,0,Pellet,Left,6,2,34,0,4.46,15.0,,,0 days 04:31:59.000000000,1.0,0.25,0.0,0.0,,0,Free_feed
2023-09-14 23:37:15,1.16.3,Free_feed,12,4.0,1.0,0,Pellet,Left,6,2,35,0,7.15,19.0,,,0 days 04:32:18.000000000,1.0,0.3166666666666666,0.0,0.0,,0,Free_feed
2023-09-14 23:37:32,1.16.3,Free_feed,12,4.0,1.0,0,Pellet,Left,6,2,36,0,5.38,17.0,,,0 days 04:32:35.000000000,1.0,0.2833333333333333,0.0,0.0,,0,Free_feed
2023-09-14 23:37:49,1.16.3,Free_feed,12,4.0,1.0,0,Pellet,Left,6,2,37,0,5.25,17.0,,,0 days 04:32:52.000000000,1.0,0.2833333333333333,0.0,0.0,,0,Free_feed
2023-09-14 23:38:56,1.16.3,Free_feed,12,4.0,1.0,0,Pellet,Left,6,2,38,0,54.92,67.0,,,0 days 04:33:59.000000000,1.0,1.1166666666666667,0.0,0.0,,0,Free_feed
2023-09-14 23:54:44,1.16.3,Free_feed,12,3.98,1.0,0,Pellet,Left,6,2,39,0,,948.0,,,0 days 04:49:47.000000000,1.0,15.8,0.0,0.0,,0,Free_feed
2023-09-15 00:00:22,1.16.3,Free_feed,12,3.99,,0,Poke,Left,6,3,39,0,,,0.07,,0 days 04:55:25.000000000,0.0,,0.0,1.0,0.0,0,Free_feed
2023-09-15 00:00:26,1.16.3,Free_feed,12,3.99,,0,Poke,Left,6,4,39,0,,,0.46,,0 days 04:55:29.000000000,0.0,,0.0,1.0,0.0,0,Free_feed
2023-09-15 00:06:17,1.16.3,Free_feed,12,3.99,,0,Poke,Left,6,5,39,0,,,0.01,,0 days 05:01:20.000000000,0.0,,0.0,1.0,0.0,0,Free_feed
2023-09-15 00:07:02,1.16.3,Free_feed,12,4.0,1.0,0,Pellet,Left,6,5,40,0,,738.0,,,0 days 05:02:05.000000000,1.0,12.3,0.0,0.0,,0,Free_feed
2023-09-15 00:15:35,1.16.3,Free_feed,12,4.0,1.0,0,Pellet,Left,6,5,41,0,,513.0,,,0 days 05:10:38.000000000,1.0,8.55,0.0,0.0,,0,Free_feed
2023-09-15 00:23:59,1.16.3,Free_feed,12,3.99,1.0,0,Pellet,Left,6,5,42,0,,504.0,,,0 days 05:19:02.000000000,1.0,8.4,0.0,0.0,,0,Free_feed
2023-09-15 00:50:58,1.16.3,Free_feed,12,3.99,1.0,0,Pellet,Left,6,5,43,0,,1619.0,,,0 days 05:46:01.000000000,1.0,26.98333333333333,0.0,0.0,,0,Free_feed
2023-09-15 00:51:32,1.16.3,Free_feed,12,3.99,1.0,0,Pellet,Left,6,5,44,0,22.37,34.0,,,0 days 05:46:35.000000000,1.0,0.5666666666666667,0.0,0.0,,0,Free_feed
2023-09-15 00:51:47,1.16.3,Free_feed,12,3.99,1.0,0,Pellet,Left,6,5,45,0,4.15,15.0,,,0 days 05:46:50.000000000,1.0,0.25,0.0,0.0,,0,Free_feed
2023-09-15 01:14:37,1.16.3,Free_feed,12,4.0,2.0,0,Pellet,Left,6,5,46,0,,1370.0,,,0 days 06:09:40.000000000,1.0,22.83333333333333,0.0,0.0,,0,Free_feed
2023-09-15 01:26:50,1.16.3,Free_feed,12,3.99,1.0,0,Pellet,Left,6,5,47,0,,733.0,,,0 days 06:21:53.000000000,1.0,12.216666666666669,0.0,0.0,,0,Free_feed
2023-09-15 01:36:49,1.16.3,Free_feed,12,3.99,2.0,0,Pellet,Left,6,5,48,0,,599.0,,,0 days 06:31:52.000000000,1.0,9.983333333333333,0.0,0.0,,0,Free_feed
2023-09-15 01:37:17,1.16.3,Free_feed,12,3.99,1.0,0,Pellet,Left,6,5,49,0,16.85,28.0,,,0 days 06:32:20.000000000,1.0,0.4666666666666667,0.0,0.0,,0,Free_feed
2023-09-15 01:43:10,1.16.3,Free_feed,12,3.99,1.0,0,Pellet,Left,6,5,50,0,,353.0,,,0 days 06:38:13.000000000,1.0,5.883333333333334,0.0,0.0,,0,Free_feed
2023-09-15 01:45:58,1.16.3,Free_feed,12,3.99,1.0,0,Pellet,Left,6,5,51,0,,168.0,,,0 days 06:41:01.000000000,1.0,2.8,0.0,0.0,,0,Free_feed
2023-09-15 01:47:20,1.16.3,Free_feed,12,3.99,,0,Poke,Left,7,5,51,0,,,0.52,,0 days 06:42:23.000000000,0.0,,1.0,0.0,1.0,0,Free_feed
2023-09-15 01:48:24,1.16.3,Free_feed,12,3.99,1.0,0,Pellet,Left,7,5,52,0,,146.0,,,0 days 06:43:27.000000000,1.0,2.433333333333333,0.0,0.0,,0,Free_feed
2023-09-15 01:51:41,1.16.3,Free_feed,12,3.99,1.0,0,Pellet,Left,7,5,53,0,,197.0,,,0 days 06:46:44.000000000,1.0,3.283333333333333,0.0,0.0,,0,Free_feed
2023-09-15 01:52:04,1.16.3,Free_feed,12,3.99,1.0,0,Pellet,Left,7,5,54,0,10.96,23.0,,,0 days 06:47:07.000000000,1.0,0.3833333333333333,0.0,0.0,,0,Free_feed
2023-09-15 01:52:18,1.16.3,Free_feed,12,3.98,1.0,0,Pellet,Left,7,5,55,0,2.32,14.0,,,0 days 06:47:21.000000000,1.0,0.2333333333333333,0.0,0.0,,0,Free_feed
2023-09-15 01:52:35,1.16.3,Free_feed,12,3.99,1.0,0,Pellet,Left,7,5,56,0,5.69,17.0,,,0 days 06:47:38.000000000,1.0,0.2833333333333333,0.0,0.0,,0,Free_feed
2023-09-15 02:02:10,1.16.3,Free_feed,12,3.98,,0,Poke,Left,7,6,56,0,,,0.08,,0 days 06:57:13.000000000,0.0,,0.0,1.0,0.0,0,Free_feed
2023-09-15 02:02:11,1.16.3,Free_feed,12,3.99,,0,Poke,Left,7,7,56,0,,,0.23,,0 days 06:57:14.000000000,0.0,,0.0,1.0,0.0,0,Free_feed
2023-09-15 02:08:49,1.16.3,Free_feed,12,3.99,1.0,0,Pellet,Left,7,7,57,0,,974.0,,,0 days 07:03:52.000000000,1.0,16.233333333333334,0.0,0.0,,0,Free_feed
2023-09-15 02:10:16,1.16.3,Free_feed,12,3.99,1.0,0,Pellet,Left,7,7,58,0,,87.0,,,0 days 07:05:19.000000000,1.0,1.45,0.0,0.0,,0,Free_feed
2023-09-15 02:22:55,1.16.3,Free_feed,12,3.99,1.0,0,Pellet,Left,7,7,59,0,,759.0,,,0 days 07:17:58.000000000,1.0,12.65,0.0,0.0,,0,Free_feed
2023-09-15 02:27:14,1.16.3,Free_feed,12,3.99,1.0,0,Pellet,Left,7,7,60,0,,259.0,,,0 days 07:22:17.000000000,1.0,4.316666666666666,0.0,0.0,,0,Free_feed
2023-09-15 02:27:29,1.16.3,Free_feed,12,3.99,1.0,0,Pellet,Left,7,7,61,0,3.3,15.0,,,0 days 07:22:32.000000000,1.0,0.25,0.0,0.0,,0,Free_feed
2023-09-15 02:28:44,1.16.3,Free_feed,12,3.98,1.0,0,Pellet,Left,7,7,62,0,,75.0,,,0 days 07:23:47.000000000,1.0,1.25,0.0,0.0,,0,Free_feed
2023-09-15 02:34:56,1.16.3,Free_feed,12,3.98,1.0,0,Pellet,Left,7,7,63,0,,372.0,,,0 days 07:29:59.000000000,1.0,6.2,0.0,0.0,,0,Free_feed
2023-09-15 02:36:33,1.16.3,Free_feed,12,3.99,1.0,0,Pellet,Left,7,7,64,0,,97.0,,,0 days 07:31:36.000000000,1.0,1.6166666666666667,0.0,0.0,,0,Free_feed
2023-09-15 02:48:20,1.16.3,Free_feed,12,3.98,1.0,0,Pellet,Left,7,7,65,0,,707.0,,,0 days 07:43:23.000000000,1.0,11.783333333333331,0.0,0.0,,0,Free_feed
2023-09-15 02:53:25,1.16.3,Free_feed,12,3.98,,0,Poke,Left,8,7,65,0,,,0.4,,0 days 07:48:28.000000000,0.0,,1.0,0.0,1.0,0,Free_feed
2023-09-15 02:53:42,1.16.3,Free_feed,12,3.98,1.0,0,Pellet,Left,8,7,66,0,,322.0,,,0 days 07:48:45.000000000,1.0,5.366666666666666,0.0,0.0,,0,Free_feed
2023-09-15 02:53:59,1.16.3,Free_feed,12,3.99,1.0,0,Pellet,Left,8,7,67,0,5.13,17.0,,,0 days 07:49:02.000000000,1.0,0.2833333333333333,0.0,0.0,,0,Free_feed
2023-09-15 03:11:15,1.16.3,Free_feed,12,3.98,1.0,0,Pellet,Left,8,7,68,0,,1036.0,,,0 days 08:06:18.000000000,1.0,17.266666666666666,0.0,0.0,,0,Free_feed
2023-09-15 03:11:28,1.16.3,Free_feed,12,3.98,1.0,0,Pellet,Left,8,7,69,0,1.4,13.0,,,0 days 08:06:31.000000000,1.0,0.2166666666666666,0.0,0.0,,0,Free_feed
2023-09-15 03:12:11,1.16.3,Free_feed,12,3.98,1.0,0,Pellet,Left,8,7,70,0,30.87,43.0,,,0 days 08:07:14.000000000,1.0,0.7166666666666667,0.0,0.0,,0,Free_feed
2023-09-15 03:18:21,1.16.3,Free_feed,12,3.98,,0,Poke,Left,9,7,70,0,,,0.12,,0 days 08:13:24.000000000,0.0,,1.0,0.0,1.0,0,Free_feed
2023-09-15 03:18:22,1.16.3,Free_feed,12,3.98,1.0,0,Pellet,Left,9,7,71,0,,371.0,,,0 days 08:13:25.000000000,1.0,6.183333333333334,0.0,0.0,,0,Free_feed
2023-09-15 04:38:09,1.16.3,Free_feed,12,3.98,1.0,0,Pellet,Left,9,7,72,0,,4787.0,,,0 days 09:33:12.000000000,1.0,79.78333333333333,0.0,0.0,,0,Free_feed
2023-09-15 04:38:25,1.16.3,Free_feed,12,3.98,1.0,0,Pellet,Left,9,7,73,0,3.66,16.0,,,0 days 09:33:28.000000000,1.0,0.2666666666666666,0.0,0.0,,0,Free_feed
2023-09-15 04:38:50,1.16.3,Free_feed,12,3.98,1.0,0,Pellet,Left,9,7,74,0,13.54,25.0,,,0 days 09:33:53.000000000,1.0,0.4166666666666667,0.0,0.0,,0,Free_feed
2023-09-15 04:39:04,1.16.3,Free_feed,12,3.98,1.0,0,Pellet,Left,9,7,75,0,2.99,14.0,,,0 days 09:34:07.000000000,1.0,0.2333333333333333,0.0,0.0,,0,Free_feed
2023-09-15 04:46:25,1.16.3,Free_feed,12,3.98,1.0,0,Pellet,Left,9,7,76,0,,440.0,,,0 days 09:41:28.000000000,1.0,7.35,0.0,0.0,,0,Free_feed
2023-09-15 05:11:31,1.16.3,Free_feed,12,3.98,1.0,0,Pellet,Left,9,7,77,0,,1507.0,,,0 days 10:06:34.000000000,1.0,25.1,0.0,0.0,,0,Free_feed
2023-09-15 05:11:46,1.16.3,Free_feed,12,3.98,1.0,0,Pellet,Left,9,7,78,0,3.85,15.0,,,0 days 10:06:49.000000000,1.0,0.25,0.0,0.0,,0,Free_feed
2023-09-15 05:12:04,1.16.3,Free_feed,12,3.98,1.0,0,Pellet,Left,9,7,79,0,5.5,18.0,,,0 days 10:07:07.000000000,1.0,0.3,0.0,0.0,,0,Free_feed
2023-09-15 05:12:25,1.16.3,Free_feed,12,3.98,1.0,0,Pellet,Left,9,7,80,0,9.18,20.0,,,0 days 10:07:28.000000000,1.0,0.35,0.0,0.0,,0,Free_feed
2023-09-15 05:12:42,1.16.3,Free_feed,12,3.98,1.0,0,Pellet,Left,9,7,81,0,6.11,18.0,,,0 days 10:07:45.000000000,1.0,0.2833333333333333,0.0,0.0,,0,Free_feed
2023-09-15 05:20:53,1.16.3,Free_feed,12,3.98,,0,Poke,Left,10,7,81,0,,,0.17,,0 days 10:15:56.000000000,0.0,,1.0,0.0,1.0,0,Free_feed
2023-09-15 05:22:53,1.16.3,Free_feed,12,3.98,,0,Poke,Left,10,8,81,0,,,0.24,,0 days 10:17:56.000000000,0.0,,0.0,1.0,0.0,0,Free_feed
2023-09-15 05:23:07,1.16.3,Free_feed,12,3.98,,0,Poke,Left,10,9,81,0,,,0.62,,0 days 10:18:10.000000000,0.0,,0.0,1.0,0.0,0,Free_feed
2023-09-15 05:23:26,1.16.3,Free_feed,12,3.98,,0,Poke,Left,11,9,81,0,,,0.67,,0 days 10:18:29.000000000,0.0,,1.0,0.0,1.0,0,Free_feed
2023-09-15 05:23:27,1.16.3,Free_feed,12,3.98,,0,Poke,Left,12,9,81,0,,,0.71,,0 days 10:18:30.000000000,0.0,,1.0,0.0,1.0,0,Free_feed
2023-09-15 05:23:30,1.16.3,Free_feed,12,3.98,,0,Poke,Left,12,10,81,0,,,0.47,,0 days 10:18:33.000000000,0.0,,0.0,1.0,0.0,0,Free_feed
2023-09-15 05:24:00,1.16.3,Free_feed,12,3.98,,0,Poke,Left,13,10,81,0,,,0.52,,0 days 10:19:03.000000000,0.0,,1.0,0.0,1.0,0,Free_feed
2023-09-15 05:25:21,1.16.3,Free_feed,12,3.98,1.0,0,Pellet,Left,13,10,82,0,,759.0,,,0 days 10:20:24.000000000,1.0,12.65,0.0,0.0,,0,Free_feed
2023-09-15 05:30:27,1.16.3,Free_feed,12,3.98,1.0,0,Pellet,Left,13,10,83,0,,306.0,,,0 days 10:25:30.000000000,1.0,5.1,0.0,0.0,,0,Free_feed
2023-09-15 05:31:48,1.16.3,Free_feed,12,3.98,1.0,0,Pellet,Left,13,10,84,0,,81.0,,,0 days 10:26:51.000000000,1.0,1.35,0.0,0.0,,0,Free_feed
2023-09-15 05:32:08,1.16.3,Free_feed,12,3.98,1.0,0,Pellet,Left,13,10,85,0,8.63,20.0,,,0 days 10:27:11.000000000,1.0,0.3333333333333333,0.0,0.0,,0,Free_feed
2023-09-15 05:32:22,1.16.3,Free_feed,12,3.98,1.0,0,Pellet,Left,13,10,86,0,2.56,14.0,,,0 days 10:27:25.000000000,1.0,0.2333333333333333,0.0,0.0,,0,Free_feed
2023-09-15 05:47:47,1.16.3,Free_feed,12,3.98,1.0,0,Pellet,Left,13,10,87,0,,925.0,,,0 days 10:42:50.000000000,1.0,15.416666666666666,0.0,0.0,,0,Free_feed
2023-09-15 05:59:27,1.16.3,Free_feed,12,3.98,1.0,0,Pellet,Left,13,10,88,0,,700.0,,,0 days 10:54:30.000000000,1.0,11.666666666666666,0.0,0.0,,0,Free_feed
2023-09-15 05:59:47,1.16.3,Free_feed,12,3.98,1.0,0,Pellet,Left,13,10,89,0,8.75,20.0,,,0 days 10:54:50.000000000,1.0,0.3333333333333333,0.0,0.0,,0,Free_feed
2023-09-15 06:02:36,1.16.3,Free_feed,12,3.98,1.0,0,Pellet,Left,13,10,90,0,,169.0,,,0 days 10:57:39.000000000,1.0,2.816666666666667,0.0,0.0,,0,Free_feed
2023-09-15 06:03:23,1.16.3,Free_feed,12,3.98,1.0,0,Pellet,Left,13,10,91,0,34.99,47.0,,,0 days 10:58:26.000000000,1.0,0.7833333333333333,0.0,0.0,,0,Free_feed
2023-09-15 06:03:38,1.16.3,Free_feed,12,3.98,1.0,0,Pellet,Left,13,10,92,0,2.81,15.0,,,0 days 10:58:41.000000000,1.0,0.25,0.0,0.0,,0,Free_feed
2023-09-15 06:03:54,1.16.3,Free_feed,12,3.98,1.0,0,Pellet,Left,13,10,93,0,3.23,16.0,,,0 days 10:58:57.000000000,1.0,0.2666666666666666,0.0,0.0,,0,Free_feed
2023-09-15 06:14:23,1.16.3,Free_feed,12,3.98,1.0,0,Pellet,Left,13,10,94,0,,629.0,,,0 days 11:09:26.000000000,1.0,10.483333333333333,0.0,0.0,,0,Free_feed
2023-09-15 07:02:29,1.16.3,Free_feed,12,3.98,1.0,0,Pellet,Left,13,10,95,0,,2886.0,,,0 days 11:57:32.000000000,1.0,48.1,0.0,0.0,,0,Free_feed
2023-09-15 07:02:46,1.16.3,Free_feed,12,3.98,1.0,0,Pellet,Left,13,10,96,0,4.95,17.0,,,0 days 11:57:49.000000000,1.0,0.2833333333333333,0.0,0.0,,0,Free_feed
2023-09-15 07:03:08,1.16.3,Free_feed,12,3.98,1.0,0,Pellet,Left,13,10,97,0,9.98,22.0,,,0 days 11:58:11.000000000,1.0,0.3666666666666666,0.0,0.0,,0,Free_feed
2023-09-15 07:03:27,1.16.3,Free_feed,12,3.98,1.0,0,Pellet,Left,13,10,98,0,6.97,19.0,,,0 days 11:58:30.000000000,1.0,0.3166666666666666,0.0,0.0,,0,Free_feed
2023-09-15 07:45:35,1.16.3,Free_feed,12,3.97,1.0,0,Pellet,Left,13,10,99,0,,2528.0,,,0 days 12:40:38.000000000,1.0,42.13333333333333,0.0,0.0,,0,Free_feed
2023-09-15 07:51:33,1.16.3,Free_feed,12,3.96,1.0,0,Pellet,Left,13,10,100,0,,358.0,,,0 days 12:46:36.000000000,1.0,5.966666666666667,0.0,0.0,,0,Free_feed
2023-09-15 07:51:53,1.16.3,Free_feed,12,3.97,1.0,0,Pellet,Left,13,10,101,0,8.14,20.0,,,0 days 12:46:56.000000000,1.0,0.3333333333333333,0.0,0.0,,0,Free_feed
2023-09-15 07:52:05,1.16.3,Free_feed,12,3.98,1.0,0,Pellet,Left,13,10,102,0,0.6,12.0,,,0 days 12:47:08.000000000,1.0,0.2,0.0,0.0,,0,Free_feed
2023-09-15 07:59:20,1.16.3,Free_feed,12,3.97,1.0,0,Pellet,Left,13,10,103,0,,435.0,,,0 days 12:54:23.000000000,1.0,7.25,0.0,0.0,,0,Free_feed
2023-09-15 07:59:47,1.16.3,Free_feed,12,3.98,1.0,0,Pellet,Left,13,10,104,0,15.2,27.0,,,0 days 12:54:50.000000000,1.0,0.45,0.0,0.0,,0,Free_feed
2023-09-15 08:00:07,1.16.3,Free_feed,12,3.97,1.0,0,Pellet,Left,13,10,105,0,8.08,20.0,,,0 days 12:55:10.000000000,1.0,0.3333333333333333,0.0,0.0,,0,Free_feed
2023-09-15 08:13:16,1.16.3,Free_feed,12,3.97,1.0,0,Pellet,Left,13,10,106,0,,789.0,,,0 days 13:08:19.000000000,1.0,13.15,0.0,0.0,,0,Free_feed
2023-09-15 08:15:28,1.16.3,Free_feed,12,3.97,1.0,0,Pellet,Left,13,10,107,0,,132.0,,,0 days 13:10:31.000000000,1.0,2.2,0.0,0.0,,0,Free_feed
2023-09-15 09:13:34,1.16.3,Free_feed,12,3.97,1.0,0,Pellet,Left,13,10,108,0,,3486.0,,,0 days 14:08:37.000000000,1.0,58.1,0.0,0.0,,0,Free_feed
2023-09-15 09:14:16,1.16.3,Free_feed,12,3.97,1.0,0,Pellet,Left,13,10,109,0,30.19,42.0,,,0 days 14:09:19.000000000,1.0,0.7,0.0,0.0,,0,Free_feed
2023-09-15 09:14:49,1.16.3,Free_feed,12,3.97,1.0,0,Pellet,Left,13,10,110,0,20.59,33.0,,,0 days 14:09:52.000000000,1.0,0.55,0.0,0.0,,0,Free_feed
2023-09-15 09:15:14,1.16.3,Free_feed,12,3.97,2.0,0,Pellet,Left,13,10,111,0,11.56,25.0,,,0 days 14:10:17.000000000,1.0,0.4166666666666667,0.0,0.0,,0,Free_feed
2023-09-15 10:43:58,1.16.3,Free_feed,12,3.97,1.0,0,Pellet,Left,13,10,112,0,,5324.0,,,0 days 15:39:01.000000000,1.0,88.73333333333333,0.0,0.0,,0,Free_feed
2023-09-15 10:44:17,1.16.3,Free_feed,12,3.96,1.0,0,Pellet,Left,13,10,113,0,7.77,19.0,,,0 days 15:39:20.000000000,1.0,0.3166666666666666,0.0,0.0,,0,Free_feed
2023-09-15 10:44:42,1.16.3,Free_feed,12,3.97,1.0,0,Pellet,Left,13,10,114,0,12.43,25.0,,,0 days 15:39:45.000000000,1.0,0.4166666666666667,0.0,0.0,,0,Free_feed
2023-09-15 10:45:06,1.16.3,Free_feed,12,3.96,1.0,0,Pellet,Left,13,10,115,0,11.93,23.0,,,0 days 15:40:09.000000000,1.0,0.4,0.0,0.0,,0,Free_feed
2023-09-15 10:48:20,1.16.3,Free_feed,12,3.97,,0,Poke,Left,14,10,115,0,,,0.27,,0 days 15:43:23.000000000,0.0,,1.0,0.0,1.0,0,Free_feed
2023-09-15 11:04:47,1.16.3,Free_feed,12,3.96,1.0,0,Pellet,Left,14,10,116,0,,1182.0,,,0 days 15:59:50.000000000,1.0,19.683333333333337,0.0,0.0,,0,Free_feed
2023-09-15 11:05:09,1.16.3,Free_feed,12,3.96,1.0,0,Pellet,Left,14,10,117,0,10.53,22.0,,,0 days 16:00:12.000000000,1.0,0.3666666666666666,0.0,0.0,,0,Free_feed
2023-09-15 12:30:51,1.16.3,Free_feed,12,3.96,1.0,0,Pellet,Left,14,10,118,0,,5142.0,,,0 days 17:25:54.000000000,1.0,85.7,0.0,0.0,,0,Free_feed
2023-09-15 12:31:56,1.16.3,Free_feed,12,3.96,1.0,0,Pellet,Left,14,10,119,0,52.76,65.0,,,0 days 17:26:59.000000000,1.0,1.0833333333333333,0.0,0.0,,0,Free_feed
2023-09-15 12:32:14,1.16.3,Free_feed,12,3.96,2.0,0,Pellet,Left,14,10,120,0,4.28,18.0,,,0 days 17:27:17.000000000,1.0,0.3,0.0,0.0,,0,Free_feed
2023-09-15 12:32:34,1.16.3,Free_feed,12,3.96,2.0,0,Pellet,Left,14,10,121,0,5.63,20.0,,,0 days 17:27:37.000000000,1.0,0.3333333333333333,0.0,0.0,,0,Free_feed
2023-09-15 12:44:48,1.16.3,Free_feed,12,3.96,1.0,0,Pellet,Left,14,10,122,0,,734.0,,,0 days 17:39:51.000000000,1.0,12.233333333333333,0.0,0.0,,0,Free_feed
2023-09-15 12:45:33,1.16.3,Free_feed,12,3.96,1.0,0,Pellet,Left,14,10,123,0,32.72,45.0,,,0 days 17:40:36.000000000,1.0,0.75,0.0,0.0,,0,Free_feed
2023-09-15 12:45:56,1.16.3,Free_feed,12,3.96,1.0,0,Pellet,Left,14,10,124,0,11.02,23.0,,,0 days 17:40:59.000000000,1.0,0.3833333333333333,0.0,0.0,,0,Free_feed
2023-09-15 13:37:54,1.16.3,Free_feed,12,3.96,1.0,0,Pellet,Left,14,10,125,0,,3118.0,,,0 days 18:32:57.000000000,1.0,51.96666666666667,0.0,0.0,,0,Free_feed
2023-09-15 14:36:56,1.16.3,Free_feed,12,3.96,2.0,0,Pellet,Left,14,10,126,0,,3542.0,,,0 days 19:31:59.000000000,1.0,59.03333333333333,0.0,0.0,,0,Free_feed
2023-09-15 14:37:13,1.16.3,Free_feed,12,3.95,1.0,0,Pellet,Left,14,10,127,0,4.89,17.0,,,0 days 19:32:16.000000000,1.0,0.2833333333333333,0.0,0.0,,0,Free_feed
2023-09-15 14:38:32,1.16.3,Free_feed,12,3.96,,0,Poke,Left,14,11,127,0,,,0.05,,0 days 19:33:35.000000000,0.0,,0.0,1.0,0.0,0,Free_feed
2023-09-15 16:22:31,1.16.3,Free_feed,12,3.96,1.0,0,Pellet,Left,14,11,128,0,,6318.0,,,0 days 21:17:34.000000000,1.0,105.3,0.0,0.0,,0,Free_feed
2023-09-15 16:23:30,1.16.3,Free_feed,12,3.95,1.0,0,Pellet,Left,14,11,129,0,46.93,59.0,,,0 days 21:18:33.000000000,1.0,0.9833333333333332,0.0,0.0,,0,Free_feed
2023-09-15 16:23:44,1.16.3,Free_feed,12,3.95,1.0,0,Pellet,Left,14,11,130,0,2.44,14.0,,,0 days 21:18:47.000000000,1.0,0.2333333333333333,0.0,0.0,,0,Free_feed
2023-09-15 16:24:06,1.16.3,Free_feed,12,3.96,1.0,0,Pellet,Left,14,11,131,0,10.16,22.0,,,0 days 21:19:09.000000000,1.0,0.3666666666666666,0.0,0.0,,0,Free_feed
2023-09-15 16:24:28,1.16.3,Free_feed,12,3.96,1.0,0,Pellet,Left,14,11,132,0,9.66,22.0,,,0 days 21:19:31.000000000,1.0,0.3666666666666666,0.0,0.0,,0,Free_feed
2023-09-15 16:32:38,1.16.3,Free_feed,12,3.95,1.0,0,Pellet,Left,14,11,133,0,,490.0,,,0 days 21:27:41.000000000,1.0,8.166666666666666,0.0,0.0,,0,Free_feed
2023-09-15 16:51:14,1.16.3,Free_feed,12,3.95,1.0,0,Pellet,Left,14,11,134,0,,1116.0,,,0 days 21:46:17.000000000,1.0,18.6,0.0,0.0,,0,Free_feed
2023-09-15 16:57:32,1.16.3,Free_feed,12,3.96,,0,Poke,Left,14,12,134,0,,,0.19,,0 days 21:52:35.000000000,0.0,,0.0,1.0,0.0,0,Free_feed
2023-09-15 17:05:10,1.16.3,Free_feed,12,3.95,,0,Poke,Left,15,12,134,0,,,0.42,,0 days 22:00:13.000000000,0.0,,1.0,0.0,1.0,0,Free_feed
2023-09-15 17:06:11,1.16.3,Free_feed,12,3.95,1.0,0,Pellet,Left,15,12,135,0,,897.0,,,0 days 22:01:14.000000000,1.0,14.95,0.0,0.0,,0,Free_feed
2023-09-15 18:36:34,1.16.3,Free_feed,12,3.95,,0,Poke,Left,16,12,135,0,,,0.26,,0 days 00:00:00.000000000,0.0,,1.0,0.0,1.0,1,Free_feed
2023-09-15 18:40:56,1.16.3,Free_feed,12,3.95,1.0,0,Pellet,Left,16,12,136,0,,,,,0 days 00:04:22.000000000,1.0,,0.0,0.0,,1,Free_feed
2023-09-15 19:53:13,1.16.3,Free_feed,12,3.94,3.0,0,Pellet,Left,16,12,137,0,,4337.0,,,0 days 01:16:39.000000000,1.0,72.28333333333333,0.0,0.0,,1,Free_feed
2023-09-15 19:53:34,1.16.3,Free_feed,12,3.95,1.0,0,Pellet,Left,16,12,138,0,9.0,21.0,,,0 days 01:17:00.000000000,1.0,0.35,0.0,0.0,,1,Free_feed
2023-09-15 19:53:58,1.16.3,Free_feed,12,3.94,1.0,0,Pellet,Left,16,12,139,0,12.0,24.0,,,0 days 01:17:24.000000000,1.0,0.4,0.0,0.0,,1,Free_feed
2023-09-15 19:54:14,1.16.3,Free_feed,12,3.95,1.0,0,Pellet,Left,16,12,140,0,4.7,16.0,,,0 days 01:17:40.000000000,1.0,0.2666666666666666,0.0,0.0,,1,Free_feed
2023-09-15 19:54:32,1.16.3,Free_feed,12,3.94,1.0,0,Pellet,Left,16,12,141,0,4.95,18.0,,,0 days 01:17:58.000000000,1.0,0.3,0.0,0.0,,1,Free_feed
2023-09-15 19:54:54,1.16.3,Free_feed,12,3.95,1.0,0,Pellet,Left,16,12,142,0,10.16,22.0,,,0 days 01:18:20.000000000,1.0,0.3666666666666666,0.0,0.0,,1,Free_feed
2023-09-15 20:30:28,1.16.3,Free_feed,12,3.94,1.0,0,Pellet,Left,16,12,143,0,,2134.0,,,0 days 01:53:54.000000000,1.0,35.56666666666667,0.0,0.0,,1,Free_feed
2023-09-15 20:30:53,1.16.3,Free_feed,12,3.94,1.0,0,Pellet,Left,16,12,144,0,12.86,25.0,,,0 days 01:54:19.000000000,1.0,0.4166666666666667,0.0,0.0,,1,Free_feed
2023-09-15 20:31:21,1.16.3,Free_feed,12,3.95,1.0,0,Pellet,Left,16,12,145,0,16.17,28.0,,,0 days 01:54:47.000000000,1.0,0.4666666666666667,0.0,0.0,,1,Free_feed
2023-09-15 20:32:00,1.16.3,Free_feed,12,3.94,1.0,0,Pellet,Left,16,12,146,0,27.24,39.0,,,0 days 01:55:26.000000000,1.0,0.65,0.0,0.0,,1,Free_feed
2023-09-15 20:32:20,1.16.3,Free_feed,12,3.94,1.0,0,Pellet,Left,16,12,147,0,8.32,20.0,,,0 days 01:55:46.000000000,1.0,0.3333333333333333,0.0,0.0,,1,Free_feed
2023-09-15 20:32:35,1.16.3,Free_feed,12,3.95,1.0,0,Pellet,Left,16,12,148,0,2.99,15.0,,,0 days 01:56:01.000000000,1.0,0.25,0.0,0.0,,1,Free_feed
2023-09-15 20:53:09,1.16.3,Free_feed,12,3.94,1.0,0,Pellet,Left,16,12,149,0,,1234.0,,,0 days 02:16:35.000000000,1.0,20.566666666666663,0.0,0.0,,1,Free_feed
2023-09-15 20:53:39,1.16.3,Free_feed,12,3.94,1.0,0,Pellet,Left,16,12,150,0,18.21,30.0,,,0 days 02:17:05.000000000,1.0,0.5,0.0,0.0,,1,Free_feed
2023-09-15 20:54:06,1.16.3,Free_feed,12,3.94,1.0,0,Pellet,Left,16,12,151,0,14.71,27.0,,,0 days 02:17:32.000000000,1.0,0.45,0.0,0.0,,1,Free_feed
2023-09-15 21:14:31,1.16.3,Free_feed,12,3.94,,0,Poke,Left,16,13,151,0,,,0.09,,0 days 02:37:57.000000000,0.0,,0.0,1.0,0.0,1,Free_feed
2023-09-15 21:14:33,1.16.3,Free_feed,12,3.93,,0,Poke,Left,16,14,151,0,,,1.02,,0 days 02:37:59.000000000,0.0,,0.0,1.0,0.0,1,Free_feed
2023-09-15 21:14:34,1.16.3,Free_feed,12,3.94,,0,Poke,Left,16,15,151,0,,,0.62,,0 days 02:38:00.000000000,0.0,,0.0,1.0,0.0,1,Free_feed
2023-09-15 21:17:32,1.16.3,Free_feed,12,3.94,1.0,0,Pellet,Left,16,15,152,0,,1406.0,,,0 days 02:40:58.000000000,1.0,23.433333333333337,0.0,0.0,,1,Free_feed
2023-09-15 21:28:03,1.16.3,Free_feed,12,3.94,1.0,0,Pellet,Left,16,15,153,0,,631.0,,,0 days 02:51:29.000000000,1.0,10.516666666666667,0.0,0.0,,1,Free_feed
2023-09-15 21:29:51,1.16.3,Free_feed,12,3.94,,0,Poke,Left,17,15,153,0,,,0.09,,0 days 02:53:17.000000000,0.0,,1.0,0.0,1.0,1,Free_feed
2023-09-15 21:29:56,1.16.3,Free_feed,12,3.94,,0,Poke,Left,18,15,153,0,,,0.57,,0 days 02:53:22.000000000,0.0,,1.0,0.0,1.0,1,Free_feed
2023-09-15 21:30:13,1.16.3,Free_feed,12,3.94,1.0,0,Pellet,Left,18,15,154,0,,130.0,,,0 days 02:53:39.000000000,1.0,2.1666666666666665,0.0,0.0,,1,Free_feed
2023-09-15 21:35:16,1.16.3,Free_feed,12,3.94,1.0,0,Pellet,Left,18,15,155,0,,303.0,,,0 days 02:58:42.000000000,1.0,5.05,0.0,0.0,,1,Free_feed
2023-09-15 21:39:45,1.16.3,Free_feed,12,3.94,1.0,0,Pellet,Left,18,15,156,0,,269.0,,,0 days 03:03:11.000000000,1.0,4.483333333333333,0.0,0.0,,1,Free_feed
2023-09-15 21:48:19,1.16.3,Free_feed,12,3.94,1.0,0,Pellet,Left,18,15,157,0,,514.0,,,0 days 03:11:45.000000000,1.0,8.566666666666666,0.0,0.0,,1,Free_feed
2023-09-15 21:49:59,1.16.3,Free_feed,12,3.94,1.0,0,Pellet,Left,18,15,158,0,,100.0,,,0 days 03:13:25.000000000,1.0,1.6666666666666667,0.0,0.0,,1,Free_feed
2023-09-15 21:51:56,1.16.3,Free_feed,12,3.94,1.0,0,Pellet,Left,18,15,159,0,,117.0,,,0 days 03:15:22.000000000,1.0,1.95,0.0,0.0,,1,Free_feed
2023-09-15 21:58:30,1.16.3,Free_feed,12,3.94,1.0,0,Pellet,Left,18,15,160,0,,394.0,,,0 days 03:21:56.000000000,1.0,6.566666666666666,0.0,0.0,,1,Free_feed
2023-09-15 22:05:16,1.16.3,Free_feed,12,3.94,1.0,0,Pellet,Left,18,15,161,0,,406.0,,,0 days 03:28:42.000000000,1.0,6.766666666666667,0.0,0.0,,1,Free_feed
2023-09-15 22:09:09,1.16.3,Free_feed,12,3.94,1.0,0,Pellet,Left,18,15,162,0,,233.0,,,0 days 03:32:35.000000000,1.0,3.8833333333333337,0.0,0.0,,1,Free_feed
2023-09-15 22:10:43,1.16.3,Free_feed,12,3.94,,0,Poke,Left,18,16,162,0,,,0.01,,0 days 03:34:09.000000000,0.0,,0.0,1.0,0.0,1,Free_feed
2023-09-15 22:17:57,1.16.3,Free_feed,12,3.94,1.0,0,Pellet,Left,18,16,163,0,,528.0,,,0 days 03:41:23.000000000,1.0,8.8,0.0,0.0,,1,Free_feed
2023-09-15 22:28:49,1.16.3,Free_feed,12,3.94,1.0,0,Pellet,Left,18,16,164,0,,652.0,,,0 days 03:52:15.000000000,1.0,10.866666666666667,0.0,0.0,,1,Free_feed
2023-09-15 22:29:36,1.16.3,Free_feed,12,3.94,1.0,0,Pellet,Left,18,16,165,0,36.06,47.0,,,0 days 03:53:02.000000000,1.0,0.7833333333333333,0.0,0.0,,1,Free_feed
2023-09-15 22:41:08,1.16.3,Free_feed,12,3.94,1.0,0,Pellet,Left,18,16,166,0,,692.0,,,0 days 04:04:34.000000000,1.0,11.533333333333331,0.0,0.0,,1,Free_feed
2023-09-15 22:42:31,1.16.3,Free_feed,12,3.94,1.0,0,Pellet,Left,18,16,167,0,,82.0,,,0 days 04:05:57.000000000,1.0,1.3833333333333333,0.0,0.0,,1,Free_feed
2023-09-15 22:45:37,1.16.3,Free_feed,12,3.94,1.0,0,Pellet,Left,18,16,168,0,,187.0,,,0 days 04:09:03.000000000,1.0,3.1,0.0,0.0,,1,Free_feed
2023-09-15 22:45:51,1.16.3,Free_feed,12,3.94,1.0,0,Pellet,Left,18,16,169,0,2.13,14.0,,,0 days 04:09:17.000000000,1.0,0.2333333333333333,0.0,0.0,,1,Free_feed
2023-09-15 22:59:11,1.16.3,Free_feed,12,3.94,1.0,0,Pellet,Left,18,16,170,0,,800.0,,,0 days 04:22:37.000000000,1.0,13.333333333333334,0.0,0.0,,1,Free_feed
2023-09-15 23:04:58,1.16.3,Free_feed,12,3.94,1.0,0,Pellet,Left,18,16,171,0,,347.0,,,0 days 04:28:24.000000000,1.0,5.783333333333333,0.0,0.0,,1,Free_feed
2023-09-15 23:05:15,1.16.3,Free_feed,12,3.94,1.0,0,Pellet,Left,18,16,172,0,5.26,17.0,,,0 days 04:28:41.000000000,1.0,0.2833333333333333,0.0,0.0,,1,Free_feed
2023-09-15 23:05:29,1.16.3,Free_feed,12,3.94,1.0,0,Pellet,Left,18,16,173,0,2.93,14.0,,,0 days 04:28:55.000000000,1.0,0.2333333333333333,0.0,0.0,,1,Free_feed
2023-09-15 23:05:48,1.16.3,Free_feed,12,3.94,1.0,0,Pellet,Left,18,16,174,0,6.98,19.0,,,0 days 04:29:14.000000000,1.0,0.3166666666666666,0.0,0.0,,1,Free_feed
2023-09-15 23:39:03,1.16.3,Free_feed,12,3.94,1.0,0,Pellet,Left,18,16,175,0,,1995.0,,,0 days 05:02:29.000000000,1.0,33.25,0.0,0.0,,1,Free_feed
2023-09-15 23:39:23,1.16.3,Free_feed,12,3.93,1.0,0,Pellet,Left,18,16,176,0,8.81,20.0,,,0 days 05:02:49.000000000,1.0,0.3333333333333333,0.0,0.0,,1,Free_feed
2023-09-15 23:39:46,1.16.3,Free_feed,12,3.93,1.0,0,Pellet,Left,18,16,177,0,9.91,23.0,,,0 days 05:03:12.000000000,1.0,0.3833333333333333,0.0,0.0,,1,Free_feed
2023-09-15 23:40:00,1.16.3,Free_feed,12,3.94,1.0,0,Pellet,Left,18,16,178,0,2.07,14.0,,,0 days 05:03:26.000000000,1.0,0.2333333333333333,0.0,0.0,,1,Free_feed
2023-09-15 23:40:17,1.16.3,Free_feed,12,3.93,1.0,0,Pellet,Left,18,16,179,0,5.63,17.0,,,0 days 05:03:43.000000000,1.0,0.2833333333333333,0.0,0.0,,1,Free_feed
2023-09-15 23:41:16,1.16.3,Free_feed,12,3.94,1.0,0,Pellet,Left,18,16,180,0,46.25,59.0,,,0 days 05:04:42.000000000,1.0,0.9833333333333332,0.0,0.0,,1,Free_feed
2023-09-16 00:07:28,1.16.3,Free_feed,12,3.93,1.0,0,Pellet,Left,18,16,181,0,,1572.0,,,0 days 05:30:54.000000000,1.0,26.2,0.0,0.0,,1,Free_feed
2023-09-16 00:37:33,1.16.3,Free_feed,12,3.93,1.0,0,Pellet,Left,18,16,182,0,,1805.0,,,0 days 06:00:59.000000000,1.0,30.08333333333333,0.0,0.0,,1,Free_feed
2023-09-16 00:37:50,1.16.3,Free_feed,12,3.93,1.0,0,Pellet,Left,18,16,183,0,5.01,17.0,,,0 days 06:01:16.000000000,1.0,0.2833333333333333,0.0,0.0,,1,Free_feed
2023-09-16 00:48:03,1.16.3,Free_feed,12,3.94,1.0,0,Pellet,Left,18,16,184,0,,613.0,,,0 days 06:11:29.000000000,1.0,10.216666666666669,0.0,0.0,,1,Free_feed
2023-09-16 00:54:27,1.16.3,Free_feed,12,3.93,,0,Poke,Left,18,17,184,0,,,0.37,,0 days 06:17:53.000000000,0.0,,0.0,1.0,0.0,1,Free_feed
2023-09-16 00:54:36,1.16.3,Free_feed,12,3.93,,0,Poke,Left,18,18,184,0,,,0.75,,0 days 06:18:02.000000000,0.0,,0.0,1.0,0.0,1,Free_feed
2023-09-16 00:54:43,1.16.3,Free_feed,12,3.93,,0,Poke,Left,19,18,184,0,,,0.47,,0 days 06:18:09.000000000,0.0,,1.0,0.0,1.0,1,Free_feed
2023-09-16 00:54:47,1.16.3,Free_feed,12,3.93,,0,Poke,Left,19,19,184,0,,,0.04,,0 days 06:18:13.000000000,0.0,,0.0,1.0,0.0,1,Free_feed
2023-09-16 00:55:51,1.16.3,Free_feed,12,3.93,1.0,0,Pellet,Left,19,19,185,0,,468.0,,,0 days 06:19:17.000000000,1.0,7.8,0.0,0.0,,1,Free_feed
2023-09-16 01:01:15,1.16.3,Free_feed,12,3.93,1.0,0,Pellet,Left,19,19,186,0,,324.0,,,0 days 06:24:41.000000000,1.0,5.4,0.0,0.0,,1,Free_feed
2023-09-16 01:18:25,1.16.3,Free_feed,12,3.93,1.0,0,Pellet,Left,19,19,187,0,,1029.0,,,0 days 06:41:51.000000000,1.0,17.166666666666668,0.0,0.0,,1,Free_feed
2023-09-16 01:18:37,1.16.3,Free_feed,12,3.93,1.0,0,Pellet,Left,19,19,188,0,1.52,13.0,,,0 days 06:42:03.000000000,1.0,0.2,0.0,0.0,,1,Free_feed
2023-09-16 01:19:56,1.16.3,Free_feed,12,3.93,1.0,0,Pellet,Left,19,19,189,0,,79.0,,,0 days 06:43:22.000000000,1.0,1.3166666666666669,0.0,0.0,,1,Free_feed
2023-09-16 01:37:14,1.16.3,Free_feed,12,3.93,1.0,0,Pellet,Left,19,19,190,0,,1038.0,,,0 days 07:00:40.000000000,1.0,17.3,0.0,0.0,,1,Free_feed
2023-09-16 01:49:39,1.16.3,Free_feed,12,3.93,1.0,0,Pellet,Left,19,19,191,0,,745.0,,,0 days 07:13:05.000000000,1.0,12.416666666666666,0.0,0.0,,1,Free_feed
2023-09-16 02:09:34,1.16.3,Free_feed,12,3.93,1.0,0,Pellet,Left,19,19,192,0,,1195.0,,,0 days 07:33:00.000000000,1.0,19.916666666666668,0.0,0.0,,1,Free_feed
2023-09-16 02:09:52,1.16.3,Free_feed,12,3.93,1.0,0,Pellet,Left,19,19,193,0,5.75,18.0,,,0 days 07:33:18.000000000,1.0,0.3,0.0,0.0,,1,Free_feed
2023-09-16 02:10:07,1.16.3,Free_feed,12,3.93,1.0,0,Pellet,Left,19,19,194,0,2.38,14.0,,,0 days 07:33:33.000000000,1.0,0.25,0.0,0.0,,1,Free_feed
2023-09-16 02:10:30,1.16.3,Free_feed,12,3.93,1.0,0,Pellet,Left,19,19,195,0,11.45,24.0,,,0 days 07:33:56.000000000,1.0,0.3833333333333333,0.0,0.0,,1,Free_feed
2023-09-16 02:27:27,1.16.3,Free_feed,12,3.93,1.0,0,Pellet,Left,19,19,196,0,,1017.0,,,0 days 07:50:53.000000000,1.0,16.95,0.0,0.0,,1,Free_feed
2023-09-16 02:51:34,1.16.3,Free_feed,12,3.93,2.0,0,Pellet,Left,19,19,197,0,,1447.0,,,0 days 08:15:00.000000000,1.0,24.116666666666667,0.0,0.0,,1,Free_feed
2023-09-16 02:51:57,1.16.3,Free_feed,12,3.93,1.0,0,Pellet,Left,19,19,198,0,10.96,23.0,,,0 days 08:15:23.000000000,1.0,0.3833333333333333,0.0,0.0,,1,Free_feed
2023-09-16 03:06:16,1.16.3,Free_feed,12,3.93,1.0,0,Pellet,Left,19,19,199,0,,859.0,,,0 days 08:29:42.000000000,1.0,14.316666666666666,0.0,0.0,,1,Free_feed
2023-09-16 03:14:06,1.16.3,Free_feed,12,3.93,,0,Poke,Left,19,20,199,0,,,0.41,,0 days 08:37:32.000000000,0.0,,0.0,1.0,0.0,1,Free_feed
2023-09-16 03:14:10,1.16.3,Free_feed,12,3.93,1.0,0,Pellet,Left,19,20,200,0,,474.0,,,0 days 08:37:36.000000000,1.0,7.9,0.0,0.0,,1,Free_feed
2023-09-16 03:31:49,1.16.3,Free_feed,12,3.93,1.0,0,Pellet,Left,19,20,201,0,,1059.0,,,0 days 08:55:15.000000000,1.0,17.65,0.0,0.0,,1,Free_feed
2023-09-16 03:40:01,1.16.3,Free_feed,12,3.93,1.0,0,Pellet,Left,19,20,202,0,,492.0,,,0 days 09:03:27.000000000,1.0,8.2,0.0,0.0,,1,Free_feed
2023-09-16 03:52:22,1.16.3,Free_feed,12,3.93,,0,Poke,Left,20,20,202,0,,,0.05,,0 days 09:15:48.000000000,0.0,,1.0,0.0,1.0,1,Free_feed
2023-09-16 03:54:59,1.16.3,Free_feed,12,3.93,,0,Poke,Left,20,21,202,0,,,0.1,,0 days 09:18:25.000000000,0.0,,0.0,1.0,0.0,1,Free_feed
2023-09-16 03:56:34,1.16.3,Free_feed,12,3.93,1.0,0,Pellet,Left,20,21,203,0,,993.0,,,0 days 09:20:00.000000000,1.0,16.55,0.0,0.0,,1,Free_feed
2023-09-16 04:18:03,1.16.3,Free_feed,12,3.93,1.0,0,Pellet,Left,20,21,204,0,,1289.0,,,0 days 09:41:29.000000000,1.0,21.48333333333333,0.0,0.0,,1,Free_feed
2023-09-16 04:31:31,1.16.3,Free_feed,12,3.92,1.0,0,Pellet,Left,20,21,205,0,,808.0,,,0 days 09:54:57.000000000,1.0,13.466666666666669,0.0,0.0,,1,Free_feed
2023-09-16 04:46:33,1.16.3,Free_feed,12,3.93,1.0,0,Pellet,Left,20,21,206,0,,902.0,,,0 days 10:09:59.000000000,1.0,15.033333333333331,0.0,0.0,,1,Free_feed
2023-09-16 05:06:02,1.16.3,Free_feed,12,3.93,1.0,0,Pellet,Left,20,21,207,0,,1169.0,,,0 days 10:29:28.000000000,1.0,19.48333333333333,0.0,0.0,,1,Free_feed
2023-09-16 05:25:31,1.16.3,Free_feed,12,3.92,,0,Poke,Left,21,21,207,0,,,0.11,,0 days 10:48:57.000000000,0.0,,1.0,0.0,1.0,1,Free_feed
2023-09-16 05:35:07,1.16.3,Free_feed,12,3.92,1.0,0,Pellet,Left,21,21,208,0,,1745.0,,,0 days 10:58:33.000000000,1.0,29.08333333333333,0.0,0.0,,1,Free_feed
2023-09-16 05:47:07,1.16.3,Free_feed,12,3.92,1.0,0,Pellet,Left,21,21,209,0,,720.0,,,0 days 11:10:33.000000000,1.0,12.0,0.0,0.0,,1,Free_feed
2023-09-16 05:50:24,1.16.3,Free_feed,12,3.92,,0,Poke,Left,21,22,209,0,,,0.78,,0 days 11:13:50.000000000,0.0,,0.0,1.0,0.0,1,Free_feed
2023-09-16 06:04:07,1.16.3,Free_feed,12,3.93,1.0,0,Pellet,Left,21,22,210,0,,1020.0,,,0 days 11:27:33.000000000,1.0,17.0,0.0,0.0,,1,Free_feed
2023-09-16 06:18:34,1.16.3,Free_feed,12,3.92,1.0,0,Pellet,Left,21,22,211,0,,867.0,,,0 days 11:42:00.000000000,1.0,14.45,0.0,0.0,,1,Free_feed
2023-09-16 06:23:16,1.16.3,Free_feed,12,3.92,,0,Poke,Left,21,23,211,0,,,0.54,,0 days 11:46:42.000000000,0.0,,0.0,1.0,0.0,1,Free_feed
2023-09-16 06:40:15,1.16.3,Free_feed,12,3.92,1.0,0,Pellet,Left,21,23,212,0,,1301.0,,,0 days 12:03:41.000000000,1.0,21.683333333333337,0.0,0.0,,1,Free_feed
2023-09-16 06:40:46,1.16.3,Free_feed,12,3.91,1.0,0,Pellet,Left,21,23,213,0,19.18,31.0,,,0 days 12:04:12.000000000,1.0,0.5166666666666667,0.0,0.0,,1,Free_feed
2023-09-16 07:24:30,1.16.3,Free_feed,12,3.92,1.0,0,Pellet,Left,21,23,214,0,,2624.0,,,0 days 12:47:56.000000000,1.0,43.73333333333333,0.0,0.0,,1,Free_feed
2023-09-16 07:24:45,1.16.3,Free_feed,12,3.92,1.0,0,Pellet,Left,21,23,215,0,3.36,15.0,,,0 days 12:48:11.000000000,1.0,0.25,0.0,0.0,,1,Free_feed
2023-09-16 08:14:29,1.16.3,Free_feed,12,3.92,1.0,0,Pellet,Left,21,23,216,0,,2983.0,,,0 days 13:37:55.000000000,1.0,49.73333333333333,0.0,0.0,,1,Free_feed
2023-09-16 08:14:56,1.16.3,Free_feed,12,3.91,1.0,0,Pellet,Left,21,23,217,0,15.87,28.0,,,0 days 13:38:22.000000000,1.0,0.45,0.0,0.0,,1,Free_feed
2023-09-16 08:15:13,1.16.3,Free_feed,12,3.92,1.0,0,Pellet,Left,21,23,218,0,4.52,17.0,,,0 days 13:38:39.000000000,1.0,0.2833333333333333,0.0,0.0,,1,Free_feed
2023-09-16 08:15:38,1.16.3,Free_feed,12,3.91,2.0,0,Pellet,Left,21,23,219,0,10.96,25.0,,,0 days 13:39:04.000000000,1.0,0.4166666666666667,0.0,0.0,,1,Free_feed
2023-09-16 08:40:09,1.16.3,Free_feed,12,3.91,2.0,0,Pellet,Left,21,23,220,0,,1471.0,,,0 days 14:03:35.000000000,1.0,24.516666666666666,0.0,0.0,,1,Free_feed
2023-09-16 09:01:58,1.16.3,Free_feed,12,3.91,1.0,0,Pellet,Left,21,23,221,0,,1309.0,,,0 days 14:25:24.000000000,1.0,21.816666666666663,0.0,0.0,,1,Free_feed
2023-09-16 09:02:16,1.16.3,Free_feed,12,3.91,1.0,0,Pellet,Left,21,23,222,0,6.61,18.0,,,0 days 14:25:42.000000000,1.0,0.3,0.0,0.0,,1,Free_feed
2023-09-16 09:02:47,1.16.3,Free_feed,12,3.91,1.0,0,Pellet,Left,21,23,223,0,18.09,31.0,,,0 days 14:26:13.000000000,1.0,0.5166666666666667,0.0,0.0,,1,Free_feed
2023-09-16 09:10:42,1.16.3,Free_feed,12,3.91,,0,Poke,Left,22,23,223,0,,,0.0,,0 days 14:34:08.000000000,0.0,,1.0,0.0,1.0,1,Free_feed
2023-09-16 09:23:24,1.16.3,Free_feed,12,3.91,,0,Poke,Left,22,24,223,0,,,0.02,,0 days 14:46:50.000000000,0.0,,0.0,1.0,0.0,1,Free_feed
2023-09-16 09:23:25,1.16.3,Free_feed,12,3.91,,0,Poke,Left,22,25,223,0,,,0.68,,0 days 14:46:51.000000000,0.0,,0.0,1.0,0.0,1,Free_feed
2023-09-16 09:23:30,1.16.3,Free_feed,12,3.91,,0,Poke,Left,22,26,223,0,,,0.42,,0 days 14:46:56.000000000,0.0,,0.0,1.0,0.0,1,Free_feed
2023-09-16 10:26:23,1.16.3,Free_feed,12,3.91,1.0,0,Pellet,Left,22,26,224,0,,5016.0,,,0 days 15:49:49.000000000,1.0,83.6,0.0,0.0,,1,Free_feed
2023-09-16 10:26:44,1.16.3,Free_feed,12,3.91,1.0,0,Pellet,Left,22,26,225,0,9.8,21.0,,,0 days 15:50:10.000000000,1.0,0.35,0.0,0.0,,1,Free_feed
2023-09-16 10:27:17,1.16.3,Free_feed,12,3.91,2.0,0,Pellet,Left,22,26,226,0,20.86,33.0,,,0 days 15:50:43.000000000,1.0,0.55,0.0,0.0,,1,Free_feed
2023-09-16 10:27:32,1.16.3,Free_feed,12,3.91,1.0,0,Pellet,Left,22,26,227,0,2.68,15.0,,,0 days 15:50:58.000000000,1.0,0.25,0.0,0.0,,1,Free_feed
2023-09-16 10:51:38,1.16.3,Free_feed,12,3.91,1.0,0,Pellet,Left,22,26,228,0,,1446.0,,,0 days 16:15:04.000000000,1.0,24.1,0.0,0.0,,1,Free_feed
2023-09-16 10:52:07,1.16.3,Free_feed,12,3.91,1.0,0,Pellet,Left,22,26,229,0,17.23,29.0,,,0 days 16:15:33.000000000,1.0,0.4833333333333333,0.0,0.0,,1,Free_feed
2023-09-16 10:52:27,1.16.3,Free_feed,12,3.91,1.0,0,Pellet,Left,22,26,230,0,7.65,20.0,,,0 days 16:15:53.000000000,1.0,0.3333333333333333,0.0,0.0,,1,Free_feed
2023-09-16 11:28:10,1.16.3,Free_feed,12,3.91,1.0,0,Pellet,Left,22,26,231,0,,2143.0,,,0 days 16:51:36.000000000,1.0,35.71666666666667,0.0,0.0,,1,Free_feed
2023-09-16 11:57:48,1.16.3,Free_feed,12,3.91,1.0,0,Pellet,Left,22,26,232,0,,1778.0,,,0 days 17:21:14.000000000,1.0,29.633333333333333,0.0,0.0,,1,Free_feed
2023-09-16 11:58:08,1.16.3,Free_feed,12,3.91,1.0,0,Pellet,Left,22,26,233,0,9.0,20.0,,,0 days 17:21:34.000000000,1.0,0.3333333333333333,0.0,0.0,,1,Free_feed
2023-09-16 11:58:32,1.16.3,Free_feed,12,3.91,1.0,0,Pellet,Left,22,26,234,0,11.34,24.0,,,0 days 17:21:58.000000000,1.0,0.4,0.0,0.0,,1,Free_feed
2023-09-16 11:58:50,1.16.3,Free_feed,12,3.9,1.0,0,Pellet,Left,22,26,235,0,6.55,18.0,,,0 days 17:22:16.000000000,1.0,0.3,0.0,0.0,,1,Free_feed
2023-09-16 12:39:36,1.16.3,Free_feed,12,3.91,1.0,0,Pellet,Left,22,26,236,0,,2446.0,,,0 days 18:03:02.000000000,1.0,40.766666666666666,0.0,0.0,,1,Free_feed
2023-09-16 12:40:07,1.16.3,Free_feed,12,3.91,1.0,0,Pellet,Left,22,26,237,0,19.62,31.0,,,0 days 18:03:33.000000000,1.0,0.5166666666666667,0.0,0.0,,1,Free_feed
2023-09-16 12:40:44,1.16.3,Free_feed,12,3.9,1.0,0,Pellet,Left,22,26,238,0,24.6,37.0,,,0 days 18:04:10.000000000,1.0,0.6166666666666667,0.0,0.0,,1,Free_feed
2023-09-16 12:41:05,1.16.3,Free_feed,12,3.91,1.0,0,Pellet,Left,22,26,239,0,9.24,21.0,,,0 days 18:04:31.000000000,1.0,0.35,0.0,0.0,,1,Free_feed
2023-09-16 12:51:28,1.16.3,Free_feed,12,3.91,1.0,0,Pellet,Left,22,26,240,0,,623.0,,,0 days 18:14:54.000000000,1.0,10.383333333333333,0.0,0.0,,1,Free_feed
2023-09-16 13:13:32,1.16.3,Free_feed,12,3.9,1.0,0,Pellet,Left,22,26,241,0,,1324.0,,,0 days 18:36:58.000000000,1.0,22.066666666666663,0.0,0.0,,1,Free_feed
2023-09-16 13:13:55,1.16.3,Free_feed,12,3.91,1.0,0,Pellet,Left,22,26,242,0,10.47,23.0,,,0 days 18:37:21.000000000,1.0,0.3833333333333333,0.0,0.0,,1,Free_feed
2023-09-16 13:45:51,1.16.3,Free_feed,12,3.9,1.0,0,Pellet,Left,22,26,243,0,,1916.0,,,0 days 19:09:17.000000000,1.0,31.933333333333337,0.0,0.0,,1,Free_feed
2023-09-16 13:54:28,1.16.3,Free_feed,12,3.9,1.0,0,Pellet,Left,22,26,244,0,,517.0,,,0 days 19:17:54.000000000,1.0,8.616666666666667,0.0,0.0,,1,Free_feed
2023-09-16 14:16:23,1.16.3,Free_feed,12,3.9,1.0,0,Pellet,Left,22,26,245,0,,1315.0,,,0 days 19:39:49.000000000,1.0,21.916666666666668,0.0,0.0,,1,Free_feed
2023-09-16 14:25:47,1.16.3,Free_feed,12,3.91,,0,Poke,Left,22,27,245,0,,,0.53,,0 days 19:49:13.000000000,0.0,,0.0,1.0,0.0,1,Free_feed
2023-09-16 14:26:28,1.16.3,Free_feed,12,3.9,1.0,0,Pellet,Left,22,27,246,0,,605.0,,,0 days 19:49:54.000000000,1.0,10.083333333333334,0.0,0.0,,1,Free_feed
2023-09-16 14:26:53,1.16.3,Free_feed,12,3.9,1.0,0,Pellet,Left,22,27,247,0,13.6,25.0,,,0 days 19:50:19.000000000,1.0,0.4166666666666667,0.0,0.0,,1,Free_feed
2023-09-16 14:27:25,1.16.3,Free_feed,12,3.9,1.0,0,Pellet,Left,22,27,248,0,19.62,31.0,,,0 days 19:50:51.000000000,1.0,0.5333333333333333,0.0,0.0,,1,Free_feed
2023-09-16 14:29:25,1.16.3,Free_feed,12,3.9,,0,Poke,Left,23,27,248,0,,,0.51,,0 days 19:52:51.000000000,0.0,,1.0,0.0,1.0,1,Free_feed
2023-09-16 14:39:12,1.16.3,Free_feed,12,3.9,,0,Poke,Left,23,28,248,0,,,0.01,,0 days 20:02:38.000000000,0.0,,0.0,1.0,0.0,1,Free_feed
2023-09-16 15:23:47,1.16.3,Free_feed,12,3.9,1.0,0,Pellet,Left,23,28,249,0,,3383.0,,,0 days 20:47:13.000000000,1.0,56.36666666666667,0.0,0.0,,1,Free_feed
2023-09-16 15:24:23,1.16.3,Free_feed,12,3.89,1.0,0,Pellet,Left,23,28,250,0,24.29,36.0,,,0 days 20:47:49.000000000,1.0,0.6,0.0,0.0,,1,Free_feed
2023-09-16 15:24:39,1.16.3,Free_feed,12,3.89,1.0,0,Pellet,Left,23,28,251,0,3.91,16.0,,,0 days 20:48:05.000000000,1.0,0.2666666666666666,0.0,0.0,,1,Free_feed
2023-09-16 15:25:16,1.16.3,Free_feed,12,3.9,1.0,0,Pellet,Left,23,28,252,0,24.78,37.0,,,0 days 20:48:42.000000000,1.0,0.6166666666666667,0.0,0.0,,1,Free_feed
2023-09-16 15:25:31,1.16.3,Free_feed,12,3.9,1.0,0,Pellet,Left,23,28,253,0,2.99,15.0,,,0 days 20:48:57.000000000,1.0,0.25,0.0,0.0,,1,Free_feed
2023-09-16 15:44:34,1.16.3,Free_feed,12,3.9,1.0,0,Pellet,Left,23,28,254,0,,1143.0,,,0 days 21:08:00.000000000,1.0,19.05,0.0,0.0,,1,Free_feed
2023-09-16 15:44:56,1.16.3,Free_feed,12,3.9,1.0,0,Pellet,Left,23,28,255,0,9.36,22.0,,,0 days 21:08:22.000000000,1.0,0.3666666666666666,0.0,0.0,,1,Free_feed
2023-09-16 15:45:14,1.16.3,Free_feed,12,3.9,1.0,0,Pellet,Left,23,28,256,0,7.22,18.0,,,0 days 21:08:40.000000000,1.0,0.3,0.0,0.0,,1,Free_feed
2023-09-16 16:21:45,1.16.3,Free_feed,12,3.9,1.0,0,Pellet,Left,23,28,257,0,,2191.0,,,0 days 21:45:11.000000000,1.0,36.516666666666666,0.0,0.0,,1,Free_feed
2023-09-16 16:40:21,1.16.3,Free_feed,12,3.89,1.0,0,Pellet,Left,23,28,258,0,,1116.0,,,0 days 22:03:47.000000000,1.0,18.6,0.0,0.0,,1,Free_feed
2023-09-16 16:40:43,1.16.3,Free_feed,12,3.9,1.0,0,Pellet,Left,23,28,259,0,9.67,22.0,,,0 days 22:04:09.000000000,1.0,0.3666666666666666,0.0,0.0,,1,Free_feed
2023-09-16 16:41:01,1.16.3,Free_feed,12,3.89,1.0,0,Pellet,Left,23,28,260,0,5.5,18.0,,,0 days 22:04:27.000000000,1.0,0.3,0.0,0.0,,1,Free_feed
2023-09-16 16:41:31,1.16.3,Free_feed,12,3.89,1.0,0,Pellet,Left,23,28,261,0,18.45,30.0,,,0 days 22:04:57.000000000,1.0,0.5,0.0,0.0,,1,Free_feed
2023-09-16 17:50:45,1.16.3,Free_feed,12,3.89,1.0,0,Pellet,Left,23,28,262,0,,4154.0,,,0 days 23:14:11.000000000,1.0,69.23333333333333,0.0,0.0,,1,Free_feed
2023-09-16 17:51:35,1.16.3,Free_feed,12,3.89,1.0,0,Pellet,Left,23,28,263,0,38.64,50.0,,,0 days 23:15:01.000000000,1.0,0.8333333333333334,0.0,0.0,,1,Free_feed
2023-09-16 17:51:55,1.16.3,Free_feed,12,3.89,1.0,0,Pellet,Left,23,28,264,0,8.45,20.0,,,0 days 23:15:21.000000000,1.0,0.3333333333333333,0.0,0.0,,1,Free_feed
2023-09-16 18:17:49,1.16.3,Free_feed,12,3.89,1.0,0,Pellet,Left,23,28,265,0,,1554.0,,,0 days 23:41:15.000000000,1.0,25.9,0.0,0.0,,1,Free_feed
2023-09-16 18:22:31,1.16.3,Free_feed,12,3.89,,0,Poke,Left,23,29,265,0,,,0.9,,0 days 23:45:57.000000000,0.0,,0.0,1.0,0.0,1,Free_feed
2023-09-16 19:03:06,1.16.3,Free_feed,12,3.89,1.0,0,Pellet,Left,23,29,266,0,,2717.0,,,1 days 00:26:32.000000000,1.0,45.28333333333333,0.0,0.0,,1,Free_feed
2023-09-16 19:03:37,1.16.3,Free_feed,12,3.89,1.0,0,Pellet,Left,23,29,267,0,19.74,31.0,,,1 days 00:27:03.000000000,1.0,0.5166666666666667,0.0,0.0,,1,Free_feed
2023-09-16 19:04:01,1.16.3,Free_feed,12,3.89,1.0,0,Pellet,Left,23,29,268,0,12.25,24.0,,,1 days 00:27:27.000000000,1.0,0.4,0.0,0.0,,1,Free_feed
2023-09-16 19:04:39,1.16.3,Free_feed,12,3.89,1.0,0,Pellet,Left,23,29,269,0,25.65,38.0,,,1 days 00:28:05.000000000,1.0,0.6333333333333333,0.0,0.0,,1,Free_feed
