MM:DD:YYYY hh:mm:ss,Library_Version,Session_type,Device_Number,Battery_Voltage,Motor_Turns,FR,Event,Active_Poke,Left_Poke_Count,Right_Poke_Count,Pellet_Count,Block_Pellet_Count,Retrieval_Time,InterPelletInterval,Poke_Time
2022-10-03 22:45:17,1.9.0,Free_feed,3,3.75,4,1,Pellet,Left,0,0,1,0,Timed_out,,
2022-10-03 23:00:39,1.9.0,Free_feed,3,3.74,3,1,Pellet,Left,0,0,2,0,Timed_out,922.0,
2022-10-03 23:08:13,1.9.0,Free_feed,3,3.75,2,1,Pellet,Left,0,0,3,0,Timed_out,454.0,
2022-10-03 23:09:28,1.9.0,Free_feed,3,3.74,1,1,Pellet,Left,0,0,4,0,Timed_out,75.0,
2022-10-03 23:11:24,1.9.0,Free_feed,3,3.74,1,1,Pellet,Left,0,0,5,0,Timed_out,116.0,
2022-10-03 23:12:15,1.9.0,Free_feed,3,3.74,1,1,LeftWithPellet,Left,1,0,5,0,,,0.21
2022-10-03 23:21:20,1.9.0,Free_feed,3,3.74,1,1,Pellet,Left,1,0,6,0,Timed_out,596.0,
2022-10-03 23:23:16,1.9.0,Free_feed,3,3.74,1,1,Pellet,Left,1,0,7,0,Timed_out,116.0,
2022-10-03 23:24:41,1.9.0,Free_feed,3,3.75,1,1,Pellet,Left,1,0,8,0,Timed_out,84.0,
2022-10-03 23:29:38,1.9.0,Free_feed,3,3.74,1,1,Pellet,Left,1,0,9,0,Timed_out,298.0,
2022-10-03 23:31:43,1.9.0,Free_feed,3,3.74,3,1,Pellet,Left,1,0,10,0,Timed_out,125.0,
2022-10-03 23:35:45,1.9.0,Free_feed,3,3.74,1,1,Pellet,Left,1,0,11,0,Timed_out,242.0,
2022-10-03 23:39:26,1.9.0,Free_feed,3,3.74,1,1,Pellet,Left,1,0,12,0,Timed_out,221.0,
2022-10-03 23:44:11,1.9.0,Free_feed,3,3.74,1,1,Pellet,Left,1,0,13,0,Timed_out,285.0,
2022-10-03 23:50:47,1.9.0,Free_feed,3,3.74,2,1,Pellet,Left,1,0,14,0,Timed_out,396.0,
2022-10-03 23:51:02,1.9.0,Free_feed,3,3.74,2,1,Pellet,Left,1,0,15,0,7.50,15.0,
2022-10-03 23:51:58,1.9.0,Free_feed,3,3.74,2,1,Pellet,Left,1,0,16,0,49.02,56.0,
2022-10-03 23:59:52,1.9.0,Free_feed,3,3.74,2,1,Pellet,Left,1,0,17,0,Timed_out,473.0,
2022-10-04 00:00:03,1.9.0,Free_feed,3,3.74,2,1,Pellet,Left,1,0,18,0,7.90,12.0,
2022-10-04 00:01:18,1.9.0,Free_feed,3,3.74,1,1,Pellet,Left,1,0,19,0,Timed_out,74.0,
2022-10-04 00:02:29,1.9.0,Free_feed,3,3.74,1,1,Pellet,Left,1,0,20,0,Timed_out,72.0,
2022-10-04 00:04:43,1.9.0,Free_feed,3,3.75,3,1,Pellet,Left,1,0,21,0,Timed_out,134.0,
2022-10-04 00:11:17,1.9.0,Free_feed,3,3.74,2,1,Pellet,Left,1,0,22,0,Timed_out,394.0,
2022-10-04 00:14:06,1.9.0,Free_feed,3,3.74,1,1,Pellet,Left,1,0,23,0,Timed_out,169.0,
2022-10-04 00:17:00,1.9.0,Free_feed,3,3.74,1,1,Pellet,Left,1,0,24,0,Timed_out,174.0,
2022-10-04 00:17:20,1.9.0,Free_feed,3,3.74,2,1,Pellet,Left,1,0,25,0,11.93,20.0,
2022-10-04 00:17:31,1.9.0,Free_feed,3,3.74,1,1,Pellet,Left,1,0,26,0,3.42,11.0,
2022-10-04 00:27:06,1.9.0,Free_feed,3,3.74,3,1,Pellet,Left,1,0,27,0,Timed_out,575.0,
2022-10-04 00:27:07,1.9.0,Free_feed,3,3.74,1,1,Pellet,Left,1,0,28,0,0.06,0.0,
2022-10-04 00:27:59,1.9.0,Free_feed,3,3.74,1,1,Pellet,Left,1,0,29,0,45.29,52.0,
2022-10-04 00:36:23,1.9.0,Free_feed,3,3.74,2,1,Pellet,Left,1,0,30,0,Timed_out,504.0,
2022-10-04 00:36:40,1.9.0,Free_feed,3,3.74,1,1,Pellet,Left,1,0,31,0,10.55,18.0,
2022-10-04 00:36:56,1.9.0,Free_feed,3,3.74,1,1,RightWithPellet,Left,1,1,31,0,,,0.03
2022-10-04 00:37:33,1.9.0,Free_feed,3,3.74,1,1,Pellet,Left,1,1,32,0,46.44,53.0,
2022-10-04 00:37:50,1.9.0,Free_feed,3,3.74,1,1,Pellet,Left,1,1,33,0,11.14,17.0,
2022-10-04 00:41:05,1.9.0,Free_feed,3,3.74,1,1,Pellet,Left,1,1,34,0,Timed_out,194.0,
2022-10-04 00:46:16,1.9.0,Free_feed,3,3.74,1,1,Pellet,Left,1,1,35,0,Timed_out,312.0,
2022-10-04 00:52:06,1.9.0,Free_feed,3,3.74,1,1,Pellet,Left,1,1,36,0,Timed_out,350.0,
2022-10-04 00:56:17,1.9.0,Free_feed,3,3.74,1,1,Pellet,Left,1,1,37,0,Timed_out,251.0,
2022-10-04 01:02:44,1.9.0,Free_feed,3,3.74,1,1,Pellet,Left,1,1,38,0,Timed_out,387.0,
2022-10-04 01:10:47,1.9.0,Free_feed,3,3.74,1,1,Pellet,Left,1,1,39,0,Timed_out,483.0,
2022-10-04 01:11:02,1.9.0,Free_feed,3,3.74,1,1,Pellet,Left,1,1,40,0,13.31,15.0,
2022-10-04 01:11:13,1.9.0,Free_feed,3,3.74,1,1,Pellet,Left,1,1,41,0,4.47,11.0,
2022-10-04 01:11:37,1.9.0,Free_feed,3,3.74,1,1,Pellet,Left,1,1,42,0,17.93,24.0,
2022-10-04 01:11:39,1.9.0,Free_feed,3,3.74,1,1,Pellet,Left,1,1,43,0,0.06,2.0,
2022-10-04 01:11:52,1.9.0,Free_feed,3,3.74,1,1,Pellet,Left,1,1,44,0,6.32,13.0,
2022-10-04 01:18:59,1.9.0,Free_feed,3,3.74,1,1,Pellet,Left,1,1,45,0,Timed_out,427.0,
2022-10-04 01:19:13,1.9.0,Free_feed,3,3.74,1,1,LeftWithPellet,Left,2,1,45,0,,,0.43
2022-10-04 01:19:15,1.9.0,Free_feed,3,3.74,1,1,Pellet,Left,2,1,46,0,9.66,16.0,
2022-10-04 01:23:51,1.9.0,Free_feed,3,3.74,1,1,Pellet,Left,2,1,47,0,Timed_out,276.0,
2022-10-04 01:30:35,1.9.0,Free_feed,3,3.74,1,1,Pellet,Left,2,1,48,0,Timed_out,404.0,
2022-10-04 01:37:31,1.9.0,Free_feed,3,3.74,1,1,Pellet,Left,2,1,49,0,Timed_out,416.0,
2022-10-04 01:41:47,1.9.0,Free_feed,3,3.74,1,1,Pellet,Left,2,1,50,0,Timed_out,255.0,
2022-10-04 01:41:58,1.9.0,Free_feed,3,3.74,1,1,LeftWithPellet,Left,3,1,50,0,,,0.34
2022-10-04 01:41:59,1.9.0,Free_feed,3,3.74,1,1,LeftWithPellet,Left,4,1,50,0,,,0.7
2022-10-04 01:42:00,1.9.0,Free_feed,3,3.74,1,1,LeftWithPellet,Left,5,1,50,0,,,0.26
2022-10-04 01:43:19,1.9.0,Free_feed,3,3.74,1,1,Pellet,Left,5,1,51,0,Timed_out,92.0,
2022-10-04 01:43:30,1.9.0,Free_feed,3,3.74,1,1,Pellet,Left,5,1,52,0,5.00,12.0,
2022-10-04 01:46:23,1.9.0,Free_feed,3,3.74,1,1,Pellet,Left,5,1,53,0,Timed_out,173.0,
2022-10-04 01:56:25,1.9.0,Free_feed,3,3.74,2,1,Pellet,Left,5,1,54,0,Timed_out,602.0,
2022-10-04 02:01:46,1.9.0,Free_feed,3,3.73,1,1,Pellet,Left,5,1,55,0,Timed_out,321.0,
2022-10-04 02:06:10,1.9.0,Free_feed,3,3.74,1,1,Pellet,Left,5,1,56,0,Timed_out,264.0,
2022-10-04 02:08:53,1.9.0,Free_feed,3,3.74,1,1,Pellet,Left,5,1,57,0,Timed_out,163.0,
2022-10-04 02:12:39,1.9.0,Free_feed,3,3.73,1,1,Pellet,Left,5,1,58,0,Timed_out,226.0,
2022-10-04 02:12:47,1.9.0,Free_feed,3,3.74,2,1,Pellet,Left,5,1,59,0,0.06,8.0,
2022-10-04 02:14:05,1.9.0,Free_feed,3,3.74,2,1,Pellet,Left,5,1,60,0,Timed_out,78.0,
2022-10-04 02:16:46,1.9.0,Free_feed,3,3.73,1,1,Pellet,Left,5,1,61,0,Timed_out,161.0,
2022-10-04 02:18:34,1.9.0,Free_feed,3,3.74,1,1,Pellet,Left,5,1,62,0,Timed_out,108.0,
2022-10-04 02:29:46,1.9.0,Free_feed,3,3.74,1,1,Pellet,Left,5,1,63,0,Timed_out,672.0,
2022-10-04 02:33:26,1.9.0,Free_feed,3,3.73,1,1,Pellet,Left,5,1,64,0,Timed_out,219.0,
2022-10-04 02:34:53,1.9.0,Free_feed,3,3.74,2,1,Pellet,Left,5,1,65,0,Timed_out,88.0,
2022-10-04 02:35:07,1.9.0,Free_feed,3,3.74,1,1,Pellet,Left,5,1,66,0,7.37,14.0,
2022-10-04 02:35:19,1.9.0,Free_feed,3,3.74,1,1,Pellet,Left,5,1,67,0,5.53,12.0,
2022-10-04 02:38:38,1.9.0,Free_feed,3,3.74,1,1,Pellet,Left,5,1,68,0,Timed_out,199.0,
2022-10-04 02:40:17,1.9.0,Free_feed,3,3.74,1,1,Pellet,Left,5,1,69,0,Timed_out,98.0,
2022-10-04 02:40:26,1.9.0,Free_feed,3,3.73,1,1,LeftWithPellet,Left,6,1,69,0,,,0.42
2022-10-04 02:47:14,1.9.0,Free_feed,3,3.74,1,1,Pellet,Left,6,1,70,0,Timed_out,418.0,
2022-10-04 02:47:41,1.9.0,Free_feed,3,3.73,1,1,RightWithPellet,Left,6,2,70,0,,,0.28
2022-10-04 02:51:13,1.9.0,Free_feed,3,3.74,1,1,Pellet,Left,6,2,71,0,Timed_out,239.0,
2022-10-04 02:51:26,1.9.0,Free_feed,3,3.74,1,1,Pellet,Left,6,2,72,0,5.72,13.0,
2022-10-04 02:57:20,1.9.0,Free_feed,3,3.73,1,1,Pellet,Left,6,2,73,0,Timed_out,354.0,
2022-10-04 02:57:27,1.9.0,Free_feed,3,3.74,2,1,Pellet,Left,6,2,74,0,0.72,7.0,
2022-10-04 02:57:41,1.9.0,Free_feed,3,3.74,1,1,Pellet,Left,6,2,75,0,6.71,13.0,
2022-10-04 02:57:42,1.9.0,Free_feed,3,3.74,1,1,Pellet,Left,6,2,76,0,0.39,2.0,
2022-10-04 02:57:57,1.9.0,Free_feed,3,3.74,1,1,Pellet,Left,6,2,77,0,8.43,15.0,
2022-10-04 03:05:01,1.9.0,Free_feed,3,3.73,1,1,Pellet,Left,6,2,78,0,Timed_out,424.0,
2022-10-04 03:06:58,1.9.0,Free_feed,3,3.73,1,1,Pellet,Left,6,2,79,0,Timed_out,117.0,
2022-10-04 03:17:28,1.9.0,Free_feed,3,3.73,1,1,Pellet,Left,6,2,80,0,Timed_out,630.0,
2022-10-04 03:20:45,1.9.0,Free_feed,3,3.74,1,1,Pellet,Left,6,2,81,0,Timed_out,197.0,
2022-10-04 03:25:06,1.9.0,Free_feed,3,3.74,2,1,Pellet,Left,6,2,82,0,Timed_out,261.0,
2022-10-04 03:25:33,1.9.0,Free_feed,3,3.73,1,1,Pellet,Left,6,2,83,0,24.77,27.0,
2022-10-04 03:25:35,1.9.0,Free_feed,3,3.74,1,1,Pellet,Left,6,2,84,0,0.39,2.0,
2022-10-04 03:26:02,1.9.0,Free_feed,3,3.73,1,1,Pellet,Left,6,2,85,0,20.86,27.0,
2022-10-04 03:29:32,1.9.0,Free_feed,3,3.74,1,1,Pellet,Left,6,2,86,0,Timed_out,210.0,
2022-10-04 03:38:40,1.9.0,Free_feed,3,3.74,1,1,Pellet,Left,6,2,87,0,Timed_out,548.0,
2022-10-04 03:38:50,1.9.0,Free_feed,3,3.74,2,1,Pellet,Left,6,2,88,0,3.88,10.0,
2022-10-04 03:38:58,1.9.0,Free_feed,3,3.74,1,1,Pellet,Left,6,2,89,0,0.98,8.0,
2022-10-04 03:53:44,1.9.0,Free_feed,3,3.74,1,1,Pellet,Left,6,2,90,0,Timed_out,886.0,
2022-10-04 04:02:25,1.9.0,Free_feed,3,3.73,2,1,Pellet,Left,6,2,91,0,Timed_out,521.0,
2022-10-04 04:04:19,1.9.0,Free_feed,3,3.73,2,1,Pellet,Left,6,2,92,0,Timed_out,114.0,
2022-10-04 04:04:20,1.9.0,Free_feed,3,3.74,1,1,Pellet,Left,6,2,93,0,0.06,1.0,
2022-10-04 04:04:51,1.9.0,Free_feed,3,3.73,1,1,Pellet,Left,6,2,94,0,23.96,31.0,
2022-10-04 04:09:32,1.9.0,Free_feed,3,3.73,2,1,Pellet,Left,6,2,95,0,Timed_out,281.0,
2022-10-04 04:14:50,1.9.0,Free_feed,3,3.73,1,1,Pellet,Left,6,2,96,0,Timed_out,318.0,
2022-10-04 04:14:59,1.9.0,Free_feed,3,3.73,1,1,RightWithPellet,Left,6,3,96,0,,,0.26
2022-10-04 04:15:14,1.9.0,Free_feed,3,3.73,1,1,Pellet,Left,6,3,97,0,17.35,24.0,
2022-10-04 04:18:34,1.9.0,Free_feed,3,3.73,1,1,Pellet,Left,6,3,98,0,Timed_out,199.0,
2022-10-04 04:20:32,1.9.0,Free_feed,3,3.73,2,1,Pellet,Left,6,3,99,0,Timed_out,119.0,
2022-10-04 04:22:33,1.9.0,Free_feed,3,3.73,1,1,Pellet,Left,6,3,100,0,Timed_out,121.0,
2022-10-04 04:41:44,1.9.0,Free_feed,3,3.74,1,1,Pellet,Left,6,3,101,0,Timed_out,1151.0,
2022-10-04 04:43:41,1.9.0,Free_feed,3,3.73,3,1,Pellet,Left,6,3,102,0,Timed_out,117.0,
2022-10-04 04:48:38,1.9.0,Free_feed,3,3.73,2,1,Pellet,Left,6,3,103,0,Timed_out,297.0,
2022-10-04 04:49:33,1.9.0,Free_feed,3,3.73,1,1,LeftWithPellet,Left,7,3,103,0,,,0.13
2022-10-04 04:49:34,1.9.0,Free_feed,3,3.73,1,1,LeftWithPellet,Left,8,3,103,0,,,0.07
2022-10-04 04:49:34,1.9.0,Free_feed,3,3.73,1,1,LeftWithPellet,Left,9,3,103,0,,,0.12
2022-10-04 04:49:35,1.9.0,Free_feed,3,3.74,1,1,LeftWithPellet,Left,10,3,103,0,,,0.23
2022-10-04 04:49:36,1.9.0,Free_feed,3,3.74,1,1,LeftWithPellet,Left,11,3,103,0,,,0.57
2022-10-04 04:49:38,1.9.0,Free_feed,3,3.74,1,1,LeftWithPellet,Left,12,3,103,0,,,0.13
2022-10-04 04:49:40,1.9.0,Free_feed,3,3.73,1,1,LeftWithPellet,Left,13,3,103,0,,,0.58
2022-10-04 04:49:41,1.9.0,Free_feed,3,3.74,1,1,LeftWithPellet,Left,14,3,103,0,,,0.02
2022-10-04 04:49:41,1.9.0,Free_feed,3,3.74,1,1,LeftWithPellet,Left,15,3,103,0,,,0.03
2022-10-04 04:49:42,1.9.0,Free_feed,3,3.74,1,1,LeftWithPellet,Left,16,3,103,0,,,0.06
2022-10-04 04:49:43,1.9.0,Free_feed,3,3.74,1,1,LeftWithPellet,Left,17,3,103,0,,,0.03
2022-10-04 04:49:45,1.9.0,Free_feed,3,3.73,1,1,LeftWithPellet,Left,18,3,103,0,,,0.23
2022-10-04 04:54:20,1.9.0,Free_feed,3,3.73,1,1,Pellet,Left,18,3,104,0,Timed_out,342.0,
2022-10-04 04:54:34,1.9.0,Free_feed,3,3.73,1,1,LeftWithPellet,Left,19,3,104,0,,,0.02
2022-10-04 04:54:35,1.9.0,Free_feed,3,3.73,1,1,LeftWithPellet,Left,20,3,104,0,,,0.05
2022-10-04 04:54:36,1.9.0,Free_feed,3,3.73,1,1,LeftWithPellet,Left,21,3,104,0,,,0.7
2022-10-04 04:54:40,1.9.0,Free_feed,3,3.73,1,1,LeftWithPellet,Left,22,3,104,0,,,0.82
2022-10-04 04:54:46,1.9.0,Free_feed,3,3.74,1,1,LeftWithPellet,Left,23,3,104,0,,,0.07
2022-10-04 04:57:53,1.9.0,Free_feed,3,3.73,1,1,Pellet,Left,23,3,105,0,Timed_out,213.0,
2022-10-04 04:58:10,1.9.0,Free_feed,3,3.73,1,1,Pellet,Left,23,3,106,0,9.23,17.0,
2022-10-04 04:59:24,1.9.0,Free_feed,3,3.73,1,1,Pellet,Left,23,3,107,0,Timed_out,74.0,
2022-10-04 04:59:43,1.9.0,Free_feed,3,3.73,1,1,RightWithPellet,Left,23,4,107,0,,,0.58
2022-10-04 05:00:28,1.9.0,Free_feed,3,3.73,1,1,RightWithPellet,Left,23,5,107,0,,,0.03
2022-10-04 05:00:55,1.9.0,Free_feed,3,3.73,1,1,Pellet,Left,23,5,108,0,Timed_out,91.0,
2022-10-04 05:31:06,1.9.0,Free_feed,3,3.74,1,1,Pellet,Left,23,5,109,0,Timed_out,1811.0,
2022-10-04 05:31:24,1.9.0,Free_feed,3,3.73,1,1,LeftWithPellet,Left,24,5,109,0,,,0.14
2022-10-04 05:31:26,1.9.0,Free_feed,3,3.73,1,1,Pellet,Left,24,5,110,0,14.18,20.0,
2022-10-04 05:31:44,1.9.0,Free_feed,3,3.73,1,1,Pellet,Left,24,5,111,0,11.59,18.0,
2022-10-04 05:37:00,1.9.0,Free_feed,3,3.73,1,1,Pellet,Left,24,5,112,0,Timed_out,315.0,
2022-10-04 05:37:16,1.9.0,Free_feed,3,3.73,1,1,Pellet,Left,24,5,113,0,9.48,17.0,
2022-10-04 05:41:13,1.9.0,Free_feed,3,3.73,1,1,Pellet,Left,24,5,114,0,Timed_out,236.0,
2022-10-04 05:45:15,1.9.0,Free_feed,3,3.73,1,1,Pellet,Left,24,5,115,0,Timed_out,243.0,
2022-10-04 05:45:24,1.9.0,Free_feed,3,3.73,1,1,Pellet,Left,24,5,116,0,2.43,9.0,
2022-10-04 05:45:40,1.9.0,Free_feed,3,3.73,2,1,Pellet,Left,24,5,117,0,12.72,16.0,
2022-10-04 05:45:57,1.9.0,Free_feed,3,3.73,1,1,Pellet,Left,24,5,118,0,9.88,16.0,
2022-10-04 05:45:58,1.9.0,Free_feed,3,3.73,1,1,Pellet,Left,24,5,119,0,0.32,2.0,
2022-10-04 05:46:21,1.9.0,Free_feed,3,3.73,1,1,LeftWithPellet,Left,25,5,119,0,,,0.61
2022-10-04 05:46:23,1.9.0,Free_feed,3,3.73,1,1,LeftWithPellet,Left,26,5,119,0,,,0.12
2022-10-04 05:46:24,1.9.0,Free_feed,3,3.73,1,1,LeftWithPellet,Left,27,5,119,0,,,0.12
2022-10-04 05:46:27,1.9.0,Free_feed,3,3.73,1,1,Pellet,Left,27,5,120,0,22.50,29.0,
2022-10-04 05:53:19,1.9.0,Free_feed,3,3.73,1,1,Pellet,Left,27,5,121,0,Timed_out,412.0,
2022-10-04 06:01:02,1.9.0,Free_feed,3,3.73,1,1,Pellet,Left,27,5,122,0,Timed_out,463.0,
2022-10-04 06:01:08,1.9.0,Free_feed,3,3.73,1,1,Pellet,Left,27,5,123,0,2.10,6.0,
2022-10-04 06:01:43,1.9.0,Free_feed,3,3.73,1,1,Pellet,Left,27,5,124,0,27.74,34.0,
2022-10-04 06:06:07,1.9.0,Free_feed,3,3.73,1,1,Pellet,Left,27,5,125,0,Timed_out,265.0,
2022-10-04 06:13:44,1.9.0,Free_feed,3,3.74,1,1,Pellet,Left,27,5,126,0,Timed_out,457.0,
2022-10-04 06:14:01,1.9.0,Free_feed,3,3.73,1,1,Pellet,Left,27,5,127,0,10.41,17.0,
2022-10-04 06:14:02,1.9.0,Free_feed,3,3.73,1,1,Pellet,Left,27,5,128,0,0.06,1.0,
2022-10-04 06:18:55,1.9.0,Free_feed,3,3.73,1,1,Pellet,Left,27,5,129,0,Timed_out,293.0,
2022-10-04 06:19:56,1.9.0,Free_feed,3,3.73,2,1,LeftWithPellet,Left,28,5,129,0,,,0.17
2022-10-04 06:21:04,1.9.0,Free_feed,3,3.73,2,1,Pellet,Left,28,5,130,0,Timed_out,128.0,
2022-10-04 06:21:15,1.9.0,Free_feed,3,3.73,1,1,Pellet,Left,28,5,131,0,5.07,12.0,
2022-10-04 06:21:16,1.9.0,Free_feed,3,3.73,1,1,Pellet,Left,28,5,132,0,0.06,1.0,
2022-10-04 06:25:04,1.9.0,Free_feed,3,3.73,1,1,Pellet,Left,28,5,133,0,Timed_out,228.0,
2022-10-04 06:25:17,1.9.0,Free_feed,3,3.74,1,1,Pellet,Left,28,5,134,0,5.93,13.0,
2022-10-04 06:25:32,1.9.0,Free_feed,3,3.73,1,1,Pellet,Left,28,5,135,0,8.37,15.0,
2022-10-04 06:37:59,1.9.0,Free_feed,3,3.73,1,1,Pellet,Left,28,5,136,0,Timed_out,747.0,
2022-10-04 06:39:06,1.9.0,Free_feed,3,3.73,1,1,Pellet,Left,28,5,137,0,59.91,67.0,
2022-10-04 06:42:09,1.9.0,Free_feed,3,3.73,1,1,Pellet,Left,28,5,138,0,Timed_out,183.0,
2022-10-04 06:42:20,1.9.0,Free_feed,3,3.73,1,1,Pellet,Left,28,5,139,0,3.95,11.0,
2022-10-04 06:42:36,1.9.0,Free_feed,3,3.73,1,1,Pellet,Left,28,5,140,0,9.36,16.0,
2022-10-04 06:51:16,1.9.0,Free_feed,3,3.73,1,1,Pellet,Left,28,5,141,0,Timed_out,519.0,
2022-10-04 07:02:13,1.9.0,Free_feed,3,3.73,2,1,Pellet,Left,28,5,142,0,Timed_out,658.0,
2022-10-04 07:04:51,1.9.0,Free_feed,3,3.73,1,1,Pellet,Left,28,5,143,0,Timed_out,158.0,
2022-10-04 07:07:28,1.9.0,Free_feed,3,3.73,1,1,Pellet,Left,28,5,144,0,Timed_out,156.0,
2022-10-04 07:07:39,1.9.0,Free_feed,3,3.73,1,1,Pellet,Left,28,5,145,0,4.47,11.0,
2022-10-04 07:08:59,1.9.0,Free_feed,3,3.73,1,1,Pellet,Left,28,5,146,0,Timed_out,81.0,
2022-10-04 07:09:12,1.9.0,Free_feed,3,3.73,1,1,Pellet,Left,28,5,147,0,5.99,13.0,
2022-10-04 07:14:34,1.9.0,Free_feed,3,3.73,2,1,Pellet,Left,28,5,148,0,Timed_out,322.0,
2022-10-04 07:14:57,1.9.0,Free_feed,3,3.73,1,1,Pellet,Left,28,5,149,0,15.76,23.0,
2022-10-04 07:27:58,1.9.0,Free_feed,3,3.73,1,1,Pellet,Left,28,5,150,0,Timed_out,781.0,
2022-10-04 07:28:12,1.9.0,Free_feed,3,3.73,2,1,LeftWithPellet,Left,29,5,150,0,,,0.19
2022-10-04 07:28:14,1.9.0,Free_feed,3,3.73,2,1,LeftWithPellet,Left,30,5,150,0,,,0.01
2022-10-04 07:28:14,1.9.0,Free_feed,3,3.73,2,1,LeftWithPellet,Left,31,5,150,0,,,0.18
2022-10-04 07:28:15,1.9.0,Free_feed,3,3.73,2,1,LeftWithPellet,Left,32,5,150,0,,,0.23
2022-10-04 07:28:16,1.9.0,Free_feed,3,3.73,2,1,LeftWithPellet,Left,33,5,150,0,,,0.11
2022-10-04 07:28:16,1.9.0,Free_feed,3,3.73,2,1,LeftWithPellet,Left,34,5,150,0,,,0.0
2022-10-04 07:28:18,1.9.0,Free_feed,3,3.73,2,1,LeftWithPellet,Left,35,5,150,0,,,0.01
2022-10-04 07:28:18,1.9.0,Free_feed,3,3.73,2,1,LeftWithPellet,Left,36,5,150,0,,,0.01
2022-10-04 07:28:20,1.9.0,Free_feed,3,3.73,2,1,LeftWithPellet,Left,37,5,150,0,,,0.01
2022-10-04 07:28:24,1.9.0,Free_feed,3,3.73,2,1,LeftWithPellet,Left,38,5,150,0,,,0.01
2022-10-04 07:28:24,1.9.0,Free_feed,3,3.73,2,1,LeftWithPellet,Left,39,5,150,0,,,0.39
2022-10-04 07:28:25,1.9.0,Free_feed,3,3.73,2,1,LeftWithPellet,Left,40,5,150,0,,,0.21
2022-10-04 07:28:26,1.9.0,Free_feed,3,3.73,2,1,LeftWithPellet,Left,41,5,150,0,,,0.3
2022-10-04 07:28:27,1.9.0,Free_feed,3,3.73,2,1,LeftWithPellet,Left,42,5,150,0,,,0.95
2022-10-04 07:28:34,1.9.0,Free_feed,3,3.73,2,1,Pellet,Left,42,5,151,0,27.39,36.0,
2022-10-04 07:29:05,1.9.0,Free_feed,3,3.73,2,1,Pellet,Left,42,5,152,0,22.58,31.0,
2022-10-04 07:41:58,1.9.0,Free_feed,3,3.73,1,1,Pellet,Left,42,5,153,0,Timed_out,772.0,
2022-10-04 07:42:11,1.9.0,Free_feed,3,3.73,1,1,Pellet,Left,42,5,154,0,6.45,14.0,
2022-10-04 07:42:22,1.9.0,Free_feed,3,3.73,1,1,Pellet,Left,42,5,155,0,5.26,11.0,
2022-10-04 07:42:39,1.9.0,Free_feed,3,3.73,1,1,Pellet,Left,42,5,156,0,9.29,16.0,
2022-10-04 07:42:57,1.9.0,Free_feed,3,3.73,1,1,Pellet,Left,42,5,157,0,11.60,19.0,
2022-10-04 07:43:16,1.9.0,Free_feed,3,3.73,1,1,Pellet,Left,42,5,158,0,12.33,18.0,
2022-10-04 07:43:33,1.9.0,Free_feed,3,3.73,2,1,Pellet,Left,42,5,159,0,10.68,18.0,
2022-10-04 07:54:13,1.9.0,Free_feed,3,3.73,1,1,Pellet,Left,42,5,160,0,Timed_out,640.0,
2022-10-04 07:54:26,1.9.0,Free_feed,3,3.73,1,1,Pellet,Left,42,5,161,0,6.78,13.0,
2022-10-04 07:54:43,1.9.0,Free_feed,3,3.73,2,1,Pellet,Left,42,5,162,0,7.97,17.0,
2022-10-04 08:03:54,1.9.0,Free_feed,3,3.73,1,1,Pellet,Left,42,5,163,0,Timed_out,551.0,
2022-10-04 08:04:05,1.9.0,Free_feed,3,3.73,1,1,Pellet,Left,42,5,164,0,4.94,11.0,
2022-10-04 08:14:48,1.9.0,Free_feed,3,3.73,2,1,Pellet,Left,42,5,165,0,Timed_out,642.0,
2022-10-04 08:14:56,1.9.0,Free_feed,3,3.73,1,1,Pellet,Left,42,5,166,0,1.44,9.0,
2022-10-04 08:15:06,1.9.0,Free_feed,3,3.73,2,1,Pellet,Left,42,5,167,0,3.82,10.0,
2022-10-04 08:15:25,1.9.0,Free_feed,3,3.73,1,1,Pellet,Left,42,5,168,0,11.21,18.0,
2022-10-04 08:28:18,1.9.0,Free_feed,3,3.73,1,1,Pellet,Left,42,5,169,0,Timed_out,774.0,
2022-10-04 08:28:42,1.9.0,Free_feed,3,3.73,2,1,Pellet,Left,42,5,170,0,14.65,24.0,
2022-10-04 08:36:42,1.9.0,Free_feed,3,3.73,1,1,Pellet,Left,42,5,171,0,Timed_out,480.0,
2022-10-04 08:36:50,1.9.0,Free_feed,3,3.73,1,1,Pellet,Left,42,5,172,0,0.98,7.0,
2022-10-04 08:37:32,1.9.0,Free_feed,3,3.73,1,1,Pellet,Left,42,5,173,0,35.63,43.0,
2022-10-04 09:01:57,1.9.0,Free_feed,3,3.73,1,1,Pellet,Left,42,5,174,0,Timed_out,1465.0,
2022-10-04 09:02:37,1.9.0,Free_feed,3,3.73,3,1,Pellet,Left,42,5,175,0,28.80,39.0,
2022-10-04 09:39:49,1.9.0,Free_feed,3,3.73,1,1,Pellet,Left,42,5,176,0,Timed_out,2232.0,
2022-10-04 09:40:07,1.9.0,Free_feed,3,3.73,1,1,Pellet,Left,42,5,177,0,17.28,19.0,
2022-10-04 09:50:53,1.9.0,Free_feed,3,3.73,1,1,Pellet,Left,42,5,178,0,Timed_out,646.0,
2022-10-04 09:51:19,1.9.0,Free_feed,3,3.73,1,1,Pellet,Left,42,5,179,0,22.58,26.0,
2022-10-04 09:51:27,1.9.0,Free_feed,3,3.73,1,1,Pellet,Left,42,5,180,0,0.72,7.0,
2022-10-04 09:56:34,1.9.0,Free_feed,3,3.73,1,1,Pellet,Left,42,5,181,0,Timed_out,308.0,
2022-10-04 12:00:56,1.9.0,Free_feed,3,3.73,1,1,Pellet,Left,42,5,182,0,Timed_out,7462.0,
2022-10-04 12:01:16,1.9.0,Free_feed,3,3.73,1,1,Pellet,Left,42,5,183,0,13.78,20.0,
2022-10-04 12:05:00,1.9.0,Free_feed,3,3.73,1,1,Pellet,Left,42,5,184,0,Timed_out,224.0,
2022-10-04 12:05:12,1.9.0,Free_feed,3,3.72,1,1,Pellet,Left,42,5,185,0,4.87,12.0,
2022-10-04 12:05:13,1.9.0,Free_feed,3,3.72,1,1,Pellet,Left,42,5,186,0,0.06,1.0,
2022-10-04 12:07:15,1.9.0,Free_feed,3,3.72,1,1,Pellet,Left,42,5,187,0,Timed_out,122.0,
2022-10-04 12:12:19,1.9.0,Free_feed,3,3.72,2,1,Pellet,Left,42,5,188,0,Timed_out,304.0,
2022-10-04 12:12:28,1.9.0,Free_feed,3,3.73,1,1,Pellet,Left,42,5,189,0,2.50,9.0,
2022-10-04 12:13:50,1.9.0,Free_feed,3,3.72,1,1,Pellet,Left,42,5,190,0,Timed_out,82.0,
2022-10-04 12:27:40,1.9.0,Free_feed,3,3.73,1,1,Pellet,Left,42,5,191,0,Timed_out,830.0,
2022-10-04 12:29:09,1.9.0,Free_feed,3,3.73,1,1,Pellet,Left,42,5,192,0,Timed_out,89.0,
2022-10-04 12:29:22,1.9.0,Free_feed,3,3.72,1,1,Pellet,Left,42,5,193,0,6.85,13.0,
2022-10-04 12:29:36,1.9.0,Free_feed,3,3.73,1,1,Pellet,Left,42,5,194,0,6.32,14.0,
2022-10-04 12:29:53,1.9.0,Free_feed,3,3.73,1,1,Pellet,Left,42,5,195,0,10.28,17.0,
2022-10-04 12:30:10,1.9.0,Free_feed,3,3.72,2,1,Pellet,Left,42,5,196,0,8.37,17.0,
2022-10-04 12:30:23,1.9.0,Free_feed,3,3.73,2,1,Pellet,Left,42,5,197,0,6.19,13.0,
2022-10-04 14:06:01,1.9.0,Free_feed,3,3.72,1,1,Pellet,Left,42,5,198,0,Timed_out,5738.0,
2022-10-04 14:06:20,1.9.0,Free_feed,3,3.72,1,1,Pellet,Left,42,5,199,0,11.94,19.0,
2022-10-04 14:06:39,1.9.0,Free_feed,3,3.73,1,1,Pellet,Left,42,5,200,0,12.40,19.0,
2022-10-04 15:39:47,1.9.0,Free_feed,3,3.72,1,1,Pellet,Left,42,5,201,0,Timed_out,5588.0,
2022-10-04 15:40:19,1.9.0,Free_feed,3,3.72,1,1,Pellet,Left,42,5,202,0,24.11,31.0,
2022-10-04 15:40:20,1.9.0,Free_feed,3,3.73,1,1,Pellet,Left,42,5,203,0,0.06,2.0,
2022-10-04 15:40:37,1.9.0,Free_feed,3,3.71,1,1,Pellet,Left,42,5,204,0,10.62,17.0,
2022-10-04 15:41:01,1.9.0,Free_feed,3,3.72,2,1,Pellet,Left,42,5,205,0,15.24,24.0,
2022-10-04 15:41:20,1.9.0,Free_feed,3,3.71,1,1,Pellet,Left,42,5,206,0,17.55,19.0,
2022-10-04 17:56:32,1.9.0,Free_feed,3,3.72,1,1,Pellet,Left,42,5,207,0,Timed_out,8112.0,
2022-10-04 17:58:28,1.9.0,Free_feed,3,3.72,1,1,Pellet,Left,42,5,208,0,Timed_out,116.0,
2022-10-04 17:58:47,1.9.0,Free_feed,3,3.71,1,1,Pellet,Left,42,5,209,0,16.77,18.0,
2022-10-04 17:59:02,1.9.0,Free_feed,3,3.72,1,1,Pellet,Left,42,5,210,0,8.70,16.0,
2022-10-04 17:59:12,1.9.0,Free_feed,3,3.72,1,1,LeftWithPellet,Left,43,5,210,0,,,0.05
2022-10-04 17:59:12,1.9.0,Free_feed,3,3.72,1,1,LeftWithPellet,Left,44,5,210,0,,,0.07
2022-10-04 17:59:13,1.9.0,Free_feed,3,3.72,1,1,LeftWithPellet,Left,45,5,210,0,,,0.53
2022-10-04 17:59:14,1.9.0,Free_feed,3,3.73,1,1,LeftWithPellet,Left,46,5,210,0,,,0.24
2022-10-04 17:59:16,1.9.0,Free_feed,3,3.72,1,1,LeftWithPellet,Left,47,5,210,0,,,0.31
2022-10-04 17:59:37,1.9.0,Free_feed,3,3.72,1,1,RightWithPellet,Left,47,6,210,0,,,0.94
2022-10-04 17:59:38,1.9.0,Free_feed,3,3.72,1,1,RightWithPellet,Left,47,7,210,0,,,0.37
2022-10-04 18:02:44,1.9.0,Free_feed,3,3.72,1,1,Pellet,Left,47,7,211,0,Timed_out,222.0,
2022-10-04 18:03:00,1.9.0,Free_feed,3,3.71,2,1,Pellet,Left,47,7,212,0,9.09,16.0,
2022-10-04 19:15:14,1.9.0,Free_feed,3,3.71,1,1,Pellet,Left,47,7,213,0,Timed_out,4334.0,
2022-10-04 19:15:28,1.9.0,Free_feed,3,3.72,1,1,Pellet,Left,47,7,214,0,6.85,14.0,
2022-10-04 19:16:11,1.9.0,Free_feed,3,3.72,1,1,Pellet,Left,47,7,215,0,35.82,43.0,
2022-10-04 19:16:12,1.9.0,Free_feed,3,3.71,1,1,Pellet,Left,47,7,216,0,0.06,1.0,
2022-10-04 19:18:32,1.9.0,Free_feed,3,3.71,1,1,Pellet,Left,47,7,217,0,Timed_out,140.0,
2022-10-04 20:12:43,1.9.0,Free_feed,3,3.71,1,1,Pellet,Left,47,7,218,0,Timed_out,3251.0,
2022-10-04 20:12:55,1.9.0,Free_feed,3,3.72,2,1,Pellet,Left,47,7,219,0,5.07,12.0,
2022-10-04 20:13:17,1.9.0,Free_feed,3,3.71,1,1,Pellet,Left,47,7,220,0,15.37,22.0,
2022-10-04 20:13:32,1.9.0,Free_feed,3,3.72,1,1,Pellet,Left,47,7,221,0,8.37,15.0,
2022-10-04 20:14:43,1.9.0,Free_feed,3,3.72,1,1,Pellet,Left,47,7,222,0,Timed_out,70.0,
2022-10-04 20:14:55,1.9.0,Free_feed,3,3.71,1,1,Pellet,Left,47,7,223,0,5.66,13.0,
2022-10-04 20:30:06,1.9.0,Free_feed,3,3.71,1,1,Pellet,Left,47,7,224,0,Timed_out,911.0,
2022-10-04 20:37:17,1.9.0,Free_feed,3,3.72,1,1,Pellet,Left,47,7,225,0,Timed_out,431.0,
2022-10-04 20:40:29,1.9.0,Free_feed,3,3.71,1,1,Pellet,Left,47,7,226,0,Timed_out,192.0,
2022-10-04 20:40:37,1.9.0,Free_feed,3,3.71,1,1,Pellet,Left,47,7,227,0,1.31,8.0,
2022-10-04 20:48:02,1.9.0,Free_feed,3,3.71,1,1,Pellet,Left,47,7,228,0,Timed_out,445.0,
2022-10-04 20:48:13,1.9.0,Free_feed,3,3.72,2,1,Pellet,Left,47,7,229,0,1.71,10.0,
2022-10-04 20:53:10,1.9.0,Free_feed,3,3.72,1,1,Pellet,Left,47,7,230,0,Timed_out,298.0,
2022-10-04 20:53:20,1.9.0,Free_feed,3,3.72,1,1,Pellet,Left,47,7,231,0,3.35,10.0,
2022-10-04 21:22:34,1.9.0,Free_feed,3,3.72,1,1,Pellet,Left,47,7,232,0,Timed_out,1754.0,
2022-10-04 21:23:11,1.9.0,Free_feed,3,3.71,1,1,Pellet,Left,47,7,233,0,35.99,37.0,
2022-10-04 21:40:39,1.9.0,Free_feed,3,3.72,1,1,Pellet,Left,47,7,234,0,Timed_out,1048.0,
2022-10-04 21:41:05,1.9.0,Free_feed,3,3.71,2,1,Pellet,Left,47,7,235,0,17.09,26.0,
2022-10-04 22:02:44,1.9.0,Free_feed,3,3.71,1,1,Pellet,Left,47,7,236,0,Timed_out,1298.0,
2022-10-04 22:02:46,1.9.0,Free_feed,3,3.71,1,1,Pellet,Left,47,7,237,0,0.06,3.0,
2022-10-04 22:02:54,1.9.0,Free_feed,3,3.71,1,1,Pellet,Left,47,7,238,0,1.84,8.0,
2022-10-04 22:03:34,1.9.0,Free_feed,3,3.71,1,1,Pellet,Left,47,7,239,0,33.45,40.0,
2022-10-04 22:04:14,1.9.0,Free_feed,3,3.71,2,1,Pellet,Left,47,7,240,0,31.53,40.0,
2022-10-04 22:25:02,1.9.0,Free_feed,3,3.71,1,1,Pellet,Left,47,7,241,0,Timed_out,1248.0,
2022-10-04 22:25:15,1.9.0,Free_feed,3,3.71,1,1,Pellet,Left,47,7,242,0,6.52,13.0,
2022-10-04 22:25:16,1.9.0,Free_feed,3,3.71,1,1,Pellet,Left,47,7,243,0,0.46,1.0,
2022-10-04 22:33:52,1.9.0,Free_feed,3,3.71,1,1,Pellet,Left,47,7,244,0,Timed_out,516.0,
2022-10-04 22:33:56,1.9.0,Free_feed,3,3.71,1,1,RightWithPellet,Left,47,8,244,0,,,0.36
2022-10-04 22:34:06,1.9.0,Free_feed,3,3.71,1,1,Pellet,Left,47,8,245,0,11.18,14.0,
2022-10-04 22:38:25,1.9.0,Free_feed,3,3.71,1,1,Pellet,Left,47,8,246,0,Timed_out,259.0,
2022-10-04 22:45:23,1.9.0,Free_feed,3,3.71,1,1,Pellet,Left,47,8,247,0,Timed_out,418.0,
2022-10-04 22:45:40,1.9.0,Free_feed,3,3.71,2,1,Pellet,Left,47,8,248,0,8.04,17.0,
2022-10-04 22:46:44,1.9.0,Free_feed,3,3.71,1,1,Pellet,Left,47,8,249,0,56.16,63.0,
2022-10-04 22:58:32,1.9.0,Free_feed,3,3.71,1,1,Pellet,Left,47,8,250,0,Timed_out,709.0,
2022-10-04 23:00:31,1.9.0,Free_feed,3,3.71,2,1,Pellet,Left,47,8,251,0,Timed_out,119.0,
2022-10-04 23:00:33,1.9.0,Free_feed,3,3.71,1,1,Pellet,Left,47,8,252,0,0.65,1.0,
2022-10-04 23:00:45,1.9.0,Free_feed,3,3.71,1,1,Pellet,Left,47,8,253,0,10.35,13.0,
2022-10-04 23:06:29,1.9.0,Free_feed,3,3.71,2,1,Pellet,Left,47,8,254,0,Timed_out,344.0,
2022-10-04 23:09:50,1.9.0,Free_feed,3,3.71,2,1,Pellet,Left,47,8,255,0,Timed_out,201.0,
2022-10-04 23:12:12,1.9.0,Free_feed,3,3.71,1,1,Pellet,Left,47,8,256,0,Timed_out,141.0,
2022-10-04 23:17:32,1.9.0,Free_feed,3,3.71,1,1,Pellet,Left,47,8,257,0,Timed_out,321.0,
2022-10-04 23:17:43,1.9.0,Free_feed,3,3.71,1,1,Pellet,Left,47,8,258,0,3.42,11.0,
2022-10-04 23:18:01,1.9.0,Free_feed,3,3.71,1,1,Pellet,Left,47,8,259,0,16.16,17.0,
2022-10-04 23:18:22,1.9.0,Free_feed,3,3.71,1,1,Pellet,Left,47,8,260,0,14.84,22.0,
2022-10-04 23:18:44,1.9.0,Free_feed,3,3.71,2,1,Pellet,Left,47,8,261,0,12.00,22.0,
2022-10-04 23:24:27,1.9.0,Free_feed,3,3.72,2,1,Pellet,Left,47,8,262,0,Timed_out,342.0,
2022-10-04 23:30:24,1.9.0,Free_feed,3,3.71,1,1,Pellet,Left,47,8,263,0,Timed_out,358.0,
2022-10-04 23:30:34,1.9.0,Free_feed,3,3.71,1,1,Pellet,Left,47,8,264,0,2.17,10.0,
2022-10-04 23:38:38,1.9.0,Free_feed,3,3.71,2,1,Pellet,Left,47,8,265,0,Timed_out,484.0,
2022-10-04 23:38:47,1.9.0,Free_feed,3,3.71,1,1,Pellet,Left,47,8,266,0,2.04,9.0,
2022-10-04 23:38:59,1.9.0,Free_feed,3,3.71,1,1,Pellet,Left,47,8,267,0,4.61,12.0,
2022-10-04 23:41:48,1.9.0,Free_feed,3,3.71,2,1,Pellet,Left,47,8,268,0,Timed_out,168.0,
2022-10-04 23:43:35,1.9.0,Free_feed,3,3.71,1,1,Pellet,Left,47,8,269,0,Timed_out,108.0,
2022-10-04 23:43:44,1.9.0,Free_feed,3,3.71,1,1,Pellet,Left,47,8,270,0,2.23,9.0,
2022-10-04 23:44:01,1.9.0,Free_feed,3,3.71,2,1,Pellet,Left,47,8,271,0,8.37,17.0,
2022-10-04 23:47:32,1.9.0,Free_feed,3,3.71,1,1,Pellet,Left,47,8,272,0,Timed_out,211.0,
2022-10-04 23:56:47,1.9.0,Free_feed,3,3.71,1,1,Pellet,Left,47,8,273,0,Timed_out,555.0,
2022-10-04 23:56:56,1.9.0,Free_feed,3,3.71,1,1,Pellet,Left,47,8,274,0,1.44,9.0,
2022-10-04 23:57:13,1.9.0,Free_feed,3,3.71,1,1,Pellet,Left,47,8,275,0,10.68,17.0,
2022-10-04 23:57:29,1.9.0,Free_feed,3,3.71,1,1,Pellet,Left,47,8,276,0,8.30,16.0,
2022-10-04 23:57:45,1.9.0,Free_feed,3,3.71,1,1,Pellet,Left,47,8,277,0,9.09,16.0,
2022-10-04 23:58:00,1.9.0,Free_feed,3,3.71,2,1,Pellet,Left,47,8,278,0,6.52,15.0,
2022-10-05 00:12:54,1.9.0,Free_feed,3,3.71,1,1,Pellet,Left,47,8,279,0,Timed_out,893.0,
2022-10-05 00:20:02,1.9.0,Free_feed,3,3.71,2,1,Pellet,Left,47,8,280,0,Timed_out,429.0,
2022-10-05 00:20:10,1.9.0,Free_feed,3,3.71,1,1,Pellet,Left,47,8,281,0,1.31,8.0,
2022-10-05 00:20:29,1.9.0,Free_feed,3,3.71,1,1,Pellet,Left,47,8,282,0,11.74,18.0,
2022-10-05 00:20:45,1.9.0,Free_feed,3,3.71,2,1,Pellet,Left,47,8,283,0,7.32,17.0,
2022-10-05 00:21:05,1.9.0,Free_feed,3,3.71,2,1,Pellet,Left,47,8,284,0,18.16,20.0,
2022-10-05 00:36:48,1.9.0,Free_feed,3,3.71,1,1,Pellet,Left,47,8,285,0,Timed_out,943.0,
2022-10-05 00:37:32,1.9.0,Free_feed,3,3.71,1,1,Pellet,Left,47,8,286,0,36.85,44.0,
2022-10-05 00:44:01,1.9.0,Free_feed,3,3.71,1,1,Pellet,Left,47,8,287,0,Timed_out,389.0,
2022-10-05 00:46:58,1.9.0,Free_feed,3,3.72,1,1,Pellet,Left,47,8,288,0,Timed_out,177.0,
2022-10-05 00:57:38,1.9.0,Free_feed,3,3.71,1,1,Pellet,Left,47,8,289,0,Timed_out,640.0,
2022-10-05 00:58:25,1.9.0,Free_feed,3,3.71,2,1,Pellet,Left,47,8,290,0,37.50,47.0,
2022-10-05 01:01:22,1.9.0,Free_feed,3,3.71,1,1,Pellet,Left,47,8,291,0,Timed_out,177.0,
2022-10-05 01:04:08,1.9.0,Free_feed,3,3.71,2,1,Pellet,Left,47,8,292,0,Timed_out,166.0,
2022-10-05 01:09:50,1.9.0,Free_feed,3,3.71,1,1,Pellet,Left,47,8,293,0,Timed_out,342.0,
2022-10-05 01:09:58,1.9.0,Free_feed,3,3.71,1,1,Pellet,Left,47,8,294,0,0.98,8.0,
2022-10-05 01:10:20,1.9.0,Free_feed,3,3.71,1,1,Pellet,Left,47,8,295,0,15.37,22.0,
2022-10-05 01:15:30,1.9.0,Free_feed,3,3.71,1,1,Pellet,Left,47,8,296,0,Timed_out,310.0,
2022-10-05 01:18:44,1.9.0,Free_feed,3,3.71,1,1,Pellet,Left,47,8,297,0,Timed_out,193.0,
2022-10-05 01:18:51,1.9.0,Free_feed,3,3.71,1,1,Pellet,Left,47,8,298,0,0.46,7.0,
2022-10-05 01:19:11,1.9.0,Free_feed,3,3.71,1,1,Pellet,Left,47,8,299,0,13.66,21.0,
2022-10-05 01:24:02,1.9.0,Free_feed,3,3.71,1,1,Pellet,Left,47,8,300,0,Timed_out,291.0,
2022-10-05 01:29:30,1.9.0,Free_feed,3,3.71,1,1,Pellet,Left,47,8,301,0,Timed_out,328.0,
2022-10-05 01:29:38,1.9.0,Free_feed,3,3.71,2,1,Pellet,Left,47,8,302,0,4.87,8.0,
2022-10-05 01:29:52,1.9.0,Free_feed,3,3.71,1,1,Pellet,Left,47,8,303,0,7.25,14.0,
2022-10-05 01:30:07,1.9.0,Free_feed,3,3.71,1,1,Pellet,Left,47,8,304,0,8.17,15.0,
2022-10-05 01:30:09,1.9.0,Free_feed,3,3.71,1,1,Pellet,Left,47,8,305,0,0.06,1.0,
2022-10-05 01:35:47,1.9.0,Free_feed,3,3.71,2,1,Pellet,Left,47,8,306,0,Timed_out,339.0,
2022-10-05 01:35:54,1.9.0,Free_feed,3,3.71,1,1,Pellet,Left,47,8,307,0,0.19,7.0,
2022-10-05 01:47:03,1.9.0,Free_feed,3,3.71,1,1,Pellet,Left,47,8,308,0,Timed_out,669.0,
2022-10-05 01:47:14,1.9.0,Free_feed,3,3.71,2,1,Pellet,Left,47,8,309,0,2.56,11.0,
2022-10-05 01:47:15,1.9.0,Free_feed,3,3.71,1,1,Pellet,Left,47,8,310,0,0.06,1.0,
2022-10-05 01:53:59,1.9.0,Free_feed,3,3.71,1,1,Pellet,Left,47,8,311,0,Timed_out,403.0,
2022-10-05 01:54:09,1.9.0,Free_feed,3,3.71,1,1,Pellet,Left,47,8,312,0,3.62,11.0,
2022-10-05 01:54:26,1.9.0,Free_feed,3,3.71,1,1,Pellet,Left,47,8,313,0,10.61,17.0,
2022-10-05 01:54:40,1.9.0,Free_feed,3,3.71,1,1,Pellet,Left,47,8,314,0,7.38,14.0,
2022-10-05 02:04:42,1.9.0,Free_feed,3,3.71,1,1,Pellet,Left,47,8,315,0,Timed_out,602.0,
2022-10-05 02:11:08,1.9.0,Free_feed,3,3.71,1,1,Pellet,Left,47,8,316,0,Timed_out,386.0,
2022-10-05 02:11:14,1.9.0,Free_feed,3,3.71,1,1,Pellet,Left,47,8,317,0,0.06,6.0,
2022-10-05 02:22:50,1.9.0,Free_feed,3,3.71,1,1,Pellet,Left,47,8,318,0,Timed_out,696.0,
2022-10-05 02:24:45,1.9.0,Free_feed,3,3.71,2,1,Pellet,Left,47,8,319,0,Timed_out,115.0,
2022-10-05 02:33:00,1.9.0,Free_feed,3,3.7,2,1,Pellet,Left,47,8,320,0,Timed_out,495.0,
2022-10-05 02:36:30,1.9.0,Free_feed,3,3.71,2,1,Pellet,Left,47,8,321,0,Timed_out,210.0,
2022-10-05 02:38:47,1.9.0,Free_feed,3,3.71,2,1,Pellet,Left,47,8,322,0,Timed_out,137.0,
2022-10-05 02:44:32,1.9.0,Free_feed,3,3.71,1,1,Pellet,Left,47,8,323,0,Timed_out,345.0,
2022-10-05 02:44:41,1.9.0,Free_feed,3,3.71,1,1,Pellet,Left,47,8,324,0,1.51,9.0,
2022-10-05 02:49:59,1.9.0,Free_feed,3,3.71,1,1,Pellet,Left,47,8,325,0,Timed_out,318.0,
2022-10-05 02:56:30,1.9.0,Free_feed,3,3.71,1,1,Pellet,Left,47,8,326,0,Timed_out,391.0,
2022-10-05 02:56:38,1.9.0,Free_feed,3,3.71,1,1,Pellet,Left,47,8,327,0,0.65,8.0,
2022-10-05 02:57:00,1.9.0,Free_feed,3,3.71,1,1,Pellet,Left,47,8,328,0,14.52,22.0,
2022-10-05 02:57:16,1.9.0,Free_feed,3,3.71,3,1,Pellet,Left,47,8,329,0,6.72,16.0,
2022-10-05 02:57:28,1.9.0,Free_feed,3,3.71,2,1,Pellet,Left,47,8,330,0,4.74,11.0,
2022-10-05 03:07:49,1.9.0,Free_feed,3,3.71,2,1,Pellet,Left,47,8,331,0,Timed_out,622.0,
2022-10-05 03:17:13,1.9.0,Free_feed,3,3.7,2,1,Pellet,Left,47,8,332,0,Timed_out,563.0,
2022-10-05 03:29:40,1.9.0,Free_feed,3,3.71,3,1,Pellet,Left,47,8,333,0,Timed_out,747.0,
2022-10-05 03:31:57,1.9.0,Free_feed,3,3.71,1,1,Pellet,Left,47,8,334,0,Timed_out,138.0,
2022-10-05 03:32:05,1.9.0,Free_feed,3,3.71,1,1,Pellet,Left,47,8,335,0,1.31,8.0,
2022-10-05 03:32:25,1.9.0,Free_feed,3,3.71,1,1,Pellet,Left,47,8,336,0,13.33,20.0,
2022-10-05 03:51:01,1.9.0,Free_feed,3,3.7,1,1,Pellet,Left,47,8,337,0,Timed_out,1116.0,
2022-10-05 03:51:06,1.9.0,Free_feed,3,3.71,1,1,Pellet,Left,47,8,338,0,0.59,5.0,
2022-10-05 03:51:15,1.9.0,Free_feed,3,3.71,1,1,Pellet,Left,47,8,339,0,2.43,9.0,
2022-10-05 03:51:32,1.9.0,Free_feed,3,3.71,2,1,Pellet,Left,47,8,340,0,10.35,17.0,
2022-10-05 03:59:08,1.9.0,Free_feed,3,3.71,1,1,Pellet,Left,47,8,341,0,Timed_out,456.0,
2022-10-05 03:59:16,1.9.0,Free_feed,3,3.71,1,1,Pellet,Left,47,8,342,0,0.92,8.0,
2022-10-05 03:59:29,1.9.0,Free_feed,3,3.71,1,1,Pellet,Left,47,8,343,0,5.86,13.0,
2022-10-05 03:59:39,1.9.0,Free_feed,3,3.71,1,1,Pellet,Left,47,8,344,0,3.35,10.0,
2022-10-05 04:10:15,1.9.0,Free_feed,3,3.71,2,1,Pellet,Left,47,8,345,0,Timed_out,636.0,
2022-10-05 04:16:00,1.9.0,Free_feed,3,3.7,1,1,Pellet,Left,47,8,346,0,Timed_out,345.0,
2022-10-05 04:16:08,1.9.0,Free_feed,3,3.71,1,1,Pellet,Left,47,8,347,0,1.44,8.0,
2022-10-05 04:16:28,1.9.0,Free_feed,3,3.71,2,1,Pellet,Left,47,8,348,0,13.39,20.0,
2022-10-05 04:16:41,1.9.0,Free_feed,3,3.71,1,1,Pellet,Left,47,8,349,0,6.06,13.0,
2022-10-05 04:24:00,1.9.0,Free_feed,3,3.71,1,1,Pellet,Left,47,8,350,0,Timed_out,439.0,
2022-10-05 04:36:16,1.9.0,Free_feed,3,3.71,3,1,Pellet,Left,47,8,351,0,Timed_out,736.0,
2022-10-05 04:39:23,1.9.0,Free_feed,3,3.71,2,1,Pellet,Left,47,8,352,0,Timed_out,187.0,
2022-10-05 04:39:31,1.9.0,Free_feed,3,3.7,2,1,Pellet,Left,47,8,353,0,0.85,8.0,
2022-10-05 04:39:46,1.9.0,Free_feed,3,3.71,1,1,Pellet,Left,47,8,354,0,7.58,14.0,
2022-10-05 04:39:46,1.9.0,Free_feed,3,3.71,1,1,Pellet,Left,47,8,355,0,0.06,1.0,
2022-10-05 04:40:00,1.9.0,Free_feed,3,3.71,1,1,Pellet,Left,47,8,356,0,7.12,14.0,
2022-10-05 04:55:20,1.9.0,Free_feed,3,3.71,2,1,Pellet,Left,47,8,357,0,Timed_out,920.0,
2022-10-05 04:57:07,1.9.0,Free_feed,3,3.71,1,1,Pellet,Left,47,8,358,0,Timed_out,107.0,
2022-10-05 04:59:01,1.9.0,Free_feed,3,3.71,2,1,Pellet,Left,47,8,359,0,Timed_out,114.0,
2022-10-05 04:59:10,1.9.0,Free_feed,3,3.7,1,1,Pellet,Left,47,8,360,0,2.23,9.0,
2022-10-05 04:59:25,1.9.0,Free_feed,3,3.7,2,1,Pellet,Left,47,8,361,0,7.45,15.0,
2022-10-05 04:59:41,1.9.0,Free_feed,3,3.7,3,1,Pellet,Left,47,8,362,0,6.59,16.0,
2022-10-05 04:59:55,1.9.0,Free_feed,3,3.71,2,1,Pellet,Left,47,8,363,0,4.61,14.0,
2022-10-05 05:13:13,1.9.0,Free_feed,3,3.7,1,1,Pellet,Left,47,8,364,0,Timed_out,798.0,
2022-10-05 05:13:45,1.9.0,Free_feed,3,3.7,1,1,Pellet,Left,47,8,365,0,24.96,32.0,
2022-10-05 05:13:53,1.9.0,Free_feed,3,3.71,1,1,Pellet,Left,47,8,366,0,1.24,8.0,
2022-10-05 05:14:08,1.9.0,Free_feed,3,3.7,1,1,Pellet,Left,47,8,367,0,8.30,15.0,
2022-10-05 05:14:21,1.9.0,Free_feed,3,3.7,3,1,Pellet,Left,47,8,368,0,1.70,13.0,
2022-10-05 05:14:35,1.9.0,Free_feed,3,3.7,1,1,Pellet,Left,47,8,369,0,11.93,14.0,
2022-10-05 05:14:54,1.9.0,Free_feed,3,3.7,2,1,Pellet,Left,47,8,370,0,10.81,19.0,
2022-10-05 05:15:08,1.9.0,Free_feed,3,3.71,1,1,Pellet,Left,47,8,371,0,6.85,14.0,
2022-10-05 05:15:25,1.9.0,Free_feed,3,3.71,1,1,Pellet,Left,47,8,372,0,9.42,16.0,
2022-10-05 05:47:30,1.9.0,Free_feed,3,3.71,1,1,Pellet,Left,47,8,373,0,Timed_out,1926.0,
2022-10-05 05:47:39,1.9.0,Free_feed,3,3.71,2,1,Pellet,Left,47,8,374,0,0.72,9.0,
2022-10-05 05:52:12,1.9.0,Free_feed,3,3.7,2,1,Pellet,Left,47,8,375,0,Timed_out,273.0,
2022-10-05 05:52:31,1.9.0,Free_feed,3,3.71,1,1,Pellet,Left,47,8,376,0,12.73,19.0,
2022-10-05 05:52:41,1.9.0,Free_feed,3,3.71,2,1,Pellet,Left,47,8,377,0,0.78,10.0,
2022-10-05 05:52:57,1.9.0,Free_feed,3,3.71,1,1,Pellet,Left,47,8,378,0,8.50,16.0,
2022-10-05 05:53:10,1.9.0,Free_feed,3,3.71,2,1,Pellet,Left,47,8,379,0,5.07,13.0,
2022-10-05 05:56:02,1.9.0,Free_feed,3,3.71,2,1,Pellet,Left,47,8,380,0,Timed_out,172.0,
2022-10-05 06:08:31,1.9.0,Free_feed,3,3.71,2,1,Pellet,Left,47,8,381,0,Timed_out,749.0,
2022-10-05 06:09:04,1.9.0,Free_feed,3,3.7,1,1,Pellet,Left,47,8,382,0,27.03,33.0,
2022-10-05 06:09:17,1.9.0,Free_feed,3,3.7,2,1,Pellet,Left,47,8,383,0,5.47,13.0,
2022-10-05 06:13:27,1.9.0,Free_feed,3,3.7,1,1,Pellet,Left,47,8,384,0,Timed_out,250.0,
2022-10-05 06:13:31,1.9.0,Free_feed,3,3.7,1,1,LeftWithPellet,Left,48,8,384,0,,,0.72
2022-10-05 06:15:42,1.9.0,Free_feed,3,3.7,1,1,Pellet,Left,48,8,385,0,Timed_out,135.0,
2022-10-05 06:15:43,1.9.0,Free_feed,3,3.71,1,1,Pellet,Left,48,8,386,0,0.39,1.0,
2022-10-05 06:18:42,1.9.0,Free_feed,3,3.71,1,1,Pellet,Left,48,8,387,0,Timed_out,179.0,
2022-10-05 06:18:48,1.9.0,Free_feed,3,3.71,1,1,Pellet,Left,48,8,388,0,4.87,6.0,
2022-10-05 06:18:58,1.9.0,Free_feed,3,3.7,2,1,Pellet,Left,48,8,389,0,6.46,10.0,
2022-10-05 06:22:53,1.9.0,Free_feed,3,3.7,2,1,Pellet,Left,48,8,390,0,Timed_out,235.0,
2022-10-05 06:26:19,1.9.0,Free_feed,3,3.71,1,1,Pellet,Left,48,8,391,0,Timed_out,206.0,
2022-10-05 06:28:22,1.9.0,Free_feed,3,3.7,1,1,Pellet,Left,48,8,392,0,Timed_out,123.0,
2022-10-05 06:32:35,1.9.0,Free_feed,3,3.71,1,1,Pellet,Left,48,8,393,0,Timed_out,253.0,
2022-10-05 06:44:07,1.9.0,Free_feed,3,3.71,1,1,Pellet,Left,48,8,394,0,Timed_out,692.0,
2022-10-05 06:45:09,1.9.0,Free_feed,3,3.7,1,1,Pellet,Left,48,8,395,0,Timed_out,62.0,
2022-10-05 06:45:28,1.9.0,Free_feed,3,3.71,1,1,Pellet,Left,48,8,396,0,12.20,19.0,
2022-10-05 06:45:37,1.9.0,Free_feed,3,3.7,2,1,Pellet,Left,48,8,397,0,2.17,9.0,
2022-10-05 06:53:52,1.9.0,Free_feed,3,3.7,1,1,Pellet,Left,48,8,398,0,Timed_out,494.0,
2022-10-05 06:54:00,1.9.0,Free_feed,3,3.7,2,1,Pellet,Left,48,8,399,0,0.85,8.0,
2022-10-05 06:54:20,1.9.0,Free_feed,3,3.7,1,1,Pellet,Left,48,8,400,0,13.79,21.0,
2022-10-05 06:54:33,1.9.0,Free_feed,3,3.71,1,1,Pellet,Left,48,8,401,0,5.13,13.0,
2022-10-05 06:54:48,1.9.0,Free_feed,3,3.7,1,1,Pellet,Left,48,8,402,0,8.83,15.0,
2022-10-05 07:09:47,1.9.0,Free_feed,3,3.7,2,1,Pellet,Left,48,8,403,0,Timed_out,899.0,
2022-10-05 07:09:56,1.9.0,Free_feed,3,3.7,1,1,Pellet,Left,48,8,404,0,7.44,9.0,
2022-10-05 07:22:52,1.9.0,Free_feed,3,3.7,1,1,Pellet,Left,48,8,405,0,Timed_out,776.0,
2022-10-05 07:24:44,1.9.0,Free_feed,3,3.71,2,1,Pellet,Left,48,8,406,0,Timed_out,112.0,
2022-10-05 07:24:51,1.9.0,Free_feed,3,3.7,1,1,Pellet,Left,48,8,407,0,0.72,7.0,
2022-10-05 07:24:58,1.9.0,Free_feed,3,3.7,2,1,Pellet,Left,48,8,408,0,0.32,7.0,
2022-10-05 07:25:09,1.9.0,Free_feed,3,3.7,1,1,Pellet,Left,48,8,409,0,4.61,11.0,
2022-10-05 07:25:26,1.9.0,Free_feed,3,3.71,1,1,Pellet,Left,48,8,410,0,14.58,16.0,
2022-10-05 08:19:46,1.9.0,Free_feed,3,3.71,2,1,Pellet,Left,48,8,411,0,Timed_out,3261.0,
2022-10-05 08:19:56,1.9.0,Free_feed,3,3.71,1,1,Pellet,Left,48,8,412,0,3.42,10.0,
2022-10-05 08:24:43,1.9.0,Free_feed,3,3.69,1,1,Pellet,Left,48,8,413,0,Timed_out,287.0,
2022-10-05 08:24:53,1.9.0,Free_feed,3,3.7,1,1,Pellet,Left,48,8,414,0,2.43,9.0,
2022-10-05 11:24:31,1.9.0,Free_feed,3,3.71,1,1,Pellet,Left,48,8,415,0,Timed_out,10779.0,
2022-10-05 11:24:39,1.9.0,Free_feed,3,3.69,1,1,Pellet,Left,48,8,416,0,0.92,8.0,
2022-10-05 11:24:53,1.9.0,Free_feed,3,3.7,1,1,Pellet,Left,48,8,417,0,6.85,13.0,
2022-10-05 11:25:13,1.9.0,Free_feed,3,3.69,1,1,Pellet,Left,48,8,418,0,12.66,20.0,
2022-10-05 11:25:24,1.9.0,Free_feed,3,3.7,1,1,Pellet,Left,48,8,419,0,3.95,12.0,
2022-10-05 11:25:38,1.9.0,Free_feed,3,3.7,1,1,Pellet,Left,48,8,420,0,7.38,14.0,
2022-10-05 11:26:00,1.9.0,Free_feed,3,3.71,1,1,Pellet,Left,48,8,421,0,14.98,22.0,
2022-10-05 11:26:17,1.9.0,Free_feed,3,3.69,1,1,Pellet,Left,48,8,422,0,15.51,17.0,
2022-10-05 15:07:37,1.9.0,Free_feed,3,3.7,1,1,Pellet,Left,48,8,423,0,Timed_out,13280.0,
2022-10-05 15:07:46,1.9.0,Free_feed,3,3.7,2,1,Pellet,Left,48,8,424,0,0.59,9.0,
2022-10-05 15:08:04,1.9.0,Free_feed,3,3.69,1,1,Pellet,Left,48,8,425,0,16.09,18.0,
2022-10-05 15:08:06,1.9.0,Free_feed,3,3.7,1,1,Pellet,Left,48,8,426,0,0.26,1.0,
2022-10-05 15:08:20,1.9.0,Free_feed,3,3.69,1,1,Pellet,Left,48,8,427,0,7.12,15.0,
2022-10-05 15:15:01,1.9.0,Free_feed,3,3.69,1,1,Pellet,Left,48,8,428,0,Timed_out,401.0,
2022-10-05 15:15:06,1.9.0,Free_feed,3,3.7,1,1,Pellet,Left,48,8,429,0,1.31,5.0,
2022-10-05 15:15:20,1.9.0,Free_feed,3,3.7,2,1,Pellet,Left,48,8,430,0,6.65,14.0,
2022-10-05 15:15:37,1.9.0,Free_feed,3,3.7,1,1,Pellet,Left,48,8,431,0,10.02,17.0,
2022-10-05 15:15:51,1.9.0,Free_feed,3,3.7,1,1,Pellet,Left,48,8,432,0,6.65,13.0,
2022-10-05 15:16:35,1.9.0,Free_feed,3,3.69,1,1,Pellet,Left,48,8,433,0,38.08,45.0,
2022-10-05 15:16:46,1.9.0,Free_feed,3,3.69,1,1,Pellet,Left,48,8,434,0,4.08,11.0,
2022-10-05 15:16:47,1.9.0,Free_feed,3,3.7,1,1,Pellet,Left,48,8,435,0,0.13,1.0,
2022-10-05 18:39:28,1.9.0,Free_feed,3,3.69,1,1,Pellet,Left,48,8,436,0,Timed_out,12161.0,
2022-10-05 18:39:43,1.9.0,Free_feed,3,3.69,1,1,Pellet,Left,48,8,437,0,8.44,15.0,
2022-10-05 18:43:12,1.9.0,Free_feed,3,3.69,1,1,Pellet,Left,48,8,438,0,Timed_out,209.0,
2022-10-05 18:43:14,1.9.0,Free_feed,3,3.7,1,1,Pellet,Left,48,8,439,0,0.46,2.0,
2022-10-05 18:43:30,1.9.0,Free_feed,3,3.69,1,1,Pellet,Left,48,8,440,0,14.91,16.0,
2022-10-05 18:43:44,1.9.0,Free_feed,3,3.69,1,1,Pellet,Left,48,8,441,0,7.31,14.0,
2022-10-05 18:45:26,1.9.0,Free_feed,3,3.69,1,1,Pellet,Left,48,8,442,0,Timed_out,102.0,
2022-10-05 18:45:38,1.9.0,Free_feed,3,3.69,1,1,Pellet,Left,48,8,443,0,5.40,12.0,
2022-10-05 18:51:23,1.9.0,Free_feed,3,3.7,1,1,Pellet,Left,48,8,444,0,Timed_out,345.0,
2022-10-05 18:51:56,1.9.0,Free_feed,3,3.69,3,1,Pellet,Left,48,8,445,0,21.91,33.0,
2022-10-05 19:13:41,1.9.0,Free_feed,3,3.69,1,1,Pellet,Left,48,8,446,0,Timed_out,1305.0,
2022-10-05 19:13:42,1.9.0,Free_feed,3,3.69,1,1,Pellet,Left,48,8,447,0,0.06,1.0,
2022-10-05 19:14:36,1.9.0,Free_feed,3,3.69,1,1,RightWithPellet,Left,48,9,447,0,,,0.11
2022-10-05 19:14:38,1.9.0,Free_feed,3,3.69,1,1,Pellet,Left,48,9,448,0,48.83,55.0,
2022-10-05 19:14:46,1.9.0,Free_feed,3,3.69,2,1,Pellet,Left,48,9,449,0,1.70,9.0,
2022-10-05 20:21:11,1.9.0,Free_feed,3,3.69,1,1,Pellet,Left,48,9,450,0,Timed_out,3985.0,
2022-10-05 20:21:22,1.9.0,Free_feed,3,3.69,1,1,Pellet,Left,48,9,451,0,4.61,11.0,
2022-10-05 20:22:18,1.9.0,Free_feed,3,3.69,2,1,Pellet,Left,48,9,452,0,47.80,56.0,
2022-10-05 20:26:23,1.9.0,Free_feed,3,3.69,2,1,Pellet,Left,48,9,453,0,Timed_out,245.0,
2022-10-05 20:34:56,1.9.0,Free_feed,3,3.69,1,1,Pellet,Left,48,9,454,0,Timed_out,513.0,
2022-10-05 20:35:07,1.9.0,Free_feed,3,3.69,1,1,Pellet,Left,48,9,455,0,4.87,11.0,
2022-10-05 20:38:29,1.9.0,Free_feed,3,3.69,1,1,Pellet,Left,48,9,456,0,Timed_out,202.0,
2022-10-05 20:39:54,1.9.0,Free_feed,3,3.69,1,1,Pellet,Left,48,9,457,0,Timed_out,85.0,
2022-10-05 20:40:03,1.9.0,Free_feed,3,3.69,1,1,Pellet,Left,48,9,458,0,2.36,9.0,
2022-10-05 20:40:14,1.9.0,Free_feed,3,3.69,1,1,Pellet,Left,48,9,459,0,4.15,10.0,
2022-10-05 20:47:16,1.9.0,Free_feed,3,3.69,1,1,Pellet,Left,48,9,460,0,Timed_out,422.0,
2022-10-05 20:49:58,1.9.0,Free_feed,3,3.69,1,1,Pellet,Left,48,9,461,0,Timed_out,163.0,
2022-10-05 20:55:12,1.9.0,Free_feed,3,3.69,1,1,Pellet,Left,48,9,462,0,Timed_out,314.0,
2022-10-05 20:57:21,1.9.0,Free_feed,3,3.69,2,1,Pellet,Left,48,9,463,0,Timed_out,128.0,
2022-10-05 20:57:27,1.9.0,Free_feed,3,3.69,1,1,Pellet,Left,48,9,464,0,0.06,7.0,
2022-10-05 21:02:52,1.9.0,Free_feed,3,3.69,2,1,Pellet,Left,48,9,465,0,Timed_out,325.0,
2022-10-05 21:02:59,1.9.0,Free_feed,3,3.69,2,1,Pellet,Left,48,9,466,0,0.06,7.0,
2022-10-05 21:25:08,1.9.0,Free_feed,3,3.69,1,1,Pellet,Left,48,9,467,0,Timed_out,1329.0,
2022-10-05 21:27:04,1.9.0,Free_feed,3,3.69,1,1,Pellet,Left,48,9,468,0,Timed_out,115.0,
2022-10-05 21:27:24,1.9.0,Free_feed,3,3.69,2,1,Pellet,Left,48,9,469,0,11.61,21.0,
2022-10-05 21:27:35,1.9.0,Free_feed,3,3.69,1,1,Pellet,Left,48,9,470,0,4.74,11.0,
2022-10-05 21:27:43,1.9.0,Free_feed,3,3.69,2,1,Pellet,Left,48,9,471,0,0.65,8.0,
2022-10-05 21:35:07,1.9.0,Free_feed,3,3.69,1,1,Pellet,Left,48,9,472,0,Timed_out,444.0,
2022-10-05 21:41:14,1.9.0,Free_feed,3,3.69,1,1,Pellet,Left,48,9,473,0,Timed_out,367.0,
2022-10-05 21:46:18,1.9.0,Free_feed,3,3.69,1,1,Pellet,Left,48,9,474,0,Timed_out,303.0,
2022-10-05 22:14:57,1.9.0,Free_feed,3,3.69,4,1,Pellet,Left,48,9,475,0,Timed_out,1719.0,
2022-10-05 22:16:09,1.9.0,Free_feed,3,3.69,1,1,Pellet,Left,48,9,476,0,Timed_out,73.0,
2022-10-05 22:16:37,1.9.0,Free_feed,3,3.69,2,1,Pellet,Left,48,9,477,0,19.53,28.0,
2022-10-05 22:21:21,1.9.0,Free_feed,3,3.69,3,1,Pellet,Left,48,9,478,0,Timed_out,284.0,
2022-10-05 22:21:33,1.9.0,Free_feed,3,3.69,2,1,Pellet,Left,48,9,479,0,2.96,12.0,
2022-10-05 22:34:44,1.9.0,Free_feed,3,3.69,6,1,Pellet,Left,48,9,480,0,Timed_out,790.0,
2022-10-05 22:34:58,1.9.0,Free_feed,3,3.69,3,1,Pellet,Left,48,9,481,0,5.66,15.0,
2022-10-05 22:35:01,1.9.0,Free_feed,3,3.69,1,1,Pellet,Left,48,9,482,0,0.06,2.0,
2022-10-05 22:44:40,1.9.0,Free_feed,3,3.69,3,1,Pellet,Left,48,9,483,0,Timed_out,580.0,
2022-10-05 22:44:50,1.9.0,Free_feed,3,3.69,2,1,Pellet,Left,48,9,484,0,0.92,10.0,
2022-10-05 22:45:06,1.9.0,Free_feed,3,3.69,3,1,Pellet,Left,48,9,485,0,5.26,16.0,
2022-10-05 22:45:08,1.9.0,Free_feed,3,3.69,1,1,Pellet,Left,48,9,486,0,0.06,1.0,
2022-10-05 22:57:18,1.9.0,Free_feed,3,3.69,2,1,Pellet,Left,48,9,487,0,Timed_out,731.0,
2022-10-05 22:57:26,1.9.0,Free_feed,3,3.69,2,1,Pellet,Left,48,9,488,0,0.39,7.0,
2022-10-05 23:04:03,1.9.0,Free_feed,3,3.69,2,1,Pellet,Left,48,9,489,0,Timed_out,397.0,
2022-10-05 23:04:13,1.9.0,Free_feed,3,3.69,2,1,Pellet,Left,48,9,490,0,3.95,11.0,
2022-10-05 23:04:28,1.9.0,Free_feed,3,3.69,1,1,Pellet,Left,48,9,491,0,7.57,14.0,
2022-10-05 23:15:56,1.9.0,Free_feed,3,3.69,2,1,Pellet,Left,48,9,492,0,Timed_out,689.0,
2022-10-05 23:15:58,1.9.0,Free_feed,3,3.69,1,1,Pellet,Left,48,9,493,0,0.52,1.0,
2022-10-05 23:21:51,1.9.0,Free_feed,3,3.68,1,1,Pellet,Left,48,9,494,0,Timed_out,354.0,
2022-10-05 23:21:57,1.9.0,Free_feed,3,3.69,1,1,Pellet,Left,48,9,495,0,0.06,6.0,
2022-10-05 23:27:57,1.9.0,Free_feed,3,3.69,1,1,Pellet,Left,48,9,496,0,Timed_out,360.0,
2022-10-05 23:36:31,1.9.0,Free_feed,3,3.69,1,1,Pellet,Left,48,9,497,0,Timed_out,513.0,
2022-10-05 23:41:18,1.9.0,Free_feed,3,3.69,2,1,Pellet,Left,48,9,498,0,Timed_out,288.0,
2022-10-05 23:41:32,1.9.0,Free_feed,3,3.69,2,1,LeftWithPellet,Left,49,9,498,0,,,0.33
2022-10-05 23:41:33,1.9.0,Free_feed,3,3.69,2,1,LeftWithPellet,Left,50,9,498,0,,,0.29
2022-10-05 23:41:34,1.9.0,Free_feed,3,3.69,2,1,LeftWithPellet,Left,51,9,498,0,,,0.0
2022-10-05 23:42:45,1.9.0,Free_feed,3,3.69,2,1,Pellet,Left,51,9,499,0,Timed_out,87.0,
2022-10-05 23:59:01,1.9.0,Free_feed,3,3.69,1,1,Pellet,Left,51,9,500,0,Timed_out,976.0,
2022-10-06 00:00:08,1.9.0,Free_feed,3,3.69,1,1,Pellet,Left,51,9,501,0,Timed_out,67.0,
2022-10-06 00:00:16,1.9.0,Free_feed,3,3.69,1,1,Pellet,Left,51,9,502,0,0.39,8.0,
2022-10-06 00:00:32,1.9.0,Free_feed,3,3.69,2,1,Pellet,Left,51,9,503,0,7.97,16.0,
2022-10-06 00:00:48,1.9.0,Free_feed,3,3.69,2,1,Pellet,Left,51,9,504,0,8.63,16.0,
2022-10-06 00:05:45,1.9.0,Free_feed,3,3.69,2,1,Pellet,Left,51,9,505,0,Timed_out,297.0,
2022-10-06 00:05:52,1.9.0,Free_feed,3,3.69,2,1,Pellet,Left,51,9,506,0,0.13,6.0,
2022-10-06 00:06:05,1.9.0,Free_feed,3,3.69,1,1,Pellet,Left,51,9,507,0,6.92,14.0,
2022-10-06 00:17:11,1.9.0,Free_feed,3,3.69,1,1,Pellet,Left,51,9,508,0,Timed_out,666.0,
2022-10-06 00:21:55,1.9.0,Free_feed,3,3.69,1,1,Pellet,Left,51,9,509,0,Timed_out,284.0,
2022-10-06 00:23:17,1.9.0,Free_feed,3,3.69,1,1,Pellet,Left,51,9,510,0,Timed_out,82.0,
2022-10-06 00:39:22,1.9.0,Free_feed,3,3.69,1,1,Pellet,Left,51,9,511,0,Timed_out,965.0,
2022-10-06 00:39:50,1.9.0,Free_feed,3,3.69,2,1,Pellet,Left,51,9,512,0,20.99,27.0,
2022-10-06 00:39:56,1.9.0,Free_feed,3,3.69,1,1,Pellet,Left,51,9,513,0,0.06,7.0,
2022-10-06 00:40:14,1.9.0,Free_feed,3,3.69,2,1,Pellet,Left,51,9,514,0,15.77,18.0,
2022-10-06 00:47:19,1.9.0,Free_feed,3,3.69,2,1,Pellet,Left,51,9,515,0,Timed_out,425.0,
2022-10-06 01:01:00,1.9.0,Free_feed,3,3.69,1,1,Pellet,Left,51,9,516,0,Timed_out,820.0,
2022-10-06 01:01:07,1.9.0,Free_feed,3,3.69,1,1,Pellet,Left,51,9,517,0,0.52,8.0,
2022-10-06 01:01:08,1.9.0,Free_feed,3,3.69,1,1,Pellet,Left,51,9,518,0,0.06,1.0,
2022-10-06 01:01:24,1.9.0,Free_feed,3,3.69,1,1,Pellet,Left,51,9,519,0,9.68,16.0,
2022-10-06 01:28:56,1.9.0,Free_feed,3,3.69,1,1,Pellet,Left,51,9,520,0,Timed_out,1652.0,
2022-10-06 01:37:37,1.9.0,Free_feed,3,3.69,1,1,Pellet,Left,51,9,521,0,Timed_out,521.0,
2022-10-06 01:39:08,1.9.0,Free_feed,3,3.69,1,1,Pellet,Left,51,9,522,0,Timed_out,91.0,
2022-10-06 01:39:22,1.9.0,Free_feed,3,3.69,1,1,Pellet,Left,51,9,523,0,6.85,13.0,
2022-10-06 01:56:57,1.9.0,Free_feed,3,3.68,1,1,Pellet,Left,51,9,524,0,Timed_out,1056.0,
2022-10-06 01:58:10,1.9.0,Free_feed,3,3.69,1,1,Pellet,Left,51,9,525,0,Timed_out,73.0,
2022-10-06 02:03:20,1.9.0,Free_feed,3,3.69,2,1,Pellet,Left,51,9,526,0,Timed_out,310.0,
2022-10-06 02:03:25,1.9.0,Free_feed,3,3.69,1,1,Pellet,Left,51,9,527,0,0.13,5.0,
2022-10-06 02:14:07,1.9.0,Free_feed,3,3.69,1,1,Pellet,Left,51,9,528,0,Timed_out,642.0,
2022-10-06 02:14:13,1.9.0,Free_feed,3,3.69,2,1,Pellet,Left,51,9,529,0,0.06,6.0,
2022-10-06 02:22:37,1.9.0,Free_feed,3,3.69,1,1,Pellet,Left,51,9,530,0,Timed_out,503.0,
2022-10-06 02:31:07,1.9.0,Free_feed,3,3.69,1,1,Pellet,Left,51,9,531,0,Timed_out,511.0,
2022-10-06 02:33:28,1.9.0,Free_feed,3,3.69,1,1,Pellet,Left,51,9,532,0,Timed_out,140.0,
2022-10-06 02:41:45,1.9.0,Free_feed,3,3.69,2,1,Pellet,Left,51,9,533,0,Timed_out,498.0,
2022-10-06 02:41:52,1.9.0,Free_feed,3,3.69,1,1,Pellet,Left,51,9,534,0,0.46,6.0,
2022-10-06 02:42:06,1.9.0,Free_feed,3,3.69,1,1,Pellet,Left,51,9,535,0,7.97,15.0,
2022-10-06 02:47:04,1.9.0,Free_feed,3,3.68,1,1,Pellet,Left,51,9,536,0,Timed_out,298.0,
2022-10-06 02:53:11,1.9.0,Free_feed,3,3.68,2,1,Pellet,Left,51,9,537,0,Timed_out,366.0,
2022-10-06 02:53:19,1.9.0,Free_feed,3,3.69,1,1,Pellet,Left,51,9,538,0,2.23,9.0,
2022-10-06 03:01:50,1.9.0,Free_feed,3,3.69,1,1,Pellet,Left,51,9,539,0,Timed_out,511.0,
2022-10-06 03:05:02,1.9.0,Free_feed,3,3.69,1,1,Pellet,Left,51,9,540,0,Timed_out,192.0,
2022-10-06 03:05:10,1.9.0,Free_feed,3,3.69,1,1,Pellet,Left,51,9,541,0,0.85,8.0,
2022-10-06 03:05:24,1.9.0,Free_feed,3,3.69,1,1,Pellet,Left,51,9,542,0,6.92,14.0,
2022-10-06 03:14:04,1.9.0,Free_feed,3,3.69,1,1,Pellet,Left,51,9,543,0,Timed_out,520.0,
2022-10-06 03:14:10,1.9.0,Free_feed,3,3.69,2,1,Pellet,Left,51,9,544,0,0.13,6.0,
2022-10-06 03:14:28,1.9.0,Free_feed,3,3.69,1,1,Pellet,Left,51,9,545,0,10.68,18.0,
2022-10-06 03:14:41,1.9.0,Free_feed,3,3.69,1,1,Pellet,Left,51,9,546,0,7.05,13.0,
2022-10-06 03:24:29,1.9.0,Free_feed,3,3.68,1,1,Pellet,Left,51,9,547,0,Timed_out,588.0,
2022-10-06 03:29:02,1.9.0,Free_feed,3,3.69,1,1,Pellet,Left,51,9,548,0,Timed_out,273.0,
2022-10-06 03:31:48,1.9.0,Free_feed,3,3.69,1,1,Pellet,Left,51,9,549,0,Timed_out,166.0,
2022-10-06 03:31:53,1.9.0,Free_feed,3,3.69,1,1,Pellet,Left,51,9,550,0,0.06,5.0,
2022-10-06 03:32:01,1.9.0,Free_feed,3,3.68,1,1,Pellet,Left,51,9,551,0,1.84,8.0,
2022-10-06 03:45:28,1.9.0,Free_feed,3,3.68,2,1,Pellet,Left,51,9,552,0,Timed_out,807.0,
2022-10-06 03:46:24,1.9.0,Free_feed,3,3.68,4,1,Pellet,Left,51,9,553,0,43.59,55.0,
2022-10-06 03:46:32,1.9.0,Free_feed,3,3.69,2,1,Pellet,Left,51,9,554,0,1.51,9.0,
2022-10-06 03:54:57,1.9.0,Free_feed,3,3.69,2,1,Pellet,Left,51,9,555,0,Timed_out,505.0,
2022-10-06 03:55:51,1.9.0,Free_feed,3,3.69,1,1,Pellet,Left,51,9,556,0,47.77,54.0,
2022-10-06 04:04:50,1.9.0,Free_feed,3,3.69,1,1,Pellet,Left,51,9,557,0,Timed_out,539.0,
2022-10-06 04:10:34,1.9.0,Free_feed,3,3.69,2,1,Pellet,Left,51,9,558,0,Timed_out,344.0,
2022-10-06 04:12:58,1.9.0,Free_feed,3,3.68,1,1,Pellet,Left,51,9,559,0,Timed_out,144.0,
2022-10-06 04:20:50,1.9.0,Free_feed,3,3.68,1,1,Pellet,Left,51,9,560,0,Timed_out,471.0,
2022-10-06 04:20:57,1.9.0,Free_feed,3,3.69,1,1,Pellet,Left,51,9,561,0,0.52,8.0,
2022-10-06 04:21:14,1.9.0,Free_feed,3,3.69,1,1,Pellet,Left,51,9,562,0,10.41,17.0,
2022-10-06 04:21:27,1.9.0,Free_feed,3,3.68,2,1,Pellet,Left,51,9,563,0,4.41,13.0,
2022-10-06 04:24:22,1.9.0,Free_feed,3,3.69,1,1,Pellet,Left,51,9,564,0,Timed_out,175.0,
2022-10-06 04:29:55,1.9.0,Free_feed,3,3.69,2,1,Pellet,Left,51,9,565,0,Timed_out,333.0,
2022-10-06 04:30:06,1.9.0,Free_feed,3,3.69,1,1,LeftWithPellet,Left,52,9,565,0,,,0.37
2022-10-06 04:30:07,1.9.0,Free_feed,3,3.68,1,1,LeftWithPellet,Left,53,9,565,0,,,0.52
2022-10-06 04:32:53,1.9.0,Free_feed,3,3.69,1,1,Pellet,Left,53,9,566,0,Timed_out,178.0,
2022-10-06 04:46:24,1.9.0,Free_feed,3,3.69,1,1,Pellet,Left,53,9,567,0,Timed_out,811.0,
2022-10-06 04:46:59,1.9.0,Free_feed,3,3.69,3,1,Pellet,Left,53,9,568,0,23.98,35.0,
2022-10-06 04:47:03,1.9.0,Free_feed,3,3.69,2,1,Pellet,Left,53,9,569,0,0.19,4.0,
2022-10-06 04:47:13,1.9.0,Free_feed,3,3.69,2,1,Pellet,Left,53,9,570,0,1.11,10.0,
2022-10-06 04:50:35,1.9.0,Free_feed,3,3.69,1,1,Pellet,Left,53,9,571,0,Timed_out,201.0,
2022-10-06 04:55:27,1.9.0,Free_feed,3,3.69,2,1,Pellet,Left,53,9,572,0,Timed_out,293.0,
2022-10-06 05:07:27,1.9.0,Free_feed,3,3.69,2,1,Pellet,Left,53,9,573,0,Timed_out,720.0,
2022-10-06 05:07:44,1.9.0,Free_feed,3,3.68,1,1,Pellet,Left,53,9,574,0,8.96,17.0,
2022-10-06 05:07:57,1.9.0,Free_feed,3,3.69,1,1,Pellet,Left,53,9,575,0,6.06,13.0,
2022-10-06 05:08:11,1.9.0,Free_feed,3,3.69,1,1,Pellet,Left,53,9,576,0,6.79,13.0,
2022-10-06 05:08:23,1.9.0,Free_feed,3,3.69,1,1,Pellet,Left,53,9,577,0,5.00,13.0,
2022-10-06 05:16:04,1.9.0,Free_feed,3,3.69,2,1,Pellet,Left,53,9,578,0,Timed_out,461.0,
2022-10-06 05:23:41,1.9.0,Free_feed,3,3.69,1,1,Pellet,Left,53,9,579,0,Timed_out,457.0,
2022-10-06 05:23:49,1.9.0,Free_feed,3,3.68,2,1,Pellet,Left,53,9,580,0,0.65,7.0,
2022-10-06 05:24:02,1.9.0,Free_feed,3,3.68,1,1,Pellet,Left,53,9,581,0,5.99,14.0,
2022-10-06 05:40:08,1.9.0,Free_feed,3,3.69,1,1,Pellet,Left,53,9,582,0,Timed_out,966.0,
2022-10-06 06:10:07,1.9.0,Free_feed,3,3.68,1,1,Pellet,Left,53,9,583,0,Timed_out,1799.0,
2022-10-06 06:10:12,1.9.0,Free_feed,3,3.68,1,1,LeftWithPellet,Left,54,9,583,0,,,0.2
2022-10-06 06:13:03,1.9.0,Free_feed,3,3.68,1,1,Pellet,Left,54,9,584,0,Timed_out,176.0,
2022-10-06 06:27:53,1.9.0,Free_feed,3,3.68,1,1,Pellet,Left,54,9,585,0,Timed_out,890.0,
2022-10-06 06:32:45,1.9.0,Free_feed,3,3.68,3,1,Pellet,Left,54,9,586,0,Timed_out,292.0,
2022-10-06 06:32:52,1.9.0,Free_feed,3,3.69,1,1,Pellet,Left,54,9,587,0,0.46,6.0,
2022-10-06 06:37:43,1.9.0,Free_feed,3,3.69,1,1,Pellet,Left,54,9,588,0,Timed_out,291.0,
2022-10-06 06:37:46,1.9.0,Free_feed,3,3.69,1,1,Pellet,Left,54,9,589,0,0.06,4.0,
2022-10-06 06:45:35,1.9.0,Free_feed,3,3.69,2,1,Pellet,Left,54,9,590,0,Timed_out,469.0,
2022-10-06 06:45:36,1.9.0,Free_feed,3,3.69,1,1,Pellet,Left,54,9,591,0,0.06,0.0,
2022-10-06 06:56:28,1.9.0,Free_feed,3,3.68,2,1,Pellet,Left,54,9,592,0,Timed_out,653.0,
2022-10-06 06:56:29,1.9.0,Free_feed,3,3.68,1,1,Pellet,Left,54,9,593,0,0.26,1.0,
2022-10-06 06:56:38,1.9.0,Free_feed,3,3.69,1,1,Pellet,Left,54,9,594,0,1.71,9.0,
2022-10-06 06:58:53,1.9.0,Free_feed,3,3.69,1,1,Pellet,Left,54,9,595,0,Timed_out,135.0,
2022-10-06 07:07:21,1.9.0,Free_feed,3,3.69,1,1,Pellet,Left,54,9,596,0,Timed_out,507.0,
2022-10-06 07:07:28,1.9.0,Free_feed,3,3.68,1,1,Pellet,Left,54,9,597,0,0.39,8.0,
2022-10-06 07:07:45,1.9.0,Free_feed,3,3.68,1,1,Pellet,Left,54,9,598,0,10.48,16.0,
2022-10-06 07:08:06,1.9.0,Free_feed,3,3.69,1,1,Pellet,Left,54,9,599,0,14.98,22.0,
2022-10-06 07:08:17,1.9.0,Free_feed,3,3.69,1,1,Pellet,Left,54,9,600,0,3.75,11.0,
2022-10-06 07:17:03,1.9.0,Free_feed,3,3.68,1,1,Pellet,Left,54,9,601,0,Timed_out,526.0,
2022-10-06 09:14:52,1.9.0,Free_feed,3,3.68,1,1,Pellet,Left,54,9,602,0,Timed_out,7069.0,
2022-10-06 09:15:03,1.9.0,Free_feed,3,3.67,2,1,Pellet,Left,54,9,603,0,2.30,11.0,
2022-10-06 09:15:17,1.9.0,Free_feed,3,3.68,1,1,Pellet,Left,54,9,604,0,6.92,14.0,
2022-10-06 09:15:31,1.9.0,Free_feed,3,3.68,1,1,Pellet,Left,54,9,605,0,12.86,14.0,
2022-10-06 09:17:20,1.9.0,Free_feed,3,3.68,2,1,Pellet,Left,54,9,606,0,Timed_out,109.0,
2022-10-06 09:31:37,1.9.0,Free_feed,3,3.68,1,1,Pellet,Left,54,9,607,0,Timed_out,857.0,
2022-10-06 09:31:47,1.9.0,Free_feed,3,3.68,1,1,Pellet,Left,54,9,608,0,2.63,9.0,
2022-10-06 09:32:05,1.9.0,Free_feed,3,3.68,2,1,Pellet,Left,54,9,609,0,11.93,19.0,
2022-10-06 10:26:45,1.9.0,Free_feed,3,3.68,1,1,Pellet,Left,54,9,610,0,Timed_out,3280.0,
2022-10-06 10:26:58,1.9.0,Free_feed,3,3.68,1,1,Pellet,Left,54,9,611,0,5.86,13.0,
2022-10-06 10:29:13,1.9.0,Free_feed,3,3.68,1,1,Pellet,Left,54,9,612,0,Timed_out,135.0,
2022-10-06 10:29:14,1.9.0,Free_feed,3,3.68,1,1,Pellet,Left,54,9,613,0,0.13,1.0,
2022-10-06 10:44:52,1.9.0,Free_feed,3,3.68,1,1,Pellet,Left,54,9,614,0,Timed_out,938.0,
2022-10-06 10:45:06,1.9.0,Free_feed,3,3.67,1,1,Pellet,Left,54,9,615,0,6.59,14.0,
2022-10-06 10:45:15,1.9.0,Free_feed,3,3.68,1,1,Pellet,Left,54,9,616,0,2.36,8.0,
2022-10-06 10:45:23,1.9.0,Free_feed,3,3.68,1,1,Pellet,Left,54,9,617,0,2.17,9.0,
2022-10-06 10:45:32,1.9.0,Free_feed,3,3.69,1,1,Pellet,Left,54,9,618,0,1.97,9.0,
2022-10-06 10:45:33,1.9.0,Free_feed,3,3.67,1,1,Pellet,Left,54,9,619,0,0.06,1.0,
2022-10-06 10:45:41,1.9.0,Free_feed,3,3.67,1,1,RightWithPellet,Left,54,10,619,0,,,0.2
2022-10-06 10:45:43,1.9.0,Free_feed,3,3.68,1,1,RightWithPellet,Left,54,11,619,0,,,1.29
2022-10-06 10:45:45,1.9.0,Free_feed,3,3.68,1,1,Pellet,Left,54,11,620,0,4.42,12.0,
2022-10-06 10:52:36,1.9.0,Free_feed,3,3.67,1,1,Pellet,Left,54,11,621,0,Timed_out,411.0,
2022-10-06 10:53:12,1.9.0,Free_feed,3,3.67,3,1,Pellet,Left,54,11,622,0,24.91,36.0,
2022-10-06 11:09:21,1.9.0,Free_feed,3,3.67,1,1,Pellet,Left,54,11,623,0,Timed_out,969.0,
2022-10-06 13:48:37,1.9.0,Free_feed,3,3.68,2,1,Pellet,Left,54,11,624,0,Timed_out,9556.0,
2022-10-06 13:49:20,1.9.0,Free_feed,3,3.68,1,1,Pellet,Left,54,11,625,0,36.48,43.0,
2022-10-06 13:49:34,1.9.0,Free_feed,3,3.68,1,1,Pellet,Left,54,11,626,0,7.18,14.0,
2022-10-06 13:49:52,1.9.0,Free_feed,3,3.68,1,1,Pellet,Left,54,11,627,0,16.49,18.0,
2022-10-06 16:42:18,1.9.0,Free_feed,3,3.68,1,1,Pellet,Left,54,11,628,0,Timed_out,10346.0,
2022-10-06 16:43:12,1.9.0,Free_feed,3,3.67,1,1,Pellet,Left,54,11,629,0,47.28,54.0,
2022-10-06 16:43:25,1.9.0,Free_feed,3,3.67,1,1,Pellet,Left,54,11,630,0,5.93,13.0,
2022-10-06 16:43:39,1.9.0,Free_feed,3,3.67,1,1,Pellet,Left,54,11,631,0,7.25,14.0,
2022-10-06 16:44:51,1.9.0,Free_feed,3,3.68,1,1,Pellet,Left,54,11,632,0,Timed_out,72.0,
2022-10-06 16:51:59,1.9.0,Free_feed,3,3.67,1,1,Pellet,Left,54,11,633,0,Timed_out,428.0,
2022-10-06 18:48:46,1.9.0,Free_feed,3,3.67,1,1,Pellet,Left,54,11,634,0,Timed_out,7007.0,
2022-10-06 18:48:57,1.9.0,Free_feed,3,3.67,2,1,Pellet,Left,54,11,635,0,1.37,11.0,
2022-10-06 18:49:17,1.9.0,Free_feed,3,3.67,2,1,Pellet,Left,54,11,636,0,11.08,20.0,
2022-10-06 18:49:38,1.9.0,Free_feed,3,3.67,1,1,Pellet,Left,54,11,637,0,14.71,21.0,
2022-10-06 18:52:04,1.9.0,Free_feed,3,3.68,1,1,Pellet,Left,54,11,638,0,Timed_out,146.0,
2022-10-06 18:52:09,1.9.0,Free_feed,3,3.67,2,1,RightWithPellet,Left,54,12,638,0,,,0.32
2022-10-06 18:52:11,1.9.0,Free_feed,3,3.67,2,1,RightWithPellet,Left,54,13,638,0,,,1.32
2022-10-06 18:52:12,1.9.0,Free_feed,3,3.67,2,1,RightWithPellet,Left,54,14,638,0,,,0.17
2022-10-06 18:52:13,1.9.0,Free_feed,3,3.67,2,1,Pellet,Left,54,14,639,0,4.85,9.0,
2022-10-06 18:52:48,1.9.0,Free_feed,3,3.67,1,1,RightWithPellet,Left,54,15,639,0,,,0.46
2022-10-06 18:52:49,1.9.0,Free_feed,3,3.67,1,1,RightWithPellet,Left,54,16,639,0,,,0.27
2022-10-06 18:52:51,1.9.0,Free_feed,3,3.67,1,1,Pellet,Left,54,16,640,0,30.16,38.0,
2022-10-06 19:42:32,1.9.0,Free_feed,3,3.67,1,1,Pellet,Left,54,16,641,0,Timed_out,2980.0,
2022-10-06 19:42:41,1.9.0,Free_feed,3,3.67,2,1,Pellet,Left,54,16,642,0,0.72,10.0,
2022-10-06 19:43:19,1.9.0,Free_feed,3,3.67,1,1,Pellet,Left,54,16,643,0,31.45,38.0,
2022-10-06 19:52:17,1.9.0,Free_feed,3,3.67,1,1,Pellet,Left,54,16,644,0,Timed_out,537.0,
2022-10-06 19:52:24,1.9.0,Free_feed,3,3.67,1,1,Pellet,Left,54,16,645,0,0.46,8.0,
2022-10-06 19:52:40,1.9.0,Free_feed,3,3.67,1,1,Pellet,Left,54,16,646,0,9.43,16.0,
2022-10-06 20:00:33,1.9.0,Free_feed,3,3.67,1,1,Pellet,Left,54,16,647,0,Timed_out,473.0,
2022-10-06 20:00:34,1.9.0,Free_feed,3,3.67,1,1,Pellet,Left,54,16,648,0,0.06,1.0,
2022-10-06 20:00:41,1.9.0,Free_feed,3,3.67,1,1,Pellet,Left,54,16,649,0,0.39,7.0,
2022-10-06 20:00:58,1.9.0,Free_feed,3,3.67,1,1,Pellet,Left,54,16,650,0,10.22,17.0,
2022-10-06 20:01:42,1.9.0,Free_feed,3,3.67,1,1,Pellet,Left,54,16,651,0,42.38,44.0,
2022-10-06 20:05:56,1.9.0,Free_feed,3,3.67,1,1,Pellet,Left,54,16,652,0,Timed_out,253.0,
2022-10-06 20:12:54,1.9.0,Free_feed,3,3.67,2,1,Pellet,Left,54,16,653,0,Timed_out,418.0,
2022-10-06 20:16:52,1.9.0,Free_feed,3,3.67,1,1,Pellet,Left,54,16,654,0,Timed_out,239.0,
2022-10-06 20:27:45,1.9.0,Free_feed,3,3.67,1,1,Pellet,Left,54,16,655,0,Timed_out,653.0,
2022-10-06 20:27:53,1.9.0,Free_feed,3,3.67,1,1,Pellet,Left,54,16,656,0,0.65,7.0,
2022-10-06 20:30:40,1.9.0,Free_feed,3,3.67,1,1,Pellet,Left,54,16,657,0,Timed_out,168.0,
2022-10-06 20:35:08,1.9.0,Free_feed,3,3.67,2,1,Pellet,Left,54,16,658,0,Timed_out,268.0,
2022-10-06 20:35:18,1.9.0,Free_feed,3,3.67,1,1,Pellet,Left,54,16,659,0,2.96,10.0,
2022-10-06 20:42:59,1.9.0,Free_feed,3,3.67,2,1,Pellet,Left,54,16,660,0,Timed_out,461.0,
2022-10-06 20:49:10,1.9.0,Free_feed,3,3.67,1,1,Pellet,Left,54,16,661,0,Timed_out,371.0,
2022-10-06 20:56:08,1.9.0,Free_feed,3,3.67,2,1,Pellet,Left,54,16,662,0,Timed_out,418.0,
2022-10-06 20:56:16,1.9.0,Free_feed,3,3.67,2,1,Pellet,Left,54,16,663,0,0.06,8.0,
2022-10-06 20:56:20,1.9.0,Free_feed,3,3.67,1,1,Pellet,Left,54,16,664,0,0.65,4.0,
2022-10-06 20:56:34,1.9.0,Free_feed,3,3.67,1,1,Pellet,Left,54,16,665,0,7.31,14.0,
2022-10-06 20:56:40,1.9.0,Free_feed,3,3.67,1,1,Pellet,Left,54,16,666,0,0.06,6.0,
2022-10-06 20:56:43,1.9.0,Free_feed,3,3.67,2,1,Pellet,Left,54,16,667,0,0.06,3.0,
2022-10-06 20:56:53,1.9.0,Free_feed,3,3.67,2,1,Pellet,Left,54,16,668,0,2.89,10.0,
2022-10-06 20:57:01,1.9.0,Free_feed,3,3.67,1,1,Pellet,Left,54,16,669,0,0.59,8.0,
2022-10-06 21:16:46,1.9.0,Free_feed,3,3.67,2,1,Pellet,Left,54,16,670,0,Timed_out,1185.0,
2022-10-06 21:16:57,1.9.0,Free_feed,3,3.67,1,1,Pellet,Left,54,16,671,0,3.55,11.0,
2022-10-06 21:17:11,1.9.0,Free_feed,3,3.67,1,1,Pellet,Left,54,16,672,0,8.23,14.0,
