MM:DD:YYYY hh:mm:ss,Library_Version,Session_type,Device_Number,Battery_Voltage,Motor_Turns,FR,Event,Active_Poke,Left_Poke_Count,Right_Poke_Count,Pellet_Count,Block_Pellet_Count,Retrieval_Time,InterPelletInterval,Poke_Time
3/29/2023 10:02:31,1.14.0,Free_feed,1,4.16,2,1,Pellet,Left,0,0,1,0,13.00,nan,nan
3/29/2023 10:27:27,1.14.0,Free_feed,1,4.16,nan,1,LeftWithPellet,Left,1,0,1,0,nan,nan,0.16
3/29/2023 10:27:42,1.14.0,Free_feed,1,4.16,1,1,Pellet,Left,1,0,2,0,Timed_out,1511,nan
3/29/2023 10:29:08,1.14.0,Free_feed,1,4.16,nan,1,LeftWithPellet,Left,2,0,2,0,nan,nan,0.69
3/29/2023 10:29:12,1.14.0,Free_feed,1,4.16,2,1,Pellet,Left,2,0,3,0,Timed_out,90,nan
3/29/2023 10:29:20,1.14.0,Free_feed,1,4.16,2,1,Pellet,Left,2,0,4,0,0.06,8,nan
3/29/2023 10:30:02,1.14.0,Free_feed,1,4.16,1,1,Pellet,Left,2,0,5,0,36.02,42,nan
3/29/2023 10:30:25,1.14.0,Free_feed,1,4.16,nan,1,RightWithPellet,Left,2,1,5,0,nan,nan,0.08
3/29/2023 10:30:26,1.14.0,Free_feed,1,4.16,nan,1,RightWithPellet,Left,2,2,5,0,nan,nan,0.04
3/29/2023 10:31:27,1.14.0,Free_feed,1,4.16,2,1,Pellet,Left,2,2,6,0,Timed_out,85,nan
3/29/2023 10:31:40,1.14.0,Free_feed,1,4.16,nan,1,RightWithPellet,Left,2,3,6,0,nan,nan,0.27
3/29/2023 10:31:42,1.14.0,Free_feed,1,4.16,nan,1,RightWithPellet,Left,2,4,6,0,nan,nan,1.08
3/29/2023 10:31:46,1.14.0,Free_feed,1,4.16,1,1,Pellet,Left,2,4,7,0,11.13,19,nan
3/29/2023 10:32:44,1.14.0,Free_feed,1,4.16,1,1,Pellet,Left,2,4,8,0,56.75,58,nan
3/29/2023 10:32:52,1.14.0,Free_feed,1,4.16,1,1,Pellet,Left,2,4,9,0,0.79,8,nan
3/29/2023 10:33:06,1.14.0,Free_feed,1,4.16,1,1,Pellet,Left,2,4,10,0,6.74,14,nan
3/29/2023 10:33:16,1.14.0,Free_feed,1,4.16,2,1,Pellet,Left,2,4,11,0,1.40,10,nan
3/29/2023 10:35:31,1.14.0,Free_feed,1,4.16,1,1,Pellet,Left,2,4,12,0,Timed_out,135,nan
3/29/2023 10:35:38,1.14.0,Free_feed,1,4.16,nan,1,LeftWithPellet,Left,3,4,12,0,nan,nan,1.28
3/29/2023 10:35:39,1.14.0,Free_feed,1,4.16,nan,1,LeftWithPellet,Left,4,4,12,0,nan,nan,0.02
3/29/2023 10:35:41,1.14.0,Free_feed,1,4.17,1,1,Pellet,Left,4,4,13,0,3.72,10,nan
3/29/2023 10:37:46,1.14.0,Free_feed,1,4.16,nan,1,RightWithPellet,Left,4,5,13,0,nan,nan,0.39
3/29/2023 10:39:04,1.14.0,Free_feed,1,4.16,nan,1,RightWithPellet,Left,4,6,13,0,nan,nan,0.07
3/29/2023 10:39:09,1.14.0,Free_feed,1,4.16,nan,1,RightWithPellet,Left,4,7,13,0,nan,nan,0.87
3/29/2023 10:39:10,1.14.0,Free_feed,1,4.16,nan,1,RightWithPellet,Left,4,8,13,0,nan,nan,0.85
3/29/2023 10:39:28,1.14.0,Free_feed,1,4.16,nan,1,RightWithPellet,Left,4,9,13,0,nan,nan,0.28
3/29/2023 10:39:40,1.14.0,Free_feed,1,4.16,nan,1,LeftWithPellet,Left,5,9,13,0,nan,nan,0.60
3/29/2023 10:39:45,1.14.0,Free_feed,1,4.16,nan,1,LeftWithPellet,Left,6,9,13,0,nan,nan,0.22
3/29/2023 10:39:49,1.14.0,Free_feed,1,4.16,nan,1,LeftWithPellet,Left,7,9,13,0,nan,nan,0.02
3/29/2023 10:40:03,1.14.0,Free_feed,1,4.16,nan,1,RightWithPellet,Left,7,10,13,0,nan,nan,0.04
3/29/2023 10:43:51,1.14.0,Free_feed,1,4.16,2,1,Pellet,Left,7,10,14,0,Timed_out,490,nan
3/29/2023 10:44:00,1.14.0,Free_feed,1,4.16,1,1,Pellet,Left,7,10,15,0,2.32,9,nan
3/29/2023 10:44:06,1.14.0,Free_feed,1,4.16,1,1,Pellet,Left,7,10,16,0,0.06,6,nan
3/29/2023 10:44:13,1.14.0,Free_feed,1,4.16,2,1,Pellet,Left,7,10,17,0,0.06,7,nan
3/29/2023 10:44:22,1.14.0,Free_feed,1,4.16,nan,1,RightWithPellet,Left,7,11,17,0,nan,nan,0.30
3/29/2023 10:44:24,1.14.0,Free_feed,1,4.16,nan,1,RightWithPellet,Left,7,12,17,0,nan,nan,0.07
3/29/2023 10:44:31,1.14.0,Free_feed,1,4.16,nan,1,RightWithPellet,Left,7,13,17,0,nan,nan,0.03
3/29/2023 10:45:51,1.14.0,Free_feed,1,4.16,nan,1,RightWithPellet,Left,7,14,17,0,nan,nan,0.05
3/29/2023 10:46:40,1.14.0,Free_feed,1,4.16,nan,1,LeftWithPellet,Left,8,14,17,0,nan,nan,0.05
3/29/2023 10:46:42,1.14.0,Free_feed,1,4.16,1,1,Pellet,Left,8,14,18,0,Timed_out,149,nan
3/29/2023 10:48:15,1.14.0,Free_feed,1,4.16,nan,1,RightWithPellet,Left,8,15,18,0,nan,nan,0.07
3/29/2023 10:54:00,1.14.0,Free_feed,1,4.16,nan,1,LeftWithPellet,Left,9,15,18,0,nan,nan,0.02
3/29/2023 10:54:08,1.14.0,Free_feed,1,4.16,nan,1,LeftWithPellet,Left,10,15,18,0,nan,nan,0.06
3/29/2023 10:55:31,1.14.0,Free_feed,1,4.16,nan,1,RightWithPellet,Left,10,16,18,0,nan,nan,0.03
3/29/2023 10:55:33,1.14.0,Free_feed,1,4.16,nan,1,RightWithPellet,Left,10,17,18,0,nan,nan,0.05
3/29/2023 10:55:36,1.14.0,Free_feed,1,4.16,nan,1,RightWithPellet,Left,10,18,18,0,nan,nan,0.72
3/29/2023 10:55:39,1.14.0,Free_feed,1,4.16,1,1,Pellet,Left,10,18,19,0,Timed_out,537,nan
3/29/2023 10:55:47,1.14.0,Free_feed,1,4.16,1,1,Pellet,Left,10,18,20,0,1.46,8,nan
3/29/2023 10:55:56,1.14.0,Free_feed,1,4.16,nan,1,LeftWithPellet,Left,11,18,20,0,nan,nan,0.60
3/29/2023 10:55:59,1.14.0,Free_feed,1,4.16,1,1,Pellet,Left,11,18,21,0,3.89,12,nan
3/29/2023 10:56:07,1.14.0,Free_feed,1,4.16,nan,1,RightWithPellet,Left,11,19,21,0,nan,nan,0.04
3/29/2023 11:00:22,1.14.0,Free_feed,1,4.16,nan,1,RightWithPellet,Left,11,20,21,0,nan,nan,0.18
3/29/2023 11:08:28,1.14.0,Free_feed,1,4.16,1,1,Pellet,Left,11,20,22,0,Timed_out,749,nan
3/29/2023 11:09:01,1.14.0,Free_feed,1,4.16,nan,1,RightWithPellet,Left,11,21,22,0,nan,nan,0.59
3/29/2023 11:09:06,1.14.0,Free_feed,1,4.16,nan,1,RightWithPellet,Left,11,22,22,0,nan,nan,0.20
3/29/2023 11:10:43,1.14.0,Free_feed,1,4.16,nan,1,LeftWithPellet,Left,12,22,22,0,nan,nan,0.04
3/29/2023 11:12:52,1.14.0,Free_feed,1,4.16,nan,1,LeftWithPellet,Left,13,22,22,0,nan,nan,0.04
3/29/2023 11:13:40,1.14.0,Free_feed,1,4.16,nan,1,RightWithPellet,Left,13,23,22,0,nan,nan,0.46
3/29/2023 11:14:12,1.14.0,Free_feed,1,4.16,nan,1,RightWithPellet,Left,13,24,22,0,nan,nan,0.04
3/29/2023 11:14:12,1.14.0,Free_feed,1,4.16,1,1,Pellet,Left,13,24,23,0,Timed_out,344,nan
3/29/2023 11:14:27,1.14.0,Free_feed,1,4.16,nan,1,RightWithPellet,Left,13,25,23,0,nan,nan,0.75
3/29/2023 11:14:35,1.14.0,Free_feed,1,4.16,nan,1,LeftWithPellet,Left,14,25,23,0,nan,nan,0.08
3/29/2023 11:20:10,1.14.0,Free_feed,1,4.16,1,1,Pellet,Left,14,25,24,0,Timed_out,358,nan
3/29/2023 11:20:14,1.14.0,Free_feed,1,4.16,1,1,Pellet,Left,14,25,25,0,0.06,4,nan
3/29/2023 11:20:35,1.14.0,Free_feed,1,4.16,1,1,Pellet,Left,14,25,26,0,14.41,21,nan
3/29/2023 11:20:57,1.14.0,Free_feed,1,4.16,nan,1,RightWithPellet,Left,14,26,26,0,nan,nan,0.04
3/29/2023 11:25:43,1.14.0,Free_feed,1,4.16,nan,1,LeftWithPellet,Left,15,26,26,0,nan,nan,0.02
3/29/2023 11:28:07,1.14.0,Free_feed,1,4.16,nan,1,LeftWithPellet,Left,16,26,26,0,nan,nan,0.13
3/29/2023 11:30:52,1.14.0,Free_feed,1,4.16,nan,1,LeftWithPellet,Left,17,26,26,0,nan,nan,1.30
3/29/2023 11:30:59,1.14.0,Free_feed,1,4.16,nan,1,LeftWithPellet,Left,18,26,26,0,nan,nan,0.82
3/29/2023 11:31:05,1.14.0,Free_feed,1,4.16,nan,1,LeftWithPellet,Left,19,26,26,0,nan,nan,0.04
3/29/2023 11:31:09,1.14.0,Free_feed,1,4.16,nan,1,LeftWithPellet,Left,20,26,26,0,nan,nan,1.17
3/29/2023 11:31:12,1.14.0,Free_feed,1,4.16,nan,1,LeftWithPellet,Left,21,26,26,0,nan,nan,0.03
3/29/2023 11:31:16,1.14.0,Free_feed,1,4.16,nan,1,LeftWithPellet,Left,22,26,26,0,nan,nan,0.08
3/29/2023 11:31:17,1.14.0,Free_feed,1,4.16,nan,1,LeftWithPellet,Left,23,26,26,0,nan,nan,0.17
3/29/2023 11:31:19,1.14.0,Free_feed,1,4.16,nan,1,LeftWithPellet,Left,24,26,26,0,nan,nan,0.28
3/29/2023 11:31:27,1.14.0,Free_feed,1,4.16,1,1,Pellet,Left,24,26,27,0,Timed_out,652,nan
3/29/2023 11:31:39,1.14.0,Free_feed,1,4.16,nan,1,RightWithPellet,Left,24,27,27,0,nan,nan,0.79
3/29/2023 11:31:45,1.14.0,Free_feed,1,4.16,nan,1,RightWithPellet,Left,24,28,27,0,nan,nan,1.68
3/29/2023 11:31:46,1.14.0,Free_feed,1,4.16,nan,1,RightWithPellet,Left,24,29,27,0,nan,nan,0.11
3/29/2023 11:31:46,1.14.0,Free_feed,1,4.16,nan,1,RightWithPellet,Left,24,30,27,0,nan,nan,0.10
3/29/2023 11:31:58,1.14.0,Free_feed,1,4.16,nan,1,RightWithPellet,Left,24,31,27,0,nan,nan,0.04
3/29/2023 11:32:21,1.14.0,Free_feed,1,4.16,nan,1,RightWithPellet,Left,24,32,27,0,nan,nan,0.55
3/29/2023 11:32:21,1.14.0,Free_feed,1,4.16,nan,1,RightWithPellet,Left,24,33,27,0,nan,nan,0.26
3/29/2023 11:32:23,1.14.0,Free_feed,1,4.16,nan,1,RightWithPellet,Left,24,34,27,0,nan,nan,1.15
3/29/2023 11:32:27,1.14.0,Free_feed,1,4.16,nan,1,RightWithPellet,Left,24,35,27,0,nan,nan,0.94
3/29/2023 11:32:28,1.14.0,Free_feed,1,4.16,nan,1,RightWithPellet,Left,24,36,27,0,nan,nan,0.86
3/29/2023 11:32:34,1.14.0,Free_feed,1,4.16,nan,1,LeftWithPellet,Left,25,36,27,0,nan,nan,0.13
3/29/2023 11:33:01,1.14.0,Free_feed,1,4.16,nan,1,RightWithPellet,Left,25,37,27,0,nan,nan,0.15
3/29/2023 11:33:11,1.14.0,Free_feed,1,4.16,nan,1,RightWithPellet,Left,25,38,27,0,nan,nan,0.07
3/29/2023 11:33:51,1.14.0,Free_feed,1,4.16,nan,1,RightWithPellet,Left,25,39,27,0,nan,nan,0.03
3/29/2023 11:36:05,1.14.0,Free_feed,1,4.16,nan,1,RightWithPellet,Left,25,40,27,0,nan,nan,0.03
3/29/2023 11:39:47,1.14.0,Free_feed,1,4.16,1,1,Pellet,Left,25,40,28,0,Timed_out,500,nan
3/29/2023 11:39:56,1.14.0,Free_feed,1,4.16,nan,1,LeftWithPellet,Left,26,40,28,0,nan,nan,0.36
3/29/2023 11:40:38,1.14.0,Free_feed,1,4.16,nan,1,RightWithPellet,Left,26,41,28,0,nan,nan,0.85
3/29/2023 11:42:49,1.14.0,Free_feed,1,4.16,1,1,Pellet,Left,26,41,29,0,Timed_out,182,nan
3/29/2023 11:44:10,1.14.0,Free_feed,1,4.16,nan,1,RightWithPellet,Left,26,42,29,0,nan,nan,0.56
3/29/2023 11:44:38,1.14.0,Free_feed,1,4.16,nan,1,LeftWithPellet,Left,27,42,29,0,nan,nan,0.11
3/29/2023 11:45:41,1.14.0,Free_feed,1,4.16,nan,1,LeftWithPellet,Left,28,42,29,0,nan,nan,0.03
3/29/2023 11:45:43,1.14.0,Free_feed,1,4.16,nan,1,LeftWithPellet,Left,29,42,29,0,nan,nan,0.05
3/29/2023 11:47:10,1.14.0,Free_feed,1,4.15,1,1,Pellet,Left,29,42,30,0,Timed_out,261,nan
3/29/2023 11:48:00,1.14.0,Free_feed,1,4.15,1,1,Pellet,Left,29,42,31,0,43.09,50,nan
3/29/2023 11:49:20,1.14.0,Free_feed,1,4.16,nan,1,RightWithPellet,Left,29,43,31,0,nan,nan,0.30
3/29/2023 11:49:35,1.14.0,Free_feed,1,4.16,nan,1,LeftWithPellet,Left,30,43,31,0,nan,nan,0.14
3/29/2023 11:50:00,1.14.0,Free_feed,1,4.16,nan,1,RightWithPellet,Left,30,44,31,0,nan,nan,0.03
3/29/2023 11:50:02,1.14.0,Free_feed,1,4.16,nan,1,RightWithPellet,Left,30,45,31,0,nan,nan,0.41
3/29/2023 11:50:05,1.14.0,Free_feed,1,4.16,nan,1,LeftWithPellet,Left,31,45,31,0,nan,nan,0.50
3/29/2023 11:50:18,1.14.0,Free_feed,1,4.16,nan,1,RightWithPellet,Left,31,46,31,0,nan,nan,0.18
3/29/2023 11:50:20,1.14.0,Free_feed,1,4.16,nan,1,RightWithPellet,Left,31,47,31,0,nan,nan,0.15
3/29/2023 11:51:02,1.14.0,Free_feed,1,4.16,1,1,Pellet,Left,31,47,32,0,Timed_out,182,nan
3/29/2023 11:52:49,1.14.0,Free_feed,1,4.16,nan,1,RightWithPellet,Left,31,48,32,0,nan,nan,0.04
3/29/2023 11:55:00,1.14.0,Free_feed,1,4.16,2,1,Pellet,Left,31,48,33,0,Timed_out,238,nan
3/29/2023 11:57:16,1.14.0,Free_feed,1,4.16,nan,1,RightWithPellet,Left,31,49,33,0,nan,nan,1.23
3/29/2023 11:59:14,1.14.0,Free_feed,1,4.16,nan,1,LeftWithPellet,Left,32,49,33,0,nan,nan,0.01
3/29/2023 12:01:18,1.14.0,Free_feed,1,4.16,nan,1,LeftWithPellet,Left,33,49,33,0,nan,nan,0.13
3/29/2023 12:04:02,1.14.0,Free_feed,1,4.16,nan,1,LeftWithPellet,Left,34,49,33,0,nan,nan,0.00
3/29/2023 12:05:47,1.14.0,Free_feed,1,4.15,nan,1,LeftWithPellet,Left,35,49,33,0,nan,nan,0.10
3/29/2023 12:06:27,1.14.0,Free_feed,1,4.16,nan,1,LeftWithPellet,Left,36,49,33,0,nan,nan,0.02
3/29/2023 12:06:28,1.14.0,Free_feed,1,4.16,nan,1,LeftWithPellet,Left,37,49,33,0,nan,nan,0.14
3/29/2023 12:06:29,1.14.0,Free_feed,1,4.16,nan,1,LeftWithPellet,Left,38,49,33,0,nan,nan,0.30
3/29/2023 12:06:36,1.14.0,Free_feed,1,4.16,nan,1,LeftWithPellet,Left,39,49,33,0,nan,nan,0.45
3/29/2023 12:06:37,1.14.0,Free_feed,1,4.16,nan,1,LeftWithPellet,Left,40,49,33,0,nan,nan,0.13
3/29/2023 12:06:39,1.14.0,Free_feed,1,4.16,nan,1,LeftWithPellet,Left,41,49,33,0,nan,nan,0.24
3/29/2023 12:06:41,1.14.0,Free_feed,1,4.16,nan,1,LeftWithPellet,Left,42,49,33,0,nan,nan,0.71
3/29/2023 12:07:13,1.14.0,Free_feed,1,4.16,nan,1,RightWithPellet,Left,42,50,33,0,nan,nan,0.35
3/29/2023 12:07:15,1.14.0,Free_feed,1,4.16,nan,1,RightWithPellet,Left,42,51,33,0,nan,nan,0.61
3/29/2023 12:07:16,1.14.0,Free_feed,1,4.16,nan,1,RightWithPellet,Left,42,52,33,0,nan,nan,0.04
3/29/2023 12:07:21,1.14.0,Free_feed,1,4.16,nan,1,LeftWithPellet,Left,43,52,33,0,nan,nan,0.06
3/29/2023 12:07:30,1.14.0,Free_feed,1,4.15,nan,1,LeftWithPellet,Left,44,52,33,0,nan,nan,0.01
3/29/2023 12:08:57,1.14.0,Free_feed,1,4.15,nan,1,RightWithPellet,Left,44,53,33,0,nan,nan,0.66
3/29/2023 12:09:02,1.14.0,Free_feed,1,4.15,nan,1,LeftWithPellet,Left,45,53,33,0,nan,nan,0.11
3/29/2023 12:09:06,1.14.0,Free_feed,1,4.16,nan,1,LeftWithPellet,Left,46,53,33,0,nan,nan,0.00
3/29/2023 12:10:31,1.14.0,Free_feed,1,4.16,nan,1,RightWithPellet,Left,46,54,33,0,nan,nan,0.64
3/29/2023 12:10:38,1.14.0,Free_feed,1,4.16,nan,1,RightWithPellet,Left,46,55,33,0,nan,nan,0.20
3/29/2023 12:15:16,1.14.0,Free_feed,1,4.16,nan,1,RightWithPellet,Left,46,56,33,0,nan,nan,0.30
3/29/2023 12:15:18,1.14.0,Free_feed,1,4.16,nan,1,RightWithPellet,Left,46,57,33,0,nan,nan,0.70
3/29/2023 12:15:21,1.14.0,Free_feed,1,4.16,1,1,Pellet,Left,46,57,34,0,Timed_out,1221,nan
3/29/2023 12:15:31,1.14.0,Free_feed,1,4.16,nan,1,RightWithPellet,Left,46,58,34,0,nan,nan,0.20
3/29/2023 12:15:47,1.14.0,Free_feed,1,4.16,nan,1,RightWithPellet,Left,46,59,34,0,nan,nan,0.16
3/29/2023 12:16:15,1.14.0,Free_feed,1,4.16,1,1,Pellet,Left,46,59,35,0,46.94,54,nan
3/29/2023 12:16:19,1.14.0,Free_feed,1,4.16,1,1,Pellet,Left,46,59,36,0,0.61,4,nan
3/29/2023 12:16:38,1.14.0,Free_feed,1,4.16,nan,1,RightWithPellet,Left,46,60,36,0,nan,nan,0.63
3/29/2023 12:21:56,1.14.0,Free_feed,1,4.16,1,1,Pellet,Left,46,60,37,0,Timed_out,337,nan
3/29/2023 12:22:00,1.14.0,Free_feed,1,4.16,1,1,Pellet,Left,46,60,38,0,1.52,4,nan
3/29/2023 12:23:09,1.14.0,Free_feed,1,4.16,nan,1,LeftWithPellet,Left,47,60,38,0,nan,nan,0.81
3/29/2023 12:23:10,1.14.0,Free_feed,1,4.16,nan,1,LeftWithPellet,Left,48,60,38,0,nan,nan,1.17
3/29/2023 12:23:13,1.14.0,Free_feed,1,4.16,nan,1,LeftWithPellet,Left,49,60,38,0,nan,nan,0.62
3/29/2023 12:23:15,1.14.0,Free_feed,1,4.16,nan,1,LeftWithPellet,Left,50,60,38,0,nan,nan,1.28
3/29/2023 12:23:38,1.14.0,Free_feed,1,4.16,nan,1,LeftWithPellet,Left,51,60,38,0,nan,nan,0.09
3/29/2023 12:23:40,1.14.0,Free_feed,1,4.16,nan,1,LeftWithPellet,Left,52,60,38,0,nan,nan,0.07
3/29/2023 12:23:44,1.14.0,Free_feed,1,4.16,nan,1,LeftWithPellet,Left,53,60,38,0,nan,nan,0.03
3/29/2023 12:23:51,1.14.0,Free_feed,1,4.16,nan,1,LeftWithPellet,Left,54,60,38,0,nan,nan,0.16
3/29/2023 12:24:07,1.14.0,Free_feed,1,4.16,nan,1,LeftWithPellet,Left,55,60,38,0,nan,nan,0.05
3/29/2023 12:24:39,1.14.0,Free_feed,1,4.15,nan,1,LeftWithPellet,Left,56,60,38,0,nan,nan,0.14
3/29/2023 12:24:53,1.14.0,Free_feed,1,4.16,nan,1,RightWithPellet,Left,56,61,38,0,nan,nan,0.25
3/29/2023 12:25:40,1.14.0,Free_feed,1,4.16,nan,1,LeftWithPellet,Left,57,61,38,0,nan,nan,0.53
3/29/2023 12:25:43,1.14.0,Free_feed,1,4.16,nan,1,LeftWithPellet,Left,58,61,38,0,nan,nan,0.02
3/29/2023 12:25:47,1.14.0,Free_feed,1,4.16,nan,1,LeftWithPellet,Left,59,61,38,0,nan,nan,0.01
3/29/2023 12:25:47,1.14.0,Free_feed,1,4.15,nan,1,LeftWithPellet,Left,60,61,38,0,nan,nan,0.23
3/29/2023 12:25:53,1.14.0,Free_feed,1,4.16,nan,1,LeftWithPellet,Left,61,61,38,0,nan,nan,0.11
3/29/2023 12:25:56,1.14.0,Free_feed,1,4.16,nan,1,LeftWithPellet,Left,62,61,38,0,nan,nan,0.89
3/29/2023 12:26:01,1.14.0,Free_feed,1,4.16,nan,1,LeftWithPellet,Left,63,61,38,0,nan,nan,0.82
3/29/2023 12:26:11,1.14.0,Free_feed,1,4.16,nan,1,LeftWithPellet,Left,64,61,38,0,nan,nan,0.44
3/29/2023 12:26:12,1.14.0,Free_feed,1,4.16,nan,1,LeftWithPellet,Left,65,61,38,0,nan,nan,0.05
3/29/2023 12:26:15,1.14.0,Free_feed,1,4.16,nan,1,LeftWithPellet,Left,66,61,38,0,nan,nan,2.06
3/29/2023 12:26:17,1.14.0,Free_feed,1,4.16,nan,1,LeftWithPellet,Left,67,61,38,0,nan,nan,0.78
3/29/2023 12:26:29,1.14.0,Free_feed,1,4.16,nan,1,LeftWithPellet,Left,68,61,38,0,nan,nan,0.08
3/29/2023 12:26:31,1.14.0,Free_feed,1,4.16,nan,1,LeftWithPellet,Left,69,61,38,0,nan,nan,1.14
3/29/2023 12:26:34,1.14.0,Free_feed,1,4.16,nan,1,LeftWithPellet,Left,70,61,38,0,nan,nan,0.06
3/29/2023 12:26:36,1.14.0,Free_feed,1,4.16,nan,1,LeftWithPellet,Left,71,61,38,0,nan,nan,0.85
3/29/2023 12:26:38,1.14.0,Free_feed,1,4.16,nan,1,LeftWithPellet,Left,72,61,38,0,nan,nan,0.16
3/29/2023 12:26:39,1.14.0,Free_feed,1,4.16,nan,1,LeftWithPellet,Left,73,61,38,0,nan,nan,0.17
3/29/2023 12:26:41,1.14.0,Free_feed,1,4.16,nan,1,LeftWithPellet,Left,74,61,38,0,nan,nan,0.48
3/29/2023 12:26:44,1.14.0,Free_feed,1,4.16,nan,1,LeftWithPellet,Left,75,61,38,0,nan,nan,1.55
3/29/2023 12:26:46,1.14.0,Free_feed,1,4.16,nan,1,LeftWithPellet,Left,76,61,38,0,nan,nan,0.01
3/29/2023 12:26:47,1.14.0,Free_feed,1,4.16,nan,1,LeftWithPellet,Left,77,61,38,0,nan,nan,0.15
3/29/2023 12:26:47,1.14.0,Free_feed,1,4.16,nan,1,LeftWithPellet,Left,78,61,38,0,nan,nan,0.26
3/29/2023 12:26:52,1.14.0,Free_feed,1,4.16,nan,1,LeftWithPellet,Left,79,61,38,0,nan,nan,0.05
3/29/2023 12:26:58,1.14.0,Free_feed,1,4.16,nan,1,RightWithPellet,Left,79,62,38,0,nan,nan,0.21
3/29/2023 12:27:07,1.14.0,Free_feed,1,4.16,nan,1,RightWithPellet,Left,79,63,38,0,nan,nan,0.94
3/29/2023 12:27:09,1.14.0,Free_feed,1,4.16,nan,1,RightWithPellet,Left,79,64,38,0,nan,nan,0.55
3/29/2023 12:30:31,1.14.0,Free_feed,1,4.15,nan,1,LeftWithPellet,Left,80,64,38,0,nan,nan,0.11
3/29/2023 12:30:33,1.14.0,Free_feed,1,4.16,nan,1,LeftWithPellet,Left,81,64,38,0,nan,nan,0.07
3/29/2023 12:30:37,1.14.0,Free_feed,1,4.15,nan,1,RightWithPellet,Left,81,65,38,0,nan,nan,1.57
3/29/2023 12:30:40,1.14.0,Free_feed,1,4.16,nan,1,RightWithPellet,Left,81,66,38,0,nan,nan,0.13
3/29/2023 12:31:22,1.14.0,Free_feed,1,4.16,nan,1,RightWithPellet,Left,81,67,38,0,nan,nan,0.13
3/29/2023 12:35:44,1.14.0,Free_feed,1,4.16,nan,1,RightWithPellet,Left,81,68,38,0,nan,nan,0.89
3/29/2023 12:36:21,1.14.0,Free_feed,1,4.15,nan,1,LeftWithPellet,Left,82,68,38,0,nan,nan,0.93
3/29/2023 12:38:35,1.14.0,Free_feed,1,4.16,nan,1,RightWithPellet,Left,82,69,38,0,nan,nan,0.08
3/29/2023 12:38:37,1.14.0,Free_feed,1,4.16,nan,1,RightWithPellet,Left,82,70,38,0,nan,nan,0.19
3/29/2023 12:38:38,1.14.0,Free_feed,1,4.16,nan,1,RightWithPellet,Left,82,71,38,0,nan,nan,0.06
3/29/2023 12:38:41,1.14.0,Free_feed,1,4.16,nan,1,RightWithPellet,Left,82,72,38,0,nan,nan,0.03
3/29/2023 12:38:44,1.14.0,Free_feed,1,4.16,nan,1,RightWithPellet,Left,82,73,38,0,nan,nan,1.64
3/29/2023 12:39:22,1.14.0,Free_feed,1,4.16,nan,1,LeftWithPellet,Left,83,73,38,0,nan,nan,0.28
3/29/2023 12:39:28,1.14.0,Free_feed,1,4.16,nan,1,RightWithPellet,Left,83,74,38,0,nan,nan,0.19
3/29/2023 12:39:38,1.14.0,Free_feed,1,4.16,nan,1,LeftWithPellet,Left,84,74,38,0,nan,nan,0.06
3/29/2023 12:41:25,1.14.0,Free_feed,1,4.16,nan,1,LeftWithPellet,Left,85,74,38,0,nan,nan,0.02
3/29/2023 13:05:11,1.14.0,Free_feed,1,4.15,nan,1,RightWithPellet,Left,85,75,38,0,nan,nan,0.26
3/29/2023 13:05:39,1.14.0,Free_feed,1,4.16,nan,1,RightWithPellet,Left,85,76,38,0,nan,nan,0.51
3/29/2023 13:05:54,1.14.0,Free_feed,1,4.16,nan,1,RightWithPellet,Left,85,77,38,0,nan,nan,0.32
3/29/2023 13:07:17,1.14.0,Free_feed,1,4.16,nan,1,LeftWithPellet,Left,86,77,38,0,nan,nan,0.14
3/29/2023 13:07:25,1.14.0,Free_feed,1,4.16,nan,1,RightWithPellet,Left,86,78,38,0,nan,nan,0.23
3/29/2023 13:09:06,1.14.0,Free_feed,1,4.16,nan,1,RightWithPellet,Left,86,79,38,0,nan,nan,0.19
3/29/2023 13:11:39,1.14.0,Free_feed,1,4.16,nan,1,LeftWithPellet,Left,87,79,38,0,nan,nan,0.13
3/29/2023 13:11:43,1.14.0,Free_feed,1,4.16,nan,1,LeftWithPellet,Left,88,79,38,0,nan,nan,0.45
3/29/2023 13:11:46,1.14.0,Free_feed,1,4.16,1,1,Pellet,Left,88,79,39,0,Timed_out,2985,nan
3/29/2023 13:13:31,1.14.0,Free_feed,1,4.15,nan,1,LeftWithPellet,Left,89,79,39,0,nan,nan,0.03
3/29/2023 13:13:53,1.14.0,Free_feed,1,4.16,nan,1,RightWithPellet,Left,89,80,39,0,nan,nan,0.62
3/29/2023 13:15:02,1.14.0,Free_feed,1,4.16,1,1,Pellet,Left,89,80,40,0,Timed_out,196,nan
3/29/2023 13:15:11,1.14.0,Free_feed,1,4.16,2,1,Pellet,Left,89,80,41,0,1.16,10,nan
3/29/2023 13:15:12,1.14.0,Free_feed,1,4.16,1,1,Pellet,Left,89,80,42,0,0.06,1,nan
3/29/2023 13:15:34,1.14.0,Free_feed,1,4.15,nan,1,LeftWithPellet,Left,90,80,42,0,nan,nan,0.03
3/29/2023 14:24:03,1.14.0,Free_feed,1,4.15,1,1,Pellet,Left,90,80,43,0,Timed_out,4131,nan
3/29/2023 14:24:40,1.14.0,Free_feed,1,4.15,nan,1,RightWithPellet,Left,90,81,43,0,nan,nan,0.54
3/29/2023 14:24:52,1.14.0,Free_feed,1,4.15,nan,1,LeftWithPellet,Left,91,81,43,0,nan,nan,0.27
3/29/2023 14:25:24,1.14.0,Free_feed,1,4.16,2,1,Pellet,Left,91,81,44,0,Timed_out,81,nan
3/29/2023 14:25:44,1.14.0,Free_feed,1,4.15,1,1,Pellet,Left,91,81,45,0,13.92,20,nan
3/29/2023 14:35:14,1.14.0,Free_feed,1,4.15,1,1,Pellet,Left,91,81,46,0,Timed_out,570,nan
3/29/2023 14:35:15,1.14.0,Free_feed,1,4.15,1,1,Pellet,Left,91,81,47,0,0.24,1,nan
3/29/2023 14:35:17,1.14.0,Free_feed,1,4.15,1,1,Pellet,Left,91,81,48,0,0.30,2,nan
3/29/2023 14:35:41,1.14.0,Free_feed,1,4.15,1,1,Pellet,Left,91,81,49,0,16.57,24,nan
3/29/2023 14:36:00,1.14.0,Free_feed,1,4.15,2,1,Pellet,Left,91,81,50,0,9.31,19,nan
3/29/2023 14:36:26,1.14.0,Free_feed,1,4.15,1,1,Pellet,Left,91,81,51,0,18.71,26,nan
3/29/2023 14:38:49,1.14.0,Free_feed,1,4.15,2,1,Pellet,Left,91,81,52,0,Timed_out,143,nan
3/29/2023 14:39:08,1.14.0,Free_feed,1,4.15,1,1,Pellet,Left,91,81,53,0,12.08,19,nan
3/29/2023 14:39:20,1.14.0,Free_feed,1,4.15,1,1,Pellet,Left,91,81,54,0,5.02,12,nan
3/29/2023 14:39:28,1.14.0,Free_feed,1,4.15,nan,1,LeftWithPellet,Left,92,81,54,0,nan,nan,0.01
3/29/2023 14:40:47,1.14.0,Free_feed,1,4.15,nan,1,RightWithPellet,Left,92,82,54,0,nan,nan,0.27
3/29/2023 14:42:05,1.14.0,Free_feed,1,4.16,nan,1,RightWithPellet,Left,92,83,54,0,nan,nan,0.08
3/29/2023 14:42:06,1.14.0,Free_feed,1,4.14,nan,1,RightWithPellet,Left,92,84,54,0,nan,nan,0.42
3/29/2023 14:42:10,1.14.0,Free_feed,1,4.15,nan,1,RightWithPellet,Left,92,85,54,0,nan,nan,0.01
3/29/2023 14:42:23,1.14.0,Free_feed,1,4.15,nan,1,RightWithPellet,Left,92,86,54,0,nan,nan,0.04
3/29/2023 14:42:27,1.14.0,Free_feed,1,4.15,nan,1,RightWithPellet,Left,92,87,54,0,nan,nan,0.32
3/29/2023 14:42:36,1.14.0,Free_feed,1,4.16,nan,1,LeftWithPellet,Left,93,87,54,0,nan,nan,0.19
3/29/2023 14:42:40,1.14.0,Free_feed,1,4.15,nan,1,LeftWithPellet,Left,94,87,54,0,nan,nan,0.56
3/29/2023 14:42:52,1.14.0,Free_feed,1,4.15,nan,1,RightWithPellet,Left,94,88,54,0,nan,nan,0.58
3/29/2023 14:43:34,1.14.0,Free_feed,1,4.15,1,1,Pellet,Left,94,88,55,0,Timed_out,254,nan
3/29/2023 14:45:24,1.14.0,Free_feed,1,4.16,nan,1,LeftWithPellet,Left,95,88,55,0,nan,nan,0.08
3/29/2023 14:45:29,1.14.0,Free_feed,1,4.15,1,1,Pellet,Left,95,88,56,0,Timed_out,115,nan
3/29/2023 15:33:47,1.14.0,Free_feed,1,4.15,2,1,Pellet,Left,95,88,57,0,Timed_out,2897,nan
3/29/2023 15:34:56,1.14.0,Free_feed,1,4.15,1,1,Pellet,Left,95,88,58,0,Timed_out,70,nan
3/29/2023 15:35:53,1.14.0,Free_feed,1,4.15,1,1,Pellet,Left,95,88,59,0,50.09,57,nan
3/29/2023 15:36:19,1.14.0,Free_feed,1,4.15,1,1,Pellet,Left,95,88,60,0,19.16,26,nan
3/29/2023 15:36:21,1.14.0,Free_feed,1,4.14,1,1,Pellet,Left,95,88,61,0,0.06,1,nan
3/29/2023 15:43:13,1.14.0,Free_feed,1,4.14,1,1,Pellet,Left,95,88,62,0,Timed_out,413,nan
3/29/2023 15:43:58,1.14.0,Free_feed,1,4.14,1,1,Pellet,Left,95,88,63,0,37.15,45,nan
3/29/2023 15:45:51,1.14.0,Free_feed,1,4.15,1,1,Pellet,Left,95,88,64,0,Timed_out,113,nan
3/29/2023 15:55:02,1.14.0,Free_feed,1,4.15,2,1,Pellet,Left,95,88,65,0,Timed_out,551,nan
3/29/2023 16:35:45,1.14.0,Free_feed,1,4.14,1,1,Pellet,Left,95,88,66,0,Timed_out,2443,nan
3/29/2023 16:35:46,1.14.0,Free_feed,1,4.15,1,1,Pellet,Left,95,88,67,0,0.12,1,nan
3/29/2023 16:42:38,1.14.0,Free_feed,1,4.14,1,1,Pellet,Left,95,88,68,0,Timed_out,412,nan
3/29/2023 16:43:10,1.14.0,Free_feed,1,4.14,1,1,Pellet,Left,95,88,69,0,24.56,31,nan
3/29/2023 16:43:47,1.14.0,Free_feed,1,4.15,1,1,Pellet,Left,95,88,70,0,30.35,38,nan
3/29/2023 16:44:24,1.14.0,Free_feed,1,4.15,1,1,Pellet,Left,95,88,71,0,28.62,37,nan
3/29/2023 16:45:18,1.14.0,Free_feed,1,4.14,1,1,Pellet,Left,95,88,72,0,47.34,54,nan
3/29/2023 16:45:27,1.14.0,Free_feed,1,4.14,1,1,Pellet,Left,95,88,73,0,0.79,9,nan
3/29/2023 16:46:06,1.14.0,Free_feed,1,4.14,nan,1,RightWithPellet,Left,95,89,73,0,nan,nan,0.24
3/29/2023 16:58:47,1.14.0,Free_feed,1,4.14,1,1,Pellet,Left,95,89,74,0,Timed_out,800,nan
3/29/2023 17:33:16,1.14.0,Free_feed,1,4.14,1,1,Pellet,Left,95,89,75,0,Timed_out,2069,nan
3/29/2023 17:33:38,1.14.0,Free_feed,1,4.14,1,1,Pellet,Left,95,89,76,0,14.53,22,nan
3/29/2023 17:34:52,1.14.0,Free_feed,1,4.14,1,1,Pellet,Left,95,89,77,0,Timed_out,74,nan
3/29/2023 17:35:22,1.14.0,Free_feed,1,4.14,2,1,Pellet,Left,95,89,78,0,20.55,30,nan
3/29/2023 17:35:30,1.14.0,Free_feed,1,4.14,nan,1,LeftWithPellet,Left,96,89,78,0,nan,nan,0.40
3/29/2023 17:43:05,1.14.0,Free_feed,1,4.14,2,1,Pellet,Left,96,89,79,0,Timed_out,463,nan
3/29/2023 17:43:32,1.14.0,Free_feed,1,4.14,1,1,Pellet,Left,96,89,80,0,20.31,27,nan
3/29/2023 17:43:53,1.14.0,Free_feed,1,4.14,1,1,Pellet,Left,96,89,81,0,13.91,21,nan
3/29/2023 17:44:19,1.14.0,Free_feed,1,4.14,1,1,Pellet,Left,96,89,82,0,18.34,26,nan
3/29/2023 18:18:05,1.14.0,Free_feed,1,4.14,1,1,Pellet,Left,96,89,83,0,Timed_out,2026,nan
3/29/2023 18:20:45,1.14.0,Free_feed,1,4.14,1,1,Pellet,Left,96,89,84,0,Timed_out,160,nan
3/29/2023 18:39:41,1.14.0,Free_feed,1,4.14,1,1,Pellet,Left,96,89,85,0,Timed_out,1136,nan
3/29/2023 18:40:01,1.14.0,Free_feed,1,4.14,1,1,Pellet,Left,96,89,86,0,12.20,20,nan
3/29/2023 18:40:02,1.14.0,Free_feed,1,4.14,1,1,Pellet,Left,96,89,87,0,0.06,1,nan
3/29/2023 18:40:19,1.14.0,Free_feed,1,4.14,2,1,Pellet,Left,96,89,88,0,7.84,17,nan
3/29/2023 18:40:44,1.14.0,Free_feed,1,4.14,2,1,Pellet,Left,96,89,89,0,17.12,25,nan
3/29/2023 18:41:03,1.14.0,Free_feed,1,4.14,1,1,Pellet,Left,96,89,90,0,12.63,19,nan
3/29/2023 18:41:23,1.14.0,Free_feed,1,4.14,1,1,Pellet,Left,96,89,91,0,12.75,20,nan
3/29/2023 18:41:38,1.14.0,Free_feed,1,4.14,nan,1,LeftWithPellet,Left,97,89,91,0,nan,nan,0.01
3/29/2023 18:41:38,1.14.0,Free_feed,1,4.14,nan,1,LeftWithPellet,Left,98,89,91,0,nan,nan,0.03
3/29/2023 18:56:46,1.14.0,Free_feed,1,4.14,1,1,Pellet,Left,98,89,92,0,Timed_out,923,nan
3/29/2023 18:57:38,1.14.0,Free_feed,1,4.14,nan,1,RightWithPellet,Left,98,90,92,0,nan,nan,0.01
3/29/2023 18:59:18,1.14.0,Free_feed,1,4.14,1,1,Pellet,Left,98,90,93,0,Timed_out,152,nan
3/29/2023 19:00:17,1.14.0,Free_feed,1,4.14,nan,1,RightWithPellet,Left,98,91,93,0,nan,nan,0.75
3/29/2023 19:02:26,1.14.0,Free_feed,1,4.14,nan,1,RightWithPellet,Left,98,92,93,0,nan,nan,0.02
3/29/2023 19:06:23,1.14.0,Free_feed,1,4.14,2,1,Pellet,Left,98,92,94,0,Timed_out,425,nan
3/29/2023 19:06:52,1.14.0,Free_feed,1,4.14,1,1,Pellet,Left,98,92,95,0,21.72,29,nan
3/29/2023 19:08:27,1.14.0,Free_feed,1,4.14,nan,1,LeftWithPellet,Left,99,92,95,0,nan,nan,0.08
3/29/2023 19:08:29,1.14.0,Free_feed,1,4.14,nan,1,LeftWithPellet,Left,100,92,95,0,nan,nan,0.66
3/29/2023 19:08:40,1.14.0,Free_feed,1,4.14,nan,1,LeftWithPellet,Left,101,92,95,0,nan,nan,0.07
3/29/2023 19:08:41,1.14.0,Free_feed,1,4.14,nan,1,LeftWithPellet,Left,102,92,95,0,nan,nan,0.10
3/29/2023 19:08:43,1.14.0,Free_feed,1,4.14,nan,1,LeftWithPellet,Left,103,92,95,0,nan,nan,0.06
3/29/2023 19:08:51,1.14.0,Free_feed,1,4.14,nan,1,LeftWithPellet,Left,104,92,95,0,nan,nan,0.04
3/29/2023 19:08:59,1.14.0,Free_feed,1,4.14,nan,1,LeftWithPellet,Left,105,92,95,0,nan,nan,0.64
3/29/2023 19:09:02,1.14.0,Free_feed,1,4.14,nan,1,LeftWithPellet,Left,106,92,95,0,nan,nan,0.83
3/29/2023 19:09:04,1.14.0,Free_feed,1,4.14,nan,1,LeftWithPellet,Left,107,92,95,0,nan,nan,0.62
3/29/2023 19:09:05,1.14.0,Free_feed,1,4.14,nan,1,LeftWithPellet,Left,108,92,95,0,nan,nan,0.37
3/29/2023 19:09:06,1.14.0,Free_feed,1,4.14,nan,1,LeftWithPellet,Left,109,92,95,0,nan,nan,0.02
3/29/2023 19:09:07,1.14.0,Free_feed,1,4.14,nan,1,LeftWithPellet,Left,110,92,95,0,nan,nan,0.02
3/29/2023 19:09:09,1.14.0,Free_feed,1,4.14,nan,1,LeftWithPellet,Left,111,92,95,0,nan,nan,0.21
3/29/2023 19:09:13,1.14.0,Free_feed,1,4.14,nan,1,LeftWithPellet,Left,112,92,95,0,nan,nan,0.02
3/29/2023 19:09:16,1.14.0,Free_feed,1,4.14,nan,1,LeftWithPellet,Left,113,92,95,0,nan,nan,1.21
3/29/2023 19:09:19,1.14.0,Free_feed,1,4.14,nan,1,LeftWithPellet,Left,114,92,95,0,nan,nan,0.59
3/29/2023 19:09:20,1.14.0,Free_feed,1,4.14,nan,1,LeftWithPellet,Left,115,92,95,0,nan,nan,0.30
3/29/2023 19:09:34,1.14.0,Free_feed,1,4.14,nan,1,LeftWithPellet,Left,116,92,95,0,nan,nan,0.06
3/29/2023 19:09:36,1.14.0,Free_feed,1,4.14,nan,1,LeftWithPellet,Left,117,92,95,0,nan,nan,0.61
3/29/2023 19:09:43,1.14.0,Free_feed,1,4.14,nan,1,LeftWithPellet,Left,118,92,95,0,nan,nan,3.19
3/29/2023 19:09:47,1.14.0,Free_feed,1,4.14,nan,1,LeftWithPellet,Left,119,92,95,0,nan,nan,0.33
3/29/2023 19:09:52,1.14.0,Free_feed,1,4.14,nan,1,LeftWithPellet,Left,120,92,95,0,nan,nan,0.08
3/29/2023 19:09:59,1.14.0,Free_feed,1,4.14,nan,1,LeftWithPellet,Left,121,92,95,0,nan,nan,0.14
3/29/2023 19:10:01,1.14.0,Free_feed,1,4.14,nan,1,LeftWithPellet,Left,122,92,95,0,nan,nan,0.13
3/29/2023 19:11:03,1.14.0,Free_feed,1,4.14,1,1,Pellet,Left,122,92,96,0,Timed_out,251,nan
3/29/2023 19:11:54,1.14.0,Free_feed,1,4.14,1,1,Pellet,Left,122,92,97,0,44.00,50,nan
3/29/2023 19:12:16,1.14.0,Free_feed,1,4.14,2,1,Pellet,Left,122,92,98,0,13.12,23,nan
3/29/2023 19:12:34,1.14.0,Free_feed,1,4.14,1,1,Pellet,Left,122,92,99,0,11.03,18,nan
3/29/2023 19:12:35,1.14.0,Free_feed,1,4.14,1,1,Pellet,Left,122,92,100,0,0.06,1,nan
3/29/2023 19:12:52,1.14.0,Free_feed,1,4.14,1,1,Pellet,Left,122,92,101,0,9.19,17,nan
3/29/2023 19:13:11,1.14.0,Free_feed,1,4.14,1,1,Pellet,Left,122,92,102,0,12.38,19,nan
3/29/2023 19:13:26,1.14.0,Free_feed,1,4.14,nan,1,LeftWithPellet,Left,123,92,102,0,nan,nan,0.38
3/29/2023 19:24:16,1.14.0,Free_feed,1,4.14,nan,1,RightWithPellet,Left,123,93,102,0,nan,nan,0.14
3/29/2023 19:25:55,1.14.0,Free_feed,1,4.14,1,1,Pellet,Left,123,93,103,0,Timed_out,764,nan
3/29/2023 19:28:08,1.14.0,Free_feed,1,4.14,nan,1,RightWithPellet,Left,123,94,103,0,nan,nan,0.06
3/29/2023 19:28:36,1.14.0,Free_feed,1,4.14,nan,1,LeftWithPellet,Left,124,94,103,0,nan,nan,0.09
3/29/2023 20:26:15,1.14.0,Free_feed,1,4.14,1,1,Pellet,Left,124,94,104,0,Timed_out,3620,nan
3/29/2023 20:26:16,1.14.0,Free_feed,1,4.14,1,1,Pellet,Left,124,94,105,0,0.06,1,nan
3/29/2023 20:26:38,1.14.0,Free_feed,1,4.14,1,1,Pellet,Left,124,94,106,0,14.72,22,nan
3/29/2023 20:26:56,1.14.0,Free_feed,1,4.14,1,1,Pellet,Left,124,94,107,0,10.73,17,nan
3/29/2023 20:27:17,1.14.0,Free_feed,1,4.14,2,1,Pellet,Left,124,94,108,0,14.35,22,nan
3/29/2023 20:27:35,1.14.0,Free_feed,1,4.14,1,1,Pellet,Left,124,94,109,0,10.11,18,nan
3/29/2023 20:27:57,1.14.0,Free_feed,1,4.13,1,1,Pellet,Left,124,94,110,0,15.34,22,nan
3/29/2023 20:34:22,1.14.0,Free_feed,1,4.13,1,1,Pellet,Left,124,94,111,0,Timed_out,385,nan
3/29/2023 20:36:34,1.14.0,Free_feed,1,4.14,nan,1,RightWithPellet,Left,124,95,111,0,nan,nan,0.11
3/29/2023 20:36:58,1.14.0,Free_feed,1,4.14,nan,1,RightWithPellet,Left,124,96,111,0,nan,nan,1.23
3/29/2023 20:37:01,1.14.0,Free_feed,1,4.13,nan,1,RightWithPellet,Left,124,97,111,0,nan,nan,0.02
3/29/2023 21:01:44,1.14.0,Free_feed,1,4.14,1,1,Pellet,Left,124,97,112,0,Timed_out,1642,nan
3/29/2023 21:02:29,1.14.0,Free_feed,1,4.14,1,1,Pellet,Left,124,97,113,0,38.28,45,nan
3/29/2023 21:02:46,1.14.0,Free_feed,1,4.13,1,1,Pellet,Left,124,97,114,0,9.00,17,nan
3/29/2023 21:03:07,1.14.0,Free_feed,1,4.14,2,1,Pellet,Left,124,97,115,0,14.22,21,nan
3/29/2023 21:03:31,1.14.0,Free_feed,1,4.13,1,1,Pellet,Left,124,97,116,0,15.82,24,nan
3/29/2023 21:26:57,1.14.0,Free_feed,1,4.13,1,1,Pellet,Left,124,97,117,0,Timed_out,1406,nan
3/29/2023 21:27:20,1.14.0,Free_feed,1,4.13,1,1,Pellet,Left,124,97,118,0,15.64,23,nan
3/29/2023 21:27:37,1.14.0,Free_feed,1,4.13,1,1,Pellet,Left,124,97,119,0,10.48,17,nan
3/29/2023 21:27:55,1.14.0,Free_feed,1,4.13,1,1,Pellet,Left,124,97,120,0,9.92,18,nan
3/29/2023 21:28:16,1.14.0,Free_feed,1,4.13,1,1,Pellet,Left,124,97,121,0,13.55,21,nan
3/29/2023 21:28:29,1.14.0,Free_feed,1,4.13,1,1,Pellet,Left,124,97,122,0,5.88,13,nan
3/29/2023 21:28:47,1.14.0,Free_feed,1,4.13,2,1,Pellet,Left,124,97,123,0,10.67,18,nan
3/29/2023 21:37:29,1.14.0,Free_feed,1,4.13,nan,1,RightWithPellet,Left,124,98,123,0,nan,nan,0.00
3/29/2023 21:39:50,1.14.0,Free_feed,1,4.14,nan,1,LeftWithPellet,Left,125,98,123,0,nan,nan,0.64
3/29/2023 21:42:28,1.14.0,Free_feed,1,4.13,1,1,Pellet,Left,125,98,124,0,Timed_out,820,nan
3/29/2023 21:42:45,1.14.0,Free_feed,1,4.12,1,1,Pellet,Left,125,98,125,0,9.80,18,nan
3/29/2023 21:42:58,1.14.0,Free_feed,1,4.13,1,1,Pellet,Left,125,98,126,0,5.94,13,nan
3/29/2023 21:43:18,1.14.0,Free_feed,1,4.13,1,1,Pellet,Left,125,98,127,0,13.06,20,nan
3/29/2023 21:45:04,1.14.0,Free_feed,1,4.13,nan,1,RightWithPellet,Left,125,99,127,0,nan,nan,0.08
3/29/2023 21:45:05,1.14.0,Free_feed,1,4.13,nan,1,RightWithPellet,Left,125,100,127,0,nan,nan,0.02
3/29/2023 21:47:24,1.14.0,Free_feed,1,4.13,nan,1,RightWithPellet,Left,125,101,127,0,nan,nan,0.26
3/29/2023 21:48:26,1.14.0,Free_feed,1,4.13,1,1,Pellet,Left,125,101,128,0,Timed_out,308,nan
3/29/2023 22:05:24,1.14.0,Free_feed,1,4.14,1,1,Pellet,Left,125,101,129,0,Timed_out,1018,nan
3/29/2023 22:05:46,1.14.0,Free_feed,1,4.13,1,1,Pellet,Left,125,101,130,0,14.42,22,nan
3/29/2023 22:06:00,1.14.0,Free_feed,1,4.13,1,1,Pellet,Left,125,101,131,0,6.62,14,nan
3/29/2023 22:06:36,1.14.0,Free_feed,1,4.13,1,1,Pellet,Left,125,101,132,0,28.94,36,nan
3/29/2023 22:06:53,1.14.0,Free_feed,1,4.13,1,1,Pellet,Left,125,101,133,0,9.26,17,nan
3/29/2023 22:07:10,1.14.0,Free_feed,1,4.13,1,1,Pellet,Left,125,101,134,0,9.25,17,nan
3/29/2023 22:07:39,1.14.0,Free_feed,1,4.13,1,1,Pellet,Left,125,101,135,0,21.67,29,nan
3/29/2023 22:07:55,1.14.0,Free_feed,1,4.13,nan,1,LeftWithPellet,Left,126,101,135,0,nan,nan,0.01
3/29/2023 22:07:58,1.14.0,Free_feed,1,4.13,nan,1,LeftWithPellet,Left,127,101,135,0,nan,nan,1.30
3/29/2023 22:08:00,1.14.0,Free_feed,1,4.13,nan,1,LeftWithPellet,Left,128,101,135,0,nan,nan,0.84
3/29/2023 22:16:19,1.14.0,Free_feed,1,4.12,nan,1,RightWithPellet,Left,128,102,135,0,nan,nan,0.47
3/29/2023 22:24:27,1.14.0,Free_feed,1,4.12,1,1,Pellet,Left,128,102,136,0,Timed_out,1008,nan
3/29/2023 22:24:29,1.14.0,Free_feed,1,4.13,1,1,Pellet,Left,128,102,137,0,0.24,2,nan
3/29/2023 22:25:01,1.14.0,Free_feed,1,4.13,nan,1,RightWithPellet,Left,128,103,137,0,nan,nan,0.40
3/29/2023 22:25:02,1.14.0,Free_feed,1,4.13,1,1,Pellet,Left,128,103,138,0,25.50,33,nan
3/29/2023 22:27:24,1.14.0,Free_feed,1,4.12,nan,1,LeftWithPellet,Left,129,103,138,0,nan,nan,0.10
3/29/2023 22:27:25,1.14.0,Free_feed,1,4.13,nan,1,LeftWithPellet,Left,130,103,138,0,nan,nan,0.29
3/29/2023 22:27:31,1.14.0,Free_feed,1,4.13,nan,1,LeftWithPellet,Left,131,103,138,0,nan,nan,0.00
3/29/2023 22:27:37,1.14.0,Free_feed,1,4.12,nan,1,LeftWithPellet,Left,132,103,138,0,nan,nan,0.08
3/29/2023 22:28:00,1.14.0,Free_feed,1,4.13,nan,1,RightWithPellet,Left,132,104,138,0,nan,nan,0.45
3/29/2023 22:28:05,1.14.0,Free_feed,1,4.12,nan,1,RightWithPellet,Left,132,105,138,0,nan,nan,0.19
3/29/2023 22:28:34,1.14.0,Free_feed,1,4.13,nan,1,RightWithPellet,Left,132,106,138,0,nan,nan,0.05
3/29/2023 22:28:39,1.14.0,Free_feed,1,4.13,nan,1,RightWithPellet,Left,132,107,138,0,nan,nan,0.05
3/29/2023 22:28:43,1.14.0,Free_feed,1,4.12,nan,1,RightWithPellet,Left,132,108,138,0,nan,nan,0.02
3/29/2023 22:28:52,1.14.0,Free_feed,1,4.12,1,1,Pellet,Left,132,108,139,0,Timed_out,229,nan
3/29/2023 22:29:08,1.14.0,Free_feed,1,4.12,nan,1,LeftWithPellet,Left,133,108,139,0,nan,nan,0.08
3/29/2023 22:29:08,1.14.0,Free_feed,1,4.13,nan,1,LeftWithPellet,Left,134,108,139,0,nan,nan,0.21
3/29/2023 22:29:13,1.14.0,Free_feed,1,4.13,nan,1,RightWithPellet,Left,134,109,139,0,nan,nan,0.60
3/29/2023 22:29:20,1.14.0,Free_feed,1,4.13,nan,1,RightWithPellet,Left,134,110,139,0,nan,nan,0.71
3/29/2023 22:32:27,1.14.0,Free_feed,1,4.13,1,1,Pellet,Left,134,110,140,0,Timed_out,216,nan
3/29/2023 22:33:31,1.14.0,Free_feed,1,4.12,1,1,Pellet,Left,134,110,141,0,57.22,64,nan
3/29/2023 22:34:57,1.14.0,Free_feed,1,4.12,nan,1,RightWithPellet,Left,134,111,141,0,nan,nan,0.03
3/29/2023 22:35:09,1.14.0,Free_feed,1,4.12,nan,1,RightWithPellet,Left,134,112,141,0,nan,nan,0.08
3/29/2023 22:37:47,1.14.0,Free_feed,1,4.12,nan,1,LeftWithPellet,Left,135,112,141,0,nan,nan,1.39
3/29/2023 22:37:50,1.14.0,Free_feed,1,4.12,nan,1,LeftWithPellet,Left,136,112,141,0,nan,nan,0.10
3/29/2023 22:38:16,1.14.0,Free_feed,1,4.13,nan,1,RightWithPellet,Left,136,113,141,0,nan,nan,0.62
3/29/2023 22:38:38,1.14.0,Free_feed,1,4.13,1,1,Pellet,Left,136,113,142,0,Timed_out,307,nan
3/29/2023 22:39:20,1.14.0,Free_feed,1,4.13,nan,1,LeftWithPellet,Left,137,113,142,0,nan,nan,0.66
3/29/2023 22:44:22,1.14.0,Free_feed,1,4.13,1,1,Pellet,Left,137,113,143,0,Timed_out,344,nan
3/29/2023 22:44:42,1.14.0,Free_feed,1,4.13,2,1,Pellet,Left,137,113,144,0,12.44,20,nan
3/29/2023 22:44:59,1.14.0,Free_feed,1,4.13,1,1,Pellet,Left,137,113,145,0,9.92,17,nan
3/29/2023 22:45:13,1.14.0,Free_feed,1,4.12,2,1,Pellet,Left,137,113,146,0,4.28,14,nan
3/29/2023 22:47:46,1.14.0,Free_feed,1,4.13,nan,1,LeftWithPellet,Left,138,113,146,0,nan,nan,0.41
3/29/2023 22:49:13,1.14.0,Free_feed,1,4.13,nan,1,RightWithPellet,Left,138,114,146,0,nan,nan,0.22
3/29/2023 22:49:17,1.14.0,Free_feed,1,4.12,nan,1,LeftWithPellet,Left,139,114,146,0,nan,nan,0.03
3/29/2023 22:49:19,1.14.0,Free_feed,1,4.12,nan,1,LeftWithPellet,Left,140,114,146,0,nan,nan,0.70
3/29/2023 22:49:23,1.14.0,Free_feed,1,4.13,nan,1,RightWithPellet,Left,140,115,146,0,nan,nan,0.28
3/29/2023 22:51:27,1.14.0,Free_feed,1,4.13,1,1,Pellet,Left,140,115,147,0,Timed_out,374,nan
3/29/2023 23:02:31,1.14.0,Free_feed,1,4.13,nan,1,RightWithPellet,Left,140,116,147,0,nan,nan,0.53
3/29/2023 23:04:59,1.14.0,Free_feed,1,4.13,nan,1,LeftWithPellet,Left,141,116,147,0,nan,nan,0.36
3/29/2023 23:05:07,1.14.0,Free_feed,1,4.12,nan,1,LeftWithPellet,Left,142,116,147,0,nan,nan,0.29
3/29/2023 23:25:45,1.14.0,Free_feed,1,4.13,1,1,Pellet,Left,142,116,148,0,Timed_out,2058,nan
3/29/2023 23:26:00,1.14.0,Free_feed,1,4.12,1,1,Pellet,Left,142,116,149,0,7.60,15,nan
3/29/2023 23:26:17,1.14.0,Free_feed,1,4.13,1,1,Pellet,Left,142,116,150,0,9.07,16,nan
3/29/2023 23:26:33,1.14.0,Free_feed,1,4.12,2,1,Pellet,Left,142,116,151,0,9.62,17,nan
3/29/2023 23:26:51,1.14.0,Free_feed,1,4.12,1,1,Pellet,Left,142,116,152,0,10.17,18,nan
3/29/2023 23:27:08,1.14.0,Free_feed,1,4.13,1,1,Pellet,Left,142,116,153,0,15.96,17,nan
3/29/2023 23:27:14,1.14.0,Free_feed,1,4.12,nan,1,LeftWithPellet,Left,143,116,153,0,nan,nan,0.41
3/29/2023 23:27:36,1.14.0,Free_feed,1,4.12,nan,1,LeftWithPellet,Left,144,116,153,0,nan,nan,0.04
3/29/2023 23:27:38,1.14.0,Free_feed,1,4.13,nan,1,LeftWithPellet,Left,145,116,153,0,nan,nan,0.20
3/29/2023 23:28:39,1.14.0,Free_feed,1,4.12,nan,1,LeftWithPellet,Left,146,116,153,0,nan,nan,0.00
3/29/2023 23:29:10,1.14.0,Free_feed,1,4.13,nan,1,LeftWithPellet,Left,147,116,153,0,nan,nan,0.67
3/29/2023 23:29:20,1.14.0,Free_feed,1,4.12,nan,1,LeftWithPellet,Left,148,116,153,0,nan,nan,0.01
3/29/2023 23:29:21,1.14.0,Free_feed,1,4.13,nan,1,LeftWithPellet,Left,149,116,153,0,nan,nan,0.09
3/29/2023 23:29:25,1.14.0,Free_feed,1,4.12,nan,1,LeftWithPellet,Left,150,116,153,0,nan,nan,0.57
3/29/2023 23:30:29,1.14.0,Free_feed,1,4.12,1,1,Pellet,Left,150,116,154,0,Timed_out,201,nan
3/29/2023 23:32:57,1.14.0,Free_feed,1,4.12,1,1,Pellet,Left,150,116,155,0,Timed_out,148,nan
3/29/2023 23:53:51,1.14.0,Free_feed,1,4.12,2,1,Pellet,Left,150,116,156,0,Timed_out,1254,nan
3/29/2023 23:54:08,1.14.0,Free_feed,1,4.12,1,1,Pellet,Left,150,116,157,0,10.61,17,nan
3/29/2023 23:54:26,1.14.0,Free_feed,1,4.12,1,1,Pellet,Left,150,116,158,0,9.87,17,nan
3/29/2023 23:54:42,1.14.0,Free_feed,1,4.12,1,1,Pellet,Left,150,116,159,0,9.19,17,nan
3/29/2023 23:55:00,1.14.0,Free_feed,1,4.12,1,1,Pellet,Left,150,116,160,0,11.59,18,nan
3/29/2023 23:55:02,1.14.0,Free_feed,1,4.12,1,1,Pellet,Left,150,116,161,0,0.06,2,nan
3/29/2023 23:55:24,1.14.0,Free_feed,1,4.13,1,1,Pellet,Left,150,116,162,0,15.15,22,nan
3/29/2023 23:55:41,1.14.0,Free_feed,1,4.12,nan,1,LeftWithPellet,Left,151,116,162,0,nan,nan,0.85
3/30/2023 0:13:52,1.14.0,Free_feed,1,4.13,2,1,Pellet,Left,151,116,163,0,Timed_out,1108,nan
3/30/2023 0:14:42,1.14.0,Free_feed,1,4.12,1,1,Pellet,Left,151,116,164,0,42.90,50,nan
3/30/2023 0:15:00,1.14.0,Free_feed,1,4.12,1,1,Pellet,Left,151,116,165,0,10.78,18,nan
3/30/2023 0:15:14,1.14.0,Free_feed,1,4.12,1,1,Pellet,Left,151,116,166,0,6.98,14,nan
3/30/2023 0:15:47,1.14.0,Free_feed,1,4.12,nan,1,RightWithPellet,Left,151,117,166,0,nan,nan,0.80
3/30/2023 0:15:50,1.14.0,Free_feed,1,4.12,nan,1,RightWithPellet,Left,151,118,166,0,nan,nan,0.52
3/30/2023 0:19:05,1.14.0,Free_feed,1,4.12,1,1,Pellet,Left,151,118,167,0,Timed_out,231,nan
3/30/2023 0:19:38,1.14.0,Free_feed,1,4.12,2,1,Pellet,Left,151,118,168,0,24.61,32,nan
3/30/2023 0:44:11,1.14.0,Free_feed,1,4.12,1,1,Pellet,Left,151,118,169,0,Timed_out,1474,nan
3/30/2023 0:47:59,1.14.0,Free_feed,1,4.12,1,1,Pellet,Left,151,118,170,0,Timed_out,228,nan
3/30/2023 1:15:21,1.14.0,Free_feed,1,4.12,2,1,Pellet,Left,151,118,171,0,Timed_out,1642,nan
3/30/2023 1:15:36,1.14.0,Free_feed,1,4.12,1,1,Pellet,Left,151,118,172,0,7.95,15,nan
3/30/2023 1:15:37,1.14.0,Free_feed,1,4.12,1,1,Pellet,Left,151,118,173,0,0.06,1,nan
3/30/2023 1:15:56,1.14.0,Free_feed,1,4.12,2,1,Pellet,Left,151,118,174,0,9.55,19,nan
3/30/2023 1:16:18,1.14.0,Free_feed,1,4.12,1,1,Pellet,Left,151,118,175,0,14.77,22,nan
3/30/2023 1:16:43,1.14.0,Free_feed,1,4.12,2,1,Pellet,Left,151,118,176,0,17.41,24,nan
3/30/2023 1:16:59,1.14.0,Free_feed,1,4.12,1,1,Pellet,Left,151,118,177,0,9.06,17,nan
3/30/2023 1:48:51,1.14.0,Free_feed,1,4.12,2,1,Pellet,Left,151,118,178,0,Timed_out,1912,nan
3/30/2023 2:01:53,1.14.0,Free_feed,1,4.12,1,1,Pellet,Left,151,118,179,0,Timed_out,782,nan
3/30/2023 2:02:09,1.14.0,Free_feed,1,4.12,1,1,Pellet,Left,151,118,180,0,8.57,16,nan
3/30/2023 2:02:26,1.14.0,Free_feed,1,4.12,nan,1,LeftWithPellet,Left,152,118,180,0,nan,nan,0.46
3/30/2023 2:02:30,1.14.0,Free_feed,1,4.12,1,1,Pellet,Left,152,118,181,0,13.94,21,nan
3/30/2023 2:03:00,1.14.0,Free_feed,1,4.12,nan,1,RightWithPellet,Left,152,119,181,0,nan,nan,0.28
3/30/2023 2:09:36,1.14.0,Free_feed,1,4.12,nan,1,RightWithPellet,Left,152,120,181,0,nan,nan,0.62
3/30/2023 2:10:42,1.14.0,Free_feed,1,4.12,nan,1,RightWithPellet,Left,152,121,181,0,nan,nan,0.17
3/30/2023 2:11:19,1.14.0,Free_feed,1,4.12,nan,1,RightWithPellet,Left,152,122,181,0,nan,nan,0.15
3/30/2023 2:31:25,1.14.0,Free_feed,1,4.11,1,1,Pellet,Left,152,122,182,0,Timed_out,1735,nan
3/30/2023 2:31:44,1.14.0,Free_feed,1,4.12,1,1,Pellet,Left,152,122,183,0,12.20,19,nan
3/30/2023 2:32:04,1.14.0,Free_feed,1,4.11,1,1,Pellet,Left,152,122,184,0,17.55,20,nan
3/30/2023 2:32:20,1.14.0,Free_feed,1,4.12,1,1,Pellet,Left,152,122,185,0,8.70,16,nan
3/30/2023 2:32:37,1.14.0,Free_feed,1,4.12,1,1,Pellet,Left,152,122,186,0,9.99,17,nan
3/30/2023 2:32:52,1.14.0,Free_feed,1,4.12,1,1,Pellet,Left,152,122,187,0,7.84,15,nan
3/30/2023 2:33:09,1.14.0,Free_feed,1,4.12,1,1,Pellet,Left,152,122,188,0,9.93,17,nan
3/30/2023 2:33:24,1.14.0,Free_feed,1,4.12,nan,1,LeftWithPellet,Left,153,122,188,0,nan,nan,0.38
3/30/2023 2:33:28,1.14.0,Free_feed,1,4.11,nan,1,LeftWithPellet,Left,154,122,188,0,nan,nan,0.09
3/30/2023 2:36:31,1.14.0,Free_feed,1,4.12,nan,1,RightWithPellet,Left,154,123,188,0,nan,nan,0.06
3/30/2023 2:37:42,1.14.0,Free_feed,1,4.12,nan,1,LeftWithPellet,Left,155,123,188,0,nan,nan,0.19
3/30/2023 2:37:43,1.14.0,Free_feed,1,4.12,nan,1,LeftWithPellet,Left,156,123,188,0,nan,nan,0.32
3/30/2023 2:37:44,1.14.0,Free_feed,1,4.12,nan,1,LeftWithPellet,Left,157,123,188,0,nan,nan,0.71
3/30/2023 2:37:46,1.14.0,Free_feed,1,4.12,nan,1,LeftWithPellet,Left,158,123,188,0,nan,nan,0.37
3/30/2023 2:37:49,1.14.0,Free_feed,1,4.12,nan,1,LeftWithPellet,Left,159,123,188,0,nan,nan,0.13
3/30/2023 2:37:50,1.14.0,Free_feed,1,4.12,nan,1,LeftWithPellet,Left,160,123,188,0,nan,nan,0.06
3/30/2023 2:37:53,1.14.0,Free_feed,1,4.12,nan,1,LeftWithPellet,Left,161,123,188,0,nan,nan,0.05
3/30/2023 2:37:54,1.14.0,Free_feed,1,4.12,nan,1,LeftWithPellet,Left,162,123,188,0,nan,nan,0.11
3/30/2023 2:37:56,1.14.0,Free_feed,1,4.11,nan,1,LeftWithPellet,Left,163,123,188,0,nan,nan,0.02
3/30/2023 2:37:59,1.14.0,Free_feed,1,4.12,nan,1,LeftWithPellet,Left,164,123,188,0,nan,nan,0.02
3/30/2023 2:38:00,1.14.0,Free_feed,1,4.12,nan,1,LeftWithPellet,Left,165,123,188,0,nan,nan,0.03
3/30/2023 2:38:03,1.14.0,Free_feed,1,4.12,nan,1,LeftWithPellet,Left,166,123,188,0,nan,nan,0.99
3/30/2023 2:38:05,1.14.0,Free_feed,1,4.12,nan,1,LeftWithPellet,Left,167,123,188,0,nan,nan,0.02
3/30/2023 2:38:06,1.14.0,Free_feed,1,4.12,nan,1,LeftWithPellet,Left,168,123,188,0,nan,nan,0.14
3/30/2023 2:38:12,1.14.0,Free_feed,1,4.12,nan,1,LeftWithPellet,Left,169,123,188,0,nan,nan,0.89
3/30/2023 2:38:22,1.14.0,Free_feed,1,4.11,nan,1,LeftWithPellet,Left,170,123,188,0,nan,nan,0.02
3/30/2023 2:38:28,1.14.0,Free_feed,1,4.12,nan,1,LeftWithPellet,Left,171,123,188,0,nan,nan,0.52
3/30/2023 2:38:33,1.14.0,Free_feed,1,4.12,nan,1,LeftWithPellet,Left,172,123,188,0,nan,nan,0.41
3/30/2023 2:38:38,1.14.0,Free_feed,1,4.12,nan,1,LeftWithPellet,Left,173,123,188,0,nan,nan,0.72
3/30/2023 2:38:40,1.14.0,Free_feed,1,4.12,nan,1,LeftWithPellet,Left,174,123,188,0,nan,nan,0.04
3/30/2023 2:38:46,1.14.0,Free_feed,1,4.12,nan,1,LeftWithPellet,Left,175,123,188,0,nan,nan,0.83
3/30/2023 2:38:53,1.14.0,Free_feed,1,4.11,nan,1,LeftWithPellet,Left,176,123,188,0,nan,nan,0.74
3/30/2023 2:38:55,1.14.0,Free_feed,1,4.12,nan,1,LeftWithPellet,Left,177,123,188,0,nan,nan,1.07
3/30/2023 2:38:57,1.14.0,Free_feed,1,4.12,nan,1,LeftWithPellet,Left,178,123,188,0,nan,nan,0.97
3/30/2023 2:39:17,1.14.0,Free_feed,1,4.12,nan,1,RightWithPellet,Left,178,124,188,0,nan,nan,0.60
3/30/2023 2:52:44,1.14.0,Free_feed,1,4.11,nan,1,LeftWithPellet,Left,179,124,188,0,nan,nan,0.10
3/30/2023 2:52:46,1.14.0,Free_feed,1,4.12,nan,1,LeftWithPellet,Left,180,124,188,0,nan,nan,0.30
3/30/2023 2:53:20,1.14.0,Free_feed,1,4.12,nan,1,RightWithPellet,Left,180,125,188,0,nan,nan,0.13
3/30/2023 2:55:26,1.14.0,Free_feed,1,4.12,1,1,Pellet,Left,180,125,189,0,Timed_out,1337,nan
3/30/2023 2:55:27,1.14.0,Free_feed,1,4.12,1,1,Pellet,Left,180,125,190,0,0.06,1,nan
3/30/2023 2:55:28,1.14.0,Free_feed,1,4.12,1,1,Pellet,Left,180,125,191,0,0.12,1,nan
3/30/2023 2:55:45,1.14.0,Free_feed,1,4.11,1,1,Pellet,Left,180,125,192,0,9.93,17,nan
3/30/2023 2:55:58,1.14.0,Free_feed,1,4.12,nan,1,RightWithPellet,Left,180,126,192,0,nan,nan,0.60
3/30/2023 3:11:34,1.14.0,Free_feed,1,4.12,nan,1,LeftWithPellet,Left,181,126,192,0,nan,nan,0.14
3/30/2023 3:11:59,1.14.0,Free_feed,1,4.12,nan,1,RightWithPellet,Left,181,127,192,0,nan,nan,0.17
3/30/2023 3:14:01,1.14.0,Free_feed,1,4.11,3,1,Pellet,Left,181,127,193,0,Timed_out,1096,nan
3/30/2023 3:17:14,1.14.0,Free_feed,1,4.11,nan,1,LeftWithPellet,Left,182,127,193,0,nan,nan,0.65
3/30/2023 3:18:01,1.14.0,Free_feed,1,4.12,2,1,Pellet,Left,182,127,194,0,Timed_out,240,nan
3/30/2023 3:18:26,1.14.0,Free_feed,1,4.11,nan,1,LeftWithPellet,Left,183,127,194,0,nan,nan,0.50
3/30/2023 3:18:31,1.14.0,Free_feed,1,4.12,nan,1,LeftWithPellet,Left,184,127,194,0,nan,nan,0.04
3/30/2023 3:18:31,1.14.0,Free_feed,1,4.12,nan,1,LeftWithPellet,Left,185,127,194,0,nan,nan,0.12
3/30/2023 3:18:33,1.14.0,Free_feed,1,4.12,nan,1,LeftWithPellet,Left,186,127,194,0,nan,nan,0.49
3/30/2023 3:20:38,1.14.0,Free_feed,1,4.12,nan,1,RightWithPellet,Left,186,128,194,0,nan,nan,0.00
3/30/2023 3:51:56,1.14.0,Free_feed,1,4.12,1,1,Pellet,Left,186,128,195,0,Timed_out,2035,nan
3/30/2023 3:52:15,1.14.0,Free_feed,1,4.11,2,1,Pellet,Left,186,128,196,0,11.16,19,nan
3/30/2023 3:52:35,1.14.0,Free_feed,1,4.11,2,1,Pellet,Left,186,128,197,0,12.26,20,nan
3/30/2023 3:52:57,1.14.0,Free_feed,1,4.12,1,1,Pellet,Left,186,128,198,0,13.92,22,nan
3/30/2023 3:53:12,1.14.0,Free_feed,1,4.11,1,1,Pellet,Left,186,128,199,0,8.70,15,nan
3/30/2023 3:53:14,1.14.0,Free_feed,1,4.11,1,1,Pellet,Left,186,128,200,0,0.06,2,nan
3/30/2023 3:53:28,1.14.0,Free_feed,1,4.11,1,1,Pellet,Left,186,128,201,0,7.11,14,nan
3/30/2023 3:58:16,1.14.0,Free_feed,1,4.11,nan,1,RightWithPellet,Left,186,129,201,0,nan,nan,0.05
3/30/2023 4:07:23,1.14.0,Free_feed,1,4.11,nan,1,RightWithPellet,Left,186,130,201,0,nan,nan,0.05
3/30/2023 4:07:24,1.14.0,Free_feed,1,4.11,nan,1,RightWithPellet,Left,186,131,201,0,nan,nan,0.02
3/30/2023 4:09:55,1.14.0,Free_feed,1,4.11,nan,1,LeftWithPellet,Left,187,131,201,0,nan,nan,0.09
3/30/2023 4:10:15,1.14.0,Free_feed,1,4.11,1,1,Pellet,Left,187,131,202,0,Timed_out,1007,nan
3/30/2023 4:11:48,1.14.0,Free_feed,1,4.11,1,1,Pellet,Left,187,131,203,0,Timed_out,92,nan
3/30/2023 4:21:40,1.14.0,Free_feed,1,4.11,nan,1,LeftWithPellet,Left,188,131,203,0,nan,nan,0.13
3/30/2023 4:22:17,1.14.0,Free_feed,1,4.12,nan,1,RightWithPellet,Left,188,132,203,0,nan,nan,0.29
3/30/2023 4:33:53,1.14.0,Free_feed,1,4.11,1,1,Pellet,Left,188,132,204,0,Timed_out,1326,nan
3/30/2023 4:34:12,1.14.0,Free_feed,1,4.11,1,1,Pellet,Left,188,132,205,0,12.32,19,nan
3/30/2023 4:35:17,1.14.0,Free_feed,1,4.11,nan,1,RightWithPellet,Left,188,133,205,0,nan,nan,0.47
3/30/2023 4:55:35,1.14.0,Free_feed,1,4.11,1,1,Pellet,Left,188,133,206,0,Timed_out,1283,nan
3/30/2023 4:58:36,1.14.0,Free_feed,1,4.11,1,1,Pellet,Left,188,133,207,0,Timed_out,181,nan
3/30/2023 4:58:51,1.14.0,Free_feed,1,4.11,1,1,Pellet,Left,188,133,208,0,7.84,15,nan
3/30/2023 5:00:43,1.14.0,Free_feed,1,4.11,nan,1,RightWithPellet,Left,188,134,208,0,nan,nan,0.07
3/30/2023 5:03:13,1.14.0,Free_feed,1,4.11,nan,1,LeftWithPellet,Left,189,134,208,0,nan,nan,1.09
3/30/2023 5:03:16,1.14.0,Free_feed,1,4.11,nan,1,LeftWithPellet,Left,190,134,208,0,nan,nan,0.74
3/30/2023 5:27:25,1.14.0,Free_feed,1,4.11,nan,1,RightWithPellet,Left,190,135,208,0,nan,nan,0.38
3/30/2023 5:28:08,1.14.0,Free_feed,1,4.11,1,1,Pellet,Left,190,135,209,0,Timed_out,1756,nan
3/30/2023 5:28:28,1.14.0,Free_feed,1,4.11,1,1,Pellet,Left,190,135,210,0,12.76,21,nan
3/30/2023 5:28:50,1.14.0,Free_feed,1,4.11,1,1,Pellet,Left,190,135,211,0,15.34,22,nan
3/30/2023 5:44:13,1.14.0,Free_feed,1,4.11,nan,1,RightWithPellet,Left,190,136,211,0,nan,nan,0.52
3/30/2023 6:09:46,1.14.0,Free_feed,1,4.11,2,1,Pellet,Left,190,136,212,0,Timed_out,2456,nan
3/30/2023 6:35:56,1.14.0,Free_feed,1,4.11,1,1,Pellet,Left,190,136,213,0,Timed_out,1570,nan
3/30/2023 6:36:27,1.14.0,Free_feed,1,4.11,1,1,Pellet,Left,190,136,214,0,23.34,30,nan
3/30/2023 6:36:44,1.14.0,Free_feed,1,4.11,1,1,Pellet,Left,190,136,215,0,11.03,18,nan
3/30/2023 6:39:46,1.14.0,Free_feed,1,4.11,nan,1,RightWithPellet,Left,190,137,215,0,nan,nan,0.22
3/30/2023 6:39:46,1.14.0,Free_feed,1,4.11,nan,1,RightWithPellet,Left,190,138,215,0,nan,nan,0.09
3/30/2023 6:39:53,1.14.0,Free_feed,1,4.11,nan,1,LeftWithPellet,Left,191,138,215,0,nan,nan,0.83
3/30/2023 7:35:27,1.14.0,Free_feed,1,4.11,1,1,Pellet,Left,191,138,216,0,Timed_out,3523,nan
3/30/2023 7:35:50,1.14.0,Free_feed,1,4.11,1,1,Pellet,Left,191,138,217,0,15.89,23,nan
3/30/2023 7:36:04,1.14.0,Free_feed,1,4.11,1,1,Pellet,Left,191,138,218,0,6.92,14,nan
3/30/2023 7:38:30,1.14.0,Free_feed,1,4.11,nan,1,RightWithPellet,Left,191,139,218,0,nan,nan,1.20
3/30/2023 7:39:39,1.14.0,Free_feed,1,4.11,nan,1,LeftWithPellet,Left,192,139,218,0,nan,nan,1.14
3/30/2023 7:41:09,1.14.0,Free_feed,1,4.10,1,1,Pellet,Left,192,139,219,0,Timed_out,305,nan
3/30/2023 7:44:48,1.14.0,Free_feed,1,4.11,nan,1,RightWithPellet,Left,192,140,219,0,nan,nan,0.24
3/30/2023 8:57:38,1.14.0,Free_feed,1,4.11,1,1,Pellet,Left,192,140,220,0,Timed_out,4589,nan
3/30/2023 8:57:55,1.14.0,Free_feed,1,4.10,2,1,Pellet,Left,192,140,221,0,8.52,17,nan
3/30/2023 8:58:08,1.14.0,Free_feed,1,4.10,1,1,Pellet,Left,192,140,222,0,5.57,13,nan
3/30/2023 8:58:24,1.14.0,Free_feed,1,4.10,1,1,Pellet,Left,192,140,223,0,14.18,16,nan
3/30/2023 8:58:43,1.14.0,Free_feed,1,4.10,1,1,Pellet,Left,192,140,224,0,11.16,19,nan
3/30/2023 8:59:23,1.14.0,Free_feed,1,4.10,1,1,Pellet,Left,192,140,225,0,33.70,40,nan
3/30/2023 9:10:52,1.14.0,Free_feed,1,4.10,2,1,Pellet,Left,192,140,226,0,Timed_out,689,nan
