MM:DD:YYYY hh:mm:ss,Library_Version,Session_type,Device_Number,Battery_Voltage,Motor_Turns,FR,Event,Active_Poke,Left_Poke_Count,Right_Poke_Count,Pellet_Count,Block_Pellet_Count,Retrieval_Time,InterPelletInterval,Poke_Time
7/8/2022 15:32:10,1.12.0,Free_feed,5,4.12,4,1,Pellet,Left,0,0,1,0,26.59,nan,nan
7/8/2022 15:32:29,1.12.0,Free_feed,5,4.12,1,1,Pellet,Left,0,0,2,0,15.92,19,nan
7/8/2022 15:36:02,1.12.0,Free_feed,5,4.12,1,1,Pellet,Left,0,0,3,0,Timed_out,213,nan
7/8/2022 16:20:21,1.12.0,Free_feed,5,4.12,1,1,Pellet,Left,0,0,4,0,Timed_out,2659,nan
7/8/2022 16:23:31,1.12.0,Free_feed,5,4.12,1,1,Pellet,Left,0,0,5,0,Timed_out,190,nan
7/8/2022 16:32:53,1.12.0,Free_feed,5,4.12,nan,1,LeftWithPellet,Left,1,0,5,0,nan,nan,0.44
7/8/2022 16:41:03,1.12.0,Free_feed,5,4.12,nan,1,RightWithPellet,Left,1,1,5,0,nan,nan,0.39
7/8/2022 16:42:02,1.12.0,Free_feed,5,4.11,nan,1,RightWithPellet,Left,1,2,5,0,nan,nan,0.12
7/8/2022 16:50:20,1.12.0,Free_feed,5,4.11,nan,1,LeftWithPellet,Left,2,2,5,0,nan,nan,0.45
7/8/2022 16:50:21,1.12.0,Free_feed,5,4.11,nan,1,LeftWithPellet,Left,3,2,5,0,nan,nan,0.21
7/8/2022 16:52:18,1.12.0,Free_feed,5,4.11,nan,1,LeftWithPellet,Left,4,2,5,0,nan,nan,0.01
7/8/2022 16:52:40,1.12.0,Free_feed,5,4.11,1,1,Pellet,Left,4,2,6,0,Timed_out,1749,nan
7/8/2022 16:56:09,1.12.0,Free_feed,5,4.11,nan,1,LeftWithPellet,Left,5,2,6,0,nan,nan,0.15
7/8/2022 17:05:30,1.12.0,Free_feed,5,4.11,3,1,Pellet,Left,5,2,7,0,Timed_out,769,nan
7/8/2022 17:09:32,1.12.0,Free_feed,5,4.11,nan,1,LeftWithPellet,Left,6,2,7,0,nan,nan,0.50
7/8/2022 17:10:12,1.12.0,Free_feed,5,4.11,nan,1,LeftWithPellet,Left,7,2,7,0,nan,nan,0.21
7/8/2022 17:22:54,1.12.0,Free_feed,5,4.11,2,1,Pellet,Left,7,2,8,0,Timed_out,1044,nan
7/8/2022 17:22:57,1.12.0,Free_feed,5,4.11,1,1,Pellet,Left,7,2,9,0,1.74,4,nan
7/8/2022 17:22:59,1.12.0,Free_feed,5,4.11,1,1,Pellet,Left,7,2,10,0,0.16,2,nan
7/8/2022 17:26:25,1.12.0,Free_feed,5,4.11,nan,1,RightWithPellet,Left,7,3,10,0,nan,nan,0.08
7/8/2022 17:26:59,1.12.0,Free_feed,5,4.11,1,1,Pellet,Left,7,3,11,0,Timed_out,240,nan
7/8/2022 17:27:01,1.12.0,Free_feed,5,4.10,1,1,Pellet,Left,7,3,12,0,0.16,2,nan
7/8/2022 17:40:15,1.12.0,Free_feed,5,4.11,2,1,Pellet,Left,7,3,13,0,Timed_out,794,nan
7/8/2022 17:43:28,1.12.0,Free_feed,5,4.11,nan,1,LeftWithPellet,Left,8,3,13,0,nan,nan,0.26
7/8/2022 19:12:56,1.12.0,Free_feed,5,4.11,nan,1,RightWithPellet,Left,8,4,13,0,nan,nan,0.98
7/8/2022 19:29:58,1.12.0,Free_feed,5,4.11,4,1,Pellet,Left,8,4,14,0,Timed_out,6583,nan
7/8/2022 19:30:00,1.12.0,Free_feed,5,4.10,1,1,Pellet,Left,8,4,15,0,0.16,2,nan
7/8/2022 19:32:04,1.12.0,Free_feed,5,4.10,3,1,Pellet,Left,8,4,16,0,Timed_out,124,nan
7/8/2022 19:34:38,1.12.0,Free_feed,5,4.11,1,1,Pellet,Left,8,4,17,0,Timed_out,154,nan
7/8/2022 19:36:26,1.12.0,Free_feed,5,4.10,2,1,Pellet,Left,8,4,18,0,Timed_out,108,nan
7/8/2022 19:36:28,1.12.0,Free_feed,5,4.11,1,1,Pellet,Left,8,4,19,0,0.29,1,nan
7/8/2022 19:39:07,1.12.0,Free_feed,5,4.10,2,1,Pellet,Left,8,4,20,0,Timed_out,160,nan
7/8/2022 19:41:13,1.12.0,Free_feed,5,4.10,2,1,Pellet,Left,8,4,21,0,Timed_out,125,nan
7/8/2022 19:44:33,1.12.0,Free_feed,5,4.10,1,1,Pellet,Left,8,4,22,0,Timed_out,201,nan
7/8/2022 19:48:36,1.12.0,Free_feed,5,4.11,1,1,Pellet,Left,8,4,23,0,Timed_out,243,nan
7/8/2022 19:49:04,1.12.0,Free_feed,5,4.10,nan,1,LeftWithPellet,Left,9,4,23,0,nan,nan,0.93
7/8/2022 19:55:43,1.12.0,Free_feed,5,4.10,1,1,Pellet,Left,9,4,24,0,Timed_out,427,nan
7/8/2022 19:58:12,1.12.0,Free_feed,5,4.10,1,1,Pellet,Left,9,4,25,0,Timed_out,149,nan
7/8/2022 20:03:36,1.12.0,Free_feed,5,4.11,2,1,Pellet,Left,9,4,26,0,Timed_out,323,nan
7/8/2022 20:10:44,1.12.0,Free_feed,5,4.10,1,1,Pellet,Left,9,4,27,0,Timed_out,428,nan
7/8/2022 20:11:26,1.12.0,Free_feed,5,4.11,1,1,Pellet,Left,9,4,28,0,35.87,43,nan
7/8/2022 20:16:28,1.12.0,Free_feed,5,4.10,1,1,Pellet,Left,9,4,29,0,Timed_out,302,nan
7/8/2022 20:17:10,1.12.0,Free_feed,5,4.11,2,1,Pellet,Left,9,4,30,0,32.57,42,nan
7/8/2022 20:19:09,1.12.0,Free_feed,5,4.10,nan,1,RightWithPellet,Left,9,5,30,0,nan,nan,0.02
7/8/2022 20:21:07,1.12.0,Free_feed,5,4.11,1,1,Pellet,Left,9,5,31,0,Timed_out,237,nan
7/8/2022 20:23:16,1.12.0,Free_feed,5,4.10,1,1,Pellet,Left,9,5,32,0,Timed_out,129,nan
7/8/2022 20:25:35,1.12.0,Free_feed,5,4.10,1,1,Pellet,Left,9,5,33,0,Timed_out,138,nan
7/8/2022 20:31:24,1.12.0,Free_feed,5,4.11,nan,1,RightWithPellet,Left,9,6,33,0,nan,nan,0.04
7/8/2022 20:36:26,1.12.0,Free_feed,5,4.11,1,1,Pellet,Left,9,6,34,0,Timed_out,652,nan
7/8/2022 20:37:04,1.12.0,Free_feed,5,4.11,3,1,Pellet,Left,9,6,35,0,27.87,38,nan
7/8/2022 20:37:43,1.12.0,Free_feed,5,4.10,2,1,Pellet,Left,9,6,36,0,31.25,39,nan
7/8/2022 20:38:18,1.12.0,Free_feed,5,4.10,2,1,Pellet,Left,9,6,37,0,32.13,34,nan
7/8/2022 20:43:33,1.12.0,Free_feed,5,4.10,2,1,Pellet,Left,9,6,38,0,Timed_out,316,nan
7/8/2022 20:43:35,1.12.0,Free_feed,5,4.10,1,1,Pellet,Left,9,6,39,0,0.16,2,nan
7/8/2022 20:45:29,1.12.0,Free_feed,5,4.11,1,1,Pellet,Left,9,6,40,0,Timed_out,113,nan
7/8/2022 20:51:44,1.12.0,Free_feed,5,4.10,5,1,Pellet,Left,9,6,41,0,Timed_out,376,nan
7/8/2022 20:54:04,1.12.0,Free_feed,5,4.10,2,1,Pellet,Left,9,6,42,0,Timed_out,140,nan
7/8/2022 20:55:55,1.12.0,Free_feed,5,4.09,1,1,Pellet,Left,9,6,43,0,Timed_out,111,nan
7/8/2022 20:57:09,1.12.0,Free_feed,5,4.10,1,1,Pellet,Left,9,6,44,0,Timed_out,74,nan
7/8/2022 21:00:23,1.12.0,Free_feed,5,4.10,3,1,Pellet,Left,9,6,45,0,Timed_out,194,nan
7/8/2022 21:04:29,1.12.0,Free_feed,5,4.10,2,1,Pellet,Left,9,6,46,0,Timed_out,246,nan
7/8/2022 21:04:33,1.12.0,Free_feed,5,4.10,1,1,Pellet,Left,9,6,47,0,0.16,4,nan
7/8/2022 21:05:49,1.12.0,Free_feed,5,4.10,1,1,Pellet,Left,9,6,48,0,Timed_out,75,nan
7/8/2022 21:06:17,1.12.0,Free_feed,5,4.09,1,1,Pellet,Left,9,6,49,0,21.39,29,nan
7/8/2022 21:07:51,1.12.0,Free_feed,5,4.09,1,1,Pellet,Left,9,6,50,0,Timed_out,94,nan
7/8/2022 21:08:54,1.12.0,Free_feed,5,4.09,nan,1,RightWithPellet,Left,9,7,50,0,nan,nan,0.10
7/8/2022 21:10:13,1.12.0,Free_feed,5,4.10,nan,1,RightWithPellet,Left,9,8,50,0,nan,nan,0.31
7/8/2022 21:46:17,1.12.0,Free_feed,5,4.10,1,1,Pellet,Left,9,8,51,0,Timed_out,2305,nan
7/8/2022 21:46:49,1.12.0,Free_feed,5,4.09,2,1,Pellet,Left,9,8,52,0,22.46,32,nan
7/8/2022 21:46:50,1.12.0,Free_feed,5,4.09,1,1,Pellet,Left,9,8,53,0,0.16,2,nan
7/8/2022 22:00:40,1.12.0,Free_feed,5,4.09,nan,1,LeftWithPellet,Left,10,8,53,0,nan,nan,0.35
7/8/2022 22:26:22,1.12.0,Free_feed,5,4.09,nan,1,RightWithPellet,Left,10,9,53,0,nan,nan,0.72
7/8/2022 22:38:46,1.12.0,Free_feed,5,4.09,nan,1,LeftWithPellet,Left,11,9,53,0,nan,nan,0.27
7/8/2022 22:44:32,1.12.0,Free_feed,5,4.09,nan,1,RightWithPellet,Left,11,10,53,0,nan,nan,0.50
7/8/2022 22:48:28,1.12.0,Free_feed,5,4.09,nan,1,LeftWithPellet,Left,12,10,53,0,nan,nan,0.45
7/8/2022 23:01:22,1.12.0,Free_feed,5,4.09,nan,1,RightWithPellet,Left,12,11,53,0,nan,nan,0.03
7/8/2022 23:09:46,1.12.0,Free_feed,5,4.09,1,1,Pellet,Left,12,11,54,0,Timed_out,4976,nan
7/8/2022 23:10:00,1.12.0,Free_feed,5,4.09,2,1,Pellet,Left,12,11,55,0,5.03,14,nan
7/8/2022 23:10:34,1.12.0,Free_feed,5,4.09,1,1,Pellet,Left,12,11,56,0,26.86,34,nan
7/8/2022 23:11:03,1.12.0,Free_feed,5,4.09,1,1,Pellet,Left,12,11,57,0,22.02,29,nan
7/8/2022 23:11:22,1.12.0,Free_feed,5,4.09,1,1,Pellet,Left,12,11,58,0,11.36,18,nan
7/8/2022 23:11:23,1.12.0,Free_feed,5,4.10,1,1,Pellet,Left,12,11,59,0,0.16,2,nan
7/8/2022 23:11:25,1.12.0,Free_feed,5,4.09,1,1,Pellet,Left,12,11,60,0,0.47,2,nan
7/8/2022 23:11:46,1.12.0,Free_feed,5,4.09,1,1,Pellet,Left,12,11,61,0,14.21,21,nan
7/8/2022 23:12:08,1.12.0,Free_feed,5,4.09,1,1,Pellet,Left,12,11,62,0,13.64,22,nan
7/8/2022 23:12:27,1.12.0,Free_feed,5,4.09,1,1,Pellet,Left,12,11,63,0,11.62,19,nan
7/8/2022 23:12:56,1.12.0,Free_feed,5,4.09,2,1,Pellet,Left,12,11,64,0,19.93,29,nan
7/8/2022 23:13:10,1.12.0,Free_feed,5,4.09,1,1,Pellet,Left,12,11,65,0,6.42,13,nan
7/8/2022 23:13:42,1.12.0,Free_feed,5,4.09,1,1,Pellet,Left,12,11,66,0,28.64,33,nan
7/8/2022 23:13:50,1.12.0,Free_feed,5,4.09,1,1,Pellet,Left,12,11,67,0,1.29,8,nan
7/8/2022 23:14:00,1.12.0,Free_feed,5,4.09,2,1,Pellet,Left,12,11,68,0,0.16,10,nan
7/8/2022 23:15:07,1.12.0,Free_feed,5,4.09,2,1,Pellet,Left,12,11,69,0,56.91,67,nan
7/8/2022 23:16:25,1.12.0,Free_feed,5,4.09,1,1,Pellet,Left,12,11,70,0,Timed_out,77,nan
7/8/2022 23:16:48,1.12.0,Free_feed,5,4.09,1,1,Pellet,Left,12,11,71,0,15.48,23,nan
7/8/2022 23:17:06,1.12.0,Free_feed,5,4.09,1,1,Pellet,Left,12,11,72,0,10.85,19,nan
7/8/2022 23:18:24,1.12.0,Free_feed,5,4.09,1,1,Pellet,Left,12,11,73,0,Timed_out,78,nan
7/8/2022 23:24:42,1.12.0,Free_feed,5,4.09,1,1,Pellet,Left,12,11,74,0,Timed_out,377,nan
7/8/2022 23:34:18,1.12.0,Free_feed,5,4.09,2,1,Pellet,Left,12,11,75,0,Timed_out,576,nan
7/8/2022 23:35:04,1.12.0,Free_feed,5,4.09,2,1,Pellet,Left,12,11,76,0,36.58,47,nan
7/8/2022 23:39:00,1.12.0,Free_feed,5,4.09,nan,1,LeftWithPellet,Left,13,11,76,0,nan,nan,0.25
7/8/2022 23:39:21,1.12.0,Free_feed,5,4.09,2,1,Pellet,Left,13,11,77,0,Timed_out,257,nan
7/8/2022 23:39:23,1.12.0,Free_feed,5,4.09,1,1,Pellet,Left,13,11,78,0,0.16,1,nan
7/8/2022 23:40:01,1.12.0,Free_feed,5,4.09,1,1,Pellet,Left,13,11,79,0,31.06,39,nan
7/8/2022 23:40:03,1.12.0,Free_feed,5,4.09,1,1,Pellet,Left,13,11,80,0,0.16,1,nan
7/9/2022 0:23:42,1.12.0,Free_feed,5,4.09,1,1,Pellet,Left,13,11,81,0,Timed_out,2619,nan
7/9/2022 0:24:03,1.12.0,Free_feed,5,4.09,1,1,Pellet,Left,13,11,82,0,13.83,22,nan
7/9/2022 0:24:52,1.12.0,Free_feed,5,4.09,1,1,Pellet,Left,13,11,83,0,42.29,49,nan
7/9/2022 0:28:50,1.12.0,Free_feed,5,4.09,nan,1,RightWithPellet,Left,13,12,83,0,nan,nan,0.73
7/9/2022 0:29:04,1.12.0,Free_feed,5,4.09,nan,1,RightWithPellet,Left,13,13,83,0,nan,nan,0.38
7/9/2022 0:29:28,1.12.0,Free_feed,5,4.09,nan,1,RightWithPellet,Left,13,14,83,0,nan,nan,0.10
7/9/2022 0:29:29,1.12.0,Free_feed,5,4.09,nan,1,RightWithPellet,Left,13,15,83,0,nan,nan,0.15
7/9/2022 0:29:32,1.12.0,Free_feed,5,4.09,nan,1,RightWithPellet,Left,13,16,83,0,nan,nan,0.00
7/9/2022 0:29:36,1.12.0,Free_feed,5,4.09,nan,1,RightWithPellet,Left,13,17,83,0,nan,nan,0.02
7/9/2022 0:30:45,1.12.0,Free_feed,5,4.08,nan,1,RightWithPellet,Left,13,18,83,0,nan,nan,0.04
7/9/2022 0:32:13,1.12.0,Free_feed,5,4.09,1,1,Pellet,Left,13,18,84,0,Timed_out,440,nan
7/9/2022 0:32:21,1.12.0,Free_feed,5,4.09,1,1,Pellet,Left,13,18,85,0,1.36,9,nan
7/9/2022 0:32:42,1.12.0,Free_feed,5,4.09,1,1,Pellet,Left,13,18,86,0,13.97,21,nan
7/9/2022 0:33:07,1.12.0,Free_feed,5,4.09,1,1,Pellet,Left,13,18,87,0,23.04,25,nan
7/9/2022 0:34:00,1.12.0,Free_feed,5,4.09,1,1,Pellet,Left,13,18,88,0,45.59,53,nan
7/9/2022 0:34:02,1.12.0,Free_feed,5,4.09,1,1,Pellet,Left,13,18,89,0,0.47,2,nan
7/9/2022 0:34:04,1.12.0,Free_feed,5,4.09,1,1,Pellet,Left,13,18,90,0,0.16,2,nan
7/9/2022 0:35:38,1.12.0,Free_feed,5,4.09,1,1,Pellet,Left,13,18,91,0,Timed_out,93,nan
7/9/2022 0:54:48,1.12.0,Free_feed,5,4.09,1,1,Pellet,Left,13,18,92,0,Timed_out,1150,nan
7/9/2022 1:03:06,1.12.0,Free_feed,5,4.09,2,1,Pellet,Left,13,18,93,0,Timed_out,499,nan
7/9/2022 1:03:43,1.12.0,Free_feed,5,4.09,1,1,Pellet,Left,13,18,94,0,29.39,37,nan
7/9/2022 1:09:37,1.12.0,Free_feed,5,4.09,1,1,Pellet,Left,13,18,95,0,Timed_out,353,nan
7/9/2022 1:10:21,1.12.0,Free_feed,5,4.09,1,1,Pellet,Left,13,18,96,0,37.52,45,nan
7/9/2022 1:13:02,1.12.0,Free_feed,5,4.09,1,1,Pellet,Left,13,18,97,0,Timed_out,161,nan
7/9/2022 1:14:51,1.12.0,Free_feed,5,4.08,1,1,Pellet,Left,13,18,98,0,Timed_out,109,nan
7/9/2022 1:15:17,1.12.0,Free_feed,5,4.09,1,1,Pellet,Left,13,18,99,0,19.28,26,nan
7/9/2022 1:15:46,1.12.0,Free_feed,5,4.09,nan,1,LeftWithPellet,Left,14,18,99,0,nan,nan,0.21
7/9/2022 1:15:48,1.12.0,Free_feed,5,4.09,nan,1,LeftWithPellet,Left,15,18,99,0,nan,nan,1.00
7/9/2022 1:15:50,1.12.0,Free_feed,5,4.09,nan,1,LeftWithPellet,Left,16,18,99,0,nan,nan,0.36
7/9/2022 1:15:53,1.12.0,Free_feed,5,4.09,nan,1,LeftWithPellet,Left,17,18,99,0,nan,nan,0.36
7/9/2022 1:15:54,1.12.0,Free_feed,5,4.09,nan,1,LeftWithPellet,Left,18,18,99,0,nan,nan,0.06
7/9/2022 1:15:57,1.12.0,Free_feed,5,4.09,nan,1,LeftWithPellet,Left,19,18,99,0,nan,nan,0.28
7/9/2022 1:17:50,1.12.0,Free_feed,5,4.09,1,1,Pellet,Left,19,18,100,0,Timed_out,153,nan
7/9/2022 1:17:52,1.12.0,Free_feed,5,4.09,1,1,Pellet,Left,19,18,101,0,0.16,2,nan
7/9/2022 1:19:12,1.12.0,Free_feed,5,4.09,1,1,Pellet,Left,19,18,102,0,Timed_out,80,nan
7/9/2022 1:20:21,1.12.0,Free_feed,5,4.09,nan,1,RightWithPellet,Left,19,19,102,0,nan,nan,0.20
7/9/2022 1:20:24,1.12.0,Free_feed,5,4.08,nan,1,RightWithPellet,Left,19,20,102,0,nan,nan,0.03
7/9/2022 1:20:26,1.12.0,Free_feed,5,4.08,nan,1,RightWithPellet,Left,19,21,102,0,nan,nan,1.05
7/9/2022 1:20:29,1.12.0,Free_feed,5,4.09,nan,1,RightWithPellet,Left,19,22,102,0,nan,nan,0.11
7/9/2022 1:21:03,1.12.0,Free_feed,5,4.08,1,1,Pellet,Left,19,22,103,0,Timed_out,110,nan
7/9/2022 1:21:22,1.12.0,Free_feed,5,4.09,nan,1,LeftWithPellet,Left,20,22,103,0,nan,nan,0.32
7/9/2022 1:33:15,1.12.0,Free_feed,5,4.09,4,1,Pellet,Left,20,22,104,0,Timed_out,733,nan
7/9/2022 1:36:15,1.12.0,Free_feed,5,4.08,nan,1,RightWithPellet,Left,20,23,104,0,nan,nan,0.03
7/9/2022 1:42:07,1.12.0,Free_feed,5,4.08,2,1,Pellet,Left,20,23,105,0,Timed_out,532,nan
7/9/2022 1:42:37,1.12.0,Free_feed,5,4.08,2,1,Pellet,Left,20,23,106,0,21.70,29,nan
7/9/2022 1:43:01,1.12.0,Free_feed,5,4.09,1,1,Pellet,Left,20,23,107,0,17.26,25,nan
7/9/2022 1:43:03,1.12.0,Free_feed,5,4.09,1,1,Pellet,Left,20,23,108,0,0.16,2,nan
7/9/2022 1:45:27,1.12.0,Free_feed,5,4.08,2,1,Pellet,Left,20,23,109,0,Timed_out,144,nan
7/9/2022 1:52:07,1.12.0,Free_feed,5,4.08,1,1,Pellet,Left,20,23,110,0,Timed_out,399,nan
7/9/2022 1:58:19,1.12.0,Free_feed,5,4.08,1,1,Pellet,Left,20,23,111,0,Timed_out,373,nan
7/9/2022 2:04:08,1.12.0,Free_feed,5,4.08,1,1,Pellet,Left,20,23,112,0,Timed_out,349,nan
7/9/2022 2:06:23,1.12.0,Free_feed,5,4.09,1,1,Pellet,Left,20,23,113,0,Timed_out,135,nan
7/9/2022 2:08:40,1.12.0,Free_feed,5,4.08,1,1,Pellet,Left,20,23,114,0,Timed_out,137,nan
7/9/2022 2:10:06,1.12.0,Free_feed,5,4.09,1,1,Pellet,Left,20,23,115,0,Timed_out,86,nan
7/9/2022 2:11:55,1.12.0,Free_feed,5,4.09,1,1,Pellet,Left,20,23,116,0,Timed_out,108,nan
7/9/2022 2:21:20,1.12.0,Free_feed,5,4.08,1,1,Pellet,Left,20,23,117,0,Timed_out,566,nan
7/9/2022 2:23:56,1.12.0,Free_feed,5,4.08,3,1,Pellet,Left,20,23,118,0,Timed_out,156,nan
7/9/2022 2:24:25,1.12.0,Free_feed,5,4.08,2,1,Pellet,Left,20,23,119,0,21.57,29,nan
7/9/2022 2:25:23,1.12.0,Free_feed,5,4.08,2,1,Pellet,Left,20,23,120,0,50.42,57,nan
7/9/2022 2:27:42,1.12.0,Free_feed,5,4.08,nan,1,RightWithPellet,Left,20,24,120,0,nan,nan,0.25
7/9/2022 2:28:03,1.12.0,Free_feed,5,4.08,2,1,Pellet,Left,20,24,121,0,Timed_out,161,nan
7/9/2022 2:36:38,1.12.0,Free_feed,5,4.08,2,1,Pellet,Left,20,24,122,0,Timed_out,515,nan
7/9/2022 2:46:38,1.12.0,Free_feed,5,4.08,2,1,Pellet,Left,20,24,123,0,Timed_out,600,nan
7/9/2022 2:50:47,1.12.0,Free_feed,5,4.08,nan,1,LeftWithPellet,Left,21,24,123,0,nan,nan,0.11
7/9/2022 2:53:44,1.12.0,Free_feed,5,4.08,1,1,Pellet,Left,21,24,124,0,Timed_out,426,nan
7/9/2022 2:54:37,1.12.0,Free_feed,5,4.07,nan,1,LeftWithPellet,Left,22,24,124,0,nan,nan,0.09
7/9/2022 2:54:38,1.12.0,Free_feed,5,4.08,nan,1,LeftWithPellet,Left,23,24,124,0,nan,nan,0.08
7/9/2022 2:54:41,1.12.0,Free_feed,5,4.08,nan,1,LeftWithPellet,Left,24,24,124,0,nan,nan,0.03
7/9/2022 2:54:42,1.12.0,Free_feed,5,4.08,nan,1,LeftWithPellet,Left,25,24,124,0,nan,nan,0.93
7/9/2022 2:56:18,1.12.0,Free_feed,5,4.08,1,1,Pellet,Left,25,24,125,0,Timed_out,154,nan
7/9/2022 3:11:43,1.12.0,Free_feed,5,4.08,1,1,Pellet,Left,25,24,126,0,Timed_out,925,nan
7/9/2022 3:19:27,1.12.0,Free_feed,5,4.07,1,1,Pellet,Left,25,24,127,0,Timed_out,464,nan
7/9/2022 3:20:40,1.12.0,Free_feed,5,4.08,2,1,Pellet,Left,25,24,128,0,Timed_out,73,nan
7/9/2022 3:21:13,1.12.0,Free_feed,5,4.07,1,1,Pellet,Left,25,24,129,0,26.29,33,nan
7/9/2022 3:21:15,1.12.0,Free_feed,5,4.08,1,1,Pellet,Left,25,24,130,0,0.16,2,nan
7/9/2022 3:21:58,1.12.0,Free_feed,5,4.08,1,1,Pellet,Left,25,24,131,0,34.54,43,nan
7/9/2022 3:44:34,1.12.0,Free_feed,5,4.07,1,1,Pellet,Left,25,24,132,0,Timed_out,1356,nan
7/9/2022 3:44:47,1.12.0,Free_feed,5,4.07,1,1,Pellet,Left,25,24,133,0,5.15,12,nan
7/9/2022 3:45:11,1.12.0,Free_feed,5,4.07,1,1,Pellet,Left,25,24,134,0,17.26,25,nan
7/9/2022 3:45:35,1.12.0,Free_feed,5,4.08,2,1,Pellet,Left,25,24,135,0,15.86,24,nan
7/9/2022 3:46:48,1.12.0,Free_feed,5,4.07,1,1,Pellet,Left,25,24,136,0,Timed_out,73,nan
7/9/2022 3:47:53,1.12.0,Free_feed,5,4.07,1,1,Pellet,Left,25,24,137,0,57.29,64,nan
7/9/2022 4:00:51,1.12.0,Free_feed,5,4.07,nan,1,LeftWithPellet,Left,26,24,137,0,nan,nan,0.74
7/9/2022 4:00:55,1.12.0,Free_feed,5,4.07,nan,1,LeftWithPellet,Left,27,24,137,0,nan,nan,1.27
7/9/2022 4:01:08,1.12.0,Free_feed,5,4.08,nan,1,LeftWithPellet,Left,28,24,137,0,nan,nan,1.36
7/9/2022 4:01:21,1.12.0,Free_feed,5,4.08,nan,1,LeftWithPellet,Left,29,24,137,0,nan,nan,0.16
7/9/2022 4:05:10,1.12.0,Free_feed,5,4.07,nan,1,RightWithPellet,Left,29,25,137,0,nan,nan,1.12
7/9/2022 4:05:15,1.12.0,Free_feed,5,4.08,nan,1,RightWithPellet,Left,29,26,137,0,nan,nan,0.08
7/9/2022 4:05:21,1.12.0,Free_feed,5,4.07,nan,1,RightWithPellet,Left,29,27,137,0,nan,nan,0.02
7/9/2022 4:05:47,1.12.0,Free_feed,5,4.07,2,1,Pellet,Left,29,27,138,0,Timed_out,1075,nan
7/9/2022 4:06:21,1.12.0,Free_feed,5,4.07,nan,1,LeftWithPellet,Left,30,27,138,0,nan,nan,0.31
7/9/2022 4:06:23,1.12.0,Free_feed,5,4.08,nan,1,LeftWithPellet,Left,31,27,138,0,nan,nan,1.64
7/9/2022 4:06:31,1.12.0,Free_feed,5,4.08,1,1,Pellet,Left,31,27,139,0,37.06,44,nan
7/9/2022 4:06:45,1.12.0,Free_feed,5,4.07,nan,1,RightWithPellet,Left,31,28,139,0,nan,nan,0.28
7/9/2022 4:07:27,1.12.0,Free_feed,5,4.08,nan,1,LeftWithPellet,Left,32,28,139,0,nan,nan,1.37
7/9/2022 4:07:36,1.12.0,Free_feed,5,4.07,2,1,Pellet,Left,32,28,140,0,55.62,65,nan
7/9/2022 4:09:48,1.12.0,Free_feed,5,4.08,2,1,Pellet,Left,32,28,141,0,Timed_out,131,nan
7/9/2022 4:23:44,1.12.0,Free_feed,5,4.07,nan,1,RightWithPellet,Left,32,29,141,0,nan,nan,0.28
7/9/2022 4:24:43,1.12.0,Free_feed,5,4.07,nan,1,RightWithPellet,Left,32,30,141,0,nan,nan,0.00
7/9/2022 4:24:59,1.12.0,Free_feed,5,4.07,1,1,Pellet,Left,32,30,142,0,Timed_out,912,nan
7/9/2022 4:25:00,1.12.0,Free_feed,5,4.07,1,1,Pellet,Left,32,30,143,0,0.16,1,nan
7/9/2022 4:39:56,1.12.0,Free_feed,5,4.07,nan,1,LeftWithPellet,Left,33,30,143,0,nan,nan,0.09
7/9/2022 4:42:46,1.12.0,Free_feed,5,4.07,1,1,Pellet,Left,33,30,144,0,Timed_out,1066,nan
7/9/2022 4:43:41,1.12.0,Free_feed,5,4.07,nan,1,RightWithPellet,Left,33,31,144,0,nan,nan,1.09
7/9/2022 4:44:53,1.12.0,Free_feed,5,4.07,2,1,Pellet,Left,33,31,145,0,Timed_out,126,nan
7/9/2022 4:47:47,1.12.0,Free_feed,5,4.07,2,1,Pellet,Left,33,31,146,0,Timed_out,175,nan
7/9/2022 4:48:14,1.12.0,Free_feed,5,4.07,2,1,Pellet,Left,33,31,147,0,19.35,27,nan
7/9/2022 4:49:08,1.12.0,Free_feed,5,4.08,2,1,Pellet,Left,33,31,148,0,46.60,54,nan
7/9/2022 4:50:44,1.12.0,Free_feed,5,4.07,nan,1,RightWithPellet,Left,33,32,148,0,nan,nan,0.24
7/9/2022 4:58:15,1.12.0,Free_feed,5,4.07,nan,1,LeftWithPellet,Left,34,32,148,0,nan,nan,0.00
7/9/2022 5:12:53,1.12.0,Free_feed,5,4.07,2,1,Pellet,Left,34,32,149,0,Timed_out,1425,nan
7/9/2022 5:14:21,1.12.0,Free_feed,5,4.07,1,1,Pellet,Left,34,32,150,0,Timed_out,88,nan
7/9/2022 6:44:04,1.12.0,Free_feed,5,4.07,2,1,Pellet,Left,34,32,151,0,Timed_out,5382,nan
7/9/2022 6:44:05,1.12.0,Free_feed,5,4.07,1,1,Pellet,Left,34,32,152,0,0.16,2,nan
7/9/2022 6:44:38,1.12.0,Free_feed,5,4.07,1,1,Pellet,Left,34,32,153,0,25.45,33,nan
7/9/2022 6:45:18,1.12.0,Free_feed,5,4.07,1,1,Pellet,Left,34,32,154,0,32.19,40,nan
7/9/2022 6:47:56,1.12.0,Free_feed,5,4.07,1,1,Pellet,Left,34,32,155,0,Timed_out,157,nan
7/9/2022 6:48:18,1.12.0,Free_feed,5,4.07,4,1,Pellet,Left,34,32,156,0,10.35,23,nan
7/9/2022 6:49:29,1.12.0,Free_feed,5,4.07,2,1,Pellet,Left,34,32,157,0,Timed_out,71,nan
7/9/2022 6:51:41,1.12.0,Free_feed,5,4.07,nan,1,RightWithPellet,Left,34,33,157,0,nan,nan,0.53
7/9/2022 6:51:46,1.12.0,Free_feed,5,4.07,nan,1,RightWithPellet,Left,34,34,157,0,nan,nan,0.15
7/9/2022 6:51:50,1.12.0,Free_feed,5,4.07,nan,1,LeftWithPellet,Left,35,34,157,0,nan,nan,0.07
7/9/2022 6:51:54,1.12.0,Free_feed,5,4.07,nan,1,LeftWithPellet,Left,36,34,157,0,nan,nan,0.94
7/9/2022 6:51:56,1.12.0,Free_feed,5,4.07,nan,1,LeftWithPellet,Left,37,34,157,0,nan,nan,0.42
7/9/2022 6:51:59,1.12.0,Free_feed,5,4.06,nan,1,LeftWithPellet,Left,38,34,157,0,nan,nan,0.29
7/9/2022 6:52:42,1.12.0,Free_feed,5,4.07,nan,1,RightWithPellet,Left,38,35,157,0,nan,nan,0.01
7/9/2022 6:54:04,1.12.0,Free_feed,5,4.07,2,1,Pellet,Left,38,35,158,0,Timed_out,275,nan
7/9/2022 6:56:30,1.12.0,Free_feed,5,4.07,1,1,Pellet,Left,38,35,159,0,Timed_out,146,nan
7/9/2022 6:56:32,1.12.0,Free_feed,5,4.07,1,1,Pellet,Left,38,35,160,0,0.16,1,nan
7/9/2022 6:56:53,1.12.0,Free_feed,5,4.07,2,1,Pellet,Left,38,35,161,0,12.19,22,nan
7/9/2022 6:57:15,1.12.0,Free_feed,5,4.07,1,1,Pellet,Left,38,35,162,0,19.35,22,nan
7/9/2022 6:58:43,1.12.0,Free_feed,5,4.07,2,1,Pellet,Left,38,35,163,0,Timed_out,88,nan
7/9/2022 6:58:45,1.12.0,Free_feed,5,4.07,1,1,Pellet,Left,38,35,164,0,0.16,2,nan
7/9/2022 7:11:10,1.12.0,Free_feed,5,4.07,2,1,Pellet,Left,38,35,165,0,Timed_out,745,nan
7/9/2022 7:11:27,1.12.0,Free_feed,5,4.07,1,1,Pellet,Left,38,35,166,0,9.20,17,nan
7/9/2022 7:11:29,1.12.0,Free_feed,5,4.07,1,1,Pellet,Left,38,35,167,0,0.35,2,nan
7/9/2022 7:11:32,1.12.0,Free_feed,5,4.07,1,1,Pellet,Left,38,35,168,0,0.54,3,nan
7/9/2022 7:30:18,1.12.0,Free_feed,5,4.07,nan,1,RightWithPellet,Left,38,36,168,0,nan,nan,0.01
7/9/2022 7:31:57,1.12.0,Free_feed,5,4.07,nan,1,RightWithPellet,Left,38,37,168,0,nan,nan,0.21
7/9/2022 7:32:04,1.12.0,Free_feed,5,4.07,1,1,Pellet,Left,38,37,169,0,Timed_out,1232,nan
7/9/2022 7:32:06,1.12.0,Free_feed,5,4.07,1,1,Pellet,Left,38,37,170,0,0.22,1,nan
7/9/2022 7:32:18,1.12.0,Free_feed,5,4.07,1,1,Pellet,Left,38,37,171,0,4.84,13,nan
7/9/2022 9:04:44,1.12.0,Free_feed,5,4.07,1,1,Pellet,Left,38,37,172,0,Timed_out,5546,nan
7/9/2022 9:05:23,1.12.0,Free_feed,5,4.06,2,1,Pellet,Left,38,37,173,0,29.45,39,nan
7/9/2022 9:05:47,1.12.0,Free_feed,5,4.07,1,1,Pellet,Left,38,37,174,0,15.93,23,nan
7/9/2022 9:06:08,1.12.0,Free_feed,5,4.06,1,1,Pellet,Left,38,37,175,0,15.04,22,nan
7/9/2022 9:07:23,1.12.0,Free_feed,5,4.07,2,1,Pellet,Left,38,37,176,0,Timed_out,75,nan
7/9/2022 9:07:33,1.12.0,Free_feed,5,4.07,1,1,Pellet,Left,38,37,177,0,2.75,10,nan
7/9/2022 9:08:57,1.12.0,Free_feed,5,4.06,1,1,Pellet,Left,38,37,178,0,Timed_out,84,nan
7/9/2022 9:09:18,1.12.0,Free_feed,5,4.07,2,1,Pellet,Left,38,37,179,0,10.98,20,nan
7/9/2022 9:11:01,1.12.0,Free_feed,5,4.06,2,1,Pellet,Left,38,37,180,0,Timed_out,104,nan
7/9/2022 9:11:21,1.12.0,Free_feed,5,4.06,1,1,Pellet,Left,38,37,181,0,17.76,20,nan
7/9/2022 9:11:51,1.12.0,Free_feed,5,4.06,2,1,Pellet,Left,38,37,182,0,26.52,29,nan
7/9/2022 9:12:12,1.12.0,Free_feed,5,4.07,1,1,Pellet,Left,38,37,183,0,14.21,21,nan
7/9/2022 11:11:05,1.12.0,Free_feed,5,4.05,2,1,Pellet,Left,38,37,184,0,Timed_out,7134,nan
7/9/2022 11:11:29,1.12.0,Free_feed,5,4.06,2,1,Pellet,Left,38,37,185,0,15.15,24,nan
7/9/2022 11:12:00,1.12.0,Free_feed,5,4.06,1,1,Pellet,Left,38,37,186,0,23.41,31,nan
7/9/2022 11:12:20,1.12.0,Free_feed,5,4.06,1,1,Pellet,Left,38,37,187,0,12.18,20,nan
7/9/2022 11:12:46,1.12.0,Free_feed,5,4.06,1,1,Pellet,Left,38,37,188,0,18.01,26,nan
7/9/2022 11:13:06,1.12.0,Free_feed,5,4.05,1,1,Pellet,Left,38,37,189,0,13.39,20,nan
7/9/2022 11:14:15,1.12.0,Free_feed,5,4.06,2,1,Pellet,Left,38,37,190,0,58.60,68,nan
7/9/2022 11:14:34,1.12.0,Free_feed,5,4.05,2,1,Pellet,Left,38,37,191,0,10.21,20,nan
7/9/2022 11:14:58,1.12.0,Free_feed,5,4.06,1,1,Pellet,Left,38,37,192,0,15.98,24,nan
7/9/2022 11:18:30,1.12.0,Free_feed,5,4.06,nan,1,LeftWithPellet,Left,39,37,192,0,nan,nan,0.18
7/9/2022 12:58:18,1.12.0,Free_feed,5,4.05,2,1,Pellet,Left,39,37,193,0,Timed_out,6199,nan
7/9/2022 12:58:40,1.12.0,Free_feed,5,4.05,1,1,Pellet,Left,39,37,194,0,15.49,23,nan
7/9/2022 12:59:13,1.12.0,Free_feed,5,4.05,1,1,Pellet,Left,39,37,195,0,25.71,33,nan
7/9/2022 12:59:36,1.12.0,Free_feed,5,4.06,1,1,Pellet,Left,39,37,196,0,15.23,23,nan
7/9/2022 12:59:37,1.12.0,Free_feed,5,4.05,1,1,Pellet,Left,39,37,197,0,0.16,1,nan
7/9/2022 13:00:04,1.12.0,Free_feed,5,4.05,1,1,Pellet,Left,39,37,198,0,19.67,27,nan
7/9/2022 13:00:06,1.12.0,Free_feed,5,4.05,1,1,Pellet,Left,39,37,199,0,0.16,1,nan
7/9/2022 14:13:32,1.12.0,Free_feed,5,4.05,2,1,Pellet,Left,39,37,200,0,Timed_out,4407,nan
7/9/2022 14:14:15,1.12.0,Free_feed,5,4.05,1,1,Pellet,Left,39,37,201,0,36.13,43,nan
7/9/2022 14:14:36,1.12.0,Free_feed,5,4.05,2,1,Pellet,Left,39,37,202,0,12.18,21,nan
7/9/2022 14:15:00,1.12.0,Free_feed,5,4.05,1,1,Pellet,Left,39,37,203,0,16.49,24,nan
7/9/2022 14:15:51,1.12.0,Free_feed,5,4.05,2,1,Pellet,Left,39,37,204,0,41.15,51,nan
7/9/2022 14:19:07,1.12.0,Free_feed,5,4.05,nan,1,LeftWithPellet,Left,40,37,204,0,nan,nan,0.02
7/9/2022 14:19:09,1.12.0,Free_feed,5,4.05,2,1,Pellet,Left,40,37,205,0,Timed_out,197,nan
7/9/2022 14:20:24,1.12.0,Free_feed,5,4.05,nan,1,RightWithPellet,Left,40,38,205,0,nan,nan,0.66
7/9/2022 14:20:34,1.12.0,Free_feed,5,4.05,1,1,Pellet,Left,40,38,206,0,Timed_out,85,nan
7/9/2022 14:25:29,1.12.0,Free_feed,5,4.05,1,1,Pellet,Left,40,38,207,0,Timed_out,296,nan
7/9/2022 14:25:31,1.12.0,Free_feed,5,4.05,1,1,Pellet,Left,40,38,208,0,0.16,2,nan
7/9/2022 15:48:20,1.12.0,Free_feed,5,4.05,1,1,Pellet,Left,40,38,209,0,Timed_out,4968,nan
7/9/2022 15:48:46,1.12.0,Free_feed,5,4.05,1,1,Pellet,Left,40,38,210,0,18.41,26,nan
7/9/2022 15:49:04,1.12.0,Free_feed,5,4.05,3,1,Pellet,Left,40,38,211,0,6.55,19,nan
7/9/2022 15:49:14,1.12.0,Free_feed,5,4.05,1,1,Pellet,Left,40,38,212,0,2.81,10,nan
7/9/2022 15:49:33,1.12.0,Free_feed,5,4.05,1,1,Pellet,Left,40,38,213,0,12.25,19,nan
7/9/2022 15:50:04,1.12.0,Free_feed,5,4.05,1,1,Pellet,Left,40,38,214,0,22.59,31,nan
7/9/2022 15:50:55,1.12.0,Free_feed,5,4.05,1,1,Pellet,Left,40,38,215,0,44.32,51,nan
7/9/2022 15:51:08,1.12.0,Free_feed,5,4.05,2,1,Pellet,Left,40,38,216,0,3.70,13,nan
7/9/2022 15:51:28,1.12.0,Free_feed,5,4.05,1,1,Pellet,Left,40,38,217,0,13.20,20,nan
7/9/2022 15:52:02,1.12.0,Free_feed,5,4.05,2,1,Pellet,Left,40,38,218,0,23.68,34,nan
7/9/2022 15:52:24,1.12.0,Free_feed,5,4.05,1,1,Pellet,Left,40,38,219,0,14.54,22,nan
7/9/2022 17:18:34,1.12.0,Free_feed,5,4.04,1,1,Pellet,Left,40,38,220,0,Timed_out,5170,nan
7/9/2022 17:18:44,1.12.0,Free_feed,5,4.05,1,1,Pellet,Left,40,38,221,0,2.37,10,nan
7/9/2022 17:19:12,1.12.0,Free_feed,5,4.05,1,1,Pellet,Left,40,38,222,0,20.43,28,nan
7/9/2022 17:38:28,1.12.0,Free_feed,5,4.05,1,1,Pellet,Left,40,38,223,0,Timed_out,1156,nan
7/9/2022 17:38:51,1.12.0,Free_feed,5,4.04,3,1,Pellet,Left,40,38,224,0,10.80,22,nan
7/9/2022 17:39:09,1.12.0,Free_feed,5,4.04,1,1,Pellet,Left,40,38,225,0,11.68,19,nan
7/9/2022 17:39:29,1.12.0,Free_feed,5,4.04,2,1,Pellet,Left,40,38,226,0,10.48,20,nan
7/9/2022 17:39:53,1.12.0,Free_feed,5,4.05,1,1,Pellet,Left,40,38,227,0,16.06,23,nan
7/9/2022 17:39:55,1.12.0,Free_feed,5,4.04,1,1,Pellet,Left,40,38,228,0,0.98,3,nan
7/9/2022 17:45:25,1.12.0,Free_feed,5,4.04,1,1,Pellet,Left,40,38,229,0,Timed_out,330,nan
7/9/2022 17:45:46,1.12.0,Free_feed,5,4.05,1,1,Pellet,Left,40,38,230,0,13.59,21,nan
7/9/2022 17:46:03,1.12.0,Free_feed,5,4.04,1,1,Pellet,Left,40,38,231,0,8.83,16,nan
7/9/2022 17:46:28,1.12.0,Free_feed,5,4.05,1,1,Pellet,Left,40,38,232,0,18.09,26,nan
7/9/2022 17:49:22,1.12.0,Free_feed,5,4.05,1,1,Pellet,Left,40,38,233,0,Timed_out,174,nan
7/9/2022 17:49:24,1.12.0,Free_feed,5,4.05,1,1,Pellet,Left,40,38,234,0,0.16,2,nan
7/9/2022 17:56:50,1.12.0,Free_feed,5,4.04,nan,1,RightWithPellet,Left,40,39,234,0,nan,nan,0.84
7/9/2022 18:52:58,1.12.0,Free_feed,5,4.04,1,1,Pellet,Left,40,39,235,0,Timed_out,3814,nan
7/9/2022 18:53:13,1.12.0,Free_feed,5,4.04,1,1,Pellet,Left,40,39,236,0,8.20,15,nan
7/9/2022 19:14:14,1.12.0,Free_feed,5,4.04,1,1,Pellet,Left,40,39,237,0,Timed_out,1260,nan
7/9/2022 19:14:40,1.12.0,Free_feed,5,4.04,2,1,Pellet,Left,40,39,238,0,16.37,26,nan
7/9/2022 19:14:55,1.12.0,Free_feed,5,4.04,2,1,Pellet,Left,40,39,239,0,5.85,16,nan
