MM:DD:YYYY hh:mm:ss,Library_Version,Session_type,Device_Number,Battery_Voltage,Motor_Turns,FR,Event,Active_Poke,Left_Poke_Count,Right_Poke_Count,Pellet_Count,Block_Pellet_Count,Retrieval_Time,InterPelletInterval,Poke_Time
7/8/2022 15:33:08,1.12.0,Free_feed,6,4.09,3,1,Pellet,Left,0,0,1,0,Timed_out,nan,nan
7/8/2022 15:36:10,1.12.0,Free_feed,6,4.09,1,1,Pellet,Left,0,0,2,0,Timed_out,183,nan
7/8/2022 15:36:13,1.12.0,Free_feed,6,4.09,1,1,Pellet,Left,0,0,3,0,0.92,2,nan
7/8/2022 16:30:10,1.12.0,Free_feed,6,4.09,nan,1,RightWithPellet,Left,0,1,3,0,nan,nan,0.64
7/8/2022 16:32:49,1.12.0,Free_feed,6,4.09,nan,1,RightWithPellet,Left,0,2,3,0,nan,nan,0.04
7/8/2022 16:36:59,1.12.0,Free_feed,6,4.08,nan,1,RightWithPellet,Left,0,3,3,0,nan,nan,0.08
7/8/2022 16:40:39,1.12.0,Free_feed,6,4.09,nan,1,RightWithPellet,Left,0,4,3,0,nan,nan,0.25
7/8/2022 16:48:29,1.12.0,Free_feed,6,4.09,nan,1,RightWithPellet,Left,0,5,3,0,nan,nan,0.03
7/8/2022 16:48:30,1.12.0,Free_feed,6,4.08,nan,1,RightWithPellet,Left,0,6,3,0,nan,nan,0.20
7/8/2022 16:51:09,1.12.0,Free_feed,6,4.09,nan,1,LeftWithPellet,Left,1,6,3,0,nan,nan,0.02
7/8/2022 16:53:24,1.12.0,Free_feed,6,4.09,nan,1,LeftWithPellet,Left,2,6,3,0,nan,nan,0.43
7/8/2022 16:54:20,1.12.0,Free_feed,6,4.09,nan,1,LeftWithPellet,Left,3,6,3,0,nan,nan,0.00
7/8/2022 16:54:30,1.12.0,Free_feed,6,4.09,nan,1,RightWithPellet,Left,3,7,3,0,nan,nan,0.17
7/8/2022 17:22:20,1.12.0,Free_feed,6,4.09,nan,1,RightWithPellet,Left,3,8,3,0,nan,nan,0.05
7/8/2022 17:22:22,1.12.0,Free_feed,6,4.09,nan,1,RightWithPellet,Left,3,9,3,0,nan,nan,0.08
7/8/2022 17:22:39,1.12.0,Free_feed,6,4.09,2,1,Pellet,Left,3,9,4,0,Timed_out,6387,nan
7/8/2022 17:27:43,1.12.0,Free_feed,6,4.09,nan,1,RightWithPellet,Left,3,10,4,0,nan,nan,0.04
7/8/2022 17:36:47,1.12.0,Free_feed,6,4.09,nan,1,RightWithPellet,Left,3,11,4,0,nan,nan,0.07
7/8/2022 18:54:55,1.12.0,Free_feed,6,4.09,nan,1,RightWithPellet,Left,3,12,4,0,nan,nan,0.92
7/8/2022 18:58:22,1.12.0,Free_feed,6,4.08,nan,1,LeftWithPellet,Left,4,12,4,0,nan,nan,0.47
7/8/2022 19:08:58,1.12.0,Free_feed,6,4.08,nan,1,RightWithPellet,Left,4,13,4,0,nan,nan,0.60
7/8/2022 19:35:58,1.12.0,Free_feed,6,4.08,nan,1,LeftWithPellet,Left,5,13,4,0,nan,nan,0.11
7/8/2022 19:37:29,1.12.0,Free_feed,6,4.08,nan,1,RightWithPellet,Left,5,14,4,0,nan,nan,0.52
7/8/2022 19:49:44,1.12.0,Free_feed,6,4.08,nan,1,LeftWithPellet,Left,6,14,4,0,nan,nan,0.40
7/8/2022 19:51:31,1.12.0,Free_feed,6,4.08,1,1,Pellet,Left,6,14,5,0,Timed_out,8931,nan
7/8/2022 19:54:17,1.12.0,Free_feed,6,4.08,2,1,Pellet,Left,6,14,6,0,Timed_out,166,nan
7/8/2022 20:00:43,1.12.0,Free_feed,6,4.07,1,1,Pellet,Left,6,14,7,0,Timed_out,387,nan
7/8/2022 20:03:52,1.12.0,Free_feed,6,4.08,1,1,Pellet,Left,6,14,8,0,Timed_out,189,nan
7/8/2022 20:14:04,1.12.0,Free_feed,6,4.08,1,1,Pellet,Left,6,14,9,0,Timed_out,612,nan
7/8/2022 20:20:14,1.12.0,Free_feed,6,4.08,1,1,Pellet,Left,6,14,10,0,Timed_out,370,nan
7/8/2022 20:33:29,1.12.0,Free_feed,6,4.07,1,1,Pellet,Left,6,14,11,0,Timed_out,795,nan
7/8/2022 20:55:09,1.12.0,Free_feed,6,4.07,2,1,Pellet,Left,6,14,12,0,Timed_out,1300,nan
7/8/2022 20:56:54,1.12.0,Free_feed,6,4.07,1,1,Pellet,Left,6,14,13,0,Timed_out,105,nan
7/8/2022 20:59:05,1.12.0,Free_feed,6,4.08,1,1,Pellet,Left,6,14,14,0,Timed_out,131,nan
7/8/2022 21:01:32,1.12.0,Free_feed,6,4.07,1,1,Pellet,Left,6,14,15,0,Timed_out,147,nan
7/8/2022 21:02:40,1.12.0,Free_feed,6,4.07,1,1,Pellet,Left,6,14,16,0,Timed_out,68,nan
7/8/2022 21:03:45,1.12.0,Free_feed,6,4.07,1,1,Pellet,Left,6,14,17,0,56.77,64,nan
7/8/2022 21:05:49,1.12.0,Free_feed,6,4.07,1,1,Pellet,Left,6,14,18,0,Timed_out,125,nan
7/8/2022 21:05:51,1.12.0,Free_feed,6,4.07,1,1,Pellet,Left,6,14,19,0,0.29,2,nan
7/8/2022 21:16:00,1.12.0,Free_feed,6,4.07,1,1,Pellet,Left,6,14,20,0,Timed_out,608,nan
7/8/2022 21:26:40,1.12.0,Free_feed,6,4.07,1,1,Pellet,Left,6,14,21,0,Timed_out,641,nan
7/8/2022 21:30:04,1.12.0,Free_feed,6,4.07,1,1,Pellet,Left,6,14,22,0,Timed_out,204,nan
7/8/2022 21:32:06,1.12.0,Free_feed,6,4.07,1,1,Pellet,Left,6,14,23,0,Timed_out,122,nan
7/8/2022 21:32:08,1.12.0,Free_feed,6,4.07,1,1,Pellet,Left,6,14,24,0,0.79,2,nan
7/8/2022 21:34:18,1.12.0,Free_feed,6,4.07,1,1,Pellet,Left,6,14,25,0,Timed_out,130,nan
7/8/2022 21:36:12,1.12.0,Free_feed,6,4.07,2,1,Pellet,Left,6,14,26,0,Timed_out,114,nan
7/8/2022 21:38:28,1.12.0,Free_feed,6,4.07,1,1,Pellet,Left,6,14,27,0,Timed_out,136,nan
7/8/2022 21:38:30,1.12.0,Free_feed,6,4.07,1,1,Pellet,Left,6,14,28,0,0.22,2,nan
7/8/2022 21:39:38,1.12.0,Free_feed,6,4.07,1,1,Pellet,Left,6,14,29,0,59.82,68,nan
7/8/2022 21:41:05,1.12.0,Free_feed,6,4.07,2,1,Pellet,Left,6,14,30,0,Timed_out,87,nan
7/8/2022 21:50:23,1.12.0,Free_feed,6,4.07,1,1,Pellet,Left,6,14,31,0,Timed_out,558,nan
7/8/2022 21:55:11,1.12.0,Free_feed,6,4.07,1,1,Pellet,Left,6,14,32,0,Timed_out,288,nan
7/8/2022 21:56:50,1.12.0,Free_feed,6,4.08,1,1,Pellet,Left,6,14,33,0,Timed_out,98,nan
7/8/2022 21:57:31,1.12.0,Free_feed,6,4.07,1,1,Pellet,Left,6,14,34,0,33.60,42,nan
7/8/2022 21:58:03,1.12.0,Free_feed,6,4.07,1,1,Pellet,Left,6,14,35,0,25.13,32,nan
7/8/2022 21:58:23,1.12.0,Free_feed,6,4.07,1,1,Pellet,Left,6,14,36,0,13.01,20,nan
7/8/2022 21:59:40,1.12.0,Free_feed,6,4.07,1,1,Pellet,Left,6,14,37,0,Timed_out,76,nan
7/8/2022 22:00:22,1.12.0,Free_feed,6,4.07,1,1,Pellet,Left,6,14,38,0,40.96,43,nan
7/8/2022 22:02:40,1.12.0,Free_feed,6,4.07,1,1,Pellet,Left,6,14,39,0,Timed_out,138,nan
7/8/2022 22:07:36,1.12.0,Free_feed,6,4.07,1,1,Pellet,Left,6,14,40,0,Timed_out,296,nan
7/8/2022 22:08:25,1.12.0,Free_feed,6,4.07,1,1,Pellet,Left,6,14,41,0,41.65,49,nan
7/8/2022 22:32:42,1.12.0,Free_feed,6,4.07,1,1,Pellet,Left,6,14,42,0,Timed_out,1457,nan
7/8/2022 22:34:15,1.12.0,Free_feed,6,4.07,2,1,Pellet,Left,6,14,43,0,Timed_out,93,nan
7/8/2022 22:34:52,1.12.0,Free_feed,6,4.07,1,1,Pellet,Left,6,14,44,0,29.27,37,nan
7/8/2022 22:49:42,1.12.0,Free_feed,6,4.07,1,1,Pellet,Left,6,14,45,0,Timed_out,890,nan
7/8/2022 22:53:57,1.12.0,Free_feed,6,4.07,1,1,Pellet,Left,6,14,46,0,Timed_out,255,nan
7/8/2022 22:54:47,1.12.0,Free_feed,6,4.07,1,1,Pellet,Left,6,14,47,0,42.18,50,nan
7/8/2022 22:54:54,1.12.0,Free_feed,6,4.07,1,1,Pellet,Left,6,14,48,0,0.16,7,nan
7/8/2022 22:55:47,1.12.0,Free_feed,6,4.07,nan,1,LeftWithPellet,Left,7,14,48,0,nan,nan,0.21
7/8/2022 22:55:50,1.12.0,Free_feed,6,4.07,nan,1,LeftWithPellet,Left,8,14,48,0,nan,nan,0.52
7/8/2022 22:57:55,1.12.0,Free_feed,6,4.07,nan,1,LeftWithPellet,Left,9,14,48,0,nan,nan,0.35
7/8/2022 23:00:22,1.12.0,Free_feed,6,4.07,1,1,Pellet,Left,9,14,49,0,Timed_out,328,nan
7/8/2022 23:02:19,1.12.0,Free_feed,6,4.07,2,1,Pellet,Left,9,14,50,0,Timed_out,117,nan
7/8/2022 23:03:46,1.12.0,Free_feed,6,4.07,nan,1,RightWithPellet,Left,9,15,50,0,nan,nan,0.05
7/8/2022 23:03:56,1.12.0,Free_feed,6,4.07,1,1,Pellet,Left,9,15,51,0,Timed_out,97,nan
7/8/2022 23:04:05,1.12.0,Free_feed,6,4.07,1,1,Pellet,Left,9,15,52,0,1.86,8,nan
7/8/2022 23:07:03,1.12.0,Free_feed,6,4.07,1,1,Pellet,Left,9,15,53,0,Timed_out,179,nan
7/8/2022 23:10:09,1.12.0,Free_feed,6,4.07,1,1,Pellet,Left,9,15,54,0,Timed_out,186,nan
7/8/2022 23:10:52,1.12.0,Free_feed,6,4.07,1,1,Pellet,Left,9,15,55,0,35.49,43,nan
7/8/2022 23:11:12,1.12.0,Free_feed,6,4.07,2,1,Pellet,Left,9,15,56,0,10.79,20,nan
7/8/2022 23:11:14,1.12.0,Free_feed,6,4.07,1,1,Pellet,Left,9,15,57,0,0.85,2,nan
7/8/2022 23:11:34,1.12.0,Free_feed,6,4.07,2,1,Pellet,Left,9,15,58,0,12.50,20,nan
7/8/2022 23:11:47,1.12.0,Free_feed,6,4.07,1,1,Pellet,Left,9,15,59,0,6.10,13,nan
7/8/2022 23:13:21,1.12.0,Free_feed,6,4.07,1,1,Pellet,Left,9,15,60,0,Timed_out,94,nan
7/8/2022 23:15:24,1.12.0,Free_feed,6,4.05,2,1,Pellet,Left,9,15,61,0,Timed_out,123,nan
7/8/2022 23:18:49,1.12.0,Free_feed,6,4.07,1,1,Pellet,Left,9,15,62,0,Timed_out,205,nan
7/8/2022 23:20:30,1.12.0,Free_feed,6,4.07,1,1,Pellet,Left,9,15,63,0,Timed_out,100,nan
7/8/2022 23:23:29,1.12.0,Free_feed,6,4.07,nan,1,RightWithPellet,Left,9,16,63,0,nan,nan,0.41
7/8/2022 23:23:35,1.12.0,Free_feed,6,4.07,1,1,Pellet,Left,9,16,64,0,Timed_out,186,nan
7/8/2022 23:29:56,1.12.0,Free_feed,6,4.07,1,1,Pellet,Left,9,16,65,0,Timed_out,381,nan
7/8/2022 23:31:30,1.12.0,Free_feed,6,4.07,2,1,Pellet,Left,9,16,66,0,Timed_out,94,nan
7/8/2022 23:33:27,1.12.0,Free_feed,6,4.07,nan,1,RightWithPellet,Left,9,17,66,0,nan,nan,0.72
7/8/2022 23:33:31,1.12.0,Free_feed,6,4.07,nan,1,RightWithPellet,Left,9,18,66,0,nan,nan,0.68
7/8/2022 23:33:35,1.12.0,Free_feed,6,4.07,nan,1,RightWithPellet,Left,9,19,66,0,nan,nan,0.43
7/8/2022 23:34:01,1.12.0,Free_feed,6,4.07,nan,1,RightWithPellet,Left,9,20,66,0,nan,nan,0.58
7/8/2022 23:34:07,1.12.0,Free_feed,6,4.07,nan,1,RightWithPellet,Left,9,21,66,0,nan,nan,0.18
7/8/2022 23:34:12,1.12.0,Free_feed,6,4.07,nan,1,RightWithPellet,Left,9,22,66,0,nan,nan,1.18
7/8/2022 23:34:12,1.12.0,Free_feed,6,4.07,nan,1,RightWithPellet,Left,9,23,66,0,nan,nan,0.01
7/8/2022 23:34:13,1.12.0,Free_feed,6,4.07,nan,1,RightWithPellet,Left,9,24,66,0,nan,nan,0.06
7/8/2022 23:34:15,1.12.0,Free_feed,6,4.07,nan,1,RightWithPellet,Left,9,25,66,0,nan,nan,0.09
7/8/2022 23:34:19,1.12.0,Free_feed,6,4.06,nan,1,RightWithPellet,Left,9,26,66,0,nan,nan,0.05
7/8/2022 23:34:20,1.12.0,Free_feed,6,4.07,nan,1,RightWithPellet,Left,9,27,66,0,nan,nan,0.04
7/8/2022 23:34:21,1.12.0,Free_feed,6,4.07,nan,1,RightWithPellet,Left,9,28,66,0,nan,nan,0.03
7/8/2022 23:34:22,1.12.0,Free_feed,6,4.07,nan,1,RightWithPellet,Left,9,29,66,0,nan,nan,0.05
7/8/2022 23:35:42,1.12.0,Free_feed,6,4.06,nan,1,RightWithPellet,Left,9,30,66,0,nan,nan,0.11
7/8/2022 23:35:47,1.12.0,Free_feed,6,4.07,nan,1,RightWithPellet,Left,9,31,66,0,nan,nan,0.03
7/8/2022 23:35:48,1.12.0,Free_feed,6,4.07,nan,1,RightWithPellet,Left,9,32,66,0,nan,nan,0.05
7/8/2022 23:35:54,1.12.0,Free_feed,6,4.07,nan,1,RightWithPellet,Left,9,33,66,0,nan,nan,0.31
7/8/2022 23:35:57,1.12.0,Free_feed,6,4.07,nan,1,RightWithPellet,Left,9,34,66,0,nan,nan,1.12
7/8/2022 23:36:00,1.12.0,Free_feed,6,4.07,nan,1,RightWithPellet,Left,9,35,66,0,nan,nan,1.25
7/8/2022 23:36:02,1.12.0,Free_feed,6,4.07,nan,1,RightWithPellet,Left,9,36,66,0,nan,nan,0.26
7/8/2022 23:36:05,1.12.0,Free_feed,6,4.07,nan,1,RightWithPellet,Left,9,37,66,0,nan,nan,0.04
7/8/2022 23:36:08,1.12.0,Free_feed,6,4.07,nan,1,RightWithPellet,Left,9,38,66,0,nan,nan,0.05
7/8/2022 23:36:12,1.12.0,Free_feed,6,4.06,nan,1,RightWithPellet,Left,9,39,66,0,nan,nan,0.08
7/8/2022 23:37:01,1.12.0,Free_feed,6,4.07,nan,1,RightWithPellet,Left,9,40,66,0,nan,nan,0.16
7/8/2022 23:37:04,1.12.0,Free_feed,6,4.07,nan,1,RightWithPellet,Left,9,41,66,0,nan,nan,0.98
7/8/2022 23:37:08,1.12.0,Free_feed,6,4.07,nan,1,RightWithPellet,Left,9,42,66,0,nan,nan,0.44
7/8/2022 23:37:09,1.12.0,Free_feed,6,4.07,nan,1,RightWithPellet,Left,9,43,66,0,nan,nan,0.08
7/8/2022 23:37:10,1.12.0,Free_feed,6,4.07,nan,1,RightWithPellet,Left,9,44,66,0,nan,nan,0.19
7/8/2022 23:37:10,1.12.0,Free_feed,6,4.07,nan,1,RightWithPellet,Left,9,45,66,0,nan,nan,0.01
7/8/2022 23:37:15,1.12.0,Free_feed,6,4.07,nan,1,RightWithPellet,Left,9,46,66,0,nan,nan,0.53
7/8/2022 23:37:16,1.12.0,Free_feed,6,4.07,nan,1,RightWithPellet,Left,9,47,66,0,nan,nan,0.03
7/8/2022 23:37:22,1.12.0,Free_feed,6,4.07,nan,1,RightWithPellet,Left,9,48,66,0,nan,nan,0.27
7/8/2022 23:37:24,1.12.0,Free_feed,6,4.07,nan,1,RightWithPellet,Left,9,49,66,0,nan,nan,0.20
7/8/2022 23:37:39,1.12.0,Free_feed,6,4.07,nan,1,RightWithPellet,Left,9,50,66,0,nan,nan,0.01
7/8/2022 23:37:43,1.12.0,Free_feed,6,4.07,nan,1,RightWithPellet,Left,9,51,66,0,nan,nan,0.02
7/8/2022 23:37:46,1.12.0,Free_feed,6,4.07,nan,1,RightWithPellet,Left,9,52,66,0,nan,nan,0.11
7/8/2022 23:38:14,1.12.0,Free_feed,6,4.07,nan,1,LeftWithPellet,Left,10,52,66,0,nan,nan,0.19
7/8/2022 23:38:20,1.12.0,Free_feed,6,4.07,nan,1,LeftWithPellet,Left,11,52,66,0,nan,nan,0.06
7/8/2022 23:38:21,1.12.0,Free_feed,6,4.07,nan,1,LeftWithPellet,Left,12,52,66,0,nan,nan,0.39
7/8/2022 23:38:35,1.12.0,Free_feed,6,4.07,nan,1,LeftWithPellet,Left,13,52,66,0,nan,nan,0.17
7/8/2022 23:41:04,1.12.0,Free_feed,6,4.07,nan,1,RightWithPellet,Left,13,53,66,0,nan,nan,0.04
7/8/2022 23:41:11,1.12.0,Free_feed,6,4.07,nan,1,LeftWithPellet,Left,14,53,66,0,nan,nan,0.04
7/8/2022 23:43:13,1.12.0,Free_feed,6,4.07,nan,1,LeftWithPellet,Left,15,53,66,0,nan,nan,0.10
7/8/2022 23:43:55,1.12.0,Free_feed,6,4.07,nan,1,RightWithPellet,Left,15,54,66,0,nan,nan,0.08
7/8/2022 23:45:14,1.12.0,Free_feed,6,4.07,nan,1,LeftWithPellet,Left,16,54,66,0,nan,nan,0.03
7/8/2022 23:49:37,1.12.0,Free_feed,6,4.06,1,1,Pellet,Left,16,54,67,0,Timed_out,1087,nan
7/8/2022 23:56:16,1.12.0,Free_feed,6,4.07,nan,1,LeftWithPellet,Left,17,54,67,0,nan,nan,0.02
7/8/2022 23:56:21,1.12.0,Free_feed,6,4.07,nan,1,LeftWithPellet,Left,18,54,67,0,nan,nan,0.05
7/8/2022 23:56:23,1.12.0,Free_feed,6,4.07,nan,1,LeftWithPellet,Left,19,54,67,0,nan,nan,0.04
7/8/2022 23:56:25,1.12.0,Free_feed,6,4.06,nan,1,LeftWithPellet,Left,20,54,67,0,nan,nan,0.05
7/8/2022 23:56:29,1.12.0,Free_feed,6,4.07,nan,1,LeftWithPellet,Left,21,54,67,0,nan,nan,0.09
7/8/2022 23:56:33,1.12.0,Free_feed,6,4.06,nan,1,LeftWithPellet,Left,22,54,67,0,nan,nan,0.18
7/8/2022 23:56:35,1.12.0,Free_feed,6,4.07,nan,1,LeftWithPellet,Left,23,54,67,0,nan,nan,0.08
7/8/2022 23:56:36,1.12.0,Free_feed,6,4.07,nan,1,LeftWithPellet,Left,24,54,67,0,nan,nan,0.03
7/8/2022 23:56:37,1.12.0,Free_feed,6,4.07,nan,1,LeftWithPellet,Left,25,54,67,0,nan,nan,0.63
7/8/2022 23:56:50,1.12.0,Free_feed,6,4.07,nan,1,LeftWithPellet,Left,26,54,67,0,nan,nan,0.20
7/8/2022 23:56:51,1.12.0,Free_feed,6,4.07,nan,1,LeftWithPellet,Left,27,54,67,0,nan,nan,0.20
7/8/2022 23:56:53,1.12.0,Free_feed,6,4.07,nan,1,LeftWithPellet,Left,28,54,67,0,nan,nan,0.21
7/8/2022 23:56:54,1.12.0,Free_feed,6,4.07,nan,1,LeftWithPellet,Left,29,54,67,0,nan,nan,0.47
7/8/2022 23:56:55,1.12.0,Free_feed,6,4.07,nan,1,LeftWithPellet,Left,30,54,67,0,nan,nan,0.09
7/8/2022 23:56:57,1.12.0,Free_feed,6,4.07,nan,1,LeftWithPellet,Left,31,54,67,0,nan,nan,0.29
7/8/2022 23:56:58,1.12.0,Free_feed,6,4.07,nan,1,LeftWithPellet,Left,32,54,67,0,nan,nan,0.59
7/8/2022 23:56:59,1.12.0,Free_feed,6,4.07,nan,1,LeftWithPellet,Left,33,54,67,0,nan,nan,0.15
7/8/2022 23:57:02,1.12.0,Free_feed,6,4.06,nan,1,LeftWithPellet,Left,34,54,67,0,nan,nan,0.13
7/8/2022 23:57:06,1.12.0,Free_feed,6,4.07,nan,1,LeftWithPellet,Left,35,54,67,0,nan,nan,0.46
7/8/2022 23:57:07,1.12.0,Free_feed,6,4.06,nan,1,LeftWithPellet,Left,36,54,67,0,nan,nan,0.10
7/8/2022 23:57:09,1.12.0,Free_feed,6,4.07,nan,1,LeftWithPellet,Left,37,54,67,0,nan,nan,0.09
7/8/2022 23:59:59,1.12.0,Free_feed,6,4.07,1,1,Pellet,Left,37,54,68,0,Timed_out,621,nan
7/9/2022 0:00:43,1.12.0,Free_feed,6,4.07,1,1,Pellet,Left,37,54,69,0,42.54,45,nan
7/9/2022 0:01:17,1.12.0,Free_feed,6,4.07,1,1,Pellet,Left,37,54,70,0,26.21,34,nan
7/9/2022 0:01:47,1.12.0,Free_feed,6,4.07,1,1,Pellet,Left,37,54,71,0,23.34,30,nan
7/9/2022 0:02:16,1.12.0,Free_feed,6,4.06,1,1,Pellet,Left,37,54,72,0,21.81,29,nan
7/9/2022 0:02:42,1.12.0,Free_feed,6,4.06,1,1,Pellet,Left,37,54,73,0,18.14,26,nan
7/9/2022 0:03:02,1.12.0,Free_feed,6,4.07,1,1,Pellet,Left,37,54,74,0,13.71,20,nan
7/9/2022 0:03:21,1.12.0,Free_feed,6,4.07,2,1,Pellet,Left,37,54,75,0,9.46,19,nan
7/9/2022 0:03:48,1.12.0,Free_feed,6,4.07,1,1,Pellet,Left,37,54,76,0,19.48,27,nan
7/9/2022 0:04:04,1.12.0,Free_feed,6,4.07,1,1,Pellet,Left,37,54,77,0,8.32,16,nan
7/9/2022 0:04:27,1.12.0,Free_feed,6,4.06,nan,1,LeftWithPellet,Left,38,54,77,0,nan,nan,0.14
7/9/2022 0:13:23,1.12.0,Free_feed,6,4.07,1,1,Pellet,Left,38,54,78,0,Timed_out,559,nan
7/9/2022 0:14:16,1.12.0,Free_feed,6,4.06,1,1,Pellet,Left,38,54,79,0,51.11,53,nan
7/9/2022 0:18:14,1.12.0,Free_feed,6,4.07,1,1,Pellet,Left,38,54,80,0,Timed_out,237,nan
7/9/2022 0:22:51,1.12.0,Free_feed,6,4.06,1,1,Pellet,Left,38,54,81,0,Timed_out,278,nan
7/9/2022 0:24:15,1.12.0,Free_feed,6,4.07,nan,1,LeftWithPellet,Left,39,54,81,0,nan,nan,0.02
7/9/2022 0:24:24,1.12.0,Free_feed,6,4.07,nan,1,LeftWithPellet,Left,40,54,81,0,nan,nan,0.09
7/9/2022 0:34:48,1.12.0,Free_feed,6,4.07,1,1,Pellet,Left,40,54,82,0,Timed_out,717,nan
7/9/2022 0:35:57,1.12.0,Free_feed,6,4.06,2,1,Pellet,Left,40,54,83,0,Timed_out,69,nan
7/9/2022 0:36:17,1.12.0,Free_feed,6,4.05,1,1,Pellet,Left,40,54,84,0,12.25,20,nan
7/9/2022 0:36:47,1.12.0,Free_feed,6,4.06,1,1,Pellet,Left,40,54,85,0,22.53,30,nan
7/9/2022 0:37:14,1.12.0,Free_feed,6,4.07,1,1,Pellet,Left,40,54,86,0,19.48,27,nan
7/9/2022 0:40:29,1.12.0,Free_feed,6,4.06,1,1,Pellet,Left,40,54,87,0,Timed_out,195,nan
7/9/2022 0:40:37,1.12.0,Free_feed,6,4.06,1,1,Pellet,Left,40,54,88,0,0.16,8,nan
7/9/2022 0:44:23,1.12.0,Free_feed,6,4.06,1,1,Pellet,Left,40,54,89,0,Timed_out,226,nan
7/9/2022 0:59:45,1.12.0,Free_feed,6,4.06,2,1,Pellet,Left,40,54,90,0,Timed_out,922,nan
7/9/2022 1:00:01,1.12.0,Free_feed,6,4.06,1,1,Pellet,Left,40,54,91,0,9.21,16,nan
7/9/2022 1:02:07,1.12.0,Free_feed,6,4.06,1,1,Pellet,Left,40,54,92,0,Timed_out,126,nan
7/9/2022 1:03:13,1.12.0,Free_feed,6,4.06,2,1,Pellet,Left,40,54,93,0,56.00,66,nan
7/9/2022 1:04:29,1.12.0,Free_feed,6,4.06,nan,1,LeftWithPellet,Left,41,54,93,0,nan,nan,0.07
7/9/2022 1:05:30,1.12.0,Free_feed,6,4.06,1,1,Pellet,Left,41,54,94,0,Timed_out,137,nan
7/9/2022 1:16:22,1.12.0,Free_feed,6,4.06,1,1,Pellet,Left,41,54,95,0,Timed_out,652,nan
7/9/2022 1:18:56,1.12.0,Free_feed,6,4.06,2,1,Pellet,Left,41,54,96,0,Timed_out,154,nan
7/9/2022 2:23:44,1.12.0,Free_feed,6,4.06,2,1,Pellet,Left,41,54,97,0,Timed_out,3888,nan
7/9/2022 2:24:56,1.12.0,Free_feed,6,4.06,1,1,Pellet,Left,41,54,98,0,Timed_out,72,nan
7/9/2022 2:29:33,1.12.0,Free_feed,6,4.06,1,1,Pellet,Left,41,54,99,0,Timed_out,277,nan
7/9/2022 2:32:00,1.12.0,Free_feed,6,4.06,1,1,Pellet,Left,41,54,100,0,Timed_out,147,nan
7/9/2022 2:32:34,1.12.0,Free_feed,6,4.06,1,1,Pellet,Left,41,54,101,0,26.79,34,nan
7/9/2022 2:32:59,1.12.0,Free_feed,6,4.05,1,1,Pellet,Left,41,54,102,0,17.70,25,nan
7/9/2022 2:34:03,1.12.0,Free_feed,6,4.06,2,1,Pellet,Left,41,54,103,0,54.31,63,nan
7/9/2022 2:34:18,1.12.0,Free_feed,6,4.07,nan,1,LeftWithPellet,Left,42,54,103,0,nan,nan,0.03
7/9/2022 2:34:19,1.12.0,Free_feed,6,4.05,nan,1,LeftWithPellet,Left,43,54,103,0,nan,nan,0.25
7/9/2022 2:34:19,1.12.0,Free_feed,6,4.06,nan,1,LeftWithPellet,Left,44,54,103,0,nan,nan,0.27
7/9/2022 2:34:20,1.12.0,Free_feed,6,4.06,nan,1,LeftWithPellet,Left,45,54,103,0,nan,nan,0.17
7/9/2022 2:34:21,1.12.0,Free_feed,6,4.05,nan,1,LeftWithPellet,Left,46,54,103,0,nan,nan,0.01
7/9/2022 2:34:21,1.12.0,Free_feed,6,4.06,nan,1,LeftWithPellet,Left,47,54,103,0,nan,nan,0.29
7/9/2022 2:34:24,1.12.0,Free_feed,6,4.06,nan,1,LeftWithPellet,Left,48,54,103,0,nan,nan,2.34
7/9/2022 2:34:25,1.12.0,Free_feed,6,4.06,nan,1,LeftWithPellet,Left,49,54,103,0,nan,nan,0.21
7/9/2022 2:34:26,1.12.0,Free_feed,6,4.06,nan,1,LeftWithPellet,Left,50,54,103,0,nan,nan,0.18
7/9/2022 2:36:20,1.12.0,Free_feed,6,4.06,1,1,Pellet,Left,50,54,104,0,Timed_out,138,nan
7/9/2022 2:36:22,1.12.0,Free_feed,6,4.05,1,1,Pellet,Left,50,54,105,0,0.28,2,nan
7/9/2022 2:36:39,1.12.0,Free_feed,6,4.06,nan,1,RightWithPellet,Left,50,55,105,0,nan,nan,0.89
7/9/2022 2:36:40,1.12.0,Free_feed,6,4.06,nan,1,RightWithPellet,Left,50,56,105,0,nan,nan,1.27
7/9/2022 2:36:48,1.12.0,Free_feed,6,4.06,nan,1,RightWithPellet,Left,50,57,105,0,nan,nan,0.13
7/9/2022 2:36:48,1.12.0,Free_feed,6,4.05,nan,1,RightWithPellet,Left,50,58,105,0,nan,nan,0.08
7/9/2022 2:36:49,1.12.0,Free_feed,6,4.05,nan,1,RightWithPellet,Left,50,59,105,0,nan,nan,0.01
7/9/2022 2:36:50,1.12.0,Free_feed,6,4.05,nan,1,RightWithPellet,Left,50,60,105,0,nan,nan,0.04
7/9/2022 2:36:54,1.12.0,Free_feed,6,4.06,nan,1,LeftWithPellet,Left,51,60,105,0,nan,nan,0.02
7/9/2022 2:36:58,1.12.0,Free_feed,6,4.06,nan,1,LeftWithPellet,Left,52,60,105,0,nan,nan,1.22
7/9/2022 2:37:06,1.12.0,Free_feed,6,4.05,nan,1,LeftWithPellet,Left,53,60,105,0,nan,nan,0.06
7/9/2022 2:38:52,1.12.0,Free_feed,6,4.06,1,1,Pellet,Left,53,60,106,0,Timed_out,149,nan
7/9/2022 2:40:10,1.12.0,Free_feed,6,4.05,2,1,Pellet,Left,53,60,107,0,Timed_out,79,nan
7/9/2022 2:40:24,1.12.0,Free_feed,6,4.06,2,1,Pellet,Left,53,60,108,0,4.20,14,nan
7/9/2022 2:40:43,1.12.0,Free_feed,6,4.05,2,1,Pellet,Left,53,60,109,0,8.95,19,nan
7/9/2022 2:41:05,1.12.0,Free_feed,6,4.06,2,1,Pellet,Left,53,60,110,0,12.44,21,nan
7/9/2022 2:44:58,1.12.0,Free_feed,6,4.06,1,1,Pellet,Left,53,60,111,0,Timed_out,234,nan
7/9/2022 2:45:12,1.12.0,Free_feed,6,4.06,1,1,Pellet,Left,53,60,112,0,7.43,14,nan
7/9/2022 2:46:27,1.12.0,Free_feed,6,4.06,1,1,Pellet,Left,53,60,113,0,Timed_out,75,nan
7/9/2022 2:57:16,1.12.0,Free_feed,6,4.06,1,1,Pellet,Left,53,60,114,0,Timed_out,649,nan
7/9/2022 2:59:59,1.12.0,Free_feed,6,4.06,1,1,Pellet,Left,53,60,115,0,Timed_out,163,nan
7/9/2022 3:00:36,1.12.0,Free_feed,6,4.05,2,1,Pellet,Left,53,60,116,0,27.61,37,nan
7/9/2022 3:03:52,1.12.0,Free_feed,6,4.05,1,1,Pellet,Left,53,60,117,0,Timed_out,196,nan
7/9/2022 3:04:14,1.12.0,Free_feed,6,4.05,1,1,Pellet,Left,53,60,118,0,14.78,22,nan
7/9/2022 3:09:48,1.12.0,Free_feed,6,4.05,1,1,Pellet,Left,53,60,119,0,Timed_out,334,nan
7/9/2022 3:31:23,1.12.0,Free_feed,6,4.05,1,1,Pellet,Left,53,60,120,0,Timed_out,1295,nan
7/9/2022 3:31:56,1.12.0,Free_feed,6,4.05,1,1,Pellet,Left,53,60,121,0,25.51,33,nan
7/9/2022 3:32:47,1.12.0,Free_feed,6,4.05,nan,1,RightWithPellet,Left,53,61,121,0,nan,nan,0.15
7/9/2022 3:32:48,1.12.0,Free_feed,6,4.05,nan,1,RightWithPellet,Left,53,62,121,0,nan,nan,0.63
7/9/2022 3:32:49,1.12.0,Free_feed,6,4.06,nan,1,RightWithPellet,Left,53,63,121,0,nan,nan,0.56
7/9/2022 3:32:52,1.12.0,Free_feed,6,4.05,nan,1,RightWithPellet,Left,53,64,121,0,nan,nan,0.04
7/9/2022 3:32:55,1.12.0,Free_feed,6,4.05,nan,1,RightWithPellet,Left,53,65,121,0,nan,nan,0.71
7/9/2022 3:33:31,1.12.0,Free_feed,6,4.05,2,1,Pellet,Left,53,65,122,0,Timed_out,95,nan
7/9/2022 3:38:11,1.12.0,Free_feed,6,4.05,2,1,Pellet,Left,53,65,123,0,Timed_out,280,nan
7/9/2022 3:40:30,1.12.0,Free_feed,6,4.05,nan,1,LeftWithPellet,Left,54,65,123,0,nan,nan,0.11
7/9/2022 3:40:50,1.12.0,Free_feed,6,4.05,1,1,Pellet,Left,54,65,124,0,Timed_out,159,nan
7/9/2022 3:50:26,1.12.0,Free_feed,6,4.05,1,1,Pellet,Left,54,65,125,0,Timed_out,576,nan
7/9/2022 4:36:02,1.12.0,Free_feed,6,4.05,1,1,Pellet,Left,54,65,126,0,Timed_out,2735,nan
7/9/2022 4:41:24,1.12.0,Free_feed,6,4.05,nan,1,RightWithPellet,Left,54,66,126,0,nan,nan,0.05
7/9/2022 4:42:22,1.12.0,Free_feed,6,4.05,2,1,Pellet,Left,54,66,127,0,Timed_out,381,nan
7/9/2022 4:42:41,1.12.0,Free_feed,6,4.05,1,1,Pellet,Left,54,66,128,0,11.42,19,nan
7/9/2022 4:43:08,1.12.0,Free_feed,6,4.05,3,1,Pellet,Left,54,66,129,0,14.79,26,nan
7/9/2022 4:44:14,1.12.0,Free_feed,6,4.05,2,1,Pellet,Left,54,66,130,0,56.96,66,nan
7/9/2022 4:44:38,1.12.0,Free_feed,6,4.05,nan,1,RightWithPellet,Left,54,67,130,0,nan,nan,0.13
7/9/2022 4:44:40,1.12.0,Free_feed,6,4.05,nan,1,RightWithPellet,Left,54,68,130,0,nan,nan,1.01
7/9/2022 4:44:40,1.12.0,Free_feed,6,4.05,nan,1,RightWithPellet,Left,54,69,130,0,nan,nan,0.04
7/9/2022 4:44:41,1.12.0,Free_feed,6,4.05,nan,1,RightWithPellet,Left,54,70,130,0,nan,nan,0.05
7/9/2022 4:44:47,1.12.0,Free_feed,6,4.05,nan,1,LeftWithPellet,Left,55,70,130,0,nan,nan,0.07
7/9/2022 4:45:01,1.12.0,Free_feed,6,4.05,nan,1,LeftWithPellet,Left,56,70,130,0,nan,nan,0.03
7/9/2022 4:45:01,1.12.0,Free_feed,6,4.05,nan,1,LeftWithPellet,Left,57,70,130,0,nan,nan,0.05
7/9/2022 4:45:12,1.12.0,Free_feed,6,4.05,nan,1,LeftWithPellet,Left,58,70,130,0,nan,nan,0.02
7/9/2022 4:45:13,1.12.0,Free_feed,6,4.05,nan,1,LeftWithPellet,Left,59,70,130,0,nan,nan,0.42
7/9/2022 4:45:17,1.12.0,Free_feed,6,4.05,nan,1,LeftWithPellet,Left,60,70,130,0,nan,nan,0.15
7/9/2022 4:45:56,1.12.0,Free_feed,6,4.05,nan,1,LeftWithPellet,Left,61,70,130,0,nan,nan,0.07
7/9/2022 4:46:02,1.12.0,Free_feed,6,4.05,nan,1,LeftWithPellet,Left,62,70,130,0,nan,nan,1.86
7/9/2022 4:46:03,1.12.0,Free_feed,6,4.05,nan,1,LeftWithPellet,Left,63,70,130,0,nan,nan,0.12
7/9/2022 4:46:13,1.12.0,Free_feed,6,4.05,nan,1,LeftWithPellet,Left,64,70,130,0,nan,nan,0.12
7/9/2022 4:46:35,1.12.0,Free_feed,6,4.05,nan,1,LeftWithPellet,Left,65,70,130,0,nan,nan,1.97
7/9/2022 4:46:36,1.12.0,Free_feed,6,4.05,nan,1,LeftWithPellet,Left,66,70,130,0,nan,nan,0.16
7/9/2022 4:46:42,1.12.0,Free_feed,6,4.05,nan,1,LeftWithPellet,Left,67,70,130,0,nan,nan,0.00
7/9/2022 4:48:12,1.12.0,Free_feed,6,4.05,nan,1,LeftWithPellet,Left,68,70,130,0,nan,nan,0.03
7/9/2022 4:48:13,1.12.0,Free_feed,6,4.05,nan,1,LeftWithPellet,Left,69,70,130,0,nan,nan,0.04
7/9/2022 4:48:14,1.12.0,Free_feed,6,4.05,nan,1,LeftWithPellet,Left,70,70,130,0,nan,nan,0.12
7/9/2022 4:48:42,1.12.0,Free_feed,6,4.05,nan,1,LeftWithPellet,Left,71,70,130,0,nan,nan,0.05
7/9/2022 4:48:43,1.12.0,Free_feed,6,4.05,nan,1,LeftWithPellet,Left,72,70,130,0,nan,nan,0.08
7/9/2022 4:49:16,1.12.0,Free_feed,6,4.05,nan,1,LeftWithPellet,Left,73,70,130,0,nan,nan,0.08
7/9/2022 4:50:04,1.12.0,Free_feed,6,4.05,nan,1,RightWithPellet,Left,73,71,130,0,nan,nan,0.01
7/9/2022 4:50:07,1.12.0,Free_feed,6,4.05,1,1,Pellet,Left,73,71,131,0,Timed_out,354,nan
7/9/2022 4:53:55,1.12.0,Free_feed,6,4.05,1,1,Pellet,Left,73,71,132,0,Timed_out,228,nan
7/9/2022 4:54:33,1.12.0,Free_feed,6,4.05,1,1,Pellet,Left,73,71,133,0,30.47,38,nan
7/9/2022 4:54:46,1.12.0,Free_feed,6,4.04,1,1,Pellet,Left,73,71,134,0,4.90,12,nan
7/9/2022 4:55:31,1.12.0,Free_feed,6,4.05,1,1,Pellet,Left,73,71,135,0,38.60,46,nan
7/9/2022 5:48:38,1.12.0,Free_feed,6,4.03,3,1,Pellet,Left,73,71,136,0,Timed_out,3186,nan
7/9/2022 5:49:49,1.12.0,Free_feed,6,4.05,1,1,Pellet,Left,73,71,137,0,Timed_out,72,nan
7/9/2022 5:50:21,1.12.0,Free_feed,6,4.05,nan,1,LeftWithPellet,Left,74,71,137,0,nan,nan,0.21
7/9/2022 5:58:52,1.12.0,Free_feed,6,4.05,1,1,Pellet,Left,74,71,138,0,Timed_out,543,nan
7/9/2022 5:59:30,1.12.0,Free_feed,6,4.05,nan,1,LeftWithPellet,Left,75,71,138,0,nan,nan,0.00
7/9/2022 5:59:30,1.12.0,Free_feed,6,4.05,nan,1,LeftWithPellet,Left,76,71,138,0,nan,nan,0.12
7/9/2022 6:00:31,1.12.0,Free_feed,6,4.04,1,1,Pellet,Left,76,71,139,0,Timed_out,99,nan
7/9/2022 6:02:17,1.12.0,Free_feed,6,4.05,1,1,Pellet,Left,76,71,140,0,Timed_out,106,nan
7/9/2022 6:03:38,1.12.0,Free_feed,6,4.05,1,1,Pellet,Left,76,71,141,0,Timed_out,81,nan
7/9/2022 6:03:52,1.12.0,Free_feed,6,4.05,1,1,Pellet,Left,76,71,142,0,7.62,14,nan
7/9/2022 6:03:54,1.12.0,Free_feed,6,4.05,1,1,Pellet,Left,76,71,143,0,0.29,2,nan
7/9/2022 6:03:57,1.12.0,Free_feed,6,4.05,1,1,Pellet,Left,76,71,144,0,1.42,3,nan
7/9/2022 6:04:14,1.12.0,Free_feed,6,4.05,1,1,Pellet,Left,76,71,145,0,9.20,17,nan
7/9/2022 6:05:09,1.12.0,Free_feed,6,4.05,1,1,Pellet,Left,76,71,146,0,47.95,55,nan
7/9/2022 6:05:25,1.12.0,Free_feed,6,4.05,1,1,Pellet,Left,76,71,147,0,9.08,16,nan
7/9/2022 6:12:58,1.12.0,Free_feed,6,4.05,1,1,Pellet,Left,76,71,148,0,Timed_out,453,nan
7/9/2022 6:16:44,1.12.0,Free_feed,6,4.05,1,1,Pellet,Left,76,71,149,0,Timed_out,226,nan
7/9/2022 6:17:11,1.12.0,Free_feed,6,4.05,1,1,Pellet,Left,76,71,150,0,20.37,27,nan
7/9/2022 6:34:29,1.12.0,Free_feed,6,4.05,3,1,Pellet,Left,76,71,151,0,Timed_out,1037,nan
7/9/2022 6:37:25,1.12.0,Free_feed,6,4.04,nan,1,RightWithPellet,Left,76,72,151,0,nan,nan,0.84
7/9/2022 6:37:26,1.12.0,Free_feed,6,4.05,nan,1,RightWithPellet,Left,76,73,151,0,nan,nan,0.21
7/9/2022 7:54:32,1.12.0,Free_feed,6,4.05,2,1,Pellet,Left,76,73,152,0,Timed_out,4804,nan
7/9/2022 7:55:15,1.12.0,Free_feed,6,4.04,1,1,Pellet,Left,76,73,153,0,35.25,43,nan
7/9/2022 8:46:53,1.12.0,Free_feed,6,4.04,1,1,Pellet,Left,76,73,154,0,Timed_out,3098,nan
7/9/2022 9:54:52,1.12.0,Free_feed,6,4.04,1,1,Pellet,Left,76,73,155,0,Timed_out,4079,nan
7/9/2022 9:56:23,1.12.0,Free_feed,6,4.04,1,1,Pellet,Left,76,73,156,0,Timed_out,91,nan
7/9/2022 9:58:20,1.12.0,Free_feed,6,4.04,1,1,Pellet,Left,76,73,157,0,Timed_out,116,nan
7/9/2022 9:59:12,1.12.0,Free_feed,6,4.05,1,1,Pellet,Left,76,73,158,0,44.79,53,nan
7/9/2022 9:59:55,1.12.0,Free_feed,6,4.04,2,1,Pellet,Left,76,73,159,0,36.40,43,nan
7/9/2022 10:00:45,1.12.0,Free_feed,6,4.04,1,1,Pellet,Left,76,73,160,0,41.91,50,nan
7/9/2022 10:08:01,1.12.0,Free_feed,6,4.04,1,1,Pellet,Left,76,73,161,0,Timed_out,436,nan
7/9/2022 10:13:11,1.12.0,Free_feed,6,4.04,2,1,Pellet,Left,76,73,162,0,Timed_out,310,nan
7/9/2022 11:24:48,1.12.0,Free_feed,6,4.04,1,1,Pellet,Left,76,73,163,0,Timed_out,4297,nan
7/9/2022 12:51:10,1.12.0,Free_feed,6,4.04,1,1,Pellet,Left,76,73,164,0,Timed_out,5181,nan
7/9/2022 12:51:46,1.12.0,Free_feed,6,4.03,1,1,Pellet,Left,76,73,165,0,29.33,37,nan
7/9/2022 12:52:03,1.12.0,Free_feed,6,4.03,1,1,Pellet,Left,76,73,166,0,12.44,17,nan
7/9/2022 12:52:36,1.12.0,Free_feed,6,4.03,2,1,Pellet,Left,76,73,167,0,23.56,33,nan
7/9/2022 12:53:01,1.12.0,Free_feed,6,4.03,nan,1,RightWithPellet,Left,76,74,167,0,nan,nan,0.83
7/9/2022 12:53:05,1.12.0,Free_feed,6,4.03,2,1,Pellet,Left,76,74,168,0,21.00,29,nan
7/9/2022 12:53:25,1.12.0,Free_feed,6,4.03,1,1,Pellet,Left,76,74,169,0,12.63,20,nan
7/9/2022 12:56:34,1.12.0,Free_feed,6,4.03,nan,1,LeftWithPellet,Left,77,74,169,0,nan,nan,0.52
7/9/2022 12:56:38,1.12.0,Free_feed,6,4.03,1,1,Pellet,Left,77,74,170,0,Timed_out,193,nan
7/9/2022 12:56:57,1.12.0,Free_feed,6,4.03,nan,1,LeftWithPellet,Left,78,74,170,0,nan,nan,0.39
7/9/2022 13:02:15,1.12.0,Free_feed,6,4.03,1,1,Pellet,Left,78,74,171,0,Timed_out,337,nan
7/9/2022 13:15:09,1.12.0,Free_feed,6,4.03,1,1,Pellet,Left,78,74,172,0,Timed_out,774,nan
7/9/2022 15:11:47,1.12.0,Free_feed,6,4.03,2,1,Pellet,Left,78,74,173,0,Timed_out,6998,nan
7/9/2022 16:16:29,1.12.0,Free_feed,6,4.03,1,1,Pellet,Left,78,74,174,0,Timed_out,3882,nan
7/9/2022 16:18:22,1.12.0,Free_feed,6,4.03,1,1,Pellet,Left,78,74,175,0,Timed_out,112,nan
7/9/2022 16:19:00,1.12.0,Free_feed,6,4.03,2,1,Pellet,Left,78,74,176,0,28.44,39,nan
7/9/2022 16:19:27,1.12.0,Free_feed,6,4.03,1,1,Pellet,Left,78,74,177,0,19.35,27,nan
7/9/2022 16:19:44,1.12.0,Free_feed,6,4.03,2,1,Pellet,Left,78,74,178,0,9.77,17,nan
7/9/2022 16:19:50,1.12.0,Free_feed,6,4.03,1,1,Pellet,Left,78,74,179,0,0.16,5,nan
7/9/2022 16:20:09,1.12.0,Free_feed,6,4.03,1,1,Pellet,Left,78,74,180,0,12.88,20,nan
7/9/2022 16:21:15,1.12.0,Free_feed,6,4.03,nan,1,LeftWithPellet,Left,79,74,180,0,nan,nan,1.24
7/9/2022 16:21:39,1.12.0,Free_feed,6,4.03,nan,1,LeftWithPellet,Left,80,74,180,0,nan,nan,0.01
7/9/2022 16:21:41,1.12.0,Free_feed,6,4.03,1,1,Pellet,Left,80,74,181,0,Timed_out,92,nan
7/9/2022 16:22:15,1.12.0,Free_feed,6,4.03,1,1,Pellet,Left,80,74,182,0,26.78,34,nan
7/9/2022 16:22:23,1.12.0,Free_feed,6,4.03,2,1,Pellet,Left,80,74,183,0,0.16,8,nan
7/9/2022 16:22:48,1.12.0,Free_feed,6,4.03,1,1,Pellet,Left,80,74,184,0,17.52,25,nan
7/9/2022 16:24:31,1.12.0,Free_feed,6,4.03,nan,1,RightWithPellet,Left,80,75,184,0,nan,nan,0.27
7/9/2022 16:25:43,1.12.0,Free_feed,6,4.03,1,1,Pellet,Left,80,75,185,0,Timed_out,175,nan
7/9/2022 16:31:58,1.12.0,Free_feed,6,4.03,1,1,Pellet,Left,80,75,186,0,Timed_out,375,nan
7/9/2022 16:43:57,1.12.0,Free_feed,6,4.03,1,1,Pellet,Left,80,75,187,0,Timed_out,718,nan
7/9/2022 18:33:37,1.12.0,Free_feed,6,4.02,1,1,Pellet,Left,80,75,188,0,Timed_out,6581,nan
7/9/2022 18:33:58,1.12.0,Free_feed,6,4.02,1,1,Pellet,Left,80,75,189,0,13.97,21,nan
7/9/2022 18:34:43,1.12.0,Free_feed,6,4.03,1,1,Pellet,Left,80,75,190,0,38.11,45,nan
7/9/2022 18:34:58,1.12.0,Free_feed,6,4.02,1,1,Pellet,Left,80,75,191,0,7.82,15,nan
7/9/2022 18:36:19,1.12.0,Free_feed,6,4.03,2,1,Pellet,Left,80,75,192,0,Timed_out,81,nan
7/9/2022 19:20:36,1.12.0,Free_feed,6,4.02,1,1,Pellet,Left,80,75,193,0,Timed_out,2657,nan
