MM:DD:YYYY hh:mm:ss,Library_Version,Session_type,Device_Number,Battery_Voltage,Motor_Turns,FR,Event,Active_Poke,Left_Poke_Count,Right_Poke_Count,Pellet_Count,Block_Pellet_Count,Retrieval_Time,InterPelletInterval,Poke_Time
7/8/2022 17:08:47,1.12.0,Free_feed,7,4.10,nan,1,RightWithPellet,Left,0,1,0,0,nan,nan,0.25
7/8/2022 17:08:48,1.12.0,Free_feed,7,4.10,nan,1,RightWithPellet,Left,0,2,0,0,nan,nan,0.22
7/8/2022 17:09:22,1.12.0,Free_feed,7,4.10,nan,1,RightWithPellet,Left,0,3,0,0,nan,nan,0.04
7/8/2022 17:10:00,1.12.0,Free_feed,7,4.10,nan,1,LeftWithPellet,Left,1,3,0,0,nan,nan,0.00
7/8/2022 17:11:46,1.12.0,Free_feed,7,4.10,nan,1,LeftWithPellet,Left,2,3,0,0,nan,nan,1.10
7/8/2022 17:12:54,1.12.0,Free_feed,7,4.10,nan,1,LeftWithPellet,Left,3,3,0,0,nan,nan,0.02
7/8/2022 17:18:53,1.12.0,Free_feed,7,4.10,nan,1,RightWithPellet,Left,3,4,0,0,nan,nan,0.00
7/8/2022 17:24:34,1.12.0,Free_feed,7,4.09,nan,1,LeftWithPellet,Left,4,4,0,0,nan,nan,0.04
7/8/2022 17:24:48,1.12.0,Free_feed,7,4.10,nan,1,LeftWithPellet,Left,5,4,0,0,nan,nan,0.13
7/8/2022 17:24:52,1.12.0,Free_feed,7,4.10,nan,1,RightWithPellet,Left,5,5,0,0,nan,nan,0.32
7/8/2022 17:34:23,1.12.0,Free_feed,7,4.10,nan,1,RightWithPellet,Left,5,6,0,0,nan,nan,0.05
7/8/2022 17:34:32,1.12.0,Free_feed,7,4.09,nan,1,RightWithPellet,Left,5,7,0,0,nan,nan,0.02
7/8/2022 17:36:01,1.12.0,Free_feed,7,4.10,nan,1,LeftWithPellet,Left,6,7,0,0,nan,nan,0.16
7/8/2022 17:36:54,1.12.0,Free_feed,7,4.09,nan,1,LeftWithPellet,Left,7,7,0,0,nan,nan,0.23
7/8/2022 17:38:23,1.12.0,Free_feed,7,4.10,nan,1,RightWithPellet,Left,7,8,0,0,nan,nan,0.01
7/8/2022 17:50:22,1.12.0,Free_feed,7,4.10,nan,1,RightWithPellet,Left,7,9,0,0,nan,nan,1.18
7/8/2022 17:50:33,1.12.0,Free_feed,7,4.09,nan,1,RightWithPellet,Left,7,10,0,0,nan,nan,0.15
7/8/2022 17:50:40,1.12.0,Free_feed,7,4.09,nan,1,LeftWithPellet,Left,8,10,0,0,nan,nan,0.01
7/8/2022 17:50:41,1.12.0,Free_feed,7,4.09,nan,1,LeftWithPellet,Left,9,10,0,0,nan,nan,0.43
7/8/2022 17:58:48,1.12.0,Free_feed,7,4.09,nan,1,RightWithPellet,Left,9,11,0,0,nan,nan,0.06
7/8/2022 18:09:37,1.12.0,Free_feed,7,4.09,nan,1,RightWithPellet,Left,9,12,0,0,nan,nan,0.07
7/8/2022 18:09:40,1.12.0,Free_feed,7,4.09,nan,1,RightWithPellet,Left,9,13,0,0,nan,nan,1.44
7/8/2022 18:11:10,1.12.0,Free_feed,7,4.09,4,1,Pellet,Left,9,13,1,0,Timed_out,nan,nan
7/8/2022 18:13:49,1.12.0,Free_feed,7,4.09,2,1,Pellet,Left,9,13,2,0,Timed_out,159,nan
7/8/2022 18:14:36,1.12.0,Free_feed,7,4.09,3,1,Pellet,Left,9,13,3,0,37.06,47,nan
7/8/2022 18:15:39,1.12.0,Free_feed,7,4.09,2,1,Pellet,Left,9,13,4,0,54.58,62,nan
7/8/2022 18:17:24,1.12.0,Free_feed,7,4.09,2,1,Pellet,Left,9,13,5,0,Timed_out,105,nan
7/8/2022 18:20:00,1.12.0,Free_feed,7,4.09,2,1,Pellet,Left,9,13,6,0,Timed_out,157,nan
7/8/2022 18:21:22,1.12.0,Free_feed,7,4.09,1,1,Pellet,Left,9,13,7,0,Timed_out,82,nan
7/8/2022 18:22:34,1.12.0,Free_feed,7,4.09,1,1,Pellet,Left,9,13,8,0,Timed_out,72,nan
7/8/2022 18:25:06,1.12.0,Free_feed,7,4.09,2,1,Pellet,Left,9,13,9,0,Timed_out,151,nan
7/8/2022 18:26:10,1.12.0,Free_feed,7,4.09,1,1,Pellet,Left,9,13,10,0,58.10,65,nan
7/8/2022 18:41:15,1.12.0,Free_feed,7,4.09,nan,1,RightWithPellet,Left,9,14,10,0,nan,nan,0.11
7/8/2022 18:41:19,1.12.0,Free_feed,7,4.09,nan,1,RightWithPellet,Left,9,15,10,0,nan,nan,0.94
7/8/2022 18:41:21,1.12.0,Free_feed,7,4.09,1,1,Pellet,Left,9,15,11,0,Timed_out,910,nan
7/8/2022 18:43:10,1.12.0,Free_feed,7,4.09,1,1,Pellet,Left,9,15,12,0,Timed_out,110,nan
7/8/2022 18:45:59,1.12.0,Free_feed,7,4.09,nan,1,LeftWithPellet,Left,10,15,12,0,nan,nan,0.08
7/8/2022 18:46:06,1.12.0,Free_feed,7,4.09,nan,1,LeftWithPellet,Left,11,15,12,0,nan,nan,0.16
7/8/2022 18:47:33,1.12.0,Free_feed,7,4.09,nan,1,LeftWithPellet,Left,12,15,12,0,nan,nan,0.03
7/8/2022 18:50:31,1.12.0,Free_feed,7,4.09,nan,1,LeftWithPellet,Left,13,15,12,0,nan,nan,0.27
7/8/2022 18:55:23,1.12.0,Free_feed,7,4.09,nan,1,RightWithPellet,Left,13,16,12,0,nan,nan,0.04
7/8/2022 18:57:24,1.12.0,Free_feed,7,4.09,1,1,Pellet,Left,13,16,13,0,Timed_out,853,nan
7/8/2022 19:00:45,1.12.0,Free_feed,7,4.08,2,1,Pellet,Left,13,16,14,0,Timed_out,202,nan
7/8/2022 19:01:11,1.12.0,Free_feed,7,4.09,1,1,Pellet,Left,13,16,15,0,19.21,26,nan
7/8/2022 19:02:01,1.12.0,Free_feed,7,4.09,1,1,Pellet,Left,13,16,16,0,43.53,50,nan
7/8/2022 19:05:21,1.12.0,Free_feed,7,4.09,1,1,Pellet,Left,13,16,17,0,Timed_out,200,nan
7/8/2022 19:05:23,1.12.0,Free_feed,7,4.09,1,1,Pellet,Left,13,16,18,0,0.22,2,nan
7/8/2022 19:06:23,1.12.0,Free_feed,7,4.09,1,1,Pellet,Left,13,16,19,0,53.71,60,nan
7/8/2022 19:08:21,1.12.0,Free_feed,7,4.09,2,1,Pellet,Left,13,16,20,0,Timed_out,118,nan
7/8/2022 19:22:30,1.12.0,Free_feed,7,4.09,1,1,Pellet,Left,13,16,21,0,Timed_out,849,nan
7/8/2022 19:25:42,1.12.0,Free_feed,7,4.09,nan,1,LeftWithPellet,Left,14,16,21,0,nan,nan,0.02
7/8/2022 19:26:30,1.12.0,Free_feed,7,4.09,nan,1,LeftWithPellet,Left,15,16,21,0,nan,nan,0.10
7/8/2022 19:29:33,1.12.0,Free_feed,7,4.09,nan,1,RightWithPellet,Left,15,17,21,0,nan,nan,0.39
7/8/2022 19:29:37,1.12.0,Free_feed,7,4.09,1,1,Pellet,Left,15,17,22,0,Timed_out,426,nan
7/8/2022 19:30:55,1.12.0,Free_feed,7,4.09,nan,1,LeftWithPellet,Left,16,17,22,0,nan,nan,0.01
7/8/2022 19:34:10,1.12.0,Free_feed,7,4.09,nan,1,RightWithPellet,Left,16,18,22,0,nan,nan,0.08
7/8/2022 19:37:30,1.12.0,Free_feed,7,4.09,2,1,Pellet,Left,16,18,23,0,Timed_out,473,nan
7/8/2022 19:38:50,1.12.0,Free_feed,7,4.09,1,1,Pellet,Left,16,18,24,0,Timed_out,81,nan
7/8/2022 19:39:15,1.12.0,Free_feed,7,4.09,1,1,Pellet,Left,16,18,25,0,19.09,25,nan
7/8/2022 19:39:38,1.12.0,Free_feed,7,4.09,1,1,Pellet,Left,16,18,26,0,15.80,23,nan
7/8/2022 19:39:57,1.12.0,Free_feed,7,4.09,1,1,Pellet,Left,16,18,27,0,12.44,19,nan
7/8/2022 19:40:20,1.12.0,Free_feed,7,4.09,1,1,Pellet,Left,16,18,28,0,14.53,23,nan
7/8/2022 19:40:27,1.12.0,Free_feed,7,4.08,1,1,Pellet,Left,16,18,29,0,0.16,7,nan
7/8/2022 19:41:30,1.12.0,Free_feed,7,4.09,1,1,Pellet,Left,16,18,30,0,56.12,63,nan
7/8/2022 19:47:31,1.12.0,Free_feed,7,4.09,nan,1,LeftWithPellet,Left,17,18,30,0,nan,nan,0.41
7/8/2022 19:55:03,1.12.0,Free_feed,7,4.09,1,1,Pellet,Left,17,18,31,0,Timed_out,813,nan
7/8/2022 19:56:16,1.12.0,Free_feed,7,4.09,2,1,Pellet,Left,17,18,32,0,Timed_out,73,nan
7/8/2022 19:59:53,1.12.0,Free_feed,7,4.07,nan,1,RightWithPellet,Left,17,19,32,0,nan,nan,0.05
7/8/2022 20:08:35,1.12.0,Free_feed,7,4.09,2,1,Pellet,Left,17,19,33,0,Timed_out,739,nan
7/8/2022 20:08:36,1.12.0,Free_feed,7,4.09,1,1,Pellet,Left,17,19,34,0,0.16,1,nan
7/8/2022 20:08:57,1.12.0,Free_feed,7,4.09,2,1,Pellet,Left,17,19,35,0,13.01,20,nan
7/8/2022 20:09:26,1.12.0,Free_feed,7,4.09,2,1,Pellet,Left,17,19,36,0,21.64,30,nan
7/8/2022 20:09:45,1.12.0,Free_feed,7,4.09,2,1,Pellet,Left,17,19,37,0,11.36,19,nan
7/8/2022 20:09:46,1.12.0,Free_feed,7,4.08,1,1,Pellet,Left,17,19,38,0,0.16,1,nan
7/8/2022 20:11:33,1.12.0,Free_feed,7,4.08,nan,1,LeftWithPellet,Left,18,19,38,0,nan,nan,0.05
7/8/2022 20:14:36,1.12.0,Free_feed,7,4.09,nan,1,RightWithPellet,Left,18,20,38,0,nan,nan,0.22
7/8/2022 20:18:51,1.12.0,Free_feed,7,4.09,nan,1,RightWithPellet,Left,18,21,38,0,nan,nan,1.17
7/8/2022 20:20:55,1.12.0,Free_feed,7,4.08,nan,1,LeftWithPellet,Left,19,21,38,0,nan,nan,0.14
7/8/2022 20:22:18,1.12.0,Free_feed,7,4.09,nan,1,RightWithPellet,Left,19,22,38,0,nan,nan,0.45
7/8/2022 20:22:28,1.12.0,Free_feed,7,4.08,nan,1,RightWithPellet,Left,19,23,38,0,nan,nan,0.03
7/8/2022 20:24:56,1.12.0,Free_feed,7,4.08,nan,1,RightWithPellet,Left,19,24,38,0,nan,nan,0.55
7/8/2022 20:25:54,1.12.0,Free_feed,7,4.09,nan,1,LeftWithPellet,Left,20,24,38,0,nan,nan,0.51
7/8/2022 20:25:58,1.12.0,Free_feed,7,4.08,nan,1,LeftWithPellet,Left,21,24,38,0,nan,nan,0.40
7/8/2022 20:26:05,1.12.0,Free_feed,7,4.09,nan,1,RightWithPellet,Left,21,25,38,0,nan,nan,0.06
7/8/2022 20:26:06,1.12.0,Free_feed,7,4.08,nan,1,RightWithPellet,Left,21,26,38,0,nan,nan,0.18
7/8/2022 20:26:10,1.12.0,Free_feed,7,4.08,nan,1,RightWithPellet,Left,21,27,38,0,nan,nan,0.64
7/8/2022 20:26:12,1.12.0,Free_feed,7,4.08,nan,1,RightWithPellet,Left,21,28,38,0,nan,nan,0.89
7/8/2022 20:26:15,1.12.0,Free_feed,7,4.07,nan,1,RightWithPellet,Left,21,29,38,0,nan,nan,1.55
7/8/2022 20:26:28,1.12.0,Free_feed,7,4.08,nan,1,RightWithPellet,Left,21,30,38,0,nan,nan,0.37
7/8/2022 20:26:31,1.12.0,Free_feed,7,4.08,2,1,Pellet,Left,21,30,39,0,Timed_out,1005,nan
7/8/2022 20:27:00,1.12.0,Free_feed,7,4.08,1,1,Pellet,Left,21,30,40,0,21.64,29,nan
7/8/2022 20:27:16,1.12.0,Free_feed,7,4.08,2,1,Pellet,Left,21,30,41,0,6.29,16,nan
7/8/2022 20:27:39,1.12.0,Free_feed,7,4.08,2,1,Pellet,Left,21,30,42,0,14.08,23,nan
7/8/2022 20:27:52,1.12.0,Free_feed,7,4.08,1,1,Pellet,Left,21,30,43,0,6.10,13,nan
7/8/2022 20:28:24,1.12.0,Free_feed,7,4.08,2,1,Pellet,Left,21,30,44,0,24.69,32,nan
7/8/2022 20:33:49,1.12.0,Free_feed,7,4.08,nan,1,RightWithPellet,Left,21,31,44,0,nan,nan,0.66
7/8/2022 20:34:00,1.12.0,Free_feed,7,4.08,nan,1,LeftWithPellet,Left,22,31,44,0,nan,nan,0.08
7/8/2022 20:34:02,1.12.0,Free_feed,7,4.08,1,1,Pellet,Left,22,31,45,0,Timed_out,338,nan
7/8/2022 20:34:04,1.12.0,Free_feed,7,4.08,1,1,Pellet,Left,22,31,46,0,0.35,2,nan
7/8/2022 20:34:42,1.12.0,Free_feed,7,4.08,1,1,Pellet,Left,22,31,47,0,31.04,38,nan
7/8/2022 20:43:54,1.12.0,Free_feed,7,4.08,nan,1,RightWithPellet,Left,22,32,47,0,nan,nan,0.01
7/8/2022 20:43:56,1.12.0,Free_feed,7,4.07,nan,1,RightWithPellet,Left,22,33,47,0,nan,nan,0.48
7/8/2022 20:44:01,1.12.0,Free_feed,7,4.08,nan,1,RightWithPellet,Left,22,34,47,0,nan,nan,0.39
7/8/2022 20:44:05,1.12.0,Free_feed,7,4.08,3,1,Pellet,Left,22,34,48,0,Timed_out,563,nan
7/8/2022 20:45:00,1.12.0,Free_feed,7,4.07,1,1,Pellet,Left,22,34,49,0,47.42,55,nan
7/8/2022 20:45:24,1.12.0,Free_feed,7,4.08,1,1,Pellet,Left,22,34,50,0,16.88,24,nan
7/8/2022 20:50:03,1.12.0,Free_feed,7,4.08,nan,1,RightWithPellet,Left,22,35,50,0,nan,nan,0.02
7/8/2022 20:50:03,1.12.0,Free_feed,7,4.07,nan,1,RightWithPellet,Left,22,36,50,0,nan,nan,0.01
7/8/2022 20:55:33,1.12.0,Free_feed,7,4.08,nan,1,RightWithPellet,Left,22,37,50,0,nan,nan,0.03
7/8/2022 20:58:47,1.12.0,Free_feed,7,4.08,1,1,Pellet,Left,22,37,51,0,Timed_out,803,nan
7/8/2022 20:59:13,1.12.0,Free_feed,7,4.07,1,1,Pellet,Left,22,37,52,0,18.78,26,nan
7/8/2022 20:59:31,1.12.0,Free_feed,7,4.08,1,1,Pellet,Left,22,37,53,0,10.73,18,nan
7/8/2022 21:01:06,1.12.0,Free_feed,7,4.08,nan,1,RightWithPellet,Left,22,38,53,0,nan,nan,0.41
7/8/2022 21:04:30,1.12.0,Free_feed,7,4.08,nan,1,LeftWithPellet,Left,23,38,53,0,nan,nan,0.85
7/8/2022 21:06:08,1.12.0,Free_feed,7,4.08,1,1,Pellet,Left,23,38,54,0,Timed_out,397,nan
7/8/2022 21:07:45,1.12.0,Free_feed,7,4.08,2,1,Pellet,Left,23,38,55,0,Timed_out,97,nan
7/8/2022 21:07:47,1.12.0,Free_feed,7,4.08,1,1,Pellet,Left,23,38,56,0,0.16,2,nan
7/8/2022 21:08:49,1.12.0,Free_feed,7,4.08,1,1,Pellet,Left,23,38,57,0,54.42,62,nan
7/8/2022 21:15:47,1.12.0,Free_feed,7,4.07,2,1,Pellet,Left,23,38,58,0,Timed_out,418,nan
7/8/2022 21:18:30,1.12.0,Free_feed,7,4.07,1,1,Pellet,Left,23,38,59,0,Timed_out,163,nan
7/8/2022 21:26:26,1.12.0,Free_feed,7,4.07,1,1,Pellet,Left,23,38,60,0,Timed_out,476,nan
7/8/2022 21:26:28,1.12.0,Free_feed,7,4.07,1,1,Pellet,Left,23,38,61,0,0.16,2,nan
7/8/2022 21:26:44,1.12.0,Free_feed,7,4.08,2,1,Pellet,Left,23,38,62,0,6.10,15,nan
7/8/2022 21:31:06,1.12.0,Free_feed,7,4.08,nan,1,LeftWithPellet,Left,24,38,62,0,nan,nan,0.02
7/8/2022 21:32:56,1.12.0,Free_feed,7,4.07,2,1,Pellet,Left,24,38,63,0,Timed_out,372,nan
7/8/2022 21:33:14,1.12.0,Free_feed,7,4.07,2,1,Pellet,Left,24,38,64,0,11.49,19,nan
7/8/2022 21:33:41,1.12.0,Free_feed,7,4.07,nan,1,RightWithPellet,Left,24,39,64,0,nan,nan,0.03
7/8/2022 21:37:52,1.12.0,Free_feed,7,4.07,nan,1,LeftWithPellet,Left,25,39,64,0,nan,nan,0.02
7/8/2022 21:37:55,1.12.0,Free_feed,7,4.07,1,1,Pellet,Left,25,39,65,0,Timed_out,280,nan
7/8/2022 21:38:26,1.12.0,Free_feed,7,4.07,1,1,Pellet,Left,25,39,66,0,24.06,32,nan
7/8/2022 21:49:00,1.12.0,Free_feed,7,4.07,nan,1,RightWithPellet,Left,25,40,66,0,nan,nan,0.30
7/8/2022 21:54:31,1.12.0,Free_feed,7,4.07,nan,1,LeftWithPellet,Left,26,40,66,0,nan,nan,0.73
7/8/2022 21:57:22,1.12.0,Free_feed,7,4.07,5,1,Pellet,Left,26,40,67,0,Timed_out,1136,nan
7/8/2022 21:57:52,1.12.0,Free_feed,7,4.07,2,1,Pellet,Left,26,40,68,0,22.01,30,nan
7/8/2022 21:58:14,1.12.0,Free_feed,7,4.07,2,1,Pellet,Left,26,40,69,0,14.78,21,nan
7/8/2022 21:58:56,1.12.0,Free_feed,7,4.07,nan,1,LeftWithPellet,Left,27,40,69,0,nan,nan,0.68
7/8/2022 21:59:34,1.12.0,Free_feed,7,4.07,1,1,Pellet,Left,27,40,70,0,Timed_out,81,nan
7/8/2022 21:59:50,1.12.0,Free_feed,7,4.07,nan,1,RightWithPellet,Left,27,41,70,0,nan,nan,0.31
7/8/2022 22:08:30,1.12.0,Free_feed,7,4.07,nan,1,LeftWithPellet,Left,28,41,70,0,nan,nan,0.06
7/8/2022 22:11:16,1.12.0,Free_feed,7,4.07,nan,1,LeftWithPellet,Left,29,41,70,0,nan,nan,0.14
7/8/2022 22:12:50,1.12.0,Free_feed,7,4.07,1,1,Pellet,Left,29,41,71,0,Timed_out,796,nan
7/8/2022 22:13:32,1.12.0,Free_feed,7,4.07,nan,1,RightWithPellet,Left,29,42,71,0,nan,nan,0.19
7/8/2022 22:13:43,1.12.0,Free_feed,7,4.07,1,1,Pellet,Left,29,42,72,0,46.20,53,nan
7/8/2022 22:13:44,1.12.0,Free_feed,7,4.08,1,1,Pellet,Left,29,42,73,0,0.16,1,nan
7/8/2022 22:19:15,1.12.0,Free_feed,7,4.07,nan,1,LeftWithPellet,Left,30,42,73,0,nan,nan,0.16
7/8/2022 22:23:14,1.12.0,Free_feed,7,4.07,nan,1,LeftWithPellet,Left,31,42,73,0,nan,nan,0.14
7/8/2022 22:23:16,1.12.0,Free_feed,7,4.07,1,1,Pellet,Left,31,42,74,0,Timed_out,572,nan
7/8/2022 22:28:45,1.12.0,Free_feed,7,4.07,2,1,Pellet,Left,31,42,75,0,Timed_out,329,nan
7/8/2022 22:29:02,1.12.0,Free_feed,7,4.07,2,1,Pellet,Left,31,42,76,0,10.48,17,nan
7/8/2022 22:29:04,1.12.0,Free_feed,7,4.07,1,1,Pellet,Left,31,42,77,0,0.47,2,nan
7/8/2022 22:29:31,1.12.0,Free_feed,7,4.07,nan,1,RightWithPellet,Left,31,43,77,0,nan,nan,0.02
7/8/2022 22:30:42,1.12.0,Free_feed,7,4.07,nan,1,RightWithPellet,Left,31,44,77,0,nan,nan,0.16
7/8/2022 22:30:57,1.12.0,Free_feed,7,4.07,1,1,Pellet,Left,31,44,78,0,Timed_out,113,nan
7/8/2022 22:33:01,1.12.0,Free_feed,7,4.07,1,1,Pellet,Left,31,44,79,0,Timed_out,124,nan
7/8/2022 22:36:50,1.12.0,Free_feed,7,4.07,nan,1,RightWithPellet,Left,31,45,79,0,nan,nan,0.72
7/8/2022 22:40:12,1.12.0,Free_feed,7,4.07,nan,1,LeftWithPellet,Left,32,45,79,0,nan,nan,0.24
7/8/2022 22:42:13,1.12.0,Free_feed,7,4.07,nan,1,RightWithPellet,Left,32,46,79,0,nan,nan,0.13
7/8/2022 22:43:22,1.12.0,Free_feed,7,4.07,1,1,Pellet,Left,32,46,80,0,Timed_out,621,nan
7/8/2022 22:43:33,1.12.0,Free_feed,7,4.07,1,1,Pellet,Left,32,46,81,0,3.89,10,nan
7/8/2022 22:44:13,1.12.0,Free_feed,7,4.07,1,1,Pellet,Left,32,46,82,0,33.20,41,nan
7/8/2022 22:44:15,1.12.0,Free_feed,7,4.07,1,1,Pellet,Left,32,46,83,0,0.22,2,nan
7/8/2022 22:45:52,1.12.0,Free_feed,7,4.07,1,1,Pellet,Left,32,46,84,0,Timed_out,96,nan
7/8/2022 22:46:17,1.12.0,Free_feed,7,4.07,1,1,Pellet,Left,32,46,85,0,18.40,26,nan
7/8/2022 22:51:54,1.12.0,Free_feed,7,4.07,2,1,Pellet,Left,32,46,86,0,Timed_out,337,nan
7/8/2022 22:52:14,1.12.0,Free_feed,7,4.07,1,1,Pellet,Left,32,46,87,0,13.33,20,nan
7/8/2022 22:52:16,1.12.0,Free_feed,7,4.06,1,1,Pellet,Left,32,46,88,0,0.22,2,nan
7/8/2022 22:53:36,1.12.0,Free_feed,7,4.07,nan,1,LeftWithPellet,Left,33,46,88,0,nan,nan,0.77
7/8/2022 22:56:43,1.12.0,Free_feed,7,4.07,nan,1,RightWithPellet,Left,33,47,88,0,nan,nan,0.04
7/8/2022 23:10:15,1.12.0,Free_feed,7,4.07,1,1,Pellet,Left,33,47,89,0,Timed_out,1079,nan
7/8/2022 23:10:37,1.12.0,Free_feed,7,4.07,3,1,Pellet,Left,33,47,90,0,12.12,22,nan
7/8/2022 23:11:27,1.12.0,Free_feed,7,4.07,4,1,Pellet,Left,33,47,91,0,36.18,50,nan
7/8/2022 23:12:27,1.12.0,Free_feed,7,4.07,nan,1,LeftWithPellet,Left,34,47,91,0,nan,nan,0.52
7/8/2022 23:14:15,1.12.0,Free_feed,7,4.07,1,1,Pellet,Left,34,47,92,0,Timed_out,168,nan
7/8/2022 23:19:55,1.12.0,Free_feed,7,4.07,4,1,Pellet,Left,34,47,93,0,Timed_out,340,nan
7/8/2022 23:21:18,1.12.0,Free_feed,7,4.07,nan,1,RightWithPellet,Left,34,48,93,0,nan,nan,0.36
7/8/2022 23:34:01,1.12.0,Free_feed,7,4.07,nan,1,LeftWithPellet,Left,35,48,93,0,nan,nan,0.98
7/8/2022 23:38:58,1.12.0,Free_feed,7,4.07,2,1,Pellet,Left,35,48,94,0,Timed_out,1143,nan
7/8/2022 23:41:23,1.12.0,Free_feed,7,4.06,nan,1,RightWithPellet,Left,35,49,94,0,nan,nan,0.20
7/8/2022 23:41:24,1.12.0,Free_feed,7,4.05,nan,1,RightWithPellet,Left,35,50,94,0,nan,nan,0.03
7/8/2022 23:41:26,1.12.0,Free_feed,7,4.06,nan,1,RightWithPellet,Left,35,51,94,0,nan,nan,0.02
7/8/2022 23:41:45,1.12.0,Free_feed,7,4.06,nan,1,LeftWithPellet,Left,36,51,94,0,nan,nan,0.74
7/8/2022 23:43:32,1.12.0,Free_feed,7,4.05,nan,1,LeftWithPellet,Left,37,51,94,0,nan,nan,0.11
7/8/2022 23:43:33,1.12.0,Free_feed,7,4.06,nan,1,LeftWithPellet,Left,38,51,94,0,nan,nan,0.96
7/8/2022 23:43:48,1.12.0,Free_feed,7,4.07,2,1,Pellet,Left,38,51,95,0,Timed_out,290,nan
7/8/2022 23:44:59,1.12.0,Free_feed,7,4.07,nan,1,RightWithPellet,Left,38,52,95,0,nan,nan,0.30
7/8/2022 23:45:01,1.12.0,Free_feed,7,4.07,nan,1,RightWithPellet,Left,38,53,95,0,nan,nan,0.11
7/8/2022 23:45:02,1.12.0,Free_feed,7,4.07,nan,1,RightWithPellet,Left,38,54,95,0,nan,nan,0.02
7/8/2022 23:45:09,1.12.0,Free_feed,7,4.06,1,1,Pellet,Left,38,54,96,0,Timed_out,81,nan
7/8/2022 23:47:42,1.12.0,Free_feed,7,4.06,nan,1,RightWithPellet,Left,38,55,96,0,nan,nan,0.05
7/8/2022 23:47:47,1.12.0,Free_feed,7,4.07,nan,1,LeftWithPellet,Left,39,55,96,0,nan,nan,0.52
7/8/2022 23:47:54,1.12.0,Free_feed,7,4.06,nan,1,LeftWithPellet,Left,40,55,96,0,nan,nan,0.12
7/8/2022 23:49:14,1.12.0,Free_feed,7,4.06,2,1,Pellet,Left,40,55,97,0,Timed_out,245,nan
7/8/2022 23:56:16,1.12.0,Free_feed,7,4.06,nan,1,RightWithPellet,Left,40,56,97,0,nan,nan,0.27
7/8/2022 23:56:22,1.12.0,Free_feed,7,4.07,nan,1,LeftWithPellet,Left,41,56,97,0,nan,nan,0.10
7/8/2022 23:56:40,1.12.0,Free_feed,7,4.06,nan,1,RightWithPellet,Left,41,57,97,0,nan,nan,0.15
7/9/2022 0:02:27,1.12.0,Free_feed,7,4.06,nan,1,RightWithPellet,Left,41,58,97,0,nan,nan,0.16
7/9/2022 0:02:29,1.12.0,Free_feed,7,4.06,nan,1,RightWithPellet,Left,41,59,97,0,nan,nan,0.65
7/9/2022 0:02:31,1.12.0,Free_feed,7,4.06,nan,1,RightWithPellet,Left,41,60,97,0,nan,nan,0.02
7/9/2022 0:02:33,1.12.0,Free_feed,7,4.06,nan,1,RightWithPellet,Left,41,61,97,0,nan,nan,0.70
7/9/2022 0:02:40,1.12.0,Free_feed,7,4.06,1,1,Pellet,Left,41,61,98,0,Timed_out,806,nan
7/9/2022 0:03:06,1.12.0,Free_feed,7,4.06,1,1,Pellet,Left,41,61,99,0,18.97,26,nan
7/9/2022 0:03:38,1.12.0,Free_feed,7,4.06,nan,1,LeftWithPellet,Left,42,61,99,0,nan,nan,0.08
7/9/2022 0:03:39,1.12.0,Free_feed,7,4.06,nan,1,LeftWithPellet,Left,43,61,99,0,nan,nan,0.38
7/9/2022 0:03:40,1.12.0,Free_feed,7,4.07,nan,1,LeftWithPellet,Left,44,61,99,0,nan,nan,0.36
7/9/2022 0:04:05,1.12.0,Free_feed,7,4.07,nan,1,RightWithPellet,Left,44,62,99,0,nan,nan,0.07
7/9/2022 0:04:06,1.12.0,Free_feed,7,4.06,nan,1,RightWithPellet,Left,44,63,99,0,nan,nan,0.43
7/9/2022 0:04:16,1.12.0,Free_feed,7,4.06,nan,1,RightWithPellet,Left,44,64,99,0,nan,nan,0.54
7/9/2022 0:04:17,1.12.0,Free_feed,7,4.06,nan,1,RightWithPellet,Left,44,65,99,0,nan,nan,1.13
7/9/2022 0:04:27,1.12.0,Free_feed,7,4.06,2,1,Pellet,Left,44,65,100,0,Timed_out,80,nan
7/9/2022 0:09:28,1.12.0,Free_feed,7,4.06,1,1,Pellet,Left,44,65,101,0,Timed_out,302,nan
7/9/2022 0:24:34,1.12.0,Free_feed,7,4.04,3,1,Pellet,Left,44,65,102,0,Timed_out,906,nan
7/9/2022 0:24:57,1.12.0,Free_feed,7,4.06,1,1,Pellet,Left,44,65,103,0,15.54,23,nan
7/9/2022 0:26:56,1.12.0,Free_feed,7,4.05,nan,1,RightWithPellet,Left,44,66,103,0,nan,nan,0.50
7/9/2022 0:32:00,1.12.0,Free_feed,7,4.06,1,1,Pellet,Left,44,66,104,0,Timed_out,423,nan
7/9/2022 0:33:06,1.12.0,Free_feed,7,4.06,1,1,Pellet,Left,44,66,105,0,59.11,66,nan
7/9/2022 0:39:43,1.12.0,Free_feed,7,4.06,1,1,Pellet,Left,44,66,106,0,Timed_out,397,nan
7/9/2022 1:08:43,1.12.0,Free_feed,7,4.06,2,1,Pellet,Left,44,66,107,0,Timed_out,1740,nan
7/9/2022 1:08:45,1.12.0,Free_feed,7,4.06,1,1,Pellet,Left,44,66,108,0,0.16,2,nan
7/9/2022 1:09:53,1.12.0,Free_feed,7,4.04,1,1,Pellet,Left,44,66,109,0,Timed_out,68,nan
7/9/2022 1:11:05,1.12.0,Free_feed,7,4.05,nan,1,LeftWithPellet,Left,45,66,109,0,nan,nan,0.18
7/9/2022 1:11:07,1.12.0,Free_feed,7,4.06,nan,1,LeftWithPellet,Left,46,66,109,0,nan,nan,1.11
7/9/2022 1:11:08,1.12.0,Free_feed,7,4.05,nan,1,LeftWithPellet,Left,47,66,109,0,nan,nan,0.03
7/9/2022 1:13:01,1.12.0,Free_feed,7,4.06,nan,1,LeftWithPellet,Left,48,66,109,0,nan,nan,0.07
7/9/2022 1:13:03,1.12.0,Free_feed,7,4.06,nan,1,LeftWithPellet,Left,49,66,109,0,nan,nan,0.03
7/9/2022 1:13:04,1.12.0,Free_feed,7,4.05,nan,1,LeftWithPellet,Left,50,66,109,0,nan,nan,0.09
7/9/2022 1:13:05,1.12.0,Free_feed,7,4.05,nan,1,LeftWithPellet,Left,51,66,109,0,nan,nan,0.05
7/9/2022 1:13:07,1.12.0,Free_feed,7,4.05,nan,1,LeftWithPellet,Left,52,66,109,0,nan,nan,0.18
7/9/2022 1:13:16,1.12.0,Free_feed,7,4.05,nan,1,LeftWithPellet,Left,53,66,109,0,nan,nan,0.06
7/9/2022 1:13:22,1.12.0,Free_feed,7,4.06,1,1,Pellet,Left,53,66,110,0,Timed_out,209,nan
7/9/2022 1:17:52,1.12.0,Free_feed,7,4.05,nan,1,LeftWithPellet,Left,54,66,110,0,nan,nan,0.10
7/9/2022 1:17:55,1.12.0,Free_feed,7,4.06,nan,1,LeftWithPellet,Left,55,66,110,0,nan,nan,0.08
7/9/2022 1:17:57,1.12.0,Free_feed,7,4.05,nan,1,LeftWithPellet,Left,56,66,110,0,nan,nan,0.18
7/9/2022 1:17:58,1.12.0,Free_feed,7,4.05,nan,1,LeftWithPellet,Left,57,66,110,0,nan,nan,0.16
7/9/2022 1:18:10,1.12.0,Free_feed,7,4.06,nan,1,RightWithPellet,Left,57,67,110,0,nan,nan,0.09
7/9/2022 1:18:15,1.12.0,Free_feed,7,4.05,nan,1,RightWithPellet,Left,57,68,110,0,nan,nan,0.76
7/9/2022 2:38:45,1.12.0,Free_feed,7,4.05,1,1,Pellet,Left,57,68,111,0,Timed_out,5123,nan
7/9/2022 2:39:13,1.12.0,Free_feed,7,4.05,1,1,Pellet,Left,57,68,112,0,21.45,28,nan
7/9/2022 2:39:55,1.12.0,Free_feed,7,4.05,1,1,Pellet,Left,57,68,113,0,33.97,42,nan
7/9/2022 2:40:41,1.12.0,Free_feed,7,4.05,1,1,Pellet,Left,57,68,114,0,44.57,46,nan
7/9/2022 2:42:04,1.12.0,Free_feed,7,4.05,2,1,Pellet,Left,57,68,115,0,Timed_out,83,nan
7/9/2022 2:42:32,1.12.0,Free_feed,7,4.05,1,1,Pellet,Left,57,68,116,0,21.57,28,nan
7/9/2022 2:44:02,1.12.0,Free_feed,7,4.05,1,1,Pellet,Left,57,68,117,0,Timed_out,90,nan
7/9/2022 3:09:51,1.12.0,Free_feed,7,4.05,1,1,Pellet,Left,57,68,118,0,Timed_out,1549,nan
7/9/2022 3:10:44,1.12.0,Free_feed,7,4.05,1,1,Pellet,Left,57,68,119,0,45.58,53,nan
7/9/2022 3:11:14,1.12.0,Free_feed,7,4.05,1,1,Pellet,Left,57,68,120,0,22.01,30,nan
7/9/2022 3:11:41,1.12.0,Free_feed,7,4.05,2,1,Pellet,Left,57,68,121,0,17.57,27,nan
7/9/2022 3:11:43,1.12.0,Free_feed,7,4.05,1,1,Pellet,Left,57,68,122,0,0.22,2,nan
7/9/2022 3:16:02,1.12.0,Free_feed,7,4.05,nan,1,RightWithPellet,Left,57,69,122,0,nan,nan,0.01
7/9/2022 3:16:07,1.12.0,Free_feed,7,4.05,2,1,Pellet,Left,57,69,123,0,Timed_out,264,nan
7/9/2022 3:16:39,1.12.0,Free_feed,7,4.05,1,1,Pellet,Left,57,69,124,0,24.75,32,nan
7/9/2022 3:16:41,1.12.0,Free_feed,7,4.05,1,1,Pellet,Left,57,69,125,0,0.16,2,nan
7/9/2022 3:17:58,1.12.0,Free_feed,7,4.05,2,1,Pellet,Left,57,69,126,0,Timed_out,77,nan
7/9/2022 3:19:14,1.12.0,Free_feed,7,4.05,1,1,Pellet,Left,57,69,127,0,Timed_out,76,nan
7/9/2022 3:19:43,1.12.0,Free_feed,7,4.05,1,1,Pellet,Left,57,69,128,0,22.01,29,nan
7/9/2022 3:20:14,1.12.0,Free_feed,7,4.05,1,1,Pellet,Left,57,69,129,0,24.44,31,nan
7/9/2022 3:59:37,1.12.0,Free_feed,7,4.05,1,1,Pellet,Left,57,69,130,0,Timed_out,2363,nan
7/9/2022 4:00:39,1.12.0,Free_feed,7,4.05,2,1,Pellet,Left,57,69,131,0,53.04,62,nan
7/9/2022 4:01:07,1.12.0,Free_feed,7,4.05,1,1,Pellet,Left,57,69,132,0,20.62,28,nan
7/9/2022 4:01:55,1.12.0,Free_feed,7,4.05,2,1,Pellet,Left,57,69,133,0,41.08,48,nan
7/9/2022 4:02:37,1.12.0,Free_feed,7,4.05,1,1,Pellet,Left,57,69,134,0,35.24,42,nan
7/9/2022 4:03:11,1.12.0,Free_feed,7,4.05,nan,1,LeftWithPellet,Left,58,69,134,0,nan,nan,0.02
7/9/2022 4:22:23,1.12.0,Free_feed,7,4.05,1,1,Pellet,Left,58,69,135,0,Timed_out,1186,nan
7/9/2022 4:23:02,1.12.0,Free_feed,7,4.04,1,1,Pellet,Left,58,69,136,0,30.99,39,nan
7/9/2022 4:23:04,1.12.0,Free_feed,7,4.05,1,1,Pellet,Left,58,69,137,0,0.16,2,nan
7/9/2022 4:23:31,1.12.0,Free_feed,7,4.05,2,1,Pellet,Left,58,69,138,0,18.02,27,nan
7/9/2022 4:24:01,1.12.0,Free_feed,7,4.05,1,1,Pellet,Left,58,69,139,0,27.30,29,nan
7/9/2022 4:24:50,1.12.0,Free_feed,7,4.05,1,1,Pellet,Left,58,69,140,0,41.59,50,nan
7/9/2022 4:25:26,1.12.0,Free_feed,7,4.05,2,1,Pellet,Left,58,69,141,0,32.31,36,nan
7/9/2022 5:11:23,1.12.0,Free_feed,7,4.04,1,1,Pellet,Left,58,69,142,0,Timed_out,2756,nan
7/9/2022 5:11:54,1.12.0,Free_feed,7,4.04,2,1,Pellet,Left,58,69,143,0,22.27,32,nan
7/9/2022 5:11:56,1.12.0,Free_feed,7,4.03,1,1,Pellet,Left,58,69,144,0,0.16,2,nan
7/9/2022 5:12:26,1.12.0,Free_feed,7,4.04,2,1,Pellet,Left,58,69,145,0,21.89,29,nan
7/9/2022 5:12:57,1.12.0,Free_feed,7,4.05,2,1,Pellet,Left,58,69,146,0,23.99,32,nan
7/9/2022 5:14:19,1.12.0,Free_feed,7,4.04,2,1,Pellet,Left,58,69,147,0,Timed_out,82,nan
7/9/2022 5:14:57,1.12.0,Free_feed,7,4.04,2,1,Pellet,Left,58,69,148,0,30.78,38,nan
7/9/2022 5:17:02,1.12.0,Free_feed,7,4.04,2,1,Pellet,Left,58,69,149,0,Timed_out,125,nan
7/9/2022 5:17:04,1.12.0,Free_feed,7,4.05,1,1,Pellet,Left,58,69,150,0,0.66,2,nan
7/9/2022 5:21:02,1.12.0,Free_feed,7,4.03,2,1,Pellet,Left,58,69,151,0,Timed_out,238,nan
7/9/2022 5:21:36,1.12.0,Free_feed,7,4.04,2,1,Pellet,Left,58,69,152,0,26.09,34,nan
7/9/2022 5:22:58,1.12.0,Free_feed,7,4.04,2,1,Pellet,Left,58,69,153,0,Timed_out,82,nan
7/9/2022 5:23:00,1.12.0,Free_feed,7,4.05,1,1,Pellet,Left,58,69,154,0,0.41,2,nan
7/9/2022 5:23:30,1.12.0,Free_feed,7,4.04,2,1,Pellet,Left,58,69,155,0,20.50,30,nan
7/9/2022 5:40:19,1.12.0,Free_feed,7,4.04,1,1,Pellet,Left,58,69,156,0,Timed_out,1009,nan
7/9/2022 5:41:35,1.12.0,Free_feed,7,4.04,1,1,Pellet,Left,58,69,157,0,Timed_out,76,nan
7/9/2022 5:42:04,1.12.0,Free_feed,7,4.04,1,1,Pellet,Left,58,69,158,0,22.72,29,nan
7/9/2022 5:42:31,1.12.0,Free_feed,7,4.04,1,1,Pellet,Left,58,69,159,0,19.87,27,nan
7/9/2022 5:51:10,1.12.0,Free_feed,7,4.03,3,1,Pellet,Left,58,69,160,0,Timed_out,519,nan
7/9/2022 5:52:01,1.12.0,Free_feed,7,4.04,3,1,Pellet,Left,58,69,161,0,39.37,51,nan
7/9/2022 5:52:03,1.12.0,Free_feed,7,4.04,1,1,Pellet,Left,58,69,162,0,0.16,1,nan
7/9/2022 5:52:27,1.12.0,Free_feed,7,4.03,1,1,Pellet,Left,58,69,163,0,17.84,25,nan
7/9/2022 5:52:54,1.12.0,Free_feed,7,4.04,1,1,Pellet,Left,58,69,164,0,19.05,26,nan
7/9/2022 5:52:55,1.12.0,Free_feed,7,4.04,1,1,Pellet,Left,58,69,165,0,0.16,2,nan
7/9/2022 5:52:59,1.12.0,Free_feed,7,4.03,1,1,Pellet,Left,58,69,166,0,0.85,4,nan
7/9/2022 7:04:21,1.12.0,Free_feed,7,4.02,1,1,Pellet,Left,58,69,167,0,Timed_out,4282,nan
7/9/2022 7:05:25,1.12.0,Free_feed,7,4.03,1,1,Pellet,Left,58,69,168,0,57.28,64,nan
7/9/2022 7:06:41,1.12.0,Free_feed,7,4.03,1,1,Pellet,Left,58,69,169,0,Timed_out,76,nan
7/9/2022 7:07:15,1.12.0,Free_feed,7,4.03,2,1,Pellet,Left,58,69,170,0,27.11,34,nan
7/9/2022 7:07:46,1.12.0,Free_feed,7,4.03,7,1,Pellet,Left,58,69,171,0,12.56,30,nan
7/9/2022 7:09:19,1.12.0,Free_feed,7,4.03,2,1,Pellet,Left,58,69,172,0,Timed_out,94,nan
7/9/2022 7:09:50,1.12.0,Free_feed,7,4.03,1,1,Pellet,Left,58,69,173,0,22.85,31,nan
7/9/2022 7:09:52,1.12.0,Free_feed,7,4.03,1,1,Pellet,Left,58,69,174,0,0.35,1,nan
7/9/2022 7:10:20,1.12.0,Free_feed,7,4.03,1,1,Pellet,Left,58,69,175,0,21.06,29,nan
7/9/2022 7:11:07,1.12.0,Free_feed,7,4.03,2,1,Pellet,Left,58,69,176,0,37.58,46,nan
7/9/2022 7:11:09,1.12.0,Free_feed,7,4.03,1,1,Pellet,Left,58,69,177,0,0.16,2,nan
7/9/2022 7:11:32,1.12.0,Free_feed,7,4.03,2,1,Pellet,Left,58,69,178,0,14.52,24,nan
7/9/2022 7:13:02,1.12.0,Free_feed,7,4.03,nan,1,LeftWithPellet,Left,59,69,178,0,nan,nan,0.01
7/9/2022 7:13:09,1.12.0,Free_feed,7,4.03,nan,1,LeftWithPellet,Left,60,69,178,0,nan,nan,0.06
7/9/2022 7:13:10,1.12.0,Free_feed,7,4.04,nan,1,LeftWithPellet,Left,61,69,178,0,nan,nan,0.04
7/9/2022 7:13:16,1.12.0,Free_feed,7,4.03,nan,1,LeftWithPellet,Left,62,69,178,0,nan,nan,0.22
7/9/2022 7:13:22,1.12.0,Free_feed,7,4.03,nan,1,LeftWithPellet,Left,63,69,178,0,nan,nan,0.05
7/9/2022 7:13:25,1.12.0,Free_feed,7,4.03,nan,1,LeftWithPellet,Left,64,69,178,0,nan,nan,0.04
7/9/2022 7:15:20,1.12.0,Free_feed,7,4.03,nan,1,LeftWithPellet,Left,65,69,178,0,nan,nan,0.01
7/9/2022 7:29:41,1.12.0,Free_feed,7,4.03,2,1,Pellet,Left,65,69,179,0,Timed_out,1089,nan
7/9/2022 7:31:01,1.12.0,Free_feed,7,4.03,1,1,Pellet,Left,65,69,180,0,Timed_out,80,nan
7/9/2022 7:31:26,1.12.0,Free_feed,7,4.03,1,1,Pellet,Left,65,69,181,0,17.89,25,nan
7/9/2022 7:34:46,1.12.0,Free_feed,7,4.03,1,1,Pellet,Left,65,69,182,0,Timed_out,200,nan
7/9/2022 7:34:48,1.12.0,Free_feed,7,4.03,1,1,Pellet,Left,65,69,183,0,0.16,2,nan
7/9/2022 7:34:51,1.12.0,Free_feed,7,4.03,1,1,Pellet,Left,65,69,184,0,0.66,2,nan
7/9/2022 7:35:28,1.12.0,Free_feed,7,4.03,1,1,Pellet,Left,65,69,185,0,30.15,38,nan
7/9/2022 7:35:57,1.12.0,Free_feed,7,4.03,1,1,Pellet,Left,65,69,186,0,22.47,29,nan
7/9/2022 7:36:44,1.12.0,Free_feed,7,4.03,2,1,Pellet,Left,65,69,187,0,36.97,47,nan
7/9/2022 7:47:24,1.12.0,Free_feed,7,4.03,1,1,Pellet,Left,65,69,188,0,Timed_out,640,nan
7/9/2022 9:06:41,1.12.0,Free_feed,7,4.03,2,1,Pellet,Left,65,69,189,0,Timed_out,4757,nan
7/9/2022 9:12:21,1.12.0,Free_feed,7,4.03,1,1,Pellet,Left,65,69,190,0,Timed_out,340,nan
7/9/2022 9:12:50,1.12.0,Free_feed,7,4.03,1,1,Pellet,Left,65,69,191,0,21.51,29,nan
7/9/2022 9:13:04,1.12.0,Free_feed,7,4.03,2,1,Pellet,Left,65,69,192,0,4.58,14,nan
7/9/2022 10:03:46,1.12.0,Free_feed,7,4.03,2,1,Pellet,Left,65,69,193,0,Timed_out,3042,nan
7/9/2022 10:53:40,1.12.0,Free_feed,7,4.02,1,1,Pellet,Left,65,69,194,0,Timed_out,2994,nan
7/9/2022 10:54:11,1.12.0,Free_feed,7,4.03,1,1,Pellet,Left,65,69,195,0,24.56,31,nan
7/9/2022 10:54:40,1.12.0,Free_feed,7,4.03,2,1,Pellet,Left,65,69,196,0,24.81,29,nan
7/9/2022 10:55:16,1.12.0,Free_feed,7,4.03,1,1,Pellet,Left,65,69,197,0,28.75,36,nan
7/9/2022 10:55:51,1.12.0,Free_feed,7,4.02,1,1,Pellet,Left,65,69,198,0,27.67,34,nan
7/9/2022 10:56:18,1.12.0,Free_feed,7,4.03,1,1,Pellet,Left,65,69,199,0,20.31,28,nan
7/9/2022 10:56:47,1.12.0,Free_feed,7,4.03,1,1,Pellet,Left,65,69,200,0,21.45,29,nan
7/9/2022 10:57:14,1.12.0,Free_feed,7,4.03,1,1,Pellet,Left,65,69,201,0,19.36,27,nan
7/9/2022 10:57:47,1.12.0,Free_feed,7,4.02,1,1,Pellet,Left,65,69,202,0,25.19,33,nan
7/9/2022 10:57:51,1.12.0,Free_feed,7,4.02,1,1,Pellet,Left,65,69,203,0,0.22,4,nan
7/9/2022 11:00:28,1.12.0,Free_feed,7,4.02,1,1,Pellet,Left,65,69,204,0,Timed_out,157,nan
7/9/2022 11:07:27,1.12.0,Free_feed,7,4.02,nan,1,LeftWithPellet,Left,66,69,204,0,nan,nan,0.06
7/9/2022 11:07:32,1.12.0,Free_feed,7,4.02,2,1,Pellet,Left,66,69,205,0,Timed_out,424,nan
7/9/2022 11:10:41,1.12.0,Free_feed,7,4.02,nan,1,LeftWithPellet,Left,67,69,205,0,nan,nan,0.02
7/9/2022 11:10:48,1.12.0,Free_feed,7,4.02,nan,1,LeftWithPellet,Left,68,69,205,0,nan,nan,0.24
7/9/2022 11:14:28,1.12.0,Free_feed,7,4.02,2,1,Pellet,Left,68,69,206,0,Timed_out,416,nan
7/9/2022 11:18:54,1.12.0,Free_feed,7,4.02,1,1,Pellet,Left,68,69,207,0,Timed_out,266,nan
7/9/2022 11:22:53,1.12.0,Free_feed,7,4.03,nan,1,RightWithPellet,Left,68,70,207,0,nan,nan,0.04
7/9/2022 11:28:35,1.12.0,Free_feed,7,4.02,nan,1,LeftWithPellet,Left,69,70,207,0,nan,nan,0.00
7/9/2022 11:28:58,1.12.0,Free_feed,7,4.02,nan,1,LeftWithPellet,Left,70,70,207,0,nan,nan,0.23
7/9/2022 11:43:14,1.12.0,Free_feed,7,4.02,2,1,Pellet,Left,70,70,208,0,Timed_out,1460,nan
7/9/2022 13:24:08,1.12.0,Free_feed,7,4.02,1,1,Pellet,Left,70,70,209,0,Timed_out,6054,nan
7/9/2022 13:24:30,1.12.0,Free_feed,7,4.02,2,1,Pellet,Left,70,70,210,0,12.13,22,nan
7/9/2022 13:25:06,1.12.0,Free_feed,7,4.02,1,1,Pellet,Left,70,70,211,0,29.01,36,nan
7/9/2022 13:25:37,1.12.0,Free_feed,7,4.02,3,1,Pellet,Left,70,70,212,0,19.29,31,nan
7/9/2022 13:26:22,1.12.0,Free_feed,7,4.02,1,1,Pellet,Left,70,70,213,0,37.60,45,nan
7/9/2022 13:26:58,1.12.0,Free_feed,7,4.02,nan,1,RightWithPellet,Left,70,71,213,0,nan,nan,0.06
7/9/2022 14:58:26,1.12.0,Free_feed,7,4.02,4,1,Pellet,Left,70,71,214,0,Timed_out,5524,nan
7/9/2022 14:58:28,1.12.0,Free_feed,7,4.01,1,1,Pellet,Left,70,71,215,0,0.16,2,nan
7/9/2022 14:59:30,1.12.0,Free_feed,7,4.02,2,1,Pellet,Left,70,71,216,0,55.39,62,nan
7/9/2022 14:59:59,1.12.0,Free_feed,7,4.01,2,1,Pellet,Left,70,71,217,0,20.94,29,nan
7/9/2022 15:00:26,1.12.0,Free_feed,7,4.02,1,1,Pellet,Left,70,71,218,0,19.67,26,nan
7/9/2022 15:00:27,1.12.0,Free_feed,7,4.02,1,1,Pellet,Left,70,71,219,0,0.54,2,nan
7/9/2022 15:01:06,1.12.0,Free_feed,7,4.02,1,1,Pellet,Left,70,71,220,0,30.79,39,nan
7/9/2022 15:03:22,1.12.0,Free_feed,7,4.01,2,1,Pellet,Left,70,71,221,0,Timed_out,136,nan
7/9/2022 15:04:20,1.12.0,Free_feed,7,4.02,nan,1,RightWithPellet,Left,70,72,221,0,nan,nan,0.04
7/9/2022 15:05:26,1.12.0,Free_feed,7,4.01,1,1,Pellet,Left,70,72,222,0,Timed_out,124,nan
7/9/2022 15:06:46,1.12.0,Free_feed,7,4.01,nan,1,LeftWithPellet,Left,71,72,222,0,nan,nan,0.04
7/9/2022 16:09:45,1.12.0,Free_feed,7,4.00,1,1,Pellet,Left,71,72,223,0,Timed_out,3859,nan
7/9/2022 16:10:44,1.12.0,Free_feed,7,4.00,1,1,Pellet,Left,71,72,224,0,51.71,59,nan
7/9/2022 16:11:08,1.12.0,Free_feed,7,4.00,1,1,Pellet,Left,71,72,225,0,17.01,24,nan
7/9/2022 16:46:44,1.12.0,Free_feed,7,4.00,1,1,Pellet,Left,71,72,226,0,Timed_out,2135,nan
7/9/2022 16:46:46,1.12.0,Free_feed,7,4.00,1,1,Pellet,Left,71,72,227,0,0.47,2,nan
7/9/2022 16:56:22,1.12.0,Free_feed,7,4.01,1,1,Pellet,Left,71,72,228,0,Timed_out,577,nan
7/9/2022 16:56:24,1.12.0,Free_feed,7,4.01,1,1,Pellet,Left,71,72,229,0,0.35,2,nan
7/9/2022 16:57:55,1.12.0,Free_feed,7,4.00,2,1,Pellet,Left,71,72,230,0,Timed_out,90,nan
7/9/2022 16:58:24,1.12.0,Free_feed,7,4.01,2,1,Pellet,Left,71,72,231,0,21.65,30,nan
7/9/2022 16:58:26,1.12.0,Free_feed,7,4.01,1,1,Pellet,Left,71,72,232,0,0.16,2,nan
7/9/2022 17:04:07,1.12.0,Free_feed,7,4.00,nan,1,LeftWithPellet,Left,72,72,232,0,nan,nan,1.52
7/9/2022 17:04:34,1.12.0,Free_feed,7,4.01,1,1,Pellet,Left,72,72,233,0,Timed_out,368,nan
7/9/2022 17:08:06,1.12.0,Free_feed,7,4.01,1,1,Pellet,Left,72,72,234,0,Timed_out,212,nan
7/9/2022 17:08:39,1.12.0,Free_feed,7,4.01,2,1,Pellet,Left,72,72,235,0,25.14,32,nan
7/9/2022 17:09:09,1.12.0,Free_feed,7,4.00,1,1,Pellet,Left,72,72,236,0,24.00,31,nan
7/9/2022 17:10:23,1.12.0,Free_feed,7,4.00,2,1,Pellet,Left,72,72,237,0,Timed_out,73,nan
7/9/2022 17:11:45,1.12.0,Free_feed,7,4.00,nan,1,LeftWithPellet,Left,73,72,237,0,nan,nan,0.84
7/9/2022 17:12:36,1.12.0,Free_feed,7,4.00,nan,1,RightWithPellet,Left,73,73,237,0,nan,nan,1.38
7/9/2022 18:18:38,1.12.0,Free_feed,7,4.00,1,1,Pellet,Left,73,73,238,0,Timed_out,4096,nan
7/9/2022 18:19:44,1.12.0,Free_feed,7,4.00,1,1,Pellet,Left,73,73,239,0,59.64,66,nan
7/9/2022 18:20:05,1.12.0,Free_feed,7,4.00,1,1,Pellet,Left,73,73,240,0,13.27,21,nan
7/9/2022 18:20:34,1.12.0,Free_feed,7,4.00,1,1,Pellet,Left,73,73,241,0,21.64,29,nan
7/9/2022 18:21:07,1.12.0,Free_feed,7,4.00,2,1,Pellet,Left,73,73,242,0,23.42,33,nan
7/9/2022 18:21:09,1.12.0,Free_feed,7,4.00,1,1,Pellet,Left,73,73,243,0,0.16,1,nan
7/9/2022 18:21:28,1.12.0,Free_feed,7,4.00,1,1,Pellet,Left,73,73,244,0,12.19,20,nan
7/9/2022 18:21:55,1.12.0,Free_feed,7,4.00,1,1,Pellet,Left,73,73,245,0,19.16,27,nan
7/9/2022 18:21:56,1.12.0,Free_feed,7,4.00,1,1,Pellet,Left,73,73,246,0,0.16,1,nan
7/9/2022 18:45:17,1.12.0,Free_feed,7,4.00,1,1,Pellet,Left,73,73,247,0,Timed_out,1401,nan
7/9/2022 18:45:52,1.12.0,Free_feed,7,4.00,1,1,Pellet,Left,73,73,248,0,27.81,34,nan
7/9/2022 18:45:54,1.12.0,Free_feed,7,4.00,1,1,Pellet,Left,73,73,249,0,0.16,3,nan
7/9/2022 18:46:17,1.12.0,Free_feed,7,4.00,1,1,Pellet,Left,73,73,250,0,16.38,23,nan
7/9/2022 18:46:46,1.12.0,Free_feed,7,4.00,2,1,Pellet,Left,73,73,251,0,18.79,28,nan
7/9/2022 18:47:12,1.12.0,Free_feed,7,4.00,2,1,Pellet,Left,73,73,252,0,19.23,27,nan
7/9/2022 19:14:56,1.12.0,Free_feed,7,4.00,2,1,Pellet,Left,73,73,253,0,Timed_out,1664,nan
7/9/2022 19:21:58,1.12.0,Free_feed,7,3.99,1,1,Pellet,Left,73,73,254,0,Timed_out,422,nan
