MM:DD:YYYY hh:mm:ss,Library_Version,Session_type,Device_Number,Battery_Voltage,Motor_Turns,FR,Event,Active_Poke,Left_Poke_Count,Right_Poke_Count,Pellet_Count,Block_Pellet_Count,Retrieval_Time,InterPelletInterval,Poke_Time
3/7/2023 20:14:12,1.17.0,Free_feed,5,4.04,10.0,1,Pellet,Left,0,0,1,0,Timed_out,,
3/7/2023 20:14:31,1.17.0,Free_feed,5,4.04,2.0,1,Pellet,Left,0,0,2,0,10.34,19.0,
3/7/2023 20:14:44,1.17.0,Free_feed,5,4.04,1.0,1,Pellet,Left,0,0,3,0,11.76,13.0,
3/7/2023 20:14:55,1.17.0,Free_feed,5,4.04,1.0,1,Pellet,Left,0,0,4,0,4.65,11.0,
3/7/2023 20:15:53,1.17.0,Free_feed,5,4.04,1.0,1,Pellet,Left,0,0,5,0,51.93,58.0,
3/7/2023 20:15:54,1.17.0,Free_feed,5,4.04,1.0,1,Pellet,Left,0,0,6,0,0.06,1.0,
3/7/2023 20:16:16,1.17.0,Free_feed,5,4.04,1.0,1,Pellet,Left,0,0,7,0,15.88,22.0,
3/7/2023 20:17:18,1.17.0,Free_feed,5,4.04,1.0,1,Pellet,Left,0,0,8,0,54.94,62.0,
3/7/2023 20:17:20,1.17.0,Free_feed,5,4.04,1.0,1,Pellet,Left,0,0,9,0,0.06,2.0,
3/7/2023 20:17:26,1.17.0,Free_feed,5,4.04,,1,LeftDuringDispense,Left,0,0,9,0,,,0.54
3/7/2023 20:18:58,1.17.0,Free_feed,5,4.04,2.0,1,Pellet,Left,0,0,10,0,Timed_out,98.0,
3/7/2023 20:19:00,1.17.0,Free_feed,5,4.04,1.0,1,Pellet,Left,0,0,11,0,0.91,2.0,
3/7/2023 20:19:17,1.17.0,Free_feed,5,4.04,1.0,1,Pellet,Left,0,0,12,0,10.71,17.0,
3/7/2023 20:21:17,1.17.0,Free_feed,5,4.04,1.0,1,Pellet,Left,0,0,13,0,Timed_out,120.0,
3/7/2023 20:24:08,1.17.0,Free_feed,5,4.04,2.0,1,Pellet,Left,0,0,14,0,Timed_out,171.0,
3/7/2023 20:24:33,1.17.0,Free_feed,5,4.04,1.0,1,Pellet,Left,0,0,15,0,19.17,25.0,
3/7/2023 20:26:39,1.17.0,Free_feed,5,4.04,1.0,1,Pellet,Left,0,0,16,0,Timed_out,126.0,
3/7/2023 20:27:14,1.17.0,Free_feed,5,4.04,1.0,1,Pellet,Left,0,0,17,0,29.05,35.0,
3/7/2023 20:29:43,1.17.0,Free_feed,5,4.04,1.0,1,Pellet,Left,0,0,18,0,Timed_out,149.0,
3/7/2023 20:30:13,1.17.0,Free_feed,5,4.04,1.0,1,Pellet,Left,0,0,19,0,28.19,30.0,
3/7/2023 20:30:15,1.17.0,Free_feed,5,4.04,1.0,1,Pellet,Left,0,0,20,0,0.73,2.0,
3/7/2023 20:30:51,1.17.0,Free_feed,5,4.05,1.0,1,Pellet,Left,0,0,21,0,28.93,36.0,
3/7/2023 20:34:37,1.17.0,Free_feed,5,4.04,1.0,1,Pellet,Left,0,0,22,0,Timed_out,226.0,
3/7/2023 20:34:38,1.17.0,Free_feed,5,4.04,1.0,1,Pellet,Left,0,0,23,0,0.12,1.0,
3/7/2023 20:34:58,1.17.0,Free_feed,5,4.03,1.0,1,Pellet,Left,0,0,24,0,18.77,20.0,
3/7/2023 20:35:17,1.17.0,Free_feed,5,4.03,2.0,1,Pellet,Left,0,0,25,0,12.44,19.0,
3/7/2023 20:35:18,1.17.0,Free_feed,5,4.03,1.0,1,Pellet,Left,0,0,26,0,0.06,1.0,
3/7/2023 20:35:46,1.17.0,Free_feed,5,4.05,1.0,1,Pellet,Left,0,0,27,0,21.43,28.0,
3/7/2023 20:40:23,1.17.0,Free_feed,5,4.05,1.0,1,Pellet,Left,0,0,28,0,Timed_out,277.0,
3/7/2023 20:41:09,1.17.0,Free_feed,5,4.04,,1,RightDuringDispense,Left,0,0,28,0,,,38.98
3/7/2023 20:41:19,1.17.0,Free_feed,5,4.03,2.0,1,Pellet,Left,0,0,29,0,2.01,56.0,
3/7/2023 20:41:30,1.17.0,Free_feed,5,4.04,,1,RightDuringDispense,Left,0,0,29,0,,,6.47
3/7/2023 20:41:33,1.17.0,Free_feed,5,4.04,,1,RightDuringDispense,Left,0,0,29,0,,,0.81
3/7/2023 20:41:41,1.17.0,Free_feed,5,4.04,,1,RightDuringDispense,Left,0,0,29,0,,,5.85
3/7/2023 20:41:46,1.17.0,Free_feed,5,4.04,,1,RightDuringDispense,Left,0,0,29,0,,,4.72
3/7/2023 20:41:50,1.17.0,Free_feed,5,4.04,,1,RightDuringDispense,Left,0,0,29,0,,,3.48
3/7/2023 20:41:51,1.17.0,Free_feed,5,4.04,,1,RightDuringDispense,Left,0,0,29,0,,,0.42
3/7/2023 20:42:05,1.17.0,Free_feed,5,4.04,,1,RightDuringDispense,Left,0,0,29,0,,,13.83
3/7/2023 20:42:06,1.17.0,Free_feed,5,4.04,,1,RightDuringDispense,Left,0,0,29,0,,,0.64
3/7/2023 20:42:10,1.17.0,Free_feed,5,4.04,4.0,1,Pellet,Left,0,0,30,0,1.71,51.0,
3/7/2023 20:42:15,1.17.0,Free_feed,5,4.04,,1,RightDuringDispense,Left,0,0,30,0,,,1.95
3/7/2023 20:43:25,1.17.0,Free_feed,5,4.04,,1,RightDuringDispense,Left,0,0,30,0,,,69.35
3/7/2023 20:43:26,1.17.0,Free_feed,5,4.04,,1,RightDuringDispense,Left,0,0,30,0,,,0.15
3/7/2023 20:43:26,1.17.0,Free_feed,5,4.04,,1,RightDuringDispense,Left,0,0,30,0,,,0.1
3/7/2023 20:43:28,1.17.0,Free_feed,5,4.04,,1,RightDuringDispense,Left,0,0,30,0,,,1.58
3/7/2023 20:43:38,1.17.0,Free_feed,5,4.04,,1,RightDuringDispense,Left,0,0,30,0,,,9.48
3/7/2023 20:43:44,1.17.0,Free_feed,5,4.03,2.0,1,Pellet,Left,0,0,31,0,3.54,94.0,
3/7/2023 20:44:00,1.17.0,Free_feed,5,4.04,1.0,1,Pellet,Left,0,0,32,0,10.16,16.0,
3/7/2023 20:44:05,1.17.0,Free_feed,5,4.04,,1,RightDuringDispense,Left,0,0,32,0,,,2.43
3/7/2023 20:44:07,1.17.0,Free_feed,5,4.04,,1,RightDuringDispense,Left,0,0,32,0,,,1.17
3/7/2023 20:44:07,1.17.0,Free_feed,5,4.04,,1,RightDuringDispense,Left,0,0,32,0,,,0.01
3/7/2023 20:44:56,1.17.0,Free_feed,5,4.04,,1,RightDuringDispense,Left,0,0,32,0,,,48.9
3/7/2023 20:44:57,1.17.0,Free_feed,5,4.03,,1,RightDuringDispense,Left,0,0,32,0,,,0.1
3/7/2023 20:44:58,1.17.0,Free_feed,5,4.04,,1,RightDuringDispense,Left,0,0,32,0,,,0.58
3/7/2023 20:45:14,1.17.0,Free_feed,5,4.04,,1,RightDuringDispense,Left,0,0,32,0,,,16.43
3/7/2023 20:46:43,1.17.0,Free_feed,5,4.04,,1,RightDuringDispense,Left,0,0,32,0,,,88.31
3/7/2023 20:47:38,1.17.0,Free_feed,5,4.04,,1,RightDuringDispense,Left,0,0,32,0,,,54.55
3/7/2023 20:47:43,1.17.0,Free_feed,5,4.04,,1,RightDuringDispense,Left,0,0,32,0,,,5.11
3/7/2023 20:47:44,1.17.0,Free_feed,5,4.04,,1,RightDuringDispense,Left,0,0,32,0,,,0.25
3/7/2023 20:47:45,1.17.0,Free_feed,5,4.04,,1,RightDuringDispense,Left,0,0,32,0,,,0.3
3/7/2023 20:49:15,1.17.0,Free_feed,5,4.04,,1,RightDuringDispense,Left,0,0,32,0,,,89.94
3/7/2023 20:49:18,1.17.0,Free_feed,5,4.04,,1,RightDuringDispense,Left,0,0,32,0,,,2.46
3/7/2023 20:50:08,1.17.0,Free_feed,5,4.04,,1,RightDuringDispense,Left,0,0,32,0,,,49.65
3/7/2023 20:50:23,1.17.0,Free_feed,5,4.04,3.0,1,Pellet,Left,0,0,33,0,12.81,383.0,
3/7/2023 20:50:40,1.17.0,Free_feed,5,4.04,,1,RightDuringDispense,Left,0,0,33,0,,,13.51
3/7/2023 20:50:48,1.17.0,Free_feed,5,4.04,2.0,1,Pellet,Left,0,0,34,0,4.71,25.0,
3/7/2023 20:51:02,1.17.0,Free_feed,5,4.04,1.0,1,Pellet,Left,0,0,35,0,7.29,14.0,
3/7/2023 20:51:20,1.17.0,Free_feed,5,4.04,1.0,1,Pellet,Left,0,0,36,0,11.52,18.0,
3/7/2023 20:51:32,1.17.0,Free_feed,5,4.04,1.0,1,Pellet,Left,0,0,37,0,5.45,12.0,
3/7/2023 20:51:33,1.17.0,Free_feed,5,4.04,1.0,1,Pellet,Left,0,0,38,0,0.54,1.0,
3/7/2023 20:51:52,1.17.0,Free_feed,5,4.04,1.0,1,Pellet,Left,0,0,39,0,11.34,19.0,
3/7/2023 20:52:06,1.17.0,Free_feed,5,4.03,1.0,1,Pellet,Left,0,0,40,0,13.18,14.0,
3/7/2023 21:01:25,1.17.0,Free_feed,5,4.03,1.0,1,Pellet,Left,0,0,41,0,21.97,559.0,
3/7/2023 21:01:35,1.17.0,Free_feed,5,4.03,1.0,1,Pellet,Left,0,0,42,0,6.05,10.0,
3/7/2023 21:02:23,1.17.0,Free_feed,5,4.04,1.0,1,Pellet,Left,0,0,43,0,0.18,48.0,
3/7/2023 21:18:34,1.17.0,Free_feed,5,4.03,1.0,1,Pellet,Left,0,0,44,0,Timed_out,971.0,
3/7/2023 21:26:07,1.17.0,Free_feed,5,4.03,,1,RightDuringDispense,Left,0,0,44,0,,,446.98
3/7/2023 21:26:26,1.17.0,Free_feed,5,4.03,,1,RightDuringDispense,Left,0,0,44,0,,,18.52
3/7/2023 21:26:30,1.17.0,Free_feed,5,4.03,,1,RightDuringDispense,Left,0,0,44,0,,,1.55
3/7/2023 21:26:42,1.17.0,Free_feed,5,4.03,3.0,1,Pellet,Left,0,0,45,0,8.82,488.0,
3/7/2023 21:26:55,1.17.0,Free_feed,5,4.03,1.0,1,Pellet,Left,0,0,46,0,11.34,13.0,
3/7/2023 21:26:56,1.17.0,Free_feed,5,4.03,1.0,1,Pellet,Left,0,0,47,0,0.06,1.0,
3/7/2023 21:27:08,1.17.0,Free_feed,5,4.04,1.0,1,Pellet,Left,0,0,48,0,7.77,12.0,
3/7/2023 21:27:11,1.17.0,Free_feed,5,4.03,,1,RightDuringDispense,Left,0,0,48,0,,,1.43
3/7/2023 21:27:21,1.17.0,Free_feed,5,4.03,3.0,1,Pellet,Left,0,0,49,0,5.14,13.0,
3/7/2023 21:27:22,1.17.0,Free_feed,5,4.03,1.0,1,Pellet,Left,0,0,50,0,0.24,1.0,
3/7/2023 21:27:23,1.17.0,Free_feed,5,4.03,1.0,1,Pellet,Left,0,0,51,0,0.36,1.0,
3/7/2023 21:27:24,1.17.0,Free_feed,5,4.03,1.0,1,Pellet,Left,0,0,52,0,0.06,1.0,
3/7/2023 21:27:25,1.17.0,Free_feed,5,4.03,1.0,1,Pellet,Left,0,0,53,0,0.06,1.0,
3/7/2023 21:27:26,1.17.0,Free_feed,5,4.03,1.0,1,Pellet,Left,0,0,54,0,0.06,1.0,
3/7/2023 21:27:39,1.17.0,Free_feed,5,4.03,1.0,1,Pellet,Left,0,0,55,0,6.30,13.0,
3/7/2023 21:27:54,1.17.0,Free_feed,5,4.03,1.0,1,Pellet,Left,0,0,56,0,13.49,15.0,
3/7/2023 21:28:09,1.17.0,Free_feed,5,4.03,1.0,1,Pellet,Left,0,0,57,0,7.59,15.0,
3/7/2023 21:28:28,1.17.0,Free_feed,5,4.03,2.0,1,Pellet,Left,0,0,58,0,12.57,19.0,
3/7/2023 21:28:42,1.17.0,Free_feed,5,4.03,1.0,1,Pellet,Left,0,0,59,0,12.38,14.0,
3/7/2023 21:28:43,1.17.0,Free_feed,5,4.03,1.0,1,Pellet,Left,0,0,60,0,0.36,1.0,
3/7/2023 21:28:45,1.17.0,Free_feed,5,4.03,1.0,1,Pellet,Left,0,0,61,0,0.06,2.0,
3/7/2023 21:28:47,1.17.0,Free_feed,5,4.03,1.0,1,Pellet,Left,0,0,62,0,1.09,1.0,
3/7/2023 21:29:14,1.17.0,Free_feed,5,4.03,1.0,1,Pellet,Left,0,0,63,0,20.19,28.0,
3/7/2023 21:39:39,1.17.0,Free_feed,5,4.03,1.0,1,Pellet,Left,0,0,64,0,Timed_out,625.0,
3/7/2023 21:44:08,1.17.0,Free_feed,5,4.03,,1,RightDuringDispense,Left,0,0,64,0,,,262.74
3/7/2023 21:44:09,1.17.0,Free_feed,5,4.03,,1,RightDuringDispense,Left,0,0,64,0,,,0.45
3/7/2023 21:49:56,1.17.0,Free_feed,5,4.03,,1,RightDuringDispense,Left,0,0,64,0,,,346.71
3/7/2023 21:59:26,1.17.0,Free_feed,5,4.03,,1,RightDuringDispense,Left,0,0,64,0,,,569.54
3/7/2023 22:00:04,1.17.0,Free_feed,5,4.03,,1,RightDuringDispense,Left,0,0,64,0,,,38.0
3/7/2023 22:00:05,1.17.0,Free_feed,5,4.03,,1,RightDuringDispense,Left,0,0,64,0,,,0.67
3/7/2023 22:05:05,1.17.0,Free_feed,5,4.03,,1,RightDuringDispense,Left,0,0,64,0,,,300.03
3/7/2023 22:17:38,1.17.0,Free_feed,5,4.03,,1,RightDuringDispense,Left,0,0,64,0,,,753.01
3/7/2023 22:28:28,1.17.0,Free_feed,5,4.03,,1,RightDuringDispense,Left,0,0,64,0,,,648.9
3/7/2023 22:45:26,1.17.0,Free_feed,5,4.03,2.0,1,Pellet,Left,0,0,65,0,Timed_out,3947.0,
3/7/2023 22:45:35,1.17.0,Free_feed,5,4.03,1.0,1,Pellet,Left,0,0,66,0,5.00,8.0,
3/7/2023 22:46:17,1.17.0,Free_feed,5,4.03,,1,RightDuringDispense,Left,0,0,66,0,,,36.62
3/7/2023 23:29:21,1.17.0,Free_feed,5,4.03,,1,RightDuringDispense,Left,0,0,66,0,,,2583.21
3/7/2023 23:29:59,1.17.0,Free_feed,5,4.02,,1,RightDuringDispense,Left,0,0,66,0,,,37.97
3/7/2023 23:29:59,1.17.0,Free_feed,5,4.02,,1,RightDuringDispense,Left,0,0,66,0,,,0.0
3/7/2023 23:30:00,1.17.0,Free_feed,5,4.03,,1,RightDuringDispense,Left,0,0,66,0,,,0.04
3/7/2023 23:30:00,1.17.0,Free_feed,5,4.03,,1,RightDuringDispense,Left,0,0,66,0,,,0.16
3/7/2023 23:30:00,1.17.0,Free_feed,5,4.03,,1,RightDuringDispense,Left,0,0,66,0,,,0.07
3/7/2023 23:30:48,1.17.0,Free_feed,5,4.02,,1,RightDuringDispense,Left,0,0,66,0,,,46.85
3/7/2023 23:32:24,1.17.0,Free_feed,5,4.03,,1,RightDuringDispense,Left,0,0,66,0,,,96.65
3/7/2023 23:34:26,1.17.0,Free_feed,5,4.02,,1,RightDuringDispense,Left,0,0,66,0,,,121.65
3/7/2023 23:34:27,1.17.0,Free_feed,5,4.02,,1,RightDuringDispense,Left,0,0,66,0,,,0.06
3/7/2023 23:36:56,1.17.0,Free_feed,5,4.02,,1,RightDuringDispense,Left,0,0,66,0,,,148.87
3/7/2023 23:37:06,1.17.0,Free_feed,5,4.03,,1,RightDuringDispense,Left,0,0,66,0,,,10.07
3/7/2023 23:37:11,1.17.0,Free_feed,5,4.03,,1,RightDuringDispense,Left,0,0,66,0,,,4.48
3/7/2023 23:37:19,1.17.0,Free_feed,5,4.02,,1,RightDuringDispense,Left,0,0,66,0,,,7.99
3/7/2023 23:37:31,1.17.0,Free_feed,5,4.03,,1,RightDuringDispense,Left,0,0,66,0,,,11.59
3/8/2023 0:06:11,1.17.0,Free_feed,5,4.02,,1,RightDuringDispense,Left,0,0,66,0,,,1719.41
3/8/2023 0:12:00,1.17.0,Free_feed,5,4.03,,1,RightDuringDispense,Left,0,0,66,0,,,348.64
3/8/2023 0:12:23,1.17.0,Free_feed,5,4.02,,1,RightDuringDispense,Left,0,0,66,0,,,22.87
3/8/2023 0:12:43,1.17.0,Free_feed,5,4.02,,1,RightDuringDispense,Left,0,0,66,0,,,19.54
3/8/2023 0:13:20,1.17.0,Free_feed,5,4.02,,1,RightDuringDispense,Left,0,0,66,0,,,36.4
3/8/2023 0:13:27,1.17.0,Free_feed,5,4.02,,1,RightDuringDispense,Left,0,0,66,0,,,7.41
3/8/2023 0:13:28,1.17.0,Free_feed,5,4.03,,1,RightDuringDispense,Left,0,0,66,0,,,0.18
3/8/2023 0:13:35,1.17.0,Free_feed,5,4.02,,1,RightDuringDispense,Left,0,0,66,0,,,7.08
3/8/2023 0:13:38,1.17.0,Free_feed,5,4.02,,1,RightDuringDispense,Left,0,0,66,0,,,0.11
3/8/2023 0:13:38,1.17.0,Free_feed,5,4.02,,1,RightDuringDispense,Left,0,0,66,0,,,0.25
3/8/2023 0:13:39,1.17.0,Free_feed,5,4.03,,1,RightDuringDispense,Left,0,0,66,0,,,0.88
3/8/2023 0:13:48,1.17.0,Free_feed,5,4.02,4.0,1,Pellet,Left,0,0,67,0,5.26,5294.0,
3/8/2023 0:13:56,1.17.0,Free_feed,5,4.02,,1,RightDuringDispense,Left,0,0,67,0,,,2.1
3/8/2023 0:14:01,1.17.0,Free_feed,5,4.02,,1,RightDuringDispense,Left,0,0,67,0,,,5.07
3/8/2023 0:14:06,1.17.0,Free_feed,5,4.02,2.0,1,Pellet,Left,0,0,68,0,1.95,18.0,
3/8/2023 0:14:17,1.17.0,Free_feed,5,4.02,2.0,1,Pellet,Left,0,0,69,0,1.83,11.0,
3/8/2023 0:14:27,1.17.0,Free_feed,5,4.02,2.0,1,Pellet,Left,0,0,70,0,3.85,10.0,
3/8/2023 0:14:40,1.17.0,Free_feed,5,4.02,1.0,1,Pellet,Left,0,0,71,0,10.72,13.0,
3/8/2023 0:14:51,1.17.0,Free_feed,5,4.03,1.0,1,Pellet,Left,0,0,72,0,9.73,11.0,
3/8/2023 0:14:52,1.17.0,Free_feed,5,4.02,1.0,1,Pellet,Left,0,0,73,0,0.48,1.0,
3/8/2023 0:14:57,1.17.0,Free_feed,5,4.02,,1,RightDuringDispense,Left,0,0,73,0,,,3.98
3/8/2023 0:15:04,1.17.0,Free_feed,5,4.02,2.0,1,Pellet,Left,0,0,74,0,4.71,12.0,
3/8/2023 0:15:19,1.17.0,Free_feed,5,4.03,1.0,1,Pellet,Left,0,0,75,0,12.38,15.0,
3/8/2023 0:15:30,1.17.0,Free_feed,5,4.02,1.0,1,Pellet,Left,0,0,76,0,4.34,11.0,
3/8/2023 0:15:42,1.17.0,Free_feed,5,4.02,1.0,1,Pellet,Left,0,0,77,0,6.00,12.0,
3/8/2023 0:15:55,1.17.0,Free_feed,5,4.02,1.0,1,Pellet,Left,0,0,78,0,5.38,13.0,
3/8/2023 0:16:08,1.17.0,Free_feed,5,4.02,1.0,1,Pellet,Left,0,0,79,0,6.12,13.0,
3/8/2023 0:16:21,1.17.0,Free_feed,5,4.02,1.0,1,Pellet,Left,0,0,80,0,11.40,13.0,
3/8/2023 0:16:22,1.17.0,Free_feed,5,4.02,1.0,1,Pellet,Left,0,0,81,0,0.36,1.0,
3/8/2023 0:16:37,1.17.0,Free_feed,5,4.02,1.0,1,Pellet,Left,0,0,82,0,8.08,15.0,
3/8/2023 0:16:48,1.17.0,Free_feed,5,4.02,1.0,1,Pellet,Left,0,0,83,0,4.96,11.0,
3/8/2023 0:17:00,1.17.0,Free_feed,5,4.02,1.0,1,Pellet,Left,0,0,84,0,4.22,12.0,
3/8/2023 0:17:15,1.17.0,Free_feed,5,4.02,1.0,1,Pellet,Left,0,0,85,0,13.54,14.0,
3/8/2023 0:17:16,1.17.0,Free_feed,5,4.02,1.0,1,Pellet,Left,0,0,86,0,0.30,2.0,
3/8/2023 0:17:30,1.17.0,Free_feed,5,4.02,2.0,1,Pellet,Left,0,0,87,0,7.41,14.0,
3/8/2023 0:17:44,1.17.0,Free_feed,5,4.02,2.0,1,Pellet,Left,0,0,88,0,7.41,14.0,
3/8/2023 0:18:00,1.17.0,Free_feed,5,4.02,2.0,1,Pellet,Left,0,0,89,0,9.80,16.0,
3/8/2023 0:21:37,1.17.0,Free_feed,5,4.03,1.0,1,Pellet,Left,0,0,90,0,Timed_out,217.0,
3/8/2023 0:34:04,1.17.0,Free_feed,5,4.02,1.0,1,Pellet,Left,0,0,91,0,Timed_out,747.0,
3/8/2023 0:34:16,1.17.0,Free_feed,5,4.02,,1,RightDuringDispense,Left,0,0,91,0,,,6.29
3/8/2023 0:35:45,1.17.0,Free_feed,5,4.02,,1,RightDuringDispense,Left,0,0,91,0,,,88.19
3/8/2023 0:57:06,1.17.0,Free_feed,5,4.02,2.0,1,Pellet,Left,0,0,92,0,Timed_out,1382.0,
3/8/2023 0:58:33,1.17.0,Free_feed,5,4.02,,1,RightDuringDispense,Left,0,0,92,0,,,80.71
3/8/2023 0:58:34,1.17.0,Free_feed,5,4.02,,1,RightDuringDispense,Left,0,0,92,0,,,0.74
3/8/2023 0:58:34,1.17.0,Free_feed,5,4.02,,1,RightDuringDispense,Left,0,0,92,0,,,0.0
3/8/2023 0:58:35,1.17.0,Free_feed,5,4.02,,1,RightDuringDispense,Left,0,0,92,0,,,0.01
3/8/2023 0:58:56,1.17.0,Free_feed,5,4.02,,1,RightDuringDispense,Left,0,0,92,0,,,21.47
3/8/2023 0:59:00,1.17.0,Free_feed,5,4.02,,1,RightDuringDispense,Left,0,0,92,0,,,3.32
3/8/2023 0:59:01,1.17.0,Free_feed,5,4.02,,1,RightDuringDispense,Left,0,0,92,0,,,0.95
3/8/2023 0:59:46,1.17.0,Free_feed,5,4.02,,1,RightDuringDispense,Left,0,0,92,0,,,44.6
3/8/2023 1:01:56,1.17.0,Free_feed,5,4.02,,1,RightDuringDispense,Left,0,0,92,0,,,129.95
3/8/2023 1:27:24,1.17.0,Free_feed,5,4.02,,1,RightDuringDispense,Left,0,0,92,0,,,1527.12
3/8/2023 1:27:37,1.17.0,Free_feed,5,4.02,,1,RightDuringDispense,Left,0,0,92,0,,,12.57
3/8/2023 1:27:38,1.17.0,Free_feed,5,4.02,,1,RightDuringDispense,Left,0,0,92,0,,,1.44
3/8/2023 1:28:02,1.17.0,Free_feed,5,4.02,,1,RightDuringDispense,Left,0,0,92,0,,,23.63
3/8/2023 1:29:20,1.17.0,Free_feed,5,4.02,,1,RightDuringDispense,Left,0,0,92,0,,,77.34
3/8/2023 1:30:12,1.17.0,Free_feed,5,4.02,,1,RightDuringDispense,Left,0,0,92,0,,,51.41
3/8/2023 1:37:09,1.17.0,Free_feed,5,4.02,,1,RightDuringDispense,Left,0,0,92,0,,,414.96
3/8/2023 1:44:03,1.17.0,Free_feed,5,4.02,,1,RightDuringDispense,Left,0,0,92,0,,,414.09
3/8/2023 1:44:13,1.17.0,Free_feed,5,4.02,3.0,1,Pellet,Left,0,0,93,0,7.04,2827.0,
3/8/2023 1:44:31,1.17.0,Free_feed,5,4.02,1.0,1,Pellet,Left,0,0,94,0,10.43,18.0,
3/8/2023 1:44:32,1.17.0,Free_feed,5,4.02,,1,RightDuringDispense,Left,0,0,94,0,,,0.15
3/8/2023 1:44:33,1.17.0,Free_feed,5,4.02,,1,RightDuringDispense,Left,0,0,94,0,,,0.25
3/8/2023 1:45:55,1.17.0,Free_feed,5,4.02,,1,RightDuringDispense,Left,0,0,94,0,,,82.63
3/8/2023 1:45:56,1.17.0,Free_feed,5,4.02,,1,RightDuringDispense,Left,0,0,94,0,,,0.02
3/8/2023 1:45:56,1.17.0,Free_feed,5,4.02,,1,RightDuringDispense,Left,0,0,94,0,,,0.07
3/8/2023 1:46:00,1.17.0,Free_feed,5,4.02,,1,RightDuringDispense,Left,0,0,94,0,,,3.08
3/8/2023 1:46:01,1.17.0,Free_feed,5,4.02,,1,RightDuringDispense,Left,0,0,94,0,,,1.18
3/8/2023 1:46:39,1.17.0,Free_feed,5,4.02,,1,RightDuringDispense,Left,0,0,94,0,,,37.21
3/8/2023 1:57:52,1.17.0,Free_feed,5,4.02,,1,RightDuringDispense,Left,0,0,94,0,,,672.97
3/8/2023 1:59:41,1.17.0,Free_feed,5,4.02,,1,RightDuringDispense,Left,0,0,94,0,,,109.09
3/8/2023 2:00:04,1.17.0,Free_feed,5,4.02,,1,RightDuringDispense,Left,0,0,94,0,,,22.58
3/8/2023 2:00:04,1.17.0,Free_feed,5,4.02,,1,RightDuringDispense,Left,0,0,94,0,,,0.09
3/8/2023 2:01:18,1.17.0,Free_feed,5,4.02,,1,RightDuringDispense,Left,0,0,94,0,,,73.18
3/8/2023 2:01:25,1.17.0,Free_feed,5,4.02,,1,RightDuringDispense,Left,0,0,94,0,,,4.26
3/8/2023 2:01:28,1.17.0,Free_feed,5,4.02,,1,RightDuringDispense,Left,0,0,94,0,,,0.69
3/8/2023 2:01:32,1.17.0,Free_feed,5,4.02,,1,RightDuringDispense,Left,0,0,94,0,,,4.0
3/8/2023 2:01:32,1.17.0,Free_feed,5,4.01,,1,RightDuringDispense,Left,0,0,94,0,,,0.04
3/8/2023 2:01:35,1.17.0,Free_feed,5,4.02,,1,RightDuringDispense,Left,0,0,94,0,,,2.57
3/8/2023 2:01:37,1.17.0,Free_feed,5,4.02,,1,RightDuringDispense,Left,0,0,94,0,,,1.41
3/8/2023 2:01:52,1.17.0,Free_feed,5,4.02,,1,RightDuringDispense,Left,0,0,94,0,,,14.81
3/8/2023 2:01:53,1.17.0,Free_feed,5,4.01,,1,RightDuringDispense,Left,0,0,94,0,,,0.01
3/8/2023 2:01:54,1.17.0,Free_feed,5,4.02,,1,RightDuringDispense,Left,0,0,94,0,,,1.38
3/8/2023 2:01:59,1.17.0,Free_feed,5,4.01,,1,RightDuringDispense,Left,0,0,94,0,,,2.94
3/8/2023 2:02:05,1.17.0,Free_feed,5,4.02,,1,RightDuringDispense,Left,0,0,94,0,,,5.6
3/8/2023 2:02:18,1.17.0,Free_feed,5,4.01,,1,RightDuringDispense,Left,0,0,94,0,,,11.83
3/8/2023 2:02:50,1.17.0,Free_feed,5,4.02,,1,RightDuringDispense,Left,0,0,94,0,,,30.42
3/8/2023 2:02:55,1.17.0,Free_feed,5,4.02,,1,RightDuringDispense,Left,0,0,94,0,,,3.97
3/8/2023 2:02:55,1.17.0,Free_feed,5,4.02,,1,RightDuringDispense,Left,0,0,94,0,,,0.04
3/8/2023 2:05:16,1.17.0,Free_feed,5,4.01,,1,RightDuringDispense,Left,0,0,94,0,,,140.9
3/8/2023 2:16:43,1.17.0,Free_feed,5,4.02,,1,RightDuringDispense,Left,0,0,94,0,,,687.13
3/8/2023 2:17:42,1.17.0,Free_feed,5,4.02,,1,RightDuringDispense,Left,0,0,94,0,,,57.89
3/8/2023 2:17:57,1.17.0,Free_feed,5,4.02,7.0,1,Pellet,Left,0,0,95,0,6.51,2006.0,
3/8/2023 2:19:51,1.17.0,Free_feed,5,4.02,,1,RightDuringDispense,Left,0,0,95,0,,,112.36
3/8/2023 2:21:06,1.17.0,Free_feed,5,4.02,,1,RightDuringDispense,Left,0,0,95,0,,,74.41
3/8/2023 2:21:07,1.17.0,Free_feed,5,4.01,,1,RightDuringDispense,Left,0,0,95,0,,,1.59
3/8/2023 2:21:09,1.17.0,Free_feed,5,4.01,,1,RightDuringDispense,Left,0,0,95,0,,,1.38
3/8/2023 2:21:10,1.17.0,Free_feed,5,4.01,,1,RightDuringDispense,Left,0,0,95,0,,,0.03
3/8/2023 2:22:37,1.17.0,Free_feed,5,4.01,,1,RightDuringDispense,Left,0,0,95,0,,,87.67
3/8/2023 2:22:38,1.17.0,Free_feed,5,4.02,,1,RightDuringDispense,Left,0,0,95,0,,,0.22
3/8/2023 2:26:08,1.17.0,Free_feed,5,4.02,,1,RightDuringDispense,Left,0,0,95,0,,,210.03
3/8/2023 2:26:11,1.17.0,Free_feed,5,4.02,,1,RightDuringDispense,Left,0,0,95,0,,,0.45
3/8/2023 2:26:12,1.17.0,Free_feed,5,4.02,,1,RightDuringDispense,Left,0,0,95,0,,,0.37
3/8/2023 2:28:18,1.17.0,Free_feed,5,4.01,,1,RightDuringDispense,Left,0,0,95,0,,,126.19
3/8/2023 2:29:44,1.17.0,Free_feed,5,4.02,,1,RightDuringDispense,Left,0,0,95,0,,,84.96
3/8/2023 2:29:53,1.17.0,Free_feed,5,4.01,,1,RightDuringDispense,Left,0,0,95,0,,,8.66
3/8/2023 2:29:53,1.17.0,Free_feed,5,4.01,,1,RightDuringDispense,Left,0,0,95,0,,,0.29
3/8/2023 2:30:37,1.17.0,Free_feed,5,4.01,,1,RightDuringDispense,Left,0,0,95,0,,,42.97
3/8/2023 2:30:40,1.17.0,Free_feed,5,4.02,,1,RightDuringDispense,Left,0,0,95,0,,,2.68
3/8/2023 2:30:58,1.17.0,Free_feed,5,4.01,,1,RightDuringDispense,Left,0,0,95,0,,,17.98
3/8/2023 2:31:00,1.17.0,Free_feed,5,4.01,,1,RightDuringDispense,Left,0,0,95,0,,,1.48
3/8/2023 2:31:01,1.17.0,Free_feed,5,4.01,,1,RightDuringDispense,Left,0,0,95,0,,,1.38
3/8/2023 2:31:03,1.17.0,Free_feed,5,4.01,,1,RightDuringDispense,Left,0,0,95,0,,,1.04
3/8/2023 2:31:17,1.17.0,Free_feed,5,4.01,,1,RightDuringDispense,Left,0,0,95,0,,,14.32
3/8/2023 2:31:26,1.17.0,Free_feed,5,4.01,,1,RightDuringDispense,Left,0,0,95,0,,,8.49
3/8/2023 2:31:30,1.17.0,Free_feed,5,4.01,,1,RightDuringDispense,Left,0,0,95,0,,,4.1
3/8/2023 2:31:31,1.17.0,Free_feed,5,4.02,,1,RightDuringDispense,Left,0,0,95,0,,,0.02
3/8/2023 2:31:33,1.17.0,Free_feed,5,4.01,,1,RightDuringDispense,Left,0,0,95,0,,,0.13
3/8/2023 2:31:36,1.17.0,Free_feed,5,4.01,,1,RightDuringDispense,Left,0,0,95,0,,,2.23
3/8/2023 2:31:36,1.17.0,Free_feed,5,4.01,,1,RightDuringDispense,Left,0,0,95,0,,,0.01
3/8/2023 2:31:37,1.17.0,Free_feed,5,4.01,,1,RightDuringDispense,Left,0,0,95,0,,,0.45
3/8/2023 2:31:39,1.17.0,Free_feed,5,4.01,,1,RightDuringDispense,Left,0,0,95,0,,,0.05
3/8/2023 2:37:50,1.17.0,Free_feed,5,4.02,4.0,1,Pellet,Left,0,0,96,0,1.20,1193.0,
3/8/2023 3:31:11,1.17.0,Free_feed,5,4.0,,1,RightDuringDispense,Left,0,0,96,0,,,3194.91
3/8/2023 3:34:03,1.17.0,Free_feed,5,4.01,,1,RightDuringDispense,Left,0,0,96,0,,,171.96
3/8/2023 3:34:05,1.17.0,Free_feed,5,4.01,,1,RightDuringDispense,Left,0,0,96,0,,,1.43
3/8/2023 3:34:15,1.17.0,Free_feed,5,4.01,,1,RightDuringDispense,Left,0,0,96,0,,,9.22
3/8/2023 3:40:59,1.17.0,Free_feed,5,4.0,,1,RightDuringDispense,Left,0,0,96,0,,,403.56
3/8/2023 3:44:41,1.17.0,Free_feed,5,4.01,3.0,1,Pellet,Left,0,0,97,0,0.42,4011.0,
3/8/2023 3:44:47,1.17.0,Free_feed,5,4.01,,1,RightDuringDispense,Left,0,0,97,0,,,0.24
3/8/2023 3:44:48,1.17.0,Free_feed,5,4.0,,1,RightDuringDispense,Left,0,0,97,0,,,0.54
3/8/2023 3:44:55,1.17.0,Free_feed,5,4.0,,1,RightDuringDispense,Left,0,0,97,0,,,6.59
3/8/2023 3:47:08,1.17.0,Free_feed,5,4.0,3.0,1,Pellet,Left,0,0,98,0,Timed_out,147.0,
3/8/2023 3:47:26,1.17.0,Free_feed,5,4.0,2.0,1,Pellet,Left,0,0,99,0,11.21,18.0,
3/8/2023 3:47:41,1.17.0,Free_feed,5,4.0,1.0,1,Pellet,Left,0,0,100,0,13.67,15.0,
3/8/2023 3:47:53,1.17.0,Free_feed,5,4.01,1.0,1,Pellet,Left,0,0,101,0,5.26,12.0,
3/8/2023 3:48:07,1.17.0,Free_feed,5,4.01,1.0,1,Pellet,Left,0,0,102,0,6.92,13.0,
3/8/2023 3:48:22,1.17.0,Free_feed,5,4.01,1.0,1,Pellet,Left,0,0,103,0,8.02,16.0,
3/8/2023 3:48:36,1.17.0,Free_feed,5,4.0,1.0,1,Pellet,Left,0,0,104,0,7.96,14.0,
3/8/2023 3:48:53,1.17.0,Free_feed,5,4.0,2.0,1,Pellet,Left,0,0,105,0,9.43,17.0,
3/8/2023 3:49:11,1.17.0,Free_feed,5,4.0,1.0,1,Pellet,Left,0,0,106,0,16.19,18.0,
3/8/2023 3:49:28,1.17.0,Free_feed,5,4.0,1.0,1,Pellet,Left,0,0,107,0,10.35,17.0,
3/8/2023 3:49:47,1.17.0,Free_feed,5,4.0,2.0,1,Pellet,Left,0,0,108,0,10.54,19.0,
3/8/2023 3:49:48,1.17.0,Free_feed,5,4.0,1.0,1,Pellet,Left,0,0,109,0,0.12,1.0,
3/8/2023 3:50:08,1.17.0,Free_feed,5,4.01,1.0,1,Pellet,Left,0,0,110,0,18.59,20.0,
3/8/2023 3:50:09,1.17.0,Free_feed,5,4.01,1.0,1,Pellet,Left,0,0,111,0,0.30,1.0,
3/8/2023 3:50:29,1.17.0,Free_feed,5,4.0,2.0,1,Pellet,Left,0,0,112,0,12.93,20.0,
3/8/2023 3:50:46,1.17.0,Free_feed,5,4.0,1.0,1,Pellet,Left,0,0,113,0,15.15,16.0,
3/8/2023 3:50:47,1.17.0,Free_feed,5,4.0,1.0,1,Pellet,Left,0,0,114,0,0.18,1.0,
3/8/2023 3:51:10,1.17.0,Free_feed,5,4.01,1.0,1,Pellet,Left,0,0,115,0,16.31,24.0,
3/8/2023 3:51:25,1.17.0,Free_feed,5,4.0,2.0,1,Pellet,Left,0,0,116,0,8.02,15.0,
3/8/2023 3:51:50,1.17.0,Free_feed,5,4.0,2.0,1,Pellet,Left,0,0,117,0,16.37,25.0,
3/8/2023 3:51:51,1.17.0,Free_feed,5,4.0,1.0,1,Pellet,Left,0,0,118,0,0.18,1.0,
3/8/2023 4:07:58,1.17.0,Free_feed,5,4.0,2.0,1,Pellet,Left,0,0,119,0,Timed_out,967.0,
3/8/2023 4:18:56,1.17.0,Free_feed,5,4.0,1.0,1,Pellet,Left,0,0,120,0,Timed_out,658.0,
3/8/2023 4:18:58,1.17.0,Free_feed,5,4.0,1.0,1,Pellet,Left,0,0,121,0,0.67,2.0,
3/8/2023 4:33:23,1.17.0,Free_feed,5,4.0,1.0,1,Pellet,Left,0,0,122,0,Timed_out,865.0,
3/8/2023 4:33:24,1.17.0,Free_feed,5,4.0,1.0,1,Pellet,Left,0,0,123,0,0.18,1.0,
3/8/2023 4:34:01,1.17.0,Free_feed,5,4.0,1.0,1,Pellet,Left,0,0,124,0,35.71,37.0,
3/8/2023 4:34:19,1.17.0,Free_feed,5,4.0,1.0,1,Pellet,Left,0,0,125,0,11.34,18.0,
3/8/2023 4:34:20,1.17.0,Free_feed,5,4.0,1.0,1,Pellet,Left,0,0,126,0,0.30,1.0,
3/8/2023 4:34:23,1.17.0,Free_feed,5,4.0,1.0,1,Pellet,Left,0,0,127,0,2.13,3.0,
3/8/2023 4:34:40,1.17.0,Free_feed,5,4.0,1.0,1,Pellet,Left,0,0,128,0,10.11,17.0,
3/8/2023 4:34:41,1.17.0,Free_feed,5,4.0,1.0,1,Pellet,Left,0,0,129,0,0.12,1.0,
3/8/2023 4:34:55,1.17.0,Free_feed,5,4.0,1.0,1,Pellet,Left,0,0,130,0,7.41,14.0,
3/8/2023 4:35:16,1.17.0,Free_feed,5,4.0,1.0,1,Pellet,Left,0,0,131,0,19.14,21.0,
3/8/2023 4:35:17,1.17.0,Free_feed,5,4.0,1.0,1,Pellet,Left,0,0,132,0,0.67,1.0,
3/8/2023 4:35:44,1.17.0,Free_feed,5,4.0,1.0,1,Pellet,Left,0,0,133,0,20.38,27.0,
3/8/2023 5:03:35,1.17.0,Free_feed,5,4.0,2.0,1,Pellet,Left,0,0,134,0,Timed_out,1671.0,
3/8/2023 5:03:36,1.17.0,Free_feed,5,4.0,1.0,1,Pellet,Left,0,0,135,0,0.36,1.0,
3/8/2023 5:03:58,1.17.0,Free_feed,5,4.0,1.0,1,Pellet,Left,0,0,136,0,15.21,22.0,
3/8/2023 5:04:19,1.17.0,Free_feed,5,4.0,1.0,1,Pellet,Left,0,0,137,0,13.86,21.0,
3/8/2023 5:04:42,1.17.0,Free_feed,5,4.0,1.0,1,Pellet,Left,0,0,138,0,16.19,23.0,
3/8/2023 5:05:04,1.17.0,Free_feed,5,4.0,1.0,1,Pellet,Left,0,0,139,0,14.47,21.0,
3/8/2023 5:05:24,1.17.0,Free_feed,5,4.0,1.0,1,Pellet,Left,0,0,140,0,13.80,21.0,
3/8/2023 5:05:25,1.17.0,Free_feed,5,4.0,1.0,1,Pellet,Left,0,0,141,0,0.30,1.0,
3/8/2023 5:05:49,1.17.0,Free_feed,5,4.0,1.0,1,Pellet,Left,0,0,142,0,16.74,24.0,
3/8/2023 5:05:50,1.17.0,Free_feed,5,4.0,1.0,1,Pellet,Left,0,0,143,0,0.18,1.0,
3/8/2023 5:05:51,1.17.0,Free_feed,5,4.0,1.0,1,Pellet,Left,0,0,144,0,0.24,1.0,
3/8/2023 5:06:10,1.17.0,Free_feed,5,4.0,1.0,1,Pellet,Left,0,0,145,0,11.83,19.0,
3/8/2023 6:08:07,1.17.0,Free_feed,5,4.0,1.0,1,Pellet,Left,0,0,146,0,Timed_out,3717.0,
3/8/2023 6:08:09,1.17.0,Free_feed,5,4.0,1.0,1,Pellet,Left,0,0,147,0,0.42,2.0,
3/8/2023 6:08:10,1.17.0,Free_feed,5,4.0,1.0,1,Pellet,Left,0,0,148,0,0.12,1.0,
3/8/2023 6:08:11,1.17.0,Free_feed,5,4.0,1.0,1,Pellet,Left,0,0,149,0,0.24,1.0,
3/8/2023 6:08:12,1.17.0,Free_feed,5,4.0,1.0,1,Pellet,Left,0,0,150,0,0.06,1.0,
3/8/2023 6:10:26,1.17.0,Free_feed,5,4.0,1.0,1,Pellet,Left,0,0,151,0,Timed_out,134.0,
3/8/2023 6:10:42,1.17.0,Free_feed,5,4.0,1.0,1,Pellet,Left,0,0,152,0,14.04,16.0,
3/8/2023 6:10:43,1.17.0,Free_feed,5,4.0,1.0,1,Pellet,Left,0,0,153,0,0.24,1.0,
3/8/2023 6:10:46,1.17.0,Free_feed,5,4.0,1.0,1,Pellet,Left,0,0,154,0,1.95,3.0,
3/8/2023 6:10:58,1.17.0,Free_feed,5,4.0,1.0,1,Pellet,Left,0,0,155,0,5.14,12.0,
3/8/2023 6:11:12,1.17.0,Free_feed,5,4.0,1.0,1,Pellet,Left,0,0,156,0,7.65,14.0,
3/8/2023 6:11:26,1.17.0,Free_feed,5,4.0,1.0,1,Pellet,Left,0,0,157,0,7.22,13.0,
3/8/2023 6:11:41,1.17.0,Free_feed,5,4.0,1.0,1,Pellet,Left,0,0,158,0,8.33,16.0,
3/8/2023 6:11:47,1.17.0,Free_feed,5,4.0,1.0,1,Pellet,Left,0,0,159,0,0.48,6.0,
3/8/2023 6:11:48,1.17.0,Free_feed,5,4.0,1.0,1,Pellet,Left,0,0,160,0,0.18,1.0,
3/8/2023 6:11:53,1.17.0,Free_feed,5,4.0,1.0,1,Pellet,Left,0,0,161,0,3.67,5.0,
3/8/2023 6:12:01,1.17.0,Free_feed,5,4.0,1.0,1,Pellet,Left,0,0,162,0,6.98,8.0,
3/8/2023 6:12:14,1.17.0,Free_feed,5,4.0,1.0,1,Pellet,Left,0,0,163,0,6.98,13.0,
3/8/2023 6:27:16,1.17.0,Free_feed,5,4.0,1.0,1,Pellet,Left,0,0,164,0,Timed_out,902.0,
3/8/2023 6:27:31,1.17.0,Free_feed,5,4.0,1.0,1,Pellet,Left,0,0,165,0,7.35,15.0,
3/8/2023 6:27:50,1.17.0,Free_feed,5,4.0,1.0,1,Pellet,Left,0,0,166,0,13.06,19.0,
3/8/2023 6:28:04,1.17.0,Free_feed,5,4.0,1.0,1,Pellet,Left,0,0,167,0,6.61,14.0,
3/8/2023 6:28:18,1.17.0,Free_feed,5,4.0,1.0,1,Pellet,Left,0,0,168,0,7.47,14.0,
3/8/2023 6:28:35,1.17.0,Free_feed,5,4.0,1.0,1,Pellet,Left,0,0,169,0,15.89,17.0,
3/8/2023 6:28:51,1.17.0,Free_feed,5,4.0,1.0,1,Pellet,Left,0,0,170,0,9.01,16.0,
3/8/2023 6:28:53,1.17.0,Free_feed,5,4.0,1.0,1,Pellet,Left,0,0,171,0,0.06,1.0,
3/8/2023 8:15:03,1.17.0,Free_feed,5,3.99,1.0,1,Pellet,Left,0,0,172,0,Timed_out,6371.0,
3/8/2023 8:15:48,1.17.0,Free_feed,5,3.99,2.0,1,Pellet,Left,0,0,173,0,37.50,45.0,
3/8/2023 8:16:09,1.17.0,Free_feed,5,4.0,1.0,1,Pellet,Left,0,0,174,0,19.20,21.0,
3/8/2023 8:16:25,1.17.0,Free_feed,5,3.99,1.0,1,Pellet,Left,0,0,175,0,8.94,16.0,
3/8/2023 8:16:26,1.17.0,Free_feed,5,4.0,1.0,1,Pellet,Left,0,0,176,0,0.06,1.0,
3/8/2023 8:16:27,1.17.0,Free_feed,5,3.99,1.0,1,Pellet,Left,0,0,177,0,0.42,1.0,
3/8/2023 8:16:46,1.17.0,Free_feed,5,4.0,2.0,1,Pellet,Left,0,0,178,0,11.70,19.0,
3/8/2023 8:17:03,1.17.0,Free_feed,5,4.0,1.0,1,Pellet,Left,0,0,179,0,16.13,17.0,
3/8/2023 8:17:24,1.17.0,Free_feed,5,3.99,1.0,1,Pellet,Left,0,0,180,0,17.97,21.0,
3/8/2023 8:17:42,1.17.0,Free_feed,5,3.99,1.0,1,Pellet,Left,0,0,181,0,11.89,18.0,
3/8/2023 8:18:04,1.17.0,Free_feed,5,4.0,1.0,1,Pellet,Left,0,0,182,0,20.68,22.0,
3/8/2023 8:18:25,1.17.0,Free_feed,5,3.99,1.0,1,Pellet,Left,0,0,183,0,13.86,21.0,
3/8/2023 8:18:26,1.17.0,Free_feed,5,4.0,1.0,1,Pellet,Left,0,0,184,0,0.06,1.0,
3/8/2023 8:18:47,1.17.0,Free_feed,5,3.99,1.0,1,Pellet,Left,0,0,185,0,19.21,21.0,
3/8/2023 8:18:48,1.17.0,Free_feed,5,3.99,1.0,1,Pellet,Left,0,0,186,0,0.30,1.0,
3/8/2023 8:19:13,1.17.0,Free_feed,5,3.99,1.0,1,Pellet,Left,0,0,187,0,23.33,25.0,
3/8/2023 8:19:33,1.17.0,Free_feed,5,3.99,1.0,1,Pellet,Left,0,0,188,0,12.75,20.0,
3/8/2023 8:19:34,1.17.0,Free_feed,5,4.0,1.0,1,Pellet,Left,0,0,189,0,0.12,0.0,
3/8/2023 9:51:58,1.17.0,Free_feed,5,3.99,2.0,1,Pellet,Left,0,0,190,0,Timed_out,5545.0,
3/8/2023 9:52:17,1.17.0,Free_feed,5,3.99,1.0,1,Pellet,Left,0,0,191,0,12.38,19.0,
3/8/2023 9:52:44,1.17.0,Free_feed,5,3.99,1.0,1,Pellet,Left,0,0,192,0,24.56,27.0,
3/8/2023 9:53:01,1.17.0,Free_feed,5,3.99,1.0,1,Pellet,Left,0,0,193,0,10.36,17.0,
3/8/2023 9:53:18,1.17.0,Free_feed,5,3.99,1.0,1,Pellet,Left,0,0,194,0,15.89,17.0,
3/8/2023 9:53:35,1.17.0,Free_feed,5,3.99,1.0,1,Pellet,Left,0,0,195,0,15.95,17.0,
3/8/2023 9:53:51,1.17.0,Free_feed,5,3.99,1.0,1,Pellet,Left,0,0,196,0,8.09,16.0,
3/8/2023 9:54:12,1.17.0,Free_feed,5,3.99,1.0,1,Pellet,Left,0,0,197,0,14.23,21.0,
3/8/2023 9:54:13,1.17.0,Free_feed,5,3.99,1.0,1,Pellet,Left,0,0,198,0,0.24,1.0,
3/8/2023 9:54:14,1.17.0,Free_feed,5,3.99,1.0,1,Pellet,Left,0,0,199,0,0.18,1.0,
3/8/2023 9:54:15,1.17.0,Free_feed,5,3.99,1.0,1,Pellet,Left,0,0,200,0,0.30,1.0,
3/8/2023 9:54:17,1.17.0,Free_feed,5,3.99,1.0,1,Pellet,Left,0,0,201,0,0.79,1.0,
3/8/2023 9:54:18,1.17.0,Free_feed,5,3.99,1.0,1,Pellet,Left,0,0,202,0,0.73,2.0,
3/8/2023 9:54:20,1.17.0,Free_feed,5,3.99,1.0,1,Pellet,Left,0,0,203,0,0.91,2.0,
3/8/2023 9:54:37,1.17.0,Free_feed,5,3.99,1.0,1,Pellet,Left,0,0,204,0,10.97,17.0,
3/8/2023 11:15:23,1.17.0,Free_feed,5,3.98,1.0,1,Pellet,Left,0,0,205,0,Timed_out,4846.0,
3/8/2023 11:15:42,1.17.0,Free_feed,5,3.98,1.0,1,Pellet,Left,0,0,206,0,17.97,19.0,
3/8/2023 11:15:46,1.17.0,Free_feed,5,3.99,1.0,1,Pellet,Left,0,0,207,0,0.06,3.0,
3/8/2023 11:16:00,1.17.0,Free_feed,5,3.99,1.0,1,Pellet,Left,0,0,208,0,7.83,15.0,
3/8/2023 11:16:16,1.17.0,Free_feed,5,3.98,1.0,1,Pellet,Left,0,0,209,0,9.92,16.0,
3/8/2023 11:16:34,1.17.0,Free_feed,5,3.99,2.0,1,Pellet,Left,0,0,210,0,9.25,18.0,
3/8/2023 11:16:52,1.17.0,Free_feed,5,3.98,1.0,1,Pellet,Left,0,0,211,0,16.80,18.0,
3/8/2023 11:17:15,1.17.0,Free_feed,5,3.99,1.0,1,Pellet,Left,0,0,212,0,21.28,23.0,
3/8/2023 11:17:35,1.17.0,Free_feed,5,3.99,1.0,1,Pellet,Left,0,0,213,0,18.77,20.0,
3/8/2023 11:17:57,1.17.0,Free_feed,5,3.99,1.0,1,Pellet,Left,0,0,214,0,15.02,22.0,
3/8/2023 11:18:15,1.17.0,Free_feed,5,3.99,1.0,1,Pellet,Left,0,0,215,0,11.15,18.0,
3/8/2023 11:18:16,1.17.0,Free_feed,5,3.99,1.0,1,Pellet,Left,0,0,216,0,0.06,1.0,
3/8/2023 11:18:37,1.17.0,Free_feed,5,3.99,1.0,1,Pellet,Left,0,0,217,0,14.22,21.0,
3/8/2023 11:18:55,1.17.0,Free_feed,5,3.99,1.0,1,Pellet,Left,0,0,218,0,11.52,18.0,
3/8/2023 11:18:56,1.17.0,Free_feed,5,3.99,1.0,1,Pellet,Left,0,0,219,0,0.06,1.0,
3/8/2023 11:19:14,1.17.0,Free_feed,5,3.99,1.0,1,Pellet,Left,0,0,220,0,10.84,18.0,
3/8/2023 11:19:36,1.17.0,Free_feed,5,3.98,2.0,1,Pellet,Left,0,0,221,0,15.51,22.0,
3/8/2023 15:51:54,1.17.0,Free_feed,5,3.98,1.0,1,Pellet,Left,0,0,222,0,Timed_out,16338.0,
3/8/2023 15:53:11,1.17.0,Free_feed,5,3.98,1.0,1,Pellet,Left,0,0,223,0,Timed_out,77.0,
3/8/2023 15:53:12,1.17.0,Free_feed,5,3.98,1.0,1,Pellet,Left,0,0,224,0,0.24,1.0,
3/8/2023 15:53:13,1.17.0,Free_feed,5,3.98,1.0,1,Pellet,Left,0,0,225,0,0.06,1.0,
3/8/2023 15:53:14,1.17.0,Free_feed,5,3.98,1.0,1,Pellet,Left,0,0,226,0,0.06,1.0,
3/8/2023 15:53:32,1.17.0,Free_feed,5,3.98,1.0,1,Pellet,Left,0,0,227,0,16.51,18.0,
3/8/2023 15:53:47,1.17.0,Free_feed,5,3.98,1.0,1,Pellet,Left,0,0,228,0,9.13,15.0,
3/8/2023 15:53:49,1.17.0,Free_feed,5,3.98,1.0,1,Pellet,Left,0,0,229,0,0.06,1.0,
3/8/2023 15:54:07,1.17.0,Free_feed,5,3.98,1.0,1,Pellet,Left,0,0,230,0,11.47,19.0,
3/8/2023 15:54:24,1.17.0,Free_feed,5,3.98,1.0,1,Pellet,Left,0,0,231,0,10.36,17.0,
3/8/2023 15:54:44,1.17.0,Free_feed,5,3.98,1.0,1,Pellet,Left,0,0,232,0,13.86,20.0,
3/8/2023 15:55:02,1.17.0,Free_feed,5,3.98,1.0,1,Pellet,Left,0,0,233,0,10.24,17.0,
3/8/2023 15:55:21,1.17.0,Free_feed,5,3.98,1.0,1,Pellet,Left,0,0,234,0,18.05,20.0,
3/8/2023 15:55:41,1.17.0,Free_feed,5,3.98,1.0,1,Pellet,Left,0,0,235,0,13.31,20.0,
3/8/2023 16:36:58,1.17.0,Free_feed,5,3.98,1.0,1,Pellet,Left,0,0,236,0,Timed_out,2477.0,
3/8/2023 16:37:34,1.17.0,Free_feed,5,3.98,1.0,1,Pellet,Left,0,0,237,0,34.25,36.0,
3/8/2023 16:37:49,1.17.0,Free_feed,5,3.98,1.0,1,Pellet,Left,0,0,238,0,8.45,15.0,
3/8/2023 16:37:50,1.17.0,Free_feed,5,3.98,1.0,1,Pellet,Left,0,0,239,0,0.18,1.0,
3/8/2023 16:38:04,1.17.0,Free_feed,5,3.98,1.0,1,Pellet,Left,0,0,240,0,7.90,14.0,
3/8/2023 16:38:23,1.17.0,Free_feed,5,3.98,1.0,1,Pellet,Left,0,0,241,0,11.10,19.0,
3/8/2023 16:38:24,1.17.0,Free_feed,5,3.98,1.0,1,Pellet,Left,0,0,242,0,0.06,1.0,
3/8/2023 16:38:40,1.17.0,Free_feed,5,3.98,2.0,1,Pellet,Left,0,0,243,0,6.98,16.0,
3/8/2023 16:38:59,1.17.0,Free_feed,5,3.98,1.0,1,Pellet,Left,0,0,244,0,17.92,19.0,
3/8/2023 16:39:20,1.17.0,Free_feed,5,3.98,1.0,1,Pellet,Left,0,0,245,0,19.76,21.0,
3/8/2023 16:39:42,1.17.0,Free_feed,5,3.98,1.0,1,Pellet,Left,0,0,246,0,15.46,22.0,
3/8/2023 17:51:37,1.17.0,Free_feed,5,3.97,1.0,1,Pellet,Left,0,0,247,0,Timed_out,4315.0,
3/8/2023 17:51:40,1.17.0,Free_feed,5,3.97,1.0,1,Pellet,Left,0,0,248,0,0.06,3.0,
3/8/2023 17:51:41,1.17.0,Free_feed,5,3.97,1.0,1,Pellet,Left,0,0,249,0,0.06,1.0,
3/8/2023 17:52:08,1.17.0,Free_feed,5,3.97,1.0,1,Pellet,Left,0,0,250,0,20.74,27.0,
3/8/2023 17:52:09,1.17.0,Free_feed,5,3.97,1.0,1,Pellet,Left,0,0,251,0,0.24,1.0,
3/8/2023 17:52:33,1.17.0,Free_feed,5,3.97,1.0,1,Pellet,Left,0,0,252,0,16.63,23.0,
3/8/2023 17:52:51,1.17.0,Free_feed,5,3.97,1.0,1,Pellet,Left,0,0,253,0,11.65,19.0,
3/8/2023 17:53:11,1.17.0,Free_feed,5,3.97,1.0,1,Pellet,Left,0,0,254,0,14.11,20.0,
3/8/2023 17:53:32,1.17.0,Free_feed,5,3.97,1.0,1,Pellet,Left,0,0,255,0,19.58,21.0,
3/8/2023 17:53:52,1.17.0,Free_feed,5,3.97,1.0,1,Pellet,Left,0,0,256,0,13.37,20.0,
3/8/2023 17:54:12,1.17.0,Free_feed,5,3.97,2.0,1,Pellet,Left,0,0,257,0,13.13,20.0,
3/8/2023 17:54:29,1.17.0,Free_feed,5,3.98,1.0,1,Pellet,Left,0,0,258,0,15.70,17.0,
3/8/2023 17:54:48,1.17.0,Free_feed,5,3.98,2.0,1,Pellet,Left,0,0,259,0,10.05,19.0,
3/8/2023 17:55:08,1.17.0,Free_feed,5,3.98,1.0,1,Pellet,Left,0,0,260,0,12.63,19.0,
3/8/2023 17:55:32,1.17.0,Free_feed,5,3.97,2.0,1,Pellet,Left,0,0,261,0,17.80,25.0,
3/8/2023 17:55:46,1.17.0,Free_feed,5,3.97,1.0,1,Pellet,Left,0,0,262,0,7.04,14.0,
3/8/2023 17:55:58,1.17.0,Free_feed,5,3.97,1.0,1,Pellet,Left,0,0,263,0,5.26,12.0,
3/8/2023 17:55:59,1.17.0,Free_feed,5,3.97,1.0,1,Pellet,Left,0,0,264,0,0.06,1.0,
