MM:DD:YYYY hh:mm:ss,Library_Version,Session_type,Device_Number,Battery_Voltage,Motor_Turns,FR,Event,Active_Poke,Left_Poke_Count,Right_Poke_Count,Pellet_Count,Block_Pellet_Count,Retrieval_Time,InterPelletInterval,Poke_Time
3/29/2023 9:57:24,1.14.0,Free_feed,6,4.20,1,1,Pellet,Left,0,0,1,0,26.67,nan,nan
3/29/2023 9:59:50,1.14.0,Free_feed,6,4.20,3,1,Pellet,Left,0,0,2,0,Timed_out,145,nan
3/29/2023 10:38:41,1.14.0,Free_feed,6,4.20,nan,1,RightWithPellet,Left,0,1,2,0,nan,nan,0.08
3/29/2023 10:39:34,1.14.0,Free_feed,6,4.20,nan,1,RightWithPellet,Left,0,2,2,0,nan,nan,0.20
3/29/2023 10:39:39,1.14.0,Free_feed,6,4.19,nan,1,RightWithPellet,Left,0,3,2,0,nan,nan,0.08
3/29/2023 10:41:42,1.14.0,Free_feed,6,4.20,nan,1,RightWithPellet,Left,0,4,2,0,nan,nan,0.32
3/29/2023 10:43:49,1.14.0,Free_feed,6,4.19,nan,1,RightWithPellet,Left,0,5,2,0,nan,nan,0.32
3/29/2023 10:44:19,1.14.0,Free_feed,6,4.20,nan,1,RightWithPellet,Left,0,6,2,0,nan,nan,0.08
3/29/2023 10:48:55,1.14.0,Free_feed,6,4.20,nan,1,RightWithPellet,Left,0,7,2,0,nan,nan,0.15
3/29/2023 10:48:57,1.14.0,Free_feed,6,4.19,nan,1,RightWithPellet,Left,0,8,2,0,nan,nan,0.05
3/29/2023 10:49:01,1.14.0,Free_feed,6,4.19,nan,1,RightWithPellet,Left,0,9,2,0,nan,nan,0.06
3/29/2023 10:49:04,1.14.0,Free_feed,6,4.20,nan,1,RightWithPellet,Left,0,10,2,0,nan,nan,0.90
3/29/2023 10:49:07,1.14.0,Free_feed,6,4.20,nan,1,RightWithPellet,Left,0,11,2,0,nan,nan,0.64
3/29/2023 10:49:18,1.14.0,Free_feed,6,4.19,nan,1,RightWithPellet,Left,0,12,2,0,nan,nan,0.08
3/29/2023 10:49:22,1.14.0,Free_feed,6,4.20,nan,1,RightWithPellet,Left,0,13,2,0,nan,nan,0.43
3/29/2023 10:49:48,1.14.0,Free_feed,6,4.19,1,1,Pellet,Left,0,13,3,0,Timed_out,2999,nan
3/29/2023 10:49:49,1.14.0,Free_feed,6,4.20,1,1,Pellet,Left,0,13,4,0,0.06,1,nan
3/29/2023 10:50:49,1.14.0,Free_feed,6,4.19,3,1,Pellet,Left,0,13,5,0,49.07,60,nan
3/29/2023 10:50:50,1.14.0,Free_feed,6,4.19,1,1,Pellet,Left,0,13,6,0,0.24,1,nan
3/29/2023 10:51:33,1.14.0,Free_feed,6,4.19,2,1,Pellet,Left,0,13,7,0,35.05,43,nan
3/29/2023 10:51:56,1.14.0,Free_feed,6,4.20,1,1,Pellet,Left,0,13,8,0,15.95,23,nan
3/29/2023 10:52:12,1.14.0,Free_feed,6,4.20,1,1,Pellet,Left,0,13,9,0,9.13,16,nan
3/29/2023 10:52:27,1.14.0,Free_feed,6,4.19,1,1,Pellet,Left,0,13,10,0,8.64,15,nan
3/29/2023 10:53:05,1.14.0,Free_feed,6,4.20,1,1,Pellet,Left,0,13,11,0,30.36,38,nan
3/29/2023 10:53:20,1.14.0,Free_feed,6,4.19,1,1,Pellet,Left,0,13,12,0,6.98,15,nan
3/29/2023 10:53:21,1.14.0,Free_feed,6,4.20,1,1,Pellet,Left,0,13,13,0,0.06,1,nan
3/29/2023 10:53:23,1.14.0,Free_feed,6,4.20,1,1,Pellet,Left,0,13,14,0,0.55,2,nan
3/29/2023 10:53:28,1.14.0,Free_feed,6,4.19,1,1,Pellet,Left,0,13,15,0,0.06,5,nan
3/29/2023 10:54:21,1.14.0,Free_feed,6,4.19,nan,1,LeftWithPellet,Left,1,13,15,0,nan,nan,0.79
3/29/2023 10:54:21,1.14.0,Free_feed,6,4.19,nan,1,LeftWithPellet,Left,2,13,15,0,nan,nan,0.38
3/29/2023 10:54:22,1.14.0,Free_feed,6,4.19,nan,1,LeftWithPellet,Left,3,13,15,0,nan,nan,0.41
3/29/2023 10:54:23,1.14.0,Free_feed,6,4.20,nan,1,LeftWithPellet,Left,4,13,15,0,nan,nan,0.30
3/29/2023 10:54:25,1.14.0,Free_feed,6,4.20,nan,1,LeftWithPellet,Left,5,13,15,0,nan,nan,0.01
3/29/2023 10:54:27,1.14.0,Free_feed,6,4.19,2,1,Pellet,Left,5,13,16,0,51.86,59,nan
3/29/2023 10:54:35,1.14.0,Free_feed,6,4.20,2,1,Pellet,Left,5,13,17,0,0.73,8,nan
3/29/2023 10:58:12,1.14.0,Free_feed,6,4.19,1,1,Pellet,Left,5,13,18,0,Timed_out,217,nan
3/29/2023 10:58:39,1.14.0,Free_feed,6,4.19,2,1,Pellet,Left,5,13,19,0,20.02,27,nan
3/29/2023 11:02:57,1.14.0,Free_feed,6,4.19,nan,1,LeftWithPellet,Left,6,13,19,0,nan,nan,0.19
3/29/2023 11:03:01,1.14.0,Free_feed,6,4.19,nan,1,RightWithPellet,Left,6,14,19,0,nan,nan,0.02
3/29/2023 11:07:02,1.14.0,Free_feed,6,4.19,nan,1,RightWithPellet,Left,6,15,19,0,nan,nan,0.01
3/29/2023 11:07:04,1.14.0,Free_feed,6,4.20,nan,1,RightWithPellet,Left,6,16,19,0,nan,nan,0.71
3/29/2023 11:08:40,1.14.0,Free_feed,6,4.19,nan,1,LeftWithPellet,Left,7,16,19,0,nan,nan,0.06
3/29/2023 11:08:42,1.14.0,Free_feed,6,4.20,nan,1,LeftWithPellet,Left,8,16,19,0,nan,nan,0.27
3/29/2023 11:09:03,1.14.0,Free_feed,6,4.19,1,1,Pellet,Left,8,16,20,0,Timed_out,624,nan
3/29/2023 11:09:23,1.14.0,Free_feed,6,4.18,1,1,Pellet,Left,8,16,21,0,13.74,20,nan
3/29/2023 11:09:42,1.14.0,Free_feed,6,4.19,1,1,Pellet,Left,8,16,22,0,10.97,19,nan
3/29/2023 11:09:48,1.14.0,Free_feed,6,4.20,nan,1,LeftWithPellet,Left,9,16,22,0,nan,nan,0.05
3/29/2023 11:11:38,1.14.0,Free_feed,6,4.20,1,1,Pellet,Left,9,16,23,0,Timed_out,116,nan
3/29/2023 11:11:48,1.14.0,Free_feed,6,4.19,1,1,Pellet,Left,9,16,24,0,3.18,10,nan
3/29/2023 11:14:23,1.14.0,Free_feed,6,4.19,nan,1,RightWithPellet,Left,9,17,24,0,nan,nan,0.08
3/29/2023 11:19:56,1.14.0,Free_feed,6,4.18,nan,1,RightWithPellet,Left,9,18,24,0,nan,nan,0.35
3/29/2023 11:20:06,1.14.0,Free_feed,6,4.19,nan,1,RightWithPellet,Left,9,19,24,0,nan,nan,0.15
3/29/2023 11:20:13,1.14.0,Free_feed,6,4.19,1,1,Pellet,Left,9,19,25,0,Timed_out,505,nan
3/29/2023 11:20:17,1.14.0,Free_feed,6,4.20,nan,1,RightWithPellet,Left,9,20,25,0,nan,nan,1.18
3/29/2023 11:20:21,1.14.0,Free_feed,6,4.19,nan,1,RightWithPellet,Left,9,21,25,0,nan,nan,0.42
3/29/2023 11:20:27,1.14.0,Free_feed,6,4.19,nan,1,LeftWithPellet,Left,10,21,25,0,nan,nan,0.30
3/29/2023 11:20:30,1.14.0,Free_feed,6,4.19,nan,1,RightWithPellet,Left,10,22,25,0,nan,nan,0.02
3/29/2023 11:20:50,1.14.0,Free_feed,6,4.20,nan,1,RightWithPellet,Left,10,23,25,0,nan,nan,0.07
3/29/2023 11:22:10,1.14.0,Free_feed,6,4.19,nan,1,LeftWithPellet,Left,11,23,25,0,nan,nan,0.29
3/29/2023 11:22:15,1.14.0,Free_feed,6,4.19,nan,1,LeftWithPellet,Left,12,23,25,0,nan,nan,0.03
3/29/2023 11:22:18,1.14.0,Free_feed,6,4.19,1,1,Pellet,Left,12,23,26,0,Timed_out,125,nan
3/29/2023 11:22:20,1.14.0,Free_feed,6,4.19,1,1,Pellet,Left,12,23,27,0,0.06,2,nan
3/29/2023 11:22:35,1.14.0,Free_feed,6,4.20,1,1,Pellet,Left,12,23,28,0,8.09,15,nan
3/29/2023 11:23:23,1.14.0,Free_feed,6,4.20,1,1,Pellet,Left,12,23,29,0,45.04,48,nan
3/29/2023 11:24:28,1.14.0,Free_feed,6,4.19,1,1,Pellet,Left,12,23,30,0,58.03,65,nan
3/29/2023 11:24:36,1.14.0,Free_feed,6,4.19,1,1,Pellet,Left,12,23,31,0,2.01,8,nan
3/29/2023 11:28:02,1.14.0,Free_feed,6,4.19,nan,1,RightWithPellet,Left,12,24,31,0,nan,nan,0.23
3/29/2023 11:30:20,1.14.0,Free_feed,6,4.19,nan,1,RightWithPellet,Left,12,25,31,0,nan,nan,0.19
3/29/2023 11:30:21,1.14.0,Free_feed,6,4.18,nan,1,LeftWithPellet,Left,13,25,31,0,nan,nan,0.04
3/29/2023 11:31:15,1.14.0,Free_feed,6,4.20,nan,1,RightWithPellet,Left,13,26,31,0,nan,nan,0.22
3/29/2023 11:34:59,1.14.0,Free_feed,6,4.20,3,1,Pellet,Left,13,26,32,0,Timed_out,623,nan
3/29/2023 11:35:00,1.14.0,Free_feed,6,4.20,1,1,Pellet,Left,13,26,33,0,0.06,1,nan
3/29/2023 11:35:15,1.14.0,Free_feed,6,4.19,nan,1,RightWithPellet,Left,13,27,33,0,nan,nan,0.01
3/29/2023 11:35:32,1.14.0,Free_feed,6,4.19,nan,1,LeftWithPellet,Left,14,27,33,0,nan,nan,0.58
3/29/2023 11:35:53,1.14.0,Free_feed,6,4.20,1,1,Pellet,Left,14,27,34,0,45.47,53,nan
3/29/2023 11:44:17,1.14.0,Free_feed,6,4.18,nan,1,LeftWithPellet,Left,15,27,34,0,nan,nan,0.40
3/29/2023 11:44:51,1.14.0,Free_feed,6,4.19,nan,1,LeftWithPellet,Left,16,27,34,0,nan,nan,0.15
3/29/2023 11:45:16,1.14.0,Free_feed,6,4.19,1,1,Pellet,Left,16,27,35,0,Timed_out,563,nan
3/29/2023 11:45:18,1.14.0,Free_feed,6,4.19,1,1,Pellet,Left,16,27,36,0,0.12,2,nan
3/29/2023 11:45:27,1.14.0,Free_feed,6,4.19,2,1,Pellet,Left,16,27,37,0,1.52,8,nan
3/29/2023 11:45:34,1.14.0,Free_feed,6,4.18,2,1,Pellet,Left,16,27,38,0,0.06,8,nan
3/29/2023 11:45:36,1.14.0,Free_feed,6,4.20,1,1,Pellet,Left,16,27,39,0,0.06,2,nan
3/29/2023 11:45:41,1.14.0,Free_feed,6,4.19,nan,1,RightWithPellet,Left,16,28,39,0,nan,nan,0.56
3/29/2023 11:45:43,1.14.0,Free_feed,6,4.19,nan,1,RightWithPellet,Left,16,29,39,0,nan,nan,0.99
3/29/2023 11:45:50,1.14.0,Free_feed,6,4.18,nan,1,RightWithPellet,Left,16,30,39,0,nan,nan,0.01
3/29/2023 11:45:51,1.14.0,Free_feed,6,4.19,nan,1,RightWithPellet,Left,16,31,39,0,nan,nan,0.51
3/29/2023 11:45:51,1.14.0,Free_feed,6,4.19,nan,1,RightWithPellet,Left,16,32,39,0,nan,nan,0.03
3/29/2023 11:45:52,1.14.0,Free_feed,6,4.19,nan,1,RightWithPellet,Left,16,33,39,0,nan,nan,0.70
3/29/2023 11:45:53,1.14.0,Free_feed,6,4.19,nan,1,RightWithPellet,Left,16,34,39,0,nan,nan,0.20
3/29/2023 11:45:54,1.14.0,Free_feed,6,4.19,nan,1,RightWithPellet,Left,16,35,39,0,nan,nan,0.02
3/29/2023 11:46:11,1.14.0,Free_feed,6,4.19,nan,1,LeftWithPellet,Left,17,35,39,0,nan,nan,0.01
3/29/2023 11:46:12,1.14.0,Free_feed,6,4.19,nan,1,LeftWithPellet,Left,18,35,39,0,nan,nan,0.70
3/29/2023 11:46:14,1.14.0,Free_feed,6,4.19,nan,1,LeftWithPellet,Left,19,35,39,0,nan,nan,0.73
3/29/2023 11:46:15,1.14.0,Free_feed,6,4.19,nan,1,LeftWithPellet,Left,20,35,39,0,nan,nan,1.04
3/29/2023 11:46:16,1.14.0,Free_feed,6,4.19,nan,1,LeftWithPellet,Left,21,35,39,0,nan,nan,0.48
3/29/2023 11:46:16,1.14.0,Free_feed,6,4.19,nan,1,LeftWithPellet,Left,22,35,39,0,nan,nan,0.13
3/29/2023 11:46:17,1.14.0,Free_feed,6,4.19,nan,1,LeftWithPellet,Left,23,35,39,0,nan,nan,0.32
3/29/2023 11:46:18,1.14.0,Free_feed,6,4.19,nan,1,LeftWithPellet,Left,24,35,39,0,nan,nan,0.26
3/29/2023 11:46:20,1.14.0,Free_feed,6,4.19,nan,1,LeftWithPellet,Left,25,35,39,0,nan,nan,0.03
3/29/2023 11:46:21,1.14.0,Free_feed,6,4.19,nan,1,LeftWithPellet,Left,26,35,39,0,nan,nan,0.38
3/29/2023 11:46:21,1.14.0,Free_feed,6,4.18,nan,1,LeftWithPellet,Left,27,35,39,0,nan,nan,0.26
3/29/2023 11:46:22,1.14.0,Free_feed,6,4.19,nan,1,LeftWithPellet,Left,28,35,39,0,nan,nan,0.72
3/29/2023 11:46:23,1.14.0,Free_feed,6,4.19,nan,1,LeftWithPellet,Left,29,35,39,0,nan,nan,0.49
3/29/2023 11:47:34,1.14.0,Free_feed,6,4.19,nan,1,RightWithPellet,Left,29,36,39,0,nan,nan,0.19
3/29/2023 11:47:37,1.14.0,Free_feed,6,4.19,nan,1,LeftWithPellet,Left,30,36,39,0,nan,nan,0.03
3/29/2023 11:47:38,1.14.0,Free_feed,6,4.19,nan,1,LeftWithPellet,Left,31,36,39,0,nan,nan,0.56
3/29/2023 11:47:41,1.14.0,Free_feed,6,4.19,nan,1,LeftWithPellet,Left,32,36,39,0,nan,nan,0.13
3/29/2023 11:47:46,1.14.0,Free_feed,6,4.19,nan,1,RightWithPellet,Left,32,37,39,0,nan,nan,0.11
3/29/2023 11:53:59,1.14.0,Free_feed,6,4.19,nan,1,RightWithPellet,Left,32,38,39,0,nan,nan,0.10
3/29/2023 11:54:56,1.14.0,Free_feed,6,4.19,nan,1,RightWithPellet,Left,32,39,39,0,nan,nan,0.00
3/29/2023 11:55:20,1.14.0,Free_feed,6,4.19,nan,1,LeftWithPellet,Left,33,39,39,0,nan,nan,0.02
3/29/2023 11:56:20,1.14.0,Free_feed,6,4.19,nan,1,RightWithPellet,Left,33,40,39,0,nan,nan,0.21
3/29/2023 11:58:55,1.14.0,Free_feed,6,4.19,1,1,Pellet,Left,33,40,40,0,Timed_out,799,nan
3/29/2023 11:58:56,1.14.0,Free_feed,6,4.19,1,1,Pellet,Left,33,40,41,0,0.06,1,nan
3/29/2023 11:59:15,1.14.0,Free_feed,6,4.19,2,1,Pellet,Left,33,40,42,0,8.95,19,nan
3/29/2023 11:59:24,1.14.0,Free_feed,6,4.19,1,1,Pellet,Left,33,40,43,0,2.44,9,nan
3/29/2023 11:59:36,1.14.0,Free_feed,6,4.19,nan,1,RightWithPellet,Left,33,41,43,0,nan,nan,0.09
3/29/2023 12:00:08,1.14.0,Free_feed,6,4.19,1,1,Pellet,Left,33,41,44,0,36.76,44,nan
3/29/2023 12:00:31,1.14.0,Free_feed,6,4.19,nan,1,RightWithPellet,Left,33,42,44,0,nan,nan,0.00
3/29/2023 12:02:25,1.14.0,Free_feed,6,4.19,nan,1,RightWithPellet,Left,33,43,44,0,nan,nan,0.96
3/29/2023 12:02:27,1.14.0,Free_feed,6,4.19,nan,1,RightWithPellet,Left,33,44,44,0,nan,nan,0.89
3/29/2023 12:02:35,1.14.0,Free_feed,6,4.19,nan,1,RightWithPellet,Left,33,45,44,0,nan,nan,1.75
3/29/2023 12:03:35,1.14.0,Free_feed,6,4.19,1,1,Pellet,Left,33,45,45,0,Timed_out,207,nan
3/29/2023 12:03:43,1.14.0,Free_feed,6,4.18,1,1,Pellet,Left,33,45,46,0,1.89,8,nan
3/29/2023 12:04:02,1.14.0,Free_feed,6,4.18,nan,1,LeftWithPellet,Left,34,45,46,0,nan,nan,0.18
3/29/2023 12:04:03,1.14.0,Free_feed,6,4.18,nan,1,LeftWithPellet,Left,35,45,46,0,nan,nan,0.08
3/29/2023 12:04:06,1.14.0,Free_feed,6,4.18,1,1,Pellet,Left,35,45,47,0,20.89,23,nan
3/29/2023 12:04:16,1.14.0,Free_feed,6,4.19,1,1,Pellet,Left,35,45,48,0,1.95,10,nan
3/29/2023 12:04:24,1.14.0,Free_feed,6,4.19,1,1,Pellet,Left,35,45,49,0,0.91,8,nan
3/29/2023 12:04:26,1.14.0,Free_feed,6,4.18,1,1,Pellet,Left,35,45,50,0,0.55,2,nan
3/29/2023 12:04:33,1.14.0,Free_feed,6,4.19,nan,1,RightWithPellet,Left,35,46,50,0,nan,nan,0.14
3/29/2023 12:04:36,1.14.0,Free_feed,6,4.19,nan,1,RightWithPellet,Left,35,47,50,0,nan,nan,1.60
3/29/2023 12:07:54,1.14.0,Free_feed,6,4.19,nan,1,LeftWithPellet,Left,36,47,50,0,nan,nan,0.04
3/29/2023 12:13:00,1.14.0,Free_feed,6,4.18,nan,1,RightWithPellet,Left,36,48,50,0,nan,nan,0.09
3/29/2023 12:15:45,1.14.0,Free_feed,6,4.18,1,1,Pellet,Left,36,48,51,0,Timed_out,679,nan
3/29/2023 12:16:01,1.14.0,Free_feed,6,4.19,2,1,Pellet,Left,36,48,52,0,10.73,16,nan
3/29/2023 12:16:03,1.14.0,Free_feed,6,4.19,1,1,Pellet,Left,36,48,53,0,0.18,2,nan
3/29/2023 12:16:15,1.14.0,Free_feed,6,4.19,2,1,Pellet,Left,36,48,54,0,4.04,12,nan
3/29/2023 12:16:22,1.14.0,Free_feed,6,4.18,2,1,Pellet,Left,36,48,55,0,5.57,7,nan
3/29/2023 12:16:28,1.14.0,Free_feed,6,4.19,nan,1,LeftWithPellet,Left,37,48,55,0,nan,nan,0.05
3/29/2023 12:19:01,1.14.0,Free_feed,6,4.19,nan,1,RightWithPellet,Left,37,49,55,0,nan,nan,0.02
3/29/2023 12:24:13,1.14.0,Free_feed,6,4.18,nan,1,RightWithPellet,Left,37,50,55,0,nan,nan,0.45
3/29/2023 12:24:28,1.14.0,Free_feed,6,4.18,nan,1,LeftWithPellet,Left,38,50,55,0,nan,nan,0.02
3/29/2023 12:25:57,1.14.0,Free_feed,6,4.19,nan,1,LeftWithPellet,Left,39,50,55,0,nan,nan,0.00
3/29/2023 12:27:23,1.14.0,Free_feed,6,4.19,1,1,Pellet,Left,39,50,56,0,Timed_out,661,nan
3/29/2023 12:27:32,1.14.0,Free_feed,6,4.18,2,1,Pellet,Left,39,50,57,0,0.06,9,nan
3/29/2023 12:30:06,1.14.0,Free_feed,6,4.19,nan,1,RightWithPellet,Left,39,51,57,0,nan,nan,0.48
3/29/2023 12:31:35,1.14.0,Free_feed,6,4.19,1,1,Pellet,Left,39,51,58,0,Timed_out,242,nan
3/29/2023 12:31:46,1.14.0,Free_feed,6,4.19,1,1,Pellet,Left,39,51,59,0,4.04,12,nan
3/29/2023 12:37:28,1.14.0,Free_feed,6,4.18,nan,1,RightWithPellet,Left,39,52,59,0,nan,nan,0.29
3/29/2023 12:39:36,1.14.0,Free_feed,6,4.18,nan,1,RightWithPellet,Left,39,53,59,0,nan,nan,0.26
3/29/2023 12:39:38,1.14.0,Free_feed,6,4.18,nan,1,LeftWithPellet,Left,40,53,59,0,nan,nan,0.29
3/29/2023 12:39:40,1.14.0,Free_feed,6,4.18,nan,1,LeftWithPellet,Left,41,53,59,0,nan,nan,1.55
3/29/2023 12:39:44,1.14.0,Free_feed,6,4.18,nan,1,LeftWithPellet,Left,42,53,59,0,nan,nan,0.02
3/29/2023 12:39:45,1.14.0,Free_feed,6,4.19,nan,1,LeftWithPellet,Left,43,53,59,0,nan,nan,0.38
3/29/2023 12:39:50,1.14.0,Free_feed,6,4.18,nan,1,LeftWithPellet,Left,44,53,59,0,nan,nan,0.30
3/29/2023 12:39:53,1.14.0,Free_feed,6,4.18,nan,1,LeftWithPellet,Left,45,53,59,0,nan,nan,0.59
3/29/2023 12:39:54,1.14.0,Free_feed,6,4.18,nan,1,LeftWithPellet,Left,46,53,59,0,nan,nan,0.00
3/29/2023 12:44:44,1.14.0,Free_feed,6,4.18,nan,1,RightWithPellet,Left,46,54,59,0,nan,nan,0.14
3/29/2023 12:48:51,1.14.0,Free_feed,6,4.18,nan,1,RightWithPellet,Left,46,55,59,0,nan,nan,0.60
3/29/2023 12:59:38,1.14.0,Free_feed,6,4.18,2,1,Pellet,Left,46,55,60,0,Timed_out,1672,nan
3/29/2023 13:00:03,1.14.0,Free_feed,6,4.18,2,1,Pellet,Left,46,55,61,0,15.41,25,nan
3/29/2023 13:00:31,1.14.0,Free_feed,6,4.19,nan,1,LeftWithPellet,Left,47,55,61,0,nan,nan,0.10
3/29/2023 13:04:20,1.14.0,Free_feed,6,4.19,nan,1,LeftWithPellet,Left,48,55,61,0,nan,nan,0.21
3/29/2023 13:36:07,1.14.0,Free_feed,6,4.18,1,1,Pellet,Left,48,55,62,0,Timed_out,2164,nan
3/29/2023 13:36:21,1.14.0,Free_feed,6,4.18,1,1,Pellet,Left,48,55,63,0,7.72,14,nan
3/29/2023 13:36:36,1.14.0,Free_feed,6,4.18,1,1,Pellet,Left,48,55,64,0,7.78,15,nan
3/29/2023 13:37:28,1.14.0,Free_feed,6,4.19,2,1,Pellet,Left,48,55,65,0,42.58,52,nan
3/29/2023 13:38:23,1.14.0,Free_feed,6,4.18,1,1,Pellet,Left,48,55,66,0,48.37,55,nan
3/29/2023 13:38:34,1.14.0,Free_feed,6,4.18,nan,1,RightWithPellet,Left,48,56,66,0,nan,nan,0.02
3/29/2023 13:39:42,1.14.0,Free_feed,6,4.18,1,1,Pellet,Left,48,56,67,0,Timed_out,79,nan
3/29/2023 13:40:16,1.14.0,Free_feed,6,4.18,1,1,Pellet,Left,48,56,68,0,32.22,34,nan
3/29/2023 13:40:17,1.14.0,Free_feed,6,4.18,1,1,Pellet,Left,48,56,69,0,0.06,1,nan
3/29/2023 13:40:32,1.14.0,Free_feed,6,4.18,1,1,Pellet,Left,48,56,70,0,7.54,15,nan
3/29/2023 13:40:42,1.14.0,Free_feed,6,4.18,nan,1,LeftWithPellet,Left,49,56,70,0,nan,nan,0.08
3/29/2023 13:41:17,1.14.0,Free_feed,6,4.18,1,1,Pellet,Left,49,56,71,0,41.77,45,nan
3/29/2023 13:41:40,1.14.0,Free_feed,6,4.18,1,1,Pellet,Left,49,56,72,0,15.76,23,nan
3/29/2023 13:42:37,1.14.0,Free_feed,6,4.18,1,1,Pellet,Left,49,56,73,0,49.33,57,nan
3/29/2023 13:42:44,1.14.0,Free_feed,6,4.19,1,1,Pellet,Left,49,56,74,0,0.06,7,nan
3/29/2023 13:42:53,1.14.0,Free_feed,6,4.18,1,1,Pellet,Left,49,56,75,0,1.77,9,nan
3/29/2023 14:22:18,1.14.0,Free_feed,6,4.18,2,1,Pellet,Left,49,56,76,0,Timed_out,2364,nan
3/29/2023 14:22:31,1.14.0,Free_feed,6,4.18,nan,1,RightWithPellet,Left,49,57,76,0,nan,nan,0.27
3/29/2023 14:22:35,1.14.0,Free_feed,6,4.18,1,1,Pellet,Left,49,57,77,0,10.86,18,nan
3/29/2023 14:22:52,1.14.0,Free_feed,6,4.18,1,1,Pellet,Left,49,57,78,0,9.56,17,nan
3/29/2023 14:23:09,1.14.0,Free_feed,6,4.18,1,1,Pellet,Left,49,57,79,0,9.07,17,nan
3/29/2023 14:24:12,1.14.0,Free_feed,6,4.18,1,1,Pellet,Left,49,57,80,0,56.99,63,nan
3/29/2023 14:24:37,1.14.0,Free_feed,6,4.18,1,1,Pellet,Left,49,57,81,0,22.11,25,nan
3/29/2023 14:24:44,1.14.0,Free_feed,6,4.18,1,1,Pellet,Left,49,57,82,0,0.55,7,nan
3/29/2023 14:29:39,1.14.0,Free_feed,6,4.18,1,1,Pellet,Left,49,57,83,0,Timed_out,295,nan
3/29/2023 14:29:58,1.14.0,Free_feed,6,4.18,1,1,Pellet,Left,49,57,84,0,11.29,19,nan
3/29/2023 14:30:17,1.14.0,Free_feed,6,4.18,1,1,Pellet,Left,49,57,85,0,12.76,19,nan
3/29/2023 14:30:39,1.14.0,Free_feed,6,4.18,1,1,Pellet,Left,49,57,86,0,14.67,22,nan
3/29/2023 14:30:47,1.14.0,Free_feed,6,4.18,1,1,Pellet,Left,49,57,87,0,0.67,8,nan
3/29/2023 14:32:11,1.14.0,Free_feed,6,4.18,nan,1,LeftWithPellet,Left,50,57,87,0,nan,nan,0.15
3/29/2023 14:32:48,1.14.0,Free_feed,6,4.18,nan,1,LeftWithPellet,Left,51,57,87,0,nan,nan,0.11
3/29/2023 14:34:45,1.14.0,Free_feed,6,4.18,nan,1,RightWithPellet,Left,51,58,87,0,nan,nan,0.15
3/29/2023 14:39:54,1.14.0,Free_feed,6,4.18,1,1,Pellet,Left,51,58,88,0,Timed_out,547,nan
3/29/2023 14:40:15,1.14.0,Free_feed,6,4.18,1,1,Pellet,Left,51,58,89,0,13.99,21,nan
3/29/2023 14:40:35,1.14.0,Free_feed,6,4.18,1,1,Pellet,Left,51,58,90,0,13.68,20,nan
3/29/2023 14:40:56,1.14.0,Free_feed,6,4.18,1,1,Pellet,Left,51,58,91,0,13.80,21,nan
3/29/2023 14:41:15,1.14.0,Free_feed,6,4.18,1,1,Pellet,Left,51,58,92,0,11.40,19,nan
3/29/2023 14:41:16,1.14.0,Free_feed,6,4.18,1,1,Pellet,Left,51,58,93,0,0.06,1,nan
3/29/2023 15:40:53,1.14.0,Free_feed,6,4.18,1,1,Pellet,Left,51,58,94,0,Timed_out,3577,nan
3/29/2023 15:41:09,1.14.0,Free_feed,6,4.18,1,1,Pellet,Left,51,58,95,0,9.56,16,nan
3/29/2023 15:41:28,1.14.0,Free_feed,6,4.18,1,1,Pellet,Left,51,58,96,0,10.79,19,nan
3/29/2023 15:41:46,1.14.0,Free_feed,6,4.18,1,1,Pellet,Left,51,58,97,0,11.53,18,nan
3/29/2023 15:42:08,1.14.0,Free_feed,6,4.18,1,1,Pellet,Left,51,58,98,0,13.92,22,nan
3/29/2023 15:42:28,1.14.0,Free_feed,6,4.18,1,1,Pellet,Left,51,58,99,0,13.38,20,nan
3/29/2023 16:33:17,1.14.0,Free_feed,6,4.18,1,1,Pellet,Left,51,58,100,0,Timed_out,3049,nan
3/29/2023 16:33:55,1.14.0,Free_feed,6,4.18,1,1,Pellet,Left,51,58,101,0,30.56,38,nan
3/29/2023 16:34:02,1.14.0,Free_feed,6,4.18,1,1,Pellet,Left,51,58,102,0,5.70,7,nan
3/29/2023 16:34:26,1.14.0,Free_feed,6,4.18,1,1,Pellet,Left,51,58,103,0,16.94,24,nan
3/29/2023 16:34:46,1.14.0,Free_feed,6,4.18,1,1,Pellet,Left,51,58,104,0,13.01,20,nan
3/29/2023 16:35:11,1.14.0,Free_feed,6,4.17,1,1,Pellet,Left,51,58,105,0,17.68,25,nan
3/29/2023 16:35:31,1.14.0,Free_feed,6,4.18,1,1,Pellet,Left,51,58,106,0,12.82,20,nan
3/29/2023 16:35:51,1.14.0,Free_feed,6,4.18,1,1,Pellet,Left,51,58,107,0,12.95,20,nan
3/29/2023 16:36:13,1.14.0,Free_feed,6,4.18,1,1,Pellet,Left,51,58,108,0,14.85,22,nan
3/29/2023 16:36:38,1.14.0,Free_feed,6,4.18,1,1,Pellet,Left,51,58,109,0,17.38,24,nan
3/29/2023 16:37:03,1.14.0,Free_feed,6,4.18,1,1,Pellet,Left,51,58,110,0,18.24,26,nan
3/29/2023 17:35:36,1.14.0,Free_feed,6,4.17,1,1,Pellet,Left,51,58,111,0,Timed_out,3513,nan
3/29/2023 17:36:01,1.14.0,Free_feed,6,4.16,2,1,Pellet,Left,51,58,112,0,17.43,25,nan
3/29/2023 17:36:02,1.14.0,Free_feed,6,4.17,1,1,Pellet,Left,51,58,113,0,0.24,1,nan
3/29/2023 17:36:10,1.14.0,Free_feed,6,4.17,1,1,Pellet,Left,51,58,114,0,5.82,8,nan
3/29/2023 17:36:28,1.14.0,Free_feed,6,4.18,2,1,Pellet,Left,51,58,115,0,8.58,18,nan
3/29/2023 17:36:47,1.14.0,Free_feed,6,4.18,1,1,Pellet,Left,51,58,116,0,10.98,18,nan
3/29/2023 17:37:07,1.14.0,Free_feed,6,4.17,1,1,Pellet,Left,51,58,117,0,13.74,21,nan
3/29/2023 17:37:31,1.14.0,Free_feed,6,4.18,1,1,Pellet,Left,51,58,118,0,16.32,24,nan
3/29/2023 17:40:07,1.14.0,Free_feed,6,4.18,1,1,Pellet,Left,51,58,119,0,Timed_out,156,nan
3/29/2023 17:40:24,1.14.0,Free_feed,6,4.18,3,1,Pellet,Left,51,58,120,0,6.43,17,nan
3/29/2023 17:40:32,1.14.0,Free_feed,6,4.17,2,1,Pellet,Left,51,58,121,0,0.24,8,nan
3/29/2023 17:41:22,1.14.0,Free_feed,6,4.17,1,1,Pellet,Left,51,58,122,0,42.56,50,nan
3/29/2023 17:41:44,1.14.0,Free_feed,6,4.17,1,1,Pellet,Left,51,58,123,0,14.23,22,nan
3/29/2023 17:42:04,1.14.0,Free_feed,6,4.17,1,1,Pellet,Left,51,58,124,0,13.43,20,nan
3/29/2023 18:33:15,1.14.0,Free_feed,6,4.16,1,1,Pellet,Left,51,58,125,0,Timed_out,3071,nan
3/29/2023 18:33:40,1.14.0,Free_feed,6,4.16,1,1,Pellet,Left,51,58,126,0,17.01,25,nan
3/29/2023 18:33:59,1.14.0,Free_feed,6,4.16,2,1,Pellet,Left,51,58,127,0,11.84,19,nan
3/29/2023 18:34:18,1.14.0,Free_feed,6,4.17,1,1,Pellet,Left,51,58,128,0,12.08,19,nan
3/29/2023 18:34:36,1.14.0,Free_feed,6,4.16,1,1,Pellet,Left,51,58,129,0,11.47,18,nan
3/29/2023 18:35:00,1.14.0,Free_feed,6,4.16,1,1,Pellet,Left,51,58,130,0,16.76,24,nan
3/29/2023 18:35:21,1.14.0,Free_feed,6,4.16,1,1,Pellet,Left,51,58,131,0,13.75,21,nan
3/29/2023 18:35:44,1.14.0,Free_feed,6,4.17,1,1,Pellet,Left,51,58,132,0,15.59,23,nan
3/29/2023 18:36:05,1.14.0,Free_feed,6,4.16,1,1,Pellet,Left,51,58,133,0,13.69,21,nan
3/29/2023 19:39:33,1.14.0,Free_feed,6,4.17,1,1,Pellet,Left,51,58,134,0,Timed_out,3808,nan
3/29/2023 19:40:05,1.14.0,Free_feed,6,4.16,2,1,Pellet,Left,51,58,135,0,23.59,32,nan
3/29/2023 19:40:26,1.14.0,Free_feed,6,4.16,1,1,Pellet,Left,51,58,136,0,14.30,21,nan
3/29/2023 19:40:33,1.14.0,Free_feed,6,4.16,1,1,Pellet,Left,51,58,137,0,0.36,7,nan
3/29/2023 19:40:56,1.14.0,Free_feed,6,4.16,2,1,Pellet,Left,51,58,138,0,16.14,23,nan
3/29/2023 19:49:35,1.14.0,Free_feed,6,4.16,1,1,Pellet,Left,51,58,139,0,Timed_out,519,nan
3/29/2023 20:04:49,1.14.0,Free_feed,6,4.16,1,1,Pellet,Left,51,58,140,0,Timed_out,914,nan
3/29/2023 20:05:04,1.14.0,Free_feed,6,4.16,1,1,Pellet,Left,51,58,141,0,7.66,15,nan
3/29/2023 20:05:20,1.14.0,Free_feed,6,4.16,1,1,Pellet,Left,51,58,142,0,9.01,16,nan
3/29/2023 20:05:35,1.14.0,Free_feed,6,4.16,1,1,Pellet,Left,51,58,143,0,8.34,15,nan
3/29/2023 20:05:57,1.14.0,Free_feed,6,4.16,1,1,Pellet,Left,51,58,144,0,13.44,22,nan
3/29/2023 20:06:15,1.14.0,Free_feed,6,4.16,1,1,Pellet,Left,51,58,145,0,10.61,18,nan
3/29/2023 20:06:34,1.14.0,Free_feed,6,4.16,1,1,Pellet,Left,51,58,146,0,11.41,19,nan
3/29/2023 20:06:53,1.14.0,Free_feed,6,4.16,1,1,Pellet,Left,51,58,147,0,12.21,19,nan
3/29/2023 20:24:16,1.14.0,Free_feed,6,4.16,2,1,Pellet,Left,51,58,148,0,Timed_out,1043,nan
3/29/2023 20:24:18,1.14.0,Free_feed,6,4.16,1,1,Pellet,Left,51,58,149,0,0.12,2,nan
3/29/2023 20:27:23,1.14.0,Free_feed,6,4.16,nan,1,RightWithPellet,Left,51,59,149,0,nan,nan,0.20
3/29/2023 20:30:42,1.14.0,Free_feed,6,4.16,nan,1,RightWithPellet,Left,51,60,149,0,nan,nan,0.26
3/29/2023 20:45:04,1.14.0,Free_feed,6,4.16,1,1,Pellet,Left,51,60,150,0,Timed_out,1246,nan
3/29/2023 20:45:19,1.14.0,Free_feed,6,4.16,1,1,Pellet,Left,51,60,151,0,7.91,15,nan
3/29/2023 20:45:35,1.14.0,Free_feed,6,4.15,1,1,Pellet,Left,51,60,152,0,8.70,16,nan
3/29/2023 20:45:52,1.14.0,Free_feed,6,4.16,1,1,Pellet,Left,51,60,153,0,9.94,17,nan
3/29/2023 20:46:08,1.14.0,Free_feed,6,4.16,1,1,Pellet,Left,51,60,154,0,8.95,16,nan
3/29/2023 20:46:27,1.14.0,Free_feed,6,4.16,1,1,Pellet,Left,51,60,155,0,11.96,19,nan
3/29/2023 20:56:49,1.14.0,Free_feed,6,4.16,1,1,Pellet,Left,51,60,156,0,Timed_out,622,nan
3/29/2023 20:57:03,1.14.0,Free_feed,6,4.16,1,1,Pellet,Left,51,60,157,0,6.80,14,nan
3/29/2023 20:57:19,1.14.0,Free_feed,6,4.16,1,1,Pellet,Left,51,60,158,0,9.01,16,nan
3/29/2023 20:57:37,1.14.0,Free_feed,6,4.16,2,1,Pellet,Left,51,60,159,0,10.49,18,nan
3/29/2023 20:57:55,1.14.0,Free_feed,6,4.16,2,1,Pellet,Left,51,60,160,0,9.08,18,nan
3/29/2023 20:58:15,1.14.0,Free_feed,6,4.16,1,1,Pellet,Left,51,60,161,0,12.33,20,nan
3/29/2023 20:58:20,1.14.0,Free_feed,6,4.16,nan,1,LeftWithPellet,Left,52,60,161,0,nan,nan,0.15
3/29/2023 21:24:49,1.14.0,Free_feed,6,4.16,1,1,Pellet,Left,52,60,162,0,Timed_out,1594,nan
3/29/2023 21:26:46,1.14.0,Free_feed,6,4.16,nan,1,LeftWithPellet,Left,53,60,162,0,nan,nan,0.83
3/29/2023 21:27:34,1.14.0,Free_feed,6,4.16,nan,1,RightWithPellet,Left,53,61,162,0,nan,nan,0.01
3/29/2023 21:28:44,1.14.0,Free_feed,6,4.16,nan,1,LeftWithPellet,Left,54,61,162,0,nan,nan,0.00
3/29/2023 21:32:07,1.14.0,Free_feed,6,4.16,nan,1,RightWithPellet,Left,54,62,162,0,nan,nan,0.01
3/29/2023 21:32:11,1.14.0,Free_feed,6,4.16,nan,1,RightWithPellet,Left,54,63,162,0,nan,nan,0.04
3/29/2023 21:32:12,1.14.0,Free_feed,6,4.16,nan,1,RightWithPellet,Left,54,64,162,0,nan,nan,0.64
3/29/2023 21:32:14,1.14.0,Free_feed,6,4.16,nan,1,RightWithPellet,Left,54,65,162,0,nan,nan,0.52
3/29/2023 21:32:17,1.14.0,Free_feed,6,4.16,nan,1,RightWithPellet,Left,54,66,162,0,nan,nan,0.82
3/29/2023 21:32:19,1.14.0,Free_feed,6,4.16,nan,1,RightWithPellet,Left,54,67,162,0,nan,nan,0.75
3/29/2023 21:32:32,1.14.0,Free_feed,6,4.16,nan,1,LeftWithPellet,Left,55,67,162,0,nan,nan,0.01
3/29/2023 21:32:54,1.14.0,Free_feed,6,4.16,nan,1,LeftWithPellet,Left,56,67,162,0,nan,nan,0.00
3/29/2023 21:32:57,1.14.0,Free_feed,6,4.16,nan,1,LeftWithPellet,Left,57,67,162,0,nan,nan,0.07
3/29/2023 21:33:03,1.14.0,Free_feed,6,4.16,nan,1,LeftWithPellet,Left,58,67,162,0,nan,nan,0.01
3/29/2023 21:33:05,1.14.0,Free_feed,6,4.16,nan,1,LeftWithPellet,Left,59,67,162,0,nan,nan,0.17
3/29/2023 21:33:07,1.14.0,Free_feed,6,4.16,nan,1,LeftWithPellet,Left,60,67,162,0,nan,nan,0.48
3/29/2023 21:33:10,1.14.0,Free_feed,6,4.16,2,1,Pellet,Left,60,67,163,0,Timed_out,501,nan
3/29/2023 21:33:32,1.14.0,Free_feed,6,4.16,nan,1,LeftWithPellet,Left,61,67,163,0,nan,nan,0.02
3/29/2023 21:33:43,1.14.0,Free_feed,6,4.16,nan,1,RightWithPellet,Left,61,68,163,0,nan,nan,0.68
3/29/2023 21:33:53,1.14.0,Free_feed,6,4.16,1,1,Pellet,Left,61,68,164,0,35.80,43,nan
3/29/2023 21:34:04,1.14.0,Free_feed,6,4.15,1,1,Pellet,Left,61,68,165,0,3.00,11,nan
3/29/2023 21:36:52,1.14.0,Free_feed,6,4.16,nan,1,RightWithPellet,Left,61,69,165,0,nan,nan,0.07
3/29/2023 21:38:51,1.14.0,Free_feed,6,4.16,nan,1,RightWithPellet,Left,61,70,165,0,nan,nan,0.00
3/29/2023 21:39:00,1.14.0,Free_feed,6,4.16,nan,1,RightWithPellet,Left,61,71,165,0,nan,nan,0.06
3/29/2023 21:39:03,1.14.0,Free_feed,6,4.16,nan,1,RightWithPellet,Left,61,72,165,0,nan,nan,0.13
3/29/2023 21:39:40,1.14.0,Free_feed,6,4.16,nan,1,RightWithPellet,Left,61,73,165,0,nan,nan,0.07
3/29/2023 21:39:41,1.14.0,Free_feed,6,4.15,nan,1,RightWithPellet,Left,61,74,165,0,nan,nan,0.61
3/29/2023 21:39:48,1.14.0,Free_feed,6,4.16,1,1,Pellet,Left,61,74,166,0,Timed_out,344,nan
3/29/2023 21:43:41,1.14.0,Free_feed,6,4.16,1,1,Pellet,Left,61,74,167,0,Timed_out,233,nan
3/29/2023 21:44:23,1.14.0,Free_feed,6,4.16,1,1,Pellet,Left,61,74,168,0,34.75,42,nan
3/29/2023 21:44:41,1.14.0,Free_feed,6,4.16,1,1,Pellet,Left,61,74,169,0,10.55,18,nan
3/29/2023 21:44:43,1.14.0,Free_feed,6,4.16,1,1,Pellet,Left,61,74,170,0,0.06,2,nan
3/29/2023 21:44:58,1.14.0,Free_feed,6,4.16,1,1,Pellet,Left,61,74,171,0,8.64,15,nan
3/29/2023 21:45:21,1.14.0,Free_feed,6,4.16,1,1,Pellet,Left,61,74,172,0,15.03,23,nan
3/29/2023 21:45:28,1.14.0,Free_feed,6,4.16,1,1,Pellet,Left,61,74,173,0,0.06,6,nan
3/29/2023 21:47:50,1.14.0,Free_feed,6,4.16,nan,1,RightWithPellet,Left,61,75,173,0,nan,nan,0.04
3/29/2023 21:48:07,1.14.0,Free_feed,6,4.16,1,1,Pellet,Left,61,75,174,0,Timed_out,160,nan
3/29/2023 21:48:25,1.14.0,Free_feed,6,4.16,1,1,Pellet,Left,61,75,175,0,13.93,18,nan
3/29/2023 21:48:34,1.14.0,Free_feed,6,4.16,2,1,Pellet,Left,61,75,176,0,0.55,8,nan
3/29/2023 21:48:42,1.14.0,Free_feed,6,4.16,nan,1,LeftWithPellet,Left,62,75,176,0,nan,nan,0.17
3/29/2023 21:48:42,1.14.0,Free_feed,6,4.16,nan,1,LeftWithPellet,Left,63,75,176,0,nan,nan,0.33
3/29/2023 21:49:37,1.14.0,Free_feed,6,4.16,1,1,Pellet,Left,63,75,177,0,56.56,64,nan
3/29/2023 21:49:53,1.14.0,Free_feed,6,4.16,1,1,Pellet,Left,63,75,178,0,8.89,16,nan
3/29/2023 22:15:25,1.14.0,Free_feed,6,4.16,1,1,Pellet,Left,63,75,179,0,Timed_out,1532,nan
3/29/2023 22:15:40,1.14.0,Free_feed,6,4.16,1,1,Pellet,Left,63,75,180,0,8.03,15,nan
3/29/2023 22:15:56,1.14.0,Free_feed,6,4.16,1,1,Pellet,Left,63,75,181,0,8.89,16,nan
3/29/2023 22:16:10,1.14.0,Free_feed,6,4.16,1,1,Pellet,Left,63,75,182,0,7.35,14,nan
3/29/2023 22:16:26,1.14.0,Free_feed,6,4.16,1,1,Pellet,Left,63,75,183,0,8.03,16,nan
3/29/2023 22:16:45,1.14.0,Free_feed,6,4.16,1,1,Pellet,Left,63,75,184,0,11.84,19,nan
3/29/2023 22:17:02,1.14.0,Free_feed,6,4.16,1,1,Pellet,Left,63,75,185,0,9.94,17,nan
3/29/2023 22:17:24,1.14.0,Free_feed,6,4.15,1,1,Pellet,Left,63,75,186,0,15.35,22,nan
3/29/2023 22:41:32,1.14.0,Free_feed,6,4.15,1,1,Pellet,Left,63,75,187,0,Timed_out,1448,nan
3/29/2023 22:41:50,1.14.0,Free_feed,6,4.16,1,1,Pellet,Left,63,75,188,0,10.24,18,nan
3/29/2023 22:42:07,1.14.0,Free_feed,6,4.16,1,1,Pellet,Left,63,75,189,0,9.75,17,nan
3/29/2023 22:42:08,1.14.0,Free_feed,6,4.16,1,1,Pellet,Left,63,75,190,0,0.06,1,nan
3/29/2023 22:42:58,1.14.0,Free_feed,6,4.16,1,1,Pellet,Left,63,75,191,0,43.14,50,nan
3/29/2023 23:01:03,1.14.0,Free_feed,6,4.16,1,1,Pellet,Left,63,75,192,0,Timed_out,1085,nan
3/29/2023 23:05:09,1.14.0,Free_feed,6,4.16,1,1,Pellet,Left,63,75,193,0,Timed_out,246,nan
3/29/2023 23:06:06,1.14.0,Free_feed,6,4.16,1,1,Pellet,Left,63,75,194,0,50.97,57,nan
3/29/2023 23:06:26,1.14.0,Free_feed,6,4.16,2,1,Pellet,Left,63,75,195,0,11.84,20,nan
3/29/2023 23:06:42,1.14.0,Free_feed,6,4.16,2,1,Pellet,Left,63,75,196,0,9.14,16,nan
3/29/2023 23:07:02,1.14.0,Free_feed,6,4.16,2,1,Pellet,Left,63,75,197,0,11.47,20,nan
3/29/2023 23:07:23,1.14.0,Free_feed,6,4.16,2,1,Pellet,Left,63,75,198,0,13.44,20,nan
3/29/2023 23:07:40,1.14.0,Free_feed,6,4.16,2,1,Pellet,Left,63,75,199,0,10.30,18,nan
3/29/2023 23:21:13,1.14.0,Free_feed,6,4.16,1,1,Pellet,Left,63,75,200,0,Timed_out,813,nan
3/29/2023 23:21:51,1.14.0,Free_feed,6,4.15,1,1,Pellet,Left,63,75,201,0,30.51,37,nan
3/29/2023 23:35:34,1.14.0,Free_feed,6,4.14,1,1,Pellet,Left,63,75,202,0,Timed_out,824,nan
3/29/2023 23:35:49,1.14.0,Free_feed,6,4.15,1,1,Pellet,Left,63,75,203,0,7.54,15,nan
3/29/2023 23:36:06,1.14.0,Free_feed,6,4.15,3,1,Pellet,Left,63,75,204,0,5.95,17,nan
3/29/2023 23:36:23,1.14.0,Free_feed,6,4.15,1,1,Pellet,Left,63,75,205,0,10.00,17,nan
3/29/2023 23:36:41,1.14.0,Free_feed,6,4.15,1,1,Pellet,Left,63,75,206,0,10.99,18,nan
3/29/2023 23:36:59,1.14.0,Free_feed,6,4.15,1,1,Pellet,Left,63,75,207,0,11.05,18,nan
3/29/2023 23:55:38,1.14.0,Free_feed,6,4.16,1,1,Pellet,Left,63,75,208,0,Timed_out,1119,nan
3/30/2023 0:00:39,1.14.0,Free_feed,6,4.15,1,1,Pellet,Left,63,75,209,0,Timed_out,301,nan
3/30/2023 0:00:55,1.14.0,Free_feed,6,4.15,4,1,Pellet,Left,63,75,210,0,3.73,15,nan
3/30/2023 0:01:10,1.14.0,Free_feed,6,4.15,3,1,Pellet,Left,63,75,211,0,5.75,16,nan
3/30/2023 0:01:25,1.14.0,Free_feed,6,4.15,2,1,Pellet,Left,63,75,212,0,8.02,15,nan
3/30/2023 0:01:41,1.14.0,Free_feed,6,4.15,2,1,Pellet,Left,63,75,213,0,8.52,16,nan
3/30/2023 0:01:58,1.14.0,Free_feed,6,4.16,1,1,Pellet,Left,63,75,214,0,10.30,17,nan
3/30/2023 0:02:16,1.14.0,Free_feed,6,4.15,1,1,Pellet,Left,63,75,215,0,10.67,18,nan
3/30/2023 0:02:34,1.14.0,Free_feed,6,4.16,1,1,Pellet,Left,63,75,216,0,10.67,18,nan
3/30/2023 0:02:49,1.14.0,Free_feed,6,4.16,1,1,Pellet,Left,63,75,217,0,8.27,15,nan
3/30/2023 0:04:01,1.14.0,Free_feed,6,4.15,nan,1,RightWithPellet,Left,63,76,217,0,nan,nan,0.26
3/30/2023 0:04:08,1.14.0,Free_feed,6,4.15,nan,1,LeftWithPellet,Left,64,76,217,0,nan,nan,0.26
3/30/2023 0:06:18,1.14.0,Free_feed,6,4.15,nan,1,LeftWithPellet,Left,65,76,217,0,nan,nan,0.02
3/30/2023 0:06:20,1.14.0,Free_feed,6,4.15,nan,1,LeftWithPellet,Left,66,76,217,0,nan,nan,0.04
3/30/2023 0:07:18,1.14.0,Free_feed,6,4.14,nan,1,LeftWithPellet,Left,67,76,217,0,nan,nan,0.09
3/30/2023 0:07:21,1.14.0,Free_feed,6,4.15,nan,1,LeftWithPellet,Left,68,76,217,0,nan,nan,0.67
3/30/2023 0:07:27,1.14.0,Free_feed,6,4.15,nan,1,RightWithPellet,Left,68,77,217,0,nan,nan,0.09
3/30/2023 0:07:28,1.14.0,Free_feed,6,4.15,nan,1,RightWithPellet,Left,68,78,217,0,nan,nan,0.13
3/30/2023 0:07:42,1.14.0,Free_feed,6,4.15,nan,1,RightWithPellet,Left,68,79,217,0,nan,nan,0.05
3/30/2023 0:09:07,1.14.0,Free_feed,6,4.15,nan,1,LeftWithPellet,Left,69,79,217,0,nan,nan,0.71
3/30/2023 0:09:09,1.14.0,Free_feed,6,4.15,nan,1,LeftWithPellet,Left,70,79,217,0,nan,nan,0.68
3/30/2023 0:09:15,1.14.0,Free_feed,6,4.15,nan,1,LeftWithPellet,Left,71,79,217,0,nan,nan,0.49
3/30/2023 0:09:21,1.14.0,Free_feed,6,4.15,1,1,Pellet,Left,71,79,218,0,Timed_out,392,nan
3/30/2023 0:11:31,1.14.0,Free_feed,6,4.14,nan,1,RightWithPellet,Left,71,80,218,0,nan,nan,0.73
3/30/2023 0:12:43,1.14.0,Free_feed,6,4.16,1,1,Pellet,Left,71,80,219,0,Timed_out,202,nan
3/30/2023 0:15:00,1.14.0,Free_feed,6,4.16,1,1,Pellet,Left,71,80,220,0,Timed_out,137,nan
3/30/2023 0:15:13,1.14.0,Free_feed,6,4.15,1,1,Pellet,Left,71,80,221,0,6.13,13,nan
3/30/2023 0:16:48,1.14.0,Free_feed,6,4.15,1,1,Pellet,Left,71,80,222,0,Timed_out,94,nan
3/30/2023 0:18:43,1.14.0,Free_feed,6,4.15,1,1,Pellet,Left,71,80,223,0,Timed_out,115,nan
3/30/2023 0:18:57,1.14.0,Free_feed,6,4.15,1,1,Pellet,Left,71,80,224,0,7.54,15,nan
3/30/2023 0:19:12,1.14.0,Free_feed,6,4.15,2,1,Pellet,Left,71,80,225,0,7.35,15,nan
3/30/2023 0:19:26,1.14.0,Free_feed,6,4.15,1,1,Pellet,Left,71,80,226,0,6.86,14,nan
3/30/2023 0:20:52,1.14.0,Free_feed,6,4.15,nan,1,RightWithPellet,Left,71,81,226,0,nan,nan,0.62
3/30/2023 0:26:36,1.14.0,Free_feed,6,4.15,nan,1,RightWithPellet,Left,71,82,226,0,nan,nan,0.12
3/30/2023 0:26:39,1.14.0,Free_feed,6,4.15,nan,1,RightWithPellet,Left,71,83,226,0,nan,nan,0.35
3/30/2023 0:26:40,1.14.0,Free_feed,6,4.15,nan,1,RightWithPellet,Left,71,84,226,0,nan,nan,0.28
3/30/2023 0:26:44,1.14.0,Free_feed,6,4.14,nan,1,RightWithPellet,Left,71,85,226,0,nan,nan,0.55
3/30/2023 0:27:13,1.14.0,Free_feed,6,4.15,nan,1,LeftWithPellet,Left,72,85,226,0,nan,nan,0.00
3/30/2023 0:27:22,1.14.0,Free_feed,6,4.15,nan,1,LeftWithPellet,Left,73,85,226,0,nan,nan,0.85
3/30/2023 0:28:06,1.14.0,Free_feed,6,4.15,nan,1,LeftWithPellet,Left,74,85,226,0,nan,nan,0.16
3/30/2023 0:28:16,1.14.0,Free_feed,6,4.15,nan,1,LeftWithPellet,Left,75,85,226,0,nan,nan,0.46
3/30/2023 0:32:09,1.14.0,Free_feed,6,4.16,nan,1,RightWithPellet,Left,75,86,226,0,nan,nan,0.36
3/30/2023 0:32:25,1.14.0,Free_feed,6,4.15,1,1,Pellet,Left,75,86,227,0,Timed_out,779,nan
3/30/2023 0:33:57,1.14.0,Free_feed,6,4.15,1,1,Pellet,Left,75,86,228,0,Timed_out,92,nan
3/30/2023 0:34:12,1.14.0,Free_feed,6,4.15,1,1,Pellet,Left,75,86,229,0,8.03,15,nan
3/30/2023 0:34:27,1.14.0,Free_feed,6,4.15,1,1,Pellet,Left,75,86,230,0,7.29,15,nan
3/30/2023 0:34:41,1.14.0,Free_feed,6,4.15,1,1,Pellet,Left,75,86,231,0,7.60,14,nan
3/30/2023 0:34:53,1.14.0,Free_feed,6,4.15,1,1,Pellet,Left,75,86,232,0,4.28,12,nan
3/30/2023 0:35:12,1.14.0,Free_feed,6,4.15,1,1,Pellet,Left,75,86,233,0,11.54,19,nan
3/30/2023 0:35:30,1.14.0,Free_feed,6,4.15,nan,1,RightWithPellet,Left,75,87,233,0,nan,nan,0.19
3/30/2023 0:39:30,1.14.0,Free_feed,6,4.15,nan,1,LeftWithPellet,Left,76,87,233,0,nan,nan,0.01
3/30/2023 0:58:15,1.14.0,Free_feed,6,4.14,3,1,Pellet,Left,76,87,234,0,Timed_out,1383,nan
3/30/2023 0:58:43,1.14.0,Free_feed,6,4.15,1,1,Pellet,Left,76,87,235,0,21.26,28,nan
3/30/2023 0:59:32,1.14.0,Free_feed,6,4.15,nan,1,LeftWithPellet,Left,77,87,235,0,nan,nan,0.57
3/30/2023 1:00:07,1.14.0,Free_feed,6,4.14,1,1,Pellet,Left,77,87,236,0,Timed_out,84,nan
3/30/2023 1:00:21,1.14.0,Free_feed,6,4.15,1,1,Pellet,Left,77,87,237,0,6.12,13,nan
3/30/2023 1:00:43,1.14.0,Free_feed,6,4.15,2,1,Pellet,Left,77,87,238,0,15.58,23,nan
3/30/2023 1:00:56,1.14.0,Free_feed,6,4.15,1,1,Pellet,Left,77,87,239,0,5.69,13,nan
3/30/2023 1:01:12,1.14.0,Free_feed,6,4.14,1,1,Pellet,Left,77,87,240,0,8.83,16,nan
3/30/2023 1:01:54,1.14.0,Free_feed,6,4.15,nan,1,LeftWithPellet,Left,78,87,240,0,nan,nan,0.11
3/30/2023 1:22:17,1.14.0,Free_feed,6,4.14,1,1,Pellet,Left,78,87,241,0,Timed_out,1265,nan
3/30/2023 1:22:32,1.14.0,Free_feed,6,4.15,2,1,Pellet,Left,78,87,242,0,7.53,15,nan
3/30/2023 1:22:48,1.14.0,Free_feed,6,4.14,1,1,Pellet,Left,78,87,243,0,8.83,16,nan
3/30/2023 1:23:05,1.14.0,Free_feed,6,4.14,1,1,Pellet,Left,78,87,244,0,9.81,17,nan
3/30/2023 1:23:22,1.14.0,Free_feed,6,4.14,2,1,Pellet,Left,78,87,245,0,8.95,17,nan
3/30/2023 1:23:37,1.14.0,Free_feed,6,4.15,1,1,Pellet,Left,78,87,246,0,8.70,15,nan
3/30/2023 1:23:54,1.14.0,Free_feed,6,4.14,2,1,Pellet,Left,78,87,247,0,8.83,17,nan
3/30/2023 1:23:55,1.14.0,Free_feed,6,4.14,1,1,Pellet,Left,78,87,248,0,0.06,1,nan
3/30/2023 1:24:11,1.14.0,Free_feed,6,4.14,1,1,Pellet,Left,78,87,249,0,9.63,16,nan
3/30/2023 1:24:20,1.14.0,Free_feed,6,4.14,1,1,Pellet,Left,78,87,250,0,1.03,9,nan
3/30/2023 1:25:11,1.14.0,Free_feed,6,4.15,1,1,Pellet,Left,78,87,251,0,44.90,51,nan
3/30/2023 2:22:02,1.14.0,Free_feed,6,4.14,1,1,Pellet,Left,78,87,252,0,Timed_out,3411,nan
3/30/2023 2:22:23,1.14.0,Free_feed,6,4.14,1,1,Pellet,Left,78,87,253,0,12.83,21,nan
3/30/2023 2:22:40,1.14.0,Free_feed,6,4.14,1,1,Pellet,Left,78,87,254,0,10.18,17,nan
3/30/2023 2:22:58,1.14.0,Free_feed,6,4.14,1,1,Pellet,Left,78,87,255,0,11.10,18,nan
3/30/2023 2:23:16,1.14.0,Free_feed,6,4.14,1,1,Pellet,Left,78,87,256,0,10.74,18,nan
3/30/2023 2:23:49,1.14.0,Free_feed,6,4.14,nan,1,LeftWithPellet,Left,79,87,256,0,nan,nan,0.20
3/30/2023 3:00:39,1.14.0,Free_feed,6,4.14,1,1,Pellet,Left,79,87,257,0,Timed_out,2243,nan
3/30/2023 3:00:55,1.14.0,Free_feed,6,4.14,1,1,Pellet,Left,79,87,258,0,9.19,16,nan
3/30/2023 3:00:57,1.14.0,Free_feed,6,4.14,1,1,Pellet,Left,79,87,259,0,0.12,2,nan
3/30/2023 3:01:12,1.14.0,Free_feed,6,4.14,1,1,Pellet,Left,79,87,260,0,8.46,15,nan
3/30/2023 3:01:28,1.14.0,Free_feed,6,4.14,1,1,Pellet,Left,79,87,261,0,8.27,16,nan
3/30/2023 3:01:47,1.14.0,Free_feed,6,4.14,2,1,Pellet,Left,79,87,262,0,9.25,19,nan
3/30/2023 3:01:49,1.14.0,Free_feed,6,4.14,1,1,Pellet,Left,79,87,263,0,0.36,2,nan
3/30/2023 3:35:12,1.14.0,Free_feed,6,4.14,1,1,Pellet,Left,79,87,264,0,Timed_out,2003,nan
3/30/2023 3:35:28,1.14.0,Free_feed,6,4.14,2,1,Pellet,Left,79,87,265,0,8.95,16,nan
3/30/2023 3:35:35,1.14.0,Free_feed,6,4.14,1,1,Pellet,Left,79,87,266,0,0.06,7,nan
3/30/2023 3:35:42,1.14.0,Free_feed,6,4.14,1,1,Pellet,Left,79,87,267,0,0.73,7,nan
3/30/2023 3:36:02,1.14.0,Free_feed,6,4.14,1,1,Pellet,Left,79,87,268,0,13.25,20,nan
3/30/2023 3:36:21,1.14.0,Free_feed,6,4.14,1,1,Pellet,Left,79,87,269,0,11.72,19,nan
3/30/2023 3:36:39,1.14.0,Free_feed,6,4.14,1,1,Pellet,Left,79,87,270,0,11.10,18,nan
3/30/2023 3:36:55,1.14.0,Free_feed,6,4.14,1,1,Pellet,Left,79,87,271,0,8.64,16,nan
3/30/2023 4:05:08,1.14.0,Free_feed,6,4.14,1,1,Pellet,Left,79,87,272,0,Timed_out,1693,nan
3/30/2023 4:05:45,1.14.0,Free_feed,6,4.14,1,1,Pellet,Left,79,87,273,0,30.18,37,nan
3/30/2023 4:06:02,1.14.0,Free_feed,6,4.14,1,1,Pellet,Left,79,87,274,0,9.32,16,nan
3/30/2023 4:06:18,1.14.0,Free_feed,6,4.14,1,1,Pellet,Left,79,87,275,0,9.68,17,nan
3/30/2023 4:30:29,1.14.0,Free_feed,6,4.14,nan,1,RightWithPellet,Left,79,88,275,0,nan,nan,0.71
3/30/2023 4:30:31,1.14.0,Free_feed,6,4.14,nan,1,RightWithPellet,Left,79,89,275,0,nan,nan,0.35
3/30/2023 4:30:34,1.14.0,Free_feed,6,4.14,nan,1,LeftWithPellet,Left,80,89,275,0,nan,nan,0.02
3/30/2023 4:30:35,1.14.0,Free_feed,6,4.14,nan,1,LeftWithPellet,Left,81,89,275,0,nan,nan,0.79
3/30/2023 4:30:36,1.14.0,Free_feed,6,4.14,nan,1,LeftWithPellet,Left,82,89,275,0,nan,nan,0.26
3/30/2023 4:30:40,1.14.0,Free_feed,6,4.14,3,1,Pellet,Left,82,89,276,0,Timed_out,1462,nan
3/30/2023 4:30:41,1.14.0,Free_feed,6,4.14,1,1,Pellet,Left,82,89,277,0,0.06,1,nan
3/30/2023 4:33:08,1.14.0,Free_feed,6,4.14,2,1,Pellet,Left,82,89,278,0,Timed_out,147,nan
3/30/2023 4:35:16,1.14.0,Free_feed,6,4.14,1,1,Pellet,Left,82,89,279,0,Timed_out,128,nan
3/30/2023 4:35:50,1.14.0,Free_feed,6,4.14,3,1,Pellet,Left,82,89,280,0,24.21,34,nan
3/30/2023 4:36:08,1.14.0,Free_feed,6,4.14,1,1,Pellet,Left,82,89,281,0,10.79,18,nan
3/30/2023 4:36:24,1.14.0,Free_feed,6,4.14,1,1,Pellet,Left,82,89,282,0,8.89,16,nan
3/30/2023 4:38:59,1.14.0,Free_feed,6,4.14,1,1,Pellet,Left,82,89,283,0,Timed_out,155,nan
3/30/2023 4:46:39,1.14.0,Free_feed,6,4.14,nan,1,RightWithPellet,Left,82,90,283,0,nan,nan,0.66
3/30/2023 4:46:41,1.14.0,Free_feed,6,4.14,nan,1,RightWithPellet,Left,82,91,283,0,nan,nan,0.67
3/30/2023 4:46:53,1.14.0,Free_feed,6,4.14,1,1,Pellet,Left,82,91,284,0,Timed_out,474,nan
3/30/2023 4:47:02,1.14.0,Free_feed,6,4.14,1,1,Pellet,Left,82,91,285,0,2.75,9,nan
3/30/2023 4:47:10,1.14.0,Free_feed,6,4.14,nan,1,RightWithPellet,Left,82,92,285,0,nan,nan,0.01
3/30/2023 4:47:11,1.14.0,Free_feed,6,4.14,nan,1,RightWithPellet,Left,82,93,285,0,nan,nan,0.21
3/30/2023 4:47:12,1.14.0,Free_feed,6,4.14,nan,1,RightWithPellet,Left,82,94,285,0,nan,nan,0.93
3/30/2023 4:47:14,1.14.0,Free_feed,6,4.14,nan,1,RightWithPellet,Left,82,95,285,0,nan,nan,1.09
3/30/2023 4:47:15,1.14.0,Free_feed,6,4.14,nan,1,RightWithPellet,Left,82,96,285,0,nan,nan,0.00
3/30/2023 4:47:15,1.14.0,Free_feed,6,4.14,nan,1,RightWithPellet,Left,82,97,285,0,nan,nan,0.13
3/30/2023 4:47:16,1.14.0,Free_feed,6,4.14,nan,1,RightWithPellet,Left,82,98,285,0,nan,nan,0.83
3/30/2023 4:47:18,1.14.0,Free_feed,6,4.14,nan,1,RightWithPellet,Left,82,99,285,0,nan,nan,0.08
3/30/2023 4:47:22,1.14.0,Free_feed,6,4.14,nan,1,RightWithPellet,Left,82,100,285,0,nan,nan,0.12
3/30/2023 4:47:23,1.14.0,Free_feed,6,4.14,nan,1,RightWithPellet,Left,82,101,285,0,nan,nan,1.21
3/30/2023 4:47:25,1.14.0,Free_feed,6,4.14,nan,1,RightWithPellet,Left,82,102,285,0,nan,nan,0.33
3/30/2023 4:47:26,1.14.0,Free_feed,6,4.14,nan,1,RightWithPellet,Left,82,103,285,0,nan,nan,0.43
3/30/2023 4:47:28,1.14.0,Free_feed,6,4.14,nan,1,RightWithPellet,Left,82,104,285,0,nan,nan,0.83
3/30/2023 4:47:30,1.14.0,Free_feed,6,4.13,nan,1,RightWithPellet,Left,82,105,285,0,nan,nan,0.13
3/30/2023 4:47:31,1.14.0,Free_feed,6,4.14,nan,1,RightWithPellet,Left,82,106,285,0,nan,nan,0.68
3/30/2023 4:47:33,1.14.0,Free_feed,6,4.13,nan,1,RightWithPellet,Left,82,107,285,0,nan,nan,0.48
3/30/2023 4:47:36,1.14.0,Free_feed,6,4.14,nan,1,RightWithPellet,Left,82,108,285,0,nan,nan,0.60
3/30/2023 4:47:36,1.14.0,Free_feed,6,4.14,nan,1,RightWithPellet,Left,82,109,285,0,nan,nan,0.55
3/30/2023 4:47:38,1.14.0,Free_feed,6,4.14,nan,1,RightWithPellet,Left,82,110,285,0,nan,nan,0.67
3/30/2023 4:47:45,1.14.0,Free_feed,6,4.14,nan,1,RightWithPellet,Left,82,111,285,0,nan,nan,0.55
3/30/2023 4:47:48,1.14.0,Free_feed,6,4.14,nan,1,RightWithPellet,Left,82,112,285,0,nan,nan,0.32
3/30/2023 4:47:54,1.14.0,Free_feed,6,4.14,nan,1,RightWithPellet,Left,82,113,285,0,nan,nan,0.20
3/30/2023 4:47:56,1.14.0,Free_feed,6,4.14,nan,1,RightWithPellet,Left,82,114,285,0,nan,nan,1.18
3/30/2023 4:47:57,1.14.0,Free_feed,6,4.14,nan,1,RightWithPellet,Left,82,115,285,0,nan,nan,0.58
3/30/2023 4:47:58,1.14.0,Free_feed,6,4.14,nan,1,RightWithPellet,Left,82,116,285,0,nan,nan,0.63
3/30/2023 4:48:00,1.14.0,Free_feed,6,4.14,nan,1,RightWithPellet,Left,82,117,285,0,nan,nan,0.92
3/30/2023 4:48:02,1.14.0,Free_feed,6,4.14,nan,1,RightWithPellet,Left,82,118,285,0,nan,nan,1.49
3/30/2023 4:48:05,1.14.0,Free_feed,6,4.14,nan,1,RightWithPellet,Left,82,119,285,0,nan,nan,1.00
3/30/2023 4:48:07,1.14.0,Free_feed,6,4.14,nan,1,RightWithPellet,Left,82,120,285,0,nan,nan,1.11
3/30/2023 4:48:08,1.14.0,Free_feed,6,4.14,nan,1,RightWithPellet,Left,82,121,285,0,nan,nan,0.11
3/30/2023 4:48:12,1.14.0,Free_feed,6,4.14,nan,1,RightWithPellet,Left,82,122,285,0,nan,nan,1.98
3/30/2023 4:48:15,1.14.0,Free_feed,6,4.14,nan,1,RightWithPellet,Left,82,123,285,0,nan,nan,1.24
3/30/2023 4:48:17,1.14.0,Free_feed,6,4.14,nan,1,RightWithPellet,Left,82,124,285,0,nan,nan,0.01
3/30/2023 4:48:21,1.14.0,Free_feed,6,4.14,nan,1,RightWithPellet,Left,82,125,285,0,nan,nan,1.18
3/30/2023 4:48:24,1.14.0,Free_feed,6,4.14,nan,1,RightWithPellet,Left,82,126,285,0,nan,nan,1.59
3/30/2023 4:48:35,1.14.0,Free_feed,6,4.14,nan,1,RightWithPellet,Left,82,127,285,0,nan,nan,1.56
3/30/2023 4:48:39,1.14.0,Free_feed,6,4.14,nan,1,RightWithPellet,Left,82,128,285,0,nan,nan,0.03
3/30/2023 4:48:43,1.14.0,Free_feed,6,4.14,nan,1,RightWithPellet,Left,82,129,285,0,nan,nan,0.06
3/30/2023 4:48:52,1.14.0,Free_feed,6,4.14,nan,1,RightWithPellet,Left,82,130,285,0,nan,nan,3.48
3/30/2023 4:48:58,1.14.0,Free_feed,6,4.13,nan,1,RightWithPellet,Left,82,131,285,0,nan,nan,0.15
3/30/2023 4:49:03,1.14.0,Free_feed,6,4.14,nan,1,RightWithPellet,Left,82,132,285,0,nan,nan,0.10
3/30/2023 4:49:16,1.14.0,Free_feed,6,4.13,nan,1,RightWithPellet,Left,82,133,285,0,nan,nan,0.08
3/30/2023 4:49:22,1.14.0,Free_feed,6,4.14,nan,1,RightWithPellet,Left,82,134,285,0,nan,nan,0.50
3/30/2023 4:49:24,1.14.0,Free_feed,6,4.14,nan,1,RightWithPellet,Left,82,135,285,0,nan,nan,1.23
3/30/2023 4:49:26,1.14.0,Free_feed,6,4.14,nan,1,RightWithPellet,Left,82,136,285,0,nan,nan,1.39
3/30/2023 4:49:27,1.14.0,Free_feed,6,4.14,nan,1,RightWithPellet,Left,82,137,285,0,nan,nan,0.21
3/30/2023 4:49:29,1.14.0,Free_feed,6,4.14,nan,1,RightWithPellet,Left,82,138,285,0,nan,nan,0.22
3/30/2023 4:49:30,1.14.0,Free_feed,6,4.13,nan,1,RightWithPellet,Left,82,139,285,0,nan,nan,0.43
3/30/2023 4:49:34,1.14.0,Free_feed,6,4.14,nan,1,RightWithPellet,Left,82,140,285,0,nan,nan,0.15
3/30/2023 4:49:36,1.14.0,Free_feed,6,4.14,nan,1,RightWithPellet,Left,82,141,285,0,nan,nan,0.03
3/30/2023 4:49:37,1.14.0,Free_feed,6,4.14,nan,1,RightWithPellet,Left,82,142,285,0,nan,nan,0.42
3/30/2023 4:49:41,1.14.0,Free_feed,6,4.14,nan,1,RightWithPellet,Left,82,143,285,0,nan,nan,0.14
3/30/2023 4:49:42,1.14.0,Free_feed,6,4.14,nan,1,RightWithPellet,Left,82,144,285,0,nan,nan,0.01
3/30/2023 4:49:43,1.14.0,Free_feed,6,4.13,nan,1,RightWithPellet,Left,82,145,285,0,nan,nan,0.38
3/30/2023 4:49:44,1.14.0,Free_feed,6,4.14,nan,1,RightWithPellet,Left,82,146,285,0,nan,nan,0.07
3/30/2023 4:49:50,1.14.0,Free_feed,6,4.14,nan,1,RightWithPellet,Left,82,147,285,0,nan,nan,0.60
3/30/2023 4:49:53,1.14.0,Free_feed,6,4.14,nan,1,RightWithPellet,Left,82,148,285,0,nan,nan,0.85
3/30/2023 4:50:45,1.14.0,Free_feed,6,4.14,nan,1,RightWithPellet,Left,82,149,285,0,nan,nan,0.57
3/30/2023 4:50:46,1.14.0,Free_feed,6,4.14,nan,1,RightWithPellet,Left,82,150,285,0,nan,nan,0.16
3/30/2023 4:50:47,1.14.0,Free_feed,6,4.14,nan,1,RightWithPellet,Left,82,151,285,0,nan,nan,0.04
3/30/2023 4:50:51,1.14.0,Free_feed,6,4.13,nan,1,RightWithPellet,Left,82,152,285,0,nan,nan,0.04
3/30/2023 4:50:53,1.14.0,Free_feed,6,4.14,nan,1,RightWithPellet,Left,82,153,285,0,nan,nan,0.59
3/30/2023 4:50:56,1.14.0,Free_feed,6,4.14,nan,1,RightWithPellet,Left,82,154,285,0,nan,nan,0.11
3/30/2023 4:50:58,1.14.0,Free_feed,6,4.14,nan,1,RightWithPellet,Left,82,155,285,0,nan,nan,0.04
3/30/2023 4:51:00,1.14.0,Free_feed,6,4.14,nan,1,RightWithPellet,Left,82,156,285,0,nan,nan,0.01
3/30/2023 4:51:01,1.14.0,Free_feed,6,4.14,nan,1,RightWithPellet,Left,82,157,285,0,nan,nan,0.09
3/30/2023 4:51:02,1.14.0,Free_feed,6,4.14,nan,1,RightWithPellet,Left,82,158,285,0,nan,nan,0.12
3/30/2023 4:51:03,1.14.0,Free_feed,6,4.14,nan,1,RightWithPellet,Left,82,159,285,0,nan,nan,0.08
3/30/2023 4:51:07,1.14.0,Free_feed,6,4.14,nan,1,RightWithPellet,Left,82,160,285,0,nan,nan,0.06
3/30/2023 4:51:08,1.14.0,Free_feed,6,4.14,nan,1,RightWithPellet,Left,82,161,285,0,nan,nan,0.03
3/30/2023 4:51:09,1.14.0,Free_feed,6,4.14,nan,1,RightWithPellet,Left,82,162,285,0,nan,nan,0.12
3/30/2023 4:51:10,1.14.0,Free_feed,6,4.14,nan,1,RightWithPellet,Left,82,163,285,0,nan,nan,0.07
3/30/2023 4:51:11,1.14.0,Free_feed,6,4.14,nan,1,RightWithPellet,Left,82,164,285,0,nan,nan,0.32
3/30/2023 4:51:12,1.14.0,Free_feed,6,4.14,nan,1,RightWithPellet,Left,82,165,285,0,nan,nan,0.05
3/30/2023 4:51:14,1.14.0,Free_feed,6,4.14,nan,1,RightWithPellet,Left,82,166,285,0,nan,nan,0.41
3/30/2023 4:51:19,1.14.0,Free_feed,6,4.14,nan,1,RightWithPellet,Left,82,167,285,0,nan,nan,0.20
3/30/2023 4:51:22,1.14.0,Free_feed,6,4.13,nan,1,RightWithPellet,Left,82,168,285,0,nan,nan,2.00
3/30/2023 4:51:24,1.14.0,Free_feed,6,4.14,nan,1,RightWithPellet,Left,82,169,285,0,nan,nan,0.07
3/30/2023 4:51:26,1.14.0,Free_feed,6,4.14,nan,1,RightWithPellet,Left,82,170,285,0,nan,nan,0.02
3/30/2023 4:51:27,1.14.0,Free_feed,6,4.13,nan,1,RightWithPellet,Left,82,171,285,0,nan,nan,0.22
3/30/2023 4:51:32,1.14.0,Free_feed,6,4.14,nan,1,RightWithPellet,Left,82,172,285,0,nan,nan,0.13
3/30/2023 4:51:33,1.14.0,Free_feed,6,4.14,nan,1,RightWithPellet,Left,82,173,285,0,nan,nan,0.03
3/30/2023 4:51:34,1.14.0,Free_feed,6,4.14,nan,1,RightWithPellet,Left,82,174,285,0,nan,nan,0.82
3/30/2023 4:51:35,1.14.0,Free_feed,6,4.14,nan,1,RightWithPellet,Left,82,175,285,0,nan,nan,0.32
3/30/2023 4:51:38,1.14.0,Free_feed,6,4.14,nan,1,RightWithPellet,Left,82,176,285,0,nan,nan,0.44
3/30/2023 4:51:40,1.14.0,Free_feed,6,4.14,nan,1,RightWithPellet,Left,82,177,285,0,nan,nan,1.46
3/30/2023 4:51:42,1.14.0,Free_feed,6,4.14,nan,1,RightWithPellet,Left,82,178,285,0,nan,nan,0.79
3/30/2023 4:51:56,1.14.0,Free_feed,6,4.14,nan,1,RightWithPellet,Left,82,179,285,0,nan,nan,5.58
3/30/2023 4:51:57,1.14.0,Free_feed,6,4.14,nan,1,RightWithPellet,Left,82,180,285,0,nan,nan,0.15
3/30/2023 4:51:59,1.14.0,Free_feed,6,4.14,nan,1,RightWithPellet,Left,82,181,285,0,nan,nan,0.79
3/30/2023 4:52:28,1.14.0,Free_feed,6,4.14,nan,1,LeftWithPellet,Left,83,181,285,0,nan,nan,0.73
3/30/2023 4:52:38,1.14.0,Free_feed,6,4.14,nan,1,RightWithPellet,Left,83,182,285,0,nan,nan,0.64
3/30/2023 4:52:39,1.14.0,Free_feed,6,4.14,nan,1,RightWithPellet,Left,83,183,285,0,nan,nan,0.40
3/30/2023 4:52:40,1.14.0,Free_feed,6,4.14,nan,1,RightWithPellet,Left,83,184,285,0,nan,nan,0.08
3/30/2023 4:52:42,1.14.0,Free_feed,6,4.14,nan,1,RightWithPellet,Left,83,185,285,0,nan,nan,0.10
3/30/2023 4:52:44,1.14.0,Free_feed,6,4.14,nan,1,RightWithPellet,Left,83,186,285,0,nan,nan,0.03
3/30/2023 4:52:45,1.14.0,Free_feed,6,4.14,nan,1,RightWithPellet,Left,83,187,285,0,nan,nan,0.04
3/30/2023 4:52:46,1.14.0,Free_feed,6,4.14,nan,1,RightWithPellet,Left,83,188,285,0,nan,nan,0.87
3/30/2023 4:52:48,1.14.0,Free_feed,6,4.14,nan,1,RightWithPellet,Left,83,189,285,0,nan,nan,0.54
3/30/2023 4:52:49,1.14.0,Free_feed,6,4.14,nan,1,RightWithPellet,Left,83,190,285,0,nan,nan,0.05
3/30/2023 4:52:55,1.14.0,Free_feed,6,4.14,nan,1,RightWithPellet,Left,83,191,285,0,nan,nan,0.89
3/30/2023 4:53:01,1.14.0,Free_feed,6,4.14,nan,1,RightWithPellet,Left,83,192,285,0,nan,nan,0.17
3/30/2023 4:53:06,1.14.0,Free_feed,6,4.14,nan,1,RightWithPellet,Left,83,193,285,0,nan,nan,1.34
3/30/2023 4:53:46,1.14.0,Free_feed,6,4.14,nan,1,RightWithPellet,Left,83,194,285,0,nan,nan,0.17
3/30/2023 4:53:49,1.14.0,Free_feed,6,4.14,nan,1,RightWithPellet,Left,83,195,285,0,nan,nan,0.06
3/30/2023 4:53:50,1.14.0,Free_feed,6,4.14,nan,1,RightWithPellet,Left,83,196,285,0,nan,nan,0.35
3/30/2023 4:53:51,1.14.0,Free_feed,6,4.14,nan,1,RightWithPellet,Left,83,197,285,0,nan,nan,0.51
3/30/2023 4:54:00,1.14.0,Free_feed,6,4.14,nan,1,RightWithPellet,Left,83,198,285,0,nan,nan,0.14
3/30/2023 4:54:05,1.14.0,Free_feed,6,4.14,nan,1,RightWithPellet,Left,83,199,285,0,nan,nan,0.07
3/30/2023 4:54:08,1.14.0,Free_feed,6,4.14,nan,1,RightWithPellet,Left,83,200,285,0,nan,nan,0.23
3/30/2023 4:54:14,1.14.0,Free_feed,6,4.14,nan,1,RightWithPellet,Left,83,201,285,0,nan,nan,0.09
3/30/2023 4:54:16,1.14.0,Free_feed,6,4.14,nan,1,RightWithPellet,Left,83,202,285,0,nan,nan,0.38
3/30/2023 4:54:38,1.14.0,Free_feed,6,4.14,nan,1,RightWithPellet,Left,83,203,285,0,nan,nan,0.03
3/30/2023 4:54:42,1.14.0,Free_feed,6,4.14,nan,1,RightWithPellet,Left,83,204,285,0,nan,nan,2.20
3/30/2023 4:54:43,1.14.0,Free_feed,6,4.14,nan,1,RightWithPellet,Left,83,205,285,0,nan,nan,0.11
3/30/2023 4:54:47,1.14.0,Free_feed,6,4.14,nan,1,RightWithPellet,Left,83,206,285,0,nan,nan,0.04
3/30/2023 4:54:49,1.14.0,Free_feed,6,4.14,nan,1,RightWithPellet,Left,83,207,285,0,nan,nan,0.06
3/30/2023 4:54:52,1.14.0,Free_feed,6,4.14,nan,1,RightWithPellet,Left,83,208,285,0,nan,nan,0.41
3/30/2023 4:54:54,1.14.0,Free_feed,6,4.14,nan,1,RightWithPellet,Left,83,209,285,0,nan,nan,0.20
3/30/2023 4:55:15,1.14.0,Free_feed,6,4.14,nan,1,RightWithPellet,Left,83,210,285,0,nan,nan,0.10
3/30/2023 4:55:16,1.14.0,Free_feed,6,4.14,nan,1,RightWithPellet,Left,83,211,285,0,nan,nan,0.47
3/30/2023 4:55:18,1.14.0,Free_feed,6,4.14,nan,1,RightWithPellet,Left,83,212,285,0,nan,nan,0.05
3/30/2023 4:55:22,1.14.0,Free_feed,6,4.14,nan,1,RightWithPellet,Left,83,213,285,0,nan,nan,0.04
3/30/2023 4:55:23,1.14.0,Free_feed,6,4.14,nan,1,RightWithPellet,Left,83,214,285,0,nan,nan,0.08
3/30/2023 4:55:28,1.14.0,Free_feed,6,4.14,nan,1,RightWithPellet,Left,83,215,285,0,nan,nan,1.28
3/30/2023 4:55:29,1.14.0,Free_feed,6,4.13,nan,1,RightWithPellet,Left,83,216,285,0,nan,nan,0.01
3/30/2023 4:55:31,1.14.0,Free_feed,6,4.14,nan,1,RightWithPellet,Left,83,217,285,0,nan,nan,0.90
3/30/2023 4:55:34,1.14.0,Free_feed,6,4.14,nan,1,RightWithPellet,Left,83,218,285,0,nan,nan,0.43
3/30/2023 4:55:37,1.14.0,Free_feed,6,4.13,nan,1,RightWithPellet,Left,83,219,285,0,nan,nan,0.26
3/30/2023 4:55:54,1.14.0,Free_feed,6,4.14,nan,1,RightWithPellet,Left,83,220,285,0,nan,nan,0.07
3/30/2023 4:56:10,1.14.0,Free_feed,6,4.14,nan,1,RightWithPellet,Left,83,221,285,0,nan,nan,0.41
3/30/2023 4:56:21,1.14.0,Free_feed,6,4.14,nan,1,RightWithPellet,Left,83,222,285,0,nan,nan,0.25
3/30/2023 4:56:22,1.14.0,Free_feed,6,4.14,nan,1,RightWithPellet,Left,83,223,285,0,nan,nan,0.01
3/30/2023 4:56:23,1.14.0,Free_feed,6,4.14,nan,1,RightWithPellet,Left,83,224,285,0,nan,nan,0.02
3/30/2023 4:56:27,1.14.0,Free_feed,6,4.14,nan,1,RightWithPellet,Left,83,225,285,0,nan,nan,0.28
3/30/2023 4:56:45,1.14.0,Free_feed,6,4.14,nan,1,RightWithPellet,Left,83,226,285,0,nan,nan,0.16
3/30/2023 4:57:51,1.14.0,Free_feed,6,4.14,nan,1,RightWithPellet,Left,83,227,285,0,nan,nan,0.70
3/30/2023 4:57:52,1.14.0,Free_feed,6,4.14,nan,1,RightWithPellet,Left,83,228,285,0,nan,nan,0.02
3/30/2023 4:57:53,1.14.0,Free_feed,6,4.14,nan,1,RightWithPellet,Left,83,229,285,0,nan,nan,0.68
3/30/2023 4:57:54,1.14.0,Free_feed,6,4.14,nan,1,RightWithPellet,Left,83,230,285,0,nan,nan,0.03
3/30/2023 4:57:58,1.14.0,Free_feed,6,4.14,nan,1,RightWithPellet,Left,83,231,285,0,nan,nan,0.05
3/30/2023 4:57:59,1.14.0,Free_feed,6,4.13,nan,1,RightWithPellet,Left,83,232,285,0,nan,nan,0.44
3/30/2023 4:58:01,1.14.0,Free_feed,6,4.14,nan,1,RightWithPellet,Left,83,233,285,0,nan,nan,1.38
3/30/2023 4:58:02,1.14.0,Free_feed,6,4.14,nan,1,RightWithPellet,Left,83,234,285,0,nan,nan,0.12
3/30/2023 4:58:04,1.14.0,Free_feed,6,4.14,nan,1,RightWithPellet,Left,83,235,285,0,nan,nan,0.27
3/30/2023 4:58:05,1.14.0,Free_feed,6,4.14,nan,1,RightWithPellet,Left,83,236,285,0,nan,nan,0.00
3/30/2023 4:58:13,1.14.0,Free_feed,6,4.13,nan,1,RightWithPellet,Left,83,237,285,0,nan,nan,0.07
3/30/2023 4:58:22,1.14.0,Free_feed,6,4.14,nan,1,RightWithPellet,Left,83,238,285,0,nan,nan,0.40
3/30/2023 5:00:00,1.14.0,Free_feed,6,4.14,nan,1,RightWithPellet,Left,83,239,285,0,nan,nan,0.15
3/30/2023 5:00:01,1.14.0,Free_feed,6,4.14,nan,1,RightWithPellet,Left,83,240,285,0,nan,nan,0.50
3/30/2023 5:00:02,1.14.0,Free_feed,6,4.14,nan,1,RightWithPellet,Left,83,241,285,0,nan,nan,0.13
3/30/2023 5:00:05,1.14.0,Free_feed,6,4.14,nan,1,RightWithPellet,Left,83,242,285,0,nan,nan,0.16
3/30/2023 5:00:07,1.14.0,Free_feed,6,4.14,nan,1,RightWithPellet,Left,83,243,285,0,nan,nan,0.24
3/30/2023 5:00:09,1.14.0,Free_feed,6,4.14,nan,1,RightWithPellet,Left,83,244,285,0,nan,nan,0.05
3/30/2023 5:00:25,1.14.0,Free_feed,6,4.14,nan,1,RightWithPellet,Left,83,245,285,0,nan,nan,0.16
3/30/2023 5:00:29,1.14.0,Free_feed,6,4.14,2,1,Pellet,Left,83,245,286,0,Timed_out,807,nan
3/30/2023 5:00:32,1.14.0,Free_feed,6,4.14,1,1,Pellet,Left,83,245,287,0,0.06,3,nan
3/30/2023 5:00:45,1.14.0,Free_feed,6,4.14,nan,1,LeftWithPellet,Left,84,245,287,0,nan,nan,0.59
3/30/2023 5:00:58,1.14.0,Free_feed,6,4.13,nan,1,LeftWithPellet,Left,85,245,287,0,nan,nan,0.65
3/30/2023 5:00:58,1.14.0,Free_feed,6,4.14,nan,1,LeftWithPellet,Left,86,245,287,0,nan,nan,0.11
3/30/2023 5:01:02,1.14.0,Free_feed,6,4.14,nan,1,LeftWithPellet,Left,87,245,287,0,nan,nan,2.27
3/30/2023 5:01:03,1.14.0,Free_feed,6,4.14,nan,1,LeftWithPellet,Left,88,245,287,0,nan,nan,0.06
3/30/2023 5:01:05,1.14.0,Free_feed,6,4.14,nan,1,LeftWithPellet,Left,89,245,287,0,nan,nan,1.46
3/30/2023 5:01:06,1.14.0,Free_feed,6,4.14,nan,1,LeftWithPellet,Left,90,245,287,0,nan,nan,0.79
3/30/2023 5:01:10,1.14.0,Free_feed,6,4.14,nan,1,LeftWithPellet,Left,91,245,287,0,nan,nan,1.25
3/30/2023 5:01:10,1.14.0,Free_feed,6,4.14,nan,1,LeftWithPellet,Left,92,245,287,0,nan,nan,0.01
3/30/2023 5:01:11,1.14.0,Free_feed,6,4.14,nan,1,LeftWithPellet,Left,93,245,287,0,nan,nan,0.22
3/30/2023 5:01:12,1.14.0,Free_feed,6,4.14,nan,1,LeftWithPellet,Left,94,245,287,0,nan,nan,1.11
3/30/2023 5:01:13,1.14.0,Free_feed,6,4.14,nan,1,LeftWithPellet,Left,95,245,287,0,nan,nan,0.18
3/30/2023 5:01:15,1.14.0,Free_feed,6,4.14,nan,1,LeftWithPellet,Left,96,245,287,0,nan,nan,0.38
3/30/2023 5:01:16,1.14.0,Free_feed,6,4.13,nan,1,LeftWithPellet,Left,97,245,287,0,nan,nan,0.15
3/30/2023 5:01:18,1.14.0,Free_feed,6,4.14,nan,1,LeftWithPellet,Left,98,245,287,0,nan,nan,1.22
3/30/2023 5:02:00,1.14.0,Free_feed,6,4.14,1,1,Pellet,Left,98,245,288,0,Timed_out,88,nan
3/30/2023 5:08:07,1.14.0,Free_feed,6,4.14,nan,1,RightWithPellet,Left,98,246,288,0,nan,nan,0.29
3/30/2023 5:08:10,1.14.0,Free_feed,6,4.13,nan,1,RightWithPellet,Left,98,247,288,0,nan,nan,0.13
3/30/2023 5:08:13,1.14.0,Free_feed,6,4.14,nan,1,RightWithPellet,Left,98,248,288,0,nan,nan,0.05
3/30/2023 5:08:14,1.14.0,Free_feed,6,4.14,nan,1,RightWithPellet,Left,98,249,288,0,nan,nan,0.11
3/30/2023 5:08:15,1.14.0,Free_feed,6,4.14,nan,1,RightWithPellet,Left,98,250,288,0,nan,nan,0.07
3/30/2023 5:08:20,1.14.0,Free_feed,6,4.14,nan,1,RightWithPellet,Left,98,251,288,0,nan,nan,0.05
3/30/2023 5:08:21,1.14.0,Free_feed,6,4.13,nan,1,RightWithPellet,Left,98,252,288,0,nan,nan,0.01
3/30/2023 5:15:04,1.14.0,Free_feed,6,4.14,nan,1,RightWithPellet,Left,98,253,288,0,nan,nan,1.22
3/30/2023 5:15:09,1.14.0,Free_feed,6,4.14,nan,1,RightWithPellet,Left,98,254,288,0,nan,nan,0.13
3/30/2023 5:15:15,1.14.0,Free_feed,6,4.14,nan,1,RightWithPellet,Left,98,255,288,0,nan,nan,0.61
3/30/2023 5:15:16,1.14.0,Free_feed,6,4.14,nan,1,RightWithPellet,Left,98,256,288,0,nan,nan,0.38
3/30/2023 5:21:41,1.14.0,Free_feed,6,4.14,1,1,Pellet,Left,98,256,289,0,Timed_out,1181,nan
3/30/2023 5:21:52,1.14.0,Free_feed,6,4.14,1,1,Pellet,Left,98,256,290,0,4.59,11,nan
3/30/2023 5:22:10,1.14.0,Free_feed,6,4.13,1,1,Pellet,Left,98,256,291,0,9.99,18,nan
3/30/2023 5:22:25,1.14.0,Free_feed,6,4.14,2,1,Pellet,Left,98,256,292,0,6.06,15,nan
3/30/2023 5:22:43,1.14.0,Free_feed,6,4.14,1,1,Pellet,Left,98,256,293,0,11.10,18,nan
3/30/2023 5:22:59,1.14.0,Free_feed,6,4.14,2,1,Pellet,Left,98,256,294,0,7.23,16,nan
3/30/2023 5:23:19,1.14.0,Free_feed,6,4.14,1,1,Pellet,Left,98,256,295,0,13.07,20,nan
3/30/2023 5:23:56,1.14.0,Free_feed,6,4.13,1,1,Pellet,Left,98,256,296,0,31.06,37,nan
3/30/2023 5:24:16,1.14.0,Free_feed,6,4.14,nan,1,RightWithPellet,Left,98,257,296,0,nan,nan,0.07
3/30/2023 5:24:17,1.14.0,Free_feed,6,4.14,nan,1,RightWithPellet,Left,98,258,296,0,nan,nan,0.37
3/30/2023 5:24:18,1.14.0,Free_feed,6,4.14,nan,1,RightWithPellet,Left,98,259,296,0,nan,nan,0.05
3/30/2023 5:24:18,1.14.0,Free_feed,6,4.14,nan,1,RightWithPellet,Left,98,260,296,0,nan,nan,0.01
3/30/2023 5:24:20,1.14.0,Free_feed,6,4.13,nan,1,RightWithPellet,Left,98,261,296,0,nan,nan,0.84
3/30/2023 5:24:21,1.14.0,Free_feed,6,4.14,nan,1,RightWithPellet,Left,98,262,296,0,nan,nan,0.17
3/30/2023 5:25:40,1.14.0,Free_feed,6,4.14,nan,1,RightWithPellet,Left,98,263,296,0,nan,nan,0.06
3/30/2023 5:25:53,1.14.0,Free_feed,6,4.14,nan,1,RightWithPellet,Left,98,264,296,0,nan,nan,0.30
3/30/2023 5:25:54,1.14.0,Free_feed,6,4.14,nan,1,RightWithPellet,Left,98,265,296,0,nan,nan,0.10
3/30/2023 5:25:55,1.14.0,Free_feed,6,4.14,nan,1,RightWithPellet,Left,98,266,296,0,nan,nan,0.02
3/30/2023 5:26:03,1.14.0,Free_feed,6,4.14,nan,1,RightWithPellet,Left,98,267,296,0,nan,nan,0.03
3/30/2023 5:26:05,1.14.0,Free_feed,6,4.14,nan,1,RightWithPellet,Left,98,268,296,0,nan,nan,0.53
3/30/2023 5:26:06,1.14.0,Free_feed,6,4.14,nan,1,RightWithPellet,Left,98,269,296,0,nan,nan,0.11
3/30/2023 5:26:20,1.14.0,Free_feed,6,4.14,nan,1,RightWithPellet,Left,98,270,296,0,nan,nan,0.08
3/30/2023 5:26:31,1.14.0,Free_feed,6,4.14,nan,1,RightWithPellet,Left,98,271,296,0,nan,nan,0.07
3/30/2023 5:26:31,1.14.0,Free_feed,6,4.14,nan,1,RightWithPellet,Left,98,272,296,0,nan,nan,0.10
3/30/2023 5:26:33,1.14.0,Free_feed,6,4.14,nan,1,RightWithPellet,Left,98,273,296,0,nan,nan,0.05
3/30/2023 5:26:35,1.14.0,Free_feed,6,4.14,nan,1,RightWithPellet,Left,98,274,296,0,nan,nan,0.40
3/30/2023 5:26:36,1.14.0,Free_feed,6,4.14,nan,1,RightWithPellet,Left,98,275,296,0,nan,nan,0.93
3/30/2023 5:26:37,1.14.0,Free_feed,6,4.13,nan,1,RightWithPellet,Left,98,276,296,0,nan,nan,0.05
3/30/2023 5:26:57,1.14.0,Free_feed,6,4.14,nan,1,LeftWithPellet,Left,99,276,296,0,nan,nan,0.04
3/30/2023 5:27:01,1.14.0,Free_feed,6,4.13,nan,1,LeftWithPellet,Left,100,276,296,0,nan,nan,0.15
3/30/2023 5:27:03,1.14.0,Free_feed,6,4.14,nan,1,LeftWithPellet,Left,101,276,296,0,nan,nan,0.94
3/30/2023 5:27:39,1.14.0,Free_feed,6,4.14,nan,1,RightWithPellet,Left,101,277,296,0,nan,nan,0.40
3/30/2023 5:27:41,1.14.0,Free_feed,6,4.14,nan,1,RightWithPellet,Left,101,278,296,0,nan,nan,0.36
3/30/2023 5:27:43,1.14.0,Free_feed,6,4.14,nan,1,RightWithPellet,Left,101,279,296,0,nan,nan,0.23
3/30/2023 5:28:36,1.14.0,Free_feed,6,4.14,nan,1,LeftWithPellet,Left,102,279,296,0,nan,nan,0.75
3/30/2023 5:28:49,1.14.0,Free_feed,6,4.14,nan,1,RightWithPellet,Left,102,280,296,0,nan,nan,0.46
3/30/2023 5:33:22,1.14.0,Free_feed,6,4.14,nan,1,RightWithPellet,Left,102,281,296,0,nan,nan,0.54
3/30/2023 5:33:24,1.14.0,Free_feed,6,4.14,nan,1,RightWithPellet,Left,102,282,296,0,nan,nan,1.06
3/30/2023 5:35:19,1.14.0,Free_feed,6,4.14,1,1,Pellet,Left,102,282,297,0,Timed_out,683,nan
3/30/2023 5:35:49,1.14.0,Free_feed,6,4.14,1,1,Pellet,Left,102,282,298,0,27.42,30,nan
3/30/2023 5:36:12,1.14.0,Free_feed,6,4.14,1,1,Pellet,Left,102,282,299,0,16.02,23,nan
3/30/2023 5:38:05,1.14.0,Free_feed,6,4.14,nan,1,RightWithPellet,Left,102,283,299,0,nan,nan,0.00
3/30/2023 5:38:07,1.14.0,Free_feed,6,4.14,nan,1,RightWithPellet,Left,102,284,299,0,nan,nan,1.55
3/30/2023 5:38:13,1.14.0,Free_feed,6,4.13,nan,1,RightWithPellet,Left,102,285,299,0,nan,nan,0.03
3/30/2023 5:38:16,1.14.0,Free_feed,6,4.14,nan,1,RightWithPellet,Left,102,286,299,0,nan,nan,0.27
3/30/2023 5:38:18,1.14.0,Free_feed,6,4.14,nan,1,RightWithPellet,Left,102,287,299,0,nan,nan,0.53
3/30/2023 5:38:19,1.14.0,Free_feed,6,4.14,nan,1,RightWithPellet,Left,102,288,299,0,nan,nan,0.06
3/30/2023 5:38:21,1.14.0,Free_feed,6,4.14,nan,1,RightWithPellet,Left,102,289,299,0,nan,nan,0.15
3/30/2023 5:38:23,1.14.0,Free_feed,6,4.13,nan,1,RightWithPellet,Left,102,290,299,0,nan,nan,0.27
3/30/2023 5:40:34,1.14.0,Free_feed,6,4.14,nan,1,LeftWithPellet,Left,103,290,299,0,nan,nan,0.20
3/30/2023 5:51:06,1.14.0,Free_feed,6,4.14,2,1,Pellet,Left,103,290,300,0,Timed_out,894,nan
3/30/2023 5:51:11,1.14.0,Free_feed,6,4.14,nan,1,RightWithPellet,Left,103,291,300,0,nan,nan,0.32
3/30/2023 5:52:32,1.14.0,Free_feed,6,4.14,nan,1,RightWithPellet,Left,103,292,300,0,nan,nan,1.13
3/30/2023 5:52:36,1.14.0,Free_feed,6,4.14,nan,1,RightWithPellet,Left,103,293,300,0,nan,nan,0.69
3/30/2023 5:52:45,1.14.0,Free_feed,6,4.14,nan,1,RightWithPellet,Left,103,294,300,0,nan,nan,2.41
3/30/2023 5:52:48,1.14.0,Free_feed,6,4.13,nan,1,RightWithPellet,Left,103,295,300,0,nan,nan,1.15
3/30/2023 5:53:01,1.14.0,Free_feed,6,4.14,1,1,Pellet,Left,103,295,301,0,Timed_out,115,nan
3/30/2023 5:53:05,1.14.0,Free_feed,6,4.13,1,1,Pellet,Left,103,295,302,0,0.06,4,nan
3/30/2023 5:53:10,1.14.0,Free_feed,6,4.13,1,1,Pellet,Left,103,295,303,0,0.30,5,nan
3/30/2023 5:53:35,1.14.0,Free_feed,6,4.14,1,1,Pellet,Left,103,295,304,0,18.05,25,nan
3/30/2023 5:53:51,1.14.0,Free_feed,6,4.13,1,1,Pellet,Left,103,295,305,0,8.89,15,nan
3/30/2023 5:54:05,1.14.0,Free_feed,6,4.13,1,1,Pellet,Left,103,295,306,0,7.41,15,nan
3/30/2023 5:54:21,1.14.0,Free_feed,6,4.13,1,1,Pellet,Left,103,295,307,0,8.46,16,nan
3/30/2023 5:54:39,1.14.0,Free_feed,6,4.14,2,1,Pellet,Left,103,295,308,0,10.54,18,nan
3/30/2023 5:57:32,1.14.0,Free_feed,6,4.14,1,1,Pellet,Left,103,295,309,0,Timed_out,173,nan
3/30/2023 5:57:55,1.14.0,Free_feed,6,4.13,1,1,Pellet,Left,103,295,310,0,16.57,23,nan
3/30/2023 7:12:25,1.14.0,Free_feed,6,4.13,1,1,Pellet,Left,103,295,311,0,Timed_out,4470,nan
3/30/2023 7:12:50,1.14.0,Free_feed,6,4.12,1,1,Pellet,Left,103,295,312,0,17.66,25,nan
3/30/2023 7:13:05,1.14.0,Free_feed,6,4.13,1,1,Pellet,Left,103,295,313,0,7.47,15,nan
3/30/2023 7:13:21,1.14.0,Free_feed,6,4.13,1,1,Pellet,Left,103,295,314,0,9.31,16,nan
3/30/2023 7:13:38,1.14.0,Free_feed,6,4.13,1,1,Pellet,Left,103,295,315,0,8.82,17,nan
3/30/2023 7:13:56,1.14.0,Free_feed,6,4.13,1,1,Pellet,Left,103,295,316,0,10.54,18,nan
3/30/2023 7:14:15,1.14.0,Free_feed,6,4.13,1,1,Pellet,Left,103,295,317,0,11.89,19,nan
3/30/2023 7:14:31,1.14.0,Free_feed,6,4.12,1,1,Pellet,Left,103,295,318,0,8.88,16,nan
3/30/2023 7:14:52,1.14.0,Free_feed,6,4.14,1,1,Pellet,Left,103,295,319,0,13.73,21,nan
3/30/2023 7:15:13,1.14.0,Free_feed,6,4.13,1,1,Pellet,Left,103,295,320,0,13.49,20,nan
3/30/2023 7:15:36,1.14.0,Free_feed,6,4.13,2,1,Pellet,Left,103,295,321,0,16.14,24,nan
3/30/2023 7:15:52,1.14.0,Free_feed,6,4.13,1,1,Pellet,Left,103,295,322,0,9.25,16,nan
3/30/2023 7:16:10,1.14.0,Free_feed,6,4.14,1,1,Pellet,Left,103,295,323,0,11.10,18,nan
3/30/2023 7:16:43,1.14.0,Free_feed,6,4.13,1,1,Pellet,Left,103,295,324,0,25.74,33,nan
3/30/2023 7:17:09,1.14.0,Free_feed,6,4.13,1,1,Pellet,Left,103,295,325,0,19.15,26,nan
3/30/2023 9:35:37,1.14.0,Free_feed,6,4.12,nan,1,LeftWithPellet,Left,104,295,325,0,nan,nan,0.08
3/30/2023 9:36:26,1.14.0,Free_feed,6,4.12,nan,1,RightWithPellet,Left,104,296,325,0,nan,nan,0.08
3/30/2023 9:36:29,1.14.0,Free_feed,6,4.13,1,1,Pellet,Left,104,296,326,0,Timed_out,8360,nan
3/30/2023 9:36:31,1.14.0,Free_feed,6,4.12,1,1,Pellet,Left,104,296,327,0,0.36,2,nan
3/30/2023 9:36:51,1.14.0,Free_feed,6,4.12,1,1,Pellet,Left,104,296,328,0,12.94,20,nan
3/30/2023 9:38:15,1.14.0,Free_feed,6,4.12,1,1,Pellet,Left,104,296,329,0,Timed_out,84,nan
3/30/2023 9:38:19,1.14.0,Free_feed,6,4.12,1,1,Pellet,Left,104,296,330,0,0.06,4,nan
3/30/2023 9:38:38,1.14.0,Free_feed,6,4.12,1,1,Pellet,Left,104,296,331,0,13.37,19,nan
