MM:DD:YYYY hh:mm:ss,Library_Version,Session_type,Device_Number,Battery_Voltage,Motor_Turns,FR,Event,Active_Poke,Left_Poke_Count,Right_Poke_Count,Pellet_Count,Block_Pellet_Count,Retrieval_Time,InterPelletInterval,Poke_Time
3/29/2023 10:52:13,1.14.0,Free_feed,8,4.14,nan,1,RightWithPellet,Left,0,1,0,0,nan,nan,0.03
3/29/2023 11:05:08,1.14.0,Free_feed,8,4.14,21,1,Pellet,Left,0,1,1,0,Timed_out,nan,nan
3/29/2023 11:05:10,1.14.0,Free_feed,8,4.15,1,1,Pellet,Left,0,1,2,0,0.24,2,nan
3/29/2023 11:06:21,1.14.0,Free_feed,8,4.15,3,1,Pellet,Left,0,1,3,0,59.12,70,nan
3/29/2023 11:07:28,1.14.0,Free_feed,8,4.14,1,1,Pellet,Left,0,1,4,0,59.77,68,nan
3/29/2023 11:08:32,1.14.0,Free_feed,8,4.15,1,1,Pellet,Left,0,1,5,0,56.67,64,nan
3/29/2023 11:08:34,1.14.0,Free_feed,8,4.14,1,1,Pellet,Left,0,1,6,0,0.06,2,nan
3/29/2023 11:09:05,1.14.0,Free_feed,8,4.14,1,1,Pellet,Left,0,1,7,0,23.82,31,nan
3/29/2023 11:09:29,1.14.0,Free_feed,8,4.15,1,1,Pellet,Left,0,1,8,0,16.86,24,nan
3/29/2023 11:10:48,1.14.0,Free_feed,8,4.14,2,1,Pellet,Left,0,1,9,0,Timed_out,79,nan
3/29/2023 11:12:23,1.14.0,Free_feed,8,4.15,1,1,Pellet,Left,0,1,10,0,Timed_out,94,nan
3/29/2023 11:12:24,1.14.0,Free_feed,8,4.14,1,1,Pellet,Left,0,1,11,0,0.24,2,nan
3/29/2023 11:13:06,1.14.0,Free_feed,8,4.14,1,1,Pellet,Left,0,1,12,0,35.21,42,nan
3/29/2023 11:13:08,1.14.0,Free_feed,8,4.14,1,1,Pellet,Left,0,1,13,0,0.06,2,nan
3/29/2023 11:13:49,1.14.0,Free_feed,8,4.14,1,1,Pellet,Left,0,1,14,0,34.10,41,nan
3/29/2023 11:15:50,1.14.0,Free_feed,8,4.14,nan,1,RightWithPellet,Left,0,2,14,0,nan,nan,2.32
3/29/2023 11:15:54,1.14.0,Free_feed,8,4.15,nan,1,RightWithPellet,Left,0,3,14,0,nan,nan,2.45
3/29/2023 11:15:56,1.14.0,Free_feed,8,4.14,nan,1,RightWithPellet,Left,0,4,14,0,nan,nan,0.71
3/29/2023 11:15:59,1.14.0,Free_feed,8,4.14,nan,1,RightWithPellet,Left,0,5,14,0,nan,nan,0.91
3/29/2023 11:16:01,1.14.0,Free_feed,8,4.14,nan,1,RightWithPellet,Left,0,6,14,0,nan,nan,0.73
3/29/2023 11:16:02,1.14.0,Free_feed,8,4.14,nan,1,RightWithPellet,Left,0,7,14,0,nan,nan,0.34
3/29/2023 11:16:03,1.14.0,Free_feed,8,4.14,nan,1,RightWithPellet,Left,0,8,14,0,nan,nan,0.25
3/29/2023 11:16:12,1.14.0,Free_feed,8,4.15,1,1,Pellet,Left,0,8,15,0,Timed_out,143,nan
3/29/2023 11:16:14,1.14.0,Free_feed,8,4.15,1,1,Pellet,Left,0,8,16,0,0.24,2,nan
3/29/2023 11:16:32,1.14.0,Free_feed,8,4.14,nan,1,LeftWithPellet,Left,1,8,16,0,nan,nan,0.14
3/29/2023 11:16:32,1.14.0,Free_feed,8,4.15,nan,1,LeftWithPellet,Left,2,8,16,0,nan,nan,0.05
3/29/2023 11:16:33,1.14.0,Free_feed,8,4.14,nan,1,LeftWithPellet,Left,3,8,16,0,nan,nan,0.01
3/29/2023 11:16:34,1.14.0,Free_feed,8,4.14,nan,1,LeftWithPellet,Left,4,8,16,0,nan,nan,0.69
3/29/2023 11:16:36,1.14.0,Free_feed,8,4.15,nan,1,LeftWithPellet,Left,5,8,16,0,nan,nan,0.47
3/29/2023 11:16:37,1.14.0,Free_feed,8,4.14,nan,1,LeftWithPellet,Left,6,8,16,0,nan,nan,0.13
3/29/2023 11:18:54,1.14.0,Free_feed,8,4.14,nan,1,RightWithPellet,Left,6,9,16,0,nan,nan,0.01
3/29/2023 11:19:21,1.14.0,Free_feed,8,4.14,nan,1,RightWithPellet,Left,6,10,16,0,nan,nan,0.24
3/29/2023 11:19:30,1.14.0,Free_feed,8,4.14,nan,1,LeftWithPellet,Left,7,10,16,0,nan,nan,0.11
3/29/2023 11:20:15,1.14.0,Free_feed,8,4.14,nan,1,LeftWithPellet,Left,8,10,16,0,nan,nan,0.16
3/29/2023 11:21:09,1.14.0,Free_feed,8,4.14,nan,1,LeftWithPellet,Left,9,10,16,0,nan,nan,0.04
3/29/2023 11:21:11,1.14.0,Free_feed,8,4.14,nan,1,LeftWithPellet,Left,10,10,16,0,nan,nan,0.17
3/29/2023 11:21:22,1.14.0,Free_feed,8,4.15,1,1,Pellet,Left,10,10,17,0,Timed_out,308,nan
3/29/2023 11:23:37,1.14.0,Free_feed,8,4.14,nan,1,RightWithPellet,Left,10,11,17,0,nan,nan,0.06
3/29/2023 11:23:39,1.14.0,Free_feed,8,4.14,nan,1,RightWithPellet,Left,10,12,17,0,nan,nan,0.16
3/29/2023 11:25:00,1.14.0,Free_feed,8,4.14,1,1,Pellet,Left,10,12,18,0,Timed_out,218,nan
3/29/2023 11:27:12,1.14.0,Free_feed,8,4.15,1,1,Pellet,Left,10,12,19,0,Timed_out,132,nan
3/29/2023 11:27:14,1.14.0,Free_feed,8,4.14,1,1,Pellet,Left,10,12,20,0,0.18,2,nan
3/29/2023 11:27:36,1.14.0,Free_feed,8,4.14,1,1,Pellet,Left,10,12,21,0,15.27,22,nan
3/29/2023 11:27:52,1.14.0,Free_feed,8,4.14,2,1,Pellet,Left,10,12,22,0,8.39,16,nan
3/29/2023 11:27:53,1.14.0,Free_feed,8,4.14,1,1,Pellet,Left,10,12,23,0,0.06,1,nan
3/29/2023 11:27:55,1.14.0,Free_feed,8,4.14,1,1,Pellet,Left,10,12,24,0,0.18,2,nan
3/29/2023 11:30:18,1.14.0,Free_feed,8,4.14,nan,1,RightWithPellet,Left,10,13,24,0,nan,nan,0.72
3/29/2023 11:30:19,1.14.0,Free_feed,8,4.14,nan,1,RightWithPellet,Left,10,14,24,0,nan,nan,0.85
3/29/2023 11:30:21,1.14.0,Free_feed,8,4.14,nan,1,RightWithPellet,Left,10,15,24,0,nan,nan,0.81
3/29/2023 11:30:23,1.14.0,Free_feed,8,4.14,nan,1,RightWithPellet,Left,10,16,24,0,nan,nan,1.71
3/29/2023 11:30:27,1.14.0,Free_feed,8,4.14,nan,1,RightWithPellet,Left,10,17,24,0,nan,nan,0.60
3/29/2023 11:30:31,1.14.0,Free_feed,8,4.14,nan,1,RightWithPellet,Left,10,18,24,0,nan,nan,0.52
3/29/2023 11:31:14,1.14.0,Free_feed,8,4.15,nan,1,RightWithPellet,Left,10,19,24,0,nan,nan,0.03
3/29/2023 11:31:22,1.14.0,Free_feed,8,4.14,nan,1,RightWithPellet,Left,10,20,24,0,nan,nan,0.91
3/29/2023 11:31:29,1.14.0,Free_feed,8,4.14,2,1,Pellet,Left,10,20,25,0,Timed_out,214,nan
3/29/2023 11:33:23,1.14.0,Free_feed,8,4.14,nan,1,RightWithPellet,Left,10,21,25,0,nan,nan,0.02
3/29/2023 11:33:58,1.14.0,Free_feed,8,4.15,2,1,Pellet,Left,10,21,26,0,Timed_out,149,nan
3/29/2023 11:34:26,1.14.0,Free_feed,8,4.14,1,1,Pellet,Left,10,21,27,0,20.44,28,nan
3/29/2023 11:34:27,1.14.0,Free_feed,8,4.14,1,1,Pellet,Left,10,21,28,0,0.06,1,nan
3/29/2023 11:34:28,1.14.0,Free_feed,8,4.15,1,1,Pellet,Left,10,21,29,0,0.06,1,nan
3/29/2023 11:34:30,1.14.0,Free_feed,8,4.14,1,1,Pellet,Left,10,21,30,0,0.06,2,nan
3/29/2023 11:38:40,1.14.0,Free_feed,8,4.14,nan,1,RightWithPellet,Left,10,22,30,0,nan,nan,0.11
3/29/2023 11:41:50,1.14.0,Free_feed,8,4.15,nan,1,RightWithPellet,Left,10,23,30,0,nan,nan,0.24
3/29/2023 11:42:25,1.14.0,Free_feed,8,4.14,nan,1,RightWithPellet,Left,10,24,30,0,nan,nan,0.48
3/29/2023 11:42:31,1.14.0,Free_feed,8,4.14,nan,1,LeftWithPellet,Left,11,24,30,0,nan,nan,0.15
3/29/2023 11:42:31,1.14.0,Free_feed,8,4.14,nan,1,LeftWithPellet,Left,12,24,30,0,nan,nan,0.11
3/29/2023 11:47:56,1.14.0,Free_feed,8,4.14,1,1,Pellet,Left,12,24,31,0,Timed_out,806,nan
3/29/2023 11:48:51,1.14.0,Free_feed,8,4.14,1,1,Pellet,Left,12,24,32,0,47.64,55,nan
3/29/2023 11:51:10,1.14.0,Free_feed,8,4.14,1,1,Pellet,Left,12,24,33,0,Timed_out,139,nan
3/29/2023 11:51:11,1.14.0,Free_feed,8,4.14,1,1,Pellet,Left,12,24,34,0,0.42,1,nan
3/29/2023 11:53:07,1.14.0,Free_feed,8,4.14,nan,1,RightWithPellet,Left,12,25,34,0,nan,nan,0.14
3/29/2023 11:53:35,1.14.0,Free_feed,8,4.14,nan,1,LeftWithPellet,Left,13,25,34,0,nan,nan,0.17
3/29/2023 11:57:15,1.14.0,Free_feed,8,4.14,nan,1,RightWithPellet,Left,13,26,34,0,nan,nan,0.04
3/29/2023 11:57:30,1.14.0,Free_feed,8,4.14,1,1,Pellet,Left,13,26,35,0,Timed_out,379,nan
3/29/2023 11:57:46,1.14.0,Free_feed,8,4.14,1,1,Pellet,Left,13,26,36,0,8.95,16,nan
3/29/2023 11:58:27,1.14.0,Free_feed,8,4.14,nan,1,RightWithPellet,Left,13,27,36,0,nan,nan,0.22
3/29/2023 12:00:22,1.14.0,Free_feed,8,4.14,nan,1,RightWithPellet,Left,13,28,36,0,nan,nan,0.03
3/29/2023 12:00:36,1.14.0,Free_feed,8,4.14,nan,1,RightWithPellet,Left,13,29,36,0,nan,nan,0.08
3/29/2023 12:00:48,1.14.0,Free_feed,8,4.14,nan,1,LeftWithPellet,Left,14,29,36,0,nan,nan,0.43
3/29/2023 12:00:51,1.14.0,Free_feed,8,4.13,nan,1,RightWithPellet,Left,14,30,36,0,nan,nan,0.12
3/29/2023 12:00:53,1.14.0,Free_feed,8,4.14,nan,1,RightWithPellet,Left,14,31,36,0,nan,nan,0.21
3/29/2023 12:01:04,1.14.0,Free_feed,8,4.14,nan,1,RightWithPellet,Left,14,32,36,0,nan,nan,0.07
3/29/2023 12:01:05,1.14.0,Free_feed,8,4.14,nan,1,RightWithPellet,Left,14,33,36,0,nan,nan,0.00
3/29/2023 12:02:38,1.14.0,Free_feed,8,4.14,nan,1,LeftWithPellet,Left,15,33,36,0,nan,nan,0.03
3/29/2023 12:02:53,1.14.0,Free_feed,8,4.13,nan,1,LeftWithPellet,Left,16,33,36,0,nan,nan,0.08
3/29/2023 12:02:54,1.14.0,Free_feed,8,4.14,nan,1,LeftWithPellet,Left,17,33,36,0,nan,nan,0.03
3/29/2023 12:03:01,1.14.0,Free_feed,8,4.14,nan,1,LeftWithPellet,Left,18,33,36,0,nan,nan,0.93
3/29/2023 12:03:03,1.14.0,Free_feed,8,4.14,nan,1,LeftWithPellet,Left,19,33,36,0,nan,nan,1.11
3/29/2023 12:03:05,1.14.0,Free_feed,8,4.14,nan,1,LeftWithPellet,Left,20,33,36,0,nan,nan,0.13
3/29/2023 12:03:09,1.14.0,Free_feed,8,4.14,nan,1,LeftWithPellet,Left,21,33,36,0,nan,nan,2.47
3/29/2023 12:03:17,1.14.0,Free_feed,8,4.14,nan,1,RightWithPellet,Left,21,34,36,0,nan,nan,0.10
3/29/2023 12:03:38,1.14.0,Free_feed,8,4.14,1,1,Pellet,Left,21,34,37,0,Timed_out,352,nan
3/29/2023 12:03:48,1.14.0,Free_feed,8,4.14,1,1,Pellet,Left,21,34,38,0,3.06,10,nan
3/29/2023 12:04:03,1.14.0,Free_feed,8,4.14,1,1,Pellet,Left,21,34,39,0,7.29,15,nan
3/29/2023 12:05:50,1.14.0,Free_feed,8,4.14,nan,1,LeftWithPellet,Left,22,34,39,0,nan,nan,0.09
3/29/2023 12:05:51,1.14.0,Free_feed,8,4.14,nan,1,LeftWithPellet,Left,23,34,39,0,nan,nan,0.57
3/29/2023 12:06:00,1.14.0,Free_feed,8,4.14,1,1,Pellet,Left,23,34,40,0,Timed_out,117,nan
3/29/2023 12:06:17,1.14.0,Free_feed,8,4.14,nan,1,RightWithPellet,Left,23,35,40,0,nan,nan,0.03
3/29/2023 12:06:18,1.14.0,Free_feed,8,4.14,nan,1,RightWithPellet,Left,23,36,40,0,nan,nan,0.82
3/29/2023 12:06:19,1.14.0,Free_feed,8,4.14,nan,1,RightWithPellet,Left,23,37,40,0,nan,nan,0.17
3/29/2023 12:06:19,1.14.0,Free_feed,8,4.14,nan,1,RightWithPellet,Left,23,38,40,0,nan,nan,0.05
3/29/2023 12:07:45,1.14.0,Free_feed,8,4.14,nan,1,LeftWithPellet,Left,24,38,40,0,nan,nan,0.08
3/29/2023 12:09:02,1.14.0,Free_feed,8,4.14,nan,1,RightWithPellet,Left,24,39,40,0,nan,nan,0.19
3/29/2023 12:12:12,1.14.0,Free_feed,8,4.14,1,1,Pellet,Left,24,39,41,0,Timed_out,372,nan
3/29/2023 12:12:38,1.14.0,Free_feed,8,4.14,nan,1,LeftWithPellet,Left,25,39,41,0,nan,nan,0.38
3/29/2023 12:13:19,1.14.0,Free_feed,8,4.14,nan,1,LeftWithPellet,Left,26,39,41,0,nan,nan,0.03
3/29/2023 12:13:34,1.14.0,Free_feed,8,4.14,nan,1,RightWithPellet,Left,26,40,41,0,nan,nan,0.08
3/29/2023 12:14:41,1.14.0,Free_feed,8,4.14,1,1,Pellet,Left,26,40,42,0,Timed_out,148,nan
3/29/2023 12:14:42,1.14.0,Free_feed,8,4.14,1,1,Pellet,Left,26,40,43,0,0.36,2,nan
3/29/2023 12:15:03,1.14.0,Free_feed,8,4.14,1,1,Pellet,Left,26,40,44,0,13.36,21,nan
3/29/2023 12:15:20,1.14.0,Free_feed,8,4.14,1,1,Pellet,Left,26,40,45,0,9.37,17,nan
3/29/2023 12:15:36,1.14.0,Free_feed,8,4.14,1,1,Pellet,Left,26,40,46,0,8.70,16,nan
3/29/2023 12:16:46,1.14.0,Free_feed,8,4.14,nan,1,RightWithPellet,Left,26,41,46,0,nan,nan,0.09
3/29/2023 12:26:42,1.14.0,Free_feed,8,4.14,nan,1,RightWithPellet,Left,26,42,46,0,nan,nan,0.11
3/29/2023 12:29:31,1.14.0,Free_feed,8,4.14,1,1,Pellet,Left,26,42,47,0,Timed_out,835,nan
3/29/2023 12:29:55,1.14.0,Free_feed,8,4.14,1,1,Pellet,Left,26,42,48,0,16.81,24,nan
3/29/2023 12:32:13,1.14.0,Free_feed,8,4.14,1,1,Pellet,Left,26,42,49,0,Timed_out,138,nan
3/29/2023 12:34:35,1.14.0,Free_feed,8,4.14,nan,1,LeftWithPellet,Left,27,42,49,0,nan,nan,0.21
3/29/2023 12:35:07,1.14.0,Free_feed,8,4.13,nan,1,LeftWithPellet,Left,28,42,49,0,nan,nan,0.16
3/29/2023 12:35:09,1.14.0,Free_feed,8,4.14,nan,1,LeftWithPellet,Left,29,42,49,0,nan,nan,0.47
3/29/2023 12:35:20,1.14.0,Free_feed,8,4.14,nan,1,LeftWithPellet,Left,30,42,49,0,nan,nan,0.17
3/29/2023 12:35:22,1.14.0,Free_feed,8,4.13,nan,1,LeftWithPellet,Left,31,42,49,0,nan,nan,0.08
3/29/2023 12:35:24,1.14.0,Free_feed,8,4.14,nan,1,LeftWithPellet,Left,32,42,49,0,nan,nan,0.09
3/29/2023 12:35:30,1.14.0,Free_feed,8,4.14,nan,1,RightWithPellet,Left,32,43,49,0,nan,nan,1.70
3/29/2023 12:35:43,1.14.0,Free_feed,8,4.14,nan,1,RightWithPellet,Left,32,44,49,0,nan,nan,0.44
3/29/2023 12:35:48,1.14.0,Free_feed,8,4.14,nan,1,RightWithPellet,Left,32,45,49,0,nan,nan,0.27
3/29/2023 12:36:04,1.14.0,Free_feed,8,4.13,nan,1,LeftWithPellet,Left,33,45,49,0,nan,nan,0.21
3/29/2023 12:40:47,1.14.0,Free_feed,8,4.14,1,1,Pellet,Left,33,45,50,0,Timed_out,514,nan
3/29/2023 12:49:31,1.14.0,Free_feed,8,4.14,1,1,Pellet,Left,33,45,51,0,Timed_out,524,nan
3/29/2023 12:49:49,1.14.0,Free_feed,8,4.14,1,1,Pellet,Left,33,45,52,0,10.48,18,nan
3/29/2023 12:50:09,1.14.0,Free_feed,8,4.14,1,1,Pellet,Left,33,45,53,0,11.90,19,nan
3/29/2023 12:52:05,1.14.0,Free_feed,8,4.14,1,1,Pellet,Left,33,45,54,0,Timed_out,117,nan
3/29/2023 12:52:08,1.14.0,Free_feed,8,4.14,nan,1,RightWithPellet,Left,33,46,54,0,nan,nan,1.11
3/29/2023 12:52:14,1.14.0,Free_feed,8,4.14,nan,1,RightWithPellet,Left,33,47,54,0,nan,nan,0.22
3/29/2023 12:52:15,1.14.0,Free_feed,8,4.14,nan,1,RightWithPellet,Left,33,48,54,0,nan,nan,0.61
3/29/2023 12:52:16,1.14.0,Free_feed,8,4.13,nan,1,RightWithPellet,Left,33,49,54,0,nan,nan,0.70
3/29/2023 12:52:26,1.14.0,Free_feed,8,4.13,nan,1,LeftWithPellet,Left,34,49,54,0,nan,nan,0.20
3/29/2023 12:52:28,1.14.0,Free_feed,8,4.14,1,1,Pellet,Left,34,49,55,0,20.63,23,nan
3/29/2023 12:52:29,1.14.0,Free_feed,8,4.14,1,1,Pellet,Left,34,49,56,0,0.12,1,nan
3/29/2023 12:52:52,1.14.0,Free_feed,8,4.14,1,1,Pellet,Left,34,49,57,0,15.71,23,nan
3/29/2023 12:52:57,1.14.0,Free_feed,8,4.14,nan,1,LeftWithPellet,Left,35,49,57,0,nan,nan,0.09
3/29/2023 12:54:02,1.14.0,Free_feed,8,4.13,nan,1,RightWithPellet,Left,35,50,57,0,nan,nan,0.05
3/29/2023 12:54:06,1.14.0,Free_feed,8,4.14,nan,1,RightWithPellet,Left,35,51,57,0,nan,nan,1.14
3/29/2023 12:54:12,1.14.0,Free_feed,8,4.13,nan,1,RightWithPellet,Left,35,52,57,0,nan,nan,0.09
3/29/2023 12:54:50,1.14.0,Free_feed,8,4.14,nan,1,LeftWithPellet,Left,36,52,57,0,nan,nan,0.07
3/29/2023 12:54:52,1.14.0,Free_feed,8,4.13,nan,1,RightWithPellet,Left,36,53,57,0,nan,nan,0.18
3/29/2023 12:54:54,1.14.0,Free_feed,8,4.14,nan,1,RightWithPellet,Left,36,54,57,0,nan,nan,0.55
3/29/2023 12:55:02,1.14.0,Free_feed,8,4.14,nan,1,RightWithPellet,Left,36,55,57,0,nan,nan,0.05
3/29/2023 12:55:59,1.14.0,Free_feed,8,4.14,nan,1,RightWithPellet,Left,36,56,57,0,nan,nan,0.21
3/29/2023 12:56:25,1.14.0,Free_feed,8,4.13,nan,1,RightWithPellet,Left,36,57,57,0,nan,nan,1.71
3/29/2023 12:56:30,1.14.0,Free_feed,8,4.14,nan,1,RightWithPellet,Left,36,58,57,0,nan,nan,0.07
3/29/2023 12:56:51,1.14.0,Free_feed,8,4.13,nan,1,RightWithPellet,Left,36,59,57,0,nan,nan,0.14
3/29/2023 12:56:52,1.14.0,Free_feed,8,4.14,nan,1,RightWithPellet,Left,36,60,57,0,nan,nan,0.02
3/29/2023 12:56:55,1.14.0,Free_feed,8,4.13,nan,1,RightWithPellet,Left,36,61,57,0,nan,nan,0.83
3/29/2023 12:56:57,1.14.0,Free_feed,8,4.14,nan,1,RightWithPellet,Left,36,62,57,0,nan,nan,0.21
3/29/2023 12:57:01,1.14.0,Free_feed,8,4.14,nan,1,RightWithPellet,Left,36,63,57,0,nan,nan,0.06
3/29/2023 12:57:03,1.14.0,Free_feed,8,4.13,nan,1,RightWithPellet,Left,36,64,57,0,nan,nan,0.19
3/29/2023 12:57:14,1.14.0,Free_feed,8,4.13,nan,1,RightWithPellet,Left,36,65,57,0,nan,nan,0.01
3/29/2023 12:57:19,1.14.0,Free_feed,8,4.14,nan,1,RightWithPellet,Left,36,66,57,0,nan,nan,2.00
3/29/2023 12:57:21,1.14.0,Free_feed,8,4.13,nan,1,RightWithPellet,Left,36,67,57,0,nan,nan,0.46
3/29/2023 12:57:22,1.14.0,Free_feed,8,4.14,nan,1,RightWithPellet,Left,36,68,57,0,nan,nan,0.01
3/29/2023 12:57:22,1.14.0,Free_feed,8,4.14,nan,1,RightWithPellet,Left,36,69,57,0,nan,nan,0.01
3/29/2023 12:57:59,1.14.0,Free_feed,8,4.13,nan,1,LeftWithPellet,Left,37,69,57,0,nan,nan,0.06
3/29/2023 12:58:03,1.14.0,Free_feed,8,4.14,nan,1,LeftWithPellet,Left,38,69,57,0,nan,nan,0.13
3/29/2023 12:58:41,1.14.0,Free_feed,8,4.13,nan,1,RightWithPellet,Left,38,70,57,0,nan,nan,0.50
3/29/2023 12:59:34,1.14.0,Free_feed,8,4.14,nan,1,LeftWithPellet,Left,39,70,57,0,nan,nan,0.05
3/29/2023 12:59:35,1.14.0,Free_feed,8,4.14,nan,1,LeftWithPellet,Left,40,70,57,0,nan,nan,0.46
3/29/2023 12:59:37,1.14.0,Free_feed,8,4.14,nan,1,LeftWithPellet,Left,41,70,57,0,nan,nan,0.51
3/29/2023 12:59:37,1.14.0,Free_feed,8,4.14,nan,1,LeftWithPellet,Left,42,70,57,0,nan,nan,0.19
3/29/2023 13:00:14,1.14.0,Free_feed,8,4.13,1,1,Pellet,Left,42,70,58,0,Timed_out,442,nan
3/29/2023 13:00:37,1.14.0,Free_feed,8,4.13,1,1,Pellet,Left,42,70,59,0,15.58,23,nan
3/29/2023 13:01:13,1.14.0,Free_feed,8,4.13,1,1,Pellet,Left,42,70,60,0,28.82,36,nan
3/29/2023 13:23:10,1.14.0,Free_feed,8,4.13,2,1,Pellet,Left,42,70,61,0,Timed_out,1317,nan
3/29/2023 13:23:39,1.14.0,Free_feed,8,4.14,nan,1,LeftWithPellet,Left,43,70,61,0,nan,nan,0.05
3/29/2023 13:23:55,1.14.0,Free_feed,8,4.13,1,1,Pellet,Left,43,70,62,0,36.95,45,nan
3/29/2023 13:23:56,1.14.0,Free_feed,8,4.13,1,1,Pellet,Left,43,70,63,0,0.12,1,nan
3/29/2023 13:25:24,1.14.0,Free_feed,8,4.13,1,1,Pellet,Left,43,70,64,0,Timed_out,88,nan
3/29/2023 13:25:37,1.14.0,Free_feed,8,4.13,nan,1,RightWithPellet,Left,43,71,64,0,nan,nan,0.03
3/29/2023 13:25:38,1.14.0,Free_feed,8,4.13,nan,1,RightWithPellet,Left,43,72,64,0,nan,nan,0.70
3/29/2023 13:26:12,1.14.0,Free_feed,8,4.13,nan,1,RightWithPellet,Left,43,73,64,0,nan,nan,0.83
3/29/2023 13:27:05,1.14.0,Free_feed,8,4.13,1,1,Pellet,Left,43,73,65,0,Timed_out,101,nan
3/29/2023 13:56:31,1.14.0,Free_feed,8,4.13,1,1,Pellet,Left,43,73,66,0,Timed_out,1766,nan
3/29/2023 13:57:42,1.14.0,Free_feed,8,4.13,nan,1,RightWithPellet,Left,43,74,66,0,nan,nan,0.52
3/29/2023 13:59:14,1.14.0,Free_feed,8,4.13,1,1,Pellet,Left,43,74,67,0,Timed_out,163,nan
3/29/2023 14:00:30,1.14.0,Free_feed,8,4.13,nan,1,LeftWithPellet,Left,44,74,67,0,nan,nan,0.11
3/29/2023 14:01:17,1.14.0,Free_feed,8,4.14,1,1,Pellet,Left,44,74,68,0,Timed_out,123,nan
3/29/2023 14:02:51,1.14.0,Free_feed,8,4.13,1,1,Pellet,Left,44,74,69,0,Timed_out,94,nan
3/29/2023 14:02:57,1.14.0,Free_feed,8,4.13,nan,1,RightWithPellet,Left,44,75,69,0,nan,nan,0.01
3/29/2023 14:02:58,1.14.0,Free_feed,8,4.13,nan,1,RightWithPellet,Left,44,76,69,0,nan,nan,0.71
3/29/2023 14:03:05,1.14.0,Free_feed,8,4.13,nan,1,RightWithPellet,Left,44,77,69,0,nan,nan,0.79
3/29/2023 14:37:46,1.14.0,Free_feed,8,4.13,1,1,Pellet,Left,44,77,70,0,Timed_out,2095,nan
3/29/2023 14:37:47,1.14.0,Free_feed,8,4.12,1,1,Pellet,Left,44,77,71,0,0.06,1,nan
3/29/2023 14:38:28,1.14.0,Free_feed,8,4.13,2,1,Pellet,Left,44,77,72,0,34.10,41,nan
3/29/2023 14:39:05,1.14.0,Free_feed,8,4.13,1,1,Pellet,Left,44,77,73,0,30.05,37,nan
3/29/2023 14:39:22,1.14.0,Free_feed,8,4.12,1,1,Pellet,Left,44,77,74,0,10.17,17,nan
3/29/2023 14:39:23,1.14.0,Free_feed,8,4.13,1,1,Pellet,Left,44,77,75,0,0.06,1,nan
3/29/2023 14:39:49,1.14.0,Free_feed,8,4.13,2,1,Pellet,Left,44,77,76,0,18.29,26,nan
3/29/2023 14:39:51,1.14.0,Free_feed,8,4.13,1,1,Pellet,Left,44,77,77,0,0.30,2,nan
3/29/2023 14:39:53,1.14.0,Free_feed,8,4.12,1,1,Pellet,Left,44,77,78,0,0.06,2,nan
3/29/2023 14:41:39,1.14.0,Free_feed,8,4.12,1,1,Pellet,Left,44,77,79,0,Timed_out,106,nan
3/29/2023 14:44:12,1.14.0,Free_feed,8,4.13,1,1,Pellet,Left,44,77,80,0,Timed_out,152,nan
3/29/2023 14:44:13,1.14.0,Free_feed,8,4.12,1,1,Pellet,Left,44,77,81,0,0.06,2,nan
3/29/2023 14:44:15,1.14.0,Free_feed,8,4.13,1,1,Pellet,Left,44,77,82,0,0.48,2,nan
3/29/2023 14:45:19,1.14.0,Free_feed,8,4.12,1,1,Pellet,Left,44,77,83,0,56.96,64,nan
3/29/2023 14:45:20,1.14.0,Free_feed,8,4.13,1,1,Pellet,Left,44,77,84,0,0.06,1,nan
3/29/2023 14:45:47,1.14.0,Free_feed,8,4.13,nan,1,LeftWithPellet,Left,45,77,84,0,nan,nan,0.10
3/29/2023 14:45:48,1.14.0,Free_feed,8,4.12,nan,1,LeftWithPellet,Left,46,77,84,0,nan,nan,0.11
3/29/2023 14:45:56,1.14.0,Free_feed,8,4.13,1,1,Pellet,Left,46,77,85,0,28.60,36,nan
3/29/2023 14:46:13,1.14.0,Free_feed,8,4.12,nan,1,RightWithPellet,Left,46,78,85,0,nan,nan,0.04
3/29/2023 14:46:13,1.14.0,Free_feed,8,4.12,nan,1,RightWithPellet,Left,46,79,85,0,nan,nan,0.31
3/29/2023 14:46:14,1.14.0,Free_feed,8,4.12,nan,1,RightWithPellet,Left,46,80,85,0,nan,nan,0.38
3/29/2023 14:46:15,1.14.0,Free_feed,8,4.12,nan,1,RightWithPellet,Left,46,81,85,0,nan,nan,0.04
3/29/2023 14:48:31,1.14.0,Free_feed,8,4.13,1,1,Pellet,Left,46,81,86,0,Timed_out,155,nan
3/29/2023 15:31:33,1.14.0,Free_feed,8,4.12,3,1,Pellet,Left,46,81,87,0,Timed_out,2582,nan
3/29/2023 15:31:34,1.14.0,Free_feed,8,4.12,1,1,Pellet,Left,46,81,88,0,0.06,1,nan
3/29/2023 15:32:32,1.14.0,Free_feed,8,4.12,2,1,Pellet,Left,46,81,89,0,49.21,57,nan
3/29/2023 15:32:48,1.14.0,Free_feed,8,4.12,2,1,Pellet,Left,46,81,90,0,8.33,17,nan
3/29/2023 15:34:07,1.14.0,Free_feed,8,4.12,2,1,Pellet,Left,46,81,91,0,Timed_out,78,nan
3/29/2023 15:34:25,1.14.0,Free_feed,8,4.12,1,1,Pellet,Left,46,81,92,0,10.60,19,nan
3/29/2023 15:34:45,1.14.0,Free_feed,8,4.12,2,1,Pellet,Left,46,81,93,0,11.16,20,nan
3/29/2023 15:35:08,1.14.0,Free_feed,8,4.12,nan,1,LeftWithPellet,Left,47,81,93,0,nan,nan,0.16
3/29/2023 15:35:20,1.14.0,Free_feed,8,4.12,nan,1,RightWithPellet,Left,47,82,93,0,nan,nan,0.28
3/29/2023 15:35:21,1.14.0,Free_feed,8,4.12,nan,1,RightWithPellet,Left,47,83,93,0,nan,nan,0.24
3/29/2023 15:35:21,1.14.0,Free_feed,8,4.12,nan,1,RightWithPellet,Left,47,84,93,0,nan,nan,0.06
3/29/2023 15:36:10,1.14.0,Free_feed,8,4.13,nan,1,RightWithPellet,Left,47,85,93,0,nan,nan,0.06
3/29/2023 16:24:30,1.14.0,Free_feed,8,4.12,1,1,Pellet,Left,47,85,94,0,Timed_out,2985,nan
3/29/2023 16:26:10,1.14.0,Free_feed,8,4.12,1,1,Pellet,Left,47,85,95,0,Timed_out,100,nan
3/29/2023 16:26:52,1.14.0,Free_feed,8,4.12,1,1,Pellet,Left,47,85,96,0,34.93,42,nan
3/29/2023 16:27:06,1.14.0,Free_feed,8,4.12,1,1,Pellet,Left,47,85,97,0,11.77,14,nan
3/29/2023 16:27:07,1.14.0,Free_feed,8,4.12,1,1,Pellet,Left,47,85,98,0,0.06,1,nan
3/29/2023 16:27:09,1.14.0,Free_feed,8,4.12,1,1,Pellet,Left,47,85,99,0,0.12,2,nan
3/29/2023 16:27:28,1.14.0,Free_feed,8,4.12,2,1,Pellet,Left,47,85,100,0,11.96,19,nan
3/29/2023 16:27:48,1.14.0,Free_feed,8,4.12,1,1,Pellet,Left,47,85,101,0,12.57,20,nan
3/29/2023 16:28:08,1.14.0,Free_feed,8,4.12,2,1,Pellet,Left,47,85,102,0,12.57,20,nan
3/29/2023 16:28:33,1.14.0,Free_feed,8,4.12,nan,1,LeftWithPellet,Left,48,85,102,0,nan,nan,0.08
3/29/2023 16:29:53,1.14.0,Free_feed,8,4.12,1,1,Pellet,Left,48,85,103,0,Timed_out,105,nan
3/29/2023 16:29:54,1.14.0,Free_feed,8,4.12,1,1,Pellet,Left,48,85,104,0,0.24,1,nan
3/29/2023 16:29:58,1.14.0,Free_feed,8,4.12,1,1,Pellet,Left,48,85,105,0,1.58,4,nan
3/29/2023 17:15:23,1.14.0,Free_feed,8,4.12,1,1,Pellet,Left,48,85,106,0,Timed_out,2725,nan
3/29/2023 17:15:49,1.14.0,Free_feed,8,4.12,1,1,Pellet,Left,48,85,107,0,19.39,26,nan
3/29/2023 17:16:26,1.14.0,Free_feed,8,4.12,1,1,Pellet,Left,48,85,108,0,30.11,37,nan
3/29/2023 17:16:44,1.14.0,Free_feed,8,4.12,1,1,Pellet,Left,48,85,109,0,10.79,18,nan
3/29/2023 17:17:09,1.14.0,Free_feed,8,4.12,1,1,Pellet,Left,48,85,110,0,22.71,25,nan
3/29/2023 17:17:45,1.14.0,Free_feed,8,4.12,2,1,Pellet,Left,48,85,111,0,26.95,36,nan
3/29/2023 17:18:06,1.14.0,Free_feed,8,4.12,2,1,Pellet,Left,48,85,112,0,13.36,21,nan
3/29/2023 17:18:29,1.14.0,Free_feed,8,4.12,nan,1,LeftWithPellet,Left,49,85,112,0,nan,nan,0.86
3/29/2023 17:19:42,1.14.0,Free_feed,8,4.11,2,1,Pellet,Left,49,85,113,0,Timed_out,96,nan
3/29/2023 17:46:25,1.14.0,Free_feed,8,4.12,1,1,Pellet,Left,49,85,114,0,Timed_out,1603,nan
3/29/2023 18:13:12,1.14.0,Free_feed,8,4.12,1,1,Pellet,Left,49,85,115,0,Timed_out,1606,nan
3/29/2023 18:13:14,1.14.0,Free_feed,8,4.11,2,1,Pellet,Left,49,85,116,0,0.06,3,nan
3/29/2023 18:14:00,1.14.0,Free_feed,8,4.11,1,1,Pellet,Left,49,85,117,0,39.47,45,nan
3/29/2023 18:14:14,1.14.0,Free_feed,8,4.12,1,1,Pellet,Left,49,85,118,0,7.71,15,nan
3/29/2023 18:14:46,1.14.0,Free_feed,8,4.11,1,1,Pellet,Left,49,85,119,0,24.93,32,nan
3/29/2023 18:15:05,1.14.0,Free_feed,8,4.12,2,1,Pellet,Left,49,85,120,0,10.97,19,nan
3/29/2023 18:15:38,1.14.0,Free_feed,8,4.12,2,1,Pellet,Left,49,85,121,0,24.63,33,nan
3/29/2023 18:16:10,1.14.0,Free_feed,8,4.11,1,1,Pellet,Left,49,85,122,0,24.38,32,nan
3/29/2023 18:16:38,1.14.0,Free_feed,8,4.12,2,1,Pellet,Left,49,85,123,0,20.14,28,nan
3/29/2023 18:16:58,1.14.0,Free_feed,8,4.11,2,1,Pellet,Left,49,85,124,0,12.08,20,nan
3/29/2023 18:17:18,1.14.0,Free_feed,8,4.11,2,1,Pellet,Left,49,85,125,0,11.83,20,nan
3/29/2023 18:17:42,1.14.0,Free_feed,8,4.12,3,1,Pellet,Left,49,85,126,0,15.40,24,nan
3/29/2023 18:43:50,1.14.0,Free_feed,8,4.11,1,1,Pellet,Left,49,85,127,0,Timed_out,1568,nan
3/29/2023 18:43:52,1.14.0,Free_feed,8,4.11,1,1,Pellet,Left,49,85,128,0,0.06,2,nan
3/29/2023 19:26:11,1.14.0,Free_feed,8,4.11,1,1,Pellet,Left,49,85,129,0,Timed_out,2539,nan
3/29/2023 19:26:39,1.14.0,Free_feed,8,4.11,1,1,Pellet,Left,49,85,130,0,19.96,28,nan
3/29/2023 19:27:06,1.14.0,Free_feed,8,4.11,1,1,Pellet,Left,49,85,131,0,20.51,27,nan
3/29/2023 19:40:39,1.14.0,Free_feed,8,4.12,1,1,Pellet,Left,49,85,132,0,Timed_out,813,nan
3/29/2023 19:40:42,1.14.0,Free_feed,8,4.12,nan,1,RightWithPellet,Left,49,86,132,0,nan,nan,0.14
3/29/2023 19:42:11,1.14.0,Free_feed,8,4.11,nan,1,RightWithPellet,Left,49,87,132,0,nan,nan,0.09
3/29/2023 19:42:57,1.14.0,Free_feed,8,4.11,nan,1,LeftWithPellet,Left,50,87,132,0,nan,nan,0.01
3/29/2023 19:45:47,1.14.0,Free_feed,8,4.11,1,1,Pellet,Left,50,87,133,0,Timed_out,308,nan
3/29/2023 19:45:52,1.14.0,Free_feed,8,4.11,1,1,Pellet,Left,50,87,134,0,3.67,5,nan
3/29/2023 19:46:36,1.14.0,Free_feed,8,4.11,1,1,Pellet,Left,50,87,135,0,36.03,44,nan
3/29/2023 19:47:16,1.14.0,Free_feed,8,4.11,1,1,Pellet,Left,50,87,136,0,33.08,40,nan
3/29/2023 19:47:40,1.14.0,Free_feed,8,4.11,1,1,Pellet,Left,50,87,137,0,17.43,24,nan
3/29/2023 19:48:13,1.14.0,Free_feed,8,4.11,nan,1,RightWithPellet,Left,50,88,137,0,nan,nan,0.04
3/29/2023 19:49:20,1.14.0,Free_feed,8,4.11,nan,1,LeftWithPellet,Left,51,88,137,0,nan,nan,0.01
3/29/2023 19:49:25,1.14.0,Free_feed,8,4.11,nan,1,LeftWithPellet,Left,52,88,137,0,nan,nan,0.14
3/29/2023 19:49:28,1.14.0,Free_feed,8,4.11,nan,1,LeftWithPellet,Left,53,88,137,0,nan,nan,0.00
3/29/2023 19:49:29,1.14.0,Free_feed,8,4.11,1,1,Pellet,Left,53,88,138,0,Timed_out,108,nan
3/29/2023 19:50:38,1.14.0,Free_feed,8,4.11,nan,1,LeftWithPellet,Left,54,88,138,0,nan,nan,0.01
3/29/2023 19:51:27,1.14.0,Free_feed,8,4.11,1,1,Pellet,Left,54,88,139,0,Timed_out,119,nan
3/29/2023 19:54:00,1.14.0,Free_feed,8,4.11,1,1,Pellet,Left,54,88,140,0,Timed_out,153,nan
3/29/2023 19:54:29,1.14.0,Free_feed,8,4.11,1,1,Pellet,Left,54,88,141,0,21.91,29,nan
3/29/2023 19:54:53,1.14.0,Free_feed,8,4.11,1,1,Pellet,Left,54,88,142,0,17.36,24,nan
3/29/2023 19:55:19,1.14.0,Free_feed,8,4.11,1,1,Pellet,Left,54,88,143,0,18.23,26,nan
3/29/2023 19:55:39,1.14.0,Free_feed,8,4.11,1,1,Pellet,Left,54,88,144,0,13.31,20,nan
3/29/2023 20:00:28,1.14.0,Free_feed,8,4.11,nan,1,RightWithPellet,Left,54,89,144,0,nan,nan,0.28
3/29/2023 20:00:46,1.14.0,Free_feed,8,4.11,1,1,Pellet,Left,54,89,145,0,Timed_out,307,nan
3/29/2023 20:00:48,1.14.0,Free_feed,8,4.11,1,1,Pellet,Left,54,89,146,0,0.18,2,nan
3/29/2023 20:05:49,1.14.0,Free_feed,8,4.11,1,1,Pellet,Left,54,89,147,0,Timed_out,301,nan
3/29/2023 20:06:17,1.14.0,Free_feed,8,4.11,1,1,Pellet,Left,54,89,148,0,20.32,28,nan
3/29/2023 20:06:19,1.14.0,Free_feed,8,4.11,1,1,Pellet,Left,54,89,149,0,0.36,2,nan
3/29/2023 20:29:05,1.14.0,Free_feed,8,4.11,1,1,Pellet,Left,54,89,150,0,Timed_out,1366,nan
3/29/2023 20:29:13,1.14.0,Free_feed,8,4.11,1,1,Pellet,Left,54,89,151,0,0.55,7,nan
3/29/2023 20:29:39,1.14.0,Free_feed,8,4.11,1,1,Pellet,Left,54,89,152,0,19.15,27,nan
3/29/2023 20:29:58,1.14.0,Free_feed,8,4.11,1,1,Pellet,Left,54,89,153,0,12.33,19,nan
3/29/2023 20:30:16,1.14.0,Free_feed,8,4.11,2,1,Pellet,Left,54,89,154,0,9.75,18,nan
3/29/2023 20:30:35,1.14.0,Free_feed,8,4.11,1,1,Pellet,Left,54,89,155,0,12.14,19,nan
3/29/2023 20:30:37,1.14.0,Free_feed,8,4.11,1,1,Pellet,Left,54,89,156,0,0.24,2,nan
3/29/2023 20:30:57,1.14.0,Free_feed,8,4.11,1,1,Pellet,Left,54,89,157,0,13.68,20,nan
3/29/2023 20:31:28,1.14.0,Free_feed,8,4.11,2,1,Pellet,Left,54,89,158,0,23.09,31,nan
3/29/2023 20:31:55,1.14.0,Free_feed,8,4.11,1,1,Pellet,Left,54,89,159,0,20.02,27,nan
3/29/2023 20:32:33,1.14.0,Free_feed,8,4.11,nan,1,RightWithPellet,Left,54,90,159,0,nan,nan,0.02
3/29/2023 20:38:59,1.14.0,Free_feed,8,4.11,nan,1,LeftWithPellet,Left,55,90,159,0,nan,nan,0.95
3/29/2023 20:45:23,1.14.0,Free_feed,8,4.11,1,1,Pellet,Left,55,90,160,0,Timed_out,808,nan
3/29/2023 20:46:35,1.14.0,Free_feed,8,4.11,1,1,Pellet,Left,55,90,161,0,Timed_out,72,nan
3/29/2023 20:47:00,1.14.0,Free_feed,8,4.11,nan,1,RightWithPellet,Left,55,91,161,0,nan,nan,0.80
3/29/2023 20:47:05,1.14.0,Free_feed,8,4.11,nan,1,RightWithPellet,Left,55,92,161,0,nan,nan,0.01
3/29/2023 20:47:18,1.14.0,Free_feed,8,4.11,nan,1,RightWithPellet,Left,55,93,161,0,nan,nan,0.12
3/29/2023 20:47:19,1.14.0,Free_feed,8,4.11,nan,1,RightWithPellet,Left,55,94,161,0,nan,nan,0.11
3/29/2023 20:47:21,1.14.0,Free_feed,8,4.11,nan,1,RightWithPellet,Left,55,95,161,0,nan,nan,2.17
3/29/2023 20:47:25,1.14.0,Free_feed,8,4.11,nan,1,RightWithPellet,Left,55,96,161,0,nan,nan,0.32
3/29/2023 20:47:25,1.14.0,Free_feed,8,4.11,nan,1,RightWithPellet,Left,55,97,161,0,nan,nan,0.24
3/29/2023 20:47:26,1.14.0,Free_feed,8,4.11,nan,1,RightWithPellet,Left,55,98,161,0,nan,nan,0.13
3/29/2023 20:47:26,1.14.0,Free_feed,8,4.11,nan,1,RightWithPellet,Left,55,99,161,0,nan,nan,0.18
3/29/2023 20:49:04,1.14.0,Free_feed,8,4.11,nan,1,RightWithPellet,Left,55,100,161,0,nan,nan,0.11
3/29/2023 20:50:46,1.14.0,Free_feed,8,4.11,nan,1,RightWithPellet,Left,55,101,161,0,nan,nan,0.00
3/29/2023 20:50:48,1.14.0,Free_feed,8,4.11,nan,1,RightWithPellet,Left,55,102,161,0,nan,nan,0.02
3/29/2023 20:52:55,1.14.0,Free_feed,8,4.11,nan,1,LeftWithPellet,Left,56,102,161,0,nan,nan,0.05
3/29/2023 20:56:09,1.14.0,Free_feed,8,4.11,1,1,Pellet,Left,56,102,162,0,Timed_out,574,nan
3/29/2023 20:56:37,1.14.0,Free_feed,8,4.11,1,1,Pellet,Left,56,102,163,0,21.38,28,nan
3/29/2023 20:57:30,1.14.0,Free_feed,8,4.11,nan,1,LeftWithPellet,Left,57,102,163,0,nan,nan,0.07
3/29/2023 20:58:06,1.14.0,Free_feed,8,4.11,nan,1,LeftWithPellet,Left,58,102,163,0,nan,nan,0.01
3/29/2023 20:58:31,1.14.0,Free_feed,8,4.11,2,1,Pellet,Left,58,102,164,0,Timed_out,113,nan
3/29/2023 21:03:41,1.14.0,Free_feed,8,4.11,nan,1,RightWithPellet,Left,58,103,164,0,nan,nan,0.01
3/29/2023 21:03:43,1.14.0,Free_feed,8,4.11,nan,1,RightWithPellet,Left,58,104,164,0,nan,nan,0.27
3/29/2023 21:04:57,1.14.0,Free_feed,8,4.11,1,1,Pellet,Left,58,104,165,0,Timed_out,387,nan
3/29/2023 21:05:25,1.14.0,Free_feed,8,4.11,1,1,Pellet,Left,58,104,166,0,20.63,28,nan
3/29/2023 21:05:45,1.14.0,Free_feed,8,4.11,2,1,Pellet,Left,58,104,167,0,12.51,20,nan
3/29/2023 21:06:03,1.14.0,Free_feed,8,4.11,1,1,Pellet,Left,58,104,168,0,10.60,18,nan
3/29/2023 21:06:23,1.14.0,Free_feed,8,4.11,1,1,Pellet,Left,58,104,169,0,12.57,20,nan
3/29/2023 21:08:10,1.14.0,Free_feed,8,4.11,nan,1,LeftWithPellet,Left,59,104,169,0,nan,nan,0.07
3/29/2023 21:08:11,1.14.0,Free_feed,8,4.11,nan,1,LeftWithPellet,Left,60,104,169,0,nan,nan,0.75
3/29/2023 21:12:16,1.14.0,Free_feed,8,4.11,1,1,Pellet,Left,60,104,170,0,Timed_out,353,nan
3/29/2023 21:14:14,1.14.0,Free_feed,8,4.11,1,1,Pellet,Left,60,104,171,0,Timed_out,118,nan
3/29/2023 21:15:42,1.14.0,Free_feed,8,4.11,1,1,Pellet,Left,60,104,172,0,Timed_out,88,nan
3/29/2023 21:17:05,1.14.0,Free_feed,8,4.11,1,1,Pellet,Left,60,104,173,0,Timed_out,83,nan
3/29/2023 21:19:20,1.14.0,Free_feed,8,4.11,1,1,Pellet,Left,60,104,174,0,Timed_out,135,nan
3/29/2023 21:44:03,1.14.0,Free_feed,8,4.11,2,1,Pellet,Left,60,104,175,0,Timed_out,1482,nan
3/29/2023 21:44:31,1.14.0,Free_feed,8,4.11,1,1,Pellet,Left,60,104,176,0,20.44,29,nan
3/29/2023 21:44:46,1.14.0,Free_feed,8,4.11,2,1,Pellet,Left,60,104,177,0,5.88,15,nan
3/29/2023 21:45:25,1.14.0,Free_feed,8,4.11,1,1,Pellet,Left,60,104,178,0,32.26,39,nan
3/29/2023 21:46:55,1.14.0,Free_feed,8,4.11,1,1,Pellet,Left,60,104,179,0,Timed_out,90,nan
3/29/2023 21:47:20,1.14.0,Free_feed,8,4.11,1,1,Pellet,Left,60,104,180,0,17.98,25,nan
3/29/2023 21:47:53,1.14.0,Free_feed,8,4.10,1,1,Pellet,Left,60,104,181,0,26.05,33,nan
3/29/2023 22:19:16,1.14.0,Free_feed,8,4.11,1,1,Pellet,Left,60,104,182,0,Timed_out,1883,nan
3/29/2023 22:19:43,1.14.0,Free_feed,8,4.10,1,1,Pellet,Left,60,104,183,0,19.28,27,nan
3/29/2023 22:20:14,1.14.0,Free_feed,8,4.11,1,1,Pellet,Left,60,104,184,0,23.96,31,nan
3/29/2023 22:20:21,1.14.0,Free_feed,8,4.10,1,1,Pellet,Left,60,104,185,0,0.06,7,nan
3/29/2023 22:20:33,1.14.0,Free_feed,8,4.10,1,1,Pellet,Left,60,104,186,0,4.96,12,nan
3/29/2023 22:20:55,1.14.0,Free_feed,8,4.10,1,1,Pellet,Left,60,104,187,0,19.96,22,nan
3/29/2023 22:21:15,1.14.0,Free_feed,8,4.10,2,1,Pellet,Left,60,104,188,0,12.02,19,nan
3/29/2023 22:21:33,1.14.0,Free_feed,8,4.11,1,1,Pellet,Left,60,104,189,0,11.35,19,nan
3/29/2023 22:22:06,1.14.0,Free_feed,8,4.10,1,1,Pellet,Left,60,104,190,0,25.38,33,nan
3/29/2023 22:22:26,1.14.0,Free_feed,8,4.09,1,1,Pellet,Left,60,104,191,0,12.88,20,nan
3/29/2023 22:23:14,1.14.0,Free_feed,8,4.10,nan,1,LeftWithPellet,Left,61,104,191,0,nan,nan,0.03
3/29/2023 22:23:27,1.14.0,Free_feed,8,4.10,nan,1,RightWithPellet,Left,61,105,191,0,nan,nan,0.05
3/29/2023 22:24:16,1.14.0,Free_feed,8,4.10,1,1,Pellet,Left,61,105,192,0,Timed_out,110,nan
3/29/2023 23:10:41,1.14.0,Free_feed,8,4.10,1,1,Pellet,Left,61,105,193,0,Timed_out,2785,nan
3/29/2023 23:11:07,1.14.0,Free_feed,8,4.10,1,1,Pellet,Left,61,105,194,0,18.35,26,nan
3/29/2023 23:11:46,1.14.0,Free_feed,8,4.10,1,1,Pellet,Left,61,105,195,0,31.52,39,nan
3/29/2023 23:12:13,1.14.0,Free_feed,8,4.10,1,1,Pellet,Left,61,105,196,0,19.21,27,nan
3/29/2023 23:12:50,1.14.0,Free_feed,8,4.10,1,1,Pellet,Left,61,105,197,0,29.94,36,nan
3/29/2023 23:13:12,1.14.0,Free_feed,8,4.10,1,1,Pellet,Left,61,105,198,0,15.28,23,nan
3/29/2023 23:44:43,1.14.0,Free_feed,8,4.09,1,1,Pellet,Left,61,105,199,0,Timed_out,1891,nan
3/29/2023 23:46:03,1.14.0,Free_feed,8,4.10,2,1,Pellet,Left,61,105,200,0,Timed_out,80,nan
3/29/2023 23:46:23,1.14.0,Free_feed,8,4.10,1,1,Pellet,Left,61,105,201,0,11.96,20,nan
3/29/2023 23:51:11,1.14.0,Free_feed,8,4.10,nan,1,RightWithPellet,Left,61,106,201,0,nan,nan,0.03
3/29/2023 23:51:12,1.14.0,Free_feed,8,4.10,nan,1,RightWithPellet,Left,61,107,201,0,nan,nan,0.23
3/29/2023 23:51:16,1.14.0,Free_feed,8,4.10,2,1,Pellet,Left,61,107,202,0,Timed_out,293,nan
3/29/2023 23:51:24,1.14.0,Free_feed,8,4.09,1,1,Pellet,Left,61,107,203,0,0.06,8,nan
3/29/2023 23:51:35,1.14.0,Free_feed,8,4.10,1,1,Pellet,Left,61,107,204,0,4.29,11,nan
3/29/2023 23:51:53,1.14.0,Free_feed,8,4.10,nan,1,RightWithPellet,Left,61,108,204,0,nan,nan,0.63
3/29/2023 23:52:53,1.14.0,Free_feed,8,4.10,nan,1,RightWithPellet,Left,61,109,204,0,nan,nan,0.00
3/29/2023 23:53:34,1.14.0,Free_feed,8,4.09,nan,1,RightWithPellet,Left,61,110,204,0,nan,nan,0.01
3/29/2023 23:54:14,1.14.0,Free_feed,8,4.10,1,1,Pellet,Left,61,110,205,0,Timed_out,159,nan
3/30/2023 0:02:35,1.14.0,Free_feed,8,4.10,nan,1,LeftWithPellet,Left,62,110,205,0,nan,nan,0.03
3/30/2023 0:03:12,1.14.0,Free_feed,8,4.10,1,1,Pellet,Left,62,110,206,0,Timed_out,538,nan
3/30/2023 0:03:28,1.14.0,Free_feed,8,4.09,1,1,Pellet,Left,62,110,207,0,8.27,16,nan
3/30/2023 0:03:42,1.14.0,Free_feed,8,4.10,1,1,Pellet,Left,62,110,208,0,6.68,14,nan
3/30/2023 0:04:01,1.14.0,Free_feed,8,4.10,1,1,Pellet,Left,62,110,209,0,11.28,19,nan
3/30/2023 0:04:19,1.14.0,Free_feed,8,4.09,nan,1,RightWithPellet,Left,62,111,209,0,nan,nan,0.60
3/30/2023 0:06:11,1.14.0,Free_feed,8,4.09,3,1,Pellet,Left,62,111,210,0,Timed_out,130,nan
3/30/2023 0:06:25,1.14.0,Free_feed,8,4.10,2,1,Pellet,Left,62,111,211,0,6.43,14,nan
3/30/2023 0:06:32,1.14.0,Free_feed,8,4.10,1,1,Pellet,Left,62,111,212,0,1.89,7,nan
3/30/2023 0:09:50,1.14.0,Free_feed,8,4.10,nan,1,RightWithPellet,Left,62,112,212,0,nan,nan,0.29
3/30/2023 0:09:59,1.14.0,Free_feed,8,4.10,nan,1,RightWithPellet,Left,62,113,212,0,nan,nan,0.02
3/30/2023 0:10:00,1.14.0,Free_feed,8,4.09,nan,1,RightWithPellet,Left,62,114,212,0,nan,nan,0.34
3/30/2023 0:10:05,1.14.0,Free_feed,8,4.09,1,1,Pellet,Left,62,114,213,0,Timed_out,213,nan
3/30/2023 0:10:31,1.14.0,Free_feed,8,4.10,1,1,Pellet,Left,62,114,214,0,18.10,26,nan
3/30/2023 0:31:29,1.14.0,Free_feed,8,4.09,2,1,Pellet,Left,62,114,215,0,Timed_out,1258,nan
3/30/2023 0:31:44,1.14.0,Free_feed,8,4.10,2,1,Pellet,Left,62,114,216,0,5.45,15,nan
3/30/2023 0:33:36,1.14.0,Free_feed,8,4.09,nan,1,RightWithPellet,Left,62,115,216,0,nan,nan,1.53
3/30/2023 0:33:42,1.14.0,Free_feed,8,4.09,nan,1,LeftWithPellet,Left,63,115,216,0,nan,nan,0.99
3/30/2023 0:33:45,1.14.0,Free_feed,8,4.10,nan,1,LeftWithPellet,Left,64,115,216,0,nan,nan,0.15
3/30/2023 0:33:54,1.14.0,Free_feed,8,4.09,nan,1,LeftWithPellet,Left,65,115,216,0,nan,nan,0.72
3/30/2023 0:33:56,1.14.0,Free_feed,8,4.10,nan,1,RightWithPellet,Left,65,116,216,0,nan,nan,0.36
3/30/2023 0:35:08,1.14.0,Free_feed,8,4.10,1,1,Pellet,Left,65,116,217,0,Timed_out,204,nan
3/30/2023 0:35:36,1.14.0,Free_feed,8,4.10,1,1,Pellet,Left,65,116,218,0,21.25,28,nan
3/30/2023 0:35:50,1.14.0,Free_feed,8,4.09,1,1,Pellet,Left,65,116,219,0,7.66,14,nan
3/30/2023 0:36:08,1.14.0,Free_feed,8,4.09,1,1,Pellet,Left,65,116,220,0,9.93,18,nan
3/30/2023 0:55:08,1.14.0,Free_feed,8,4.09,2,1,Pellet,Left,65,116,221,0,Timed_out,1140,nan
3/30/2023 0:55:42,1.14.0,Free_feed,8,4.09,1,1,Pellet,Left,65,116,222,0,27.29,34,nan
3/30/2023 0:55:59,1.14.0,Free_feed,8,4.10,1,1,Pellet,Left,65,116,223,0,10.24,17,nan
3/30/2023 0:56:18,1.14.0,Free_feed,8,4.09,1,1,Pellet,Left,65,116,224,0,10.79,18,nan
3/30/2023 0:57:05,1.14.0,Free_feed,8,4.09,1,1,Pellet,Left,65,116,225,0,40.11,48,nan
3/30/2023 0:57:26,1.14.0,Free_feed,8,4.09,1,1,Pellet,Left,65,116,226,0,13.62,20,nan
3/30/2023 0:57:41,1.14.0,Free_feed,8,4.09,1,1,Pellet,Left,65,116,227,0,7.91,16,nan
3/30/2023 0:58:35,1.14.0,Free_feed,8,4.09,nan,1,RightWithPellet,Left,65,117,227,0,nan,nan,0.55
3/30/2023 1:03:29,1.14.0,Free_feed,8,4.09,1,1,Pellet,Left,65,117,228,0,Timed_out,348,nan
3/30/2023 2:00:54,1.14.0,Free_feed,8,4.09,1,1,Pellet,Left,65,117,229,0,Timed_out,3445,nan
3/30/2023 2:01:15,1.14.0,Free_feed,8,4.09,1,1,Pellet,Left,65,117,230,0,13.80,21,nan
3/30/2023 2:11:06,1.14.0,Free_feed,8,4.09,1,1,Pellet,Left,65,117,231,0,Timed_out,591,nan
3/30/2023 2:12:06,1.14.0,Free_feed,8,4.09,1,1,Pellet,Left,65,117,232,0,52.70,60,nan
3/30/2023 2:12:25,1.14.0,Free_feed,8,4.09,1,1,Pellet,Left,65,117,233,0,12.14,19,nan
3/30/2023 2:12:27,1.14.0,Free_feed,8,4.09,1,1,Pellet,Left,65,117,234,0,0.06,2,nan
3/30/2023 4:02:46,1.14.0,Free_feed,8,4.09,1,1,Pellet,Left,65,117,235,0,Timed_out,6619,nan
3/30/2023 4:02:47,1.14.0,Free_feed,8,4.09,1,1,Pellet,Left,65,117,236,0,0.06,1,nan
3/30/2023 4:02:48,1.14.0,Free_feed,8,4.09,1,1,Pellet,Left,65,117,237,0,0.06,1,nan
3/30/2023 4:03:05,1.14.0,Free_feed,8,4.09,1,1,Pellet,Left,65,117,238,0,9.13,16,nan
3/30/2023 4:03:49,1.14.0,Free_feed,8,4.09,1,1,Pellet,Left,65,117,239,0,37.70,45,nan
3/30/2023 4:04:08,1.14.0,Free_feed,8,4.09,1,1,Pellet,Left,65,117,240,0,12.02,19,nan
3/30/2023 4:04:25,1.14.0,Free_feed,8,4.09,1,1,Pellet,Left,65,117,241,0,9.86,17,nan
3/30/2023 4:04:42,1.14.0,Free_feed,8,4.09,1,1,Pellet,Left,65,117,242,0,9.43,17,nan
3/30/2023 4:04:51,1.14.0,Free_feed,8,4.08,nan,1,LeftWithPellet,Left,66,117,242,0,nan,nan,0.93
3/30/2023 4:06:28,1.14.0,Free_feed,8,4.09,1,1,Pellet,Left,66,117,243,0,Timed_out,106,nan
3/30/2023 4:07:21,1.14.0,Free_feed,8,4.09,nan,1,RightWithPellet,Left,66,118,243,0,nan,nan,0.74
3/30/2023 4:08:23,1.14.0,Free_feed,8,4.09,2,1,Pellet,Left,66,118,244,0,Timed_out,115,nan
3/30/2023 4:09:30,1.14.0,Free_feed,8,4.09,2,1,Pellet,Left,66,118,245,0,59.72,67,nan
3/30/2023 4:11:39,1.14.0,Free_feed,8,4.09,nan,1,LeftWithPellet,Left,67,118,245,0,nan,nan,0.39
3/30/2023 4:11:40,1.14.0,Free_feed,8,4.08,1,1,Pellet,Left,67,118,246,0,Timed_out,130,nan
3/30/2023 4:11:59,1.14.0,Free_feed,8,4.09,1,1,Pellet,Left,67,118,247,0,11.58,19,nan
3/30/2023 4:12:12,1.14.0,Free_feed,8,4.09,2,1,Pellet,Left,67,118,248,0,3.24,13,nan
3/30/2023 4:12:47,1.14.0,Free_feed,8,4.08,1,1,Pellet,Left,67,118,249,0,27.41,35,nan
3/30/2023 4:15:34,1.14.0,Free_feed,8,4.09,2,1,Pellet,Left,67,118,250,0,Timed_out,167,nan
3/30/2023 4:18:20,1.14.0,Free_feed,8,4.09,nan,1,RightWithPellet,Left,67,119,250,0,nan,nan,0.06
3/30/2023 4:25:48,1.14.0,Free_feed,8,4.09,1,1,Pellet,Left,67,119,251,0,Timed_out,614,nan
3/30/2023 4:26:04,1.14.0,Free_feed,8,4.09,1,1,Pellet,Left,67,119,252,0,8.76,16,nan
3/30/2023 4:28:41,1.14.0,Free_feed,8,4.08,nan,1,RightWithPellet,Left,67,120,252,0,nan,nan,0.02
3/30/2023 5:15:35,1.14.0,Free_feed,8,4.08,1,1,Pellet,Left,67,120,253,0,Timed_out,2971,nan
3/30/2023 5:16:35,1.14.0,Free_feed,8,4.08,1,1,Pellet,Left,67,120,254,0,52.31,60,nan
3/30/2023 5:16:36,1.14.0,Free_feed,8,4.09,1,1,Pellet,Left,67,120,255,0,0.06,1,nan
3/30/2023 5:17:05,1.14.0,Free_feed,8,4.09,1,1,Pellet,Left,67,120,256,0,20.89,28,nan
3/30/2023 5:17:29,1.14.0,Free_feed,8,4.08,2,1,Pellet,Left,67,120,257,0,17.19,25,nan
3/30/2023 5:17:37,1.14.0,Free_feed,8,4.08,1,1,Pellet,Left,67,120,258,0,0.91,7,nan
3/30/2023 5:18:23,1.14.0,Free_feed,8,4.08,1,1,Pellet,Left,67,120,259,0,39.06,47,nan
3/30/2023 5:19:32,1.14.0,Free_feed,8,4.09,1,1,Pellet,Left,67,120,260,0,Timed_out,69,nan
3/30/2023 5:20:53,1.14.0,Free_feed,8,4.08,1,1,Pellet,Left,67,120,261,0,Timed_out,81,nan
3/30/2023 5:21:30,1.14.0,Free_feed,8,4.09,1,1,Pellet,Left,67,120,262,0,29.38,37,nan
3/30/2023 5:21:46,1.14.0,Free_feed,8,4.08,1,1,Pellet,Left,67,120,263,0,7.91,16,nan
3/30/2023 5:22:05,1.14.0,Free_feed,8,4.09,1,1,Pellet,Left,67,120,264,0,12.14,19,nan
3/30/2023 5:22:24,1.14.0,Free_feed,8,4.08,1,1,Pellet,Left,67,120,265,0,12.64,19,nan
3/30/2023 5:26:37,1.14.0,Free_feed,8,4.08,nan,1,LeftWithPellet,Left,68,120,265,0,nan,nan,0.02
3/30/2023 5:26:41,1.14.0,Free_feed,8,4.08,nan,1,LeftWithPellet,Left,69,120,265,0,nan,nan,0.14
3/30/2023 5:27:57,1.14.0,Free_feed,8,4.08,nan,1,RightWithPellet,Left,69,121,265,0,nan,nan,0.33
3/30/2023 5:31:17,1.14.0,Free_feed,8,4.08,1,1,Pellet,Left,69,121,266,0,Timed_out,533,nan
3/30/2023 5:32:55,1.14.0,Free_feed,8,4.09,nan,1,RightWithPellet,Left,69,122,266,0,nan,nan,0.11
3/30/2023 5:33:09,1.14.0,Free_feed,8,4.08,1,1,Pellet,Left,69,122,267,0,Timed_out,112,nan
3/30/2023 5:33:46,1.14.0,Free_feed,8,4.08,1,1,Pellet,Left,69,122,268,0,30.01,37,nan
3/30/2023 5:41:03,1.14.0,Free_feed,8,4.08,1,1,Pellet,Left,69,122,269,0,Timed_out,437,nan
3/30/2023 5:47:54,1.14.0,Free_feed,8,4.08,1,1,Pellet,Left,69,122,270,0,Timed_out,411,nan
3/30/2023 5:58:52,1.14.0,Free_feed,8,4.08,nan,1,LeftWithPellet,Left,70,122,270,0,nan,nan,0.85
3/30/2023 6:01:00,1.14.0,Free_feed,8,4.08,1,1,Pellet,Left,70,122,271,0,Timed_out,785,nan
3/30/2023 6:06:29,1.14.0,Free_feed,8,4.08,1,1,Pellet,Left,70,122,272,0,Timed_out,330,nan
3/30/2023 6:06:56,1.14.0,Free_feed,8,4.08,1,1,Pellet,Left,70,122,273,0,19.03,27,nan
3/30/2023 6:15:27,1.14.0,Free_feed,8,4.08,1,1,Pellet,Left,70,122,274,0,Timed_out,511,nan
3/30/2023 6:19:31,1.14.0,Free_feed,8,4.07,1,1,Pellet,Left,70,122,275,0,Timed_out,243,nan
3/30/2023 7:24:36,1.14.0,Free_feed,8,4.08,1,1,Pellet,Left,70,122,276,0,Timed_out,3906,nan
3/30/2023 7:28:02,1.14.0,Free_feed,8,4.07,1,1,Pellet,Left,70,122,277,0,Timed_out,206,nan
3/30/2023 7:30:39,1.14.0,Free_feed,8,4.07,1,1,Pellet,Left,70,122,278,0,Timed_out,157,nan
3/30/2023 7:30:58,1.14.0,Free_feed,8,4.08,2,1,Pellet,Left,70,122,279,0,11.71,19,nan
3/30/2023 7:31:19,1.14.0,Free_feed,8,4.08,1,1,Pellet,Left,70,122,280,0,14.35,21,nan
3/30/2023 7:31:39,1.14.0,Free_feed,8,4.07,2,1,Pellet,Left,70,122,281,0,10.24,20,nan
3/30/2023 7:31:58,1.14.0,Free_feed,8,4.07,1,1,Pellet,Left,70,122,282,0,11.22,19,nan
3/30/2023 7:32:23,1.14.0,Free_feed,8,4.07,1,1,Pellet,Left,70,122,283,0,16.64,25,nan
3/30/2023 7:32:41,1.14.0,Free_feed,8,4.08,1,1,Pellet,Left,70,122,284,0,11.10,18,nan
3/30/2023 7:33:10,1.14.0,Free_feed,8,4.07,nan,1,LeftWithPellet,Left,71,122,284,0,nan,nan,1.33
3/30/2023 8:31:05,1.14.0,Free_feed,8,4.07,1,1,Pellet,Left,71,122,285,0,Timed_out,3504,nan
3/30/2023 8:31:30,1.14.0,Free_feed,8,4.07,2,1,Pellet,Left,71,122,286,0,17.56,25,nan
3/30/2023 8:31:32,1.14.0,Free_feed,8,4.08,1,1,Pellet,Left,71,122,287,0,0.06,2,nan
3/30/2023 8:32:17,1.14.0,Free_feed,8,4.07,1,1,Pellet,Left,71,122,288,0,37.27,44,nan
3/30/2023 8:32:53,1.14.0,Free_feed,8,4.07,1,1,Pellet,Left,71,122,289,0,30.14,37,nan
3/30/2023 8:33:10,1.14.0,Free_feed,8,4.07,1,1,Pellet,Left,71,122,290,0,9.51,17,nan
3/30/2023 8:33:11,1.14.0,Free_feed,8,4.07,1,1,Pellet,Left,71,122,291,0,0.06,1,nan
3/30/2023 8:33:30,1.14.0,Free_feed,8,4.07,1,1,Pellet,Left,71,122,292,0,11.53,19,nan
3/30/2023 8:33:46,1.14.0,Free_feed,8,4.07,1,1,Pellet,Left,71,122,293,0,8.46,16,nan
3/30/2023 8:34:27,1.14.0,Free_feed,8,4.07,1,1,Pellet,Left,71,122,294,0,33.28,41,nan
3/30/2023 8:34:46,1.14.0,Free_feed,8,4.07,1,1,Pellet,Left,71,122,295,0,11.47,19,nan
3/30/2023 8:37:08,1.14.0,Free_feed,8,4.07,nan,1,RightWithPellet,Left,71,123,295,0,nan,nan,0.11
3/30/2023 8:37:10,1.14.0,Free_feed,8,4.07,nan,1,RightWithPellet,Left,71,124,295,0,nan,nan,0.01
3/30/2023 8:37:12,1.14.0,Free_feed,8,4.07,nan,1,RightWithPellet,Left,71,125,295,0,nan,nan,0.24
3/30/2023 8:37:16,1.14.0,Free_feed,8,4.07,nan,1,RightWithPellet,Left,71,126,295,0,nan,nan,0.42
3/30/2023 8:37:22,1.14.0,Free_feed,8,4.07,nan,1,RightWithPellet,Left,71,127,295,0,nan,nan,0.01
3/30/2023 9:35:34,1.14.0,Free_feed,8,4.07,1,1,Pellet,Left,71,127,296,0,Timed_out,3648,nan
3/30/2023 9:36:53,1.14.0,Free_feed,8,4.07,1,1,Pellet,Left,71,127,297,0,Timed_out,79,nan
3/30/2023 9:38:06,1.14.0,Free_feed,8,4.07,2,1,Pellet,Left,71,127,298,0,Timed_out,73,nan
3/30/2023 9:39:14,1.14.0,Free_feed,8,4.07,1,1,Pellet,Left,71,127,299,0,Timed_out,68,nan
3/30/2023 9:39:38,1.14.0,Free_feed,8,4.07,1,1,Pellet,Left,71,127,300,0,16.64,24,nan
3/30/2023 9:49:25,1.14.0,Free_feed,8,4.07,1,1,Pellet,Left,71,127,301,0,Timed_out,587,nan
3/30/2023 9:50:07,1.14.0,Free_feed,8,4.07,1,1,Pellet,Left,71,127,302,0,34.98,42,nan
3/30/2023 9:50:13,1.14.0,Free_feed,8,4.07,1,1,Pellet,Left,71,127,303,0,3.85,6,nan
