MM:DD:YYYY hh:mm:ss,Library_Version,Session_type,Device_Number,Battery_Voltage,Motor_Turns,FR,Event,Active_Poke,Left_Poke_Count,Right_Poke_Count,Pellet_Count,Random_Timeout_Duration,Retrieval_Time,InterPelletInterval,Poke_Time,Unnamed: 16
2023-09-24 18:00:00,1.16.3,FR1,1,3.91,,1,Left,Left,1,0,0,0,,,0.78,
2023-09-24 18:09:58,1.16.3,FR1,1,3.91,,1,Left,Left,1,0,0,0,,,0.78,
2023-09-24 18:10:05,1.16.3,FR1,1,3.91,3.0,1,Pellet,Left,1,0,1,0,1.40,,,
2023-09-24 18:15:53,1.16.3,FR1,1,3.91,,1,Right,Left,1,1,1,0,,,0.25,
2023-09-24 19:21:56,1.16.3,FR1,1,3.9,,1,Right,Left,1,2,1,0,,,0.21,
2023-09-24 19:48:40,1.16.3,FR1,1,3.91,,1,Right,Left,1,3,1,0,,,0.5,
2023-09-24 19:59:23,1.16.3,FR1,1,3.9,,1,Left,Left,2,3,1,0,,,0.37,
2023-09-24 19:59:25,1.16.3,FR1,1,3.91,,1,LeftWithPellet,Left,3,3,1,0,,,0.04,
2023-09-24 19:59:28,1.16.3,FR1,1,3.9,1.0,1,Pellet,Left,3,3,2,0,4.60,6563.0,,
2023-09-24 20:05:51,1.16.3,FR1,1,3.9,,1,Left,Left,4,3,2,0,,,0.06,
2023-09-24 20:05:53,1.16.3,FR1,1,3.9,1.0,1,Pellet,Left,4,3,3,0,1.34,385.0,,
2023-09-24 20:10:23,1.16.3,FR1,1,3.9,,1,Right,Left,4,4,3,0,,,0.5,
2023-09-24 20:10:25,1.16.3,FR1,1,3.9,,1,Right,Left,4,5,3,0,,,0.64,
2023-09-24 20:15:13,1.16.3,FR1,1,3.91,,1,Right,Left,4,6,3,0,,,0.24,
2023-09-24 20:16:24,1.16.3,FR1,1,3.91,,1,Left,Left,5,6,3,0,,,0.0,
2023-09-24 20:16:37,1.16.3,FR1,1,3.9,1.0,1,Pellet,Left,5,6,4,0,12.69,644.0,,
2023-09-24 20:32:19,1.16.3,FR1,1,3.9,,1,Right,Left,5,7,4,0,,,0.52,
2023-09-24 20:34:45,1.16.3,FR1,1,3.9,,1,Right,Left,5,8,4,0,,,0.24,
2023-09-24 20:36:59,1.16.3,FR1,1,3.91,,1,Right,Left,5,9,4,0,,,0.47,
2023-09-24 20:37:25,1.16.3,FR1,1,3.9,,1,Right,Left,5,10,4,0,,,0.17,
2023-09-24 20:37:25,1.16.3,FR1,1,3.9,,1,Right,Left,5,11,4,0,,,0.08,
2023-09-24 20:38:06,1.16.3,FR1,1,3.9,,1,Left,Left,6,11,4,0,,,0.12,
2023-09-24 20:38:10,1.16.3,FR1,1,3.9,1.0,1,Pellet,Left,6,11,5,0,3.55,1293.0,,
2023-09-24 21:04:48,1.16.3,FR1,1,3.9,,1,Left,Left,7,11,5,0,,,0.81,
2023-09-24 21:04:53,1.16.3,FR1,1,3.9,2.0,1,Pellet,Left,7,11,6,0,1.34,1603.0,,
2023-09-24 21:06:01,1.16.3,FR1,1,3.9,,1,Left,Left,8,11,6,0,,,0.34,
2023-09-24 21:06:02,1.16.3,FR1,1,3.9,1.0,1,Pellet,Left,8,11,7,0,0.79,69.0,,
2023-09-24 21:07:15,1.16.3,FR1,1,3.9,,1,Left,Left,9,11,7,0,,,0.46,
2023-09-24 21:07:16,1.16.3,FR1,1,3.9,1.0,1,Pellet,Left,9,11,8,0,0.54,74.0,,
2023-09-24 21:08:52,1.16.3,FR1,1,3.9,,1,Right,Left,9,12,8,0,,,0.0,
2023-09-24 21:08:58,1.16.3,FR1,1,3.9,,1,Right,Left,9,13,8,0,,,0.05,
2023-09-24 21:09:50,1.16.3,FR1,1,3.9,,1,Right,Left,9,14,8,0,,,0.44,
2023-09-24 21:11:12,1.16.3,FR1,1,3.9,,1,Left,Left,10,14,8,0,,,0.04,
2023-09-24 21:11:14,1.16.3,FR1,1,3.9,1.0,1,Pellet,Left,10,14,9,0,0.85,238.0,,
2023-09-24 21:12:36,1.16.3,FR1,1,3.9,,1,Left,Left,11,14,9,0,,,0.51,
2023-09-24 21:12:37,1.16.3,FR1,1,3.9,1.0,1,Pellet,Left,11,14,10,0,0.36,83.0,,
2023-09-24 21:13:12,1.16.3,FR1,1,3.9,,1,Left,Left,12,14,10,0,,,0.03,
2023-09-24 21:13:14,1.16.3,FR1,1,3.9,1.0,1,Pellet,Left,12,14,11,0,0.61,37.0,,
2023-09-24 21:13:52,1.16.3,FR1,1,3.9,,1,Left,Left,13,14,11,0,,,0.11,
2023-09-24 21:13:53,1.16.3,FR1,1,3.9,1.0,1,Pellet,Left,13,14,12,0,0.48,39.0,,
2023-09-24 21:14:35,1.16.3,FR1,1,3.9,,1,Right,Left,13,15,12,0,,,0.43,
2023-09-24 21:14:42,1.16.3,FR1,1,3.9,,1,Left,Left,14,15,12,0,,,0.11,
2023-09-24 21:14:43,1.16.3,FR1,1,3.9,1.0,1,Pellet,Left,14,15,13,0,0.36,50.0,,
2023-09-24 21:15:23,1.16.3,FR1,1,3.9,,1,Left,Left,15,15,13,0,,,0.44,
2023-09-24 21:15:25,1.16.3,FR1,1,3.9,1.0,1,Pellet,Left,15,15,14,0,0.55,42.0,,
2023-09-24 21:15:45,1.16.3,FR1,1,3.9,,1,Left,Left,16,15,14,0,,,0.26,
2023-09-24 21:15:48,1.16.3,FR1,1,3.9,1.0,1,Pellet,Left,16,15,15,0,1.89,23.0,,
2023-09-24 21:16:21,1.16.3,FR1,1,3.91,,1,Left,Left,17,15,15,0,,,0.29,
2023-09-24 21:16:23,1.16.3,FR1,1,3.89,1.0,1,Pellet,Left,17,15,16,0,0.79,35.0,,
2023-09-24 21:16:45,1.16.3,FR1,1,3.9,,1,Left,Left,18,15,16,0,,,0.6,
2023-09-24 21:16:46,1.16.3,FR1,1,3.9,1.0,1,Pellet,Left,18,15,17,0,0.79,23.0,,
2023-09-24 21:17:27,1.16.3,FR1,1,3.91,,1,Left,Left,19,15,17,0,,,0.51,
2023-09-24 21:17:28,1.16.3,FR1,1,3.89,1.0,1,Pellet,Left,19,15,18,0,1.16,42.0,,
2023-09-24 21:18:01,1.16.3,FR1,1,3.9,,1,Left,Left,20,15,18,0,,,0.08,
2023-09-24 21:18:01,1.16.3,FR1,1,3.9,,1,LeftDuringDispense,Left,21,15,18,0,,,0.04,
2023-09-24 21:18:05,1.16.3,FR1,1,3.9,2.0,1,Pellet,Left,21,15,19,0,0.73,37.0,,
2023-09-24 21:18:33,1.16.3,FR1,1,3.9,,1,Left,Left,22,15,19,0,,,0.32,
2023-09-24 21:18:35,1.16.3,FR1,1,3.91,1.0,1,Pellet,Left,22,15,20,0,0.42,30.0,,
2023-09-24 21:19:30,1.16.3,FR1,1,3.9,,1,Left,Left,23,15,20,0,,,0.21,
2023-09-24 21:19:31,1.16.3,FR1,1,3.9,1.0,1,Pellet,Left,23,15,21,0,0.36,56.0,,
2023-09-24 21:20:06,1.16.3,FR1,1,3.9,,1,Left,Left,24,15,21,0,,,0.27,
2023-09-24 21:20:10,1.16.3,FR1,1,3.9,2.0,1,Pellet,Left,24,15,22,0,1.83,39.0,,
2023-09-24 21:20:41,1.16.3,FR1,1,3.9,,1,Left,Left,25,15,22,0,,,0.04,
2023-09-24 21:20:42,1.16.3,FR1,1,3.9,,1,LeftDuringDispense,Left,26,15,22,0,,,0.03,
2023-09-24 21:20:45,1.16.3,FR1,1,3.9,2.0,1,Pellet,Left,26,15,23,0,0.48,35.0,,
2023-09-24 21:23:09,1.16.3,FR1,1,3.9,,1,Left,Left,27,15,23,0,,,0.5,
2023-09-24 21:23:10,1.16.3,FR1,1,3.9,1.0,1,Pellet,Left,27,15,24,0,0.48,145.0,,
2023-09-24 21:23:55,1.16.3,FR1,1,3.9,,1,Left,Left,28,15,24,0,,,0.29,
2023-09-24 21:23:59,1.16.3,FR1,1,3.9,1.0,1,Pellet,Left,28,15,25,0,2.87,49.0,,
2023-09-24 21:52:05,1.16.3,FR1,1,3.9,,1,Right,Left,28,16,25,0,,,0.27,
2023-09-24 21:52:06,1.16.3,FR1,1,3.9,,1,Right,Left,28,17,25,0,,,0.17,
2023-09-24 21:52:12,1.16.3,FR1,1,3.9,,1,Right,Left,28,18,25,0,,,0.82,
2023-09-24 21:52:14,1.16.3,FR1,1,3.9,,1,Right,Left,28,19,25,0,,,0.54,
2023-09-24 21:52:15,1.16.3,FR1,1,3.9,,1,Right,Left,28,20,25,0,,,0.39,
2023-09-24 21:52:38,1.16.3,FR1,1,3.89,,1,Left,Left,29,20,25,0,,,0.26,
2023-09-24 21:52:39,1.16.3,FR1,1,3.9,1.0,1,Pellet,Left,29,20,26,0,0.42,1720.0,,
2023-09-24 21:53:35,1.16.3,FR1,1,3.9,,1,Left,Left,30,20,26,0,,,0.02,
2023-09-24 21:53:36,1.16.3,FR1,1,3.9,1.0,1,Pellet,Left,30,20,27,0,0.48,57.0,,
2023-09-24 21:54:55,1.16.3,FR1,1,3.9,,1,Right,Left,30,21,27,0,,,0.03,
2023-09-24 21:55:00,1.16.3,FR1,1,3.89,,1,Left,Left,31,21,27,0,,,0.59,
2023-09-24 21:55:03,1.16.3,FR1,1,3.9,2.0,1,Pellet,Left,31,21,28,0,0.42,87.0,,
2023-09-24 21:55:47,1.16.3,FR1,1,3.9,,1,Left,Left,32,21,28,0,,,0.15,
2023-09-24 21:55:48,1.16.3,FR1,1,3.89,1.0,1,Pellet,Left,32,21,29,0,0.42,45.0,,
2023-09-24 21:56:15,1.16.3,FR1,1,3.89,,1,Left,Left,33,21,29,0,,,0.25,
2023-09-24 21:56:16,1.16.3,FR1,1,3.9,1.0,1,Pellet,Left,33,21,30,0,0.67,28.0,,
2023-09-24 21:56:46,1.16.3,FR1,1,3.89,,1,Left,Left,34,21,30,0,,,0.33,
2023-09-24 21:56:47,1.16.3,FR1,1,3.89,1.0,1,Pellet,Left,34,21,31,0,0.36,31.0,,
2023-09-24 21:57:16,1.16.3,FR1,1,3.9,,1,Left,Left,35,21,31,0,,,0.27,
2023-09-24 21:57:18,1.16.3,FR1,1,3.89,1.0,1,Pellet,Left,35,21,32,0,0.73,31.0,,
2023-09-24 21:57:42,1.16.3,FR1,1,3.9,,1,Left,Left,36,21,32,0,,,0.09,
2023-09-24 21:57:43,1.16.3,FR1,1,3.9,1.0,1,Pellet,Left,36,21,33,0,0.73,25.0,,
2023-09-24 21:58:12,1.16.3,FR1,1,3.9,,1,Left,Left,37,21,33,0,,,0.22,
2023-09-24 21:58:13,1.16.3,FR1,1,3.9,1.0,1,Pellet,Left,37,21,34,0,0.42,30.0,,
2023-09-24 22:03:43,1.16.3,FR1,1,3.9,,1,Left,Left,38,21,34,0,,,0.42,
2023-09-24 22:03:44,1.16.3,FR1,1,3.9,1.0,1,Pellet,Left,38,21,35,0,0.42,331.0,,
2023-09-24 22:04:15,1.16.3,FR1,1,3.89,,1,Left,Left,39,21,35,0,,,0.25,
2023-09-24 22:04:16,1.16.3,FR1,1,3.9,1.0,1,Pellet,Left,39,21,36,0,0.42,32.0,,
2023-09-24 22:04:48,1.16.3,FR1,1,3.9,,1,Left,Left,40,21,36,0,,,0.31,
2023-09-24 22:04:49,1.16.3,FR1,1,3.89,1.0,1,Pellet,Left,40,21,37,0,0.61,33.0,,
2023-09-24 22:05:24,1.16.3,FR1,1,3.89,,1,Left,Left,41,21,37,0,,,0.14,
2023-09-24 22:05:25,1.16.3,FR1,1,3.89,1.0,1,Pellet,Left,41,21,38,0,0.67,36.0,,
2023-09-24 22:05:48,1.16.3,FR1,1,3.9,,1,Left,Left,42,21,38,0,,,0.14,
2023-09-24 22:05:49,1.16.3,FR1,1,3.9,1.0,1,Pellet,Left,42,21,39,0,0.61,24.0,,
2023-09-24 22:06:14,1.16.3,FR1,1,3.9,,1,Left,Left,43,21,39,0,,,0.0,
2023-09-24 22:06:15,1.16.3,FR1,1,3.89,1.0,1,Pellet,Left,43,21,40,0,0.61,26.0,,
2023-09-24 22:06:39,1.16.3,FR1,1,3.9,,1,Left,Left,44,21,40,0,,,0.2,
2023-09-24 22:06:43,1.16.3,FR1,1,3.9,2.0,1,Pellet,Left,44,21,41,0,1.09,28.0,,
2023-09-24 22:07:11,1.16.3,FR1,1,3.89,,1,Left,Left,45,21,41,0,,,0.07,
2023-09-24 22:07:12,1.16.3,FR1,1,3.89,1.0,1,Pellet,Left,45,21,42,0,0.67,29.0,,
2023-09-24 22:07:42,1.16.3,FR1,1,3.9,,1,Left,Left,46,21,42,0,,,0.43,
2023-09-24 22:12:30,1.16.3,FR1,1,3.89,,1,RightWithPellet,Left,46,22,42,0,,,0.3,
2023-09-24 22:13:54,1.16.3,FR1,1,3.9,1.0,1,Pellet,Left,46,22,43,0,Timed_out,402.0,,
2023-09-24 22:23:01,1.16.3,FR1,1,3.9,,1,Right,Left,46,23,43,0,,,0.56,
2023-09-24 22:23:02,1.16.3,FR1,1,3.9,,1,Right,Left,46,24,43,0,,,0.0,
2023-09-24 22:27:31,1.16.3,FR1,1,3.9,,1,Right,Left,46,25,43,0,,,0.33,
2023-09-24 23:02:28,1.16.3,FR1,1,3.89,,1,Left,Left,47,25,43,0,,,0.39,
2023-09-24 23:02:29,1.16.3,FR1,1,3.89,1.0,1,Pellet,Left,47,25,44,0,0.36,2915.0,,
2023-09-24 23:03:01,1.16.3,FR1,1,3.89,,1,Left,Left,48,25,44,0,,,0.12,
2023-09-24 23:03:03,1.16.3,FR1,1,3.9,1.0,1,Pellet,Left,48,25,45,0,0.42,34.0,,
2023-09-24 23:03:31,1.16.3,FR1,1,3.9,,1,Left,Left,49,25,45,0,,,0.06,
2023-09-24 23:03:32,1.16.3,FR1,1,3.89,1.0,1,Pellet,Left,49,25,46,0,0.42,29.0,,
2023-09-24 23:04:03,1.16.3,FR1,1,3.89,,1,Left,Left,50,25,46,0,,,0.15,
2023-09-24 23:04:07,1.16.3,FR1,1,3.89,2.0,1,Pellet,Left,50,25,47,0,1.16,35.0,,
2023-09-24 23:04:44,1.16.3,FR1,1,3.89,,1,Left,Left,51,25,47,0,,,0.37,
2023-09-24 23:04:47,1.16.3,FR1,1,3.89,2.0,1,Pellet,Left,51,25,48,0,0.36,40.0,,
2023-09-24 23:05:09,1.16.3,FR1,1,3.89,,1,Left,Left,52,25,48,0,,,0.15,
2023-09-24 23:05:10,1.16.3,FR1,1,3.89,1.0,1,Pellet,Left,52,25,49,0,0.42,23.0,,
2023-09-24 23:05:37,1.16.3,FR1,1,3.89,,1,Left,Left,53,25,49,0,,,0.21,
2023-09-24 23:05:38,1.16.3,FR1,1,3.89,1.0,1,Pellet,Left,53,25,50,0,0.42,28.0,,
2023-09-24 23:06:38,1.16.3,FR1,1,3.9,,1,Left,Left,54,25,50,0,,,0.31,
2023-09-24 23:06:40,1.16.3,FR1,1,3.9,1.0,1,Pellet,Left,54,25,51,0,0.67,62.0,,
2023-09-24 23:07:06,1.16.3,FR1,1,3.89,,1,Left,Left,55,25,51,0,,,0.31,
2023-09-24 23:07:07,1.16.3,FR1,1,3.89,1.0,1,Pellet,Left,55,25,52,0,0.42,27.0,,
2023-09-24 23:07:32,1.16.3,FR1,1,3.89,,1,Left,Left,56,25,52,0,,,0.17,
2023-09-24 23:07:35,1.16.3,FR1,1,3.89,1.0,1,Pellet,Left,56,25,53,0,1.77,28.0,,
2023-09-24 23:08:13,1.16.3,FR1,1,3.9,,1,Left,Left,57,25,53,0,,,0.26,
2023-09-24 23:08:14,1.16.3,FR1,1,3.9,1.0,1,Pellet,Left,57,25,54,0,1.16,39.0,,
2023-09-24 23:08:44,1.16.3,FR1,1,3.89,,1,Left,Left,58,25,54,0,,,0.23,
2023-09-24 23:08:45,1.16.3,FR1,1,3.89,1.0,1,Pellet,Left,58,25,55,0,0.30,31.0,,
2023-09-24 23:09:17,1.16.3,FR1,1,3.89,,1,Left,Left,59,25,55,0,,,0.27,
2023-09-24 23:09:18,1.16.3,FR1,1,3.9,1.0,1,Pellet,Left,59,25,56,0,0.42,33.0,,
2023-09-24 23:09:47,1.16.3,FR1,1,3.89,,1,Left,Left,60,25,56,0,,,0.3,
2023-09-24 23:09:48,1.16.3,FR1,1,3.89,1.0,1,Pellet,Left,60,25,57,0,0.36,30.0,,
2023-09-24 23:12:45,1.16.3,FR1,1,3.9,,1,Right,Left,60,26,57,0,,,0.45,
2023-09-24 23:13:54,1.16.3,FR1,1,3.9,,1,Left,Left,61,26,57,0,,,0.03,
2023-09-24 23:13:55,1.16.3,FR1,1,3.89,,1,LeftWithPellet,Left,62,26,57,0,,,0.28,
2023-09-24 23:13:56,1.16.3,FR1,1,3.89,1.0,1,Pellet,Left,62,26,58,0,1.40,248.0,,
2023-09-24 23:14:40,1.16.3,FR1,1,3.89,,1,Left,Left,63,26,58,0,,,0.32,
2023-09-24 23:14:41,1.16.3,FR1,1,3.9,1.0,1,Pellet,Left,63,26,59,0,0.42,45.0,,
2023-09-24 23:15:06,1.16.3,FR1,1,3.89,,1,Left,Left,64,26,59,0,,,0.29,
2023-09-24 23:15:08,1.16.3,FR1,1,3.89,1.0,1,Pellet,Left,64,26,60,0,0.61,27.0,,
2023-09-24 23:15:34,1.16.3,FR1,1,3.89,,1,Left,Left,65,26,60,0,,,0.36,
2023-09-24 23:15:38,1.16.3,FR1,1,3.89,2.0,1,Pellet,Left,65,26,61,0,0.91,30.0,,
2023-09-24 23:23:06,1.16.3,FR1,1,3.9,,1,Left,Left,66,26,61,0,,,0.17,
2023-09-24 23:23:10,1.16.3,FR1,1,3.89,2.0,1,Pellet,Left,66,26,62,0,0.79,452.0,,
2023-09-24 23:28:27,1.16.3,FR1,1,3.9,,1,Left,Left,67,26,62,0,,,0.08,
2023-09-24 23:28:31,1.16.3,FR1,1,3.89,2.0,1,Pellet,Left,67,26,63,0,0.67,321.0,,
2023-09-24 23:29:07,1.16.3,FR1,1,3.89,,1,Left,Left,68,26,63,0,,,0.42,
2023-09-24 23:30:04,1.16.3,FR1,1,3.89,1.0,1,Pellet,Left,68,26,64,0,56.73,93.0,,
2023-09-24 23:31:14,1.16.3,FR1,1,3.9,,1,Right,Left,68,27,64,0,,,0.46,
2023-09-24 23:40:15,1.16.3,FR1,1,3.89,,1,Left,Left,69,27,64,0,,,0.09,
2023-09-24 23:40:15,1.16.3,FR1,1,3.89,,1,LeftDuringDispense,Left,70,27,64,0,,,0.02,
2023-09-24 23:40:18,1.16.3,FR1,1,3.9,2.0,1,Pellet,Left,70,27,65,0,0.30,614.0,,
2023-09-24 23:40:52,1.16.3,FR1,1,3.89,,1,Left,Left,71,27,65,0,,,0.06,
2023-09-24 23:40:53,1.16.3,FR1,1,3.89,1.0,1,Pellet,Left,71,27,66,0,0.61,35.0,,
2023-09-24 23:42:12,1.16.3,FR1,1,3.89,,1,Left,Left,72,27,66,0,,,0.23,
2023-09-24 23:42:13,1.16.3,FR1,1,3.89,1.0,1,Pellet,Left,72,27,67,0,0.61,80.0,,
2023-09-24 23:48:27,1.16.3,FR1,1,3.89,,1,Left,Left,73,27,67,0,,,0.4,
2023-09-24 23:48:28,1.16.3,FR1,1,3.89,1.0,1,Pellet,Left,73,27,68,0,0.48,375.0,,
2023-09-24 23:49:05,1.16.3,FR1,1,3.9,,1,Left,Left,74,27,68,0,,,0.23,
2023-09-24 23:49:06,1.16.3,FR1,1,3.9,1.0,1,Pellet,Left,74,27,69,0,0.24,38.0,,
2023-09-24 23:49:56,1.16.3,FR1,1,3.9,,1,Left,Left,75,27,69,0,,,0.07,
2023-09-24 23:49:58,1.16.3,FR1,1,3.89,1.0,1,Pellet,Left,75,27,70,0,0.42,52.0,,
2023-09-24 23:50:26,1.16.3,FR1,1,3.9,,1,Left,Left,76,27,70,0,,,0.2,
2023-09-24 23:50:29,1.16.3,FR1,1,3.89,2.0,1,Pellet,Left,76,27,71,0,0.61,31.0,,
2023-09-24 23:50:57,1.16.3,FR1,1,3.89,,1,Left,Left,77,27,71,0,,,0.2,
2023-09-24 23:50:59,1.16.3,FR1,1,3.89,1.0,1,Pellet,Left,77,27,72,0,0.48,30.0,,
2023-09-24 23:51:42,1.16.3,FR1,1,3.89,,1,Left,Left,78,27,72,0,,,0.26,
2023-09-24 23:51:44,1.16.3,FR1,1,3.89,1.0,1,Pellet,Left,78,27,73,0,0.42,45.0,,
2023-09-24 23:52:09,1.16.3,FR1,1,3.89,,1,Left,Left,79,27,73,0,,,0.06,
2023-09-24 23:52:10,1.16.3,FR1,1,3.89,1.0,1,Pellet,Left,79,27,74,0,0.61,26.0,,
2023-09-24 23:52:40,1.16.3,FR1,1,3.89,,1,Left,Left,80,27,74,0,,,0.04,
2023-09-24 23:52:41,1.16.3,FR1,1,3.89,1.0,1,Pellet,Left,80,27,75,0,0.97,31.0,,
2023-09-24 23:56:50,1.16.3,FR1,1,3.89,,1,Right,Left,80,28,75,0,,,0.25,
2023-09-25 00:13:06,1.16.3,FR1,1,3.89,,1,Left,Left,81,28,75,0,,,0.48,
2023-09-25 00:13:07,1.16.3,FR1,1,3.89,1.0,1,Pellet,Left,81,28,76,0,0.36,1226.0,,
2023-09-25 00:13:38,1.16.3,FR1,1,3.89,,1,Left,Left,82,28,76,0,,,0.02,
2023-09-25 00:13:39,1.16.3,FR1,1,3.89,,1,LeftDuringDispense,Left,83,28,76,0,,,0.02,
2023-09-25 00:13:42,1.16.3,FR1,1,3.89,2.0,1,Pellet,Left,83,28,77,0,0.36,35.0,,
2023-09-25 00:14:13,1.16.3,FR1,1,3.89,,1,Left,Left,84,28,77,0,,,0.08,
2023-09-25 00:14:14,1.16.3,FR1,1,3.89,1.0,1,Pellet,Left,84,28,78,0,0.61,32.0,,
2023-09-25 00:14:48,1.16.3,FR1,1,3.89,,1,Left,Left,85,28,78,0,,,0.1,
2023-09-25 00:14:49,1.16.3,FR1,1,3.89,1.0,1,Pellet,Left,85,28,79,0,0.36,35.0,,
2023-09-25 00:15:22,1.16.3,FR1,1,3.89,,1,Left,Left,86,28,79,0,,,0.16,
2023-09-25 00:15:23,1.16.3,FR1,1,3.89,1.0,1,Pellet,Left,86,28,80,0,0.61,34.0,,
2023-09-25 00:17:41,1.16.3,FR1,1,3.89,,1,Left,Left,87,28,80,0,,,0.19,
2023-09-25 00:17:42,1.16.3,FR1,1,3.89,1.0,1,Pellet,Left,87,28,81,0,0.36,139.0,,
2023-09-25 00:18:12,1.16.3,FR1,1,3.89,,1,Left,Left,88,28,81,0,,,0.08,
2023-09-25 00:18:13,1.16.3,FR1,1,3.89,1.0,1,Pellet,Left,88,28,82,0,0.42,31.0,,
2023-09-25 00:18:56,1.16.3,FR1,1,3.89,,1,Left,Left,89,28,82,0,,,0.21,
2023-09-25 00:18:59,1.16.3,FR1,1,3.89,2.0,1,Pellet,Left,89,28,83,0,0.61,46.0,,
2023-09-25 00:30:07,1.16.3,FR1,1,3.89,,1,Left,Left,90,28,83,0,,,0.16,
2023-09-25 00:30:08,1.16.3,FR1,1,3.89,1.0,1,Pellet,Left,90,28,84,0,0.42,669.0,,
2023-09-25 00:30:44,1.16.3,FR1,1,3.89,,1,Left,Left,91,28,84,0,,,0.43,
2023-09-25 00:30:46,1.16.3,FR1,1,3.89,1.0,1,Pellet,Left,91,28,85,0,0.55,38.0,,
2023-09-25 00:31:18,1.16.3,FR1,1,3.89,,1,Left,Left,92,28,85,0,,,0.15,
2023-09-25 00:31:19,1.16.3,FR1,1,3.89,1.0,1,Pellet,Left,92,28,86,0,0.49,33.0,,
2023-09-25 00:31:52,1.16.3,FR1,1,3.89,,1,Left,Left,93,28,86,0,,,0.16,
2023-09-25 00:31:52,1.16.3,FR1,1,3.9,,1,LeftDuringDispense,Left,94,28,86,0,,,0.1,
2023-09-25 00:31:55,1.16.3,FR1,1,3.89,,1,LeftDuringDispense,Left,95,28,86,0,,,0.28,
2023-09-25 00:31:56,1.16.3,FR1,1,3.89,2.0,1,Pellet,Left,95,28,87,0,0.61,37.0,,
2023-09-25 00:32:25,1.16.3,FR1,1,3.89,,1,Left,Left,96,28,87,0,,,0.05,
2023-09-25 00:32:26,1.16.3,FR1,1,3.89,1.0,1,Pellet,Left,96,28,88,0,0.73,30.0,,
2023-09-25 00:33:07,1.16.3,FR1,1,3.89,,1,Left,Left,97,28,88,0,,,0.16,
2023-09-25 00:33:08,1.16.3,FR1,1,3.89,,1,LeftDuringDispense,Left,98,28,88,0,,,0.02,
2023-09-25 00:33:11,1.16.3,FR1,1,3.89,2.0,1,Pellet,Left,98,28,89,0,0.73,45.0,,
2023-09-25 01:12:01,1.16.3,FR1,1,3.89,,1,Left,Left,99,28,89,0,,,0.32,
2023-09-25 01:12:03,1.16.3,FR1,1,3.89,1.0,1,Pellet,Left,99,28,90,0,0.61,2332.0,,
2023-09-25 01:12:52,1.16.3,FR1,1,3.89,,1,Left,Left,100,28,90,0,,,0.17,
2023-09-25 01:12:54,1.16.3,FR1,1,3.89,1.0,1,Pellet,Left,100,28,91,0,0.91,51.0,,
2023-09-25 01:13:31,1.16.3,FR1,1,3.89,,1,Left,Left,101,28,91,0,,,0.13,
2023-09-25 01:13:32,1.16.3,FR1,1,3.89,1.0,1,Pellet,Left,101,28,92,0,0.55,38.0,,
2023-09-25 01:14:20,1.16.3,FR1,1,3.89,,1,Left,Left,102,28,92,0,,,0.27,
2023-09-25 01:14:21,1.16.3,FR1,1,3.89,1.0,1,Pellet,Left,102,28,93,0,0.61,49.0,,
2023-09-25 01:15:01,1.16.3,FR1,1,3.89,,1,Left,Left,103,28,93,0,,,0.15,
2023-09-25 01:15:04,1.16.3,FR1,1,3.89,2.0,1,Pellet,Left,103,28,94,0,0.55,43.0,,
2023-09-25 01:15:40,1.16.3,FR1,1,3.9,,1,Left,Left,104,28,94,0,,,0.2,
2023-09-25 01:15:41,1.16.3,FR1,1,3.89,1.0,1,Pellet,Left,104,28,95,0,0.42,37.0,,
2023-09-25 01:16:21,1.16.3,FR1,1,3.89,,1,Left,Left,105,28,95,0,,,0.19,
2023-09-25 01:16:22,1.16.3,FR1,1,3.89,1.0,1,Pellet,Left,105,28,96,0,0.42,41.0,,
2023-09-25 01:17:05,1.16.3,FR1,1,3.89,,1,Left,Left,106,28,96,0,,,0.08,
2023-09-25 01:17:06,1.16.3,FR1,1,3.89,1.0,1,Pellet,Left,106,28,97,0,0.42,44.0,,
2023-09-25 01:36:22,1.16.3,FR1,1,3.89,,1,Left,Left,107,28,97,0,,,0.14,
2023-09-25 01:36:23,1.16.3,FR1,1,3.89,1.0,1,Pellet,Left,107,28,98,0,0.30,1157.0,,
2023-09-25 01:37:02,1.16.3,FR1,1,3.89,,1,Left,Left,108,28,98,0,,,0.08,
2023-09-25 01:37:03,1.16.3,FR1,1,3.89,1.0,1,Pellet,Left,108,28,99,0,0.36,40.0,,
2023-09-25 01:37:35,1.16.3,FR1,1,3.89,,1,Left,Left,109,28,99,0,,,0.1,
2023-09-25 01:37:36,1.16.3,FR1,1,3.89,1.0,1,Pellet,Left,109,28,100,0,0.30,33.0,,
2023-09-25 01:38:42,1.16.3,FR1,1,3.89,,1,Left,Left,110,28,100,0,,,0.29,
2023-09-25 01:38:43,1.16.3,FR1,1,3.89,1.0,1,Pellet,Left,110,28,101,0,0.30,67.0,,
2023-09-25 01:49:51,1.16.3,FR1,1,3.89,,1,Left,Left,111,28,101,0,,,0.11,
2023-09-25 01:49:53,1.16.3,FR1,1,3.89,1.0,1,Pellet,Left,111,28,102,0,0.42,670.0,,
2023-09-25 01:50:22,1.16.3,FR1,1,3.89,,1,Left,Left,112,28,102,0,,,0.27,
2023-09-25 01:50:23,1.16.3,FR1,1,3.89,1.0,1,Pellet,Left,112,28,103,0,0.36,30.0,,
2023-09-25 01:51:03,1.16.3,FR1,1,3.89,,1,Left,Left,113,28,103,0,,,0.13,
2023-09-25 01:51:04,1.16.3,FR1,1,3.89,1.0,1,Pellet,Left,113,28,104,0,0.36,41.0,,
2023-09-25 01:51:38,1.16.3,FR1,1,3.89,,1,Left,Left,114,28,104,0,,,0.07,
2023-09-25 01:51:39,1.16.3,FR1,1,3.89,1.0,1,Pellet,Left,114,28,105,0,0.30,35.0,,
2023-09-25 01:52:22,1.16.3,FR1,1,3.89,,1,Left,Left,115,28,105,0,,,0.13,
2023-09-25 01:52:23,1.16.3,FR1,1,3.89,1.0,1,Pellet,Left,115,28,106,0,0.30,44.0,,
2023-09-25 01:53:05,1.16.3,FR1,1,3.89,,1,Left,Left,116,28,106,0,,,0.19,
2023-09-25 01:53:06,1.16.3,FR1,1,3.89,1.0,1,Pellet,Left,116,28,107,0,0.42,43.0,,
2023-09-25 01:53:55,1.16.3,FR1,1,3.89,,1,Left,Left,117,28,107,0,,,0.08,
2023-09-25 01:53:57,1.16.3,FR1,1,3.89,1.0,1,Pellet,Left,117,28,108,0,0.48,51.0,,
2023-09-25 02:05:44,1.16.3,FR1,1,3.89,,1,Left,Left,118,28,108,0,,,0.01,
2023-09-25 02:05:47,1.16.3,FR1,1,3.89,2.0,1,Pellet,Left,118,28,109,0,0.48,710.0,,
2023-09-25 02:07:00,1.16.3,FR1,1,3.89,,1,Left,Left,119,28,109,0,,,0.21,
2023-09-25 02:07:02,1.16.3,FR1,1,3.89,1.0,1,Pellet,Left,119,28,110,0,0.36,75.0,,
2023-09-25 02:07:37,1.16.3,FR1,1,3.89,,1,Left,Left,120,28,110,0,,,0.05,
2023-09-25 02:07:39,1.16.3,FR1,1,3.89,1.0,1,Pellet,Left,120,28,111,0,0.48,37.0,,
2023-09-25 02:08:10,1.16.3,FR1,1,3.89,,1,Left,Left,121,28,111,0,,,0.04,
2023-09-25 02:08:13,1.16.3,FR1,1,3.89,2.0,1,Pellet,Left,121,28,112,0,0.48,34.0,,
2023-09-25 02:08:41,1.16.3,FR1,1,3.89,,1,Left,Left,122,28,112,0,,,0.08,
2023-09-25 02:08:42,1.16.3,FR1,1,3.89,1.0,1,Pellet,Left,122,28,113,0,0.55,29.0,,
2023-09-25 02:09:23,1.16.3,FR1,1,3.88,,1,Left,Left,123,28,113,0,,,0.18,
2023-09-25 02:09:24,1.16.3,FR1,1,3.89,1.0,1,Pellet,Left,123,28,114,0,0.48,42.0,,
2023-09-25 02:10:16,1.16.3,FR1,1,3.89,,1,Left,Left,124,28,114,0,,,0.38,
2023-09-25 02:10:17,1.16.3,FR1,1,3.89,1.0,1,Pellet,Left,124,28,115,0,0.30,53.0,,
2023-09-25 02:29:20,1.16.3,FR1,1,3.89,,1,Right,Left,124,29,115,0,,,0.26,
2023-09-25 02:35:43,1.16.3,FR1,1,3.89,,1,Left,Left,125,29,115,0,,,0.16,
2023-09-25 02:35:45,1.16.3,FR1,1,3.89,1.0,1,Pellet,Left,125,29,116,0,0.55,1528.0,,
2023-09-25 02:36:31,1.16.3,FR1,1,3.89,,1,Left,Left,126,29,116,0,,,0.2,
2023-09-25 02:36:32,1.16.3,FR1,1,3.89,1.0,1,Pellet,Left,126,29,117,0,0.48,47.0,,
2023-09-25 02:37:06,1.16.3,FR1,1,3.89,,1,Left,Left,127,29,117,0,,,0.07,
2023-09-25 02:37:07,1.16.3,FR1,1,3.89,1.0,1,Pellet,Left,127,29,118,0,0.36,35.0,,
2023-09-25 02:37:42,1.16.3,FR1,1,3.89,,1,Left,Left,128,29,118,0,,,0.13,
2023-09-25 02:37:44,1.16.3,FR1,1,3.89,1.0,1,Pellet,Left,128,29,119,0,0.61,36.0,,
2023-09-25 02:38:19,1.16.3,FR1,1,3.89,,1,Left,Left,129,29,119,0,,,0.07,
2023-09-25 02:38:22,1.16.3,FR1,1,3.89,2.0,1,Pellet,Left,129,29,120,0,0.36,39.0,,
2023-09-25 02:39:21,1.16.3,FR1,1,3.88,,1,Left,Left,130,29,120,0,,,0.09,
2023-09-25 02:39:22,1.16.3,FR1,1,3.89,1.0,1,Pellet,Left,130,29,121,0,0.48,60.0,,
2023-09-25 02:40:01,1.16.3,FR1,1,3.89,,1,Left,Left,131,29,121,0,,,0.18,
2023-09-25 02:40:02,1.16.3,FR1,1,3.88,1.0,1,Pellet,Left,131,29,122,0,0.36,40.0,,
2023-09-25 02:46:36,1.16.3,FR1,1,3.89,,1,Left,Left,132,29,122,0,,,0.02,
2023-09-25 02:46:37,1.16.3,FR1,1,3.89,1.0,1,Pellet,Left,132,29,123,0,0.55,395.0,,
2023-09-25 02:47:10,1.16.3,FR1,1,3.89,,1,Left,Left,133,29,123,0,,,0.08,
2023-09-25 02:47:12,1.16.3,FR1,1,3.89,1.0,1,Pellet,Left,133,29,124,0,0.42,35.0,,
2023-09-25 03:45:56,1.16.3,FR1,1,3.88,,1,Left,Left,134,29,124,0,,,0.52,
2023-09-25 03:45:57,1.16.3,FR1,1,3.88,1.0,1,Pellet,Left,134,29,125,0,0.73,3525.0,,
2023-09-25 03:46:57,1.16.3,FR1,1,3.89,,1,Left,Left,135,29,125,0,,,0.21,
2023-09-25 03:46:59,1.16.3,FR1,1,3.89,1.0,1,Pellet,Left,135,29,126,0,0.55,62.0,,
2023-09-25 03:47:46,1.16.3,FR1,1,3.89,,1,Left,Left,136,29,126,0,,,0.11,
2023-09-25 03:47:48,1.16.3,FR1,1,3.89,1.0,1,Pellet,Left,136,29,127,0,0.55,49.0,,
2023-09-25 03:48:23,1.16.3,FR1,1,3.89,,1,Left,Left,137,29,127,0,,,0.02,
2023-09-25 03:48:24,1.16.3,FR1,1,3.89,1.0,1,Pellet,Left,137,29,128,0,0.55,36.0,,
2023-09-25 03:49:05,1.16.3,FR1,1,3.88,,1,Left,Left,138,29,128,0,,,0.05,
2023-09-25 03:49:07,1.16.3,FR1,1,3.89,1.0,1,Pellet,Left,138,29,129,0,0.79,43.0,,
2023-09-25 03:49:42,1.16.3,FR1,1,3.88,,1,Left,Left,139,29,129,0,,,0.15,
2023-09-25 03:49:43,1.16.3,FR1,1,3.89,1.0,1,Pellet,Left,139,29,130,0,0.42,36.0,,
2023-09-25 03:50:28,1.16.3,FR1,1,3.88,,1,Left,Left,140,29,130,0,,,0.29,
2023-09-25 03:50:29,1.16.3,FR1,1,3.89,1.0,1,Pellet,Left,140,29,131,0,0.36,46.0,,
2023-09-25 04:03:36,1.16.3,FR1,1,3.89,,1,Right,Left,140,30,131,0,,,0.32,
2023-09-25 04:13:08,1.16.3,FR1,1,3.89,,1,Left,Left,141,30,131,0,,,0.12,
2023-09-25 04:13:09,1.16.3,FR1,1,3.89,1.0,1,Pellet,Left,141,30,132,0,0.55,1360.0,,
2023-09-25 04:13:45,1.16.3,FR1,1,3.88,,1,Left,Left,142,30,132,0,,,0.05,
2023-09-25 04:13:47,1.16.3,FR1,1,3.89,1.0,1,Pellet,Left,142,30,133,0,0.49,37.0,,
2023-09-25 04:14:20,1.16.3,FR1,1,3.89,,1,Left,Left,143,30,133,0,,,0.07,
2023-09-25 04:14:21,1.16.3,FR1,1,3.89,1.0,1,Pellet,Left,143,30,134,0,0.48,35.0,,
2023-09-25 04:14:53,1.16.3,FR1,1,3.89,,1,Left,Left,144,30,134,0,,,0.33,
2023-09-25 04:14:54,1.16.3,FR1,1,3.88,1.0,1,Pellet,Left,144,30,135,0,0.42,33.0,,
2023-09-25 04:15:26,1.16.3,FR1,1,3.89,,1,Left,Left,145,30,135,0,,,0.13,
2023-09-25 04:15:27,1.16.3,FR1,1,3.89,1.0,1,Pellet,Left,145,30,136,0,0.49,33.0,,
2023-09-25 04:16:00,1.16.3,FR1,1,3.88,,1,Left,Left,146,30,136,0,,,0.08,
2023-09-25 04:16:01,1.16.3,FR1,1,3.88,1.0,1,Pellet,Left,146,30,137,0,0.24,34.0,,
2023-09-25 04:16:36,1.16.3,FR1,1,3.89,,1,Left,Left,147,30,137,0,,,0.13,
2023-09-25 04:16:37,1.16.3,FR1,1,3.89,1.0,1,Pellet,Left,147,30,138,0,0.48,36.0,,
2023-09-25 05:10:11,1.16.3,FR1,1,3.89,,1,Left,Left,148,30,138,0,,,0.16,
2023-09-25 05:10:13,1.16.3,FR1,1,3.88,1.0,1,Pellet,Left,148,30,139,0,1.16,3216.0,,
2023-09-25 05:11:12,1.16.3,FR1,1,3.88,,1,Left,Left,149,30,139,0,,,0.07,
2023-09-25 05:11:13,1.16.3,FR1,1,3.88,1.0,1,Pellet,Left,149,30,140,0,0.36,60.0,,
2023-09-25 05:11:49,1.16.3,FR1,1,3.88,,1,Left,Left,150,30,140,0,,,0.27,
2023-09-25 05:11:51,1.16.3,FR1,1,3.88,1.0,1,Pellet,Left,150,30,141,0,0.48,37.0,,
2023-09-25 05:12:24,1.16.3,FR1,1,3.88,,1,Left,Left,151,30,141,0,,,0.15,
2023-09-25 05:12:25,1.16.3,FR1,1,3.88,1.0,1,Pellet,Left,151,30,142,0,0.48,35.0,,
2023-09-25 05:13:03,1.16.3,FR1,1,3.88,,1,Left,Left,152,30,142,0,,,0.15,
2023-09-25 05:13:07,1.16.3,FR1,1,3.89,2.0,1,Pellet,Left,152,30,143,0,0.73,42.0,,
2023-09-25 05:13:41,1.16.3,FR1,1,3.89,,1,Left,Left,153,30,143,0,,,0.12,
2023-09-25 05:13:42,1.16.3,FR1,1,3.88,2.0,1,Pellet,Left,153,30,144,0,0.61,35.0,,
2023-09-25 05:14:29,1.16.3,FR1,1,3.88,,1,Left,Left,154,30,144,0,,,0.32,
2023-09-25 05:14:30,1.16.3,FR1,1,3.88,1.0,1,Pellet,Left,154,30,145,0,0.61,48.0,,
2023-09-25 05:32:15,1.16.3,FR1,1,3.88,,1,Left,Left,155,30,145,0,,,0.12,
2023-09-25 05:32:16,1.16.3,FR1,1,3.89,1.0,1,Pellet,Left,155,30,146,0,0.73,1066.0,,
2023-09-25 05:33:02,1.16.3,FR1,1,3.88,,1,Left,Left,156,30,146,0,,,0.14,
2023-09-25 05:33:05,1.16.3,FR1,1,3.88,3.0,1,Pellet,Left,156,30,147,0,0.42,49.0,,
2023-09-25 05:33:37,1.16.3,FR1,1,3.89,,1,Left,Left,157,30,147,0,,,0.02,
2023-09-25 05:33:38,1.16.3,FR1,1,3.88,2.0,1,Pellet,Left,157,30,148,0,0.61,33.0,,
2023-09-25 05:34:13,1.16.3,FR1,1,3.88,,1,Left,Left,158,30,148,0,,,0.05,
2023-09-25 05:34:15,1.16.3,FR1,1,3.89,2.0,1,Pellet,Left,158,30,149,0,0.42,37.0,,
2023-09-25 05:35:01,1.16.3,FR1,1,3.88,,1,Left,Left,159,30,149,0,,,0.21,
2023-09-25 05:35:04,1.16.3,FR1,1,3.88,2.0,1,Pellet,Left,159,30,150,0,0.36,49.0,,
2023-09-25 05:35:35,1.16.3,FR1,1,3.88,,1,Left,Left,160,30,150,0,,,0.13,
2023-09-25 05:35:36,1.16.3,FR1,1,3.88,1.0,1,Pellet,Left,160,30,151,0,0.36,32.0,,
2023-09-25 05:43:16,1.16.3,FR1,1,3.89,,1,Left,Left,161,30,151,0,,,0.04,
2023-09-25 05:43:18,1.16.3,FR1,1,3.88,1.0,1,Pellet,Left,161,30,152,0,0.91,462.0,,
2023-09-25 05:43:57,1.16.3,FR1,1,3.89,,1,Left,Left,162,30,152,0,,,0.04,
2023-09-25 05:44:00,1.16.3,FR1,1,3.88,1.0,1,Pellet,Left,162,30,153,0,2.51,42.0,,
2023-09-25 05:46:44,1.16.3,FR1,1,3.88,,1,Left,Left,163,30,153,0,,,0.63,
2023-09-25 05:46:45,1.16.3,FR1,1,3.89,1.0,1,Pellet,Left,163,30,154,0,0.85,165.0,,
2023-09-25 05:47:09,1.16.3,FR1,1,3.88,,1,Left,Left,164,30,154,0,,,0.36,
2023-09-25 05:47:11,1.16.3,FR1,1,3.89,1.0,1,Pellet,Left,164,30,155,0,0.67,26.0,,
2023-09-25 05:53:37,1.16.3,FR1,1,3.88,,1,Right,Left,164,31,155,0,,,0.01,
2023-09-25 05:53:41,1.16.3,FR1,1,3.88,,1,Right,Left,164,32,155,0,,,0.38,
2023-09-25 05:53:42,1.16.3,FR1,1,3.88,,1,Right,Left,164,33,155,0,,,0.01,
2023-09-25 05:53:43,1.16.3,FR1,1,3.88,,1,Right,Left,164,34,155,0,,,0.0,
2023-09-25 05:53:44,1.16.3,FR1,1,3.88,,1,Right,Left,164,35,155,0,,,0.0,
2023-09-25 05:53:45,1.16.3,FR1,1,3.88,,1,Right,Left,164,36,155,0,,,0.45,
2023-09-25 05:53:47,1.16.3,FR1,1,3.88,,1,Right,Left,164,37,155,0,,,0.03,
2023-09-25 05:53:49,1.16.3,FR1,1,3.88,,1,Right,Left,164,38,155,0,,,0.35,
2023-09-25 05:53:52,1.16.3,FR1,1,3.88,,1,Right,Left,164,39,155,0,,,0.02,
2023-09-25 05:53:56,1.16.3,FR1,1,3.88,,1,Right,Left,164,40,155,0,,,0.34,
2023-09-25 05:53:57,1.16.3,FR1,1,3.88,,1,Right,Left,164,41,155,0,,,0.28,
2023-09-25 05:53:58,1.16.3,FR1,1,3.88,,1,Right,Left,164,42,155,0,,,0.55,
2023-09-25 05:54:07,1.16.3,FR1,1,3.88,,1,Left,Left,165,42,155,0,,,0.21,
2023-09-25 05:54:11,1.16.3,FR1,1,3.88,2.0,1,Pellet,Left,165,42,156,0,0.61,419.0,,
2023-09-25 06:10:29,1.16.3,FR1,1,3.88,,1,Left,Left,166,42,156,0,,,0.89,
2023-09-25 06:10:31,1.16.3,FR1,1,3.88,1.0,1,Pellet,Left,166,42,157,0,0.79,981.0,,
2023-09-25 06:10:55,1.16.3,FR1,1,3.88,,1,Left,Left,167,42,157,0,,,0.05,
2023-09-25 06:10:56,1.16.3,FR1,1,3.88,,1,LeftDuringDispense,Left,168,42,157,0,,,0.05,
2023-09-25 06:10:59,1.16.3,FR1,1,3.88,2.0,1,Pellet,Left,168,42,158,0,0.42,28.0,,
2023-09-25 06:11:26,1.16.3,FR1,1,3.88,,1,Left,Left,169,42,158,0,,,0.21,
2023-09-25 06:11:27,1.16.3,FR1,1,3.88,1.0,1,Pellet,Left,169,42,159,0,0.36,28.0,,
2023-09-25 06:11:50,1.16.3,FR1,1,3.88,,1,Left,Left,170,42,159,0,,,0.04,
2023-09-25 06:11:51,1.16.3,FR1,1,3.88,1.0,1,Pellet,Left,170,42,160,0,0.42,24.0,,
2023-09-25 06:12:30,1.16.3,FR1,1,3.88,,1,Left,Left,171,42,160,0,,,0.32,
2023-09-25 06:12:31,1.16.3,FR1,1,3.88,1.0,1,Pellet,Left,171,42,161,0,0.48,40.0,,
2023-09-25 06:13:00,1.16.3,FR1,1,3.88,,1,Left,Left,172,42,161,0,,,0.48,
2023-09-25 06:13:01,1.16.3,FR1,1,3.88,,1,LeftWithPellet,Left,173,42,161,0,,,0.09,
2023-09-25 06:13:01,1.16.3,FR1,1,3.88,,1,LeftWithPellet,Left,174,42,161,0,,,0.16,
2023-09-25 06:13:03,1.16.3,FR1,1,3.88,1.0,1,Pellet,Left,174,42,162,0,2.75,32.0,,
2023-09-25 06:13:27,1.16.3,FR1,1,3.88,,1,Left,Left,175,42,162,0,,,0.17,
2023-09-25 06:13:28,1.16.3,FR1,1,3.88,,1,LeftDuringDispense,Left,176,42,162,0,,,0.0,
2023-09-25 06:13:28,1.16.3,FR1,1,3.88,1.0,1,Pellet,Left,176,42,163,0,0.12,25.0,,
2023-09-25 06:15:14,1.16.3,FR1,1,3.88,,1,Right,Left,176,43,163,0,,,1.08,
2023-09-25 06:15:16,1.16.3,FR1,1,3.88,,1,Right,Left,176,44,163,0,,,0.41,
2023-09-25 06:15:17,1.16.3,FR1,1,3.88,,1,Right,Left,176,45,163,0,,,0.23,
2023-09-25 06:15:18,1.16.3,FR1,1,3.88,,1,Right,Left,176,46,163,0,,,0.17,
2023-09-25 06:19:14,1.16.3,FR1,1,3.88,,1,Right,Left,176,47,163,0,,,0.36,
2023-09-25 07:45:37,1.16.3,FR1,1,3.88,,1,Left,Left,177,47,163,0,,,0.14,
2023-09-25 07:45:38,1.16.3,FR1,1,3.87,2.0,1,Pellet,Left,177,47,164,0,0.61,5530.0,,
2023-09-25 07:47:01,1.16.3,FR1,1,3.87,,1,Left,Left,178,47,164,0,,,0.09,
2023-09-25 07:47:04,1.16.3,FR1,1,3.87,2.0,1,Pellet,Left,178,47,165,0,0.42,86.0,,
2023-09-25 07:47:41,1.16.3,FR1,1,3.87,,1,Left,Left,179,47,165,0,,,0.03,
2023-09-25 07:47:43,1.16.3,FR1,1,3.88,1.0,1,Pellet,Left,179,47,166,0,0.79,39.0,,
2023-09-25 07:48:21,1.16.3,FR1,1,3.88,,1,Left,Left,180,47,166,0,,,0.03,
2023-09-25 07:48:24,1.16.3,FR1,1,3.88,1.0,1,Pellet,Left,180,47,167,0,3.00,41.0,,
2023-09-25 07:49:01,1.16.3,FR1,1,3.87,,1,Left,Left,181,47,167,0,,,0.12,
2023-09-25 07:49:02,1.16.3,FR1,1,3.88,1.0,1,Pellet,Left,181,47,168,0,0.36,38.0,,
2023-09-25 07:49:34,1.16.3,FR1,1,3.88,,1,Left,Left,182,47,168,0,,,0.09,
2023-09-25 07:49:35,1.16.3,FR1,1,3.88,1.0,1,Pellet,Left,182,47,169,0,0.85,33.0,,
2023-09-25 07:50:22,1.16.3,FR1,1,3.88,,1,Left,Left,183,47,169,0,,,0.05,
2023-09-25 07:50:23,1.16.3,FR1,1,3.88,1.0,1,Pellet,Left,183,47,170,0,0.36,48.0,,
2023-09-25 07:51:09,1.16.3,FR1,1,3.88,,1,Right,Left,183,48,170,0,,,0.82,
2023-09-25 07:51:21,1.16.3,FR1,1,3.88,,1,Left,Left,184,48,170,0,,,0.41,
2023-09-25 07:51:22,1.16.3,FR1,1,3.87,1.0,1,Pellet,Left,184,48,171,0,0.36,59.0,,
2023-09-25 07:51:49,1.16.3,FR1,1,3.87,,1,Left,Left,185,48,171,0,,,0.06,
2023-09-25 07:51:53,1.16.3,FR1,1,3.88,2.0,1,Pellet,Left,185,48,172,0,0.42,31.0,,
2023-09-25 07:53:24,1.16.3,FR1,1,3.87,,1,Left,Left,186,48,172,0,,,1.15,
2023-09-25 07:53:25,1.16.3,FR1,1,3.87,,1,LeftDuringDispense,Left,187,48,172,0,,,0.26,
2023-09-25 07:53:28,1.16.3,FR1,1,3.87,,1,LeftWithPellet,Left,188,48,172,0,,,0.15,
2023-09-25 07:53:30,1.16.3,FR1,1,3.87,1.0,1,Pellet,Left,188,48,173,0,4.78,97.0,,
2023-09-25 07:55:42,1.16.3,FR1,1,3.87,,1,Left,Left,189,48,173,0,,,0.86,
2023-09-25 07:55:44,1.16.3,FR1,1,3.87,1.0,1,Pellet,Left,189,48,174,0,1.16,134.0,,
2023-09-25 07:56:39,1.16.3,FR1,1,3.88,,1,Right,Left,189,49,174,0,,,0.01,
2023-09-25 08:08:03,1.16.3,FR1,1,3.88,,1,Right,Left,189,50,174,0,,,0.21,
2023-09-25 08:08:04,1.16.3,FR1,1,3.87,,1,Right,Left,189,51,174,0,,,0.61,
2023-09-25 08:08:25,1.16.3,FR1,1,3.87,,1,Left,Left,190,51,174,0,,,0.12,
2023-09-25 08:08:25,1.16.3,FR1,1,3.88,,1,LeftDuringDispense,Left,191,51,174,0,,,0.03,
2023-09-25 08:08:29,1.16.3,FR1,1,3.87,3.0,1,Pellet,Left,191,51,175,0,0.73,765.0,,
2023-09-25 08:09:03,1.16.3,FR1,1,3.87,,1,Left,Left,192,51,175,0,,,0.49,
2023-09-25 08:09:04,1.16.3,FR1,1,3.87,,1,LeftDuringDispense,Left,193,51,175,0,,,0.26,
2023-09-25 08:09:05,1.16.3,FR1,1,3.87,,1,LeftDuringDispense,Left,194,51,175,0,,,0.28,
2023-09-25 08:09:08,1.16.3,FR1,1,3.88,2.0,1,Pellet,Left,194,51,176,0,0.48,39.0,,
2023-09-25 08:10:13,1.16.3,FR1,1,3.88,,1,Right,Left,194,52,176,0,,,0.6,
2023-09-25 08:12:00,1.16.3,FR1,1,3.87,,1,Left,Left,195,52,176,0,,,1.07,
2023-09-25 08:12:02,1.16.3,FR1,1,3.88,1.0,1,Pellet,Left,195,52,177,0,1.89,174.0,,
2023-09-25 09:07:39,1.16.3,FR1,1,3.87,,1,Left,Left,196,52,177,0,,,0.19,
2023-09-25 09:07:42,1.16.3,FR1,1,3.87,1.0,1,Pellet,Left,196,52,178,0,1.52,3339.0,,
2023-09-25 09:08:29,1.16.3,FR1,1,3.87,,1,Left,Left,197,52,178,0,,,0.23,
2023-09-25 09:08:30,1.16.3,FR1,1,3.87,1.0,1,Pellet,Left,197,52,179,0,0.55,49.0,,
2023-09-25 09:22:47,1.16.3,FR1,1,3.87,,1,Left,Left,198,52,179,0,,,0.17,
2023-09-25 09:22:49,1.16.3,FR1,1,3.87,1.0,1,Pellet,Left,198,52,180,0,0.48,859.0,,
2023-09-25 09:23:24,1.16.3,FR1,1,3.87,,1,Left,Left,199,52,180,0,,,0.2,
2023-09-25 09:23:26,1.16.3,FR1,1,3.87,1.0,1,Pellet,Left,199,52,181,0,0.73,37.0,,
2023-09-25 09:23:58,1.16.3,FR1,1,3.87,,1,Left,Left,200,52,181,0,,,0.17,
2023-09-25 09:23:59,1.16.3,FR1,1,3.87,1.0,1,Pellet,Left,200,52,182,0,0.55,33.0,,
2023-09-25 09:24:46,1.16.3,FR1,1,3.87,,1,Left,Left,201,52,182,0,,,0.06,
2023-09-25 09:24:47,1.16.3,FR1,1,3.87,1.0,1,Pellet,Left,201,52,183,0,0.55,48.0,,
2023-09-25 09:27:19,1.16.3,FR1,1,3.87,,1,Left,Left,202,52,183,0,,,0.43,
2023-09-25 09:27:22,1.16.3,FR1,1,3.87,2.0,1,Pellet,Left,202,52,184,0,0.55,155.0,,
2023-09-25 09:28:02,1.16.3,FR1,1,3.87,,1,Right,Left,202,53,184,0,,,0.02,
2023-09-25 09:57:43,1.16.3,FR1,1,3.87,,1,Left,Left,203,53,184,0,,,0.25,
2023-09-25 09:57:44,1.16.3,FR1,1,3.87,1.0,1,Pellet,Left,203,53,185,0,0.55,1822.0,,
2023-09-25 10:00:10,1.16.3,FR1,1,3.87,,1,Left,Left,204,53,185,0,,,0.16,
2023-09-25 10:00:11,1.16.3,FR1,1,3.87,2.0,1,Pellet,Left,204,53,186,0,0.48,147.0,,
2023-09-25 10:00:59,1.16.3,FR1,1,3.87,,1,Right,Left,204,54,186,0,,,0.04,
2023-09-25 10:24:57,1.16.3,FR1,1,3.87,,1,Left,Left,205,54,186,0,,,0.37,
2023-09-25 10:24:58,1.16.3,FR1,1,3.87,1.0,1,Pellet,Left,205,54,187,0,0.42,1487.0,,
2023-09-25 10:26:00,1.16.3,FR1,1,3.87,,1,Left,Left,206,54,187,0,,,0.19,
2023-09-25 10:26:01,1.16.3,FR1,1,3.87,1.0,1,Pellet,Left,206,54,188,0,0.42,63.0,,
2023-09-25 10:26:43,1.16.3,FR1,1,3.87,,1,Left,Left,207,54,188,0,,,0.25,
2023-09-25 10:26:44,1.16.3,FR1,1,3.87,1.0,1,Pellet,Left,207,54,189,0,0.42,43.0,,
2023-09-25 11:06:40,1.16.3,FR1,1,3.87,,1,Left,Left,208,54,189,0,,,0.31,
2023-09-25 11:06:44,1.16.3,FR1,1,3.87,2.0,1,Pellet,Left,208,54,190,0,0.91,2400.0,,
2023-09-25 11:07:27,1.16.3,FR1,1,3.87,,1,Left,Left,209,54,190,0,,,0.25,
2023-09-25 11:07:28,1.16.3,FR1,1,3.87,1.0,1,Pellet,Left,209,54,191,0,0.42,44.0,,
2023-09-25 11:17:03,1.16.3,FR1,1,3.87,,1,Left,Left,210,54,191,0,,,0.03,
2023-09-25 11:17:05,1.16.3,FR1,1,3.87,1.0,1,Pellet,Left,210,54,192,0,0.61,577.0,,
2023-09-25 11:17:56,1.16.3,FR1,1,3.87,,1,Left,Left,211,54,192,0,,,0.18,
2023-09-25 11:17:58,1.16.3,FR1,1,3.87,1.0,1,Pellet,Left,211,54,193,0,0.67,53.0,,
2023-09-25 11:18:30,1.16.3,FR1,1,3.87,,1,Left,Left,212,54,193,0,,,0.14,
2023-09-25 11:18:31,1.16.3,FR1,1,3.87,1.0,1,Pellet,Left,212,54,194,0,0.30,33.0,,
2023-09-25 11:20:49,1.16.3,FR1,1,3.87,,1,Right,Left,212,55,194,0,,,0.16,
2023-09-25 11:20:53,1.16.3,FR1,1,3.87,,1,Right,Left,212,56,194,0,,,0.5,
2023-09-25 11:21:15,1.16.3,FR1,1,3.87,,1,Right,Left,212,57,194,0,,,0.01,
2023-09-25 11:21:19,1.16.3,FR1,1,3.87,,1,Right,Left,212,58,194,0,,,0.41,
2023-09-25 11:21:20,1.16.3,FR1,1,3.87,,1,Right,Left,212,59,194,0,,,0.01,
2023-09-25 11:21:22,1.16.3,FR1,1,3.87,,1,Right,Left,212,60,194,0,,,0.47,
2023-09-25 11:21:23,1.16.3,FR1,1,3.87,,1,Right,Left,212,61,194,0,,,0.0,
2023-09-25 11:21:24,1.16.3,FR1,1,3.87,,1,Right,Left,212,62,194,0,,,0.0,
2023-09-25 11:21:29,1.16.3,FR1,1,3.87,,1,Right,Left,212,63,194,0,,,0.34,
2023-09-25 11:46:25,1.16.3,FR1,1,3.87,,1,Left,Left,213,63,194,0,,,0.1,
2023-09-25 11:46:33,1.16.3,FR1,1,3.87,3.0,1,Pellet,Left,213,63,195,0,2.94,1682.0,,
2023-09-25 11:47:00,1.16.3,FR1,1,3.87,,1,Left,Left,214,63,195,0,,,0.03,
2023-09-25 11:47:00,1.16.3,FR1,1,3.87,,1,LeftDuringDispense,Left,215,63,195,0,,,0.08,
2023-09-25 11:47:07,1.16.3,FR1,1,3.87,2.0,1,Pellet,Left,215,63,196,0,3.92,34.0,,
2023-09-25 11:47:30,1.16.3,FR1,1,3.87,,1,Left,Left,216,63,196,0,,,0.09,
2023-09-25 11:47:34,1.16.3,FR1,1,3.87,1.0,1,Pellet,Left,216,63,197,0,2.32,26.0,,
2023-09-25 11:48:27,1.16.3,FR1,1,3.87,,1,Left,Left,217,63,197,0,,,0.18,
2023-09-25 11:48:29,1.16.3,FR1,1,3.87,1.0,1,Pellet,Left,217,63,198,0,0.36,56.0,,
2023-09-25 11:48:59,1.16.3,FR1,1,3.87,,1,Left,Left,218,63,198,0,,,0.04,
2023-09-25 11:49:00,1.16.3,FR1,1,3.87,1.0,1,Pellet,Left,218,63,199,0,0.55,31.0,,
2023-09-25 11:50:34,1.16.3,FR1,1,3.87,,1,Right,Left,218,64,199,0,,,0.25,
2023-09-25 12:34:12,1.16.3,FR1,1,3.87,,1,Left,Left,219,64,199,0,,,0.06,
2023-09-25 12:34:13,1.16.3,FR1,1,3.87,1.0,1,Pellet,Left,219,64,200,0,0.42,2713.0,,
2023-09-25 12:34:52,1.16.3,FR1,1,3.87,,1,Left,Left,220,64,200,0,,,0.19,
2023-09-25 12:34:54,1.16.3,FR1,1,3.87,1.0,1,Pellet,Left,220,64,201,0,0.67,41.0,,
2023-09-25 12:35:28,1.16.3,FR1,1,3.87,,1,Left,Left,221,64,201,0,,,0.23,
2023-09-25 12:35:29,1.16.3,FR1,1,3.87,1.0,1,Pellet,Left,221,64,202,0,0.30,35.0,,
2023-09-25 12:36:33,1.16.3,FR1,1,3.87,,1,Left,Left,222,64,202,0,,,0.02,
2023-09-25 12:36:34,1.16.3,FR1,1,3.87,1.0,1,Pellet,Left,222,64,203,0,0.61,65.0,,
2023-09-25 12:37:13,1.16.3,FR1,1,3.87,,1,Left,Left,223,64,203,0,,,0.23,
2023-09-25 12:37:14,1.16.3,FR1,1,3.87,1.0,1,Pellet,Left,223,64,204,0,0.48,40.0,,
2023-09-25 12:37:52,1.16.3,FR1,1,3.87,,1,Left,Left,224,64,204,0,,,0.42,
2023-09-25 12:37:53,1.16.3,FR1,1,3.87,1.0,1,Pellet,Left,224,64,205,0,0.42,39.0,,
2023-09-25 12:38:27,1.16.3,FR1,1,3.87,,1,Left,Left,225,64,205,0,,,0.14,
2023-09-25 12:38:28,1.16.3,FR1,1,3.87,1.0,1,Pellet,Left,225,64,206,0,0.55,35.0,,
2023-09-25 13:12:13,1.16.3,FR1,1,3.86,,1,Left,Left,226,64,206,0,,,0.28,
2023-09-25 13:12:14,1.16.3,FR1,1,3.87,1.0,1,Pellet,Left,226,64,207,0,0.30,2026.0,,
2023-09-25 13:12:57,1.16.3,FR1,1,3.87,,1,Left,Left,227,64,207,0,,,0.16,
2023-09-25 13:12:58,1.16.3,FR1,1,3.87,1.0,1,Pellet,Left,227,64,208,0,0.48,44.0,,
2023-09-25 13:13:32,1.16.3,FR1,1,3.86,,1,Left,Left,228,64,208,0,,,0.09,
2023-09-25 13:13:33,1.16.3,FR1,1,3.87,1.0,1,Pellet,Left,228,64,209,0,0.55,35.0,,
2023-09-25 13:14:33,1.16.3,FR1,1,3.87,,1,Left,Left,229,64,209,0,,,0.06,
2023-09-25 13:14:34,1.16.3,FR1,1,3.87,1.0,1,Pellet,Left,229,64,210,0,0.48,61.0,,
2023-09-25 13:54:59,1.16.3,FR1,1,3.86,,1,Left,Left,230,64,210,0,,,0.23,
2023-09-25 13:55:00,1.16.3,FR1,1,3.87,1.0,1,Pellet,Left,230,64,211,0,0.49,2426.0,,
2023-09-25 13:55:52,1.16.3,FR1,1,3.87,,1,Left,Left,231,64,211,0,,,0.4,
2023-09-25 13:55:53,1.16.3,FR1,1,3.87,1.0,1,Pellet,Left,231,64,212,0,0.42,53.0,,
2023-09-25 13:56:18,1.16.3,FR1,1,3.86,,1,Left,Left,232,64,212,0,,,0.38,
2023-09-25 13:56:24,1.16.3,FR1,1,3.86,3.0,1,Pellet,Left,232,64,213,0,0.42,31.0,,
2023-09-25 14:18:20,1.16.3,FR1,1,3.87,,1,Left,Left,233,64,213,0,,,0.23,
2023-09-25 14:18:22,1.16.3,FR1,1,3.86,1.0,1,Pellet,Left,233,64,214,0,0.36,1318.0,,
2023-09-25 14:19:12,1.16.3,FR1,1,3.86,,1,Left,Left,234,64,214,0,,,0.19,
2023-09-25 14:19:13,1.16.3,FR1,1,3.86,1.0,1,Pellet,Left,234,64,215,0,0.42,51.0,,
2023-09-25 14:27:47,1.16.3,FR1,1,3.86,,1,Left,Left,235,64,215,0,,,0.29,
2023-09-25 14:27:51,1.16.3,FR1,1,3.86,2.0,1,Pellet,Left,235,64,216,0,0.36,518.0,,
2023-09-25 14:28:35,1.16.3,FR1,1,3.86,,1,Left,Left,236,64,216,0,,,0.21,
2023-09-25 14:28:36,1.16.3,FR1,1,3.87,1.0,1,Pellet,Left,236,64,217,0,0.36,45.0,,
2023-09-25 14:29:12,1.16.3,FR1,1,3.87,,1,Left,Left,237,64,217,0,,,0.33,
2023-09-25 14:29:14,1.16.3,FR1,1,3.86,1.0,1,Pellet,Left,237,64,218,0,0.42,38.0,,
2023-09-25 14:37:19,1.16.3,FR1,1,3.86,,1,Right,Left,237,65,218,0,,,0.47,
2023-09-25 14:39:25,1.16.3,FR1,1,3.86,,1,Left,Left,238,65,218,0,,,0.76,
2023-09-25 14:39:26,1.16.3,FR1,1,3.86,1.0,1,Pellet,Left,238,65,219,0,0.79,612.0,,
2023-09-25 14:40:07,1.16.3,FR1,1,3.87,,1,Right,Left,238,66,219,0,,,0.02,
2023-09-25 14:40:09,1.16.3,FR1,1,3.86,,1,Right,Left,238,67,219,0,,,0.42,
2023-09-25 14:41:32,1.16.3,FR1,1,3.86,,1,Left,Left,239,67,219,0,,,0.95,
2023-09-25 14:41:34,1.16.3,FR1,1,3.87,1.0,1,Pellet,Left,239,67,220,0,0.55,128.0,,
2023-09-25 14:41:58,1.16.3,FR1,1,3.87,,1,Left,Left,240,67,220,0,,,0.69,
2023-09-25 14:41:59,1.16.3,FR1,1,3.86,1.0,1,Pellet,Left,240,67,221,0,0.49,25.0,,
2023-09-25 14:45:57,1.16.3,FR1,1,3.86,,1,Right,Left,240,68,221,0,,,0.31,
2023-09-25 16:10:15,1.16.3,FR1,1,3.86,,1,Left,Left,241,68,221,0,,,0.24,
2023-09-25 16:10:16,1.16.3,FR1,1,3.86,1.0,1,Pellet,Left,241,68,222,0,0.48,5297.0,,
2023-09-25 16:10:53,1.16.3,FR1,1,3.86,,1,Left,Left,242,68,222,0,,,0.12,
2023-09-25 16:10:55,1.16.3,FR1,1,3.86,1.0,1,Pellet,Left,242,68,223,0,1.52,39.0,,
2023-09-25 16:11:31,1.16.3,FR1,1,3.86,,1,Left,Left,243,68,223,0,,,0.26,
2023-09-25 16:11:32,1.16.3,FR1,1,3.86,1.0,1,Pellet,Left,243,68,224,0,0.61,37.0,,
2023-09-25 16:11:59,1.16.3,FR1,1,3.86,,1,Left,Left,244,68,224,0,,,0.25,
2023-09-25 16:12:01,1.16.3,FR1,1,3.86,1.0,1,Pellet,Left,244,68,225,0,0.49,29.0,,
2023-09-25 16:12:31,1.16.3,FR1,1,3.86,,1,Left,Left,245,68,225,0,,,0.05,
2023-09-25 16:12:32,1.16.3,FR1,1,3.86,1.0,1,Pellet,Left,245,68,226,0,0.42,31.0,,
2023-09-25 16:13:00,1.16.3,FR1,1,3.86,,1,Left,Left,246,68,226,0,,,0.19,
2023-09-25 16:13:01,1.16.3,FR1,1,3.86,1.0,1,Pellet,Left,246,68,227,0,0.36,29.0,,
2023-09-25 16:13:39,1.16.3,FR1,1,3.86,,1,Left,Left,247,68,227,0,,,0.29,
2023-09-25 16:13:41,1.16.3,FR1,1,3.86,1.0,1,Pellet,Left,247,68,228,0,0.91,40.0,,
2023-09-25 16:14:13,1.16.3,FR1,1,3.86,,1,Right,Left,247,69,228,0,,,0.13,
2023-09-25 16:15:14,1.16.3,FR1,1,3.85,,1,Left,Left,248,69,228,0,,,0.23,
2023-09-25 16:15:15,1.16.3,FR1,1,3.85,1.0,1,Pellet,Left,248,69,229,0,0.48,94.0,,
2023-09-25 16:47:47,1.16.3,FR1,1,3.86,,1,Left,Left,249,69,229,0,,,0.12,
2023-09-25 16:47:50,1.16.3,FR1,1,3.86,2.0,1,Pellet,Left,249,69,230,0,0.49,1955.0,,
2023-09-25 16:48:17,1.16.3,FR1,1,3.85,,1,Left,Left,250,69,230,0,,,0.04,
2023-09-25 16:48:18,1.16.3,FR1,1,3.86,1.0,1,Pellet,Left,250,69,231,0,0.79,28.0,,
2023-09-25 16:48:48,1.16.3,FR1,1,3.86,,1,Left,Left,251,69,231,0,,,0.03,
2023-09-25 16:48:49,1.16.3,FR1,1,3.86,1.0,1,Pellet,Left,251,69,232,0,0.48,31.0,,
2023-09-25 16:49:22,1.16.3,FR1,1,3.86,,1,Left,Left,252,69,232,0,,,0.03,
2023-09-25 16:49:23,1.16.3,FR1,1,3.85,1.0,1,Pellet,Left,252,69,233,0,0.55,34.0,,
2023-09-25 16:50:20,1.16.3,FR1,1,3.86,,1,Left,Left,253,69,233,0,,,0.08,
2023-09-25 16:50:22,1.16.3,FR1,1,3.86,1.0,1,Pellet,Left,253,69,234,0,0.61,59.0,,
2023-09-25 17:28:50,1.16.3,FR1,1,3.85,,1,Left,Left,254,69,234,0,,,0.05,
2023-09-25 17:28:54,1.16.3,FR1,1,3.86,2.0,1,Pellet,Left,254,69,235,0,0.49,2312.0,,
2023-09-25 17:29:29,1.16.3,FR1,1,3.85,,1,Left,Left,255,69,235,0,,,0.19,
2023-09-25 17:29:31,1.16.3,FR1,1,3.85,1.0,1,Pellet,Left,255,69,236,0,0.61,37.0,,
2023-09-25 17:31:05,1.16.3,FR1,1,3.86,,1,Left,Left,256,69,236,0,,,0.2,
2023-09-25 17:31:06,1.16.3,FR1,1,3.86,1.0,1,Pellet,Left,256,69,237,0,0.24,95.0,,
2023-09-25 17:31:34,1.16.3,FR1,1,3.86,,1,Left,Left,257,69,237,0,,,0.12,
2023-09-25 17:31:35,1.16.3,FR1,1,3.85,1.0,1,Pellet,Left,257,69,238,0,0.42,29.0,,
2023-09-25 17:32:13,1.16.3,FR1,1,3.86,,1,Left,Left,258,69,238,0,,,0.1,
2023-09-25 17:32:14,1.16.3,FR1,1,3.86,1.0,1,Pellet,Left,258,69,239,0,0.42,39.0,,
2023-09-25 17:32:50,1.16.3,FR1,1,3.85,,1,Left,Left,259,69,239,0,,,0.04,
2023-09-25 17:32:51,1.16.3,FR1,1,3.86,1.0,1,Pellet,Left,259,69,240,0,0.36,37.0,,
2023-09-25 18:05:53,1.16.3,FR1,1,3.85,,1,Left,Left,260,69,240,0,,,0.51,
2023-09-25 18:09:16,1.16.3,FR1,1,3.86,,1,RightWithPellet,Left,260,70,240,0,,,0.21,
2023-09-25 18:16:44,1.16.3,FR1,1,3.86,,1,RightWithPellet,Left,260,71,240,0,,,0.63,
2023-09-25 18:16:51,1.16.3,FR1,1,3.85,,1,LeftWithPellet,Left,261,71,240,0,,,0.12,
2023-09-25 18:18:34,1.16.3,FR1,1,3.85,,1,LeftWithPellet,Left,262,71,240,0,,,0.39,
2023-09-25 18:19:16,1.16.3,FR1,1,3.85,,1,LeftWithPellet,Left,263,71,240,0,,,0.05,
2023-09-25 18:20:03,1.16.3,FR1,1,3.85,,1,RightWithPellet,Left,263,72,240,0,,,0.18,
