MM:DD:YYYY hh:mm:ss,Device_Number,Battery_Voltage,Motor_Turns,Session_Type,Event,Active_Poke,Left_Poke_Count,Right_Poke_Count,Pellet_Count,Retrieval_Time,Concat_#
2022-07-09 19:19:46,5,4.04,,FR1,Poke,Left,0,1,0,,0
2022-07-09 19:19:49,5,4.04,,FR1,Poke,Left,0,2,0,,0
2022-07-09 19:19:51,5,4.04,,FR1,Poke,Left,1,2,0,,0
2022-07-09 19:21:35,5,4.05,,FR1,Poke,Left,1,3,0,,0
2022-07-09 19:22:36,5,4.04,,FR1,Poke,Left,2,3,0,,0
2022-07-09 19:25:01,5,4.04,,FR1,Poke,Left,2,4,0,,0
2022-07-09 19:50:45,5,4.04,6.0,FR1,Pellet,Left,2,4,1,,0
2022-07-09 19:51:41,5,4.04,,FR1,Poke,Left,3,4,1,,0
2022-07-09 19:51:55,5,4.04,2.0,FR1,Pellet,Left,3,4,2,12.19,0
2022-07-09 19:55:48,5,4.03,,FR1,Poke,Left,3,5,2,,0
2022-07-09 19:55:49,5,4.03,,FR1,Poke,Left,3,6,2,,0
2022-07-09 19:55:50,5,4.04,,FR1,Poke,Left,3,7,2,,0
2022-07-09 19:55:54,5,4.04,,FR1,Poke,Left,3,8,2,,0
2022-07-09 19:59:44,5,4.04,,FR1,Poke,Left,3,9,2,,0
2022-07-09 20:00:08,5,4.04,,FR1,Poke,Left,3,10,2,,0
2022-07-09 20:00:16,5,4.04,,FR1,Poke,Left,4,10,2,,0
2022-07-09 20:01:04,5,4.04,2.0,FR1,Pellet,Left,4,10,3,47.1,0
2022-07-09 20:28:34,5,4.03,,FR1,Poke,Left,5,10,3,,0
2022-07-09 20:28:39,5,4.04,1.0,FR1,Pellet,Left,5,10,4,4.59,0
2022-07-09 20:55:45,5,4.04,,FR1,Poke,Left,5,11,4,,0
2022-07-09 21:14:58,5,4.03,,FR1,Poke,Left,5,12,4,,0
2022-07-09 21:15:01,5,4.04,,FR1,Poke,Left,5,13,4,,0
2022-07-09 21:16:53,5,4.04,,FR1,Poke,Left,6,13,4,,0
2022-07-09 21:17:20,5,4.03,1.0,FR1,Pellet,Left,6,13,5,26.43,0
2022-07-09 21:40:23,5,4.04,,FR1,Poke,Left,6,14,5,,0
2022-07-09 21:40:27,5,4.03,,FR1,Poke,Left,6,15,5,,0
2022-07-09 21:43:01,5,4.03,,FR1,Poke,Left,7,15,5,,0
2022-07-09 21:43:14,5,4.03,3.0,FR1,Pellet,Left,7,15,6,7.82,0
2022-07-09 21:43:54,5,4.03,,FR1,Poke,Left,8,15,6,,0
2022-07-09 21:44:02,5,4.04,2.0,FR1,Pellet,Left,8,15,7,4.91,0
2022-07-09 21:48:54,5,4.03,,FR1,Poke,Left,9,15,7,,0
2022-07-09 21:49:06,5,4.03,1.0,FR1,Pellet,Left,9,15,8,11.11,0
2022-07-09 22:02:21,5,4.03,,FR1,Poke,Left,10,15,8,,0
2022-07-09 22:03:12,5,4.03,2.0,FR1,Pellet,Left,10,15,9,47.51,0
2022-07-09 22:15:55,5,4.04,,FR1,Poke,Left,11,15,9,,0
2022-07-09 22:16:08,5,4.04,1.0,FR1,Pellet,Left,11,15,10,12.45,0
2022-07-09 22:19:54,5,4.03,,FR1,Poke,Left,11,16,10,,0
2022-07-09 22:21:19,5,4.03,,FR1,Poke,Left,12,16,10,,0
2022-07-09 22:21:29,5,4.03,1.0,FR1,Pellet,Left,12,16,11,8.27,0
2022-07-09 22:25:45,5,4.04,,FR1,Poke,Left,12,17,11,,0
2022-07-09 22:26:43,5,4.03,,FR1,Poke,Left,13,17,11,,0
2022-07-09 22:26:48,5,4.03,1.0,FR1,Pellet,Left,13,17,12,4.15,0
2022-07-09 22:29:35,5,4.03,,FR1,Poke,Left,14,17,12,,0
2022-07-09 22:29:48,5,4.03,1.0,FR1,Pellet,Left,14,17,13,12.07,0
2022-07-09 22:32:50,5,4.03,,FR1,Poke,Left,15,17,13,,0
2022-07-09 22:33:03,5,4.03,1.0,FR1,Pellet,Left,15,17,14,12.2,0
2022-07-09 22:40:29,5,4.03,,FR1,Poke,Left,16,17,14,,0
2022-07-09 22:40:37,5,4.03,1.0,FR1,Pellet,Left,16,17,15,7.44,0
2022-07-09 22:46:19,5,4.03,,FR1,Poke,Left,17,17,15,,0
2022-07-09 22:46:21,5,4.03,1.0,FR1,Pellet,Left,17,17,16,1.49,0
2022-07-09 22:50:45,5,4.03,,FR1,Poke,Left,17,18,16,,0
2022-07-09 22:51:13,5,4.04,,FR1,Poke,Left,18,18,16,,0
2022-07-09 22:51:24,5,4.03,1.0,FR1,Pellet,Left,18,18,17,9.47,0
2022-07-09 22:52:53,5,4.04,,FR1,Poke,Left,19,18,17,,0
2022-07-09 22:52:57,5,4.03,2.0,FR1,Pellet,Left,19,18,18,2.82,0
2022-07-09 22:54:46,5,4.03,,FR1,Poke,Left,20,18,18,,0
2022-07-09 22:54:54,5,4.03,1.0,FR1,Pellet,Left,20,18,19,7.25,0
2022-07-09 22:56:05,5,4.03,,FR1,Poke,Left,20,19,19,,0
2022-07-09 22:56:35,5,4.03,,FR1,Poke,Left,21,19,19,,0
2022-07-09 22:56:40,5,4.03,2.0,FR1,Pellet,Left,21,19,20,3.89,0
2022-07-09 22:57:41,5,4.03,,FR1,Poke,Left,22,19,20,,0
2022-07-09 22:57:47,5,4.04,2.0,FR1,Pellet,Left,22,19,21,2.69,0
2022-07-09 23:03:50,5,4.03,,FR1,Poke,Left,23,19,21,,0
2022-07-09 23:03:55,5,4.03,1.0,FR1,Pellet,Left,23,19,22,4.15,0
2022-07-09 23:04:46,5,4.03,,FR1,Poke,Left,24,19,22,,0
2022-07-09 23:04:56,5,4.03,1.0,FR1,Pellet,Left,24,19,23,9.16,0
2022-07-09 23:05:45,5,4.03,,FR1,Poke,Left,25,19,23,,0
2022-07-09 23:05:49,5,4.03,1.0,FR1,Pellet,Left,25,19,24,3.52,0
2022-07-09 23:06:51,5,4.03,,FR1,Poke,Left,26,19,24,,0
2022-07-09 23:07:38,5,4.03,1.0,FR1,Pellet,Left,26,19,25,46.26,0
2022-07-09 23:24:10,5,4.03,,FR1,Poke,Left,27,19,25,,0
2022-07-09 23:24:17,5,4.03,2.0,FR1,Pellet,Left,27,19,26,3.51,0
2022-07-09 23:31:36,5,4.03,,FR1,Poke,Left,28,19,26,,0
2022-07-09 23:31:39,5,4.03,1.0,FR1,Pellet,Left,28,19,27,1.99,0
2022-07-09 23:34:20,5,4.03,,FR1,Poke,Left,29,19,27,,0
2022-07-09 23:34:28,5,4.03,1.0,FR1,Pellet,Left,29,19,28,7.0,0
2022-07-09 23:34:50,5,4.03,,FR1,Poke,Left,30,19,28,,0
2022-07-09 23:34:58,5,4.03,1.0,FR1,Pellet,Left,30,19,29,7.13,0
2022-07-09 23:35:53,5,4.03,,FR1,Poke,Left,31,19,29,,0
2022-07-09 23:36:14,5,4.03,1.0,FR1,Pellet,Left,31,19,30,20.47,0
2022-07-09 23:37:31,5,4.04,,FR1,Poke,Left,31,20,30,,0
2022-07-09 23:37:46,5,4.03,,FR1,Poke,Left,31,21,30,,0
2022-07-09 23:38:01,5,4.04,,FR1,Poke,Left,32,21,30,,0
2022-07-09 23:38:17,5,4.03,,FR1,Poke,Left,33,21,30,,0
2022-07-09 23:39:45,5,4.03,1.0,FR1,Pellet,Left,33,21,31,,0
2022-07-09 23:52:27,5,4.03,,FR1,Poke,Left,33,22,31,,0
2022-07-09 23:53:02,5,4.03,,FR1,Poke,Left,34,22,31,,0
2022-07-09 23:53:06,5,4.03,2.0,FR1,Pellet,Left,34,22,32,3.45,0
2022-07-09 23:53:31,5,4.03,,FR1,Poke,Left,35,22,32,,0
2022-07-09 23:53:38,5,4.03,1.0,FR1,Pellet,Left,35,22,33,5.93,0
2022-07-10 00:02:29,5,4.03,,FR1,Poke,Left,36,22,33,,0
2022-07-10 00:02:34,5,4.03,1.0,FR1,Pellet,Left,36,22,34,3.96,0
2022-07-10 00:04:16,5,4.03,,FR1,Poke,Left,37,22,34,,0
2022-07-10 00:04:22,5,4.03,2.0,FR1,Pellet,Left,37,22,35,2.82,0
2022-07-10 00:04:48,5,4.03,,FR1,Poke,Left,38,22,35,,0
2022-07-10 00:04:52,5,4.03,1.0,FR1,Pellet,Left,38,22,36,3.83,0
2022-07-10 00:05:31,5,4.03,,FR1,Poke,Left,39,22,36,,0
2022-07-10 00:05:35,5,4.03,1.0,FR1,Pellet,Left,39,22,37,2.63,0
2022-07-10 00:06:10,5,4.03,,FR1,Poke,Left,40,22,37,,0
2022-07-10 00:14:15,5,4.03,,FR1,Poke,Left,41,22,37,,0
2022-07-10 00:16:54,5,4.03,1.0,FR1,Pellet,Left,41,22,38,,0
2022-07-10 00:24:27,5,4.03,,FR1,Poke,Left,42,22,38,,0
2022-07-10 00:24:31,5,4.03,1.0,FR1,Pellet,Left,42,22,39,2.75,0
2022-07-10 00:25:18,5,4.03,,FR1,Poke,Left,42,23,39,,0
2022-07-10 00:25:39,5,4.03,,FR1,Poke,Left,43,23,39,,0
2022-07-10 00:25:48,5,4.03,1.0,FR1,Pellet,Left,43,23,40,7.64,0
2022-07-10 00:31:00,5,4.03,,FR1,Poke,Left,44,23,40,,0
2022-07-10 00:31:14,5,4.03,1.0,FR1,Pellet,Left,44,23,41,12.83,0
2022-07-10 00:31:53,5,4.03,,FR1,Poke,Left,45,23,41,,0
2022-07-10 00:32:03,5,4.03,1.0,FR1,Pellet,Left,45,23,42,9.03,0
2022-07-10 00:32:58,5,4.02,,FR1,Poke,Left,46,23,42,,0
2022-07-10 00:33:01,5,4.03,1.0,FR1,Pellet,Left,46,23,43,2.56,0
2022-07-10 00:39:15,5,4.03,,FR1,Poke,Left,46,24,43,,0
2022-07-10 00:40:58,5,4.03,,FR1,Poke,Left,46,25,43,,0
2022-07-10 00:41:11,5,4.03,,FR1,Poke,Left,46,26,43,,0
2022-07-10 00:41:24,5,4.03,,FR1,Poke,Left,47,26,43,,0
2022-07-10 00:41:28,5,4.03,1.0,FR1,Pellet,Left,47,26,44,3.13,0
2022-07-10 00:43:41,5,4.03,,FR1,Poke,Left,47,27,44,,0
2022-07-10 00:44:09,5,4.03,,FR1,Poke,Left,48,27,44,,0
2022-07-10 00:44:13,5,4.03,,FR1,Poke,Left,49,27,44,,0
2022-07-10 00:44:14,5,4.03,1.0,FR1,Pellet,Left,49,27,45,4.72,0
2022-07-10 00:47:24,5,4.03,,FR1,Poke,Left,49,28,45,,0
2022-07-10 00:47:31,5,4.03,,FR1,Poke,Left,50,28,45,,0
2022-07-10 00:47:39,5,4.03,,FR1,Poke,Left,51,28,45,,0
2022-07-10 00:47:52,5,4.03,1.0,FR1,Pellet,Left,51,28,46,19.67,0
2022-07-10 00:48:16,5,4.03,,FR1,Poke,Left,51,29,46,,0
2022-07-10 00:49:08,5,4.03,,FR1,Poke,Left,52,29,46,,0
2022-07-10 00:49:16,5,4.03,,FR1,Poke,Left,52,30,46,,0
2022-07-10 00:49:21,5,4.03,1.0,FR1,Pellet,Left,52,30,47,12.07,0
2022-07-10 00:56:36,5,4.03,,FR1,Poke,Left,53,30,47,,0
2022-07-10 00:56:42,5,4.03,1.0,FR1,Pellet,Left,53,30,48,5.22,0
2022-07-10 01:09:29,5,4.03,,FR1,Poke,Left,53,31,48,,0
2022-07-10 01:09:38,5,4.03,,FR1,Poke,Left,54,31,48,,0
2022-07-10 01:09:48,5,4.03,2.0,FR1,Pellet,Left,54,31,49,6.93,0
2022-07-10 01:32:26,5,4.03,,FR1,Poke,Left,54,32,49,,0
2022-07-10 01:32:29,5,4.03,,FR1,Poke,Left,54,33,49,,0
2022-07-10 01:32:36,5,4.03,,FR1,Poke,Left,55,33,49,,0
2022-07-10 01:32:38,5,4.03,1.0,FR1,Pellet,Left,55,33,50,1.87,0
2022-07-10 01:33:12,5,4.03,,FR1,Poke,Left,56,33,50,,0
2022-07-10 01:33:15,5,4.03,1.0,FR1,Pellet,Left,56,33,51,2.5,0
2022-07-10 01:35:26,5,4.03,,FR1,Poke,Left,57,33,51,,0
2022-07-10 01:35:31,5,4.03,1.0,FR1,Pellet,Left,57,33,52,3.26,0
2022-07-10 01:35:51,5,4.03,,FR1,Poke,Left,58,33,52,,0
2022-07-10 01:35:58,5,4.03,2.0,FR1,Pellet,Left,58,33,53,4.21,0
2022-07-10 01:37:09,5,4.03,,FR1,Poke,Left,59,33,53,,0
2022-07-10 01:37:11,5,4.03,,FR1,Poke,Left,60,33,53,,0
2022-07-10 01:37:21,5,4.03,1.0,FR1,Pellet,Left,60,33,54,11.84,0
2022-07-10 01:37:36,5,4.03,,FR1,Poke,Left,61,33,54,,0
2022-07-10 01:37:42,5,4.03,1.0,FR1,Pellet,Left,61,33,55,5.48,0
2022-07-10 01:39:45,5,4.03,,FR1,Poke,Left,62,33,55,,0
2022-07-10 01:39:56,5,4.03,,FR1,Poke,Left,62,34,55,,0
2022-07-10 01:39:57,5,4.03,,FR1,Poke,Left,62,35,55,,0
2022-07-10 01:40:00,5,4.03,,FR1,Poke,Left,62,36,55,,0
2022-07-10 01:40:01,5,4.03,2.0,FR1,Pellet,Left,62,36,56,14.66,0
2022-07-10 01:40:22,5,4.03,,FR1,Poke,Left,62,37,56,,0
2022-07-10 01:40:24,5,4.03,,FR1,Poke,Left,62,38,56,,0
2022-07-10 01:40:30,5,4.03,,FR1,Poke,Left,62,39,56,,0
2022-07-10 01:40:38,5,4.03,,FR1,Poke,Left,62,40,56,,0
2022-07-10 01:41:01,5,4.03,,FR1,Poke,Left,63,40,56,,0
2022-07-10 01:41:26,5,4.03,1.0,FR1,Pellet,Left,63,40,57,23.83,0
2022-07-10 01:42:43,5,4.03,,FR1,Poke,Left,63,41,57,,0
2022-07-10 03:15:50,5,4.03,,FR1,Poke,Left,64,41,57,,0
2022-07-10 03:15:53,5,4.03,1.0,FR1,Pellet,Left,64,41,58,1.49,0
2022-07-10 03:17:39,5,4.03,,FR1,Poke,Left,64,42,58,,0
2022-07-10 03:18:27,5,4.03,,FR1,Poke,Left,65,42,58,,0
2022-07-10 03:18:32,5,4.03,1.0,FR1,Pellet,Left,65,42,59,3.45,0
2022-07-10 03:20:01,5,4.03,,FR1,Poke,Left,65,43,59,,0
2022-07-10 03:20:05,5,4.03,,FR1,Poke,Left,65,44,59,,0
2022-07-10 03:20:29,5,4.03,,FR1,Poke,Left,65,45,59,,0
2022-07-10 03:20:43,5,4.02,,FR1,Poke,Left,66,45,59,,0
2022-07-10 03:20:46,5,4.03,1.0,FR1,Pellet,Left,66,45,60,2.25,0
2022-07-10 03:21:30,5,4.03,,FR1,Poke,Left,66,46,60,,0
2022-07-10 03:21:38,5,4.02,,FR1,Poke,Left,66,47,60,,0
2022-07-10 03:21:52,5,4.03,,FR1,Poke,Left,67,47,60,,0
2022-07-10 03:21:53,5,4.03,1.0,FR1,Pellet,Left,67,47,61,0.79,0
2022-07-10 03:22:08,5,4.02,,FR1,Poke,Left,68,47,61,,0
2022-07-10 03:22:13,5,4.03,2.0,FR1,Pellet,Left,68,47,62,3.77,0
2022-07-10 03:22:34,5,4.03,,FR1,Poke,Left,69,47,62,,0
2022-07-10 03:22:37,5,4.03,1.0,FR1,Pellet,Left,69,47,63,1.68,0
2022-07-10 03:23:10,5,4.03,,FR1,Poke,Left,70,47,63,,0
2022-07-10 03:23:14,5,4.03,1.0,FR1,Pellet,Left,70,47,64,3.26,0
2022-07-10 03:24:00,5,4.03,,FR1,Poke,Left,71,47,64,,0
2022-07-10 03:24:04,5,4.02,1.0,FR1,Pellet,Left,71,47,65,2.18,0
2022-07-10 03:25:49,5,4.03,,FR1,Poke,Left,72,47,65,,0
2022-07-10 03:25:51,5,4.03,2.0,FR1,Pellet,Left,72,47,66,0.92,0
2022-07-10 03:29:19,5,4.03,,FR1,Poke,Left,73,47,66,,0
2022-07-10 03:29:25,5,4.03,2.0,FR1,Pellet,Left,73,47,67,4.46,0
2022-07-10 03:34:18,5,4.03,,FR1,Poke,Left,74,47,67,,0
2022-07-10 03:34:26,5,4.03,2.0,FR1,Pellet,Left,74,47,68,6.24,0
2022-07-10 03:34:56,5,4.03,,FR1,Poke,Left,75,47,68,,0
2022-07-10 03:37:14,5,4.03,2.0,FR1,Pellet,Left,75,47,69,,0
2022-07-10 03:40:30,5,4.03,,FR1,Poke,Left,75,48,69,,0
2022-07-10 03:42:02,5,4.02,,FR1,Poke,Left,76,48,69,,0
2022-07-10 03:42:32,5,4.03,,FR1,Poke,Left,77,48,69,,0
2022-07-10 03:42:38,5,4.03,,FR1,Poke,Left,78,48,69,,0
2022-07-10 03:42:45,5,4.03,,FR1,Poke,Left,79,48,69,,0
2022-07-10 03:42:50,5,4.03,,FR1,Poke,Left,80,48,69,,0
2022-07-10 03:42:55,5,4.03,,FR1,Poke,Left,81,48,69,,0
2022-07-10 03:56:16,5,4.03,,FR1,Poke,Left,82,48,69,,0
2022-07-10 03:56:27,5,4.03,,FR1,Poke,Left,83,48,69,,0
2022-07-10 03:58:25,5,4.03,,FR1,Poke,Left,83,49,69,,0
2022-07-10 03:58:27,5,4.03,,FR1,Poke,Left,83,50,69,,0
2022-07-10 03:58:33,5,4.02,,FR1,Poke,Left,84,50,69,,0
2022-07-10 03:58:45,5,4.03,,FR1,Poke,Left,85,50,69,,0
2022-07-10 03:58:48,5,4.02,,FR1,Poke,Left,86,50,69,,0
2022-07-10 03:58:51,5,4.03,,FR1,Poke,Left,87,50,69,,0
2022-07-10 03:58:54,5,4.03,,FR1,Poke,Left,88,50,69,,0
2022-07-10 03:58:59,5,4.03,,FR1,Poke,Left,89,50,69,,0
2022-07-10 03:59:06,5,4.03,,FR1,Poke,Left,90,50,69,,0
2022-07-10 05:13:56,5,4.03,2.0,FR1,Pellet,Left,90,50,70,,0
2022-07-10 05:15:59,5,4.03,,FR1,Poke,Left,91,50,70,,0
2022-07-10 05:16:03,5,4.02,2.0,FR1,Pellet,Left,91,50,71,3.07,0
2022-07-10 05:18:36,5,4.03,,FR1,Poke,Left,92,50,71,,0
2022-07-10 05:18:44,5,4.02,1.0,FR1,Pellet,Left,92,50,72,6.62,0
2022-07-10 05:19:24,5,4.03,,FR1,Poke,Left,93,50,72,,0
2022-07-10 05:19:28,5,4.03,1.0,FR1,Pellet,Left,93,50,73,2.56,0
2022-07-10 05:20:04,5,4.03,,FR1,Poke,Left,94,50,73,,0
2022-07-10 05:20:06,5,4.03,1.0,FR1,Pellet,Left,94,50,74,1.68,0
2022-07-10 05:20:52,5,4.02,,FR1,Poke,Left,94,51,74,,0
2022-07-10 05:20:53,5,4.03,,FR1,Poke,Left,94,52,74,,0
2022-07-10 05:21:59,5,4.03,,FR1,Poke,Left,95,52,74,,0
2022-07-10 05:22:01,5,4.03,1.0,FR1,Pellet,Left,95,52,75,0.92,0
2022-07-10 05:22:36,5,4.03,,FR1,Poke,Left,96,52,75,,0
2022-07-10 05:22:41,5,4.03,2.0,FR1,Pellet,Left,96,52,76,1.17,0
2022-07-10 05:23:03,5,4.03,,FR1,Poke,Left,97,52,76,,0
2022-07-10 05:23:06,5,4.03,1.0,FR1,Pellet,Left,97,52,77,2.82,0
2022-07-10 05:23:51,5,4.03,,FR1,Poke,Left,98,52,77,,0
2022-07-10 05:23:54,5,4.03,1.0,FR1,Pellet,Left,98,52,78,1.61,0
2022-07-10 05:24:17,5,4.03,,FR1,Poke,Left,99,52,78,,0
2022-07-10 05:24:21,5,4.02,3.0,FR1,Pellet,Left,99,52,79,0.16,0
2022-07-10 05:24:38,5,4.03,,FR1,Poke,Left,100,52,79,,0
2022-07-10 05:24:47,5,4.02,1.0,FR1,Pellet,Left,100,52,80,7.7,0
2022-07-10 05:25:06,5,4.03,,FR1,Poke,Left,101,52,80,,0
2022-07-10 05:25:08,5,4.03,2.0,FR1,Pellet,Left,101,52,81,0.16,0
2022-07-10 05:27:09,5,4.03,,FR1,Poke,Left,102,52,81,,0
2022-07-10 05:46:09,5,4.03,1.0,FR1,Pellet,Left,102,52,82,,0
2022-07-10 05:48:41,5,4.03,,FR1,Poke,Left,103,52,82,,0
2022-07-10 05:53:08,5,4.02,1.0,FR1,Pellet,Left,103,52,83,,0
2022-07-10 05:53:43,5,4.03,,FR1,Poke,Left,104,52,83,,0
2022-07-10 05:54:01,5,4.02,,FR1,Poke,Left,105,52,83,,0
2022-07-10 05:54:06,5,4.03,1.0,FR1,Pellet,Left,105,52,84,21.29,0
2022-07-10 05:54:20,5,4.02,,FR1,Poke,Left,106,52,84,,0
2022-07-10 05:54:23,5,4.03,1.0,FR1,Pellet,Left,106,52,85,2.37,0
2022-07-10 05:54:57,5,4.02,,FR1,Poke,Left,107,52,85,,0
2022-07-10 05:55:05,5,4.03,,FR1,Poke,Left,108,52,85,,0
2022-07-10 05:55:13,5,4.02,,FR1,Poke,Left,109,52,85,,0
2022-07-10 05:55:58,5,4.02,,FR1,Poke,Left,109,53,85,,0
2022-07-10 05:56:01,5,4.02,,FR1,Poke,Left,109,54,85,,0
2022-07-10 05:56:04,5,4.02,,FR1,Poke,Left,109,55,85,,0
2022-07-10 05:56:48,5,4.02,1.0,FR1,Pellet,Left,109,55,86,,0
2022-07-10 06:16:30,5,4.03,,FR1,Poke,Left,109,56,86,,0
2022-07-10 06:16:44,5,4.03,,FR1,Poke,Left,109,57,86,,0
2022-07-10 06:16:49,5,4.03,,FR1,Poke,Left,109,58,86,,0
2022-07-10 06:17:26,5,4.02,,FR1,Poke,Left,110,58,86,,0
2022-07-10 06:27:05,5,4.03,,FR1,Poke,Left,110,59,86,,0
2022-07-10 06:27:20,5,4.02,,FR1,Poke,Left,111,59,86,,0
2022-07-10 06:27:23,5,4.03,,FR1,Poke,Left,112,59,86,,0
2022-07-10 06:27:27,5,4.02,,FR1,Poke,Left,113,59,86,,0
2022-07-10 08:43:31,5,4.02,1.0,FR1,Pellet,Left,113,59,87,,0
2022-07-10 08:45:36,5,4.02,,FR1,Poke,Left,113,60,87,,0
2022-07-10 08:46:11,5,4.02,,FR1,Poke,Left,113,61,87,,0
2022-07-10 08:46:36,5,4.02,,FR1,Poke,Left,114,61,87,,0
2022-07-10 08:46:38,5,4.02,1.0,FR1,Pellet,Left,114,61,88,1.61,0
2022-07-10 08:47:26,5,4.02,,FR1,Poke,Left,115,61,88,,0
2022-07-10 08:47:28,5,4.02,1.0,FR1,Pellet,Left,115,61,89,1.87,0
2022-07-10 08:48:08,5,4.02,,FR1,Poke,Left,116,61,89,,0
2022-07-10 08:48:10,5,4.03,1.0,FR1,Pellet,Left,116,61,90,1.17,0
2022-07-10 08:48:50,5,4.02,,FR1,Poke,Left,117,61,90,,0
2022-07-10 08:48:52,5,4.02,2.0,FR1,Pellet,Left,117,61,91,1.55,0
2022-07-10 08:49:12,5,4.02,,FR1,Poke,Left,118,61,91,,0
2022-07-10 08:49:18,5,4.02,,FR1,Poke,Left,119,61,91,,0
2022-07-10 08:49:25,5,4.02,3.0,FR1,Pellet,Left,119,61,92,8.63,0
2022-07-10 08:50:33,5,4.01,,FR1,Poke,Left,119,62,92,,0
2022-07-10 08:50:35,5,4.02,,FR1,Poke,Left,119,63,92,,0
2022-07-10 08:50:38,5,4.02,,FR1,Poke,Left,119,64,92,,0
2022-07-10 08:52:10,5,4.02,,FR1,Poke,Left,120,64,92,,0
2022-07-10 08:52:15,5,4.02,,FR1,Poke,Left,121,64,92,,0
2022-07-10 08:52:20,5,4.02,,FR1,Poke,Left,122,64,92,,0
2022-07-10 08:52:23,5,4.02,1.0,FR1,Pellet,Left,122,64,93,12.16,0
2022-07-10 08:52:43,5,4.02,,FR1,Poke,Left,123,64,93,,0
2022-07-10 08:52:44,5,4.02,1.0,FR1,Pellet,Left,123,64,94,0.16,0
2022-07-10 09:14:13,5,4.02,,FR1,Poke,Left,124,64,94,,0
2022-07-10 09:14:16,5,4.02,1.0,FR1,Pellet,Left,124,64,95,1.99,0
2022-07-10 09:15:31,5,4.02,,FR1,Poke,Left,125,64,95,,0
2022-07-10 09:15:37,5,4.02,3.0,FR1,Pellet,Left,125,64,96,0.92,0
2022-07-10 11:38:57,5,4.02,,FR1,Poke,Left,126,64,96,,0
2022-07-10 11:39:03,5,4.02,,FR1,Poke,Left,127,64,96,,0
2022-07-10 11:39:06,5,4.02,1.0,FR1,Pellet,Left,127,64,97,7.94,0
2022-07-10 11:39:59,5,4.02,,FR1,Poke,Left,128,64,97,,0
2022-07-10 11:40:01,5,4.02,1.0,FR1,Pellet,Left,128,64,98,1.23,0
2022-07-10 11:42:11,5,4.02,,FR1,Poke,Left,129,64,98,,0
2022-07-10 11:42:36,5,4.02,1.0,FR1,Pellet,Left,129,64,99,24.41,0
2022-07-10 11:43:03,5,4.02,,FR1,Poke,Left,130,64,99,,0
2022-07-10 11:43:05,5,4.02,1.0,FR1,Pellet,Left,130,64,100,1.04,0
2022-07-10 11:43:33,5,4.02,,FR1,Poke,Left,130,65,100,,0
2022-07-10 11:43:42,5,4.02,,FR1,Poke,Left,131,65,100,,0
2022-07-10 11:43:47,5,4.02,2.0,FR1,Pellet,Left,131,65,101,2.63,0
2022-07-10 11:45:18,5,4.02,,FR1,Poke,Left,132,65,101,,0
2022-07-10 11:45:22,5,4.02,1.0,FR1,Pellet,Left,132,65,102,2.37,0
2022-07-10 11:46:09,5,4.02,,FR1,Poke,Left,133,65,102,,0
2022-07-10 11:46:11,5,4.02,1.0,FR1,Pellet,Left,133,65,103,1.42,0
2022-07-10 12:01:54,5,4.02,,FR1,Poke,Left,133,66,103,,0
2022-07-10 15:45:46,5,4.01,,FR1,Poke,Left,134,66,103,,0
2022-07-10 15:45:48,5,4.01,1.0,FR1,Pellet,Left,134,66,104,1.49,0
2022-07-10 15:46:34,5,4.01,,FR1,Poke,Left,135,66,104,,0
2022-07-10 15:46:36,5,4.01,1.0,FR1,Pellet,Left,135,66,105,1.11,0
2022-07-10 15:47:19,5,4.01,,FR1,Poke,Left,135,67,105,,0
2022-07-10 15:48:27,5,4.01,,FR1,Poke,Left,136,67,105,,0
2022-07-10 15:48:29,5,4.01,1.0,FR1,Pellet,Left,136,67,106,1.04,0
2022-07-10 15:48:48,5,4.0,,FR1,Poke,Left,137,67,106,,0
2022-07-10 15:48:51,5,4.01,1.0,FR1,Pellet,Left,137,67,107,2.12,0
2022-07-10 15:49:35,5,4.01,,FR1,Poke,Left,138,67,107,,0
2022-07-10 15:49:36,5,4.01,1.0,FR1,Pellet,Left,138,67,108,0.73,0
2022-07-10 15:59:43,5,4.01,,FR1,Poke,Left,138,68,108,,0
2022-07-10 17:40:43,5,4.0,,FR1,Poke,Left,139,68,108,,0
2022-07-10 17:40:46,5,4.0,1.0,FR1,Pellet,Left,139,68,109,2.18,0
2022-07-10 17:41:37,5,4.01,,FR1,Poke,Left,139,69,109,,0
2022-07-10 17:41:44,5,4.0,,FR1,Poke,Left,140,69,109,,0
2022-07-10 17:41:47,5,4.0,1.0,FR1,Pellet,Left,140,69,110,1.99,0
2022-07-10 17:42:22,5,4.0,,FR1,Poke,Left,140,70,110,,0
2022-07-10 17:43:32,5,4.01,,FR1,Poke,Left,141,70,110,,0
2022-07-10 17:43:34,5,4.0,1.0,FR1,Pellet,Left,141,70,111,1.17,0
2022-07-10 17:44:37,5,4.0,,FR1,Poke,Left,142,70,111,,0
2022-07-10 17:44:39,5,4.0,1.0,FR1,Pellet,Left,142,70,112,0.98,0
2022-07-10 17:45:21,5,4.0,,FR1,Poke,Left,142,71,112,,0
2022-07-10 17:45:24,5,4.0,,FR1,Poke,Left,143,71,112,,0
2022-07-10 17:45:26,5,4.0,,FR1,Poke,Left,144,71,112,,0
2022-07-10 17:45:28,5,4.0,1.0,FR1,Pellet,Left,144,71,113,2.59,0
2022-07-10 17:46:07,5,4.0,,FR1,Poke,Left,145,71,113,,0
2022-07-10 17:46:09,5,4.0,,FR1,Poke,Left,146,71,113,,0
2022-07-10 17:46:11,5,4.0,1.0,FR1,Pellet,Left,146,71,114,2.87,0
2022-07-10 17:46:48,5,4.0,,FR1,Poke,Left,147,71,114,,0
2022-07-10 17:46:50,5,4.01,1.0,FR1,Pellet,Left,147,71,115,0.98,0
2022-07-10 17:48:00,5,4.0,,FR1,Poke,Left,148,71,115,,0
2022-07-10 17:48:02,5,4.0,1.0,FR1,Pellet,Left,148,71,116,0.73,0
2022-07-10 17:48:20,5,4.0,,FR1,Poke,Left,149,71,116,,0
2022-07-10 17:48:22,5,4.0,1.0,FR1,Pellet,Left,149,71,117,0.85,0
2022-07-10 19:38:08,5,4.0,,FR1,Poke,Left,150,71,117,,0
2022-07-10 19:38:11,5,4.0,1.0,FR1,Pellet,Left,150,71,118,1.36,0
2022-07-10 19:38:43,5,4.0,,FR1,Poke,Left,151,71,118,,0
2022-07-10 19:38:45,5,4.0,1.0,FR1,Pellet,Left,151,71,119,0.66,0
2022-07-10 19:38:59,5,4.0,,FR1,Poke,Left,152,71,119,,0
2022-07-10 19:39:01,5,4.0,1.0,FR1,Pellet,Left,152,71,120,0.79,0
2022-07-10 19:39:21,5,4.0,,FR1,Poke,Left,153,71,120,,0
2022-07-10 19:39:23,5,4.0,1.0,FR1,Pellet,Left,153,71,121,0.73,0
2022-07-10 19:39:51,5,4.0,,FR1,Poke,Left,154,71,121,,0
2022-07-10 19:39:53,5,4.0,1.0,FR1,Pellet,Left,154,71,122,1.67,0
2022-07-10 19:40:18,5,4.0,,FR1,Poke,Left,155,71,122,,0
2022-07-10 19:40:20,5,4.0,1.0,FR1,Pellet,Left,155,71,123,0.73,0
2022-07-10 19:43:47,5,4.0,,FR1,Poke,Left,155,72,123,,0
2022-07-10 19:44:45,5,4.0,,FR1,Poke,Left,156,72,123,,0
2022-07-10 19:44:47,5,4.0,1.0,FR1,Pellet,Left,156,72,124,0.6,0
2022-07-10 19:45:53,5,4.0,,FR1,Poke,Left,157,72,124,,0
2022-07-10 19:45:55,5,4.0,1.0,FR1,Pellet,Left,157,72,125,0.92,0
2022-07-10 19:46:12,5,4.0,,FR1,Poke,Left,158,72,125,,0
2022-07-10 19:46:14,5,4.0,1.0,FR1,Pellet,Left,158,72,126,0.79,0
2022-07-10 19:46:47,5,4.0,,FR1,Poke,Left,158,73,126,,0
2022-07-10 19:46:54,5,4.0,,FR1,Poke,Left,158,74,126,,0
2022-07-10 19:47:02,5,4.0,,FR1,Poke,Left,159,74,126,,0
2022-07-10 19:47:06,5,4.0,1.0,FR1,Pellet,Left,159,74,127,3.07,0
2022-07-10 19:47:27,5,4.0,,FR1,Poke,Left,160,74,127,,0
2022-07-10 19:47:31,5,4.0,2.0,FR1,Pellet,Left,160,74,128,0.6,0
2022-07-10 19:47:48,5,4.0,,FR1,Poke,Left,161,74,128,,0
2022-07-10 19:47:52,5,4.0,,FR1,Poke,Left,162,74,128,,0
2022-07-10 19:47:53,5,4.0,1.0,FR1,Pellet,Left,162,74,129,4.25,0
2022-07-10 20:51:54,5,4.0,,FR1_2s_delay,Poke,Left,162,75,129,,1
2022-07-10 20:51:57,5,4.0,,FR1_2s_delay,Poke,Left,162,76,129,,1
2022-07-10 20:51:59,5,4.0,,FR1_2s_delay,Poke,Left,163,76,129,,1
2022-07-10 20:52:35,5,4.0,,FR1_2s_delay,Poke,Left,164,76,129,,1
2022-07-10 20:53:50,5,4.0,1.0,FR1_2s_delay,Pellet,Left,164,76,130,,1
2022-07-10 21:00:28,5,4.0,,FR1_2s_delay,Poke,Left,164,77,130,,1
2022-07-10 21:01:18,5,4.0,,FR1_2s_delay,Poke,Left,165,77,130,,1
2022-07-10 21:01:32,5,4.0,4.0,FR1_2s_delay,Pellet,Left,165,77,131,6.93,1
2022-07-10 21:22:52,5,4.0,,FR1_2s_delay,Poke,Left,166,77,131,,1
2022-07-10 21:22:56,5,4.0,2.0,FR1_2s_delay,Pellet,Left,166,77,132,0.85,1
2022-07-10 21:34:12,5,4.0,,FR1_2s_delay,Poke,Left,167,77,132,,1
2022-07-10 21:34:17,5,4.0,2.0,FR1_2s_delay,Pellet,Left,167,77,133,1.23,1
2022-07-10 21:35:16,5,4.0,,FR1_2s_delay,Poke,Left,168,77,133,,1
2022-07-10 21:35:20,5,3.98,,FR1_2s_delay,Poke,Left,169,77,133,,1
2022-07-10 21:35:21,5,4.0,1.0,FR1_2s_delay,Pellet,Left,169,77,134,2.16,1
2022-07-10 21:35:45,5,4.0,,FR1_2s_delay,Poke,Left,170,77,134,,1
2022-07-10 21:35:51,5,4.0,1.0,FR1_2s_delay,Pellet,Left,170,77,135,2.63,1
2022-07-10 21:40:53,5,4.0,,FR1_2s_delay,Poke,Left,171,77,135,,1
2022-07-10 21:40:57,5,4.0,1.0,FR1_2s_delay,Pellet,Left,171,77,136,1.17,1
2022-07-10 21:41:18,5,4.0,,FR1_2s_delay,Poke,Left,172,77,136,,1
2022-07-10 21:41:26,5,4.0,1.0,FR1_2s_delay,Pellet,Left,172,77,137,5.8,1
2022-07-10 21:58:52,5,4.0,,FR1_2s_delay,Poke,Left,173,77,137,,1
2022-07-10 21:58:57,5,4.0,1.0,FR1_2s_delay,Pellet,Left,173,77,138,2.44,1
2022-07-10 21:59:14,5,4.0,,FR1_2s_delay,Poke,Left,174,77,138,,1
2022-07-10 21:59:17,5,4.0,1.0,FR1_2s_delay,Pellet,Left,174,77,139,0.6,1
2022-07-10 21:59:42,5,4.0,,FR1_2s_delay,Poke,Left,175,77,139,,1
2022-07-10 21:59:45,5,4.0,1.0,FR1_2s_delay,Pellet,Left,175,77,140,0.54,1
2022-07-10 22:00:07,5,3.99,,FR1_2s_delay,Poke,Left,176,77,140,,1
2022-07-10 22:00:11,5,4.0,1.0,FR1_2s_delay,Pellet,Left,176,77,141,0.92,1
2022-07-10 22:00:21,5,4.0,,FR1_2s_delay,Poke,Left,177,77,141,,1
2022-07-10 22:00:30,5,4.0,3.0,FR1_2s_delay,Pellet,Left,177,77,142,1.42,1
2022-07-10 22:01:12,5,4.0,,FR1_2s_delay,Poke,Left,178,77,142,,1
2022-07-10 22:01:16,5,4.0,1.0,FR1_2s_delay,Pellet,Left,178,77,143,0.98,1
2022-07-10 22:01:33,5,4.0,,FR1_2s_delay,Poke,Left,179,77,143,,1
2022-07-10 22:01:54,5,4.0,1.0,FR1_2s_delay,Pellet,Left,179,77,144,17.74,1
2022-07-10 22:17:03,5,4.0,,FR1_2s_delay,Poke,Left,180,77,144,,1
2022-07-10 22:17:08,5,4.0,1.0,FR1_2s_delay,Pellet,Left,180,77,145,1.68,1
2022-07-10 22:20:45,5,4.0,,FR1_2s_delay,Poke,Left,181,77,145,,1
2022-07-10 22:20:50,5,4.0,1.0,FR1_2s_delay,Pellet,Left,181,77,146,1.8,1
2022-07-10 22:21:29,5,3.99,,FR1_2s_delay,Poke,Left,182,77,146,,1
2022-07-10 22:21:34,5,4.0,1.0,FR1_2s_delay,Pellet,Left,182,77,147,1.99,1
2022-07-10 22:27:58,5,4.0,,FR1_2s_delay,Poke,Left,183,77,147,,1
2022-07-10 22:28:07,5,4.0,3.0,FR1_2s_delay,Pellet,Left,183,77,148,3.71,1
2022-07-10 22:28:33,5,4.0,,FR1_2s_delay,Poke,Left,183,78,148,,1
2022-07-10 22:29:23,5,4.0,,FR1_2s_delay,Poke,Left,183,79,148,,1
2022-07-10 22:29:29,5,4.0,,FR1_2s_delay,Poke,Left,184,79,148,,1
2022-07-10 22:30:11,5,4.0,2.0,FR1_2s_delay,Pellet,Left,184,79,149,38.98,1
2022-07-10 22:45:14,5,4.0,,FR1_2s_delay,Poke,Left,185,79,149,,1
2022-07-10 22:45:18,5,4.0,2.0,FR1_2s_delay,Pellet,Left,185,79,150,0.41,1
2022-07-10 22:45:53,5,3.99,,FR1_2s_delay,Poke,Left,186,79,150,,1
2022-07-10 22:46:04,5,4.0,4.0,FR1_2s_delay,Pellet,Left,186,79,151,1.8,1
2022-07-10 22:46:28,5,3.99,,FR1_2s_delay,Poke,Left,187,79,151,,1
2022-07-10 22:46:32,5,4.0,,FR1_2s_delay,Poke,Left,188,79,151,,1
2022-07-10 22:46:33,5,3.99,,FR1_2s_delay,Poke,Left,189,79,151,,1
2022-07-10 22:46:36,5,4.0,1.0,FR1_2s_delay,Pellet,Left,189,79,152,4.9,1
2022-07-10 22:47:19,5,4.0,,FR1_2s_delay,Poke,Left,189,80,152,,1
2022-07-10 22:48:22,5,3.99,,FR1_2s_delay,Poke,Left,189,81,152,,1
2022-07-10 22:48:24,5,4.0,,FR1_2s_delay,Poke,Left,189,82,152,,1
2022-07-10 22:48:28,5,4.0,,FR1_2s_delay,Poke,Left,189,83,152,,1
2022-07-10 22:48:40,5,4.0,,FR1_2s_delay,Poke,Left,189,84,152,,1
2022-07-10 22:48:45,5,3.99,,FR1_2s_delay,Poke,Left,189,85,152,,1
2022-07-10 22:49:14,5,4.0,,FR1_2s_delay,Poke,Left,190,85,152,,1
2022-07-10 22:50:05,5,4.0,1.0,FR1_2s_delay,Pellet,Left,190,85,153,48.66,1
2022-07-10 22:56:39,5,4.0,,FR1_2s_delay,Poke,Left,191,85,153,,1
2022-07-10 22:56:43,5,4.0,,FR1_2s_delay,Poke,Left,192,85,153,,1
2022-07-10 23:03:42,5,4.0,,FR1_2s_delay,Poke,Left,193,85,153,,1
2022-07-10 23:04:08,5,4.0,,FR1_2s_delay,Poke,Left,194,85,153,,1
2022-07-10 23:04:13,5,3.99,,FR1_2s_delay,Poke,Left,195,85,153,,1
2022-07-10 23:04:16,5,4.0,,FR1_2s_delay,Poke,Left,196,85,153,,1
2022-07-10 23:04:20,5,3.99,,FR1_2s_delay,Poke,Left,197,85,153,,1
2022-07-10 23:08:19,5,3.99,1.0,FR1_2s_delay,Pellet,Left,197,85,154,,1
2022-07-10 23:32:12,5,4.0,,FR1_2s_delay,Poke,Left,198,85,154,,1
2022-07-10 23:32:16,5,4.0,1.0,FR1_2s_delay,Pellet,Left,198,85,155,1.23,1
2022-07-10 23:34:46,5,3.99,,FR1_2s_delay,Poke,Left,199,85,155,,1
2022-07-10 23:34:55,5,3.99,2.0,FR1_2s_delay,Pellet,Left,199,85,156,4.66,1
2022-07-10 23:35:31,5,4.0,,FR1_2s_delay,Poke,Left,200,85,156,,1
2022-07-10 23:35:37,5,3.99,2.0,FR1_2s_delay,Pellet,Left,200,85,157,1.04,1
2022-07-10 23:46:08,5,3.99,,FR1_2s_delay,Poke,Left,201,85,157,,1
2022-07-10 23:46:13,5,4.0,1.0,FR1_2s_delay,Pellet,Left,201,85,158,2.31,1
2022-07-10 23:46:44,5,4.0,,FR1_2s_delay,Poke,Left,202,85,158,,1
2022-07-10 23:46:50,5,4.0,,FR1_2s_delay,Poke,Left,203,85,158,,1
2022-07-10 23:46:52,5,3.99,2.0,FR1_2s_delay,Pellet,Left,203,85,159,3.28,1
2022-07-10 23:47:09,5,3.99,,FR1_2s_delay,Poke,Left,204,85,159,,1
2022-07-10 23:47:17,5,3.99,,FR1_2s_delay,Poke,Left,205,85,159,,1
2022-07-10 23:47:17,5,3.99,2.0,FR1_2s_delay,Pellet,Left,205,85,160,3.02,1
2022-07-10 23:54:00,5,3.99,,FR1_2s_delay,Poke,Left,206,85,160,,1
2022-07-10 23:54:06,5,3.99,,FR1_2s_delay,Poke,Left,206,86,160,,1
2022-07-10 23:54:12,5,3.99,2.0,FR1_2s_delay,Pellet,Left,206,86,161,7.34,1
2022-07-10 23:54:32,5,4.0,,FR1_2s_delay,Poke,Left,207,86,161,,1
2022-07-10 23:54:47,5,3.99,1.0,FR1_2s_delay,Pellet,Left,207,86,162,12.41,1
2022-07-10 23:55:40,5,3.99,,FR1_2s_delay,Poke,Left,207,87,162,,1
2022-07-10 23:55:44,5,3.99,,FR1_2s_delay,Poke,Left,207,88,162,,1
2022-07-11 00:01:03,5,4.0,,FR1_2s_delay,Poke,Left,208,88,162,,1
2022-07-11 00:03:37,5,3.99,1.0,FR1_2s_delay,Pellet,Left,208,88,163,,1
2022-07-11 00:04:06,5,4.0,,FR1_2s_delay,Poke,Left,209,88,163,,1
2022-07-11 00:07:46,5,3.99,,FR1_2s_delay,Poke,Left,209,89,163,,1
2022-07-11 00:07:57,5,3.99,,FR1_2s_delay,Poke,Left,210,89,163,,1
2022-07-11 00:08:03,5,3.99,,FR1_2s_delay,Poke,Left,211,89,163,,1
2022-07-11 00:08:06,5,3.99,,FR1_2s_delay,Poke,Left,212,89,163,,1
2022-07-11 00:08:11,5,3.99,,FR1_2s_delay,Poke,Left,213,89,163,,1
2022-07-11 00:09:12,5,3.99,2.0,FR1_2s_delay,Pellet,Left,213,89,164,,1
2022-07-11 00:11:47,5,3.99,,FR1_2s_delay,Poke,Left,214,89,164,,1
2022-07-11 00:11:54,5,3.99,,FR1_2s_delay,Poke,Left,215,89,164,,1
2022-07-11 00:11:56,5,3.99,2.0,FR1_2s_delay,Pellet,Left,215,89,165,3.81,1
2022-07-11 00:12:17,5,3.99,,FR1_2s_delay,Poke,Left,216,89,165,,1
2022-07-11 00:12:24,5,3.99,2.0,FR1_2s_delay,Pellet,Left,216,89,166,1.87,1
2022-07-11 00:12:36,5,3.99,,FR1_2s_delay,Poke,Left,216,90,166,,1
2022-07-11 00:12:43,5,3.99,,FR1_2s_delay,Poke,Left,217,90,166,,1
2022-07-11 00:12:49,5,3.99,1.0,FR1_2s_delay,Pellet,Left,217,90,167,3.71,1
2022-07-11 00:13:49,5,4.0,,FR1_2s_delay,Poke,Left,217,91,167,,1
2022-07-11 00:13:53,5,3.99,,FR1_2s_delay,Poke,Left,217,92,167,,1
2022-07-11 00:22:53,5,3.99,,FR1_2s_delay,Poke,Left,217,93,167,,1
2022-07-11 00:23:45,5,3.99,,FR1_2s_delay,Poke,Left,218,93,167,,1
2022-07-11 00:23:52,5,3.99,1.0,FR1_2s_delay,Pellet,Left,218,93,168,4.22,1
2022-07-11 00:24:09,5,3.98,,FR1_2s_delay,Poke,Left,219,93,168,,1
2022-07-11 00:24:23,5,4.0,3.0,FR1_2s_delay,Pellet,Left,219,93,169,6.88,1
2022-07-11 00:24:52,5,3.99,,FR1_2s_delay,Poke,Left,219,94,169,,1
2022-07-11 00:24:56,5,3.99,,FR1_2s_delay,Poke,Left,219,95,169,,1
2022-07-11 00:25:05,5,4.0,,FR1_2s_delay,Poke,Left,220,95,169,,1
2022-07-11 00:28:15,5,3.99,,FR1_2s_delay,Poke,Left,220,96,169,,1
2022-07-11 00:28:20,5,4.0,,FR1_2s_delay,Poke,Left,220,97,169,,1
2022-07-11 00:30:02,5,3.98,,FR1_2s_delay,Poke,Left,220,98,169,,1
2022-07-11 00:31:04,5,3.99,,FR1_2s_delay,Poke,Left,221,98,169,,1
2022-07-11 00:31:20,5,3.99,,FR1_2s_delay,Poke,Left,221,99,169,,1
2022-07-11 00:31:25,5,3.99,,FR1_2s_delay,Poke,Left,222,99,169,,1
2022-07-11 00:31:28,5,3.99,,FR1_2s_delay,Poke,Left,223,99,169,,1
2022-07-11 00:33:36,5,3.99,,FR1_2s_delay,Poke,Left,224,99,169,,1
2022-07-11 00:33:38,5,3.99,,FR1_2s_delay,Poke,Left,225,99,169,,1
2022-07-11 00:33:45,5,3.99,,FR1_2s_delay,Poke,Left,226,99,169,,1
2022-07-11 00:33:52,5,3.99,,FR1_2s_delay,Poke,Left,227,99,169,,1
2022-07-11 00:34:08,5,4.0,,FR1_2s_delay,Poke,Left,228,99,169,,1
2022-07-11 00:34:19,5,3.99,1.0,FR1_2s_delay,Pellet,Left,228,99,170,,1
2022-07-11 00:34:39,5,3.99,,FR1_2s_delay,Poke,Left,229,99,170,,1
2022-07-11 00:34:42,5,3.99,1.0,FR1_2s_delay,Pellet,Left,229,99,171,0.92,1
2022-07-11 00:54:34,5,3.99,,FR1_2s_delay,Poke,Left,230,99,171,,1
2022-07-11 00:54:41,5,3.99,1.0,FR1_2s_delay,Pellet,Left,230,99,172,3.96,1
2022-07-11 00:55:28,5,3.99,,FR1_2s_delay,Poke,Left,231,99,172,,1
2022-07-11 00:55:33,5,3.99,1.0,FR1_2s_delay,Pellet,Left,231,99,173,2.25,1
2022-07-11 00:58:00,5,3.99,,FR1_2s_delay,Poke,Left,232,99,173,,1
2022-07-11 01:00:57,5,3.99,,FR1_2s_delay,Poke,Left,232,100,173,,1
2022-07-11 01:01:19,5,3.99,,FR1_2s_delay,Poke,Left,233,100,173,,1
2022-07-11 01:03:12,5,3.99,,FR1_2s_delay,Poke,Left,234,100,173,,1
2022-07-11 01:03:14,5,3.99,,FR1_2s_delay,Poke,Left,235,100,173,,1
2022-07-11 01:03:18,5,3.99,,FR1_2s_delay,Poke,Left,236,100,173,,1
2022-07-11 01:03:20,5,3.98,,FR1_2s_delay,Poke,Left,237,100,173,,1
2022-07-11 01:03:22,5,3.98,,FR1_2s_delay,Poke,Left,238,100,173,,1
2022-07-11 01:03:36,5,3.99,1.0,FR1_2s_delay,Pellet,Left,238,100,174,,1
2022-07-11 01:21:37,5,3.99,,FR1_2s_delay,Poke,Left,238,101,174,,1
2022-07-11 01:21:51,5,3.99,,FR1_2s_delay,Poke,Left,238,102,174,,1
2022-07-11 01:33:04,5,3.99,,FR1_2s_delay,Poke,Left,238,103,174,,1
2022-07-11 01:37:41,5,3.99,,FR1_2s_delay,Poke,Left,239,103,174,,1
2022-07-11 01:37:45,5,3.98,1.0,FR1_2s_delay,Pellet,Left,239,103,175,1.17,1
2022-07-11 01:38:03,5,3.99,,FR1_2s_delay,Poke,Left,240,103,175,,1
2022-07-11 01:38:08,5,3.99,1.0,FR1_2s_delay,Pellet,Left,240,103,176,2.44,1
2022-07-11 01:38:29,5,3.99,,FR1_2s_delay,Poke,Left,241,103,176,,1
2022-07-11 01:38:46,5,3.99,,FR1_2s_delay,Poke,Left,242,103,176,,1
2022-07-11 01:54:07,5,4.0,1.0,FR1_2s_delay,Pellet,Left,242,103,177,,1
2022-07-11 02:00:05,5,3.99,,FR1_2s_delay,Poke,Left,242,104,177,,1
2022-07-11 02:00:28,5,3.99,,FR1_2s_delay,Poke,Left,242,105,177,,1
2022-07-11 02:09:59,5,3.97,,FR1_2s_delay,Poke,Left,243,105,177,,1
2022-07-11 02:10:05,5,3.99,,FR1_2s_delay,Poke,Left,244,105,177,,1
2022-07-11 02:10:07,5,3.98,3.0,FR1_2s_delay,Pellet,Left,244,105,178,2.45,1
2022-07-11 02:10:29,5,3.99,,FR1_2s_delay,Poke,Left,245,105,178,,1
2022-07-11 02:21:50,5,3.99,,FR1_2s_delay,Poke,Left,245,106,178,,1
2022-07-11 02:21:54,5,3.98,,FR1_2s_delay,Poke,Left,245,107,178,,1
2022-07-11 02:21:56,5,3.98,,FR1_2s_delay,Poke,Left,245,108,178,,1
2022-07-11 02:21:57,5,3.99,,FR1_2s_delay,Poke,Left,245,109,178,,1
2022-07-11 02:22:16,5,3.98,,FR1_2s_delay,Poke,Left,246,109,178,,1
2022-07-11 02:22:20,5,3.99,,FR1_2s_delay,Poke,Left,247,109,178,,1
2022-07-11 02:22:24,5,3.98,,FR1_2s_delay,Poke,Left,248,109,178,,1
2022-07-11 02:22:26,5,3.98,,FR1_2s_delay,Poke,Left,249,109,178,,1
2022-07-11 02:30:40,5,3.98,,FR1_2s_delay,Poke,Left,250,109,178,,1
2022-07-11 02:33:27,5,3.98,,FR1_2s_delay,Poke,Left,251,109,178,,1
2022-07-11 02:33:31,5,3.98,,FR1_2s_delay,Poke,Left,252,109,178,,1
2022-07-11 02:33:34,5,3.99,,FR1_2s_delay,Poke,Left,253,109,178,,1
2022-07-11 02:33:37,5,3.98,,FR1_2s_delay,Poke,Left,254,109,178,,1
2022-07-11 02:34:26,5,3.98,,FR1_2s_delay,Poke,Left,254,110,178,,1
2022-07-11 02:34:30,5,3.99,2.0,FR1_2s_delay,Pellet,Left,254,110,179,,1
2022-07-11 02:34:45,5,3.99,,FR1_2s_delay,Poke,Left,255,110,179,,1
2022-07-11 02:34:49,5,3.99,2.0,FR1_2s_delay,Pellet,Left,255,110,180,0.54,1
2022-07-11 02:36:13,5,3.98,,FR1_2s_delay,Poke,Left,256,110,180,,1
2022-07-11 02:36:17,5,3.98,1.0,FR1_2s_delay,Pellet,Left,256,110,181,0.98,1
2022-07-11 02:36:38,5,3.99,,FR1_2s_delay,Poke,Left,257,110,181,,1
2022-07-11 02:36:56,5,3.98,,FR1_2s_delay,Poke,Left,257,111,181,,1
2022-07-11 02:39:28,5,3.98,2.0,FR1_2s_delay,Pellet,Left,257,111,182,,1
2022-07-11 02:43:46,5,3.98,,FR1_2s_delay,Poke,Left,258,111,182,,1
2022-07-11 02:43:52,5,3.98,1.0,FR1_2s_delay,Pellet,Left,258,111,183,3.14,1
2022-07-11 02:48:30,5,3.98,,FR1_2s_delay,Poke,Left,259,111,183,,1
2022-07-11 03:00:05,5,3.98,,FR1_2s_delay,Poke,Left,259,112,183,,1
2022-07-11 03:00:07,5,3.99,,FR1_2s_delay,Poke,Left,259,113,183,,1
2022-07-11 03:00:12,5,3.99,,FR1_2s_delay,Poke,Left,260,113,183,,1
2022-07-11 03:00:13,5,3.98,,FR1_2s_delay,Poke,Left,261,113,183,,1
2022-07-11 03:00:15,5,3.98,,FR1_2s_delay,Poke,Left,262,113,183,,1
2022-07-11 03:00:17,5,3.99,,FR1_2s_delay,Poke,Left,263,113,183,,1
2022-07-11 03:00:20,5,3.98,,FR1_2s_delay,Poke,Left,263,114,183,,1
2022-07-11 03:00:23,5,3.98,,FR1_2s_delay,Poke,Left,264,114,183,,1
2022-07-11 03:04:07,5,3.98,1.0,FR1_2s_delay,Pellet,Left,264,114,184,,1
2022-07-11 03:53:09,5,3.98,,FR1_2s_delay,Poke,Left,265,114,184,,1
2022-07-11 03:53:14,5,3.98,1.0,FR1_2s_delay,Pellet,Left,265,114,185,1.8,1
2022-07-11 03:54:18,5,3.98,,FR1_2s_delay,Poke,Left,266,114,185,,1
2022-07-11 03:54:21,5,3.98,1.0,FR1_2s_delay,Pellet,Left,266,114,186,0.85,1
2022-07-11 03:54:35,5,3.98,,FR1_2s_delay,Poke,Left,267,114,186,,1
2022-07-11 03:54:42,5,3.98,1.0,FR1_2s_delay,Pellet,Left,267,114,187,3.39,1
2022-07-11 03:55:12,5,3.98,,FR1_2s_delay,Poke,Left,268,114,187,,1
2022-07-11 03:55:17,5,3.98,,FR1_2s_delay,Poke,Left,269,114,187,,1
2022-07-11 03:55:18,5,3.99,2.0,FR1_2s_delay,Pellet,Left,269,114,188,1.46,1
2022-07-11 03:58:07,5,3.98,,FR1_2s_delay,Poke,Left,270,114,188,,1
2022-07-11 03:58:10,5,3.98,1.0,FR1_2s_delay,Pellet,Left,270,114,189,0.54,1
2022-07-11 04:01:50,5,3.98,,FR1_2s_delay,Poke,Left,271,114,189,,1
2022-07-11 04:01:54,5,3.98,1.0,FR1_2s_delay,Pellet,Left,271,114,190,1.3,1
2022-07-11 04:02:19,5,3.98,,FR1_2s_delay,Poke,Left,272,114,190,,1
2022-07-11 04:02:27,5,3.99,3.0,FR1_2s_delay,Pellet,Left,272,114,191,0.85,1
2022-07-11 04:13:03,5,3.98,,FR1_2s_delay,Poke,Left,272,115,191,,1
2022-07-11 04:13:06,5,3.98,,FR1_2s_delay,Poke,Left,272,116,191,,1
2022-07-11 04:13:08,5,3.98,,FR1_2s_delay,Poke,Left,272,117,191,,1
2022-07-11 04:13:15,5,3.98,,FR1_2s_delay,Poke,Left,273,117,191,,1
2022-07-11 04:13:19,5,3.98,,FR1_2s_delay,Poke,Left,274,117,191,,1
2022-07-11 04:13:24,5,3.98,2.0,FR1_2s_delay,Pellet,Left,274,117,192,6.08,1
2022-07-11 04:15:09,5,3.98,,FR1_2s_delay,Poke,Left,275,117,192,,1
2022-07-11 04:15:15,5,3.98,1.0,FR1_2s_delay,Pellet,Left,275,117,193,3.83,1
2022-07-11 04:17:07,5,3.98,,FR1_2s_delay,Poke,Left,276,117,193,,1
2022-07-11 04:17:19,5,3.98,1.0,FR1_2s_delay,Pellet,Left,276,117,194,8.91,1
2022-07-11 04:29:37,5,3.98,,FR1_2s_delay,Poke,Left,277,117,194,,1
2022-07-11 04:29:43,5,3.98,1.0,FR1_2s_delay,Pellet,Left,277,117,195,2.82,1
2022-07-11 04:55:14,5,3.98,,FR1_2s_delay,Poke,Left,278,117,195,,1
2022-07-11 04:55:58,5,3.98,,FR1_2s_delay,Poke,Left,278,118,195,,1
2022-07-11 04:56:01,5,3.98,,FR1_2s_delay,Poke,Left,279,118,195,,1
2022-07-11 04:56:06,5,3.98,,FR1_2s_delay,Poke,Left,280,118,195,,1
2022-07-11 04:56:11,5,3.98,,FR1_2s_delay,Poke,Left,281,118,195,,1
2022-07-11 04:57:25,5,3.98,1.0,FR1_2s_delay,Pellet,Left,281,118,196,,1
2022-07-11 04:57:50,5,3.98,,FR1_2s_delay,Poke,Left,282,118,196,,1
2022-07-11 04:57:54,5,3.98,1.0,FR1_2s_delay,Pellet,Left,282,118,197,0.66,1
2022-07-11 05:00:13,5,3.98,,FR1_2s_delay,Poke,Left,282,119,197,,1
2022-07-11 05:00:17,5,3.98,,FR1_2s_delay,Poke,Left,283,119,197,,1
2022-07-11 05:00:21,5,3.98,1.0,FR1_2s_delay,Pellet,Left,283,119,198,1.11,1
2022-07-11 05:10:45,5,3.98,,FR1_2s_delay,Poke,Left,283,120,198,,1
2022-07-11 05:12:32,5,3.98,,FR1_2s_delay,Poke,Left,284,120,198,,1
2022-07-11 05:12:38,5,3.98,2.0,FR1_2s_delay,Pellet,Left,284,120,199,1.23,1
2022-07-11 05:13:37,5,3.98,,FR1_2s_delay,Poke,Left,285,120,199,,1
2022-07-11 05:13:46,5,3.98,,FR1_2s_delay,Poke,Left,286,120,199,,1
2022-07-11 06:08:28,5,3.98,,FR1_2s_delay,Poke,Left,287,120,199,,1
2022-07-11 06:08:32,5,3.97,,FR1_2s_delay,Poke,Left,288,120,199,,1
2022-07-11 06:08:34,5,3.98,,FR1_2s_delay,Poke,Left,289,120,199,,1
2022-07-11 06:08:38,5,3.97,,FR1_2s_delay,Poke,Left,290,120,199,,1
2022-07-11 06:08:59,5,3.98,,FR1_2s_delay,Poke,Left,291,120,199,,1
2022-07-11 06:09:02,5,3.98,,FR1_2s_delay,Poke,Left,292,120,199,,1
2022-07-11 06:09:04,5,3.98,,FR1_2s_delay,Poke,Left,293,120,199,,1
2022-07-11 06:09:10,5,3.98,1.0,FR1_2s_delay,Pellet,Left,293,120,200,,1
2022-07-11 06:37:31,5,3.98,,FR1_2s_delay,Poke,Left,294,120,200,,1
2022-07-11 06:37:38,5,3.98,2.0,FR1_2s_delay,Pellet,Left,294,120,201,1.3,1
2022-07-11 06:37:56,5,3.98,,FR1_2s_delay,Poke,Left,295,120,201,,1
2022-07-11 06:38:01,5,3.98,1.0,FR1_2s_delay,Pellet,Left,295,120,202,1.49,1
2022-07-11 06:38:17,5,3.98,,FR1_2s_delay,Poke,Left,296,120,202,,1
2022-07-11 06:38:25,5,3.98,,FR1_2s_delay,Poke,Left,297,120,202,,1
2022-07-11 06:38:27,5,3.98,1.0,FR1_2s_delay,Pellet,Left,297,120,203,6.75,1
2022-07-11 06:38:53,5,3.98,,FR1_2s_delay,Poke,Left,298,120,203,,1
2022-07-11 06:39:04,5,3.98,,FR1_2s_delay,Poke,Left,298,121,203,,1
2022-07-11 06:39:05,5,3.98,2.0,FR1_2s_delay,Pellet,Left,298,121,204,6.49,1
2022-07-11 06:39:32,5,3.98,,FR1_2s_delay,Poke,Left,299,121,204,,1
2022-07-11 06:39:36,5,3.98,1.0,FR1_2s_delay,Pellet,Left,299,121,205,1.93,1
2022-07-11 06:39:54,5,3.98,,FR1_2s_delay,Poke,Left,300,121,205,,1
2022-07-11 06:39:58,5,3.98,1.0,FR1_2s_delay,Pellet,Left,300,121,206,0.92,1
2022-07-11 06:41:29,5,3.98,,FR1_2s_delay,Poke,Left,300,122,206,,1
2022-07-11 06:41:37,5,3.98,,FR1_2s_delay,Poke,Left,301,122,206,,1
2022-07-11 06:41:50,5,3.98,,FR1_2s_delay,Poke,Left,302,122,206,,1
2022-07-11 06:41:51,5,3.98,2.0,FR1_2s_delay,Pellet,Left,302,122,207,8.76,1
2022-07-11 06:55:27,5,3.97,,FR1_2s_delay,Poke,Left,302,123,207,,1
2022-07-11 07:02:31,5,3.98,,FR1_2s_delay,Poke,Left,303,123,207,,1
2022-07-11 07:02:40,5,3.98,,FR1_2s_delay,Poke,Left,303,124,207,,1
2022-07-11 07:04:05,5,3.98,1.0,FR1_2s_delay,Pellet,Left,303,124,208,,1
2022-07-11 07:05:14,5,3.98,,FR1_2s_delay,Poke,Left,304,124,208,,1
2022-07-11 07:10:47,5,3.98,2.0,FR1_2s_delay,Pellet,Left,304,124,209,,1
2022-07-11 07:15:38,5,3.98,,FR1_2s_delay,Poke,Left,305,124,209,,1
2022-07-11 07:15:41,5,3.97,,FR1_2s_delay,Poke,Left,306,124,209,,1
2022-07-11 07:15:46,5,3.98,1.0,FR1_2s_delay,Pellet,Left,306,124,210,5.78,1
2022-07-11 07:28:39,5,3.97,,FR1_2s_delay,Poke,Left,307,124,210,,1
2022-07-11 07:28:46,5,3.98,,FR1_2s_delay,Poke,Left,307,125,210,,1
2022-07-11 07:28:51,5,3.97,1.0,FR1_2s_delay,Pellet,Left,307,125,211,9.03,1
2022-07-11 08:49:50,5,3.97,,FR1_2s_delay,Poke,Left,308,125,211,,1
2022-07-11 08:49:56,5,3.97,1.0,FR1_2s_delay,Pellet,Left,308,125,212,3.2,1
2022-07-11 08:52:24,5,3.97,,FR1_2s_delay,Poke,Left,309,125,212,,1
2022-07-11 08:52:28,5,3.97,1.0,FR1_2s_delay,Pellet,Left,309,125,213,1.3,1
2022-07-11 08:53:22,5,3.98,,FR1_2s_delay,Poke,Left,310,125,213,,1
2022-07-11 10:01:39,5,3.96,1.0,FR1_2s_delay,Pellet,Left,310,125,214,,1
2022-07-11 10:04:33,5,3.97,,FR1_2s_delay,Poke,Left,311,125,214,,1
2022-07-11 10:04:40,5,3.96,2.0,FR1_2s_delay,Pellet,Left,311,125,215,1.8,1
2022-07-11 10:05:53,5,3.97,,FR1_2s_delay,Poke,Left,312,125,215,,1
2022-07-11 10:05:57,5,3.97,1.0,FR1_2s_delay,Pellet,Left,312,125,216,0.98,1
2022-07-11 10:06:20,5,3.96,,FR1_2s_delay,Poke,Left,313,125,216,,1
2022-07-11 10:06:28,5,3.96,2.0,FR1_2s_delay,Pellet,Left,313,125,217,3.2,1
2022-07-11 10:06:58,5,3.97,,FR1_2s_delay,Poke,Left,314,125,217,,1
2022-07-11 10:07:04,5,3.97,1.0,FR1_2s_delay,Pellet,Left,314,125,218,3.01,1
2022-07-11 11:47:58,5,3.97,,FR1_2s_delay,Poke,Left,314,126,218,,1
2022-07-11 11:49:04,5,3.96,,FR1_2s_delay,Poke,Left,315,126,218,,1
2022-07-11 11:49:07,5,3.95,1.0,FR1_2s_delay,Pellet,Left,315,126,219,0.85,1
2022-07-11 11:52:30,5,3.96,,FR1_2s_delay,Poke,Left,315,127,219,,1
2022-07-11 11:52:37,5,3.96,,FR1_2s_delay,Poke,Left,316,127,219,,1
2022-07-11 11:52:46,5,3.96,2.0,FR1_2s_delay,Pellet,Left,316,127,220,4.72,1
2022-07-11 11:53:12,5,3.97,,FR1_2s_delay,Poke,Left,317,127,220,,1
2022-07-11 11:53:16,5,3.96,1.0,FR1_2s_delay,Pellet,Left,317,127,221,1.23,1
2022-07-11 11:53:38,5,3.96,,FR1_2s_delay,Poke,Left,318,127,221,,1
2022-07-11 11:54:01,5,3.96,3.0,FR1_2s_delay,Pellet,Left,318,127,222,15.59,1
2022-07-11 11:58:06,5,3.96,,FR1_2s_delay,Poke,Left,319,127,222,,1
2022-07-11 11:58:14,5,3.96,2.0,FR1_2s_delay,Pellet,Left,319,127,223,3.26,1
2022-07-11 12:00:16,5,3.96,,FR1_2s_delay,Poke,Left,319,128,223,,1
2022-07-11 12:05:50,5,3.97,,FR1_2s_delay,Poke,Left,320,128,223,,1
2022-07-11 12:05:54,5,3.96,1.0,FR1_2s_delay,Pellet,Left,320,128,224,0.85,1
