MM:DD:YYYY hh:mm:ss,Library_Version,Session_type,Device_Number,Battery_Voltage,Motor_Turns,FR,Event,Active_Poke,Left_Poke_Count,Right_Poke_Count,Pellet_Count,Block_Pellet_Count,Retrieval_Time,InterPelletInterval,Poke_Time
7/22/2024 10:06:27,1.16.3,FreeFeed,4,3.86,nan,1,LeftWithPellet,Left,1,0,0,0,nan,nan,0.50
7/22/2024 11:14:23,1.16.3,FreeFeed,4,3.86,1,1,Pellet,Left,1,0,1,0,Timed_out,nan,nan
7/22/2024 11:14:25,1.16.3,FreeFeed,4,3.86,1,1,Pellet,Left,1,0,2,0,0.85,1,nan
7/22/2024 11:14:25,1.16.3,FreeFeed,4,3.86,1,1,Pellet,Left,1,0,3,0,0.18,1,nan
7/22/2024 11:16:16,1.16.3,FreeFeed,4,3.85,1,1,Pellet,Left,1,0,4,0,Timed_out,110,nan
7/22/2024 11:16:47,1.16.3,FreeFeed,4,3.85,nan,1,RightWithPellet,Left,1,1,4,0,nan,nan,0.22
7/22/2024 11:16:53,1.16.3,FreeFeed,4,3.85,1,1,Pellet,Left,1,1,5,0,31.19,38,nan
7/22/2024 12:04:16,1.16.3,FreeFeed,4,3.85,1,1,Pellet,Left,1,1,6,0,Timed_out,2843,nan
7/22/2024 12:04:25,1.16.3,FreeFeed,4,3.86,1,1,Pellet,Left,1,1,7,0,2.38,9,nan
7/22/2024 12:04:42,1.16.3,FreeFeed,4,3.86,1,1,Pellet,Left,1,1,8,0,10.28,17,nan
7/22/2024 12:04:57,1.16.3,FreeFeed,4,3.85,1,1,Pellet,Left,1,1,9,0,8.08,15,nan
7/22/2024 12:04:58,1.16.3,FreeFeed,4,3.85,1,1,Pellet,Left,1,1,10,0,0.18,0,nan
7/22/2024 12:05:12,1.16.3,FreeFeed,4,3.85,1,1,Pellet,Left,1,1,11,0,7.16,15,nan
7/22/2024 13:27:27,1.16.3,FreeFeed,4,3.85,1,1,Pellet,Left,1,1,12,0,Timed_out,4935,nan
7/22/2024 13:28:27,1.16.3,FreeFeed,4,3.85,1,1,Pellet,Left,1,1,13,0,55.32,60,nan
7/22/2024 13:28:35,1.16.3,FreeFeed,4,3.85,1,1,Pellet,Left,1,1,14,0,1.46,7,nan
7/22/2024 13:28:45,1.16.3,FreeFeed,4,3.85,1,1,Pellet,Left,1,1,15,0,3.79,11,nan
7/22/2024 13:29:03,1.16.3,FreeFeed,4,3.85,1,1,Pellet,Left,1,1,16,0,12.07,18,nan
7/22/2024 13:29:22,1.16.3,FreeFeed,4,3.85,1,1,Pellet,Left,1,1,17,0,11.76,19,nan
7/22/2024 13:29:41,1.16.3,FreeFeed,4,3.86,1,1,Pellet,Left,1,1,18,0,13.11,19,nan
7/22/2024 13:30:00,1.16.3,FreeFeed,4,3.86,1,1,Pellet,Left,1,1,19,0,12.07,19,nan
7/22/2024 13:30:19,1.16.3,FreeFeed,4,3.85,1,1,Pellet,Left,1,1,20,0,12.37,19,nan
7/22/2024 13:30:27,1.16.3,FreeFeed,4,3.85,1,1,Pellet,Left,1,1,21,0,0.97,8,nan
7/22/2024 13:30:48,1.16.3,FreeFeed,4,3.85,1,1,Pellet,Left,1,1,22,0,14.10,21,nan
7/22/2024 13:31:08,1.16.3,FreeFeed,4,3.85,1,1,Pellet,Left,1,1,23,0,12.93,20,nan
7/22/2024 13:31:27,1.16.3,FreeFeed,4,3.85,1,1,Pellet,Left,1,1,24,0,11.33,18,nan
7/22/2024 13:31:46,1.16.3,FreeFeed,4,3.85,1,1,Pellet,Left,1,1,25,0,12.62,20,nan
7/22/2024 15:41:44,1.16.3,FreeFeed,4,3.85,1,1,Pellet,Left,1,1,26,0,Timed_out,7797,nan
7/22/2024 15:41:57,1.16.3,FreeFeed,4,3.85,1,1,Pellet,Left,1,1,27,0,6.86,14,nan
7/22/2024 15:42:25,1.16.3,FreeFeed,4,3.85,2,1,Pellet,Left,1,1,28,0,18.70,27,nan
7/22/2024 15:42:43,1.16.3,FreeFeed,4,3.84,1,1,Pellet,Left,1,1,29,0,12.44,19,nan
7/22/2024 15:43:04,1.16.3,FreeFeed,4,3.85,1,1,Pellet,Left,1,1,30,0,13.92,21,nan
7/22/2024 15:43:24,1.16.3,FreeFeed,4,3.85,1,1,Pellet,Left,1,1,31,0,12.99,20,nan
7/22/2024 15:43:41,1.16.3,FreeFeed,4,3.85,1,1,Pellet,Left,1,1,32,0,10.53,17,nan
7/22/2024 15:44:05,1.16.3,FreeFeed,4,3.85,1,1,Pellet,Left,1,1,33,0,16.74,23,nan
7/22/2024 16:46:25,1.16.3,FreeFeed,4,3.85,1,1,Pellet,Left,1,1,34,0,Timed_out,3741,nan
7/22/2024 16:46:30,1.16.3,FreeFeed,4,3.85,2,1,Pellet,Left,1,1,35,0,1.34,5,nan
7/22/2024 16:46:48,1.16.3,FreeFeed,4,3.85,1,1,Pellet,Left,1,1,36,0,12.13,18,nan
7/22/2024 16:47:09,1.16.3,FreeFeed,4,3.85,1,1,Pellet,Left,1,1,37,0,13.79,21,nan
7/22/2024 16:47:10,1.16.3,FreeFeed,4,3.85,1,1,Pellet,Left,1,1,38,0,0.36,1,nan
7/22/2024 16:47:30,1.16.3,FreeFeed,4,3.85,1,1,Pellet,Left,1,1,39,0,12.62,20,nan
7/22/2024 16:47:31,1.16.3,FreeFeed,4,3.85,1,1,Pellet,Left,1,1,40,0,0.06,1,nan
7/22/2024 16:47:47,1.16.3,FreeFeed,4,3.85,1,1,Pellet,Left,1,1,41,0,10.16,16,nan
7/22/2024 16:47:48,1.16.3,FreeFeed,4,3.85,1,1,Pellet,Left,1,1,42,0,0.06,1,nan
7/22/2024 16:48:09,1.16.3,FreeFeed,4,3.85,1,1,Pellet,Left,1,1,43,0,13.60,21,nan
7/22/2024 16:48:23,1.16.3,FreeFeed,4,3.85,1,1,Pellet,Left,1,1,44,0,7.71,14,nan
7/22/2024 16:48:24,1.16.3,FreeFeed,4,3.85,1,1,Pellet,Left,1,1,45,0,0.12,1,nan
7/22/2024 16:48:40,1.16.3,FreeFeed,4,3.85,1,1,Pellet,Left,1,1,46,0,9.55,16,nan
7/22/2024 16:48:41,1.16.3,FreeFeed,4,3.85,1,1,Pellet,Left,1,1,47,0,0.06,1,nan
7/22/2024 17:41:00,1.16.3,FreeFeed,4,3.84,1,1,Pellet,Left,1,1,48,0,Timed_out,3139,nan
7/22/2024 17:41:01,1.16.3,FreeFeed,4,3.85,1,1,Pellet,Left,1,1,49,0,0.36,1,nan
7/22/2024 17:56:04,1.16.3,FreeFeed,4,3.85,nan,1,LeftWithPellet,Left,2,1,49,0,nan,nan,1.08
7/22/2024 17:56:06,1.16.3,FreeFeed,4,3.85,nan,1,LeftWithPellet,Left,3,1,49,0,nan,nan,0.11
7/22/2024 17:57:24,1.16.3,FreeFeed,4,3.84,1,1,Pellet,Left,3,1,50,0,Timed_out,983,nan
7/22/2024 17:58:10,1.16.3,FreeFeed,4,3.85,nan,1,RightWithPellet,Left,3,2,50,0,nan,nan,0.17
7/22/2024 17:58:11,1.16.3,FreeFeed,4,3.84,nan,1,RightWithPellet,Left,3,3,50,0,nan,nan,0.31
7/22/2024 17:58:29,1.16.3,FreeFeed,4,3.85,nan,1,RightWithPellet,Left,3,4,50,0,nan,nan,0.34
7/22/2024 17:59:34,1.16.3,FreeFeed,4,3.84,nan,1,LeftWithPellet,Left,4,4,50,0,nan,nan,0.05
7/22/2024 18:00:14,1.16.3,FreeFeed,4,3.85,1,1,Pellet,Left,4,4,51,0,Timed_out,170,nan
7/22/2024 18:00:21,1.16.3,FreeFeed,4,3.84,1,1,Pellet,Left,4,4,52,0,0.48,7,nan
7/22/2024 18:00:30,1.16.3,FreeFeed,4,3.85,1,1,Pellet,Left,4,4,53,0,2.13,9,nan
7/22/2024 18:00:43,1.16.3,FreeFeed,4,3.85,1,1,Pellet,Left,4,4,54,0,6.06,13,nan
7/22/2024 18:00:55,1.16.3,FreeFeed,4,3.84,1,1,Pellet,Left,4,4,55,0,5.75,12,nan
7/22/2024 18:01:12,1.16.3,FreeFeed,4,3.85,1,1,Pellet,Left,4,4,56,0,9.98,16,nan
7/22/2024 18:01:28,1.16.3,FreeFeed,4,3.85,1,1,Pellet,Left,4,4,57,0,9.49,17,nan
7/22/2024 18:01:45,1.16.3,FreeFeed,4,3.85,1,1,Pellet,Left,4,4,58,0,10.29,17,nan
7/22/2024 18:02:01,1.16.3,FreeFeed,4,3.84,1,1,Pellet,Left,4,4,59,0,9.00,16,nan
7/22/2024 18:02:17,1.16.3,FreeFeed,4,3.85,1,1,Pellet,Left,4,4,60,0,9.62,16,nan
7/22/2024 18:02:34,1.16.3,FreeFeed,4,3.85,1,1,Pellet,Left,4,4,61,0,9.92,16,nan
7/22/2024 18:02:49,1.16.3,FreeFeed,4,3.85,1,1,Pellet,Left,4,4,62,0,8.76,16,nan
7/22/2024 18:03:06,1.16.3,FreeFeed,4,3.84,1,1,Pellet,Left,4,4,63,0,10.54,17,nan
7/22/2024 18:03:23,1.16.3,FreeFeed,4,3.85,1,1,Pellet,Left,4,4,64,0,10.41,17,nan
7/22/2024 18:34:37,1.16.3,FreeFeed,4,3.84,1,1,Pellet,Left,4,4,65,0,Timed_out,1874,nan
7/22/2024 18:34:46,1.16.3,FreeFeed,4,3.85,1,1,Pellet,Left,4,4,66,0,2.44,9,nan
7/22/2024 18:35:11,1.16.3,FreeFeed,4,3.84,1,1,Pellet,Left,4,4,67,0,18.95,25,nan
7/22/2024 18:35:13,1.16.3,FreeFeed,4,3.85,1,1,Pellet,Left,4,4,68,0,0.18,2,nan
7/22/2024 18:35:16,1.16.3,FreeFeed,4,3.85,1,1,Pellet,Left,4,4,69,0,0.73,3,nan
7/22/2024 18:35:35,1.16.3,FreeFeed,4,3.84,1,1,Pellet,Left,4,4,70,0,11.77,18,nan
7/22/2024 18:35:43,1.16.3,FreeFeed,4,3.84,1,1,Pellet,Left,4,4,71,0,2.01,9,nan
7/22/2024 18:35:58,1.16.3,FreeFeed,4,3.84,1,1,Pellet,Left,4,4,72,0,8.57,15,nan
7/22/2024 18:36:15,1.16.3,FreeFeed,4,3.84,1,1,Pellet,Left,4,4,73,0,9.92,17,nan
7/22/2024 18:36:31,1.16.3,FreeFeed,4,3.84,1,1,Pellet,Left,4,4,74,0,9.49,16,nan
7/22/2024 18:36:32,1.16.3,FreeFeed,4,3.85,1,1,Pellet,Left,4,4,75,0,0.06,1,nan
7/22/2024 18:49:36,1.16.3,FreeFeed,4,3.85,nan,1,LeftWithPellet,Left,5,4,75,0,nan,nan,0.34
7/22/2024 19:07:06,1.16.3,FreeFeed,4,3.85,1,1,Pellet,Left,5,4,76,0,Timed_out,1834,nan
7/22/2024 19:07:09,1.16.3,FreeFeed,4,3.85,1,1,Pellet,Left,5,4,77,0,1.71,3,nan
7/22/2024 19:07:28,1.16.3,FreeFeed,4,3.84,1,1,Pellet,Left,5,4,78,0,11.58,18,nan
7/22/2024 19:07:44,1.16.3,FreeFeed,4,3.85,1,1,Pellet,Left,5,4,79,0,9.55,16,nan
7/22/2024 19:07:50,1.16.3,FreeFeed,4,3.85,1,1,Pellet,Left,5,4,80,0,0.06,7,nan
7/22/2024 19:07:57,1.16.3,FreeFeed,4,3.85,1,1,Pellet,Left,5,4,81,0,1.22,7,nan
7/22/2024 19:08:17,1.16.3,FreeFeed,4,3.84,1,1,Pellet,Left,5,4,82,0,12.62,20,nan
7/22/2024 19:08:32,1.16.3,FreeFeed,4,3.84,1,1,Pellet,Left,5,4,83,0,8.76,15,nan
7/22/2024 19:08:50,1.16.3,FreeFeed,4,3.85,2,1,Pellet,Left,5,4,84,0,9.43,17,nan
7/22/2024 19:09:06,1.16.3,FreeFeed,4,3.84,1,1,Pellet,Left,5,4,85,0,9.68,17,nan
7/22/2024 19:09:23,1.16.3,FreeFeed,4,3.84,1,1,Pellet,Left,5,4,86,0,10.84,17,nan
7/22/2024 19:25:12,1.16.3,FreeFeed,4,3.85,nan,1,LeftWithPellet,Left,6,4,86,0,nan,nan,0.39
7/22/2024 19:30:01,1.16.3,FreeFeed,4,3.84,nan,1,RightWithPellet,Left,6,5,86,0,nan,nan,0.28
7/22/2024 19:30:05,1.16.3,FreeFeed,4,3.84,nan,1,RightWithPellet,Left,6,6,86,0,nan,nan,0.00
7/22/2024 19:31:39,1.16.3,FreeFeed,4,3.85,1,1,Pellet,Left,6,6,87,0,Timed_out,1336,nan
7/22/2024 19:31:47,1.16.3,FreeFeed,4,3.84,2,1,Pellet,Left,6,6,88,0,0.24,7,nan
7/22/2024 19:32:01,1.16.3,FreeFeed,4,3.85,1,1,Pellet,Left,6,6,89,0,8.08,15,nan
7/22/2024 19:32:02,1.16.3,FreeFeed,4,3.84,1,1,Pellet,Left,6,6,90,0,0.06,1,nan
7/22/2024 19:32:18,1.16.3,FreeFeed,4,3.85,1,1,Pellet,Left,6,6,91,0,9.31,15,nan
7/22/2024 19:32:31,1.16.3,FreeFeed,4,3.85,1,1,Pellet,Left,6,6,92,0,6.43,13,nan
7/22/2024 19:33:36,1.16.3,FreeFeed,4,3.84,nan,1,RightWithPellet,Left,6,7,92,0,nan,nan,0.17
7/22/2024 19:38:38,1.16.3,FreeFeed,4,3.84,nan,1,RightWithPellet,Left,6,8,92,0,nan,nan,0.10
7/22/2024 19:39:18,1.16.3,FreeFeed,4,3.85,nan,1,RightWithPellet,Left,6,9,92,0,nan,nan,0.00
7/22/2024 19:59:54,1.16.3,FreeFeed,4,3.84,1,1,Pellet,Left,6,9,93,0,Timed_out,1644,nan
7/22/2024 20:00:09,1.16.3,FreeFeed,4,3.85,1,1,Pellet,Left,6,9,94,0,8.39,15,nan
7/22/2024 20:00:09,1.16.3,FreeFeed,4,3.84,1,1,Pellet,Left,6,9,95,0,0.06,0,nan
7/22/2024 20:00:27,1.16.3,FreeFeed,4,3.84,1,1,Pellet,Left,6,9,96,0,10.41,18,nan
7/22/2024 20:00:28,1.16.3,FreeFeed,4,3.84,1,1,Pellet,Left,6,9,97,0,0.06,1,nan
7/22/2024 20:00:43,1.16.3,FreeFeed,4,3.84,1,1,Pellet,Left,6,9,98,0,8.63,15,nan
7/22/2024 20:00:44,1.16.3,FreeFeed,4,3.84,1,1,Pellet,Left,6,9,99,0,0.12,1,nan
7/22/2024 20:05:17,1.16.3,FreeFeed,4,3.84,nan,1,RightWithPellet,Left,6,10,99,0,nan,nan,0.45
7/22/2024 20:08:40,1.16.3,FreeFeed,4,3.84,nan,1,LeftWithPellet,Left,7,10,99,0,nan,nan,0.48
7/22/2024 20:25:40,1.16.3,FreeFeed,4,3.84,1,1,Pellet,Left,7,10,100,0,Timed_out,1496,nan
7/22/2024 20:25:41,1.16.3,FreeFeed,4,3.84,1,1,Pellet,Left,7,10,101,0,0.24,1,nan
7/22/2024 20:25:57,1.16.3,FreeFeed,4,3.84,1,1,Pellet,Left,7,10,102,0,9.74,16,nan
7/22/2024 20:26:16,1.16.3,FreeFeed,4,3.84,1,1,Pellet,Left,7,10,103,0,17.79,19,nan
7/22/2024 20:26:32,1.16.3,FreeFeed,4,3.84,1,1,Pellet,Left,7,10,104,0,14.10,16,nan
7/22/2024 20:26:51,1.16.3,FreeFeed,4,3.84,1,1,Pellet,Left,7,10,105,0,12.56,19,nan
7/22/2024 20:26:52,1.16.3,FreeFeed,4,3.84,1,1,Pellet,Left,7,10,106,0,0.24,1,nan
7/22/2024 20:27:16,1.16.3,FreeFeed,4,3.85,1,1,Pellet,Left,7,10,107,0,17.54,24,nan
7/22/2024 20:30:12,1.16.3,FreeFeed,4,3.84,nan,1,RightWithPellet,Left,7,11,107,0,nan,nan,0.27
7/22/2024 20:31:38,1.16.3,FreeFeed,4,3.83,nan,1,LeftWithPellet,Left,8,11,107,0,nan,nan,0.26
7/22/2024 20:32:15,1.16.3,FreeFeed,4,3.84,nan,1,RightWithPellet,Left,8,12,107,0,nan,nan,0.53
7/22/2024 20:32:49,1.16.3,FreeFeed,4,3.85,nan,1,LeftWithPellet,Left,9,12,107,0,nan,nan,0.34
7/22/2024 20:36:31,1.16.3,FreeFeed,4,3.84,nan,1,LeftWithPellet,Left,10,12,107,0,nan,nan,0.12
7/22/2024 20:36:36,1.16.3,FreeFeed,4,3.84,nan,1,RightWithPellet,Left,10,13,107,0,nan,nan,0.53
7/22/2024 20:36:47,1.16.3,FreeFeed,4,3.84,nan,1,LeftWithPellet,Left,11,13,107,0,nan,nan,0.01
7/22/2024 20:36:57,1.16.3,FreeFeed,4,3.84,nan,1,RightWithPellet,Left,11,14,107,0,nan,nan,0.35
7/22/2024 20:37:26,1.16.3,FreeFeed,4,3.84,nan,1,LeftWithPellet,Left,12,14,107,0,nan,nan,0.37
7/22/2024 20:38:00,1.16.3,FreeFeed,4,3.84,1,1,Pellet,Left,12,14,108,0,Timed_out,644,nan
7/22/2024 20:38:07,1.16.3,FreeFeed,4,3.85,1,1,Pellet,Left,12,14,109,0,0.60,7,nan
7/22/2024 20:38:22,1.16.3,FreeFeed,4,3.84,1,1,Pellet,Left,12,14,110,0,8.08,14,nan
7/22/2024 20:38:34,1.16.3,FreeFeed,4,3.84,1,1,Pellet,Left,12,14,111,0,5.51,13,nan
7/22/2024 20:38:48,1.16.3,FreeFeed,4,3.85,1,1,Pellet,Left,12,14,112,0,6.98,13,nan
7/22/2024 20:38:48,1.16.3,FreeFeed,4,3.84,1,1,Pellet,Left,12,14,113,0,0.24,1,nan
7/22/2024 20:39:04,1.16.3,FreeFeed,4,3.84,1,1,Pellet,Left,12,14,114,0,8.63,16,nan
7/22/2024 20:46:56,1.16.3,FreeFeed,4,3.84,nan,1,RightWithPellet,Left,12,15,114,0,nan,nan,0.08
7/22/2024 20:46:57,1.16.3,FreeFeed,4,3.84,nan,1,RightWithPellet,Left,12,16,114,0,nan,nan,0.05
7/22/2024 20:46:59,1.16.3,FreeFeed,4,3.84,nan,1,RightWithPellet,Left,12,17,114,0,nan,nan,0.23
7/22/2024 20:47:05,1.16.3,FreeFeed,4,3.83,nan,1,RightWithPellet,Left,12,18,114,0,nan,nan,0.47
7/22/2024 20:47:15,1.16.3,FreeFeed,4,3.84,1,1,Pellet,Left,12,18,115,0,Timed_out,491,nan
7/22/2024 20:47:21,1.16.3,FreeFeed,4,3.83,1,1,Pellet,Left,12,18,116,0,4.71,5,nan
7/22/2024 20:47:29,1.16.3,FreeFeed,4,3.83,1,1,Pellet,Left,12,18,117,0,1.15,9,nan
7/22/2024 20:47:32,1.16.3,FreeFeed,4,3.84,1,1,Pellet,Left,12,18,118,0,0.06,3,nan
7/22/2024 20:47:55,1.16.3,FreeFeed,4,3.84,1,1,Pellet,Left,12,18,119,0,16.74,23,nan
7/22/2024 20:48:09,1.16.3,FreeFeed,4,3.85,1,1,Pellet,Left,12,18,120,0,7.77,14,nan
7/22/2024 20:48:20,1.16.3,FreeFeed,4,3.84,1,1,Pellet,Left,12,18,121,0,4.34,11,nan
7/22/2024 20:48:33,1.16.3,FreeFeed,4,3.84,1,1,Pellet,Left,12,18,122,0,6.61,13,nan
7/22/2024 20:48:47,1.16.3,FreeFeed,4,3.84,1,1,Pellet,Left,12,18,123,0,7.78,14,nan
7/22/2024 20:48:58,1.16.3,FreeFeed,4,3.83,1,1,Pellet,Left,12,18,124,0,4.83,11,nan
7/22/2024 20:52:29,1.16.3,FreeFeed,4,3.83,nan,1,RightWithPellet,Left,12,19,124,0,nan,nan,0.09
7/22/2024 20:54:08,1.16.3,FreeFeed,4,3.83,nan,1,LeftWithPellet,Left,13,19,124,0,nan,nan,0.19
7/22/2024 21:04:25,1.16.3,FreeFeed,4,3.84,nan,1,RightWithPellet,Left,13,20,124,0,nan,nan,0.06
7/22/2024 21:04:25,1.16.3,FreeFeed,4,3.84,nan,1,RightWithPellet,Left,13,21,124,0,nan,nan,0.08
7/22/2024 21:19:41,1.16.3,FreeFeed,4,3.84,nan,1,LeftWithPellet,Left,14,21,124,0,nan,nan,0.06
7/22/2024 21:19:48,1.16.3,FreeFeed,4,3.84,nan,1,RightWithPellet,Left,14,22,124,0,nan,nan,0.23
7/22/2024 21:54:54,1.16.3,FreeFeed,4,3.83,1,1,Pellet,Left,14,22,125,0,Timed_out,3956,nan
7/22/2024 21:54:56,1.16.3,FreeFeed,4,3.83,1,1,Pellet,Left,14,22,126,0,0.18,2,nan
7/22/2024 21:55:03,1.16.3,FreeFeed,4,3.84,1,1,Pellet,Left,14,22,127,0,0.48,7,nan
7/22/2024 21:55:19,1.16.3,FreeFeed,4,3.83,1,1,Pellet,Left,14,22,128,0,9.43,16,nan
7/22/2024 21:55:35,1.16.3,FreeFeed,4,3.84,1,1,Pellet,Left,14,22,129,0,8.76,16,nan
7/22/2024 21:55:53,1.16.3,FreeFeed,4,3.83,1,1,Pellet,Left,14,22,130,0,11.77,18,nan
7/22/2024 21:56:13,1.16.3,FreeFeed,4,3.83,1,1,Pellet,Left,14,22,131,0,13.73,20,nan
7/22/2024 21:56:14,1.16.3,FreeFeed,4,3.83,1,1,Pellet,Left,14,22,132,0,0.06,0,nan
7/22/2024 21:56:30,1.16.3,FreeFeed,4,3.84,2,1,Pellet,Left,14,22,133,0,9.92,17,nan
7/22/2024 21:56:44,1.16.3,FreeFeed,4,3.83,2,1,Pellet,Left,14,22,134,0,7.16,14,nan
7/22/2024 21:56:45,1.16.3,FreeFeed,4,3.83,1,1,Pellet,Left,14,22,135,0,0.06,1,nan
7/22/2024 21:57:04,1.16.3,FreeFeed,4,3.83,2,1,Pellet,Left,14,22,136,0,11.71,19,nan
7/22/2024 21:57:05,1.16.3,FreeFeed,4,3.84,1,1,Pellet,Left,14,22,137,0,0.06,1,nan
7/22/2024 21:57:22,1.16.3,FreeFeed,4,3.84,1,1,Pellet,Left,14,22,138,0,10.96,17,nan
7/22/2024 21:57:38,1.16.3,FreeFeed,4,3.84,1,1,Pellet,Left,14,22,139,0,9.43,16,nan
7/22/2024 21:57:59,1.16.3,FreeFeed,4,3.83,1,1,Pellet,Left,14,22,140,0,13.79,21,nan
7/22/2024 21:58:18,1.16.3,FreeFeed,4,3.83,1,1,Pellet,Left,14,22,141,0,12.25,19,nan
7/22/2024 21:58:26,1.16.3,FreeFeed,4,3.84,1,1,Pellet,Left,14,22,142,0,0.67,8,nan
7/22/2024 21:58:42,1.16.3,FreeFeed,4,3.84,1,1,Pellet,Left,14,22,143,0,9.80,16,nan
7/22/2024 21:58:56,1.16.3,FreeFeed,4,3.83,1,1,Pellet,Left,14,22,144,0,8.33,14,nan
7/22/2024 21:59:13,1.16.3,FreeFeed,4,3.84,1,1,Pellet,Left,14,22,145,0,9.86,17,nan
7/22/2024 21:59:30,1.16.3,FreeFeed,4,3.84,1,1,Pellet,Left,14,22,146,0,11.27,17,nan
7/22/2024 21:59:46,1.16.3,FreeFeed,4,3.83,1,1,Pellet,Left,14,22,147,0,9.19,16,nan
7/22/2024 22:00:03,1.16.3,FreeFeed,4,3.83,1,1,Pellet,Left,14,22,148,0,10.16,17,nan
7/22/2024 22:09:54,1.16.3,FreeFeed,4,3.83,nan,1,LeftWithPellet,Left,15,22,148,0,nan,nan,0.03
7/22/2024 22:20:49,1.16.3,FreeFeed,4,3.83,nan,1,RightWithPellet,Left,15,23,148,0,nan,nan,0.07
7/22/2024 22:34:46,1.16.3,FreeFeed,4,3.84,nan,1,LeftWithPellet,Left,16,23,148,0,nan,nan,0.20
7/22/2024 22:34:50,1.16.3,FreeFeed,4,3.84,nan,1,RightWithPellet,Left,16,24,148,0,nan,nan,0.35
7/22/2024 22:34:52,1.16.3,FreeFeed,4,3.83,nan,1,RightWithPellet,Left,16,25,148,0,nan,nan,0.25
7/22/2024 22:34:54,1.16.3,FreeFeed,4,3.83,nan,1,RightWithPellet,Left,16,26,148,0,nan,nan,0.52
7/22/2024 22:36:10,1.16.3,FreeFeed,4,3.83,nan,1,LeftWithPellet,Left,17,26,148,0,nan,nan,0.03
7/22/2024 22:39:54,1.16.3,FreeFeed,4,3.83,nan,1,RightWithPellet,Left,17,27,148,0,nan,nan,0.01
7/22/2024 22:40:03,1.16.3,FreeFeed,4,3.83,nan,1,RightWithPellet,Left,17,28,148,0,nan,nan,0.09
7/22/2024 22:40:04,1.16.3,FreeFeed,4,3.83,nan,1,RightWithPellet,Left,17,29,148,0,nan,nan,0.18
7/22/2024 22:40:06,1.16.3,FreeFeed,4,3.83,nan,1,RightWithPellet,Left,17,30,148,0,nan,nan,0.27
7/22/2024 22:40:18,1.16.3,FreeFeed,4,3.83,1,1,Pellet,Left,17,30,149,0,Timed_out,2415,nan
7/22/2024 22:40:27,1.16.3,FreeFeed,4,3.83,1,1,Pellet,Left,17,30,150,0,2.75,9,nan
7/22/2024 22:40:43,1.16.3,FreeFeed,4,3.84,1,1,Pellet,Left,17,30,151,0,9.74,16,nan
7/22/2024 22:40:57,1.16.3,FreeFeed,4,3.84,1,1,Pellet,Left,17,30,152,0,6.36,13,nan
7/22/2024 22:41:10,1.16.3,FreeFeed,4,3.83,1,1,Pellet,Left,17,30,153,0,6.55,14,nan
7/22/2024 22:41:23,1.16.3,FreeFeed,4,3.83,1,1,Pellet,Left,17,30,154,0,11.83,13,nan
7/22/2024 22:41:38,1.16.3,FreeFeed,4,3.83,1,1,Pellet,Left,17,30,155,0,8.63,15,nan
7/22/2024 22:41:52,1.16.3,FreeFeed,4,3.83,1,1,Pellet,Left,17,30,156,0,7.59,14,nan
7/22/2024 22:42:08,1.16.3,FreeFeed,4,3.84,1,1,Pellet,Left,17,30,157,0,9.43,16,nan
7/22/2024 22:42:23,1.16.3,FreeFeed,4,3.83,1,1,Pellet,Left,17,30,158,0,8.88,15,nan
7/22/2024 22:47:48,1.16.3,FreeFeed,4,3.83,nan,1,LeftWithPellet,Left,18,30,158,0,nan,nan,0.03
7/22/2024 22:55:30,1.16.3,FreeFeed,4,3.83,nan,1,RightWithPellet,Left,18,31,158,0,nan,nan,0.19
7/22/2024 23:04:57,1.16.3,FreeFeed,4,3.83,1,1,Pellet,Left,18,31,159,0,Timed_out,1354,nan
7/22/2024 23:05:05,1.16.3,FreeFeed,4,3.83,1,1,Pellet,Left,18,31,160,0,0.79,8,nan
7/22/2024 23:05:21,1.16.3,FreeFeed,4,3.84,1,1,Pellet,Left,18,31,161,0,9.49,16,nan
7/22/2024 23:05:34,1.16.3,FreeFeed,4,3.83,1,1,Pellet,Left,18,31,162,0,6.61,13,nan
7/22/2024 23:05:48,1.16.3,FreeFeed,4,3.83,1,1,Pellet,Left,18,31,163,0,7.96,14,nan
7/22/2024 23:06:04,1.16.3,FreeFeed,4,3.84,1,1,Pellet,Left,18,31,164,0,8.45,16,nan
7/22/2024 23:06:19,1.16.3,FreeFeed,4,3.83,1,1,Pellet,Left,18,31,165,0,8.27,14,nan
7/22/2024 23:06:34,1.16.3,FreeFeed,4,3.83,1,1,Pellet,Left,18,31,166,0,8.51,16,nan
7/22/2024 23:06:48,1.16.3,FreeFeed,4,3.83,1,1,Pellet,Left,18,31,167,0,7.53,14,nan
7/22/2024 23:07:05,1.16.3,FreeFeed,4,3.83,1,1,Pellet,Left,18,31,168,0,10.97,17,nan
7/22/2024 23:24:41,1.16.3,FreeFeed,4,3.83,nan,1,RightWithPellet,Left,18,32,168,0,nan,nan,0.29
7/22/2024 23:28:24,1.16.3,FreeFeed,4,3.83,nan,1,LeftWithPellet,Left,19,32,168,0,nan,nan,0.21
7/22/2024 23:28:26,1.16.3,FreeFeed,4,3.83,nan,1,RightWithPellet,Left,19,33,168,0,nan,nan,0.01
7/22/2024 23:29:29,1.16.3,FreeFeed,4,3.83,nan,1,RightWithPellet,Left,19,34,168,0,nan,nan,0.02
7/22/2024 23:32:55,1.16.3,FreeFeed,4,3.83,nan,1,LeftWithPellet,Left,20,34,168,0,nan,nan,0.21
7/22/2024 23:33:05,1.16.3,FreeFeed,4,3.83,nan,1,RightWithPellet,Left,20,35,168,0,nan,nan,0.04
7/22/2024 23:33:18,1.16.3,FreeFeed,4,3.84,nan,1,RightWithPellet,Left,20,36,168,0,nan,nan,0.15
7/22/2024 23:33:21,1.16.3,FreeFeed,4,3.83,nan,1,RightWithPellet,Left,20,37,168,0,nan,nan,0.48
7/22/2024 23:49:11,1.16.3,FreeFeed,4,3.83,1,1,Pellet,Left,20,37,169,0,Timed_out,2526,nan
7/22/2024 23:49:14,1.16.3,FreeFeed,4,3.83,1,1,Pellet,Left,20,37,170,0,2.32,3,nan
7/22/2024 23:49:23,1.16.3,FreeFeed,4,3.84,1,1,Pellet,Left,20,37,171,0,2.20,9,nan
7/22/2024 23:49:36,1.16.3,FreeFeed,4,3.83,1,1,Pellet,Left,20,37,172,0,6.24,13,nan
7/22/2024 23:49:50,1.16.3,FreeFeed,4,3.83,1,1,Pellet,Left,20,37,173,0,7.04,14,nan
7/22/2024 23:50:03,1.16.3,FreeFeed,4,3.83,1,1,Pellet,Left,20,37,174,0,6.37,13,nan
7/22/2024 23:50:18,1.16.3,FreeFeed,4,3.83,1,1,Pellet,Left,20,37,175,0,8.08,15,nan
7/22/2024 23:50:30,1.16.3,FreeFeed,4,3.83,2,1,Pellet,Left,20,37,176,0,3.48,12,nan
7/22/2024 23:50:47,1.16.3,FreeFeed,4,3.83,1,1,Pellet,Left,20,37,177,0,10.54,17,nan
7/22/2024 23:52:29,1.16.3,FreeFeed,4,3.83,nan,1,LeftWithPellet,Left,21,37,177,0,nan,nan,0.29
7/23/2024 0:14:38,1.16.3,FreeFeed,4,3.83,nan,1,RightWithPellet,Left,21,38,177,0,nan,nan,0.17
7/23/2024 0:15:18,1.16.3,FreeFeed,4,3.83,nan,1,RightWithPellet,Left,21,39,177,0,nan,nan,0.15
7/23/2024 0:19:11,1.16.3,FreeFeed,4,3.83,nan,1,LeftWithPellet,Left,22,39,177,0,nan,nan,0.71
7/23/2024 0:21:44,1.16.3,FreeFeed,4,3.83,1,1,Pellet,Left,22,39,178,0,Timed_out,1857,nan
7/23/2024 0:21:52,1.16.3,FreeFeed,4,3.84,1,1,Pellet,Left,22,39,179,0,1.22,8,nan
7/23/2024 0:22:05,1.16.3,FreeFeed,4,3.83,1,1,Pellet,Left,22,39,180,0,6.24,13,nan
7/23/2024 0:22:18,1.16.3,FreeFeed,4,3.84,1,1,Pellet,Left,22,39,181,0,6.24,13,nan
7/23/2024 0:22:32,1.16.3,FreeFeed,4,3.83,1,1,Pellet,Left,22,39,182,0,7.16,14,nan
7/23/2024 0:22:44,1.16.3,FreeFeed,4,3.83,1,1,Pellet,Left,22,39,183,0,5.38,12,nan
7/23/2024 0:22:58,1.16.3,FreeFeed,4,3.83,2,1,Pellet,Left,22,39,184,0,5.38,14,nan
7/23/2024 0:23:12,1.16.3,FreeFeed,4,3.83,1,1,Pellet,Left,22,39,185,0,7.65,14,nan
7/23/2024 0:23:26,1.16.3,FreeFeed,4,3.83,1,1,Pellet,Left,22,39,186,0,7.41,14,nan
7/23/2024 0:23:40,1.16.3,FreeFeed,4,3.83,1,1,Pellet,Left,22,39,187,0,6.92,14,nan
7/23/2024 0:23:55,1.16.3,FreeFeed,4,3.83,2,1,Pellet,Left,22,39,188,0,7.78,15,nan
7/23/2024 0:25:04,1.16.3,FreeFeed,4,3.83,1,1,Pellet,Left,22,39,189,0,Timed_out,69,nan
7/23/2024 0:25:38,1.16.3,FreeFeed,4,3.83,nan,1,LeftWithPellet,Left,23,39,189,0,nan,nan,0.08
7/23/2024 0:28:11,1.16.3,FreeFeed,4,3.83,nan,1,LeftWithPellet,Left,24,39,189,0,nan,nan,0.04
7/23/2024 0:28:13,1.16.3,FreeFeed,4,3.83,nan,1,LeftWithPellet,Left,25,39,189,0,nan,nan,0.49
7/23/2024 0:28:15,1.16.3,FreeFeed,4,3.83,nan,1,LeftWithPellet,Left,26,39,189,0,nan,nan,0.01
7/23/2024 0:28:16,1.16.3,FreeFeed,4,3.83,nan,1,LeftWithPellet,Left,27,39,189,0,nan,nan,0.15
7/23/2024 0:28:22,1.16.3,FreeFeed,4,3.83,nan,1,RightWithPellet,Left,27,40,189,0,nan,nan,0.00
7/23/2024 0:28:24,1.16.3,FreeFeed,4,3.83,nan,1,RightWithPellet,Left,27,41,189,0,nan,nan,0.89
7/23/2024 0:29:24,1.16.3,FreeFeed,4,3.83,nan,1,RightWithPellet,Left,27,42,189,0,nan,nan,0.16
7/23/2024 0:29:27,1.16.3,FreeFeed,4,3.83,nan,1,RightWithPellet,Left,27,43,189,0,nan,nan,0.44
7/23/2024 0:29:30,1.16.3,FreeFeed,4,3.83,nan,1,LeftWithPellet,Left,28,43,189,0,nan,nan,0.02
7/23/2024 0:33:53,1.16.3,FreeFeed,4,3.83,1,1,Pellet,Left,28,43,190,0,Timed_out,529,nan
7/23/2024 0:35:04,1.16.3,FreeFeed,4,3.83,nan,1,LeftWithPellet,Left,29,43,190,0,nan,nan,0.69
7/23/2024 2:26:19,1.16.3,FreeFeed,4,3.83,nan,1,RightWithPellet,Left,29,44,190,0,nan,nan,0.23
7/23/2024 2:26:26,1.16.3,FreeFeed,4,3.83,1,1,Pellet,Left,29,44,191,0,Timed_out,6753,nan
7/23/2024 2:26:27,1.16.3,FreeFeed,4,3.83,1,1,Pellet,Left,29,44,192,0,0.06,1,nan
7/23/2024 2:26:49,1.16.3,FreeFeed,4,3.83,1,1,Pellet,Left,29,44,193,0,14.96,21,nan
7/23/2024 2:27:08,1.16.3,FreeFeed,4,3.83,1,1,Pellet,Left,29,44,194,0,12.14,19,nan
7/23/2024 2:27:30,1.16.3,FreeFeed,4,3.83,1,1,Pellet,Left,29,44,195,0,15.14,22,nan
7/23/2024 2:27:31,1.16.3,FreeFeed,4,3.83,1,1,Pellet,Left,29,44,196,0,0.48,2,nan
7/23/2024 4:28:40,1.16.3,FreeFeed,4,3.83,nan,1,RightWithPellet,Left,29,45,196,0,nan,nan,0.60
7/23/2024 4:29:00,1.16.3,FreeFeed,4,3.83,nan,1,LeftWithPellet,Left,30,45,196,0,nan,nan,0.50
7/23/2024 4:29:05,1.16.3,FreeFeed,4,3.82,1,1,Pellet,Left,30,45,197,0,Timed_out,7294,nan
7/23/2024 4:29:24,1.16.3,FreeFeed,4,3.83,1,1,Pellet,Left,30,45,198,0,11.88,19,nan
7/23/2024 4:29:39,1.16.3,FreeFeed,4,3.83,1,1,Pellet,Left,30,45,199,0,13.79,15,nan
7/23/2024 4:30:02,1.16.3,FreeFeed,4,3.82,1,1,Pellet,Left,30,45,200,0,15.57,23,nan
7/23/2024 4:30:26,1.16.3,FreeFeed,4,3.82,1,1,Pellet,Left,30,45,201,0,18.21,24,nan
7/23/2024 4:30:30,1.16.3,FreeFeed,4,3.83,1,1,Pellet,Left,30,45,202,0,1.22,3,nan
7/23/2024 4:30:37,1.16.3,FreeFeed,4,3.82,2,1,Pellet,Left,30,45,203,0,0.06,7,nan
7/23/2024 4:30:53,1.16.3,FreeFeed,4,3.83,1,1,Pellet,Left,30,45,204,0,9.98,17,nan
7/23/2024 4:31:09,1.16.3,FreeFeed,4,3.82,1,1,Pellet,Left,30,45,205,0,9.18,16,nan
7/23/2024 4:31:26,1.16.3,FreeFeed,4,3.83,1,1,Pellet,Left,30,45,206,0,9.92,17,nan
7/23/2024 4:31:41,1.16.3,FreeFeed,4,3.83,1,1,Pellet,Left,30,45,207,0,7.53,15,nan
7/23/2024 4:31:58,1.16.3,FreeFeed,4,3.82,1,1,Pellet,Left,30,45,208,0,11.15,17,nan
7/23/2024 4:32:17,1.16.3,FreeFeed,4,3.82,1,1,Pellet,Left,30,45,209,0,11.52,19,nan
7/23/2024 4:32:35,1.16.3,FreeFeed,4,3.83,1,1,Pellet,Left,30,45,210,0,11.71,18,nan
7/23/2024 4:32:51,1.16.3,FreeFeed,4,3.82,1,1,Pellet,Left,30,45,211,0,9.92,16,nan
7/23/2024 4:33:17,1.16.3,FreeFeed,4,3.83,1,1,Pellet,Left,30,45,212,0,18.58,26,nan
7/23/2024 4:33:34,1.16.3,FreeFeed,4,3.82,1,1,Pellet,Left,30,45,213,0,11.03,17,nan
7/23/2024 4:33:50,1.16.3,FreeFeed,4,3.82,1,1,Pellet,Left,30,45,214,0,8.51,16,nan
7/23/2024 4:34:05,1.16.3,FreeFeed,4,3.83,1,1,Pellet,Left,30,45,215,0,9.18,15,nan
7/23/2024 4:34:22,1.16.3,FreeFeed,4,3.82,1,1,Pellet,Left,30,45,216,0,9.86,17,nan
7/23/2024 4:34:39,1.16.3,FreeFeed,4,3.83,1,1,Pellet,Left,30,45,217,0,9.43,17,nan
7/23/2024 4:35:07,1.16.3,FreeFeed,4,3.83,1,1,Pellet,Left,30,45,218,0,21.59,28,nan
7/23/2024 4:37:01,1.16.3,FreeFeed,4,3.83,nan,1,LeftWithPellet,Left,31,45,218,0,nan,nan,0.22
7/23/2024 4:41:44,1.16.3,FreeFeed,4,3.83,nan,1,RightWithPellet,Left,31,46,218,0,nan,nan,0.10
7/23/2024 4:41:46,1.16.3,FreeFeed,4,3.82,nan,1,RightWithPellet,Left,31,47,218,0,nan,nan,0.42
7/23/2024 4:41:49,1.16.3,FreeFeed,4,3.83,nan,1,RightWithPellet,Left,31,48,218,0,nan,nan,0.11
7/23/2024 4:41:51,1.16.3,FreeFeed,4,3.82,nan,1,RightWithPellet,Left,31,49,218,0,nan,nan,0.08
7/23/2024 4:41:54,1.16.3,FreeFeed,4,3.82,nan,1,RightWithPellet,Left,31,50,218,0,nan,nan,0.01
7/23/2024 4:42:23,1.16.3,FreeFeed,4,3.82,nan,1,LeftWithPellet,Left,32,50,218,0,nan,nan,1.07
7/23/2024 4:42:34,1.16.3,FreeFeed,4,3.82,nan,1,RightWithPellet,Left,32,51,218,0,nan,nan,0.22
7/23/2024 4:42:54,1.16.3,FreeFeed,4,3.83,nan,1,RightWithPellet,Left,32,52,218,0,nan,nan,0.00
7/23/2024 4:49:27,1.16.3,FreeFeed,4,3.83,nan,1,RightWithPellet,Left,32,53,218,0,nan,nan,0.23
7/23/2024 4:51:45,1.16.3,FreeFeed,4,3.82,nan,1,RightWithPellet,Left,32,54,218,0,nan,nan,0.15
7/23/2024 4:53:16,1.16.3,FreeFeed,4,3.83,nan,1,RightWithPellet,Left,32,55,218,0,nan,nan,0.31
7/23/2024 5:01:27,1.16.3,FreeFeed,4,3.82,1,1,Pellet,Left,32,55,219,0,Timed_out,1580,nan
7/23/2024 5:16:23,1.16.3,FreeFeed,4,3.82,nan,1,LeftWithPellet,Left,33,55,219,0,nan,nan,0.27
7/23/2024 5:16:28,1.16.3,FreeFeed,4,3.82,nan,1,RightWithPellet,Left,33,56,219,0,nan,nan,0.21
7/23/2024 5:22:57,1.16.3,FreeFeed,4,3.82,nan,1,LeftWithPellet,Left,34,56,219,0,nan,nan,0.01
7/23/2024 5:27:12,1.16.3,FreeFeed,4,3.82,nan,1,LeftWithPellet,Left,35,56,219,0,nan,nan,0.82
7/23/2024 5:27:16,1.16.3,FreeFeed,4,3.82,1,1,Pellet,Left,35,56,220,0,Timed_out,1549,nan
7/23/2024 5:27:17,1.16.3,FreeFeed,4,3.82,1,1,Pellet,Left,35,56,221,0,0.06,1,nan
7/23/2024 5:27:31,1.16.3,FreeFeed,4,3.82,1,1,Pellet,Left,35,56,222,0,7.47,14,nan
7/23/2024 5:27:42,1.16.3,FreeFeed,4,3.82,1,1,Pellet,Left,35,56,223,0,4.77,11,nan
7/23/2024 5:27:53,1.16.3,FreeFeed,4,3.82,1,1,Pellet,Left,35,56,224,0,4.41,11,nan
7/23/2024 5:28:06,1.16.3,FreeFeed,4,3.82,1,1,Pellet,Left,35,56,225,0,6.55,13,nan
7/23/2024 5:28:21,1.16.3,FreeFeed,4,3.82,1,1,Pellet,Left,35,56,226,0,8.46,15,nan
7/23/2024 5:28:35,1.16.3,FreeFeed,4,3.83,1,1,Pellet,Left,35,56,227,0,7.17,13,nan
7/23/2024 5:28:51,1.16.3,FreeFeed,4,3.82,1,1,Pellet,Left,35,56,228,0,9.62,17,nan
7/23/2024 5:29:01,1.16.3,FreeFeed,4,3.82,1,1,Pellet,Left,35,56,229,0,3.12,10,nan
7/23/2024 5:29:18,1.16.3,FreeFeed,4,3.82,1,1,Pellet,Left,35,56,230,0,10.79,17,nan
7/23/2024 5:29:26,1.16.3,FreeFeed,4,3.82,1,1,Pellet,Left,35,56,231,0,1.83,8,nan
7/23/2024 5:33:38,1.16.3,FreeFeed,4,3.83,nan,1,RightWithPellet,Left,35,57,231,0,nan,nan,0.05
7/23/2024 5:34:10,1.16.3,FreeFeed,4,3.82,nan,1,LeftWithPellet,Left,36,57,231,0,nan,nan,0.44
7/23/2024 5:34:14,1.16.3,FreeFeed,4,3.82,nan,1,LeftWithPellet,Left,37,57,231,0,nan,nan,0.01
7/23/2024 5:34:16,1.16.3,FreeFeed,4,3.82,nan,1,LeftWithPellet,Left,38,57,231,0,nan,nan,0.20
7/23/2024 5:34:18,1.16.3,FreeFeed,4,3.82,nan,1,LeftWithPellet,Left,39,57,231,0,nan,nan,0.62
7/23/2024 5:34:19,1.16.3,FreeFeed,4,3.83,nan,1,LeftWithPellet,Left,40,57,231,0,nan,nan,0.03
7/23/2024 5:34:20,1.16.3,FreeFeed,4,3.82,nan,1,LeftWithPellet,Left,41,57,231,0,nan,nan,0.12
7/23/2024 5:34:25,1.16.3,FreeFeed,4,3.82,nan,1,LeftWithPellet,Left,42,57,231,0,nan,nan,0.66
7/23/2024 5:34:30,1.16.3,FreeFeed,4,3.82,nan,1,LeftWithPellet,Left,43,57,231,0,nan,nan,0.11
7/23/2024 5:34:34,1.16.3,FreeFeed,4,3.82,nan,1,LeftWithPellet,Left,44,57,231,0,nan,nan,0.62
7/23/2024 5:34:36,1.16.3,FreeFeed,4,3.82,nan,1,LeftWithPellet,Left,45,57,231,0,nan,nan,0.68
7/23/2024 5:34:39,1.16.3,FreeFeed,4,3.82,nan,1,LeftWithPellet,Left,46,57,231,0,nan,nan,0.29
7/23/2024 5:34:41,1.16.3,FreeFeed,4,3.82,nan,1,LeftWithPellet,Left,47,57,231,0,nan,nan,0.05
7/23/2024 5:34:44,1.16.3,FreeFeed,4,3.82,nan,1,LeftWithPellet,Left,48,57,231,0,nan,nan,0.61
7/23/2024 5:34:46,1.16.3,FreeFeed,4,3.82,nan,1,LeftWithPellet,Left,49,57,231,0,nan,nan,0.56
7/23/2024 5:34:52,1.16.3,FreeFeed,4,3.82,nan,1,LeftWithPellet,Left,50,57,231,0,nan,nan,0.20
7/23/2024 5:35:02,1.16.3,FreeFeed,4,3.82,nan,1,LeftWithPellet,Left,51,57,231,0,nan,nan,0.07
7/23/2024 5:35:29,1.16.3,FreeFeed,4,3.82,nan,1,LeftWithPellet,Left,52,57,231,0,nan,nan,0.00
7/23/2024 5:35:39,1.16.3,FreeFeed,4,3.82,nan,1,LeftWithPellet,Left,53,57,231,0,nan,nan,0.02
7/23/2024 5:35:53,1.16.3,FreeFeed,4,3.82,nan,1,RightWithPellet,Left,53,58,231,0,nan,nan,0.24
7/23/2024 5:35:55,1.16.3,FreeFeed,4,3.82,nan,1,RightWithPellet,Left,53,59,231,0,nan,nan,0.12
7/23/2024 5:35:56,1.16.3,FreeFeed,4,3.82,nan,1,RightWithPellet,Left,53,60,231,0,nan,nan,1.28
7/23/2024 5:35:58,1.16.3,FreeFeed,4,3.82,nan,1,RightWithPellet,Left,53,61,231,0,nan,nan,0.18
7/23/2024 5:36:03,1.16.3,FreeFeed,4,3.83,nan,1,LeftWithPellet,Left,54,61,231,0,nan,nan,0.05
7/23/2024 5:36:05,1.16.3,FreeFeed,4,3.82,nan,1,LeftWithPellet,Left,55,61,231,0,nan,nan,0.28
7/23/2024 5:36:24,1.16.3,FreeFeed,4,3.82,nan,1,RightWithPellet,Left,55,62,231,0,nan,nan,0.04
7/23/2024 5:36:32,1.16.3,FreeFeed,4,3.81,nan,1,RightWithPellet,Left,55,63,231,0,nan,nan,0.33
7/23/2024 5:36:38,1.16.3,FreeFeed,4,3.83,nan,1,RightWithPellet,Left,55,64,231,0,nan,nan,0.44
7/23/2024 5:50:16,1.16.3,FreeFeed,4,3.82,nan,1,LeftWithPellet,Left,56,64,231,0,nan,nan,0.00
7/23/2024 5:51:36,1.16.3,FreeFeed,4,3.82,nan,1,LeftWithPellet,Left,57,64,231,0,nan,nan,0.42
7/23/2024 6:20:08,1.16.3,FreeFeed,4,3.82,1,1,Pellet,Left,57,64,232,0,Timed_out,3041,nan
7/23/2024 6:20:23,1.16.3,FreeFeed,4,3.82,1,1,Pellet,Left,57,64,233,0,9.07,16,nan
7/23/2024 6:20:36,1.16.3,FreeFeed,4,3.82,1,1,Pellet,Left,57,64,234,0,6.06,13,nan
7/23/2024 6:20:48,1.16.3,FreeFeed,4,3.82,1,1,Pellet,Left,57,64,235,0,5.32,12,nan
7/23/2024 6:21:01,1.16.3,FreeFeed,4,3.82,1,1,Pellet,Left,57,64,236,0,6.67,13,nan
7/23/2024 6:22:28,1.16.3,FreeFeed,4,3.82,nan,1,LeftWithPellet,Left,58,64,236,0,nan,nan,0.14
7/23/2024 6:22:48,1.16.3,FreeFeed,4,3.82,nan,1,RightWithPellet,Left,58,65,236,0,nan,nan,0.00
7/23/2024 6:22:51,1.16.3,FreeFeed,4,3.82,nan,1,RightWithPellet,Left,58,66,236,0,nan,nan,0.81
7/23/2024 6:22:56,1.16.3,FreeFeed,4,3.82,nan,1,RightWithPellet,Left,58,67,236,0,nan,nan,0.00
7/23/2024 6:22:59,1.16.3,FreeFeed,4,3.82,nan,1,RightWithPellet,Left,58,68,236,0,nan,nan,0.08
7/23/2024 6:23:04,1.16.3,FreeFeed,4,3.82,nan,1,RightWithPellet,Left,58,69,236,0,nan,nan,0.28
7/23/2024 6:23:07,1.16.3,FreeFeed,4,3.83,nan,1,RightWithPellet,Left,58,70,236,0,nan,nan,0.35
7/23/2024 6:23:08,1.16.3,FreeFeed,4,3.82,nan,1,RightWithPellet,Left,58,71,236,0,nan,nan,0.14
7/23/2024 6:23:10,1.16.3,FreeFeed,4,3.82,nan,1,RightWithPellet,Left,58,72,236,0,nan,nan,0.75
7/23/2024 6:34:31,1.16.3,FreeFeed,4,3.82,nan,1,LeftWithPellet,Left,59,72,236,0,nan,nan,0.77
7/23/2024 6:34:33,1.16.3,FreeFeed,4,3.82,nan,1,LeftWithPellet,Left,60,72,236,0,nan,nan,0.56
7/23/2024 8:11:39,1.16.3,FreeFeed,4,3.82,nan,1,LeftWithPellet,Left,61,72,236,0,nan,nan,0.22
7/23/2024 8:11:41,1.16.3,FreeFeed,4,3.82,1,1,Pellet,Left,61,72,237,0,Timed_out,6640,nan
7/23/2024 8:12:02,1.16.3,FreeFeed,4,3.82,1,1,Pellet,Left,61,72,238,0,13.97,21,nan
7/23/2024 8:12:19,1.16.3,FreeFeed,4,3.82,2,1,Pellet,Left,61,72,239,0,9.56,17,nan
7/23/2024 8:12:37,1.16.3,FreeFeed,4,3.82,1,1,Pellet,Left,61,72,240,0,11.71,18,nan
7/23/2024 8:12:55,1.16.3,FreeFeed,4,3.82,1,1,Pellet,Left,61,72,241,0,11.09,17,nan
7/23/2024 8:13:16,1.16.3,FreeFeed,4,3.82,1,1,Pellet,Left,61,72,242,0,14.71,22,nan
7/23/2024 8:13:32,1.16.3,FreeFeed,4,3.82,1,1,Pellet,Left,61,72,243,0,9.49,16,nan
7/23/2024 9:14:55,1.16.3,FreeFeed,4,3.81,nan,1,RightWithPellet,Left,61,73,243,0,nan,nan,0.29
7/23/2024 9:24:22,1.16.3,FreeFeed,4,3.81,nan,1,LeftWithPellet,Left,62,73,243,0,nan,nan,0.39
7/23/2024 11:32:46,1.16.3,FreeFeed,4,3.81,1,1,Pellet,Left,62,73,244,0,Timed_out,11954,nan
7/23/2024 11:32:48,1.16.3,FreeFeed,4,3.81,1,1,Pellet,Left,62,73,245,0,0.06,2,nan
7/23/2024 11:32:56,1.16.3,FreeFeed,4,3.81,1,1,Pellet,Left,62,73,246,0,0.73,8,nan
7/23/2024 11:33:03,1.16.3,FreeFeed,4,3.81,2,1,Pellet,Left,62,73,247,0,0.06,7,nan
7/23/2024 11:33:24,1.16.3,FreeFeed,4,3.82,1,1,Pellet,Left,62,73,248,0,14.53,21,nan
7/23/2024 11:33:25,1.16.3,FreeFeed,4,3.81,1,1,Pellet,Left,62,73,249,0,0.06,1,nan
7/23/2024 11:33:42,1.16.3,FreeFeed,4,3.81,1,1,Pellet,Left,62,73,250,0,10.04,16,nan
7/23/2024 11:34:00,1.16.3,FreeFeed,4,3.81,1,1,Pellet,Left,62,73,251,0,17.35,19,nan
7/23/2024 11:34:17,1.16.3,FreeFeed,4,3.81,1,1,Pellet,Left,62,73,252,0,10.78,17,nan
7/23/2024 11:34:18,1.16.3,FreeFeed,4,3.81,1,1,Pellet,Left,62,73,253,0,0.06,1,nan
7/23/2024 11:34:41,1.16.3,FreeFeed,4,3.81,1,1,Pellet,Left,62,73,254,0,16.25,23,nan
7/23/2024 11:38:12,1.16.3,FreeFeed,4,3.81,1,1,Pellet,Left,62,73,255,0,Timed_out,211,nan
7/23/2024 11:44:06,1.16.3,FreeFeed,4,3.81,nan,1,RightWithPellet,Left,62,74,255,0,nan,nan,1.04
7/23/2024 13:43:22,1.16.3,FreeFeed,4,3.80,1,1,Pellet,Left,62,74,256,0,Timed_out,7510,nan
7/23/2024 13:43:23,1.16.3,FreeFeed,4,3.80,1,1,Pellet,Left,62,74,257,0,0.12,1,nan
7/23/2024 13:43:40,1.16.3,FreeFeed,4,3.80,1,1,Pellet,Left,62,74,258,0,10.17,17,nan
7/23/2024 13:43:41,1.16.3,FreeFeed,4,3.81,1,1,Pellet,Left,62,74,259,0,0.06,1,nan
7/23/2024 13:44:04,1.16.3,FreeFeed,4,3.80,1,1,Pellet,Left,62,74,260,0,15.27,22,nan
7/23/2024 13:44:23,1.16.3,FreeFeed,4,3.80,1,1,Pellet,Left,62,74,261,0,12.44,20,nan
7/23/2024 13:45:03,1.16.3,FreeFeed,4,3.80,1,1,Pellet,Left,62,74,262,0,33.47,40,nan
7/23/2024 15:19:40,1.16.3,FreeFeed,4,3.80,1,1,Pellet,Left,62,74,263,0,Timed_out,5677,nan
7/23/2024 15:19:40,1.16.3,FreeFeed,4,3.80,1,1,Pellet,Left,62,74,264,0,0.06,0,nan
7/23/2024 15:19:41,1.16.3,FreeFeed,4,3.80,1,1,Pellet,Left,62,74,265,0,0.06,1,nan
7/23/2024 15:19:42,1.16.3,FreeFeed,4,3.80,1,1,Pellet,Left,62,74,266,0,0.12,1,nan
7/23/2024 15:19:50,1.16.3,FreeFeed,4,3.80,1,1,Pellet,Left,62,74,267,0,0.79,7,nan
7/23/2024 15:20:15,1.16.3,FreeFeed,4,3.80,1,1,Pellet,Left,62,74,268,0,19.14,26,nan
7/23/2024 15:20:33,1.16.3,FreeFeed,4,3.80,2,1,Pellet,Left,62,74,269,0,9.25,18,nan
7/23/2024 15:20:34,1.16.3,FreeFeed,4,3.80,1,1,Pellet,Left,62,74,270,0,0.06,1,nan
7/23/2024 15:20:53,1.16.3,FreeFeed,4,3.80,1,1,Pellet,Left,62,74,271,0,12.32,19,nan
7/23/2024 15:21:12,1.16.3,FreeFeed,4,3.80,1,1,Pellet,Left,62,74,272,0,11.88,19,nan
7/23/2024 15:21:29,1.16.3,FreeFeed,4,3.80,1,1,Pellet,Left,62,74,273,0,11.09,17,nan
7/23/2024 15:21:30,1.16.3,FreeFeed,4,3.80,1,1,Pellet,Left,62,74,274,0,0.06,1,nan
7/23/2024 15:22:13,1.16.3,FreeFeed,4,3.80,1,1,Pellet,Left,62,74,275,0,36.68,42,nan
7/23/2024 15:22:32,1.16.3,FreeFeed,4,3.80,1,1,Pellet,Left,62,74,276,0,12.81,20,nan
7/23/2024 15:22:49,1.16.3,FreeFeed,4,3.80,1,1,Pellet,Left,62,74,277,0,9.93,17,nan
7/23/2024 15:23:06,1.16.3,FreeFeed,4,3.80,1,1,Pellet,Left,62,74,278,0,16.44,17,nan
7/23/2024 17:08:56,1.16.3,FreeFeed,4,3.80,nan,1,LeftWithPellet,Left,63,74,278,0,nan,nan,0.24
7/23/2024 17:08:59,1.16.3,FreeFeed,4,3.79,1,1,Pellet,Left,63,74,279,0,Timed_out,6353,nan
7/23/2024 17:08:59,1.16.3,FreeFeed,4,3.80,1,1,Pellet,Left,63,74,280,0,0.06,0,nan
7/23/2024 17:09:15,1.16.3,FreeFeed,4,3.80,1,1,Pellet,Left,63,74,281,0,9.00,16,nan
7/23/2024 17:09:33,1.16.3,FreeFeed,4,3.79,1,1,Pellet,Left,63,74,282,0,10.29,18,nan
7/23/2024 17:09:40,1.16.3,FreeFeed,4,3.80,1,1,Pellet,Left,63,74,283,0,0.54,7,nan
7/23/2024 17:09:57,1.16.3,FreeFeed,4,3.80,1,1,Pellet,Left,63,74,284,0,10.72,17,nan
7/23/2024 17:10:16,1.16.3,FreeFeed,4,3.80,1,1,Pellet,Left,63,74,285,0,12.25,19,nan
7/23/2024 17:10:31,1.16.3,FreeFeed,4,3.80,1,1,Pellet,Left,63,74,286,0,8.45,15,nan
7/23/2024 17:10:50,1.16.3,FreeFeed,4,3.79,1,1,Pellet,Left,63,74,287,0,12.25,19,nan
7/23/2024 17:56:52,1.16.3,FreeFeed,4,3.79,1,1,Pellet,Left,63,74,288,0,Timed_out,2761,nan
7/23/2024 17:57:07,1.16.3,FreeFeed,4,3.79,1,1,Pellet,Left,63,74,289,0,8.39,16,nan
7/23/2024 17:57:22,1.16.3,FreeFeed,4,3.80,1,1,Pellet,Left,63,74,290,0,8.51,15,nan
7/23/2024 17:57:39,1.16.3,FreeFeed,4,3.79,1,1,Pellet,Left,63,74,291,0,10.17,17,nan
7/23/2024 17:57:57,1.16.3,FreeFeed,4,3.80,1,1,Pellet,Left,63,74,292,0,11.21,18,nan
7/23/2024 17:58:13,1.16.3,FreeFeed,4,3.80,1,1,Pellet,Left,63,74,293,0,8.94,15,nan
7/23/2024 17:58:15,1.16.3,FreeFeed,4,3.80,1,1,Pellet,Left,63,74,294,0,1.34,3,nan
7/23/2024 17:58:33,1.16.3,FreeFeed,4,3.80,1,1,Pellet,Left,63,74,295,0,11.58,18,nan
7/23/2024 18:01:45,1.16.3,FreeFeed,4,3.80,nan,1,RightWithPellet,Left,63,75,295,0,nan,nan,0.76
7/23/2024 18:22:51,1.16.3,FreeFeed,4,3.79,nan,1,LeftWithPellet,Left,64,75,295,0,nan,nan,0.08
7/23/2024 18:24:13,1.16.3,FreeFeed,4,3.79,nan,1,LeftWithPellet,Left,65,75,295,0,nan,nan,0.56
7/23/2024 18:24:16,1.16.3,FreeFeed,4,3.80,1,1,Pellet,Left,65,75,296,0,Timed_out,1543,nan
7/23/2024 18:24:18,1.16.3,FreeFeed,4,3.79,1,1,Pellet,Left,65,75,297,0,1.22,2,nan
7/23/2024 18:24:35,1.16.3,FreeFeed,4,3.79,1,1,Pellet,Left,65,75,298,0,10.60,17,nan
7/23/2024 18:24:51,1.16.3,FreeFeed,4,3.79,1,1,Pellet,Left,65,75,299,0,8.88,16,nan
7/23/2024 18:25:03,1.16.3,FreeFeed,4,3.79,1,1,Pellet,Left,65,75,300,0,5.88,12,nan
7/23/2024 18:25:18,1.16.3,FreeFeed,4,3.79,1,1,Pellet,Left,65,75,301,0,8.33,15,nan
7/23/2024 18:25:34,1.16.3,FreeFeed,4,3.79,1,1,Pellet,Left,65,75,302,0,8.70,15,nan
7/23/2024 18:25:35,1.16.3,FreeFeed,4,3.79,1,1,Pellet,Left,65,75,303,0,0.12,1,nan
7/23/2024 18:25:51,1.16.3,FreeFeed,4,3.79,1,1,Pellet,Left,65,75,304,0,10.54,17,nan
7/23/2024 18:26:07,1.16.3,FreeFeed,4,3.79,1,1,Pellet,Left,65,75,305,0,9.13,16,nan
7/23/2024 18:26:21,1.16.3,FreeFeed,4,3.79,1,1,Pellet,Left,65,75,306,0,7.53,14,nan
7/23/2024 18:26:22,1.16.3,FreeFeed,4,3.80,1,1,Pellet,Left,65,75,307,0,0.18,1,nan
7/23/2024 18:26:38,1.16.3,FreeFeed,4,3.79,1,1,Pellet,Left,65,75,308,0,9.07,16,nan
7/23/2024 18:26:54,1.16.3,FreeFeed,4,3.79,1,1,Pellet,Left,65,75,309,0,15.15,16,nan
7/23/2024 18:35:40,1.16.3,FreeFeed,4,3.78,nan,1,RightWithPellet,Left,65,76,309,0,nan,nan,0.72
7/23/2024 18:41:06,1.16.3,FreeFeed,4,3.80,nan,1,LeftWithPellet,Left,66,76,309,0,nan,nan,0.76
7/23/2024 18:41:40,1.16.3,FreeFeed,4,3.80,1,1,Pellet,Left,66,76,310,0,Timed_out,886,nan
7/23/2024 18:41:41,1.16.3,FreeFeed,4,3.79,1,1,Pellet,Left,66,76,311,0,0.06,1,nan
7/23/2024 18:41:59,1.16.3,FreeFeed,4,3.79,1,1,Pellet,Left,66,76,312,0,11.70,18,nan
7/23/2024 18:42:15,1.16.3,FreeFeed,4,3.78,1,1,Pellet,Left,66,76,313,0,9.00,16,nan
7/23/2024 18:42:16,1.16.3,FreeFeed,4,3.79,1,1,Pellet,Left,66,76,314,0,0.06,1,nan
7/23/2024 18:42:28,1.16.3,FreeFeed,4,3.80,1,1,Pellet,Left,66,76,315,0,5.38,12,nan
7/23/2024 18:42:29,1.16.3,FreeFeed,4,3.79,1,1,Pellet,Left,66,76,316,0,0.42,1,nan
7/23/2024 18:42:43,1.16.3,FreeFeed,4,3.79,1,1,Pellet,Left,66,76,317,0,7.41,14,nan
7/23/2024 18:43:00,1.16.3,FreeFeed,4,3.80,1,1,Pellet,Left,66,76,318,0,9.98,17,nan
7/23/2024 18:43:15,1.16.3,FreeFeed,4,3.79,1,1,Pellet,Left,66,76,319,0,8.27,15,nan
7/23/2024 18:43:16,1.16.3,FreeFeed,4,3.79,1,1,Pellet,Left,66,76,320,0,0.18,1,nan
7/23/2024 19:41:57,1.16.3,FreeFeed,4,3.79,1,1,Pellet,Left,66,76,321,0,Timed_out,3521,nan
7/23/2024 19:42:17,1.16.3,FreeFeed,4,3.79,1,1,Pellet,Left,66,76,322,0,13.85,20,nan
7/23/2024 19:42:32,1.16.3,FreeFeed,4,3.79,1,1,Pellet,Left,66,76,323,0,8.57,15,nan
7/23/2024 19:42:33,1.16.3,FreeFeed,4,3.79,1,1,Pellet,Left,66,76,324,0,0.18,1,nan
7/23/2024 19:42:51,1.16.3,FreeFeed,4,3.79,1,1,Pellet,Left,66,76,325,0,11.27,17,nan
7/23/2024 19:43:06,1.16.3,FreeFeed,4,3.78,1,1,Pellet,Left,66,76,326,0,8.76,16,nan
7/23/2024 19:43:28,1.16.3,FreeFeed,4,3.78,1,1,Pellet,Left,66,76,327,0,20.50,22,nan
7/23/2024 19:51:05,1.16.3,FreeFeed,4,3.79,nan,1,LeftWithPellet,Left,67,76,327,0,nan,nan,0.49
7/23/2024 19:59:50,1.16.3,FreeFeed,4,3.79,nan,1,LeftWithPellet,Left,68,76,327,0,nan,nan,0.23
7/23/2024 19:59:52,1.16.3,FreeFeed,4,3.78,1,1,Pellet,Left,68,76,328,0,Timed_out,983,nan
7/23/2024 20:00:05,1.16.3,FreeFeed,4,3.78,1,1,Pellet,Left,68,76,329,0,7.35,14,nan
7/23/2024 20:03:39,1.16.3,FreeFeed,4,3.79,1,1,Pellet,Left,68,76,330,0,Timed_out,214,nan
7/23/2024 20:03:46,1.16.3,FreeFeed,4,3.78,1,1,Pellet,Left,68,76,331,0,0.85,7,nan
7/23/2024 20:04:01,1.16.3,FreeFeed,4,3.78,2,1,Pellet,Left,68,76,332,0,8.45,15,nan
7/23/2024 20:04:11,1.16.3,FreeFeed,4,3.78,1,1,Pellet,Left,68,76,333,0,4.16,10,nan
7/23/2024 20:04:23,1.16.3,FreeFeed,4,3.78,1,1,Pellet,Left,68,76,334,0,4.40,12,nan
7/23/2024 20:04:37,1.16.3,FreeFeed,4,3.78,1,1,Pellet,Left,68,76,335,0,7.59,14,nan
7/23/2024 20:04:51,1.16.3,FreeFeed,4,3.78,1,1,Pellet,Left,68,76,336,0,7.29,14,nan
7/23/2024 20:05:05,1.16.3,FreeFeed,4,3.78,1,1,Pellet,Left,68,76,337,0,7.65,14,nan
7/23/2024 20:05:20,1.16.3,FreeFeed,4,3.78,1,1,Pellet,Left,68,76,338,0,8.39,15,nan
7/23/2024 20:05:34,1.16.3,FreeFeed,4,3.78,1,1,Pellet,Left,68,76,339,0,7.29,14,nan
7/23/2024 20:05:50,1.16.3,FreeFeed,4,3.78,2,1,Pellet,Left,68,76,340,0,9.74,16,nan
7/23/2024 20:06:03,1.16.3,FreeFeed,4,3.78,1,1,Pellet,Left,68,76,341,0,6.18,12,nan
7/23/2024 20:14:21,1.16.3,FreeFeed,4,3.78,nan,1,RightWithPellet,Left,68,77,341,0,nan,nan,0.71
7/23/2024 20:14:31,1.16.3,FreeFeed,4,3.78,nan,1,RightWithPellet,Left,68,78,341,0,nan,nan,0.93
7/23/2024 20:14:33,1.16.3,FreeFeed,4,3.78,nan,1,RightWithPellet,Left,68,79,341,0,nan,nan,1.11
7/23/2024 20:14:37,1.16.3,FreeFeed,4,3.78,nan,1,RightWithPellet,Left,68,80,341,0,nan,nan,0.00
7/23/2024 20:14:41,1.16.3,FreeFeed,4,3.78,nan,1,RightWithPellet,Left,68,81,341,0,nan,nan,0.01
7/23/2024 20:26:32,1.16.3,FreeFeed,4,3.78,nan,1,LeftWithPellet,Left,69,81,341,0,nan,nan,0.20
7/23/2024 20:29:40,1.16.3,FreeFeed,4,3.78,nan,1,LeftWithPellet,Left,70,81,341,0,nan,nan,0.34
7/23/2024 20:36:28,1.16.3,FreeFeed,4,3.78,nan,1,LeftWithPellet,Left,71,81,341,0,nan,nan,0.04
7/23/2024 20:38:14,1.16.3,FreeFeed,4,3.78,nan,1,RightWithPellet,Left,71,82,341,0,nan,nan,0.04
7/23/2024 20:46:16,1.16.3,FreeFeed,4,3.78,nan,1,LeftWithPellet,Left,72,82,341,0,nan,nan,0.05
7/23/2024 20:46:19,1.16.3,FreeFeed,4,3.78,nan,1,LeftWithPellet,Left,73,82,341,0,nan,nan,0.25
7/23/2024 20:46:20,1.16.3,FreeFeed,4,3.78,nan,1,LeftWithPellet,Left,74,82,341,0,nan,nan,0.02
7/23/2024 20:46:21,1.16.3,FreeFeed,4,3.78,nan,1,LeftWithPellet,Left,75,82,341,0,nan,nan,0.02
7/23/2024 20:46:27,1.16.3,FreeFeed,4,3.78,1,1,Pellet,Left,75,82,342,0,Timed_out,2425,nan
7/23/2024 20:46:55,1.16.3,FreeFeed,4,3.78,nan,1,RightWithPellet,Left,75,83,342,0,nan,nan,0.12
7/23/2024 20:50:31,1.16.3,FreeFeed,4,3.79,1,1,Pellet,Left,75,83,343,0,Timed_out,243,nan
7/23/2024 20:50:32,1.16.3,FreeFeed,4,3.79,1,1,Pellet,Left,75,83,344,0,0.24,1,nan
7/23/2024 20:50:39,1.16.3,FreeFeed,4,3.78,1,1,Pellet,Left,75,83,345,0,0.42,8,nan
7/23/2024 20:50:52,1.16.3,FreeFeed,4,3.78,1,1,Pellet,Left,75,83,346,0,6.24,13,nan
7/23/2024 20:50:53,1.16.3,FreeFeed,4,3.78,1,1,Pellet,Left,75,83,347,0,0.06,1,nan
7/23/2024 20:51:03,1.16.3,FreeFeed,4,3.78,1,1,Pellet,Left,75,83,348,0,3.12,10,nan
7/23/2024 20:51:15,1.16.3,FreeFeed,4,3.78,1,1,Pellet,Left,75,83,349,0,5.26,12,nan
7/23/2024 20:51:29,1.16.3,FreeFeed,4,3.78,1,1,Pellet,Left,75,83,350,0,12.13,13,nan
7/23/2024 20:51:29,1.16.3,FreeFeed,4,3.78,1,1,Pellet,Left,75,83,351,0,0.06,1,nan
7/23/2024 20:51:44,1.16.3,FreeFeed,4,3.78,1,1,Pellet,Left,75,83,352,0,7.90,14,nan
7/23/2024 20:51:56,1.16.3,FreeFeed,4,3.78,1,1,Pellet,Left,75,83,353,0,6.06,13,nan
7/23/2024 20:51:57,1.16.3,FreeFeed,4,3.78,1,1,Pellet,Left,75,83,354,0,0.06,0,nan
7/23/2024 20:52:10,1.16.3,FreeFeed,4,3.78,1,1,Pellet,Left,75,83,355,0,6.24,14,nan
7/23/2024 20:52:11,1.16.3,FreeFeed,4,3.78,1,1,Pellet,Left,75,83,356,0,0.06,1,nan
7/23/2024 20:52:31,1.16.3,FreeFeed,4,3.78,1,1,Pellet,Left,75,83,357,0,13.25,20,nan
7/23/2024 20:52:44,1.16.3,FreeFeed,4,3.78,1,1,Pellet,Left,75,83,358,0,6.18,13,nan
7/23/2024 20:53:04,1.16.3,FreeFeed,4,3.78,1,1,Pellet,Left,75,83,359,0,13.68,20,nan
7/23/2024 21:00:53,1.16.3,FreeFeed,4,3.78,nan,1,LeftWithPellet,Left,76,83,359,0,nan,nan,0.06
7/23/2024 21:05:09,1.16.3,FreeFeed,4,3.78,nan,1,LeftWithPellet,Left,77,83,359,0,nan,nan,0.18
7/23/2024 21:16:22,1.16.3,FreeFeed,4,3.78,nan,1,RightWithPellet,Left,77,84,359,0,nan,nan,0.06
7/23/2024 21:18:21,1.16.3,FreeFeed,4,3.78,nan,1,RightWithPellet,Left,77,85,359,0,nan,nan,0.04
7/23/2024 21:18:27,1.16.3,FreeFeed,4,3.78,1,1,Pellet,Left,77,85,360,0,Timed_out,1523,nan
7/23/2024 21:18:41,1.16.3,FreeFeed,4,3.78,1,1,Pellet,Left,77,85,361,0,6.86,14,nan
7/23/2024 21:18:52,1.16.3,FreeFeed,4,3.78,1,1,Pellet,Left,77,85,362,0,4.10,11,nan
7/23/2024 21:19:04,1.16.3,FreeFeed,4,3.78,1,1,Pellet,Left,77,85,363,0,10.91,12,nan
7/23/2024 21:19:16,1.16.3,FreeFeed,4,3.78,1,1,Pellet,Left,77,85,364,0,5.57,12,nan
7/23/2024 21:19:30,1.16.3,FreeFeed,4,3.78,1,1,Pellet,Left,77,85,365,0,7.71,14,nan
7/23/2024 21:19:42,1.16.3,FreeFeed,4,3.78,1,1,Pellet,Left,77,85,366,0,5.14,12,nan
7/23/2024 21:19:58,1.16.3,FreeFeed,4,3.78,1,1,Pellet,Left,77,85,367,0,8.94,16,nan
7/23/2024 21:39:24,1.16.3,FreeFeed,4,3.78,nan,1,LeftWithPellet,Left,78,85,367,0,nan,nan,0.07
7/23/2024 21:54:28,1.16.3,FreeFeed,4,3.78,nan,1,RightWithPellet,Left,78,86,367,0,nan,nan,0.28
7/23/2024 21:54:30,1.16.3,FreeFeed,4,3.78,nan,1,RightWithPellet,Left,78,87,367,0,nan,nan,0.00
7/23/2024 21:54:34,1.16.3,FreeFeed,4,3.78,nan,1,RightWithPellet,Left,78,88,367,0,nan,nan,0.03
7/23/2024 21:54:37,1.16.3,FreeFeed,4,3.78,nan,1,RightWithPellet,Left,78,89,367,0,nan,nan,0.06
7/23/2024 21:54:38,1.16.3,FreeFeed,4,3.78,nan,1,RightWithPellet,Left,78,90,367,0,nan,nan,0.43
7/23/2024 21:54:40,1.16.3,FreeFeed,4,3.78,nan,1,RightWithPellet,Left,78,91,367,0,nan,nan,0.28
7/23/2024 21:54:43,1.16.3,FreeFeed,4,3.78,nan,1,RightWithPellet,Left,78,92,367,0,nan,nan,0.11
7/23/2024 21:54:45,1.16.3,FreeFeed,4,3.78,nan,1,RightWithPellet,Left,78,93,367,0,nan,nan,0.31
7/23/2024 21:54:48,1.16.3,FreeFeed,4,3.78,nan,1,RightWithPellet,Left,78,94,367,0,nan,nan,0.37
7/23/2024 21:55:02,1.16.3,FreeFeed,4,3.78,nan,1,RightWithPellet,Left,78,95,367,0,nan,nan,0.10
7/23/2024 22:06:23,1.16.3,FreeFeed,4,3.78,1,1,Pellet,Left,78,95,368,0,Timed_out,2785,nan
7/23/2024 22:06:36,1.16.3,FreeFeed,4,3.78,1,1,Pellet,Left,78,95,369,0,6.25,13,nan
7/23/2024 22:06:43,1.16.3,FreeFeed,4,3.78,1,1,Pellet,Left,78,95,370,0,0.67,7,nan
7/23/2024 22:06:50,1.16.3,FreeFeed,4,3.78,1,1,Pellet,Left,78,95,371,0,1.34,7,nan
7/23/2024 22:07:02,1.16.3,FreeFeed,4,3.78,1,1,Pellet,Left,78,95,372,0,5.26,12,nan
7/23/2024 22:07:15,1.16.3,FreeFeed,4,3.78,1,1,Pellet,Left,78,95,373,0,5.51,12,nan
7/23/2024 22:07:29,1.16.3,FreeFeed,4,3.78,1,1,Pellet,Left,78,95,374,0,8.02,15,nan
7/23/2024 22:07:47,1.16.3,FreeFeed,4,3.78,1,1,Pellet,Left,78,95,375,0,10.48,18,nan
7/23/2024 22:08:03,1.16.3,FreeFeed,4,3.78,1,1,Pellet,Left,78,95,376,0,9.68,16,nan
7/23/2024 22:25:54,1.16.3,FreeFeed,4,3.78,nan,1,RightWithPellet,Left,78,96,376,0,nan,nan,0.18
7/23/2024 23:38:06,1.16.3,FreeFeed,4,3.78,1,1,Pellet,Left,78,96,377,0,Timed_out,5403,nan
7/23/2024 23:38:07,1.16.3,FreeFeed,4,3.77,1,1,Pellet,Left,78,96,378,0,0.61,1,nan
7/23/2024 23:38:31,1.16.3,FreeFeed,4,3.78,1,1,Pellet,Left,78,96,379,0,17.74,24,nan
7/23/2024 23:38:56,1.16.3,FreeFeed,4,3.78,1,1,Pellet,Left,78,96,380,0,18.66,25,nan
7/23/2024 23:39:26,1.16.3,FreeFeed,4,3.78,1,1,Pellet,Left,78,96,381,0,23.09,30,nan
7/23/2024 23:39:45,1.16.3,FreeFeed,4,3.78,1,1,Pellet,Left,78,96,382,0,12.01,18,nan
7/23/2024 23:40:07,1.16.3,FreeFeed,4,3.77,1,1,Pellet,Left,78,96,383,0,15.77,23,nan
7/23/2024 23:40:23,1.16.3,FreeFeed,4,3.77,1,1,Pellet,Left,78,96,384,0,9.86,16,nan
7/24/2024 0:12:23,1.16.3,FreeFeed,4,3.78,nan,1,RightWithPellet,Left,78,97,384,0,nan,nan,0.64
7/24/2024 0:14:09,1.16.3,FreeFeed,4,3.78,nan,1,LeftWithPellet,Left,79,97,384,0,nan,nan,0.50
7/24/2024 0:14:17,1.16.3,FreeFeed,4,3.78,nan,1,RightWithPellet,Left,79,98,384,0,nan,nan,0.40
7/24/2024 0:16:22,1.16.3,FreeFeed,4,3.78,1,1,Pellet,Left,79,98,385,0,Timed_out,2159,nan
7/24/2024 0:16:29,1.16.3,FreeFeed,4,3.78,2,1,Pellet,Left,79,98,386,0,0.06,7,nan
7/24/2024 0:16:47,1.16.3,FreeFeed,4,3.78,1,1,Pellet,Left,79,98,387,0,10.78,17,nan
7/24/2024 0:17:02,1.16.3,FreeFeed,4,3.77,1,1,Pellet,Left,79,98,388,0,14.10,16,nan
7/24/2024 0:17:15,1.16.3,FreeFeed,4,3.77,1,1,Pellet,Left,79,98,389,0,6.24,13,nan
7/24/2024 0:17:33,1.16.3,FreeFeed,4,3.77,1,1,Pellet,Left,79,98,390,0,10.78,17,nan
7/24/2024 0:17:50,1.16.3,FreeFeed,4,3.78,1,1,Pellet,Left,79,98,391,0,10.84,18,nan
7/24/2024 0:18:04,1.16.3,FreeFeed,4,3.77,1,1,Pellet,Left,79,98,392,0,7.83,14,nan
7/24/2024 0:18:29,1.16.3,FreeFeed,4,3.78,1,1,Pellet,Left,79,98,393,0,19.20,25,nan
7/24/2024 0:18:45,1.16.3,FreeFeed,4,3.77,1,1,Pellet,Left,79,98,394,0,8.82,16,nan
7/24/2024 0:19:00,1.16.3,FreeFeed,4,3.77,1,1,Pellet,Left,79,98,395,0,8.69,14,nan
7/24/2024 0:19:19,1.16.3,FreeFeed,4,3.77,1,1,Pellet,Left,79,98,396,0,13.54,20,nan
7/24/2024 0:19:36,1.16.3,FreeFeed,4,3.78,1,1,Pellet,Left,79,98,397,0,9.80,16,nan
7/24/2024 0:20:13,1.16.3,FreeFeed,4,3.78,1,1,Pellet,Left,79,98,398,0,30.82,38,nan
7/24/2024 0:25:52,1.16.3,FreeFeed,4,3.78,nan,1,RightWithPellet,Left,79,99,398,0,nan,nan,0.08
7/24/2024 0:26:03,1.16.3,FreeFeed,4,3.77,nan,1,LeftWithPellet,Left,80,99,398,0,nan,nan,0.42
7/24/2024 0:26:06,1.16.3,FreeFeed,4,3.78,nan,1,LeftWithPellet,Left,81,99,398,0,nan,nan,0.11
7/24/2024 0:26:08,1.16.3,FreeFeed,4,3.78,nan,1,LeftWithPellet,Left,82,99,398,0,nan,nan,0.58
7/24/2024 0:26:11,1.16.3,FreeFeed,4,3.77,nan,1,LeftWithPellet,Left,83,99,398,0,nan,nan,0.44
7/24/2024 0:26:12,1.16.3,FreeFeed,4,3.77,nan,1,LeftWithPellet,Left,84,99,398,0,nan,nan,0.20
7/24/2024 0:37:19,1.16.3,FreeFeed,4,3.77,nan,1,RightWithPellet,Left,84,100,398,0,nan,nan,0.03
7/24/2024 0:37:21,1.16.3,FreeFeed,4,3.77,nan,1,RightWithPellet,Left,84,101,398,0,nan,nan,0.00
7/24/2024 0:37:35,1.16.3,FreeFeed,4,3.77,nan,1,RightWithPellet,Left,84,102,398,0,nan,nan,0.24
7/24/2024 0:37:43,1.16.3,FreeFeed,4,3.77,nan,1,RightWithPellet,Left,84,103,398,0,nan,nan,0.04
7/24/2024 0:37:47,1.16.3,FreeFeed,4,3.77,nan,1,RightWithPellet,Left,84,104,398,0,nan,nan,0.11
7/24/2024 0:37:59,1.16.3,FreeFeed,4,3.77,nan,1,RightWithPellet,Left,84,105,398,0,nan,nan,0.25
7/24/2024 0:43:09,1.16.3,FreeFeed,4,3.77,nan,1,RightWithPellet,Left,84,106,398,0,nan,nan,0.13
7/24/2024 0:43:12,1.16.3,FreeFeed,4,3.77,nan,1,RightWithPellet,Left,84,107,398,0,nan,nan,0.00
7/24/2024 0:43:43,1.16.3,FreeFeed,4,3.77,nan,1,LeftWithPellet,Left,85,107,398,0,nan,nan,1.08
7/24/2024 0:43:50,1.16.3,FreeFeed,4,3.77,1,1,Pellet,Left,85,107,399,0,Timed_out,1417,nan
7/24/2024 0:44:04,1.16.3,FreeFeed,4,3.77,1,1,Pellet,Left,85,107,400,0,6.49,13,nan
7/24/2024 0:44:15,1.16.3,FreeFeed,4,3.78,1,1,Pellet,Left,85,107,401,0,5.50,12,nan
7/24/2024 0:44:27,1.16.3,FreeFeed,4,3.78,1,1,Pellet,Left,85,107,402,0,4.52,11,nan
7/24/2024 0:44:38,1.16.3,FreeFeed,4,3.77,1,1,Pellet,Left,85,107,403,0,5.44,12,nan
7/24/2024 0:44:53,1.16.3,FreeFeed,4,3.78,1,1,Pellet,Left,85,107,404,0,13.41,15,nan
7/24/2024 0:55:56,1.16.3,FreeFeed,4,3.77,nan,1,LeftWithPellet,Left,86,107,404,0,nan,nan,0.02
7/24/2024 1:03:27,1.16.3,FreeFeed,4,3.77,nan,1,LeftWithPellet,Left,87,107,404,0,nan,nan,0.70
7/24/2024 1:03:43,1.16.3,FreeFeed,4,3.77,nan,1,LeftWithPellet,Left,88,107,404,0,nan,nan,0.19
7/24/2024 1:04:11,1.16.3,FreeFeed,4,3.77,nan,1,RightWithPellet,Left,88,108,404,0,nan,nan,0.39
7/24/2024 1:04:14,1.16.3,FreeFeed,4,3.77,nan,1,RightWithPellet,Left,88,109,404,0,nan,nan,0.29
7/24/2024 1:04:17,1.16.3,FreeFeed,4,3.77,nan,1,RightWithPellet,Left,88,110,404,0,nan,nan,0.13
7/24/2024 1:04:18,1.16.3,FreeFeed,4,3.77,nan,1,RightWithPellet,Left,88,111,404,0,nan,nan,0.03
7/24/2024 1:04:20,1.16.3,FreeFeed,4,3.77,nan,1,RightWithPellet,Left,88,112,404,0,nan,nan,0.15
7/24/2024 1:04:22,1.16.3,FreeFeed,4,3.78,nan,1,RightWithPellet,Left,88,113,404,0,nan,nan,0.49
7/24/2024 1:04:24,1.16.3,FreeFeed,4,3.77,nan,1,RightWithPellet,Left,88,114,404,0,nan,nan,0.32
7/24/2024 1:04:27,1.16.3,FreeFeed,4,3.77,nan,1,RightWithPellet,Left,88,115,404,0,nan,nan,0.06
7/24/2024 1:04:51,1.16.3,FreeFeed,4,3.78,nan,1,RightWithPellet,Left,88,116,404,0,nan,nan,0.00
7/24/2024 1:12:16,1.16.3,FreeFeed,4,3.77,nan,1,LeftWithPellet,Left,89,116,404,0,nan,nan,0.18
7/24/2024 1:12:18,1.16.3,FreeFeed,4,3.77,nan,1,LeftWithPellet,Left,90,116,404,0,nan,nan,0.87
7/24/2024 1:31:36,1.16.3,FreeFeed,4,3.77,nan,1,RightWithPellet,Left,90,117,404,0,nan,nan,0.17
7/24/2024 1:37:35,1.16.3,FreeFeed,4,3.77,nan,1,RightWithPellet,Left,90,118,404,0,nan,nan,0.54
7/24/2024 1:55:10,1.16.3,FreeFeed,4,3.76,1,1,Pellet,Left,90,118,405,0,Timed_out,4217,nan
7/24/2024 1:55:17,1.16.3,FreeFeed,4,3.76,1,1,Pellet,Left,90,118,406,0,0.97,7,nan
7/24/2024 1:55:32,1.16.3,FreeFeed,4,3.76,1,1,Pellet,Left,90,118,407,0,7.90,15,nan
7/24/2024 1:55:46,1.16.3,FreeFeed,4,3.76,1,1,Pellet,Left,90,118,408,0,6.30,14,nan
7/24/2024 1:56:06,1.16.3,FreeFeed,4,3.77,1,1,Pellet,Left,90,118,409,0,13.61,20,nan
7/24/2024 1:56:17,1.16.3,FreeFeed,4,3.77,1,1,Pellet,Left,90,118,410,0,5.08,11,nan
7/24/2024 1:56:30,1.16.3,FreeFeed,4,3.76,1,1,Pellet,Left,90,118,411,0,5.26,13,nan
7/24/2024 1:56:53,1.16.3,FreeFeed,4,3.77,1,1,Pellet,Left,90,118,412,0,16.61,23,nan
7/24/2024 1:57:10,1.16.3,FreeFeed,4,3.77,1,1,Pellet,Left,90,118,413,0,10.72,17,nan
7/24/2024 2:05:19,1.16.3,FreeFeed,4,3.77,nan,1,RightWithPellet,Left,90,119,413,0,nan,nan,0.09
7/24/2024 2:05:19,1.16.3,FreeFeed,4,3.77,nan,1,RightWithPellet,Left,90,120,413,0,nan,nan,0.11
7/24/2024 2:05:23,1.16.3,FreeFeed,4,3.77,nan,1,RightWithPellet,Left,90,121,413,0,nan,nan,0.41
7/24/2024 2:05:29,1.16.3,FreeFeed,4,3.77,nan,1,RightWithPellet,Left,90,122,413,0,nan,nan,0.34
7/24/2024 2:05:30,1.16.3,FreeFeed,4,3.77,nan,1,RightWithPellet,Left,90,123,413,0,nan,nan,0.17
7/24/2024 2:05:32,1.16.3,FreeFeed,4,3.77,nan,1,RightWithPellet,Left,90,124,413,0,nan,nan,0.75
7/24/2024 4:02:16,1.16.3,FreeFeed,4,3.76,1,1,Pellet,Left,90,124,414,0,Timed_out,7506,nan
7/24/2024 4:02:17,1.16.3,FreeFeed,4,3.77,1,1,Pellet,Left,90,124,415,0,0.06,1,nan
7/24/2024 4:02:37,1.16.3,FreeFeed,4,3.76,1,1,Pellet,Left,90,124,416,0,13.36,20,nan
7/24/2024 4:03:01,1.16.3,FreeFeed,4,3.76,1,1,Pellet,Left,90,124,417,0,16.92,24,nan
7/24/2024 4:03:27,1.16.3,FreeFeed,4,3.76,1,1,Pellet,Left,90,124,418,0,18.64,26,nan
7/24/2024 4:42:59,1.16.3,FreeFeed,4,3.76,1,1,Pellet,Left,90,124,419,0,Timed_out,2372,nan
7/24/2024 4:43:36,1.16.3,FreeFeed,4,3.76,1,1,Pellet,Left,90,124,420,0,30.82,37,nan
7/24/2024 4:43:44,1.16.3,FreeFeed,4,3.76,1,1,Pellet,Left,90,124,421,0,0.30,7,nan
7/24/2024 4:44:05,1.16.3,FreeFeed,4,3.76,1,1,Pellet,Left,90,124,422,0,14.46,22,nan
7/24/2024 4:44:30,1.16.3,FreeFeed,4,3.76,1,1,Pellet,Left,90,124,423,0,18.21,24,nan
7/24/2024 4:44:47,1.16.3,FreeFeed,4,3.76,1,1,Pellet,Left,90,124,424,0,10.96,18,nan
7/24/2024 4:45:05,1.16.3,FreeFeed,4,3.76,1,1,Pellet,Left,90,124,425,0,10.16,17,nan
7/24/2024 5:02:14,1.16.3,FreeFeed,4,3.76,nan,1,LeftWithPellet,Left,91,124,425,0,nan,nan,0.51
7/24/2024 5:04:04,1.16.3,FreeFeed,4,3.76,nan,1,LeftWithPellet,Left,92,124,425,0,nan,nan,0.04
7/24/2024 5:09:50,1.16.3,FreeFeed,4,3.76,nan,1,RightWithPellet,Left,92,125,425,0,nan,nan,0.51
7/24/2024 5:10:35,1.16.3,FreeFeed,4,3.76,1,1,Pellet,Left,92,125,426,0,Timed_out,1531,nan
7/24/2024 5:10:42,1.16.3,FreeFeed,4,3.76,1,1,Pellet,Left,92,125,427,0,0.60,7,nan
7/24/2024 5:10:49,1.16.3,FreeFeed,4,3.76,1,1,Pellet,Left,92,125,428,0,0.85,7,nan
7/24/2024 5:11:03,1.16.3,FreeFeed,4,3.76,1,1,Pellet,Left,92,125,429,0,7.96,14,nan
7/24/2024 5:11:23,1.16.3,FreeFeed,4,3.76,1,1,Pellet,Left,92,125,430,0,12.25,20,nan
7/24/2024 5:11:24,1.16.3,FreeFeed,4,3.76,1,1,Pellet,Left,92,125,431,0,0.18,0,nan
7/24/2024 5:11:37,1.16.3,FreeFeed,4,3.76,1,1,Pellet,Left,92,125,432,0,6.12,13,nan
7/24/2024 5:11:51,1.16.3,FreeFeed,4,3.76,1,1,Pellet,Left,92,125,433,0,7.89,15,nan
7/24/2024 5:12:10,1.16.3,FreeFeed,4,3.76,1,1,Pellet,Left,92,125,434,0,11.94,19,nan
7/24/2024 5:12:26,1.16.3,FreeFeed,4,3.76,1,1,Pellet,Left,92,125,435,0,8.94,16,nan
7/24/2024 5:16:32,1.16.3,FreeFeed,4,3.76,nan,1,LeftWithPellet,Left,93,125,435,0,nan,nan,0.49
7/24/2024 5:16:35,1.16.3,FreeFeed,4,3.76,nan,1,LeftWithPellet,Left,94,125,435,0,nan,nan,0.52
7/24/2024 5:16:42,1.16.3,FreeFeed,4,3.76,nan,1,RightWithPellet,Left,94,126,435,0,nan,nan,0.19
7/24/2024 5:16:47,1.16.3,FreeFeed,4,3.76,nan,1,RightWithPellet,Left,94,127,435,0,nan,nan,0.59
7/24/2024 5:17:03,1.16.3,FreeFeed,4,3.76,nan,1,RightWithPellet,Left,94,128,435,0,nan,nan,0.01
7/24/2024 5:17:09,1.16.3,FreeFeed,4,3.76,nan,1,RightWithPellet,Left,94,129,435,0,nan,nan,0.16
7/24/2024 5:17:11,1.16.3,FreeFeed,4,3.76,nan,1,RightWithPellet,Left,94,130,435,0,nan,nan,0.31
7/24/2024 5:17:21,1.16.3,FreeFeed,4,3.76,nan,1,LeftWithPellet,Left,95,130,435,0,nan,nan,0.38
7/24/2024 5:18:23,1.16.3,FreeFeed,4,3.76,nan,1,RightWithPellet,Left,95,131,435,0,nan,nan,0.00
7/24/2024 5:18:28,1.16.3,FreeFeed,4,3.76,nan,1,RightWithPellet,Left,95,132,435,0,nan,nan,0.08
7/24/2024 5:18:31,1.16.3,FreeFeed,4,3.76,nan,1,RightWithPellet,Left,95,133,435,0,nan,nan,0.01
7/24/2024 5:18:36,1.16.3,FreeFeed,4,3.76,nan,1,RightWithPellet,Left,95,134,435,0,nan,nan,0.00
7/24/2024 5:19:11,1.16.3,FreeFeed,4,3.76,nan,1,RightWithPellet,Left,95,135,435,0,nan,nan,0.26
7/24/2024 5:19:13,1.16.3,FreeFeed,4,3.76,nan,1,RightWithPellet,Left,95,136,435,0,nan,nan,0.16
7/24/2024 5:19:20,1.16.3,FreeFeed,4,3.76,nan,1,RightWithPellet,Left,95,137,435,0,nan,nan,0.17
7/24/2024 5:19:22,1.16.3,FreeFeed,4,3.76,nan,1,RightWithPellet,Left,95,138,435,0,nan,nan,0.09
7/24/2024 5:19:24,1.16.3,FreeFeed,4,3.76,nan,1,RightWithPellet,Left,95,139,435,0,nan,nan,0.04
7/24/2024 5:56:14,1.16.3,FreeFeed,4,3.76,nan,1,RightWithPellet,Left,95,140,435,0,nan,nan,0.54
7/24/2024 5:56:23,1.16.3,FreeFeed,4,3.76,nan,1,LeftWithPellet,Left,96,140,435,0,nan,nan,0.38
7/24/2024 5:56:42,1.16.3,FreeFeed,4,3.76,1,1,Pellet,Left,96,140,436,0,Timed_out,2656,nan
7/24/2024 5:56:50,1.16.3,FreeFeed,4,3.76,1,1,Pellet,Left,96,140,437,0,2.56,8,nan
7/24/2024 5:57:04,1.16.3,FreeFeed,4,3.76,1,1,Pellet,Left,96,140,438,0,7.10,14,nan
7/24/2024 5:57:20,1.16.3,FreeFeed,4,3.76,1,1,Pellet,Left,96,140,439,0,8.70,15,nan
7/24/2024 5:57:33,1.16.3,FreeFeed,4,3.76,1,1,Pellet,Left,96,140,440,0,7.47,14,nan
7/24/2024 5:57:48,1.16.3,FreeFeed,4,3.76,1,1,Pellet,Left,96,140,441,0,7.89,14,nan
7/24/2024 5:58:06,1.16.3,FreeFeed,4,3.75,1,1,Pellet,Left,96,140,442,0,10.90,19,nan
7/24/2024 5:58:21,1.16.3,FreeFeed,4,3.76,1,1,Pellet,Left,96,140,443,0,8.14,15,nan
7/24/2024 5:58:33,1.16.3,FreeFeed,4,3.76,1,1,Pellet,Left,96,140,444,0,5.69,12,nan
7/24/2024 5:58:54,1.16.3,FreeFeed,4,3.76,1,1,Pellet,Left,96,140,445,0,14.16,21,nan
7/24/2024 5:59:24,1.16.3,FreeFeed,4,3.76,1,1,Pellet,Left,96,140,446,0,23.14,30,nan
7/24/2024 6:05:22,1.16.3,FreeFeed,4,3.76,nan,1,LeftWithPellet,Left,97,140,446,0,nan,nan,0.25
7/24/2024 6:05:25,1.16.3,FreeFeed,4,3.76,nan,1,RightWithPellet,Left,97,141,446,0,nan,nan,0.09
7/24/2024 6:05:33,1.16.3,FreeFeed,4,3.76,nan,1,RightWithPellet,Left,97,142,446,0,nan,nan,0.30
7/24/2024 6:29:45,1.16.3,FreeFeed,4,3.76,nan,1,LeftWithPellet,Left,98,142,446,0,nan,nan,1.41
7/24/2024 6:29:48,1.16.3,FreeFeed,4,3.76,nan,1,LeftWithPellet,Left,99,142,446,0,nan,nan,0.25
7/24/2024 6:29:57,1.16.3,FreeFeed,4,3.76,nan,1,LeftWithPellet,Left,100,142,446,0,nan,nan,0.07
7/24/2024 6:39:27,1.16.3,FreeFeed,4,3.75,1,1,Pellet,Left,100,142,447,0,Timed_out,2403,nan
7/24/2024 6:39:39,1.16.3,FreeFeed,4,3.76,1,1,Pellet,Left,100,142,448,0,5.38,12,nan
7/24/2024 6:39:55,1.16.3,FreeFeed,4,3.75,1,1,Pellet,Left,100,142,449,0,8.57,15,nan
7/24/2024 6:40:09,1.16.3,FreeFeed,4,3.75,1,1,Pellet,Left,100,142,450,0,8.08,15,nan
7/24/2024 6:40:24,1.16.3,FreeFeed,4,3.76,1,1,Pellet,Left,100,142,451,0,8.26,15,nan
7/24/2024 6:40:38,1.16.3,FreeFeed,4,3.75,1,1,Pellet,Left,100,142,452,0,7.41,14,nan
7/24/2024 6:44:59,1.16.3,FreeFeed,4,3.75,nan,1,LeftWithPellet,Left,101,142,452,0,nan,nan,0.34
7/24/2024 6:56:24,1.16.3,FreeFeed,4,3.75,nan,1,RightWithPellet,Left,101,143,452,0,nan,nan,0.09
7/24/2024 6:56:27,1.16.3,FreeFeed,4,3.76,nan,1,RightWithPellet,Left,101,144,452,0,nan,nan,0.03
7/24/2024 7:08:51,1.16.3,FreeFeed,4,3.76,nan,1,LeftWithPellet,Left,102,144,452,0,nan,nan,0.01
7/24/2024 7:08:51,1.16.3,FreeFeed,4,3.75,nan,1,LeftWithPellet,Left,103,144,452,0,nan,nan,0.02
7/24/2024 10:44:32,1.16.3,FreeFeed,4,3.75,1,1,Pellet,Left,103,144,453,0,Timed_out,14634,nan
7/24/2024 10:44:36,1.16.3,FreeFeed,4,3.74,1,1,Pellet,Left,103,144,454,0,3.67,4,nan
7/24/2024 10:44:58,1.16.3,FreeFeed,4,3.74,1,1,Pellet,Left,103,144,455,0,14.89,22,nan
7/24/2024 10:45:35,1.16.3,FreeFeed,4,3.74,1,1,Pellet,Left,103,144,456,0,30.27,37,nan
7/24/2024 10:45:36,1.16.3,FreeFeed,4,3.74,1,1,Pellet,Left,103,144,457,0,0.42,1,nan
7/24/2024 10:50:43,1.16.3,FreeFeed,4,3.74,nan,1,LeftWithPellet,Left,104,144,457,0,nan,nan,0.03
7/24/2024 10:50:54,1.16.3,FreeFeed,4,3.74,1,1,Pellet,Left,104,144,458,0,Timed_out,318,nan
7/24/2024 10:51:12,1.16.3,FreeFeed,4,3.74,1,1,Pellet,Left,104,144,459,0,11.39,18,nan
7/24/2024 10:51:13,1.16.3,FreeFeed,4,3.74,nan,1,LeftDuringDispense,Left,105,144,459,0,nan,nan,0.49
7/24/2024 10:51:27,1.16.3,FreeFeed,4,3.74,2,1,Pellet,Left,105,144,460,0,10.47,15,nan
7/24/2024 10:52:02,1.16.3,FreeFeed,4,3.75,nan,1,LeftWithPellet,Left,106,144,460,0,nan,nan,0.34
7/24/2024 10:52:51,1.16.3,FreeFeed,4,3.75,nan,1,RightWithPellet,Left,106,145,460,0,nan,nan,0.03
7/24/2024 11:05:41,1.16.3,FreeFeed,4,3.74,nan,1,LeftWithPellet,Left,107,145,460,0,nan,nan,0.33
7/24/2024 11:06:35,1.16.3,FreeFeed,4,3.74,nan,1,RightWithPellet,Left,107,146,460,0,nan,nan,0.05
7/24/2024 11:06:38,1.16.3,FreeFeed,4,3.74,nan,1,RightWithPellet,Left,107,147,460,0,nan,nan,0.27
7/24/2024 11:06:45,1.16.3,FreeFeed,4,3.74,nan,1,RightWithPellet,Left,107,148,460,0,nan,nan,0.00
7/24/2024 11:06:48,1.16.3,FreeFeed,4,3.74,nan,1,RightWithPellet,Left,107,149,460,0,nan,nan,0.01
7/24/2024 11:06:55,1.16.3,FreeFeed,4,3.74,nan,1,RightWithPellet,Left,107,150,460,0,nan,nan,0.24
7/24/2024 11:06:56,1.16.3,FreeFeed,4,3.74,nan,1,RightWithPellet,Left,107,151,460,0,nan,nan,0.11
7/24/2024 11:07:08,1.16.3,FreeFeed,4,3.74,nan,1,LeftWithPellet,Left,108,151,460,0,nan,nan,0.63
7/24/2024 11:07:14,1.16.3,FreeFeed,4,3.74,nan,1,LeftWithPellet,Left,109,151,460,0,nan,nan,0.06
7/24/2024 11:07:27,1.16.3,FreeFeed,4,3.74,nan,1,LeftWithPellet,Left,110,151,460,0,nan,nan,0.31
7/24/2024 11:07:32,1.16.3,FreeFeed,4,3.74,nan,1,LeftWithPellet,Left,111,151,460,0,nan,nan,0.02
7/24/2024 11:08:07,1.16.3,FreeFeed,4,3.74,nan,1,RightWithPellet,Left,111,152,460,0,nan,nan,0.09
7/24/2024 12:24:28,1.16.3,FreeFeed,4,3.74,nan,1,LeftWithPellet,Left,112,152,460,0,nan,nan,0.40
7/24/2024 12:54:52,1.16.3,FreeFeed,4,3.73,1,1,Pellet,Left,112,152,461,0,Timed_out,7405,nan
