MM:DD:YYYY hh:mm:ss,Library_Version,Session_type,Device_Number,Battery_Voltage,Motor_Turns,FR,Event,Active_Poke,Left_Poke_Count,Right_Poke_Count,Pellet_Count,Block_Pellet_Count,Retrieval_Time,InterPelletInterval,Poke_Time
7/8/2022 15:33:00,1.12.0,Free_feed,8,4.12,3,1,Pellet,Left,0,0,1,0,Timed_out,nan,nan
7/8/2022 15:33:01,1.12.0,Free_feed,8,4.12,1,1,Pellet,Left,0,0,2,0,0.16,1,nan
7/8/2022 15:36:05,1.12.0,Free_feed,8,4.12,1,1,Pellet,Left,0,0,3,0,Timed_out,184,nan
7/8/2022 16:21:42,1.12.0,Free_feed,8,4.12,1,1,Pellet,Left,0,0,4,0,Timed_out,2737,nan
7/8/2022 16:34:18,1.12.0,Free_feed,8,4.12,nan,1,LeftWithPellet,Left,1,0,4,0,nan,nan,0.43
7/8/2022 16:38:09,1.12.0,Free_feed,8,4.12,nan,1,RightWithPellet,Left,1,1,4,0,nan,nan,1.44
7/8/2022 16:38:10,1.12.0,Free_feed,8,4.12,nan,1,RightWithPellet,Left,1,2,4,0,nan,nan,0.57
7/8/2022 16:39:16,1.12.0,Free_feed,8,4.11,nan,1,LeftWithPellet,Left,2,2,4,0,nan,nan,0.15
7/8/2022 16:39:31,1.12.0,Free_feed,8,4.12,nan,1,RightWithPellet,Left,2,3,4,0,nan,nan,0.07
7/8/2022 16:47:20,1.12.0,Free_feed,8,4.12,nan,1,RightWithPellet,Left,2,4,4,0,nan,nan,0.50
7/8/2022 16:50:00,1.12.0,Free_feed,8,4.12,nan,1,LeftWithPellet,Left,3,4,4,0,nan,nan,0.01
7/8/2022 16:50:02,1.12.0,Free_feed,8,4.12,nan,1,LeftWithPellet,Left,4,4,4,0,nan,nan,0.02
7/8/2022 16:50:07,1.12.0,Free_feed,8,4.12,nan,1,LeftWithPellet,Left,5,4,4,0,nan,nan,0.14
7/8/2022 16:50:08,1.12.0,Free_feed,8,4.12,nan,1,LeftWithPellet,Left,6,4,4,0,nan,nan,0.01
7/8/2022 16:50:24,1.12.0,Free_feed,8,4.12,nan,1,LeftWithPellet,Left,7,4,4,0,nan,nan,0.04
7/8/2022 16:57:43,1.12.0,Free_feed,8,4.12,nan,1,RightWithPellet,Left,7,5,4,0,nan,nan,0.51
7/8/2022 17:09:27,1.12.0,Free_feed,8,4.12,nan,1,RightWithPellet,Left,7,6,4,0,nan,nan,0.80
7/8/2022 17:10:06,1.12.0,Free_feed,8,4.12,nan,1,RightWithPellet,Left,7,7,4,0,nan,nan,0.04
7/8/2022 17:22:34,1.12.0,Free_feed,8,4.12,nan,1,RightWithPellet,Left,7,8,4,0,nan,nan,0.07
7/8/2022 17:27:35,1.12.0,Free_feed,8,4.12,nan,1,LeftWithPellet,Left,8,8,4,0,nan,nan,0.47
7/8/2022 17:37:35,1.12.0,Free_feed,8,4.12,nan,1,RightWithPellet,Left,8,9,4,0,nan,nan,0.05
7/8/2022 17:40:50,1.12.0,Free_feed,8,4.12,nan,1,RightWithPellet,Left,8,10,4,0,nan,nan,0.44
7/8/2022 17:40:52,1.12.0,Free_feed,8,4.12,nan,1,RightWithPellet,Left,8,11,4,0,nan,nan,0.75
7/8/2022 17:40:54,1.12.0,Free_feed,8,4.12,nan,1,RightWithPellet,Left,8,12,4,0,nan,nan,0.46
7/8/2022 17:40:54,1.12.0,Free_feed,8,4.12,nan,1,RightWithPellet,Left,8,13,4,0,nan,nan,0.03
7/8/2022 17:40:56,1.12.0,Free_feed,8,4.12,nan,1,RightWithPellet,Left,8,14,4,0,nan,nan,0.52
7/8/2022 17:40:57,1.12.0,Free_feed,8,4.12,nan,1,RightWithPellet,Left,8,15,4,0,nan,nan,0.70
7/8/2022 17:41:06,1.12.0,Free_feed,8,4.12,nan,1,RightWithPellet,Left,8,16,4,0,nan,nan,0.27
7/8/2022 17:41:07,1.12.0,Free_feed,8,4.12,nan,1,RightWithPellet,Left,8,17,4,0,nan,nan,0.68
7/8/2022 17:41:16,1.12.0,Free_feed,8,4.12,1,1,Pellet,Left,8,17,5,0,Timed_out,4774,nan
7/8/2022 17:50:09,1.12.0,Free_feed,8,4.12,nan,1,RightWithPellet,Left,8,18,5,0,nan,nan,0.06
7/8/2022 17:55:18,1.12.0,Free_feed,8,4.12,nan,1,RightWithPellet,Left,8,19,5,0,nan,nan,0.01
7/8/2022 19:00:52,1.12.0,Free_feed,8,4.12,nan,1,RightWithPellet,Left,8,20,5,0,nan,nan,0.04
7/8/2022 19:04:04,1.12.0,Free_feed,8,4.12,nan,1,LeftWithPellet,Left,9,20,5,0,nan,nan,0.69
7/8/2022 19:04:29,1.12.0,Free_feed,8,4.12,nan,1,LeftWithPellet,Left,10,20,5,0,nan,nan,0.17
7/8/2022 19:05:45,1.12.0,Free_feed,8,4.12,nan,1,RightWithPellet,Left,10,21,5,0,nan,nan,0.09
7/8/2022 19:06:32,1.12.0,Free_feed,8,4.12,nan,1,LeftWithPellet,Left,11,21,5,0,nan,nan,1.25
7/8/2022 19:06:35,1.12.0,Free_feed,8,4.11,nan,1,LeftWithPellet,Left,12,21,5,0,nan,nan,0.05
7/8/2022 19:06:36,1.12.0,Free_feed,8,4.12,nan,1,LeftWithPellet,Left,13,21,5,0,nan,nan,0.03
7/8/2022 19:19:05,1.12.0,Free_feed,8,4.12,nan,1,RightWithPellet,Left,13,22,5,0,nan,nan,0.01
7/8/2022 19:19:06,1.12.0,Free_feed,8,4.12,nan,1,RightWithPellet,Left,13,23,5,0,nan,nan,0.05
7/8/2022 19:19:08,1.12.0,Free_feed,8,4.12,nan,1,RightWithPellet,Left,13,24,5,0,nan,nan,0.39
7/8/2022 19:22:46,1.12.0,Free_feed,8,4.12,nan,1,RightWithPellet,Left,13,25,5,0,nan,nan,0.02
7/8/2022 19:24:25,1.12.0,Free_feed,8,4.12,nan,1,LeftWithPellet,Left,14,25,5,0,nan,nan,0.54
7/8/2022 19:29:00,1.12.0,Free_feed,8,4.11,nan,1,RightWithPellet,Left,14,26,5,0,nan,nan,0.03
7/8/2022 19:29:00,1.12.0,Free_feed,8,4.12,nan,1,RightWithPellet,Left,14,27,5,0,nan,nan,0.03
7/8/2022 19:29:01,1.12.0,Free_feed,8,4.11,nan,1,RightWithPellet,Left,14,28,5,0,nan,nan,0.01
7/8/2022 19:29:03,1.12.0,Free_feed,8,4.11,nan,1,RightWithPellet,Left,14,29,5,0,nan,nan,0.22
7/8/2022 19:29:06,1.12.0,Free_feed,8,4.11,nan,1,RightWithPellet,Left,14,30,5,0,nan,nan,0.03
7/8/2022 19:29:12,1.12.0,Free_feed,8,4.12,nan,1,RightWithPellet,Left,14,31,5,0,nan,nan,0.09
7/8/2022 19:29:13,1.12.0,Free_feed,8,4.12,nan,1,RightWithPellet,Left,14,32,5,0,nan,nan,0.04
7/8/2022 19:29:19,1.12.0,Free_feed,8,4.12,nan,1,RightWithPellet,Left,14,33,5,0,nan,nan,0.02
7/8/2022 19:29:33,1.12.0,Free_feed,8,4.11,nan,1,LeftWithPellet,Left,15,33,5,0,nan,nan,0.08
7/8/2022 19:30:15,1.12.0,Free_feed,8,4.12,nan,1,LeftWithPellet,Left,16,33,5,0,nan,nan,0.03
7/8/2022 19:47:47,1.12.0,Free_feed,8,4.11,3,1,Pellet,Left,16,33,6,0,Timed_out,7591,nan
7/8/2022 19:49:15,1.12.0,Free_feed,8,4.11,1,1,Pellet,Left,16,33,7,0,Timed_out,88,nan
7/8/2022 19:50:22,1.12.0,Free_feed,8,4.12,1,1,Pellet,Left,16,33,8,0,Timed_out,67,nan
7/8/2022 19:51:48,1.12.0,Free_feed,8,4.12,2,1,Pellet,Left,16,33,9,0,Timed_out,86,nan
7/8/2022 19:52:14,1.12.0,Free_feed,8,4.12,1,1,Pellet,Left,16,33,10,0,18.46,26,nan
7/8/2022 19:53:07,1.12.0,Free_feed,8,4.11,2,1,Pellet,Left,16,33,11,0,44.45,53,nan
7/8/2022 19:53:43,1.12.0,Free_feed,8,4.12,1,1,Pellet,Left,16,33,12,0,34.40,36,nan
7/8/2022 19:58:35,1.12.0,Free_feed,8,4.12,1,1,Pellet,Left,16,33,13,0,Timed_out,292,nan
7/8/2022 19:59:04,1.12.0,Free_feed,8,4.12,1,1,Pellet,Left,16,33,14,0,21.64,29,nan
7/8/2022 19:59:24,1.12.0,Free_feed,8,4.12,1,1,Pellet,Left,16,33,15,0,12.81,20,nan
7/8/2022 20:03:15,1.12.0,Free_feed,8,4.11,nan,1,RightWithPellet,Left,16,34,15,0,nan,nan,1.00
7/8/2022 20:15:17,1.12.0,Free_feed,8,4.11,1,1,Pellet,Left,16,34,16,0,Timed_out,953,nan
7/8/2022 20:16:26,1.12.0,Free_feed,8,4.11,1,1,Pellet,Left,16,34,17,0,Timed_out,69,nan
7/8/2022 20:17:41,1.12.0,Free_feed,8,4.12,1,1,Pellet,Left,16,34,18,0,Timed_out,75,nan
7/8/2022 20:19:21,1.12.0,Free_feed,8,4.11,1,1,Pellet,Left,16,34,19,0,Timed_out,100,nan
7/8/2022 20:19:38,1.12.0,Free_feed,8,4.11,1,1,Pellet,Left,16,34,20,0,9.71,17,nan
7/8/2022 20:26:37,1.12.0,Free_feed,8,4.11,nan,1,RightWithPellet,Left,16,35,20,0,nan,nan,0.83
7/8/2022 20:31:25,1.12.0,Free_feed,8,4.11,1,1,Pellet,Left,16,35,21,0,Timed_out,707,nan
7/8/2022 20:33:21,1.12.0,Free_feed,8,4.11,1,1,Pellet,Left,16,35,22,0,Timed_out,116,nan
7/8/2022 20:41:45,1.12.0,Free_feed,8,4.11,1,1,Pellet,Left,16,35,23,0,Timed_out,504,nan
7/8/2022 20:44:24,1.12.0,Free_feed,8,4.11,1,1,Pellet,Left,16,35,24,0,Timed_out,159,nan
7/8/2022 20:45:55,1.12.0,Free_feed,8,4.11,nan,1,RightWithPellet,Left,16,36,24,0,nan,nan,0.56
7/8/2022 20:46:00,1.12.0,Free_feed,8,4.11,nan,1,RightWithPellet,Left,16,37,24,0,nan,nan,0.05
7/8/2022 20:51:25,1.12.0,Free_feed,8,4.11,nan,1,LeftWithPellet,Left,17,37,24,0,nan,nan,0.41
7/8/2022 20:54:01,1.12.0,Free_feed,8,4.11,nan,1,LeftWithPellet,Left,18,37,24,0,nan,nan,0.15
7/8/2022 20:54:21,1.12.0,Free_feed,8,4.12,nan,1,LeftWithPellet,Left,19,37,24,0,nan,nan,0.25
7/8/2022 21:05:25,1.12.0,Free_feed,8,4.11,2,1,Pellet,Left,19,37,25,0,Timed_out,1261,nan
7/8/2022 21:09:16,1.12.0,Free_feed,8,4.11,nan,1,RightWithPellet,Left,19,38,25,0,nan,nan,0.19
7/8/2022 21:09:21,1.12.0,Free_feed,8,4.11,nan,1,LeftWithPellet,Left,20,38,25,0,nan,nan,0.05
7/8/2022 21:09:23,1.12.0,Free_feed,8,4.11,nan,1,LeftWithPellet,Left,21,38,25,0,nan,nan,0.20
7/8/2022 21:09:24,1.12.0,Free_feed,8,4.11,nan,1,LeftWithPellet,Left,22,38,25,0,nan,nan,0.17
7/8/2022 21:09:26,1.12.0,Free_feed,8,4.11,nan,1,LeftWithPellet,Left,23,38,25,0,nan,nan,0.17
7/8/2022 21:09:28,1.12.0,Free_feed,8,4.11,nan,1,LeftWithPellet,Left,24,38,25,0,nan,nan,0.01
7/8/2022 21:09:30,1.12.0,Free_feed,8,4.11,nan,1,LeftWithPellet,Left,25,38,25,0,nan,nan,0.13
7/8/2022 21:09:31,1.12.0,Free_feed,8,4.11,nan,1,LeftWithPellet,Left,26,38,25,0,nan,nan,0.13
7/8/2022 21:09:41,1.12.0,Free_feed,8,4.11,nan,1,LeftWithPellet,Left,27,38,25,0,nan,nan,0.16
7/8/2022 21:09:49,1.12.0,Free_feed,8,4.11,nan,1,LeftWithPellet,Left,28,38,25,0,nan,nan,0.03
7/8/2022 21:10:27,1.12.0,Free_feed,8,4.11,nan,1,RightWithPellet,Left,28,39,25,0,nan,nan,0.13
7/8/2022 21:10:48,1.12.0,Free_feed,8,4.11,nan,1,LeftWithPellet,Left,29,39,25,0,nan,nan,0.95
7/8/2022 21:10:49,1.12.0,Free_feed,8,4.11,nan,1,LeftWithPellet,Left,30,39,25,0,nan,nan,0.02
7/8/2022 21:12:38,1.12.0,Free_feed,8,4.11,1,1,Pellet,Left,30,39,26,0,Timed_out,433,nan
7/8/2022 21:13:31,1.12.0,Free_feed,8,4.11,1,1,Pellet,Left,30,39,27,0,45.59,53,nan
7/8/2022 21:14:07,1.12.0,Free_feed,8,4.11,1,1,Pellet,Left,30,39,28,0,29.14,36,nan
7/8/2022 21:15:01,1.12.0,Free_feed,8,4.11,1,1,Pellet,Left,30,39,29,0,46.35,54,nan
7/8/2022 21:20:25,1.12.0,Free_feed,8,4.11,1,1,Pellet,Left,30,39,30,0,Timed_out,324,nan
7/8/2022 21:20:27,1.12.0,Free_feed,8,4.11,1,1,Pellet,Left,30,39,31,0,0.16,2,nan
7/8/2022 21:20:46,1.12.0,Free_feed,8,4.11,1,1,Pellet,Left,30,39,32,0,12.44,19,nan
7/8/2022 21:22:37,1.12.0,Free_feed,8,4.11,2,1,Pellet,Left,30,39,33,0,Timed_out,111,nan
7/8/2022 21:27:01,1.12.0,Free_feed,8,4.11,2,1,Pellet,Left,30,39,34,0,Timed_out,264,nan
7/8/2022 21:27:03,1.12.0,Free_feed,8,4.11,1,1,Pellet,Left,30,39,35,0,0.16,2,nan
7/8/2022 21:29:04,1.12.0,Free_feed,8,4.11,1,1,Pellet,Left,30,39,36,0,Timed_out,121,nan
7/8/2022 21:29:06,1.12.0,Free_feed,8,4.11,1,1,Pellet,Left,30,39,37,0,0.16,2,nan
7/8/2022 21:34:50,1.12.0,Free_feed,8,4.11,1,1,Pellet,Left,30,39,38,0,Timed_out,344,nan
7/8/2022 21:35:50,1.12.0,Free_feed,8,4.11,1,1,Pellet,Left,30,39,39,0,53.28,60,nan
7/8/2022 21:37:42,1.12.0,Free_feed,8,4.11,nan,1,LeftWithPellet,Left,31,39,39,0,nan,nan,0.06
7/8/2022 21:40:10,1.12.0,Free_feed,8,4.11,1,1,Pellet,Left,31,39,40,0,Timed_out,260,nan
7/8/2022 21:47:31,1.12.0,Free_feed,8,4.11,1,1,Pellet,Left,31,39,41,0,Timed_out,441,nan
7/8/2022 21:58:23,1.12.0,Free_feed,8,4.11,nan,1,RightWithPellet,Left,31,40,41,0,nan,nan,0.03
7/8/2022 21:58:52,1.12.0,Free_feed,8,4.11,1,1,Pellet,Left,31,40,42,0,Timed_out,681,nan
7/8/2022 22:01:37,1.12.0,Free_feed,8,4.11,nan,1,RightWithPellet,Left,31,41,42,0,nan,nan,0.27
7/8/2022 22:03:32,1.12.0,Free_feed,8,4.11,2,1,Pellet,Left,31,41,43,0,Timed_out,280,nan
7/8/2022 22:15:27,1.12.0,Free_feed,8,4.11,1,1,Pellet,Left,31,41,44,0,Timed_out,715,nan
7/8/2022 22:15:55,1.12.0,Free_feed,8,4.11,1,1,Pellet,Left,31,41,45,0,20.88,28,nan
7/8/2022 22:17:17,1.12.0,Free_feed,8,4.11,1,1,Pellet,Left,31,41,46,0,Timed_out,82,nan
7/8/2022 22:17:35,1.12.0,Free_feed,8,4.11,1,1,Pellet,Left,31,41,47,0,10.79,18,nan
7/8/2022 22:21:10,1.12.0,Free_feed,8,4.11,2,1,Pellet,Left,31,41,48,0,Timed_out,215,nan
7/8/2022 22:25:25,1.12.0,Free_feed,8,4.11,2,1,Pellet,Left,31,41,49,0,Timed_out,254,nan
7/8/2022 22:25:47,1.12.0,Free_feed,8,4.11,nan,1,RightWithPellet,Left,31,42,49,0,nan,nan,0.14
7/8/2022 22:29:23,1.12.0,Free_feed,8,4.11,1,1,Pellet,Left,31,42,50,0,Timed_out,239,nan
7/8/2022 22:29:59,1.12.0,Free_feed,8,4.10,1,1,Pellet,Left,31,42,51,0,28.58,36,nan
7/8/2022 22:31:31,1.12.0,Free_feed,8,4.11,1,1,Pellet,Left,31,42,52,0,Timed_out,92,nan
7/8/2022 22:31:51,1.12.0,Free_feed,8,4.11,1,1,Pellet,Left,31,42,53,0,12.19,20,nan
7/8/2022 22:32:28,1.12.0,Free_feed,8,4.10,nan,1,LeftWithPellet,Left,32,42,53,0,nan,nan,0.04
7/8/2022 22:32:29,1.12.0,Free_feed,8,4.11,nan,1,LeftWithPellet,Left,33,42,53,0,nan,nan,0.35
7/8/2022 22:56:13,1.12.0,Free_feed,8,4.11,nan,1,LeftWithPellet,Left,34,42,53,0,nan,nan,0.36
7/8/2022 22:56:59,1.12.0,Free_feed,8,4.11,1,1,Pellet,Left,34,42,54,0,Timed_out,1508,nan
7/8/2022 23:01:16,1.12.0,Free_feed,8,4.11,1,1,Pellet,Left,34,42,55,0,Timed_out,257,nan
7/8/2022 23:01:18,1.12.0,Free_feed,8,4.11,1,1,Pellet,Left,34,42,56,0,0.16,2,nan
7/8/2022 23:01:40,1.12.0,Free_feed,8,4.11,1,1,Pellet,Left,34,42,57,0,15.23,22,nan
7/8/2022 23:04:03,1.12.0,Free_feed,8,4.11,1,1,Pellet,Left,34,42,58,0,Timed_out,143,nan
7/8/2022 23:10:00,1.12.0,Free_feed,8,4.10,nan,1,RightWithPellet,Left,34,43,58,0,nan,nan,0.04
7/8/2022 23:10:03,1.12.0,Free_feed,8,4.11,nan,1,RightWithPellet,Left,34,44,58,0,nan,nan,0.00
7/8/2022 23:12:11,1.12.0,Free_feed,8,4.11,1,1,Pellet,Left,34,44,59,0,Timed_out,488,nan
7/8/2022 23:17:42,1.12.0,Free_feed,8,4.11,nan,1,RightWithPellet,Left,34,45,59,0,nan,nan,0.00
7/8/2022 23:17:52,1.12.0,Free_feed,8,4.11,nan,1,RightWithPellet,Left,34,46,59,0,nan,nan,0.04
7/8/2022 23:17:54,1.12.0,Free_feed,8,4.11,nan,1,RightWithPellet,Left,34,47,59,0,nan,nan,0.14
7/8/2022 23:18:00,1.12.0,Free_feed,8,4.10,nan,1,RightWithPellet,Left,34,48,59,0,nan,nan,0.04
7/8/2022 23:18:02,1.12.0,Free_feed,8,4.10,nan,1,RightWithPellet,Left,34,49,59,0,nan,nan,0.12
7/8/2022 23:18:04,1.12.0,Free_feed,8,4.10,nan,1,RightWithPellet,Left,34,50,59,0,nan,nan,0.09
7/8/2022 23:18:06,1.12.0,Free_feed,8,4.11,nan,1,RightWithPellet,Left,34,51,59,0,nan,nan,0.37
7/8/2022 23:18:07,1.12.0,Free_feed,8,4.10,nan,1,RightWithPellet,Left,34,52,59,0,nan,nan,0.20
7/8/2022 23:18:30,1.12.0,Free_feed,8,4.11,nan,1,LeftWithPellet,Left,35,52,59,0,nan,nan,0.11
7/8/2022 23:18:57,1.12.0,Free_feed,8,4.10,2,1,Pellet,Left,35,52,60,0,Timed_out,406,nan
7/8/2022 23:19:59,1.12.0,Free_feed,8,4.11,1,1,Pellet,Left,35,52,61,0,54.81,61,nan
7/8/2022 23:20:41,1.12.0,Free_feed,8,4.11,1,1,Pellet,Left,35,52,62,0,35.18,43,nan
7/8/2022 23:20:55,1.12.0,Free_feed,8,4.11,1,1,Pellet,Left,35,52,63,0,7.63,14,nan
7/8/2022 23:22:57,1.12.0,Free_feed,8,4.11,1,1,Pellet,Left,35,52,64,0,Timed_out,122,nan
7/8/2022 23:24:56,1.12.0,Free_feed,8,4.10,2,1,Pellet,Left,35,52,65,0,Timed_out,119,nan
7/8/2022 23:25:10,1.12.0,Free_feed,8,4.11,1,1,Pellet,Left,35,52,66,0,7.50,14,nan
7/8/2022 23:25:32,1.12.0,Free_feed,8,4.11,1,1,Pellet,Left,35,52,67,0,13.97,22,nan
7/8/2022 23:26:27,1.12.0,Free_feed,8,4.10,nan,1,LeftWithPellet,Left,36,52,67,0,nan,nan,0.04
7/8/2022 23:27:27,1.12.0,Free_feed,8,4.10,1,1,Pellet,Left,36,52,68,0,Timed_out,115,nan
7/8/2022 23:27:56,1.12.0,Free_feed,8,4.10,1,1,Pellet,Left,36,52,69,0,22.47,29,nan
7/8/2022 23:37:14,1.12.0,Free_feed,8,4.11,1,1,Pellet,Left,36,52,70,0,Timed_out,558,nan
7/8/2022 23:39:23,1.12.0,Free_feed,8,4.10,1,1,Pellet,Left,36,52,71,0,Timed_out,129,nan
7/8/2022 23:47:44,1.12.0,Free_feed,8,4.10,1,1,Pellet,Left,36,52,72,0,Timed_out,501,nan
7/8/2022 23:50:43,1.12.0,Free_feed,8,4.10,nan,1,RightWithPellet,Left,36,53,72,0,nan,nan,0.03
7/8/2022 23:51:44,1.12.0,Free_feed,8,4.09,2,1,Pellet,Left,36,53,73,0,Timed_out,240,nan
7/8/2022 23:53:53,1.12.0,Free_feed,8,4.10,2,1,Pellet,Left,36,53,74,0,Timed_out,129,nan
7/8/2022 23:56:00,1.12.0,Free_feed,8,4.10,1,1,Pellet,Left,36,53,75,0,Timed_out,127,nan
7/8/2022 23:58:16,1.12.0,Free_feed,8,4.10,nan,1,RightWithPellet,Left,36,54,75,0,nan,nan,0.43
7/9/2022 0:00:52,1.12.0,Free_feed,8,4.10,nan,1,RightWithPellet,Left,36,55,75,0,nan,nan,0.41
7/9/2022 0:02:17,1.12.0,Free_feed,8,4.10,nan,1,RightWithPellet,Left,36,56,75,0,nan,nan,0.01
7/9/2022 0:02:20,1.12.0,Free_feed,8,4.10,nan,1,RightWithPellet,Left,36,57,75,0,nan,nan,0.36
7/9/2022 0:02:36,1.12.0,Free_feed,8,4.10,nan,1,RightWithPellet,Left,36,58,75,0,nan,nan,0.01
7/9/2022 0:02:58,1.12.0,Free_feed,8,4.09,nan,1,RightWithPellet,Left,36,59,75,0,nan,nan,0.12
7/9/2022 0:02:58,1.12.0,Free_feed,8,4.10,nan,1,RightWithPellet,Left,36,60,75,0,nan,nan,0.03
7/9/2022 0:03:05,1.12.0,Free_feed,8,4.10,nan,1,RightWithPellet,Left,36,61,75,0,nan,nan,0.17
7/9/2022 0:03:29,1.12.0,Free_feed,8,4.10,nan,1,LeftWithPellet,Left,37,61,75,0,nan,nan,0.09
7/9/2022 0:04:07,1.12.0,Free_feed,8,4.10,nan,1,LeftWithPellet,Left,38,61,75,0,nan,nan,0.01
7/9/2022 0:04:09,1.12.0,Free_feed,8,4.10,nan,1,LeftWithPellet,Left,39,61,75,0,nan,nan,0.08
7/9/2022 0:04:11,1.12.0,Free_feed,8,4.11,nan,1,LeftWithPellet,Left,40,61,75,0,nan,nan,0.78
7/9/2022 0:04:11,1.12.0,Free_feed,8,4.11,nan,1,LeftWithPellet,Left,41,61,75,0,nan,nan,0.12
7/9/2022 0:04:13,1.12.0,Free_feed,8,4.11,nan,1,LeftWithPellet,Left,42,61,75,0,nan,nan,0.24
7/9/2022 0:05:17,1.12.0,Free_feed,8,4.10,1,1,Pellet,Left,42,61,76,0,Timed_out,557,nan
7/9/2022 0:07:58,1.12.0,Free_feed,8,4.10,1,1,Pellet,Left,42,61,77,0,Timed_out,161,nan
7/9/2022 0:08:16,1.12.0,Free_feed,8,4.09,1,1,Pellet,Left,42,61,78,0,9.84,18,nan
7/9/2022 0:09:44,1.12.0,Free_feed,8,4.10,1,1,Pellet,Left,42,61,79,0,Timed_out,88,nan
7/9/2022 0:09:49,1.12.0,Free_feed,8,4.10,2,1,Pellet,Left,42,61,80,0,0.16,5,nan
7/9/2022 0:11:24,1.12.0,Free_feed,8,4.10,1,1,Pellet,Left,42,61,81,0,Timed_out,95,nan
7/9/2022 0:17:36,1.12.0,Free_feed,8,4.10,nan,1,LeftWithPellet,Left,43,61,81,0,nan,nan,0.00
7/9/2022 0:21:06,1.12.0,Free_feed,8,4.10,1,1,Pellet,Left,43,61,82,0,Timed_out,582,nan
7/9/2022 0:22:34,1.12.0,Free_feed,8,4.10,1,1,Pellet,Left,43,61,83,0,Timed_out,88,nan
7/9/2022 0:25:03,1.12.0,Free_feed,8,4.10,1,1,Pellet,Left,43,61,84,0,Timed_out,149,nan
7/9/2022 0:27:26,1.12.0,Free_feed,8,4.10,nan,1,RightWithPellet,Left,43,62,84,0,nan,nan,0.01
7/9/2022 0:36:21,1.12.0,Free_feed,8,4.11,1,1,Pellet,Left,43,62,85,0,Timed_out,678,nan
7/9/2022 0:39:28,1.12.0,Free_feed,8,4.10,1,1,Pellet,Left,43,62,86,0,Timed_out,187,nan
7/9/2022 0:40:59,1.12.0,Free_feed,8,4.09,nan,1,RightWithPellet,Left,43,63,86,0,nan,nan,0.03
7/9/2022 0:41:01,1.12.0,Free_feed,8,4.10,nan,1,RightWithPellet,Left,43,64,86,0,nan,nan,0.14
7/9/2022 0:41:48,1.12.0,Free_feed,8,4.10,nan,1,LeftWithPellet,Left,44,64,86,0,nan,nan,0.02
7/9/2022 0:41:49,1.12.0,Free_feed,8,4.10,nan,1,LeftWithPellet,Left,45,64,86,0,nan,nan,0.03
7/9/2022 0:43:07,1.12.0,Free_feed,8,4.10,2,1,Pellet,Left,45,64,87,0,Timed_out,219,nan
7/9/2022 0:53:26,1.12.0,Free_feed,8,4.10,1,1,Pellet,Left,45,64,88,0,Timed_out,619,nan
7/9/2022 0:55:44,1.12.0,Free_feed,8,4.09,nan,1,RightWithPellet,Left,45,65,88,0,nan,nan,0.82
7/9/2022 0:55:46,1.12.0,Free_feed,8,4.09,nan,1,RightWithPellet,Left,45,66,88,0,nan,nan,0.27
7/9/2022 0:55:47,1.12.0,Free_feed,8,4.10,nan,1,RightWithPellet,Left,45,67,88,0,nan,nan,0.64
7/9/2022 0:55:49,1.12.0,Free_feed,8,4.10,nan,1,RightWithPellet,Left,45,68,88,0,nan,nan,0.02
7/9/2022 0:56:04,1.12.0,Free_feed,8,4.10,1,1,Pellet,Left,45,68,89,0,Timed_out,158,nan
7/9/2022 0:57:15,1.12.0,Free_feed,8,4.10,nan,1,RightWithPellet,Left,45,69,89,0,nan,nan,0.00
7/9/2022 0:57:29,1.12.0,Free_feed,8,4.09,nan,1,LeftWithPellet,Left,46,69,89,0,nan,nan,0.23
7/9/2022 0:57:32,1.12.0,Free_feed,8,4.09,nan,1,LeftWithPellet,Left,47,69,89,0,nan,nan,1.02
7/9/2022 0:57:53,1.12.0,Free_feed,8,4.09,nan,1,LeftWithPellet,Left,48,69,89,0,nan,nan,0.06
7/9/2022 0:57:54,1.12.0,Free_feed,8,4.10,nan,1,LeftWithPellet,Left,49,69,89,0,nan,nan,0.09
7/9/2022 0:57:57,1.12.0,Free_feed,8,4.10,nan,1,LeftWithPellet,Left,50,69,89,0,nan,nan,0.24
7/9/2022 0:57:58,1.12.0,Free_feed,8,4.10,nan,1,LeftWithPellet,Left,51,69,89,0,nan,nan,0.48
7/9/2022 0:58:03,1.12.0,Free_feed,8,4.09,nan,1,LeftWithPellet,Left,52,69,89,0,nan,nan,1.36
7/9/2022 0:58:04,1.12.0,Free_feed,8,4.09,nan,1,LeftWithPellet,Left,53,69,89,0,nan,nan,0.68
7/9/2022 0:58:06,1.12.0,Free_feed,8,4.09,nan,1,LeftWithPellet,Left,54,69,89,0,nan,nan,0.01
7/9/2022 0:59:03,1.12.0,Free_feed,8,4.10,1,1,Pellet,Left,54,69,90,0,Timed_out,179,nan
7/9/2022 0:59:36,1.12.0,Free_feed,8,4.11,1,1,Pellet,Left,54,69,91,0,26.21,33,nan
7/9/2022 1:10:19,1.12.0,Free_feed,8,4.10,1,1,Pellet,Left,54,69,92,0,Timed_out,643,nan
7/9/2022 1:10:42,1.12.0,Free_feed,8,4.10,1,1,Pellet,Left,54,69,93,0,15.48,23,nan
7/9/2022 1:11:00,1.12.0,Free_feed,8,4.10,nan,1,LeftWithPellet,Left,55,69,93,0,nan,nan,0.04
7/9/2022 1:16:11,1.12.0,Free_feed,8,4.09,nan,1,RightWithPellet,Left,55,70,93,0,nan,nan,0.35
7/9/2022 1:29:19,1.12.0,Free_feed,8,4.10,nan,1,RightWithPellet,Left,55,71,93,0,nan,nan,0.19
7/9/2022 1:29:22,1.12.0,Free_feed,8,4.09,1,1,Pellet,Left,55,71,94,0,Timed_out,1120,nan
7/9/2022 1:32:55,1.12.0,Free_feed,8,4.09,2,1,Pellet,Left,55,71,95,0,Timed_out,213,nan
7/9/2022 1:40:22,1.12.0,Free_feed,8,4.09,nan,1,LeftWithPellet,Left,56,71,95,0,nan,nan,0.04
7/9/2022 1:40:28,1.12.0,Free_feed,8,4.09,1,1,Pellet,Left,56,71,96,0,Timed_out,453,nan
7/9/2022 1:40:51,1.12.0,Free_feed,8,4.09,1,1,Pellet,Left,56,71,97,0,16.11,23,nan
7/9/2022 1:41:01,1.12.0,Free_feed,8,4.10,1,1,Pellet,Left,56,71,98,0,2.49,10,nan
7/9/2022 1:41:09,1.12.0,Free_feed,8,4.10,2,1,Pellet,Left,56,71,99,0,0.16,8,nan
7/9/2022 1:41:31,1.12.0,Free_feed,8,4.09,nan,1,LeftWithPellet,Left,57,71,99,0,nan,nan,0.02
7/9/2022 1:42:10,1.12.0,Free_feed,8,4.09,1,1,Pellet,Left,57,71,100,0,54.23,61,nan
7/9/2022 1:42:18,1.12.0,Free_feed,8,4.09,2,1,Pellet,Left,57,71,101,0,0.16,8,nan
7/9/2022 1:46:00,1.12.0,Free_feed,8,4.09,1,1,Pellet,Left,57,71,102,0,Timed_out,222,nan
7/9/2022 1:54:42,1.12.0,Free_feed,8,4.09,1,1,Pellet,Left,57,71,103,0,Timed_out,522,nan
7/9/2022 2:23:49,1.12.0,Free_feed,8,4.10,1,1,Pellet,Left,57,71,104,0,Timed_out,1747,nan
7/9/2022 2:26:03,1.12.0,Free_feed,8,4.09,1,1,Pellet,Left,57,71,105,0,Timed_out,134,nan
7/9/2022 4:04:14,1.12.0,Free_feed,8,4.09,nan,1,LeftWithPellet,Left,58,71,105,0,nan,nan,0.75
7/9/2022 4:04:47,1.12.0,Free_feed,8,4.09,1,1,Pellet,Left,58,71,106,0,Timed_out,5924,nan
7/9/2022 4:05:11,1.12.0,Free_feed,8,4.09,1,1,Pellet,Left,58,71,107,0,16.05,24,nan
7/9/2022 4:09:26,1.12.0,Free_feed,8,4.09,1,1,Pellet,Left,58,71,108,0,Timed_out,255,nan
7/9/2022 4:09:30,1.12.0,Free_feed,8,4.09,1,1,Pellet,Left,58,71,109,0,0.16,4,nan
7/9/2022 4:09:57,1.12.0,Free_feed,8,4.09,1,1,Pellet,Left,58,71,110,0,19.79,27,nan
7/9/2022 4:11:34,1.12.0,Free_feed,8,4.09,1,1,Pellet,Left,58,71,111,0,Timed_out,97,nan
7/9/2022 4:22:04,1.12.0,Free_feed,8,4.09,1,1,Pellet,Left,58,71,112,0,Timed_out,630,nan
7/9/2022 4:22:29,1.12.0,Free_feed,8,4.09,1,1,Pellet,Left,58,71,113,0,18.27,25,nan
7/9/2022 4:25:25,1.12.0,Free_feed,8,4.09,nan,1,RightWithPellet,Left,58,72,113,0,nan,nan,0.02
7/9/2022 4:25:40,1.12.0,Free_feed,8,4.09,nan,1,RightWithPellet,Left,58,73,113,0,nan,nan,0.22
7/9/2022 4:26:11,1.12.0,Free_feed,8,4.09,1,1,Pellet,Left,58,73,114,0,Timed_out,222,nan
7/9/2022 4:26:25,1.12.0,Free_feed,8,4.09,nan,1,LeftWithPellet,Left,59,73,114,0,nan,nan,0.04
7/9/2022 4:35:29,1.12.0,Free_feed,8,4.09,nan,1,LeftWithPellet,Left,60,73,114,0,nan,nan,0.07
7/9/2022 4:40:23,1.12.0,Free_feed,8,4.09,nan,1,RightWithPellet,Left,60,74,114,0,nan,nan,0.54
7/9/2022 4:41:05,1.12.0,Free_feed,8,4.09,1,1,Pellet,Left,60,74,115,0,Timed_out,894,nan
7/9/2022 4:42:06,1.12.0,Free_feed,8,4.09,1,1,Pellet,Left,60,74,116,0,53.95,61,nan
7/9/2022 4:44:43,1.12.0,Free_feed,8,4.09,1,1,Pellet,Left,60,74,117,0,Timed_out,157,nan
7/9/2022 4:54:06,1.12.0,Free_feed,8,4.09,nan,1,RightWithPellet,Left,60,75,117,0,nan,nan,0.01
7/9/2022 4:54:07,1.12.0,Free_feed,8,4.09,nan,1,RightWithPellet,Left,60,76,117,0,nan,nan,0.09
7/9/2022 4:54:09,1.12.0,Free_feed,8,4.09,nan,1,RightWithPellet,Left,60,77,117,0,nan,nan,0.16
7/9/2022 4:54:10,1.12.0,Free_feed,8,4.09,nan,1,RightWithPellet,Left,60,78,117,0,nan,nan,0.10
7/9/2022 4:54:18,1.12.0,Free_feed,8,4.09,nan,1,RightWithPellet,Left,60,79,117,0,nan,nan,0.09
7/9/2022 4:54:20,1.12.0,Free_feed,8,4.09,1,1,Pellet,Left,60,79,118,0,Timed_out,577,nan
7/9/2022 4:54:27,1.12.0,Free_feed,8,4.09,1,1,Pellet,Left,60,79,119,0,0.16,7,nan
7/9/2022 4:55:15,1.12.0,Free_feed,8,4.09,2,1,Pellet,Left,60,79,120,0,40.57,48,nan
7/9/2022 4:59:06,1.12.0,Free_feed,8,4.09,1,1,Pellet,Left,60,79,121,0,Timed_out,231,nan
7/9/2022 4:59:48,1.12.0,Free_feed,8,4.09,1,1,Pellet,Left,60,79,122,0,34.47,42,nan
7/9/2022 4:59:58,1.12.0,Free_feed,8,4.08,1,1,Pellet,Left,60,79,123,0,6.42,10,nan
7/9/2022 5:00:31,1.12.0,Free_feed,8,4.09,1,1,Pellet,Left,60,79,124,0,25.52,33,nan
7/9/2022 5:00:54,1.12.0,Free_feed,8,4.09,1,1,Pellet,Left,60,79,125,0,15.61,23,nan
7/9/2022 5:29:07,1.12.0,Free_feed,8,4.09,1,1,Pellet,Left,60,79,126,0,Timed_out,1693,nan
7/9/2022 5:29:16,1.12.0,Free_feed,8,4.09,2,1,Pellet,Left,60,79,127,0,0.79,9,nan
7/9/2022 5:29:41,1.12.0,Free_feed,8,4.08,1,1,Pellet,Left,60,79,128,0,17.84,25,nan
7/9/2022 5:30:01,1.12.0,Free_feed,8,4.09,1,1,Pellet,Left,60,79,129,0,13.08,20,nan
7/9/2022 5:30:10,1.12.0,Free_feed,8,4.09,2,1,Pellet,Left,60,79,130,0,1.48,9,nan
7/9/2022 5:30:37,1.12.0,Free_feed,8,4.09,1,1,Pellet,Left,60,79,131,0,19.54,27,nan
7/9/2022 5:42:18,1.12.0,Free_feed,8,4.09,1,1,Pellet,Left,60,79,132,0,Timed_out,701,nan
7/9/2022 5:43:59,1.12.0,Free_feed,8,4.09,1,1,Pellet,Left,60,79,133,0,Timed_out,101,nan
7/9/2022 6:40:11,1.12.0,Free_feed,8,4.09,1,1,Pellet,Left,60,79,134,0,Timed_out,3372,nan
7/9/2022 6:41:37,1.12.0,Free_feed,8,4.08,1,1,Pellet,Left,60,79,135,0,Timed_out,86,nan
7/9/2022 6:42:53,1.12.0,Free_feed,8,4.09,1,1,Pellet,Left,60,79,136,0,Timed_out,76,nan
7/9/2022 8:02:20,1.12.0,Free_feed,8,4.08,nan,1,LeftWithPellet,Left,61,79,136,0,nan,nan,0.07
7/9/2022 8:02:49,1.12.0,Free_feed,8,4.08,1,1,Pellet,Left,61,79,137,0,Timed_out,4796,nan
7/9/2022 8:03:30,1.12.0,Free_feed,8,4.08,1,1,Pellet,Left,61,79,138,0,34.61,41,nan
7/9/2022 8:03:50,1.12.0,Free_feed,8,4.07,2,1,Pellet,Left,61,79,139,0,12.19,20,nan
7/9/2022 8:03:52,1.12.0,Free_feed,8,4.07,1,1,Pellet,Left,61,79,140,0,0.16,1,nan
7/9/2022 8:06:53,1.12.0,Free_feed,8,4.08,1,1,Pellet,Left,61,79,141,0,Timed_out,182,nan
7/9/2022 8:11:11,1.12.0,Free_feed,8,4.07,nan,1,LeftWithPellet,Left,62,79,141,0,nan,nan,0.42
7/9/2022 8:11:18,1.12.0,Free_feed,8,4.08,1,1,Pellet,Left,62,79,142,0,Timed_out,265,nan
7/9/2022 8:11:20,1.12.0,Free_feed,8,4.08,1,1,Pellet,Left,62,79,143,0,0.60,2,nan
7/9/2022 8:12:36,1.12.0,Free_feed,8,4.08,1,1,Pellet,Left,62,79,144,0,Timed_out,76,nan
7/9/2022 8:13:13,1.12.0,Free_feed,8,4.07,nan,1,LeftWithPellet,Left,63,79,144,0,nan,nan,0.57
7/9/2022 8:17:47,1.12.0,Free_feed,8,4.08,1,1,Pellet,Left,63,79,145,0,Timed_out,311,nan
7/9/2022 8:18:28,1.12.0,Free_feed,8,4.07,1,1,Pellet,Left,63,79,146,0,38.98,41,nan
7/9/2022 8:27:46,1.12.0,Free_feed,8,4.08,1,1,Pellet,Left,63,79,147,0,Timed_out,558,nan
7/9/2022 8:29:09,1.12.0,Free_feed,8,4.08,1,1,Pellet,Left,63,79,148,0,Timed_out,83,nan
7/9/2022 8:29:36,1.12.0,Free_feed,8,4.08,1,1,Pellet,Left,63,79,149,0,20.31,27,nan
7/9/2022 8:29:56,1.12.0,Free_feed,8,4.08,1,1,Pellet,Left,63,79,150,0,12.38,20,nan
7/9/2022 8:30:21,1.12.0,Free_feed,8,4.08,1,1,Pellet,Left,63,79,151,0,17.07,25,nan
7/9/2022 8:30:29,1.12.0,Free_feed,8,4.08,2,1,Pellet,Left,63,79,152,0,0.22,7,nan
7/9/2022 8:36:39,1.12.0,Free_feed,8,4.07,nan,1,RightWithPellet,Left,63,80,152,0,nan,nan,0.04
7/9/2022 8:36:43,1.12.0,Free_feed,8,4.08,2,1,Pellet,Left,63,80,153,0,Timed_out,375,nan
7/9/2022 8:38:31,1.12.0,Free_feed,8,4.08,nan,1,RightWithPellet,Left,63,81,153,0,nan,nan,0.00
7/9/2022 8:40:10,1.12.0,Free_feed,8,4.08,1,1,Pellet,Left,63,81,154,0,Timed_out,207,nan
7/9/2022 8:44:14,1.12.0,Free_feed,8,4.07,2,1,Pellet,Left,63,81,155,0,Timed_out,244,nan
7/9/2022 8:58:43,1.12.0,Free_feed,8,4.07,1,1,Pellet,Left,63,81,156,0,Timed_out,869,nan
7/9/2022 10:50:40,1.12.0,Free_feed,8,4.07,1,1,Pellet,Left,63,81,157,0,Timed_out,6717,nan
7/9/2022 10:51:09,1.12.0,Free_feed,8,4.07,1,1,Pellet,Left,63,81,158,0,22.27,29,nan
7/9/2022 10:51:42,1.12.0,Free_feed,8,4.07,1,1,Pellet,Left,63,81,159,0,25.26,33,nan
7/9/2022 10:56:39,1.12.0,Free_feed,8,4.07,nan,1,LeftWithPellet,Left,64,81,159,0,nan,nan,0.02
7/9/2022 10:58:40,1.12.0,Free_feed,8,4.07,nan,1,RightWithPellet,Left,64,82,159,0,nan,nan,0.01
7/9/2022 10:58:53,1.12.0,Free_feed,8,4.07,nan,1,RightWithPellet,Left,64,83,159,0,nan,nan,0.16
7/9/2022 10:58:54,1.12.0,Free_feed,8,4.07,nan,1,RightWithPellet,Left,64,84,159,0,nan,nan,0.02
7/9/2022 10:58:55,1.12.0,Free_feed,8,4.07,nan,1,RightWithPellet,Left,64,85,159,0,nan,nan,0.02
7/9/2022 10:58:57,1.12.0,Free_feed,8,4.07,nan,1,RightWithPellet,Left,64,86,159,0,nan,nan,0.50
7/9/2022 10:59:04,1.12.0,Free_feed,8,4.07,1,1,Pellet,Left,64,86,160,0,Timed_out,442,nan
7/9/2022 11:01:00,1.12.0,Free_feed,8,4.07,1,1,Pellet,Left,64,86,161,0,Timed_out,116,nan
7/9/2022 11:06:53,1.12.0,Free_feed,8,4.07,1,1,Pellet,Left,64,86,162,0,Timed_out,353,nan
7/9/2022 11:07:16,1.12.0,Free_feed,8,4.07,1,1,Pellet,Left,64,86,163,0,16.87,23,nan
7/9/2022 11:07:41,1.12.0,Free_feed,8,4.07,2,1,Pellet,Left,64,86,164,0,17.76,25,nan
7/9/2022 13:04:41,1.12.0,Free_feed,8,4.07,1,1,Pellet,Left,64,86,165,0,Timed_out,7020,nan
7/9/2022 13:05:35,1.12.0,Free_feed,8,4.07,1,1,Pellet,Left,64,86,166,0,47.31,54,nan
7/9/2022 13:05:57,1.12.0,Free_feed,8,4.07,1,1,Pellet,Left,64,86,167,0,14.03,22,nan
7/9/2022 13:06:15,1.12.0,Free_feed,8,4.07,2,1,Pellet,Left,64,86,168,0,10.66,18,nan
7/9/2022 13:06:36,1.12.0,Free_feed,8,4.06,2,1,Pellet,Left,64,86,169,0,17.51,21,nan
7/9/2022 13:06:59,1.12.0,Free_feed,8,4.07,1,1,Pellet,Left,64,86,170,0,16.43,23,nan
7/9/2022 13:07:17,1.12.0,Free_feed,8,4.07,1,1,Pellet,Left,64,86,171,0,9.90,18,nan
7/9/2022 13:07:43,1.12.0,Free_feed,8,4.07,1,1,Pellet,Left,64,86,172,0,19.41,26,nan
7/9/2022 13:08:19,1.12.0,Free_feed,8,4.07,1,1,Pellet,Left,64,86,173,0,27.48,35,nan
7/9/2022 13:15:59,1.12.0,Free_feed,8,4.07,1,1,Pellet,Left,64,86,174,0,Timed_out,461,nan
7/9/2022 13:19:10,1.12.0,Free_feed,8,4.07,nan,1,RightWithPellet,Left,64,87,174,0,nan,nan,0.02
7/9/2022 13:19:38,1.12.0,Free_feed,8,4.07,nan,1,RightWithPellet,Left,64,88,174,0,nan,nan,22.64
7/9/2022 13:19:42,1.12.0,Free_feed,8,4.07,nan,1,RightWithPellet,Left,64,89,174,0,nan,nan,0.12
7/9/2022 13:19:44,1.12.0,Free_feed,8,4.07,nan,1,RightWithPellet,Left,64,90,174,0,nan,nan,0.45
7/9/2022 13:19:47,1.12.0,Free_feed,8,4.07,nan,1,RightWithPellet,Left,64,91,174,0,nan,nan,0.01
7/9/2022 13:19:50,1.12.0,Free_feed,8,4.07,nan,1,RightWithPellet,Left,64,92,174,0,nan,nan,0.43
7/9/2022 13:19:51,1.12.0,Free_feed,8,4.07,nan,1,RightWithPellet,Left,64,93,174,0,nan,nan,0.42
7/9/2022 13:19:54,1.12.0,Free_feed,8,4.07,nan,1,RightWithPellet,Left,64,94,174,0,nan,nan,1.18
7/9/2022 13:19:55,1.12.0,Free_feed,8,4.07,nan,1,RightWithPellet,Left,64,95,174,0,nan,nan,0.46
7/9/2022 13:19:55,1.12.0,Free_feed,8,4.07,nan,1,RightWithPellet,Left,64,96,174,0,nan,nan,0.06
7/9/2022 13:19:58,1.12.0,Free_feed,8,4.07,nan,1,RightWithPellet,Left,64,97,174,0,nan,nan,0.02
7/9/2022 13:19:59,1.12.0,Free_feed,8,4.07,nan,1,RightWithPellet,Left,64,98,174,0,nan,nan,0.00
7/9/2022 13:20:12,1.12.0,Free_feed,8,4.07,1,1,Pellet,Left,64,98,175,0,Timed_out,253,nan
7/9/2022 13:20:46,1.12.0,Free_feed,8,4.07,nan,1,LeftWithPellet,Left,65,98,175,0,nan,nan,0.52
7/9/2022 15:06:18,1.12.0,Free_feed,8,4.07,1,1,Pellet,Left,65,98,176,0,Timed_out,6366,nan
7/9/2022 15:08:03,1.12.0,Free_feed,8,4.07,1,1,Pellet,Left,65,98,177,0,Timed_out,105,nan
7/9/2022 15:08:12,1.12.0,Free_feed,8,4.07,1,1,Pellet,Left,65,98,178,0,2.62,9,nan
7/9/2022 15:08:37,1.12.0,Free_feed,8,4.07,1,1,Pellet,Left,65,98,179,0,17.07,25,nan
7/9/2022 15:09:12,1.12.0,Free_feed,8,4.06,1,1,Pellet,Left,65,98,180,0,28.44,35,nan
7/9/2022 15:09:34,1.12.0,Free_feed,8,4.06,1,1,Pellet,Left,65,98,181,0,14.02,21,nan
7/9/2022 15:09:35,1.12.0,Free_feed,8,4.06,1,1,Pellet,Left,65,98,182,0,0.16,2,nan
7/9/2022 15:09:58,1.12.0,Free_feed,8,4.07,1,1,Pellet,Left,65,98,183,0,15.68,23,nan
7/9/2022 17:04:56,1.12.0,Free_feed,8,4.06,2,1,Pellet,Left,65,98,184,0,Timed_out,6898,nan
7/9/2022 17:06:34,1.12.0,Free_feed,8,4.06,1,1,Pellet,Left,65,98,185,0,Timed_out,98,nan
7/9/2022 17:06:36,1.12.0,Free_feed,8,4.06,1,1,Pellet,Left,65,98,186,0,0.16,2,nan
7/9/2022 17:08:59,1.12.0,Free_feed,8,4.06,1,1,Pellet,Left,65,98,187,0,Timed_out,142,nan
7/9/2022 17:09:35,1.12.0,Free_feed,8,4.06,1,1,Pellet,Left,65,98,188,0,28.94,37,nan
7/9/2022 17:11:11,1.12.0,Free_feed,8,4.06,nan,1,RightWithPellet,Left,65,99,188,0,nan,nan,0.24
7/9/2022 17:13:01,1.12.0,Free_feed,8,4.06,2,1,Pellet,Left,65,99,189,0,Timed_out,206,nan
7/9/2022 17:14:41,1.12.0,Free_feed,8,4.06,1,1,Pellet,Left,65,99,190,0,Timed_out,100,nan
7/9/2022 17:15:54,1.12.0,Free_feed,8,4.05,1,1,Pellet,Left,65,99,191,0,Timed_out,73,nan
7/9/2022 17:17:40,1.12.0,Free_feed,8,4.06,nan,1,LeftWithPellet,Left,66,99,191,0,nan,nan,0.16
7/9/2022 17:17:54,1.12.0,Free_feed,8,4.06,nan,1,LeftWithPellet,Left,67,99,191,0,nan,nan,0.15
7/9/2022 17:18:03,1.12.0,Free_feed,8,4.06,1,1,Pellet,Left,67,99,192,0,Timed_out,129,nan
7/9/2022 17:20:02,1.12.0,Free_feed,8,4.06,2,1,Pellet,Left,67,99,193,0,Timed_out,119,nan
7/9/2022 19:08:25,1.12.0,Free_feed,8,4.05,1,1,Pellet,Left,67,99,194,0,Timed_out,6503,nan
7/9/2022 19:09:03,1.12.0,Free_feed,8,4.06,1,1,Pellet,Left,67,99,195,0,30.15,38,nan
7/9/2022 19:09:47,1.12.0,Free_feed,8,4.05,2,1,Pellet,Left,67,99,196,0,35.68,44,nan
7/9/2022 19:10:20,1.12.0,Free_feed,8,4.06,1,1,Pellet,Left,67,99,197,0,25.51,33,nan
7/9/2022 19:11:11,1.12.0,Free_feed,8,4.06,1,1,Pellet,Left,67,99,198,0,43.92,51,nan
7/9/2022 19:12:34,1.12.0,Free_feed,8,4.05,1,1,Pellet,Left,67,99,199,0,Timed_out,83,nan
7/9/2022 19:13:10,1.12.0,Free_feed,8,4.06,1,1,Pellet,Left,67,99,200,0,28.69,36,nan
7/9/2022 19:13:31,1.12.0,Free_feed,8,4.05,1,1,Pellet,Left,67,99,201,0,13.20,21,nan
7/9/2022 19:15:14,1.12.0,Free_feed,8,4.05,1,1,Pellet,Left,67,99,202,0,Timed_out,103,nan
7/9/2022 19:16:04,1.12.0,Free_feed,8,4.06,1,1,Pellet,Left,67,99,203,0,42.36,50,nan
7/9/2022 19:18:00,1.12.0,Free_feed,8,4.06,1,1,Pellet,Left,67,99,204,0,Timed_out,115,nan
