MM:DD:YYYY hh:mm:ss,Library_Version,Session_type,Device_Number,Battery_Voltage,Motor_Turns,FR,Event,Active_Poke,Left_Poke_Count,Right_Poke_Count,Pellet_Count,Block_Pellet_Count,Retrieval_Time,InterPelletInterval,Poke_Time
3/29/2023 10:34:13,1.14.0,Free_feed,3,4.11,nan,1,LeftWithPellet,Left,1,0,0,0,nan,nan,0.05
3/29/2023 10:34:31,1.14.0,Free_feed,3,4.12,nan,1,RightWithPellet,Left,1,1,0,0,nan,nan,0.35
3/29/2023 10:37:45,1.14.0,Free_feed,3,4.12,nan,1,RightWithPellet,Left,1,2,0,0,nan,nan,0.66
3/29/2023 10:38:00,1.14.0,Free_feed,3,4.12,98,1,Pellet,Left,1,2,1,0,Timed_out,nan,nan
3/29/2023 10:39:07,1.14.0,Free_feed,3,4.11,3,1,Pellet,Left,1,2,2,0,55.27,67,nan
3/29/2023 10:39:55,1.14.0,Free_feed,3,4.12,1,1,Pellet,Left,1,2,3,0,40.82,48,nan
3/29/2023 10:40:17,1.14.0,Free_feed,3,4.12,1,1,Pellet,Left,1,2,4,0,14.83,22,nan
3/29/2023 10:40:34,1.14.0,Free_feed,3,4.12,1,1,Pellet,Left,1,2,5,0,9.31,17,nan
3/29/2023 10:40:35,1.14.0,Free_feed,3,4.12,1,1,Pellet,Left,1,2,6,0,0.06,1,nan
3/29/2023 10:40:36,1.14.0,Free_feed,3,4.12,1,1,Pellet,Left,1,2,7,0,0.06,1,nan
3/29/2023 10:40:38,1.14.0,Free_feed,3,4.11,1,1,Pellet,Left,1,2,8,0,0.06,2,nan
3/29/2023 10:40:57,1.14.0,Free_feed,3,4.12,nan,1,RightWithPellet,Left,1,3,8,0,nan,nan,0.34
3/29/2023 10:41:06,1.14.0,Free_feed,3,4.12,1,1,Pellet,Left,1,3,9,0,20.82,28,nan
3/29/2023 10:41:24,1.14.0,Free_feed,3,4.12,2,1,Pellet,Left,1,3,10,0,8.14,18,nan
3/29/2023 10:41:41,1.14.0,Free_feed,3,4.12,1,1,Pellet,Left,1,3,11,0,10.78,17,nan
3/29/2023 10:42:00,1.14.0,Free_feed,3,4.12,7,1,Pellet,Left,1,3,12,0,0.60,19,nan
3/29/2023 10:42:55,1.14.0,Free_feed,3,4.12,nan,1,LeftWithPellet,Left,2,3,12,0,nan,nan,0.45
3/29/2023 10:42:56,1.14.0,Free_feed,3,4.12,nan,1,LeftWithPellet,Left,3,3,12,0,nan,nan,0.04
3/29/2023 10:42:56,1.14.0,Free_feed,3,4.12,nan,1,LeftWithPellet,Left,4,3,12,0,nan,nan,0.35
3/29/2023 10:42:57,1.14.0,Free_feed,3,4.12,nan,1,LeftWithPellet,Left,5,3,12,0,nan,nan,0.62
3/29/2023 10:42:58,1.14.0,Free_feed,3,4.12,nan,1,LeftWithPellet,Left,6,3,12,0,nan,nan,0.12
3/29/2023 10:42:59,1.14.0,Free_feed,3,4.12,nan,1,LeftWithPellet,Left,7,3,12,0,nan,nan,0.48
3/29/2023 10:43:00,1.14.0,Free_feed,3,4.12,nan,1,LeftWithPellet,Left,8,3,12,0,nan,nan,0.01
3/29/2023 10:43:00,1.14.0,Free_feed,3,4.12,nan,1,LeftWithPellet,Left,9,3,12,0,nan,nan,0.14
3/29/2023 10:43:03,1.14.0,Free_feed,3,4.12,nan,1,LeftWithPellet,Left,10,3,12,0,nan,nan,0.01
3/29/2023 10:43:04,1.14.0,Free_feed,3,4.11,nan,1,LeftWithPellet,Left,11,3,12,0,nan,nan,0.87
3/29/2023 10:43:04,1.14.0,Free_feed,3,4.11,nan,1,LeftWithPellet,Left,12,3,12,0,nan,nan,0.00
3/29/2023 10:43:05,1.14.0,Free_feed,3,4.12,nan,1,LeftWithPellet,Left,13,3,12,0,nan,nan,0.27
3/29/2023 10:43:07,1.14.0,Free_feed,3,4.11,nan,1,LeftWithPellet,Left,14,3,12,0,nan,nan,1.10
3/29/2023 10:43:22,1.14.0,Free_feed,3,4.12,2,1,Pellet,Left,14,3,13,0,Timed_out,82,nan
3/29/2023 10:43:30,1.14.0,Free_feed,3,4.12,1,1,Pellet,Left,14,3,14,0,1.89,8,nan
3/29/2023 10:43:33,1.14.0,Free_feed,3,4.12,nan,1,RightWithPellet,Left,14,4,14,0,nan,nan,0.54
3/29/2023 10:45:09,1.14.0,Free_feed,3,4.12,nan,1,LeftWithPellet,Left,15,4,14,0,nan,nan,0.19
3/29/2023 10:45:26,1.14.0,Free_feed,3,4.12,nan,1,RightWithPellet,Left,15,5,14,0,nan,nan,0.06
3/29/2023 10:45:29,1.14.0,Free_feed,3,4.12,1,1,Pellet,Left,15,5,15,0,Timed_out,119,nan
3/29/2023 10:46:49,1.14.0,Free_feed,3,4.12,nan,1,RightWithPellet,Left,15,6,15,0,nan,nan,0.19
3/29/2023 10:46:50,1.14.0,Free_feed,3,4.12,nan,1,RightWithPellet,Left,15,7,15,0,nan,nan,0.01
3/29/2023 10:46:51,1.14.0,Free_feed,3,4.11,nan,1,RightWithPellet,Left,15,8,15,0,nan,nan,0.59
3/29/2023 10:48:03,1.14.0,Free_feed,3,4.12,nan,1,RightWithPellet,Left,15,9,15,0,nan,nan,0.92
3/29/2023 10:51:03,1.14.0,Free_feed,3,4.11,nan,1,RightWithPellet,Left,15,10,15,0,nan,nan,0.06
3/29/2023 10:54:59,1.14.0,Free_feed,3,4.11,nan,1,LeftWithPellet,Left,16,10,15,0,nan,nan,0.01
3/29/2023 10:55:06,1.14.0,Free_feed,3,4.12,1,1,Pellet,Left,16,10,16,0,Timed_out,577,nan
3/29/2023 10:55:20,1.14.0,Free_feed,3,4.12,2,1,Pellet,Left,16,10,17,0,6.31,14,nan
3/29/2023 11:00:46,1.14.0,Free_feed,3,4.12,nan,1,LeftWithPellet,Left,17,10,17,0,nan,nan,0.01
3/29/2023 11:00:52,1.14.0,Free_feed,3,4.12,nan,1,LeftWithPellet,Left,18,10,17,0,nan,nan,0.06
3/29/2023 11:01:00,1.14.0,Free_feed,3,4.12,nan,1,LeftWithPellet,Left,19,10,17,0,nan,nan,0.37
3/29/2023 11:01:01,1.14.0,Free_feed,3,4.12,nan,1,LeftWithPellet,Left,20,10,17,0,nan,nan,0.13
3/29/2023 11:01:11,1.14.0,Free_feed,3,4.11,nan,1,RightWithPellet,Left,20,11,17,0,nan,nan,0.04
3/29/2023 11:01:16,1.14.0,Free_feed,3,4.12,nan,1,RightWithPellet,Left,20,12,17,0,nan,nan,0.17
3/29/2023 11:01:20,1.14.0,Free_feed,3,4.11,nan,1,RightWithPellet,Left,20,13,17,0,nan,nan,0.83
3/29/2023 11:01:29,1.14.0,Free_feed,3,4.12,2,1,Pellet,Left,20,13,18,0,Timed_out,369,nan
3/29/2023 11:03:29,1.14.0,Free_feed,3,4.12,nan,1,LeftWithPellet,Left,21,13,18,0,nan,nan,0.06
3/29/2023 11:03:30,1.14.0,Free_feed,3,4.12,nan,1,LeftWithPellet,Left,22,13,18,0,nan,nan,0.03
3/29/2023 11:03:33,1.14.0,Free_feed,3,4.12,nan,1,LeftWithPellet,Left,23,13,18,0,nan,nan,0.58
3/29/2023 11:03:35,1.14.0,Free_feed,3,4.12,nan,1,LeftWithPellet,Left,24,13,18,0,nan,nan,1.55
3/29/2023 11:03:37,1.14.0,Free_feed,3,4.11,nan,1,LeftWithPellet,Left,25,13,18,0,nan,nan,0.06
3/29/2023 11:03:39,1.14.0,Free_feed,3,4.12,nan,1,LeftWithPellet,Left,26,13,18,0,nan,nan,0.40
3/29/2023 11:03:48,1.14.0,Free_feed,3,4.12,2,1,Pellet,Left,26,13,19,0,Timed_out,139,nan
3/29/2023 11:03:55,1.14.0,Free_feed,3,4.12,1,1,Pellet,Left,26,13,20,0,0.30,7,nan
3/29/2023 11:04:03,1.14.0,Free_feed,3,4.12,2,1,Pellet,Left,26,13,21,0,1.52,8,nan
3/29/2023 11:04:13,1.14.0,Free_feed,3,4.12,2,1,Pellet,Left,26,13,22,0,0.54,10,nan
3/29/2023 11:04:18,1.14.0,Free_feed,3,4.12,1,1,Pellet,Left,26,13,23,0,0.06,5,nan
3/29/2023 11:04:43,1.14.0,Free_feed,3,4.12,nan,1,LeftWithPellet,Left,27,13,23,0,nan,nan,0.08
3/29/2023 11:04:50,1.14.0,Free_feed,3,4.12,nan,1,RightWithPellet,Left,27,14,23,0,nan,nan,0.11
3/29/2023 11:05:19,1.14.0,Free_feed,3,4.12,nan,1,RightWithPellet,Left,27,15,23,0,nan,nan,1.02
3/29/2023 11:05:19,1.14.0,Free_feed,3,4.12,nan,1,RightWithPellet,Left,27,16,23,0,nan,nan,0.18
3/29/2023 11:06:10,1.14.0,Free_feed,3,4.12,1,1,Pellet,Left,27,16,24,0,Timed_out,112,nan
3/29/2023 11:06:20,1.14.0,Free_feed,3,4.12,1,1,Pellet,Left,27,16,25,0,2.62,10,nan
3/29/2023 11:06:44,1.14.0,Free_feed,3,4.12,nan,1,LeftWithPellet,Left,28,16,25,0,nan,nan,0.12
3/29/2023 11:06:44,1.14.0,Free_feed,3,4.12,nan,1,LeftWithPellet,Left,29,16,25,0,nan,nan,0.02
3/29/2023 11:06:44,1.14.0,Free_feed,3,4.12,nan,1,LeftWithPellet,Left,30,16,25,0,nan,nan,0.03
3/29/2023 11:06:45,1.14.0,Free_feed,3,4.11,nan,1,LeftWithPellet,Left,31,16,25,0,nan,nan,0.05
3/29/2023 11:06:50,1.14.0,Free_feed,3,4.12,1,1,Pellet,Left,31,16,26,0,22.13,29,nan
3/29/2023 11:07:07,1.14.0,Free_feed,3,4.12,nan,1,LeftWithPellet,Left,32,16,26,0,nan,nan,0.57
3/29/2023 11:07:08,1.14.0,Free_feed,3,4.12,nan,1,LeftWithPellet,Left,33,16,26,0,nan,nan,0.65
3/29/2023 11:07:09,1.14.0,Free_feed,3,4.12,nan,1,LeftWithPellet,Left,34,16,26,0,nan,nan,0.30
3/29/2023 11:07:10,1.14.0,Free_feed,3,4.11,nan,1,LeftWithPellet,Left,35,16,26,0,nan,nan,0.64
3/29/2023 11:07:11,1.14.0,Free_feed,3,4.12,nan,1,LeftWithPellet,Left,36,16,26,0,nan,nan,0.06
3/29/2023 11:07:12,1.14.0,Free_feed,3,4.12,nan,1,LeftWithPellet,Left,37,16,26,0,nan,nan,1.25
3/29/2023 11:07:16,1.14.0,Free_feed,3,4.12,nan,1,LeftWithPellet,Left,38,16,26,0,nan,nan,0.50
3/29/2023 11:07:16,1.14.0,Free_feed,3,4.12,nan,1,LeftWithPellet,Left,39,16,26,0,nan,nan,0.09
3/29/2023 11:07:18,1.14.0,Free_feed,3,4.12,nan,1,LeftWithPellet,Left,40,16,26,0,nan,nan,1.13
3/29/2023 11:07:18,1.14.0,Free_feed,3,4.12,nan,1,LeftWithPellet,Left,41,16,26,0,nan,nan,0.02
3/29/2023 11:07:19,1.14.0,Free_feed,3,4.12,nan,1,LeftWithPellet,Left,42,16,26,0,nan,nan,0.02
3/29/2023 11:07:20,1.14.0,Free_feed,3,4.12,nan,1,LeftWithPellet,Left,43,16,26,0,nan,nan,0.35
3/29/2023 11:07:52,1.14.0,Free_feed,3,4.11,nan,1,RightWithPellet,Left,43,17,26,0,nan,nan,0.20
3/29/2023 11:08:08,1.14.0,Free_feed,3,4.11,nan,1,LeftWithPellet,Left,44,17,26,0,nan,nan,0.17
3/29/2023 11:13:12,1.14.0,Free_feed,3,4.12,nan,1,RightWithPellet,Left,44,18,26,0,nan,nan,0.02
3/29/2023 11:13:19,1.14.0,Free_feed,3,4.11,nan,1,RightWithPellet,Left,44,19,26,0,nan,nan,0.03
3/29/2023 11:13:23,1.14.0,Free_feed,3,4.11,nan,1,RightWithPellet,Left,44,20,26,0,nan,nan,0.76
3/29/2023 11:13:24,1.14.0,Free_feed,3,4.12,nan,1,RightWithPellet,Left,44,21,26,0,nan,nan,0.18
3/29/2023 11:13:27,1.14.0,Free_feed,3,4.12,nan,1,RightWithPellet,Left,44,22,26,0,nan,nan,0.10
3/29/2023 11:13:29,1.14.0,Free_feed,3,4.12,nan,1,RightWithPellet,Left,44,23,26,0,nan,nan,0.45
3/29/2023 11:13:30,1.14.0,Free_feed,3,4.11,nan,1,RightWithPellet,Left,44,24,26,0,nan,nan,0.47
3/29/2023 11:13:33,1.14.0,Free_feed,3,4.12,nan,1,RightWithPellet,Left,44,25,26,0,nan,nan,0.44
3/29/2023 11:13:35,1.14.0,Free_feed,3,4.12,nan,1,RightWithPellet,Left,44,26,26,0,nan,nan,0.54
3/29/2023 11:13:41,1.14.0,Free_feed,3,4.12,nan,1,RightWithPellet,Left,44,27,26,0,nan,nan,0.10
3/29/2023 11:14:08,1.14.0,Free_feed,3,4.11,nan,1,RightWithPellet,Left,44,28,26,0,nan,nan,0.15
3/29/2023 11:14:09,1.14.0,Free_feed,3,4.12,nan,1,RightWithPellet,Left,44,29,26,0,nan,nan,0.19
3/29/2023 11:14:39,1.14.0,Free_feed,3,4.12,2,1,Pellet,Left,44,29,27,0,Timed_out,470,nan
3/29/2023 11:14:48,1.14.0,Free_feed,3,4.11,nan,1,RightWithPellet,Left,44,30,27,0,nan,nan,0.30
3/29/2023 11:14:49,1.14.0,Free_feed,3,4.12,nan,1,RightWithPellet,Left,44,31,27,0,nan,nan,0.43
3/29/2023 11:14:50,1.14.0,Free_feed,3,4.11,nan,1,RightWithPellet,Left,44,32,27,0,nan,nan,0.08
3/29/2023 11:14:50,1.14.0,Free_feed,3,4.11,nan,1,RightWithPellet,Left,44,33,27,0,nan,nan,0.20
3/29/2023 11:14:52,1.14.0,Free_feed,3,4.11,nan,1,RightWithPellet,Left,44,34,27,0,nan,nan,1.23
3/29/2023 11:14:57,1.14.0,Free_feed,3,4.12,1,1,Pellet,Left,44,34,28,0,11.31,18,nan
3/29/2023 11:15:04,1.14.0,Free_feed,3,4.11,nan,1,LeftWithPellet,Left,45,34,28,0,nan,nan,0.07
3/29/2023 11:15:05,1.14.0,Free_feed,3,4.12,nan,1,LeftWithPellet,Left,46,34,28,0,nan,nan,0.38
3/29/2023 11:15:13,1.14.0,Free_feed,3,4.11,1,1,Pellet,Left,46,34,29,0,9.55,16,nan
3/29/2023 11:18:34,1.14.0,Free_feed,3,4.11,nan,1,RightWithPellet,Left,46,35,29,0,nan,nan,0.03
3/29/2023 11:18:35,1.14.0,Free_feed,3,4.11,nan,1,RightWithPellet,Left,46,36,29,0,nan,nan,0.04
3/29/2023 11:19:19,1.14.0,Free_feed,3,4.11,nan,1,RightWithPellet,Left,46,37,29,0,nan,nan,0.09
3/29/2023 11:24:54,1.14.0,Free_feed,3,4.12,nan,1,RightWithPellet,Left,46,38,29,0,nan,nan,1.28
3/29/2023 11:24:55,1.14.0,Free_feed,3,4.12,nan,1,RightWithPellet,Left,46,39,29,0,nan,nan,0.13
3/29/2023 11:24:57,1.14.0,Free_feed,3,4.12,nan,1,RightWithPellet,Left,46,40,29,0,nan,nan,0.39
3/29/2023 11:24:57,1.14.0,Free_feed,3,4.11,nan,1,RightWithPellet,Left,46,41,29,0,nan,nan,0.01
3/29/2023 11:25:05,1.14.0,Free_feed,3,4.12,1,1,Pellet,Left,46,41,30,0,Timed_out,592,nan
3/29/2023 11:25:17,1.14.0,Free_feed,3,4.11,nan,1,RightWithPellet,Left,46,42,30,0,nan,nan,0.35
3/29/2023 11:25:24,1.14.0,Free_feed,3,4.12,2,1,Pellet,Left,46,42,31,0,9.40,19,nan
3/29/2023 11:25:29,1.14.0,Free_feed,3,4.12,nan,1,LeftWithPellet,Left,47,42,31,0,nan,nan,0.13
3/29/2023 11:25:42,1.14.0,Free_feed,3,4.11,nan,1,RightWithPellet,Left,47,43,31,0,nan,nan,0.48
3/29/2023 11:25:43,1.14.0,Free_feed,3,4.12,nan,1,RightWithPellet,Left,47,44,31,0,nan,nan,0.33
3/29/2023 11:25:44,1.14.0,Free_feed,3,4.12,nan,1,RightWithPellet,Left,47,45,31,0,nan,nan,0.58
3/29/2023 11:25:45,1.14.0,Free_feed,3,4.12,nan,1,RightWithPellet,Left,47,46,31,0,nan,nan,0.86
3/29/2023 11:25:47,1.14.0,Free_feed,3,4.11,nan,1,RightWithPellet,Left,47,47,31,0,nan,nan,0.53
3/29/2023 11:25:51,1.14.0,Free_feed,3,4.11,nan,1,LeftWithPellet,Left,48,47,31,0,nan,nan,0.02
3/29/2023 11:25:53,1.14.0,Free_feed,3,4.11,nan,1,LeftWithPellet,Left,49,47,31,0,nan,nan,1.31
3/29/2023 11:25:54,1.14.0,Free_feed,3,4.11,nan,1,LeftWithPellet,Left,50,47,31,0,nan,nan,0.51
3/29/2023 11:25:54,1.14.0,Free_feed,3,4.11,nan,1,LeftWithPellet,Left,51,47,31,0,nan,nan,0.12
3/29/2023 11:25:55,1.14.0,Free_feed,3,4.11,nan,1,LeftWithPellet,Left,52,47,31,0,nan,nan,0.35
3/29/2023 11:25:57,1.14.0,Free_feed,3,4.11,nan,1,LeftWithPellet,Left,53,47,31,0,nan,nan,0.42
3/29/2023 11:30:54,1.14.0,Free_feed,3,4.12,nan,1,LeftWithPellet,Left,54,47,31,0,nan,nan,0.01
3/29/2023 11:31:37,1.14.0,Free_feed,3,4.11,nan,1,RightWithPellet,Left,54,48,31,0,nan,nan,0.34
3/29/2023 11:33:09,1.14.0,Free_feed,3,4.12,nan,1,RightWithPellet,Left,54,49,31,0,nan,nan,0.04
3/29/2023 11:33:14,1.14.0,Free_feed,3,4.11,nan,1,RightWithPellet,Left,54,50,31,0,nan,nan,0.19
3/29/2023 11:36:24,1.14.0,Free_feed,3,4.11,1,1,Pellet,Left,54,50,32,0,Timed_out,660,nan
3/29/2023 11:36:46,1.14.0,Free_feed,3,4.11,1,1,Pellet,Left,54,50,33,0,14.72,22,nan
3/29/2023 11:42:27,1.14.0,Free_feed,3,4.12,nan,1,RightWithPellet,Left,54,51,33,0,nan,nan,0.12
3/29/2023 11:42:28,1.14.0,Free_feed,3,4.11,nan,1,RightWithPellet,Left,54,52,33,0,nan,nan,0.12
3/29/2023 11:42:31,1.14.0,Free_feed,3,4.12,nan,1,LeftWithPellet,Left,55,52,33,0,nan,nan,0.03
3/29/2023 11:45:50,1.14.0,Free_feed,3,4.11,nan,1,LeftWithPellet,Left,56,52,33,0,nan,nan,0.44
3/29/2023 11:45:52,1.14.0,Free_feed,3,4.11,nan,1,LeftWithPellet,Left,57,52,33,0,nan,nan,0.06
3/29/2023 11:45:59,1.14.0,Free_feed,3,4.11,nan,1,LeftWithPellet,Left,58,52,33,0,nan,nan,0.10
3/29/2023 11:46:01,1.14.0,Free_feed,3,4.12,nan,1,LeftWithPellet,Left,59,52,33,0,nan,nan,0.18
3/29/2023 11:46:04,1.14.0,Free_feed,3,4.11,nan,1,LeftWithPellet,Left,60,52,33,0,nan,nan,0.11
3/29/2023 11:46:06,1.14.0,Free_feed,3,4.12,nan,1,LeftWithPellet,Left,61,52,33,0,nan,nan,0.01
3/29/2023 11:46:16,1.14.0,Free_feed,3,4.11,nan,1,LeftWithPellet,Left,62,52,33,0,nan,nan,0.85
3/29/2023 11:46:17,1.14.0,Free_feed,3,4.11,nan,1,LeftWithPellet,Left,63,52,33,0,nan,nan,0.38
3/29/2023 11:46:23,1.14.0,Free_feed,3,4.12,nan,1,LeftWithPellet,Left,64,52,33,0,nan,nan,0.01
3/29/2023 11:46:27,1.14.0,Free_feed,3,4.11,nan,1,LeftWithPellet,Left,65,52,33,0,nan,nan,0.31
3/29/2023 11:46:46,1.14.0,Free_feed,3,4.11,nan,1,RightWithPellet,Left,65,53,33,0,nan,nan,0.08
3/29/2023 11:46:47,1.14.0,Free_feed,3,4.11,nan,1,RightWithPellet,Left,65,54,33,0,nan,nan,0.12
3/29/2023 11:46:49,1.14.0,Free_feed,3,4.12,nan,1,RightWithPellet,Left,65,55,33,0,nan,nan,0.59
3/29/2023 11:46:52,1.14.0,Free_feed,3,4.11,2,1,Pellet,Left,65,55,34,0,Timed_out,605,nan
3/29/2023 11:47:01,1.14.0,Free_feed,3,4.12,nan,1,RightWithPellet,Left,65,56,34,0,nan,nan,0.02
3/29/2023 11:55:01,1.14.0,Free_feed,3,4.12,nan,1,LeftWithPellet,Left,66,56,34,0,nan,nan,0.03
3/29/2023 11:55:04,1.14.0,Free_feed,3,4.12,nan,1,RightWithPellet,Left,66,57,34,0,nan,nan,0.32
3/29/2023 11:56:42,1.14.0,Free_feed,3,4.11,nan,1,RightWithPellet,Left,66,58,34,0,nan,nan,0.48
3/29/2023 11:57:02,1.14.0,Free_feed,3,4.12,nan,1,RightWithPellet,Left,66,59,34,0,nan,nan,0.12
3/29/2023 11:57:05,1.14.0,Free_feed,3,4.11,nan,1,RightWithPellet,Left,66,60,34,0,nan,nan,0.16
3/29/2023 11:59:33,1.14.0,Free_feed,3,4.11,1,1,Pellet,Left,66,60,35,0,Timed_out,762,nan
3/29/2023 11:59:51,1.14.0,Free_feed,3,4.11,1,1,Pellet,Left,66,60,36,0,10.11,18,nan
3/29/2023 12:00:21,1.14.0,Free_feed,3,4.12,2,1,Pellet,Left,66,60,37,0,21.18,30,nan
3/29/2023 12:00:35,1.14.0,Free_feed,3,4.11,2,1,Pellet,Left,66,60,38,0,4.89,14,nan
3/29/2023 12:04:13,1.14.0,Free_feed,3,4.11,2,1,Pellet,Left,66,60,39,0,Timed_out,218,nan
3/29/2023 12:07:06,1.14.0,Free_feed,3,4.12,nan,1,LeftWithPellet,Left,67,60,39,0,nan,nan,0.03
3/29/2023 12:09:35,1.14.0,Free_feed,3,4.11,nan,1,RightWithPellet,Left,67,61,39,0,nan,nan,0.09
3/29/2023 12:10:09,1.14.0,Free_feed,3,4.11,nan,1,RightWithPellet,Left,67,62,39,0,nan,nan,0.38
3/29/2023 12:13:47,1.14.0,Free_feed,3,4.11,nan,1,RightWithPellet,Left,67,63,39,0,nan,nan,1.20
3/29/2023 12:15:22,1.14.0,Free_feed,3,4.12,nan,1,LeftWithPellet,Left,68,63,39,0,nan,nan,1.00
3/29/2023 12:16:05,1.14.0,Free_feed,3,4.11,nan,1,RightWithPellet,Left,68,64,39,0,nan,nan,0.18
3/29/2023 12:23:43,1.14.0,Free_feed,3,4.12,nan,1,RightWithPellet,Left,68,65,39,0,nan,nan,0.06
3/29/2023 12:24:29,1.14.0,Free_feed,3,4.12,nan,1,LeftWithPellet,Left,69,65,39,0,nan,nan,0.31
3/29/2023 12:27:01,1.14.0,Free_feed,3,4.11,nan,1,LeftWithPellet,Left,70,65,39,0,nan,nan,0.13
3/29/2023 12:27:07,1.14.0,Free_feed,3,4.11,nan,1,RightWithPellet,Left,70,66,39,0,nan,nan,0.07
3/29/2023 12:27:09,1.14.0,Free_feed,3,4.11,nan,1,LeftWithPellet,Left,71,66,39,0,nan,nan,0.09
3/29/2023 12:27:11,1.14.0,Free_feed,3,4.11,nan,1,LeftWithPellet,Left,72,66,39,0,nan,nan,0.07
3/29/2023 12:27:17,1.14.0,Free_feed,3,4.11,nan,1,LeftWithPellet,Left,73,66,39,0,nan,nan,0.11
3/29/2023 12:27:18,1.14.0,Free_feed,3,4.11,nan,1,LeftWithPellet,Left,74,66,39,0,nan,nan,0.20
3/29/2023 12:27:21,1.14.0,Free_feed,3,4.12,nan,1,LeftWithPellet,Left,75,66,39,0,nan,nan,1.93
3/29/2023 12:28:40,1.14.0,Free_feed,3,4.11,1,1,Pellet,Left,75,66,40,0,Timed_out,1466,nan
3/29/2023 12:29:27,1.14.0,Free_feed,3,4.11,nan,1,RightWithPellet,Left,75,67,40,0,nan,nan,0.27
3/29/2023 12:29:27,1.14.0,Free_feed,3,4.11,nan,1,RightWithPellet,Left,75,68,40,0,nan,nan,0.14
3/29/2023 12:29:33,1.14.0,Free_feed,3,4.12,nan,1,RightWithPellet,Left,75,69,40,0,nan,nan,0.35
3/29/2023 12:36:11,1.14.0,Free_feed,3,4.11,nan,1,RightWithPellet,Left,75,70,40,0,nan,nan,0.07
3/29/2023 12:36:13,1.14.0,Free_feed,3,4.11,nan,1,RightWithPellet,Left,75,71,40,0,nan,nan,1.16
3/29/2023 12:36:17,1.14.0,Free_feed,3,4.11,nan,1,RightWithPellet,Left,75,72,40,0,nan,nan,0.05
3/29/2023 13:02:06,1.14.0,Free_feed,3,4.11,1,1,Pellet,Left,75,72,41,0,Timed_out,2007,nan
3/29/2023 13:02:10,1.14.0,Free_feed,3,4.11,nan,1,RightWithPellet,Left,75,73,41,0,nan,nan,0.08
3/29/2023 13:02:11,1.14.0,Free_feed,3,4.11,nan,1,RightWithPellet,Left,75,74,41,0,nan,nan,0.07
3/29/2023 13:02:13,1.14.0,Free_feed,3,4.12,nan,1,RightWithPellet,Left,75,75,41,0,nan,nan,0.27
3/29/2023 13:02:18,1.14.0,Free_feed,3,4.11,nan,1,RightWithPellet,Left,75,76,41,0,nan,nan,0.93
3/29/2023 13:02:20,1.14.0,Free_feed,3,4.11,nan,1,RightWithPellet,Left,75,77,41,0,nan,nan,0.19
3/29/2023 13:04:13,1.14.0,Free_feed,3,4.11,nan,1,LeftWithPellet,Left,76,77,41,0,nan,nan,0.07
3/29/2023 13:04:21,1.14.0,Free_feed,3,4.11,nan,1,RightWithPellet,Left,76,78,41,0,nan,nan,0.17
3/29/2023 13:05:24,1.14.0,Free_feed,3,4.11,nan,1,RightWithPellet,Left,76,79,41,0,nan,nan,0.02
3/29/2023 13:05:27,1.14.0,Free_feed,3,4.12,nan,1,RightWithPellet,Left,76,80,41,0,nan,nan,0.08
3/29/2023 13:06:42,1.14.0,Free_feed,3,4.11,1,1,Pellet,Left,76,80,42,0,Timed_out,276,nan
3/29/2023 13:06:51,1.14.0,Free_feed,3,4.11,1,1,Pellet,Left,76,80,43,0,1.95,9,nan
3/29/2023 13:07:24,1.14.0,Free_feed,3,4.11,nan,1,RightWithPellet,Left,76,81,43,0,nan,nan,0.59
3/29/2023 13:07:26,1.14.0,Free_feed,3,4.11,nan,1,RightWithPellet,Left,76,82,43,0,nan,nan,0.12
3/29/2023 13:08:00,1.14.0,Free_feed,3,4.11,1,1,Pellet,Left,76,82,44,0,Timed_out,69,nan
3/29/2023 13:10:16,1.14.0,Free_feed,3,4.11,1,1,Pellet,Left,76,82,45,0,Timed_out,136,nan
3/29/2023 13:10:26,1.14.0,Free_feed,3,4.11,1,1,Pellet,Left,76,82,46,0,2.07,10,nan
3/29/2023 14:17:43,1.14.0,Free_feed,3,4.11,1,1,Pellet,Left,76,82,47,0,Timed_out,4037,nan
3/29/2023 14:18:37,1.14.0,Free_feed,3,4.11,1,1,Pellet,Left,76,82,48,0,46.58,54,nan
3/29/2023 14:19:12,1.14.0,Free_feed,3,4.11,1,1,Pellet,Left,76,82,49,0,27.83,35,nan
3/29/2023 14:19:35,1.14.0,Free_feed,3,4.11,1,1,Pellet,Left,76,82,50,0,16.13,23,nan
3/29/2023 14:19:57,1.14.0,Free_feed,3,4.11,1,1,Pellet,Left,76,82,51,0,14.29,21,nan
3/29/2023 14:20:18,1.14.0,Free_feed,3,4.11,1,1,Pellet,Left,76,82,52,0,15.09,22,nan
3/29/2023 14:20:40,1.14.0,Free_feed,3,4.11,1,1,Pellet,Left,76,82,53,0,14.60,22,nan
3/29/2023 14:28:11,1.14.0,Free_feed,3,4.11,1,1,Pellet,Left,76,82,54,0,Timed_out,451,nan
3/29/2023 14:46:34,1.14.0,Free_feed,3,4.11,1,1,Pellet,Left,76,82,55,0,Timed_out,1103,nan
3/29/2023 14:47:33,1.14.0,Free_feed,3,4.11,2,1,Pellet,Left,76,82,56,0,52.84,59,nan
3/29/2023 14:47:52,1.14.0,Free_feed,3,4.11,1,1,Pellet,Left,76,82,57,0,12.14,19,nan
3/29/2023 14:48:16,1.14.0,Free_feed,3,4.11,2,1,Pellet,Left,76,82,58,0,16.74,24,nan
3/29/2023 14:48:34,1.14.0,Free_feed,3,4.11,nan,1,RightWithPellet,Left,76,83,58,0,nan,nan,0.03
3/29/2023 14:55:54,1.14.0,Free_feed,3,4.11,nan,1,LeftWithPellet,Left,77,83,58,0,nan,nan,0.15
3/29/2023 14:55:56,1.14.0,Free_feed,3,4.11,nan,1,LeftWithPellet,Left,78,83,58,0,nan,nan,0.70
3/29/2023 14:56:27,1.14.0,Free_feed,3,4.11,nan,1,LeftWithPellet,Left,79,83,58,0,nan,nan,0.15
3/29/2023 14:56:29,1.14.0,Free_feed,3,4.11,nan,1,LeftWithPellet,Left,80,83,58,0,nan,nan,0.11
3/29/2023 14:56:30,1.14.0,Free_feed,3,4.11,nan,1,LeftWithPellet,Left,81,83,58,0,nan,nan,0.06
3/29/2023 14:56:40,1.14.0,Free_feed,3,4.11,nan,1,LeftWithPellet,Left,82,83,58,0,nan,nan,0.06
3/29/2023 14:56:49,1.14.0,Free_feed,3,4.11,nan,1,RightWithPellet,Left,82,84,58,0,nan,nan,0.04
3/29/2023 14:56:51,1.14.0,Free_feed,3,4.11,nan,1,RightWithPellet,Left,82,85,58,0,nan,nan,0.09
3/29/2023 14:57:02,1.14.0,Free_feed,3,4.11,nan,1,RightWithPellet,Left,82,86,58,0,nan,nan,0.02
3/29/2023 14:57:38,1.14.0,Free_feed,3,4.11,nan,1,LeftWithPellet,Left,83,86,58,0,nan,nan,0.00
3/29/2023 15:09:35,1.14.0,Free_feed,3,4.11,1,1,Pellet,Left,83,86,59,0,Timed_out,1279,nan
3/29/2023 15:10:20,1.14.0,Free_feed,3,4.11,1,1,Pellet,Left,83,86,60,0,38.68,45,nan
3/29/2023 15:10:59,1.14.0,Free_feed,3,4.11,1,1,Pellet,Left,83,86,61,0,31.34,39,nan
3/29/2023 15:11:28,1.14.0,Free_feed,3,4.11,1,1,Pellet,Left,83,86,62,0,24.98,29,nan
3/29/2023 15:11:48,1.14.0,Free_feed,3,4.11,2,1,Pellet,Left,83,86,63,0,13.00,20,nan
3/29/2023 15:12:08,1.14.0,Free_feed,3,4.11,1,1,Pellet,Left,83,86,64,0,13.61,20,nan
3/29/2023 16:13:23,1.14.0,Free_feed,3,4.10,2,1,Pellet,Left,83,86,65,0,Timed_out,3675,nan
3/29/2023 16:13:29,1.14.0,Free_feed,3,4.10,1,1,Pellet,Left,83,86,66,0,4.90,6,nan
3/29/2023 16:14:20,1.14.0,Free_feed,3,4.11,1,1,Pellet,Left,83,86,67,0,43.05,51,nan
3/29/2023 16:14:41,1.14.0,Free_feed,3,4.11,1,1,Pellet,Left,83,86,68,0,14.29,21,nan
3/29/2023 16:15:03,1.14.0,Free_feed,3,4.11,1,1,Pellet,Left,83,86,69,0,14.10,22,nan
3/29/2023 16:15:26,1.14.0,Free_feed,3,4.11,1,1,Pellet,Left,83,86,70,0,16.38,23,nan
3/29/2023 16:15:49,1.14.0,Free_feed,3,4.10,1,1,Pellet,Left,83,86,71,0,15.21,23,nan
3/29/2023 16:16:13,1.14.0,Free_feed,3,4.10,1,1,Pellet,Left,83,86,72,0,17.17,24,nan
3/29/2023 16:16:35,1.14.0,Free_feed,3,4.11,1,1,Pellet,Left,83,86,73,0,15.27,22,nan
3/29/2023 16:16:53,1.14.0,Free_feed,3,4.10,1,1,Pellet,Left,83,86,74,0,10.60,18,nan
3/29/2023 16:57:12,1.14.0,Free_feed,3,4.11,2,1,Pellet,Left,83,86,75,0,Timed_out,2419,nan
3/29/2023 16:57:44,1.14.0,Free_feed,3,4.10,2,1,Pellet,Left,83,86,76,0,21.61,32,nan
3/29/2023 16:58:11,1.14.0,Free_feed,3,4.10,1,1,Pellet,Left,83,86,77,0,20.14,27,nan
3/29/2023 16:58:36,1.14.0,Free_feed,3,4.11,3,1,Pellet,Left,83,86,78,0,13.68,25,nan
3/29/2023 16:58:57,1.14.0,Free_feed,3,4.11,1,1,Pellet,Left,83,86,79,0,14.48,21,nan
3/29/2023 16:59:22,1.14.0,Free_feed,3,4.10,1,1,Pellet,Left,83,86,80,0,17.06,25,nan
3/29/2023 16:59:43,1.14.0,Free_feed,3,4.11,2,1,Pellet,Left,83,86,81,0,12.08,21,nan
3/29/2023 17:48:17,1.14.0,Free_feed,3,4.10,1,1,Pellet,Left,83,86,82,0,Timed_out,2914,nan
3/29/2023 17:48:41,1.14.0,Free_feed,3,4.10,2,1,Pellet,Left,83,86,83,0,15.34,24,nan
3/29/2023 17:49:03,1.14.0,Free_feed,3,4.10,1,1,Pellet,Left,83,86,84,0,14.78,22,nan
3/29/2023 17:50:16,1.14.0,Free_feed,3,4.10,1,1,Pellet,Left,83,86,85,0,Timed_out,73,nan
3/29/2023 18:56:11,1.14.0,Free_feed,3,4.10,1,1,Pellet,Left,83,86,86,0,Timed_out,3955,nan
3/29/2023 18:56:41,1.14.0,Free_feed,3,4.09,1,1,Pellet,Left,83,86,87,0,27.84,30,nan
3/29/2023 18:57:14,1.14.0,Free_feed,3,4.10,nan,1,RightWithPellet,Left,83,87,87,0,nan,nan,0.29
3/29/2023 19:00:40,1.14.0,Free_feed,3,4.10,nan,1,RightWithPellet,Left,83,88,87,0,nan,nan,1.06
3/29/2023 19:00:49,1.14.0,Free_feed,3,4.10,nan,1,RightWithPellet,Left,83,89,87,0,nan,nan,0.81
3/29/2023 19:00:54,1.14.0,Free_feed,3,4.09,nan,1,RightWithPellet,Left,83,90,87,0,nan,nan,0.08
3/29/2023 19:00:59,1.14.0,Free_feed,3,4.09,nan,1,LeftWithPellet,Left,84,90,87,0,nan,nan,0.81
3/29/2023 19:02:04,1.14.0,Free_feed,3,4.09,nan,1,LeftWithPellet,Left,85,90,87,0,nan,nan,0.03
3/29/2023 19:04:09,1.14.0,Free_feed,3,4.10,nan,1,RightWithPellet,Left,85,91,87,0,nan,nan,0.01
3/29/2023 19:04:19,1.14.0,Free_feed,3,4.09,nan,1,RightWithPellet,Left,85,92,87,0,nan,nan,0.04
3/29/2023 19:05:41,1.14.0,Free_feed,3,4.10,nan,1,RightWithPellet,Left,85,93,87,0,nan,nan,0.03
3/29/2023 19:06:43,1.14.0,Free_feed,3,4.10,1,1,Pellet,Left,85,93,88,0,Timed_out,602,nan
3/29/2023 19:09:16,1.14.0,Free_feed,3,4.10,1,1,Pellet,Left,85,93,89,0,Timed_out,153,nan
3/29/2023 19:09:33,1.14.0,Free_feed,3,4.09,1,1,Pellet,Left,85,93,90,0,9.19,17,nan
3/29/2023 19:09:54,1.14.0,Free_feed,3,4.10,1,1,Pellet,Left,85,93,91,0,16.25,21,nan
3/29/2023 19:10:13,1.14.0,Free_feed,3,4.10,1,1,Pellet,Left,85,93,92,0,11.70,19,nan
3/29/2023 19:10:32,1.14.0,Free_feed,3,4.10,1,1,Pellet,Left,85,93,93,0,11.21,19,nan
3/29/2023 19:11:22,1.14.0,Free_feed,3,4.09,nan,1,LeftWithPellet,Left,86,93,93,0,nan,nan,0.01
3/29/2023 19:11:23,1.14.0,Free_feed,3,4.09,nan,1,LeftWithPellet,Left,87,93,93,0,nan,nan,0.11
3/29/2023 19:11:24,1.14.0,Free_feed,3,4.09,nan,1,LeftWithPellet,Left,88,93,93,0,nan,nan,0.21
3/29/2023 19:11:24,1.14.0,Free_feed,3,4.10,nan,1,LeftWithPellet,Left,89,93,93,0,nan,nan,0.09
3/29/2023 19:11:31,1.14.0,Free_feed,3,4.09,nan,1,LeftWithPellet,Left,90,93,93,0,nan,nan,0.08
3/29/2023 19:11:50,1.14.0,Free_feed,3,4.10,nan,1,RightWithPellet,Left,90,94,93,0,nan,nan,0.03
3/29/2023 19:11:55,1.14.0,Free_feed,3,4.10,nan,1,LeftWithPellet,Left,91,94,93,0,nan,nan,0.61
3/29/2023 19:12:27,1.14.0,Free_feed,3,4.10,nan,1,RightWithPellet,Left,91,95,93,0,nan,nan,0.08
3/29/2023 19:57:58,1.14.0,Free_feed,3,4.09,2,1,Pellet,Left,91,95,94,0,Timed_out,2845,nan
3/29/2023 19:58:32,1.14.0,Free_feed,3,4.09,1,1,Pellet,Left,91,95,95,0,27.22,35,nan
3/29/2023 19:58:46,1.14.0,Free_feed,3,4.09,3,1,Pellet,Left,91,95,96,0,3.55,14,nan
3/29/2023 19:59:10,1.14.0,Free_feed,3,4.09,2,1,Pellet,Left,91,95,97,0,14.11,24,nan
3/29/2023 19:59:37,1.14.0,Free_feed,3,4.09,1,1,Pellet,Left,91,95,98,0,19.46,27,nan
3/29/2023 19:59:57,1.14.0,Free_feed,3,4.09,1,1,Pellet,Left,91,95,99,0,12.27,20,nan
3/29/2023 20:21:54,1.14.0,Free_feed,3,4.10,1,1,Pellet,Left,91,95,100,0,Timed_out,1317,nan
3/29/2023 20:22:20,1.14.0,Free_feed,3,4.09,1,1,Pellet,Left,91,95,101,0,17.74,25,nan
3/29/2023 20:22:37,1.14.0,Free_feed,3,4.08,1,1,Pellet,Left,91,95,102,0,9.99,18,nan
3/29/2023 20:22:56,1.14.0,Free_feed,3,4.09,1,1,Pellet,Left,91,95,103,0,12.33,19,nan
3/29/2023 20:23:21,1.14.0,Free_feed,3,4.09,1,1,Pellet,Left,91,95,104,0,17.06,25,nan
3/29/2023 20:23:55,1.14.0,Free_feed,3,4.09,1,1,Pellet,Left,91,95,105,0,27.04,34,nan
3/29/2023 20:24:46,1.14.0,Free_feed,3,4.09,nan,1,RightWithPellet,Left,91,96,105,0,nan,nan,0.05
3/29/2023 20:37:14,1.14.0,Free_feed,3,4.09,1,1,Pellet,Left,91,96,106,0,Timed_out,799,nan
3/29/2023 20:37:38,1.14.0,Free_feed,3,4.09,1,1,Pellet,Left,91,96,107,0,15.71,24,nan
3/29/2023 20:37:58,1.14.0,Free_feed,3,4.09,1,1,Pellet,Left,91,96,108,0,12.88,20,nan
3/29/2023 20:38:14,1.14.0,Free_feed,3,4.09,1,1,Pellet,Left,91,96,109,0,8.64,16,nan
3/29/2023 20:38:35,1.14.0,Free_feed,3,4.09,1,1,Pellet,Left,91,96,110,0,14.36,21,nan
3/29/2023 20:38:53,1.14.0,Free_feed,3,4.09,1,1,Pellet,Left,91,96,111,0,9.62,18,nan
3/29/2023 20:39:11,1.14.0,Free_feed,3,4.09,1,1,Pellet,Left,91,96,112,0,11.40,18,nan
3/29/2023 20:47:43,1.14.0,Free_feed,3,4.09,nan,1,LeftWithPellet,Left,92,96,112,0,nan,nan,0.01
3/29/2023 20:47:51,1.14.0,Free_feed,3,4.09,nan,1,RightWithPellet,Left,92,97,112,0,nan,nan,0.63
3/29/2023 20:47:54,1.14.0,Free_feed,3,4.09,nan,1,RightWithPellet,Left,92,98,112,0,nan,nan,0.99
3/29/2023 20:48:04,1.14.0,Free_feed,3,4.09,nan,1,RightWithPellet,Left,92,99,112,0,nan,nan,0.68
3/29/2023 20:48:05,1.14.0,Free_feed,3,4.09,nan,1,RightWithPellet,Left,92,100,112,0,nan,nan,0.06
3/29/2023 20:48:10,1.14.0,Free_feed,3,4.09,nan,1,RightWithPellet,Left,92,101,112,0,nan,nan,1.10
3/29/2023 20:48:12,1.14.0,Free_feed,3,4.09,nan,1,RightWithPellet,Left,92,102,112,0,nan,nan,0.30
3/29/2023 20:48:14,1.14.0,Free_feed,3,4.09,nan,1,RightWithPellet,Left,92,103,112,0,nan,nan,1.61
3/29/2023 20:48:28,1.14.0,Free_feed,3,4.09,nan,1,RightWithPellet,Left,92,104,112,0,nan,nan,1.21
3/29/2023 20:48:55,1.14.0,Free_feed,3,4.10,nan,1,RightWithPellet,Left,92,105,112,0,nan,nan,0.13
3/29/2023 20:50:39,1.14.0,Free_feed,3,4.09,nan,1,RightWithPellet,Left,92,106,112,0,nan,nan,0.70
3/29/2023 20:50:43,1.14.0,Free_feed,3,4.09,nan,1,RightWithPellet,Left,92,107,112,0,nan,nan,0.20
3/29/2023 21:00:46,1.14.0,Free_feed,3,4.09,2,1,Pellet,Left,92,107,113,0,Timed_out,1295,nan
3/29/2023 21:01:09,1.14.0,Free_feed,3,4.09,nan,1,RightWithPellet,Left,92,108,113,0,nan,nan,0.02
3/29/2023 21:02:45,1.14.0,Free_feed,3,4.09,nan,1,LeftWithPellet,Left,93,108,113,0,nan,nan,0.64
3/29/2023 21:08:40,1.14.0,Free_feed,3,4.09,nan,1,RightWithPellet,Left,93,109,113,0,nan,nan,0.60
3/29/2023 21:11:03,1.14.0,Free_feed,3,4.09,nan,1,RightWithPellet,Left,93,110,113,0,nan,nan,0.05
3/29/2023 21:11:29,1.14.0,Free_feed,3,4.09,nan,1,RightWithPellet,Left,93,111,113,0,nan,nan,0.05
3/29/2023 21:15:59,1.14.0,Free_feed,3,4.09,nan,1,RightWithPellet,Left,93,112,113,0,nan,nan,0.06
3/29/2023 21:16:23,1.14.0,Free_feed,3,4.09,nan,1,RightWithPellet,Left,93,113,113,0,nan,nan,0.12
3/29/2023 21:16:45,1.14.0,Free_feed,3,4.09,nan,1,RightWithPellet,Left,93,114,113,0,nan,nan,0.05
3/29/2023 21:16:57,1.14.0,Free_feed,3,4.09,nan,1,LeftWithPellet,Left,94,114,113,0,nan,nan,0.55
3/29/2023 21:17:17,1.14.0,Free_feed,3,4.09,nan,1,RightWithPellet,Left,94,115,113,0,nan,nan,0.09
3/29/2023 21:23:09,1.14.0,Free_feed,3,4.09,1,1,Pellet,Left,94,115,114,0,Timed_out,1343,nan
3/29/2023 21:23:31,1.14.0,Free_feed,3,4.09,2,1,Pellet,Left,94,115,115,0,13.43,22,nan
3/29/2023 21:23:51,1.14.0,Free_feed,3,4.09,1,1,Pellet,Left,94,115,116,0,12.69,20,nan
3/29/2023 21:24:11,1.14.0,Free_feed,3,4.09,2,1,Pellet,Left,94,115,117,0,12.32,19,nan
3/29/2023 21:24:28,1.14.0,Free_feed,3,4.09,1,1,Pellet,Left,94,115,118,0,10.17,18,nan
3/29/2023 21:24:49,1.14.0,Free_feed,3,4.09,2,1,Pellet,Left,94,115,119,0,14.17,21,nan
3/29/2023 21:25:09,1.14.0,Free_feed,3,4.09,2,1,Pellet,Left,94,115,120,0,10.60,20,nan
3/29/2023 21:25:26,1.14.0,Free_feed,3,4.09,1,1,Pellet,Left,94,115,121,0,9.99,17,nan
3/29/2023 21:25:46,1.14.0,Free_feed,3,4.10,3,1,Pellet,Left,94,115,122,0,8.58,20,nan
3/29/2023 21:26:50,1.14.0,Free_feed,3,4.09,nan,1,RightWithPellet,Left,94,116,122,0,nan,nan,0.45
3/29/2023 21:31:20,1.14.0,Free_feed,3,4.09,nan,1,RightWithPellet,Left,94,117,122,0,nan,nan,0.06
3/29/2023 21:32:14,1.14.0,Free_feed,3,4.09,1,1,Pellet,Left,94,117,123,0,Timed_out,388,nan
3/29/2023 21:33:58,1.14.0,Free_feed,3,4.09,nan,1,RightWithPellet,Left,94,118,123,0,nan,nan,0.62
3/29/2023 21:49:30,1.14.0,Free_feed,3,4.09,1,1,Pellet,Left,94,118,124,0,Timed_out,1035,nan
3/29/2023 21:49:49,1.14.0,Free_feed,3,4.09,1,1,Pellet,Left,94,118,125,0,11.46,20,nan
3/29/2023 21:50:08,1.14.0,Free_feed,3,4.09,1,1,Pellet,Left,94,118,126,0,11.96,19,nan
3/29/2023 21:53:43,1.14.0,Free_feed,3,4.09,nan,1,LeftWithPellet,Left,95,118,126,0,nan,nan,0.07
3/29/2023 21:55:41,1.14.0,Free_feed,3,4.09,nan,1,RightWithPellet,Left,95,119,126,0,nan,nan,0.02
3/29/2023 21:58:46,1.14.0,Free_feed,3,4.09,nan,1,RightWithPellet,Left,95,120,126,0,nan,nan,0.71
3/29/2023 21:58:48,1.14.0,Free_feed,3,4.09,nan,1,LeftWithPellet,Left,96,120,126,0,nan,nan,0.91
3/29/2023 22:00:25,1.14.0,Free_feed,3,4.09,nan,1,RightWithPellet,Left,96,121,126,0,nan,nan,0.04
3/29/2023 22:00:58,1.14.0,Free_feed,3,4.09,nan,1,LeftWithPellet,Left,97,121,126,0,nan,nan,0.17
3/29/2023 22:02:55,1.14.0,Free_feed,3,4.09,nan,1,RightWithPellet,Left,97,122,126,0,nan,nan,0.18
3/29/2023 22:07:23,1.14.0,Free_feed,3,4.09,nan,1,RightWithPellet,Left,97,123,126,0,nan,nan,0.15
3/29/2023 22:09:01,1.14.0,Free_feed,3,4.09,1,1,Pellet,Left,97,123,127,0,Timed_out,1133,nan
3/29/2023 22:17:35,1.14.0,Free_feed,3,4.09,1,1,Pellet,Left,97,123,128,0,Timed_out,514,nan
3/29/2023 22:18:10,1.14.0,Free_feed,3,4.09,1,1,Pellet,Left,97,123,129,0,28.02,35,nan
3/29/2023 22:18:32,1.14.0,Free_feed,3,4.09,1,1,Pellet,Left,97,123,130,0,14.17,22,nan
3/29/2023 22:18:55,1.14.0,Free_feed,3,4.09,1,1,Pellet,Left,97,123,131,0,16.94,23,nan
3/29/2023 22:19:15,1.14.0,Free_feed,3,4.09,1,1,Pellet,Left,97,123,132,0,13.06,20,nan
3/29/2023 22:19:34,1.14.0,Free_feed,3,4.09,nan,1,RightWithPellet,Left,97,124,132,0,nan,nan,0.62
3/29/2023 22:34:55,1.14.0,Free_feed,3,4.09,3,1,Pellet,Left,97,124,133,0,Timed_out,940,nan
3/29/2023 22:37:04,1.14.0,Free_feed,3,4.08,1,1,Pellet,Left,97,124,134,0,Timed_out,129,nan
3/29/2023 22:38:36,1.14.0,Free_feed,3,4.09,1,1,Pellet,Left,97,124,135,0,Timed_out,92,nan
3/29/2023 22:38:48,1.14.0,Free_feed,3,4.09,nan,1,LeftWithPellet,Left,98,124,135,0,nan,nan,0.06
3/29/2023 22:38:55,1.14.0,Free_feed,3,4.09,nan,1,RightWithPellet,Left,98,125,135,0,nan,nan,0.52
3/29/2023 22:39:31,1.14.0,Free_feed,3,4.09,1,1,Pellet,Left,98,125,136,0,47.61,55,nan
3/29/2023 22:39:53,1.14.0,Free_feed,3,4.09,1,1,Pellet,Left,98,125,137,0,14.18,22,nan
3/29/2023 22:40:44,1.14.0,Free_feed,3,4.09,nan,1,RightWithPellet,Left,98,126,137,0,nan,nan,0.55
3/29/2023 22:40:47,1.14.0,Free_feed,3,4.09,nan,1,RightWithPellet,Left,98,127,137,0,nan,nan,0.09
3/29/2023 22:41:39,1.14.0,Free_feed,3,4.09,nan,1,RightWithPellet,Left,98,128,137,0,nan,nan,0.53
3/29/2023 22:45:30,1.14.0,Free_feed,3,4.09,nan,1,RightWithPellet,Left,98,129,137,0,nan,nan,0.13
3/29/2023 22:51:55,1.14.0,Free_feed,3,4.09,2,1,Pellet,Left,98,129,138,0,Timed_out,722,nan
3/29/2023 22:52:18,1.14.0,Free_feed,3,4.09,2,1,Pellet,Left,98,129,139,0,13.38,23,nan
3/29/2023 22:52:37,1.14.0,Free_feed,3,4.09,2,1,Pellet,Left,98,129,140,0,9.93,19,nan
3/29/2023 22:52:55,1.14.0,Free_feed,3,4.09,2,1,Pellet,Left,98,129,141,0,9.93,17,nan
3/29/2023 22:53:13,1.14.0,Free_feed,3,4.09,2,1,Pellet,Left,98,129,142,0,10.05,19,nan
3/29/2023 22:53:34,1.14.0,Free_feed,3,4.08,1,1,Pellet,Left,98,129,143,0,13.50,21,nan
3/29/2023 22:53:42,1.14.0,Free_feed,3,4.09,nan,1,RightWithPellet,Left,98,130,143,0,nan,nan,0.64
3/29/2023 22:59:41,1.14.0,Free_feed,3,4.09,1,1,Pellet,Left,98,130,144,0,Timed_out,367,nan
3/29/2023 23:00:02,1.14.0,Free_feed,3,4.09,2,1,Pellet,Left,98,130,145,0,12.33,21,nan
3/29/2023 23:11:12,1.14.0,Free_feed,3,4.08,nan,1,RightWithPellet,Left,98,131,145,0,nan,nan,0.04
3/29/2023 23:20:55,1.14.0,Free_feed,3,4.09,1,1,Pellet,Left,98,131,146,0,Timed_out,1253,nan
3/29/2023 23:21:15,1.14.0,Free_feed,3,4.08,1,1,Pellet,Left,98,131,147,0,13.80,20,nan
3/29/2023 23:21:33,1.14.0,Free_feed,3,4.09,1,1,Pellet,Left,98,131,148,0,10.36,18,nan
3/29/2023 23:21:50,1.14.0,Free_feed,3,4.09,1,1,Pellet,Left,98,131,149,0,10.05,17,nan
3/29/2023 23:22:11,1.14.0,Free_feed,3,4.09,1,1,Pellet,Left,98,131,150,0,14.11,21,nan
3/29/2023 23:22:30,1.14.0,Free_feed,3,4.09,1,1,Pellet,Left,98,131,151,0,12.45,19,nan
3/29/2023 23:43:46,1.14.0,Free_feed,3,4.09,1,1,Pellet,Left,98,131,152,0,Timed_out,1276,nan
3/29/2023 23:44:05,1.14.0,Free_feed,3,4.08,1,1,Pellet,Left,98,131,153,0,10.85,19,nan
3/29/2023 23:44:22,1.14.0,Free_feed,3,4.09,1,1,Pellet,Left,98,131,154,0,9.81,17,nan
3/29/2023 23:44:42,1.14.0,Free_feed,3,4.07,1,1,Pellet,Left,98,131,155,0,13.74,20,nan
3/29/2023 23:45:04,1.14.0,Free_feed,3,4.09,1,1,Pellet,Left,98,131,156,0,14.17,22,nan
3/29/2023 23:45:26,1.14.0,Free_feed,3,4.09,2,1,Pellet,Left,98,131,157,0,12.70,22,nan
3/29/2023 23:45:43,1.14.0,Free_feed,3,4.09,1,1,Pellet,Left,98,131,158,0,10.85,17,nan
3/30/2023 0:18:32,1.14.0,Free_feed,3,4.08,1,1,Pellet,Left,98,131,159,0,Timed_out,1969,nan
3/30/2023 0:19:11,1.14.0,Free_feed,3,4.08,1,1,Pellet,Left,98,131,160,0,32.14,39,nan
3/30/2023 0:19:28,1.14.0,Free_feed,3,4.09,1,1,Pellet,Left,98,131,161,0,10.29,17,nan
3/30/2023 0:19:52,1.14.0,Free_feed,3,4.08,1,1,Pellet,Left,98,131,162,0,16.93,24,nan
3/30/2023 0:20:09,1.14.0,Free_feed,3,4.08,1,1,Pellet,Left,98,131,163,0,9.99,17,nan
3/30/2023 0:20:34,1.14.0,Free_feed,3,4.08,1,1,Pellet,Left,98,131,164,0,18.47,25,nan
3/30/2023 2:05:08,1.14.0,Free_feed,3,4.07,1,1,Pellet,Left,98,131,165,0,Timed_out,6274,nan
3/30/2023 2:05:17,1.14.0,Free_feed,3,4.08,1,1,Pellet,Left,98,131,166,0,1.28,9,nan
3/30/2023 2:05:36,1.14.0,Free_feed,3,4.07,1,1,Pellet,Left,98,131,167,0,11.96,19,nan
3/30/2023 2:05:59,1.14.0,Free_feed,3,4.09,1,1,Pellet,Left,98,131,168,0,15.52,23,nan
3/30/2023 2:06:26,1.14.0,Free_feed,3,4.08,1,1,Pellet,Left,98,131,169,0,19.28,27,nan
3/30/2023 2:06:44,1.14.0,Free_feed,3,4.07,1,1,Pellet,Left,98,131,170,0,10.85,18,nan
3/30/2023 2:07:05,1.14.0,Free_feed,3,4.07,1,1,Pellet,Left,98,131,171,0,13.55,21,nan
3/30/2023 2:07:27,1.14.0,Free_feed,3,4.08,1,1,Pellet,Left,98,131,172,0,15.14,22,nan
3/30/2023 2:07:53,1.14.0,Free_feed,3,4.08,1,1,Pellet,Left,98,131,173,0,18.47,26,nan
3/30/2023 2:08:15,1.14.0,Free_feed,3,4.07,1,1,Pellet,Left,98,131,174,0,14.11,21,nan
3/30/2023 2:08:36,1.14.0,Free_feed,3,4.08,1,1,Pellet,Left,98,131,175,0,14.41,22,nan
3/30/2023 2:08:56,1.14.0,Free_feed,3,4.08,nan,1,RightWithPellet,Left,98,132,175,0,nan,nan,0.35
3/30/2023 2:17:22,1.14.0,Free_feed,3,4.07,nan,1,RightWithPellet,Left,98,133,175,0,nan,nan,1.19
3/30/2023 2:17:23,1.14.0,Free_feed,3,4.08,nan,1,RightWithPellet,Left,98,134,175,0,nan,nan,0.04
3/30/2023 2:17:39,1.14.0,Free_feed,3,4.07,nan,1,RightWithPellet,Left,98,135,175,0,nan,nan,0.13
3/30/2023 2:29:17,1.14.0,Free_feed,3,4.08,1,1,Pellet,Left,98,135,176,0,Timed_out,1241,nan
3/30/2023 2:29:38,1.14.0,Free_feed,3,4.07,2,1,Pellet,Left,98,135,177,0,11.59,21,nan
3/30/2023 2:30:00,1.14.0,Free_feed,3,4.07,1,1,Pellet,Left,98,135,178,0,14.78,22,nan
3/30/2023 2:30:30,1.14.0,Free_feed,3,4.07,1,1,Pellet,Left,98,135,179,0,22.29,30,nan
3/30/2023 2:31:20,1.14.0,Free_feed,3,4.08,nan,1,LeftWithPellet,Left,99,135,179,0,nan,nan,0.42
3/30/2023 2:35:05,1.14.0,Free_feed,3,4.07,nan,1,RightWithPellet,Left,99,136,179,0,nan,nan,0.05
3/30/2023 2:35:25,1.14.0,Free_feed,3,4.07,nan,1,RightWithPellet,Left,99,137,179,0,nan,nan,0.60
3/30/2023 2:37:52,1.14.0,Free_feed,3,4.07,nan,1,RightWithPellet,Left,99,138,179,0,nan,nan,0.02
3/30/2023 2:39:31,1.14.0,Free_feed,3,4.07,nan,1,RightWithPellet,Left,99,139,179,0,nan,nan,0.03
3/30/2023 2:39:48,1.14.0,Free_feed,3,4.07,nan,1,RightWithPellet,Left,99,140,179,0,nan,nan,0.45
3/30/2023 2:40:05,1.14.0,Free_feed,3,4.08,1,1,Pellet,Left,99,140,180,0,Timed_out,575,nan
3/30/2023 2:42:44,1.14.0,Free_feed,3,4.07,nan,1,LeftWithPellet,Left,100,140,180,0,nan,nan,0.61
3/30/2023 2:42:55,1.14.0,Free_feed,3,4.08,nan,1,RightWithPellet,Left,100,141,180,0,nan,nan,0.46
3/30/2023 2:43:01,1.14.0,Free_feed,3,4.07,nan,1,RightWithPellet,Left,100,142,180,0,nan,nan,0.53
3/30/2023 2:43:42,1.14.0,Free_feed,3,4.08,nan,1,LeftWithPellet,Left,101,142,180,0,nan,nan,0.12
3/30/2023 2:43:45,1.14.0,Free_feed,3,4.07,nan,1,LeftWithPellet,Left,102,142,180,0,nan,nan,1.45
3/30/2023 2:43:48,1.14.0,Free_feed,3,4.08,nan,1,LeftWithPellet,Left,103,142,180,0,nan,nan,0.31
3/30/2023 2:43:50,1.14.0,Free_feed,3,4.07,nan,1,LeftWithPellet,Left,104,142,180,0,nan,nan,0.28
3/30/2023 2:43:53,1.14.0,Free_feed,3,4.08,nan,1,LeftWithPellet,Left,105,142,180,0,nan,nan,1.21
3/30/2023 2:43:57,1.14.0,Free_feed,3,4.08,nan,1,LeftWithPellet,Left,106,142,180,0,nan,nan,0.12
3/30/2023 2:44:11,1.14.0,Free_feed,3,4.07,1,1,Pellet,Left,106,142,181,0,Timed_out,246,nan
3/30/2023 2:44:26,1.14.0,Free_feed,3,4.08,nan,1,LeftWithPellet,Left,107,142,181,0,nan,nan,0.06
3/30/2023 2:44:33,1.14.0,Free_feed,3,4.07,nan,1,RightWithPellet,Left,107,143,181,0,nan,nan,0.01
3/30/2023 2:44:33,1.14.0,Free_feed,3,4.07,nan,1,RightWithPellet,Left,107,144,181,0,nan,nan,0.22
3/30/2023 2:44:41,1.14.0,Free_feed,3,4.08,nan,1,RightWithPellet,Left,107,145,181,0,nan,nan,0.08
3/30/2023 2:46:01,1.14.0,Free_feed,3,4.08,1,1,Pellet,Left,107,145,182,0,Timed_out,110,nan
3/30/2023 2:46:18,1.14.0,Free_feed,3,4.08,1,1,Pellet,Left,107,145,183,0,9.93,17,nan
3/30/2023 2:46:40,1.14.0,Free_feed,3,4.07,1,1,Pellet,Left,107,145,184,0,14.78,22,nan
3/30/2023 2:55:21,1.14.0,Free_feed,3,4.07,nan,1,RightWithPellet,Left,107,146,184,0,nan,nan,0.49
3/30/2023 3:00:51,1.14.0,Free_feed,3,4.08,nan,1,RightWithPellet,Left,107,147,184,0,nan,nan,0.46
3/30/2023 3:06:57,1.14.0,Free_feed,3,4.07,nan,1,RightWithPellet,Left,107,148,184,0,nan,nan,0.20
3/30/2023 3:13:34,1.14.0,Free_feed,3,4.07,nan,1,LeftWithPellet,Left,108,148,184,0,nan,nan,0.21
3/30/2023 3:16:27,1.14.0,Free_feed,3,4.07,nan,1,RightWithPellet,Left,108,149,184,0,nan,nan,0.80
3/30/2023 3:17:28,1.14.0,Free_feed,3,4.07,nan,1,LeftWithPellet,Left,109,149,184,0,nan,nan,0.03
3/30/2023 3:17:45,1.14.0,Free_feed,3,4.07,nan,1,RightWithPellet,Left,109,150,184,0,nan,nan,0.30
3/30/2023 3:18:59,1.14.0,Free_feed,3,4.07,1,1,Pellet,Left,109,150,185,0,Timed_out,1939,nan
3/30/2023 3:19:25,1.14.0,Free_feed,3,4.08,1,1,Pellet,Left,109,150,186,0,19.58,26,nan
3/30/2023 3:19:42,1.14.0,Free_feed,3,4.07,1,1,Pellet,Left,109,150,187,0,9.07,17,nan
3/30/2023 3:19:59,1.14.0,Free_feed,3,4.07,1,1,Pellet,Left,109,150,188,0,10.85,17,nan
3/30/2023 3:20:19,1.14.0,Free_feed,3,4.08,1,1,Pellet,Left,109,150,189,0,12.70,20,nan
3/30/2023 3:20:52,1.14.0,Free_feed,3,4.08,1,1,Pellet,Left,109,150,190,0,25.62,33,nan
3/30/2023 3:21:13,1.14.0,Free_feed,3,4.07,1,1,Pellet,Left,109,150,191,0,13.43,21,nan
3/30/2023 3:21:50,1.14.0,Free_feed,3,4.08,1,1,Pellet,Left,109,150,192,0,29.73,37,nan
3/30/2023 3:22:16,1.14.0,Free_feed,3,4.07,1,1,Pellet,Left,109,150,193,0,18.72,26,nan
3/30/2023 3:45:47,1.14.0,Free_feed,3,4.07,1,1,Pellet,Left,109,150,194,0,Timed_out,1411,nan
3/30/2023 3:54:32,1.14.0,Free_feed,3,4.07,nan,1,LeftWithPellet,Left,110,150,194,0,nan,nan,0.44
3/30/2023 3:55:21,1.14.0,Free_feed,3,4.08,1,1,Pellet,Left,110,150,195,0,Timed_out,574,nan
3/30/2023 4:02:53,1.14.0,Free_feed,3,4.07,nan,1,RightWithPellet,Left,110,151,195,0,nan,nan,0.01
3/30/2023 4:04:11,1.14.0,Free_feed,3,4.07,1,1,Pellet,Left,110,151,196,0,Timed_out,530,nan
3/30/2023 4:04:28,1.14.0,Free_feed,3,4.07,1,1,Pellet,Left,110,151,197,0,9.43,17,nan
3/30/2023 4:04:44,1.14.0,Free_feed,3,4.07,1,1,Pellet,Left,110,151,198,0,8.33,16,nan
3/30/2023 4:05:04,1.14.0,Free_feed,3,4.08,1,1,Pellet,Left,110,151,199,0,12.69,20,nan
3/30/2023 4:05:22,1.14.0,Free_feed,3,4.07,2,1,Pellet,Left,110,151,200,0,10.17,18,nan
3/30/2023 4:05:39,1.14.0,Free_feed,3,4.07,1,1,Pellet,Left,110,151,201,0,9.80,17,nan
3/30/2023 4:05:57,1.14.0,Free_feed,3,4.07,1,1,Pellet,Left,110,151,202,0,11.09,18,nan
3/30/2023 4:06:17,1.14.0,Free_feed,3,4.07,1,1,Pellet,Left,110,151,203,0,13.13,20,nan
3/30/2023 4:06:52,1.14.0,Free_feed,3,4.08,1,1,Pellet,Left,110,151,204,0,27.71,35,nan
3/30/2023 4:08:43,1.14.0,Free_feed,3,4.07,nan,1,LeftWithPellet,Left,111,151,204,0,nan,nan,0.54
3/30/2023 4:09:25,1.14.0,Free_feed,3,4.07,nan,1,RightWithPellet,Left,111,152,204,0,nan,nan,0.10
3/30/2023 4:16:57,1.14.0,Free_feed,3,4.07,nan,1,LeftWithPellet,Left,112,152,204,0,nan,nan,0.13
3/30/2023 4:31:44,1.14.0,Free_feed,3,4.07,nan,1,RightWithPellet,Left,112,153,204,0,nan,nan,0.38
3/30/2023 4:32:58,1.14.0,Free_feed,3,4.07,nan,1,RightWithPellet,Left,112,154,204,0,nan,nan,0.09
3/30/2023 4:33:40,1.14.0,Free_feed,3,4.07,1,1,Pellet,Left,112,154,205,0,Timed_out,1608,nan
3/30/2023 4:34:05,1.14.0,Free_feed,3,4.07,1,1,Pellet,Left,112,154,206,0,18.23,25,nan
3/30/2023 4:34:25,1.14.0,Free_feed,3,4.07,1,1,Pellet,Left,112,154,207,0,12.63,20,nan
3/30/2023 4:34:44,1.14.0,Free_feed,3,4.07,1,1,Pellet,Left,112,154,208,0,17.92,19,nan
3/30/2023 4:35:06,1.14.0,Free_feed,3,4.07,2,1,Pellet,Left,112,154,209,0,12.57,22,nan
3/30/2023 4:53:04,1.14.0,Free_feed,3,4.07,nan,1,LeftWithPellet,Left,113,154,209,0,nan,nan,0.25
3/30/2023 4:53:07,1.14.0,Free_feed,3,4.07,nan,1,LeftWithPellet,Left,114,154,209,0,nan,nan,0.02
3/30/2023 4:53:08,1.14.0,Free_feed,3,4.07,nan,1,LeftWithPellet,Left,115,154,209,0,nan,nan,0.08
3/30/2023 4:53:10,1.14.0,Free_feed,3,4.07,nan,1,LeftWithPellet,Left,116,154,209,0,nan,nan,0.83
3/30/2023 4:53:10,1.14.0,Free_feed,3,4.07,nan,1,LeftWithPellet,Left,117,154,209,0,nan,nan,0.05
3/30/2023 4:53:11,1.14.0,Free_feed,3,4.07,nan,1,LeftWithPellet,Left,118,154,209,0,nan,nan,0.03
3/30/2023 4:53:12,1.14.0,Free_feed,3,4.07,nan,1,LeftWithPellet,Left,119,154,209,0,nan,nan,0.24
3/30/2023 4:53:16,1.14.0,Free_feed,3,4.07,nan,1,LeftWithPellet,Left,120,154,209,0,nan,nan,0.63
3/30/2023 4:53:17,1.14.0,Free_feed,3,4.07,nan,1,LeftWithPellet,Left,121,154,209,0,nan,nan,0.40
3/30/2023 4:59:41,1.14.0,Free_feed,3,4.07,nan,1,LeftWithPellet,Left,122,154,209,0,nan,nan,0.41
3/30/2023 5:00:06,1.14.0,Free_feed,3,4.07,nan,1,LeftWithPellet,Left,123,154,209,0,nan,nan,0.30
3/30/2023 5:00:22,1.14.0,Free_feed,3,4.07,nan,1,LeftWithPellet,Left,124,154,209,0,nan,nan,0.27
3/30/2023 5:01:51,1.14.0,Free_feed,3,4.07,1,1,Pellet,Left,124,154,210,0,Timed_out,1605,nan
3/30/2023 5:02:04,1.14.0,Free_feed,3,4.07,nan,1,RightWithPellet,Left,124,155,210,0,nan,nan,0.79
3/30/2023 5:02:39,1.14.0,Free_feed,3,4.07,1,1,Pellet,Left,124,155,211,0,41.01,48,nan
3/30/2023 5:02:50,1.14.0,Free_feed,3,4.07,1,1,Pellet,Left,124,155,212,0,3.48,11,nan
3/30/2023 5:03:03,1.14.0,Free_feed,3,4.07,nan,1,LeftWithPellet,Left,125,155,212,0,nan,nan,0.02
3/30/2023 5:04:28,1.14.0,Free_feed,3,4.07,2,1,Pellet,Left,125,155,213,0,Timed_out,98,nan
3/30/2023 5:04:51,1.14.0,Free_feed,3,4.07,1,1,Pellet,Left,125,155,214,0,16.01,23,nan
3/30/2023 5:05:05,1.14.0,Free_feed,3,4.07,1,1,Pellet,Left,125,155,215,0,6.86,14,nan
3/30/2023 5:05:23,1.14.0,Free_feed,3,4.07,1,1,Pellet,Left,125,155,216,0,11.28,18,nan
3/30/2023 5:05:46,1.14.0,Free_feed,3,4.07,2,1,Pellet,Left,125,155,217,0,15.03,23,nan
3/30/2023 5:16:35,1.14.0,Free_feed,3,4.07,nan,1,LeftWithPellet,Left,126,155,217,0,nan,nan,0.05
3/30/2023 5:16:48,1.14.0,Free_feed,3,4.07,nan,1,LeftWithPellet,Left,127,155,217,0,nan,nan,0.04
3/30/2023 5:16:55,1.14.0,Free_feed,3,4.07,nan,1,LeftWithPellet,Left,128,155,217,0,nan,nan,0.16
3/30/2023 5:44:15,1.14.0,Free_feed,3,4.07,nan,1,LeftWithPellet,Left,129,155,217,0,nan,nan,0.62
3/30/2023 5:44:21,1.14.0,Free_feed,3,4.07,1,1,Pellet,Left,129,155,218,0,Timed_out,2315,nan
3/30/2023 5:44:31,1.14.0,Free_feed,3,4.07,1,1,Pellet,Left,129,155,219,0,2.81,10,nan
3/30/2023 5:44:40,1.14.0,Free_feed,3,4.07,1,1,Pellet,Left,129,155,220,0,5.88,9,nan
3/30/2023 5:45:25,1.14.0,Free_feed,3,4.07,1,1,Pellet,Left,129,155,221,0,37.45,45,nan
3/30/2023 5:45:43,1.14.0,Free_feed,3,4.07,1,1,Pellet,Left,129,155,222,0,10.79,18,nan
3/30/2023 5:45:58,1.14.0,Free_feed,3,4.07,2,1,Pellet,Left,129,155,223,0,5.76,15,nan
3/30/2023 5:46:50,1.14.0,Free_feed,3,4.07,2,1,Pellet,Left,129,155,224,0,44.18,52,nan
3/30/2023 5:47:10,1.14.0,Free_feed,3,4.07,1,1,Pellet,Left,129,155,225,0,13.13,20,nan
3/30/2023 5:47:30,1.14.0,Free_feed,3,4.07,2,1,Pellet,Left,129,155,226,0,12.88,20,nan
3/30/2023 5:48:56,1.14.0,Free_feed,3,4.07,1,1,Pellet,Left,129,155,227,0,Timed_out,86,nan
3/30/2023 7:06:35,1.14.0,Free_feed,3,4.07,1,1,Pellet,Left,129,155,228,0,Timed_out,4659,nan
3/30/2023 7:06:57,1.14.0,Free_feed,3,4.07,1,1,Pellet,Left,129,155,229,0,15.10,22,nan
3/30/2023 7:07:15,1.14.0,Free_feed,3,4.07,1,1,Pellet,Left,129,155,230,0,10.91,18,nan
3/30/2023 7:07:39,1.14.0,Free_feed,3,4.07,1,1,Pellet,Left,129,155,231,0,17.61,24,nan
3/30/2023 7:08:02,1.14.0,Free_feed,3,4.07,1,1,Pellet,Left,129,155,232,0,15.39,23,nan
3/30/2023 7:08:16,1.14.0,Free_feed,3,4.07,1,1,Pellet,Left,129,155,233,0,6.37,14,nan
3/30/2023 7:09:57,1.14.0,Free_feed,3,4.07,nan,1,RightWithPellet,Left,129,156,233,0,nan,nan,0.14
3/30/2023 7:12:42,1.14.0,Free_feed,3,4.07,nan,1,LeftWithPellet,Left,130,156,233,0,nan,nan,0.11
3/30/2023 7:12:44,1.14.0,Free_feed,3,4.07,nan,1,LeftWithPellet,Left,131,156,233,0,nan,nan,0.05
3/30/2023 7:13:42,1.14.0,Free_feed,3,4.07,nan,1,RightWithPellet,Left,131,157,233,0,nan,nan,0.07
3/30/2023 7:14:10,1.14.0,Free_feed,3,4.07,nan,1,LeftWithPellet,Left,132,157,233,0,nan,nan,0.01
3/30/2023 8:52:52,1.14.0,Free_feed,3,4.06,nan,1,RightWithPellet,Left,132,158,233,0,nan,nan,0.07
3/30/2023 9:04:13,1.14.0,Free_feed,3,4.07,nan,1,LeftWithPellet,Left,133,158,233,0,nan,nan,0.05
3/30/2023 9:06:51,1.14.0,Free_feed,3,4.05,nan,1,LeftWithPellet,Left,134,158,233,0,nan,nan,0.04
3/30/2023 9:06:53,1.14.0,Free_feed,3,4.07,nan,1,LeftWithPellet,Left,135,158,233,0,nan,nan,0.75
3/30/2023 9:07:02,1.14.0,Free_feed,3,4.06,nan,1,LeftWithPellet,Left,136,158,233,0,nan,nan,0.05
3/30/2023 9:07:04,1.14.0,Free_feed,3,4.06,nan,1,LeftWithPellet,Left,137,158,233,0,nan,nan,0.45
3/30/2023 9:07:05,1.14.0,Free_feed,3,4.06,nan,1,LeftWithPellet,Left,138,158,233,0,nan,nan,0.13
3/30/2023 9:07:06,1.14.0,Free_feed,3,4.06,nan,1,LeftWithPellet,Left,139,158,233,0,nan,nan,0.36
3/30/2023 9:07:08,1.14.0,Free_feed,3,4.06,nan,1,LeftWithPellet,Left,140,158,233,0,nan,nan,0.56
3/30/2023 9:07:30,1.14.0,Free_feed,3,4.06,1,1,Pellet,Left,140,158,234,0,Timed_out,7154,nan
3/30/2023 9:08:20,1.14.0,Free_feed,3,4.06,1,1,Pellet,Left,140,158,235,0,43.11,50,nan
3/30/2023 9:09:03,1.14.0,Free_feed,3,4.06,1,1,Pellet,Left,140,158,236,0,36.41,43,nan
3/30/2023 9:09:22,1.14.0,Free_feed,3,4.07,1,1,Pellet,Left,140,158,237,0,11.35,18,nan
3/30/2023 9:15:55,1.14.0,Free_feed,3,4.06,2,1,Pellet,Left,140,158,238,0,Timed_out,394,nan
3/30/2023 9:19:56,1.14.0,Free_feed,3,4.06,nan,1,RightWithPellet,Left,140,159,238,0,nan,nan,0.02
3/30/2023 9:21:53,1.14.0,Free_feed,3,4.06,1,1,Pellet,Left,140,159,239,0,Timed_out,358,nan
