MM:DD:YYYY hh:mm:ss,Library_Version,Session_type,Device_Number,Battery_Voltage,Motor_Turns,FR,Event,Active_Poke,Left_Poke_Count,Right_Poke_Count,Pellet_Count,Block_Pellet_Count,Retrieval_Time,InterPelletInterval,Poke_Time
3/29/2023 13:16:36,1.14.0,Free_feed,13,4.12,nan,1,RightWithPellet,Left,0,1,0,0,nan,nan,0.02
3/29/2023 13:22:57,1.14.0,Free_feed,13,4.13,nan,1,RightWithPellet,Left,0,2,0,0,nan,nan,0.09
3/29/2023 13:25:47,1.14.0,Free_feed,13,4.13,nan,1,RightWithPellet,Left,0,3,0,0,nan,nan,0.05
3/29/2023 13:35:03,1.14.0,Free_feed,13,4.12,nan,1,RightWithPellet,Left,0,4,0,0,nan,nan,0.06
3/29/2023 13:35:06,1.14.0,Free_feed,13,4.12,nan,1,RightWithPellet,Left,0,5,0,0,nan,nan,1.31
3/29/2023 13:35:09,1.14.0,Free_feed,13,4.12,nan,1,RightWithPellet,Left,0,6,0,0,nan,nan,1.69
3/29/2023 13:35:15,1.14.0,Free_feed,13,4.13,nan,1,RightWithPellet,Left,0,7,0,0,nan,nan,0.41
3/29/2023 13:35:15,1.14.0,Free_feed,13,4.12,nan,1,RightWithPellet,Left,0,8,0,0,nan,nan,0.26
3/29/2023 13:35:18,1.14.0,Free_feed,13,4.12,nan,1,RightWithPellet,Left,0,9,0,0,nan,nan,0.76
3/29/2023 13:35:42,1.14.0,Free_feed,13,4.12,nan,1,RightWithPellet,Left,0,10,0,0,nan,nan,0.04
3/29/2023 13:35:44,1.14.0,Free_feed,13,4.13,nan,1,RightWithPellet,Left,0,11,0,0,nan,nan,0.30
3/29/2023 13:35:46,1.14.0,Free_feed,13,4.12,nan,1,RightWithPellet,Left,0,12,0,0,nan,nan,0.76
3/29/2023 13:35:47,1.14.0,Free_feed,13,4.12,nan,1,RightWithPellet,Left,0,13,0,0,nan,nan,0.19
3/29/2023 13:35:49,1.14.0,Free_feed,13,4.12,nan,1,RightWithPellet,Left,0,14,0,0,nan,nan,0.18
3/29/2023 13:36:06,1.14.0,Free_feed,13,4.13,nan,1,LeftWithPellet,Left,1,14,0,0,nan,nan,0.29
3/29/2023 13:36:09,1.14.0,Free_feed,13,4.12,nan,1,LeftWithPellet,Left,2,14,0,0,nan,nan,0.11
3/29/2023 13:36:48,1.14.0,Free_feed,13,4.12,nan,1,RightWithPellet,Left,2,15,0,0,nan,nan,0.15
3/29/2023 13:36:50,1.14.0,Free_feed,13,4.12,nan,1,RightWithPellet,Left,2,16,0,0,nan,nan,0.11
3/29/2023 13:36:58,1.14.0,Free_feed,13,4.12,nan,1,RightWithPellet,Left,2,17,0,0,nan,nan,0.41
3/29/2023 13:37:26,1.14.0,Free_feed,13,4.13,nan,1,RightWithPellet,Left,2,18,0,0,nan,nan,0.17
3/29/2023 15:37:11,1.14.0,Free_feed,13,4.12,nan,1,RightWithPellet,Left,2,19,0,0,nan,nan,0.08
3/29/2023 15:37:23,1.14.0,Free_feed,13,4.12,nan,1,RightWithPellet,Left,2,20,0,0,nan,nan,0.01
3/29/2023 15:37:25,1.14.0,Free_feed,13,4.12,nan,1,RightWithPellet,Left,2,21,0,0,nan,nan,0.13
3/29/2023 15:37:33,1.14.0,Free_feed,13,4.12,401,1,Pellet,Left,2,21,1,0,Timed_out,nan,nan
3/29/2023 15:39:47,1.14.0,Free_feed,13,4.12,2,1,Pellet,Left,2,21,2,0,Timed_out,134,nan
3/29/2023 15:39:48,1.14.0,Free_feed,13,4.12,1,1,Pellet,Left,2,21,3,0,0.06,1,nan
3/29/2023 15:39:57,1.14.0,Free_feed,13,4.12,1,1,Pellet,Left,2,21,4,0,6.98,9,nan
3/29/2023 15:40:36,1.14.0,Free_feed,13,4.12,1,1,Pellet,Left,2,21,5,0,31.64,39,nan
3/29/2023 15:40:55,1.14.0,Free_feed,13,4.12,1,1,Pellet,Left,2,21,6,0,11.71,19,nan
3/29/2023 15:42:05,1.14.0,Free_feed,13,4.12,1,1,Pellet,Left,2,21,7,0,Timed_out,70,nan
3/29/2023 15:42:06,1.14.0,Free_feed,13,4.12,1,1,Pellet,Left,2,21,8,0,0.06,1,nan
3/29/2023 15:42:14,1.14.0,Free_feed,13,4.12,1,1,Pellet,Left,2,21,9,0,1.58,8,nan
3/29/2023 15:43:40,1.14.0,Free_feed,13,4.12,1,1,Pellet,Left,2,21,10,0,Timed_out,86,nan
3/29/2023 15:43:42,1.14.0,Free_feed,13,4.12,1,1,Pellet,Left,2,21,11,0,0.24,1,nan
3/29/2023 15:46:51,1.14.0,Free_feed,13,4.12,1,1,Pellet,Left,2,21,12,0,Timed_out,190,nan
3/29/2023 15:46:53,1.14.0,Free_feed,13,4.12,1,1,Pellet,Left,2,21,13,0,0.18,2,nan
3/29/2023 15:47:18,1.14.0,Free_feed,13,4.12,1,1,Pellet,Left,2,21,14,0,18.53,25,nan
3/29/2023 15:47:55,1.14.0,Free_feed,13,4.12,1,1,Pellet,Left,2,21,15,0,29.42,37,nan
3/29/2023 15:48:17,1.14.0,Free_feed,13,4.12,1,1,Pellet,Left,2,21,16,0,14.97,22,nan
3/29/2023 15:48:46,1.14.0,Free_feed,13,4.12,1,1,Pellet,Left,2,21,17,0,21.92,29,nan
3/29/2023 15:50:44,1.14.0,Free_feed,13,4.12,1,1,Pellet,Left,2,21,18,0,Timed_out,118,nan
3/29/2023 15:51:04,1.14.0,Free_feed,13,4.12,nan,1,RightWithPellet,Left,2,22,18,0,nan,nan,0.15
3/29/2023 15:51:06,1.14.0,Free_feed,13,4.12,nan,1,RightWithPellet,Left,2,23,18,0,nan,nan,0.50
3/29/2023 15:51:17,1.14.0,Free_feed,13,4.12,nan,1,LeftWithPellet,Left,3,23,18,0,nan,nan,0.35
3/29/2023 15:51:17,1.14.0,Free_feed,13,4.12,nan,1,LeftWithPellet,Left,4,23,18,0,nan,nan,0.41
3/29/2023 15:51:18,1.14.0,Free_feed,13,4.12,nan,1,LeftWithPellet,Left,5,23,18,0,nan,nan,0.14
3/29/2023 15:51:25,1.14.0,Free_feed,13,4.12,nan,1,LeftWithPellet,Left,6,23,18,0,nan,nan,0.15
3/29/2023 15:51:29,1.14.0,Free_feed,13,4.12,nan,1,LeftWithPellet,Left,7,23,18,0,nan,nan,0.05
3/29/2023 15:51:53,1.14.0,Free_feed,13,4.12,nan,1,RightWithPellet,Left,7,24,18,0,nan,nan,0.05
3/29/2023 15:56:05,1.14.0,Free_feed,13,4.12,2,1,Pellet,Left,7,24,19,0,Timed_out,321,nan
3/29/2023 15:56:46,1.14.0,Free_feed,13,4.12,1,1,Pellet,Left,7,24,20,0,34.18,41,nan
3/29/2023 15:56:58,1.14.0,Free_feed,13,4.12,nan,1,RightWithPellet,Left,7,25,20,0,nan,nan,0.01
3/29/2023 15:56:59,1.14.0,Free_feed,13,4.12,nan,1,RightWithPellet,Left,7,26,20,0,nan,nan,0.70
3/29/2023 15:57:00,1.14.0,Free_feed,13,4.12,nan,1,RightWithPellet,Left,7,27,20,0,nan,nan,0.23
3/29/2023 15:57:01,1.14.0,Free_feed,13,4.12,nan,1,RightWithPellet,Left,7,28,20,0,nan,nan,1.03
3/29/2023 15:57:02,1.14.0,Free_feed,13,4.12,nan,1,RightWithPellet,Left,7,29,20,0,nan,nan,0.15
3/29/2023 15:57:03,1.14.0,Free_feed,13,4.12,nan,1,RightWithPellet,Left,7,30,20,0,nan,nan,0.77
3/29/2023 15:57:06,1.14.0,Free_feed,13,4.12,nan,1,RightWithPellet,Left,7,31,20,0,nan,nan,0.21
3/29/2023 15:57:08,1.14.0,Free_feed,13,4.12,nan,1,RightWithPellet,Left,7,32,20,0,nan,nan,0.84
3/29/2023 15:57:10,1.14.0,Free_feed,13,4.12,nan,1,LeftWithPellet,Left,8,32,20,0,nan,nan,0.39
3/29/2023 15:57:12,1.14.0,Free_feed,13,4.12,nan,1,LeftWithPellet,Left,9,32,20,0,nan,nan,0.25
3/29/2023 15:57:13,1.14.0,Free_feed,13,4.12,nan,1,LeftWithPellet,Left,10,32,20,0,nan,nan,0.12
3/29/2023 16:00:07,1.14.0,Free_feed,13,4.12,1,1,Pellet,Left,10,32,21,0,Timed_out,201,nan
3/29/2023 16:00:12,1.14.0,Free_feed,13,4.12,1,1,Pellet,Left,10,32,22,0,0.06,5,nan
3/29/2023 16:00:31,1.14.0,Free_feed,13,4.12,1,1,Pellet,Left,10,32,23,0,12.88,19,nan
3/29/2023 16:00:41,1.14.0,Free_feed,13,4.12,1,1,Pellet,Left,10,32,24,0,2.14,10,nan
3/29/2023 16:00:51,1.14.0,Free_feed,13,4.12,1,1,Pellet,Left,10,32,25,0,3.91,10,nan
3/29/2023 17:34:35,1.14.0,Free_feed,13,4.12,1,1,Pellet,Left,10,32,26,0,Timed_out,5624,nan
3/29/2023 17:52:45,1.14.0,Free_feed,13,4.12,1,1,Pellet,Left,10,32,27,0,Timed_out,1090,nan
3/29/2023 17:54:13,1.14.0,Free_feed,13,4.11,nan,1,RightWithPellet,Left,10,33,27,0,nan,nan,0.06
3/29/2023 17:54:30,1.14.0,Free_feed,13,4.12,nan,1,RightWithPellet,Left,10,34,27,0,nan,nan,0.05
3/29/2023 17:54:50,1.14.0,Free_feed,13,4.12,1,1,Pellet,Left,10,34,28,0,Timed_out,125,nan
3/29/2023 17:55:03,1.14.0,Free_feed,13,4.12,1,1,Pellet,Left,10,34,29,0,5.75,13,nan
3/29/2023 17:55:05,1.14.0,Free_feed,13,4.11,1,1,Pellet,Left,10,34,30,0,0.06,2,nan
3/29/2023 17:55:13,1.14.0,Free_feed,13,4.11,2,1,Pellet,Left,10,34,31,0,0.18,8,nan
3/29/2023 17:55:20,1.14.0,Free_feed,13,4.12,1,1,Pellet,Left,10,34,32,0,0.60,7,nan
3/29/2023 17:55:28,1.14.0,Free_feed,13,4.12,2,1,Pellet,Left,10,34,33,0,0.55,8,nan
3/29/2023 17:55:42,1.14.0,Free_feed,13,4.11,1,1,Pellet,Left,10,34,34,0,5.82,14,nan
3/29/2023 17:55:43,1.14.0,Free_feed,13,4.12,1,1,Pellet,Left,10,34,35,0,0.06,1,nan
3/29/2023 17:56:38,1.14.0,Free_feed,13,4.12,nan,1,LeftWithPellet,Left,11,34,35,0,nan,nan,0.05
3/29/2023 18:00:54,1.14.0,Free_feed,13,4.12,1,1,Pellet,Left,11,34,36,0,Timed_out,310,nan
3/29/2023 18:01:39,1.14.0,Free_feed,13,4.12,1,1,Pellet,Left,11,34,37,0,40.28,46,nan
3/29/2023 18:01:56,1.14.0,Free_feed,13,4.11,1,1,Pellet,Left,11,34,38,0,8.64,16,nan
3/29/2023 18:01:57,1.14.0,Free_feed,13,4.12,1,1,Pellet,Left,11,34,39,0,0.06,2,nan
3/29/2023 18:02:05,1.14.0,Free_feed,13,4.11,1,1,Pellet,Left,11,34,40,0,0.91,8,nan
3/29/2023 18:12:28,1.14.0,Free_feed,13,4.12,1,1,Pellet,Left,11,34,41,0,Timed_out,623,nan
3/29/2023 18:13:45,1.14.0,Free_feed,13,4.11,1,1,Pellet,Left,11,34,42,0,Timed_out,77,nan
3/29/2023 19:09:16,1.14.0,Free_feed,13,4.12,1,1,Pellet,Left,11,34,43,0,Timed_out,3331,nan
3/29/2023 19:09:18,1.14.0,Free_feed,13,4.11,1,1,Pellet,Left,11,34,44,0,0.06,2,nan
3/29/2023 19:10:07,1.14.0,Free_feed,13,4.11,2,1,Pellet,Left,11,34,45,0,42.05,49,nan
3/29/2023 19:10:26,1.14.0,Free_feed,13,4.11,2,1,Pellet,Left,11,34,46,0,10.48,19,nan
3/29/2023 19:10:39,1.14.0,Free_feed,13,4.11,1,1,Pellet,Left,11,34,47,0,6.98,13,nan
3/29/2023 19:10:56,1.14.0,Free_feed,13,4.11,2,1,Pellet,Left,11,34,48,0,9.06,17,nan
3/29/2023 19:10:58,1.14.0,Free_feed,13,4.11,1,1,Pellet,Left,11,34,49,0,0.18,2,nan
3/29/2023 19:11:00,1.14.0,Free_feed,13,4.12,1,1,Pellet,Left,11,34,50,0,0.54,2,nan
3/29/2023 19:11:02,1.14.0,Free_feed,13,4.11,1,1,Pellet,Left,11,34,51,0,0.06,2,nan
3/29/2023 19:11:25,1.14.0,Free_feed,13,4.11,1,1,Pellet,Left,11,34,52,0,15.57,23,nan
3/29/2023 19:11:46,1.14.0,Free_feed,13,4.11,2,1,Pellet,Left,11,34,53,0,13.61,21,nan
3/29/2023 19:12:10,1.14.0,Free_feed,13,4.12,1,1,Pellet,Left,11,34,54,0,17.18,24,nan
3/29/2023 19:12:35,1.14.0,Free_feed,13,4.11,nan,1,RightWithPellet,Left,11,35,54,0,nan,nan,0.17
3/29/2023 19:12:36,1.14.0,Free_feed,13,4.11,nan,1,RightWithPellet,Left,11,36,54,0,nan,nan,0.01
3/29/2023 19:12:42,1.14.0,Free_feed,13,4.11,1,1,Pellet,Left,11,36,55,0,24.80,32,nan
3/29/2023 19:12:43,1.14.0,Free_feed,13,4.11,1,1,Pellet,Left,11,36,56,0,0.06,1,nan
3/29/2023 19:13:01,1.14.0,Free_feed,13,4.11,1,1,Pellet,Left,11,36,57,0,16.81,18,nan
3/29/2023 19:13:04,1.14.0,Free_feed,13,4.12,1,1,Pellet,Left,11,36,58,0,0.06,3,nan
3/29/2023 19:18:23,1.14.0,Free_feed,13,4.11,1,1,Pellet,Left,11,36,59,0,Timed_out,319,nan
3/29/2023 19:18:30,1.14.0,Free_feed,13,4.11,2,1,Pellet,Left,11,36,60,0,4.77,7,nan
3/29/2023 19:18:52,1.14.0,Free_feed,13,4.12,nan,1,LeftWithPellet,Left,12,36,60,0,nan,nan,0.08
3/29/2023 19:18:53,1.14.0,Free_feed,13,4.11,nan,1,LeftWithPellet,Left,13,36,60,0,nan,nan,0.32
3/29/2023 19:18:53,1.14.0,Free_feed,13,4.11,nan,1,LeftWithPellet,Left,14,36,60,0,nan,nan,0.12
3/29/2023 19:18:54,1.14.0,Free_feed,13,4.11,nan,1,LeftWithPellet,Left,15,36,60,0,nan,nan,0.15
3/29/2023 19:18:55,1.14.0,Free_feed,13,4.11,nan,1,LeftWithPellet,Left,16,36,60,0,nan,nan,0.23
3/29/2023 19:18:55,1.14.0,Free_feed,13,4.11,nan,1,LeftWithPellet,Left,17,36,60,0,nan,nan,0.18
3/29/2023 19:18:57,1.14.0,Free_feed,13,4.11,nan,1,LeftWithPellet,Left,18,36,60,0,nan,nan,0.45
3/29/2023 19:19:00,1.14.0,Free_feed,13,4.12,nan,1,LeftWithPellet,Left,19,36,60,0,nan,nan,0.15
3/29/2023 19:19:01,1.14.0,Free_feed,13,4.11,nan,1,LeftWithPellet,Left,20,36,60,0,nan,nan,0.18
3/29/2023 19:19:02,1.14.0,Free_feed,13,4.11,nan,1,LeftWithPellet,Left,21,36,60,0,nan,nan,0.38
3/29/2023 19:19:02,1.14.0,Free_feed,13,4.11,nan,1,LeftWithPellet,Left,22,36,60,0,nan,nan,0.05
3/29/2023 19:19:06,1.14.0,Free_feed,13,4.11,1,1,Pellet,Left,22,36,61,0,32.59,36,nan
3/29/2023 19:19:56,1.14.0,Free_feed,13,4.11,nan,1,LeftWithPellet,Left,23,36,61,0,nan,nan,0.07
3/29/2023 19:20:44,1.14.0,Free_feed,13,4.12,1,1,Pellet,Left,23,36,62,0,Timed_out,98,nan
3/29/2023 19:21:00,1.14.0,Free_feed,13,4.11,1,1,Pellet,Left,23,36,63,0,9.25,16,nan
3/29/2023 19:29:26,1.14.0,Free_feed,13,4.11,nan,1,RightWithPellet,Left,23,37,63,0,nan,nan,0.20
3/29/2023 19:31:21,1.14.0,Free_feed,13,4.11,1,1,Pellet,Left,23,37,64,0,Timed_out,620,nan
3/29/2023 19:38:33,1.14.0,Free_feed,13,4.11,1,1,Pellet,Left,23,37,65,0,Timed_out,433,nan
3/29/2023 19:38:56,1.14.0,Free_feed,13,4.11,1,1,Pellet,Left,23,37,66,0,15.65,23,nan
3/29/2023 19:39:00,1.14.0,Free_feed,13,4.11,nan,1,RightWithPellet,Left,23,38,66,0,nan,nan,0.62
3/29/2023 19:39:47,1.14.0,Free_feed,13,4.11,nan,1,RightWithPellet,Left,23,39,66,0,nan,nan,0.93
3/29/2023 19:43:25,1.14.0,Free_feed,13,4.11,1,1,Pellet,Left,23,39,67,0,Timed_out,269,nan
3/29/2023 19:43:37,1.14.0,Free_feed,13,4.11,1,1,Pellet,Left,23,39,68,0,4.53,12,nan
3/29/2023 19:44:24,1.14.0,Free_feed,13,4.11,nan,1,RightWithPellet,Left,23,40,68,0,nan,nan,0.14
3/29/2023 19:54:09,1.14.0,Free_feed,13,4.11,1,1,Pellet,Left,23,40,69,0,Timed_out,632,nan
3/29/2023 19:55:18,1.14.0,Free_feed,13,4.11,nan,1,RightWithPellet,Left,23,41,69,0,nan,nan,0.18
3/29/2023 19:57:03,1.14.0,Free_feed,13,4.11,1,1,Pellet,Left,23,41,70,0,Timed_out,174,nan
3/29/2023 19:57:20,1.14.0,Free_feed,13,4.11,1,1,Pellet,Left,23,41,71,0,14.29,17,nan
3/29/2023 19:57:36,1.14.0,Free_feed,13,4.11,1,1,Pellet,Left,23,41,72,0,8.94,16,nan
3/29/2023 19:57:41,1.14.0,Free_feed,13,4.11,1,1,Pellet,Left,23,41,73,0,0.85,5,nan
3/29/2023 19:57:55,1.14.0,Free_feed,13,4.11,1,1,Pellet,Left,23,41,74,0,6.49,14,nan
3/29/2023 19:57:56,1.14.0,Free_feed,13,4.11,1,1,Pellet,Left,23,41,75,0,0.06,1,nan
3/29/2023 19:58:16,1.14.0,Free_feed,13,4.11,1,1,Pellet,Left,23,41,76,0,18.10,20,nan
3/29/2023 20:18:54,1.14.0,Free_feed,13,4.11,1,1,Pellet,Left,23,41,77,0,Timed_out,1238,nan
3/29/2023 20:18:56,1.14.0,Free_feed,13,4.11,1,1,Pellet,Left,23,41,78,0,0.06,2,nan
3/29/2023 20:32:03,1.14.0,Free_feed,13,4.11,1,1,Pellet,Left,23,41,79,0,Timed_out,787,nan
3/29/2023 20:32:32,1.14.0,Free_feed,13,4.11,1,1,Pellet,Left,23,41,80,0,26.36,29,nan
3/29/2023 20:32:44,1.14.0,Free_feed,13,4.11,1,1,Pellet,Left,23,41,81,0,5.02,12,nan
3/29/2023 20:33:22,1.14.0,Free_feed,13,4.11,2,1,Pellet,Left,23,41,82,0,30.67,38,nan
3/29/2023 20:33:36,1.14.0,Free_feed,13,4.11,1,1,Pellet,Left,23,41,83,0,7.23,14,nan
3/29/2023 20:53:03,1.14.0,Free_feed,13,4.11,1,1,Pellet,Left,23,41,84,0,Timed_out,1167,nan
3/29/2023 20:53:25,1.14.0,Free_feed,13,4.11,1,1,Pellet,Left,23,41,85,0,14.24,22,nan
3/29/2023 20:53:45,1.14.0,Free_feed,13,4.11,1,1,Pellet,Left,23,41,86,0,12.27,20,nan
3/29/2023 20:53:47,1.14.0,Free_feed,13,4.11,1,1,Pellet,Left,23,41,87,0,0.97,2,nan
3/29/2023 20:53:59,1.14.0,Free_feed,13,4.11,1,1,Pellet,Left,23,41,88,0,4.59,12,nan
3/29/2023 20:54:17,1.14.0,Free_feed,13,4.11,1,1,Pellet,Left,23,41,89,0,10.48,18,nan
3/29/2023 20:54:19,1.14.0,Free_feed,13,4.11,1,1,Pellet,Left,23,41,90,0,0.06,2,nan
3/29/2023 20:54:21,1.14.0,Free_feed,13,4.11,1,1,Pellet,Left,23,41,91,0,0.06,2,nan
3/29/2023 20:54:44,1.14.0,Free_feed,13,4.11,1,1,Pellet,Left,23,41,92,0,15.83,23,nan
3/29/2023 20:54:57,1.14.0,Free_feed,13,4.11,1,1,Pellet,Left,23,41,93,0,5.20,13,nan
3/29/2023 21:24:02,1.14.0,Free_feed,13,4.11,nan,1,LeftWithPellet,Left,24,41,93,0,nan,nan,1.01
3/29/2023 21:24:03,1.14.0,Free_feed,13,4.11,nan,1,LeftWithPellet,Left,25,41,93,0,nan,nan,0.14
3/29/2023 21:24:05,1.14.0,Free_feed,13,4.11,nan,1,LeftWithPellet,Left,26,41,93,0,nan,nan,0.24
3/29/2023 21:24:35,1.14.0,Free_feed,13,4.11,1,1,Pellet,Left,26,41,94,0,Timed_out,1778,nan
3/29/2023 21:26:26,1.14.0,Free_feed,13,4.11,1,1,Pellet,Left,26,41,95,0,Timed_out,111,nan
3/29/2023 21:26:28,1.14.0,Free_feed,13,4.11,1,1,Pellet,Left,26,41,96,0,0.48,2,nan
3/29/2023 21:26:50,1.14.0,Free_feed,13,4.11,1,1,Pellet,Left,26,41,97,0,20.20,22,nan
3/29/2023 21:27:25,1.14.0,Free_feed,13,4.11,nan,1,LeftWithPellet,Left,27,41,97,0,nan,nan,0.27
3/29/2023 21:27:27,1.14.0,Free_feed,13,4.11,nan,1,LeftWithPellet,Left,28,41,97,0,nan,nan,0.19
3/29/2023 21:27:27,1.14.0,Free_feed,13,4.11,nan,1,LeftWithPellet,Left,29,41,97,0,nan,nan,0.00
3/29/2023 21:27:28,1.14.0,Free_feed,13,4.11,nan,1,LeftWithPellet,Left,30,41,97,0,nan,nan,0.08
3/29/2023 21:27:30,1.14.0,Free_feed,13,4.11,nan,1,LeftWithPellet,Left,31,41,97,0,nan,nan,0.64
3/29/2023 21:27:41,1.14.0,Free_feed,13,4.11,1,1,Pellet,Left,31,41,98,0,43.97,51,nan
3/29/2023 21:33:48,1.14.0,Free_feed,13,4.11,1,1,Pellet,Left,31,41,99,0,Timed_out,367,nan
3/29/2023 21:35:38,1.14.0,Free_feed,13,4.11,nan,1,LeftWithPellet,Left,32,41,99,0,nan,nan,0.08
3/29/2023 21:37:23,1.14.0,Free_feed,13,4.11,nan,1,RightWithPellet,Left,32,42,99,0,nan,nan,0.21
3/29/2023 21:41:55,1.14.0,Free_feed,13,4.11,1,1,Pellet,Left,32,42,100,0,Timed_out,487,nan
3/29/2023 21:42:02,1.14.0,Free_feed,13,4.11,nan,1,RightWithPellet,Left,32,43,100,0,nan,nan,0.04
3/29/2023 21:42:26,1.14.0,Free_feed,13,4.11,1,1,Pellet,Left,32,43,101,0,24.13,31,nan
3/29/2023 21:42:43,1.14.0,Free_feed,13,4.11,1,1,Pellet,Left,32,43,102,0,9.62,17,nan
3/29/2023 21:42:56,1.14.0,Free_feed,13,4.11,1,1,Pellet,Left,32,43,103,0,5.14,13,nan
3/29/2023 21:42:57,1.14.0,Free_feed,13,4.11,1,1,Pellet,Left,32,43,104,0,0.24,1,nan
3/29/2023 21:43:12,1.14.0,Free_feed,13,4.11,1,1,Pellet,Left,32,43,105,0,7.90,15,nan
3/29/2023 21:43:25,1.14.0,Free_feed,13,4.11,1,1,Pellet,Left,32,43,106,0,5.20,13,nan
3/29/2023 21:43:37,1.14.0,Free_feed,13,4.11,1,1,Pellet,Left,32,43,107,0,10.79,12,nan
3/29/2023 21:43:55,1.14.0,Free_feed,13,4.11,1,1,Pellet,Left,32,43,108,0,10.48,18,nan
3/29/2023 21:44:07,1.14.0,Free_feed,13,4.11,1,1,Pellet,Left,32,43,109,0,4.16,12,nan
3/29/2023 21:45:39,1.14.0,Free_feed,13,4.11,nan,1,RightWithPellet,Left,32,44,109,0,nan,nan,0.16
3/29/2023 21:50:45,1.14.0,Free_feed,13,4.11,nan,1,RightWithPellet,Left,32,45,109,0,nan,nan,1.27
3/29/2023 21:50:49,1.14.0,Free_feed,13,4.11,nan,1,RightWithPellet,Left,32,46,109,0,nan,nan,0.06
3/29/2023 21:51:07,1.14.0,Free_feed,13,4.11,nan,1,LeftWithPellet,Left,33,46,109,0,nan,nan,0.03
3/29/2023 21:51:09,1.14.0,Free_feed,13,4.11,nan,1,LeftWithPellet,Left,34,46,109,0,nan,nan,0.80
3/29/2023 21:51:14,1.14.0,Free_feed,13,4.11,nan,1,LeftWithPellet,Left,35,46,109,0,nan,nan,1.66
3/29/2023 21:51:15,1.14.0,Free_feed,13,4.11,nan,1,LeftWithPellet,Left,36,46,109,0,nan,nan,0.04
3/29/2023 21:51:20,1.14.0,Free_feed,13,4.11,nan,1,LeftWithPellet,Left,37,46,109,0,nan,nan,0.31
3/29/2023 21:51:22,1.14.0,Free_feed,13,4.11,nan,1,LeftWithPellet,Left,38,46,109,0,nan,nan,0.25
3/29/2023 21:51:24,1.14.0,Free_feed,13,4.11,nan,1,LeftWithPellet,Left,39,46,109,0,nan,nan,0.26
3/29/2023 21:55:02,1.14.0,Free_feed,13,4.11,nan,1,LeftWithPellet,Left,40,46,109,0,nan,nan,0.03
3/29/2023 21:55:04,1.14.0,Free_feed,13,4.11,nan,1,LeftWithPellet,Left,41,46,109,0,nan,nan,0.02
3/29/2023 21:55:26,1.14.0,Free_feed,13,4.11,nan,1,LeftWithPellet,Left,42,46,109,0,nan,nan,0.19
3/29/2023 21:55:53,1.14.0,Free_feed,13,4.11,1,1,Pellet,Left,42,46,110,0,Timed_out,706,nan
3/29/2023 21:55:56,1.14.0,Free_feed,13,4.11,1,1,Pellet,Left,42,46,111,0,0.55,3,nan
3/29/2023 21:56:12,1.14.0,Free_feed,13,4.11,1,1,Pellet,Left,42,46,112,0,8.02,16,nan
3/29/2023 21:56:52,1.14.0,Free_feed,13,4.11,nan,1,LeftWithPellet,Left,43,46,112,0,nan,nan,0.98
3/29/2023 21:57:03,1.14.0,Free_feed,13,4.10,nan,1,RightWithPellet,Left,43,47,112,0,nan,nan,0.36
3/29/2023 21:57:04,1.14.0,Free_feed,13,4.11,nan,1,RightWithPellet,Left,43,48,112,0,nan,nan,0.08
3/29/2023 21:57:04,1.14.0,Free_feed,13,4.11,nan,1,RightWithPellet,Left,43,49,112,0,nan,nan,0.13
3/29/2023 21:57:06,1.14.0,Free_feed,13,4.11,nan,1,RightWithPellet,Left,43,50,112,0,nan,nan,1.06
3/29/2023 22:00:53,1.14.0,Free_feed,13,4.11,nan,1,RightWithPellet,Left,43,51,112,0,nan,nan,0.11
3/29/2023 22:09:49,1.14.0,Free_feed,13,4.11,1,1,Pellet,Left,43,51,113,0,Timed_out,817,nan
3/29/2023 22:12:25,1.14.0,Free_feed,13,4.11,nan,1,RightWithPellet,Left,43,52,113,0,nan,nan,0.22
3/29/2023 22:13:17,1.14.0,Free_feed,13,4.11,nan,1,RightWithPellet,Left,43,53,113,0,nan,nan,0.68
3/29/2023 22:18:49,1.14.0,Free_feed,13,4.10,nan,1,LeftWithPellet,Left,44,53,113,0,nan,nan,0.92
3/29/2023 22:19:16,1.14.0,Free_feed,13,4.11,nan,1,RightWithPellet,Left,44,54,113,0,nan,nan,0.51
3/29/2023 22:23:25,1.14.0,Free_feed,13,4.11,1,1,Pellet,Left,44,54,114,0,Timed_out,816,nan
3/29/2023 22:23:42,1.14.0,Free_feed,13,4.11,2,1,Pellet,Left,44,54,115,0,8.52,17,nan
3/29/2023 22:24:40,1.14.0,Free_feed,13,4.11,nan,1,RightWithPellet,Left,44,55,115,0,nan,nan,0.69
3/29/2023 22:25:20,1.14.0,Free_feed,13,4.11,1,1,Pellet,Left,44,55,116,0,Timed_out,98,nan
3/29/2023 22:25:51,1.14.0,Free_feed,13,4.11,nan,1,LeftWithPellet,Left,45,55,116,0,nan,nan,0.05
3/29/2023 22:27:15,1.14.0,Free_feed,13,4.11,1,1,Pellet,Left,45,55,117,0,Timed_out,115,nan
3/29/2023 22:27:31,1.14.0,Free_feed,13,4.10,1,1,Pellet,Left,45,55,118,0,9.44,16,nan
3/29/2023 22:27:33,1.14.0,Free_feed,13,4.09,1,1,Pellet,Left,45,55,119,0,0.06,2,nan
3/29/2023 22:35:31,1.14.0,Free_feed,13,4.11,nan,1,LeftWithPellet,Left,46,55,119,0,nan,nan,0.33
3/29/2023 22:35:47,1.14.0,Free_feed,13,4.11,nan,1,LeftWithPellet,Left,47,55,119,0,nan,nan,0.04
3/29/2023 22:35:50,1.14.0,Free_feed,13,4.10,nan,1,RightWithPellet,Left,47,56,119,0,nan,nan,0.53
3/29/2023 22:36:11,1.14.0,Free_feed,13,4.10,nan,1,RightWithPellet,Left,47,57,119,0,nan,nan,0.14
3/29/2023 22:45:36,1.14.0,Free_feed,13,4.11,nan,1,RightWithPellet,Left,47,58,119,0,nan,nan,0.24
3/29/2023 22:46:11,1.14.0,Free_feed,13,4.10,1,1,Pellet,Left,47,58,120,0,Timed_out,1118,nan
3/29/2023 22:46:59,1.14.0,Free_feed,13,4.10,1,1,Pellet,Left,47,58,121,0,40.67,48,nan
3/29/2023 22:47:25,1.14.0,Free_feed,13,4.10,1,1,Pellet,Left,47,58,122,0,18.17,26,nan
3/29/2023 22:47:38,1.14.0,Free_feed,13,4.10,1,1,Pellet,Left,47,58,123,0,6.80,13,nan
3/29/2023 22:47:59,1.14.0,Free_feed,13,4.11,2,1,Pellet,Left,47,58,124,0,12.94,21,nan
3/29/2023 22:48:12,1.14.0,Free_feed,13,4.10,1,1,Pellet,Left,47,58,125,0,6.37,13,nan
3/29/2023 22:48:14,1.14.0,Free_feed,13,4.10,1,1,Pellet,Left,47,58,126,0,0.06,2,nan
3/29/2023 22:49:50,1.14.0,Free_feed,13,4.11,nan,1,RightWithPellet,Left,47,59,126,0,nan,nan,1.01
3/29/2023 22:52:50,1.14.0,Free_feed,13,4.11,nan,1,LeftWithPellet,Left,48,59,126,0,nan,nan,0.17
3/29/2023 22:56:21,1.14.0,Free_feed,13,4.10,nan,1,RightWithPellet,Left,48,60,126,0,nan,nan,0.64
3/29/2023 22:56:33,1.14.0,Free_feed,13,4.11,nan,1,LeftWithPellet,Left,49,60,126,0,nan,nan,0.57
3/29/2023 22:56:44,1.14.0,Free_feed,13,4.11,nan,1,RightWithPellet,Left,49,61,126,0,nan,nan,0.02
3/29/2023 22:56:48,1.14.0,Free_feed,13,4.11,nan,1,LeftWithPellet,Left,50,61,126,0,nan,nan,0.05
3/29/2023 23:06:59,1.14.0,Free_feed,13,4.10,nan,1,RightWithPellet,Left,50,62,126,0,nan,nan,0.31
3/29/2023 23:07:50,1.14.0,Free_feed,13,4.10,nan,1,RightWithPellet,Left,50,63,126,0,nan,nan,0.04
3/29/2023 23:13:08,1.14.0,Free_feed,13,4.11,1,1,Pellet,Left,50,63,127,0,Timed_out,1494,nan
3/29/2023 23:13:10,1.14.0,Free_feed,13,4.10,1,1,Pellet,Left,50,63,128,0,0.12,2,nan
3/29/2023 23:14:01,1.14.0,Free_feed,13,4.11,2,1,Pellet,Left,50,63,129,0,42.64,51,nan
3/29/2023 23:20:19,1.14.0,Free_feed,13,4.09,nan,1,RightWithPellet,Left,50,64,129,0,nan,nan,0.49
3/29/2023 23:20:23,1.14.0,Free_feed,13,4.11,nan,1,RightWithPellet,Left,50,65,129,0,nan,nan,0.42
3/29/2023 23:20:24,1.14.0,Free_feed,13,4.11,nan,1,RightWithPellet,Left,50,66,129,0,nan,nan,0.05
3/29/2023 23:22:45,1.14.0,Free_feed,13,4.10,2,1,Pellet,Left,50,66,130,0,Timed_out,524,nan
3/29/2023 23:22:59,1.14.0,Free_feed,13,4.11,2,1,Pellet,Left,50,66,131,0,12.70,14,nan
3/29/2023 23:23:26,1.14.0,Free_feed,13,4.11,nan,1,RightWithPellet,Left,50,67,131,0,nan,nan,0.34
3/29/2023 23:23:29,1.14.0,Free_feed,13,4.10,nan,1,RightWithPellet,Left,50,68,131,0,nan,nan,0.51
3/29/2023 23:24:33,1.14.0,Free_feed,13,4.11,nan,1,RightWithPellet,Left,50,69,131,0,nan,nan,0.08
3/29/2023 23:24:44,1.14.0,Free_feed,13,4.11,nan,1,LeftWithPellet,Left,51,69,131,0,nan,nan,0.00
3/29/2023 23:24:46,1.14.0,Free_feed,13,4.11,nan,1,RightWithPellet,Left,51,70,131,0,nan,nan,0.34
3/29/2023 23:29:31,1.14.0,Free_feed,13,4.10,2,1,Pellet,Left,51,70,132,0,Timed_out,392,nan
3/29/2023 23:29:44,1.14.0,Free_feed,13,4.11,1,1,Pellet,Left,51,70,133,0,5.76,12,nan
3/29/2023 23:29:57,1.14.0,Free_feed,13,4.10,1,1,Pellet,Left,51,70,134,0,6.68,14,nan
3/29/2023 23:30:10,1.14.0,Free_feed,13,4.11,1,1,Pellet,Left,51,70,135,0,4.84,13,nan
3/29/2023 23:30:41,1.14.0,Free_feed,13,4.09,nan,1,RightWithPellet,Left,51,71,135,0,nan,nan,0.95
3/29/2023 23:35:50,1.14.0,Free_feed,13,4.10,nan,1,RightWithPellet,Left,51,72,135,0,nan,nan,0.35
3/29/2023 23:36:22,1.14.0,Free_feed,13,4.10,nan,1,LeftWithPellet,Left,52,72,135,0,nan,nan,0.73
3/29/2023 23:36:43,1.14.0,Free_feed,13,4.11,nan,1,RightWithPellet,Left,52,73,135,0,nan,nan,0.77
3/29/2023 23:37:17,1.14.0,Free_feed,13,4.11,nan,1,RightWithPellet,Left,52,74,135,0,nan,nan,0.08
3/29/2023 23:45:57,1.14.0,Free_feed,13,4.11,nan,1,LeftWithPellet,Left,53,74,135,0,nan,nan,0.27
3/29/2023 23:46:14,1.14.0,Free_feed,13,4.11,1,1,Pellet,Left,53,74,136,0,Timed_out,964,nan
3/29/2023 23:47:16,1.14.0,Free_feed,13,4.10,1,1,Pellet,Left,53,74,137,0,55.08,62,nan
3/29/2023 23:50:23,1.14.0,Free_feed,13,4.09,nan,1,LeftWithPellet,Left,54,74,137,0,nan,nan,0.01
3/29/2023 23:51:19,1.14.0,Free_feed,13,4.10,nan,1,RightWithPellet,Left,54,75,137,0,nan,nan,0.17
3/29/2023 23:52:44,1.14.0,Free_feed,13,4.10,1,1,Pellet,Left,54,75,138,0,Timed_out,328,nan
3/29/2023 23:56:58,1.14.0,Free_feed,13,4.11,nan,1,RightWithPellet,Left,54,76,138,0,nan,nan,0.06
3/29/2023 23:57:37,1.14.0,Free_feed,13,4.10,1,1,Pellet,Left,54,76,139,0,Timed_out,293,nan
3/29/2023 23:57:47,1.14.0,Free_feed,13,4.10,1,1,Pellet,Left,54,76,140,0,3.24,10,nan
3/29/2023 23:58:05,1.14.0,Free_feed,13,4.10,1,1,Pellet,Left,54,76,141,0,10.24,18,nan
3/29/2023 23:58:19,1.14.0,Free_feed,13,4.10,1,1,Pellet,Left,54,76,142,0,7.23,14,nan
3/29/2023 23:58:52,1.14.0,Free_feed,13,4.10,1,1,Pellet,Left,54,76,143,0,25.51,33,nan
3/30/2023 0:07:40,1.14.0,Free_feed,13,4.10,nan,1,RightWithPellet,Left,54,77,143,0,nan,nan,0.69
3/30/2023 0:17:27,1.14.0,Free_feed,13,4.10,nan,1,RightWithPellet,Left,54,78,143,0,nan,nan,0.03
3/30/2023 0:20:00,1.14.0,Free_feed,13,4.10,nan,1,RightWithPellet,Left,54,79,143,0,nan,nan,0.35
3/30/2023 0:20:01,1.14.0,Free_feed,13,4.10,nan,1,RightWithPellet,Left,54,80,143,0,nan,nan,0.34
3/30/2023 0:20:06,1.14.0,Free_feed,13,4.10,nan,1,LeftWithPellet,Left,55,80,143,0,nan,nan,0.49
3/30/2023 0:20:09,1.14.0,Free_feed,13,4.11,nan,1,RightWithPellet,Left,55,81,143,0,nan,nan,0.02
3/30/2023 0:20:12,1.14.0,Free_feed,13,4.10,nan,1,RightWithPellet,Left,55,82,143,0,nan,nan,0.65
3/30/2023 0:20:38,1.14.0,Free_feed,13,4.11,1,1,Pellet,Left,55,82,144,0,Timed_out,1306,nan
3/30/2023 0:20:54,1.14.0,Free_feed,13,4.10,1,1,Pellet,Left,55,82,145,0,9.43,16,nan
3/30/2023 0:21:07,1.14.0,Free_feed,13,4.10,1,1,Pellet,Left,55,82,146,0,5.57,13,nan
3/30/2023 0:21:19,1.14.0,Free_feed,13,4.10,1,1,Pellet,Left,55,82,147,0,4.47,12,nan
3/30/2023 0:21:35,1.14.0,Free_feed,13,4.11,1,1,Pellet,Left,55,82,148,0,8.15,16,nan
3/30/2023 0:39:01,1.14.0,Free_feed,13,4.10,2,1,Pellet,Left,55,82,149,0,Timed_out,1046,nan
3/30/2023 0:39:10,1.14.0,Free_feed,13,4.09,2,1,Pellet,Left,55,82,150,0,1.52,9,nan
3/30/2023 0:54:43,1.14.0,Free_feed,13,4.10,nan,1,RightWithPellet,Left,55,83,150,0,nan,nan,0.34
3/30/2023 0:54:49,1.14.0,Free_feed,13,4.10,nan,1,RightWithPellet,Left,55,84,150,0,nan,nan,0.72
3/30/2023 0:55:16,1.14.0,Free_feed,13,4.10,nan,1,LeftWithPellet,Left,56,84,150,0,nan,nan,0.19
3/30/2023 0:55:26,1.14.0,Free_feed,13,4.09,1,1,Pellet,Left,56,84,151,0,Timed_out,976,nan
3/30/2023 0:55:34,1.14.0,Free_feed,13,4.10,2,1,Pellet,Left,56,84,152,0,0.06,8,nan
3/30/2023 0:55:41,1.14.0,Free_feed,13,4.09,1,1,Pellet,Left,56,84,153,0,0.24,7,nan
3/30/2023 0:55:50,1.14.0,Free_feed,13,4.09,nan,1,RightWithPellet,Left,56,85,153,0,nan,nan,0.53
3/30/2023 1:02:11,1.14.0,Free_feed,13,4.10,nan,1,LeftWithPellet,Left,57,85,153,0,nan,nan,0.19
3/30/2023 1:02:15,1.14.0,Free_feed,13,4.10,1,1,Pellet,Left,57,85,154,0,Timed_out,394,nan
3/30/2023 1:02:25,1.14.0,Free_feed,13,4.10,nan,1,RightWithPellet,Left,57,86,154,0,nan,nan,0.02
3/30/2023 1:02:30,1.14.0,Free_feed,13,4.10,nan,1,RightWithPellet,Left,57,87,154,0,nan,nan,0.48
3/30/2023 1:02:37,1.14.0,Free_feed,13,4.09,nan,1,LeftWithPellet,Left,58,87,154,0,nan,nan,0.17
3/30/2023 1:04:57,1.14.0,Free_feed,13,4.09,nan,1,RightWithPellet,Left,58,88,154,0,nan,nan,0.06
3/30/2023 1:05:37,1.14.0,Free_feed,13,4.10,nan,1,LeftWithPellet,Left,59,88,154,0,nan,nan,0.05
3/30/2023 1:20:04,1.14.0,Free_feed,13,4.09,nan,1,RightWithPellet,Left,59,89,154,0,nan,nan,0.00
3/30/2023 1:28:56,1.14.0,Free_feed,13,4.09,1,1,Pellet,Left,59,89,155,0,Timed_out,1601,nan
3/30/2023 1:29:03,1.14.0,Free_feed,13,4.09,nan,1,RightWithPellet,Left,59,90,155,0,nan,nan,0.51
3/30/2023 1:29:08,1.14.0,Free_feed,13,4.10,1,1,Pellet,Left,59,90,156,0,5.16,12,nan
3/30/2023 1:29:22,1.14.0,Free_feed,13,4.09,1,1,Pellet,Left,59,90,157,0,6.68,14,nan
3/30/2023 1:30:20,1.14.0,Free_feed,13,4.10,nan,1,RightWithPellet,Left,59,91,157,0,nan,nan,0.35
3/30/2023 1:33:37,1.14.0,Free_feed,13,4.09,nan,1,RightWithPellet,Left,59,92,157,0,nan,nan,0.31
3/30/2023 1:33:39,1.14.0,Free_feed,13,4.09,nan,1,RightWithPellet,Left,59,93,157,0,nan,nan,0.28
3/30/2023 1:33:46,1.14.0,Free_feed,13,4.09,nan,1,RightWithPellet,Left,59,94,157,0,nan,nan,0.62
3/30/2023 1:35:28,1.14.0,Free_feed,13,4.09,nan,1,RightWithPellet,Left,59,95,157,0,nan,nan,0.38
3/30/2023 1:49:02,1.14.0,Free_feed,13,4.09,1,1,Pellet,Left,59,95,158,0,Timed_out,1180,nan
3/30/2023 1:49:08,1.14.0,Free_feed,13,4.09,1,1,Pellet,Left,59,95,159,0,0.85,6,nan
3/30/2023 1:50:20,1.14.0,Free_feed,13,4.10,nan,1,RightWithPellet,Left,59,96,159,0,nan,nan,0.36
3/30/2023 1:50:31,1.14.0,Free_feed,13,4.09,nan,1,LeftWithPellet,Left,60,96,159,0,nan,nan,0.42
3/30/2023 1:51:58,1.14.0,Free_feed,13,4.09,1,1,Pellet,Left,60,96,160,0,Timed_out,170,nan
3/30/2023 1:52:11,1.14.0,Free_feed,13,4.10,1,1,Pellet,Left,60,96,161,0,6.00,13,nan
3/30/2023 1:52:25,1.14.0,Free_feed,13,4.10,1,1,Pellet,Left,60,96,162,0,6.55,14,nan
3/30/2023 1:52:45,1.14.0,Free_feed,13,4.09,1,1,Pellet,Left,60,96,163,0,12.57,20,nan
3/30/2023 1:52:57,1.14.0,Free_feed,13,4.09,1,1,Pellet,Left,60,96,164,0,5.14,12,nan
3/30/2023 2:32:07,1.14.0,Free_feed,13,4.10,1,1,Pellet,Left,60,96,165,0,Timed_out,2350,nan
3/30/2023 2:32:27,1.14.0,Free_feed,13,4.09,1,1,Pellet,Left,60,96,166,0,12.39,20,nan
3/30/2023 2:32:40,1.14.0,Free_feed,13,4.09,1,1,Pellet,Left,60,96,167,0,5.20,12,nan
3/30/2023 2:32:51,1.14.0,Free_feed,13,4.09,1,1,Pellet,Left,60,96,168,0,4.96,12,nan
3/30/2023 2:33:03,1.14.0,Free_feed,13,4.09,1,1,Pellet,Left,60,96,169,0,9.87,12,nan
3/30/2023 2:33:04,1.14.0,Free_feed,13,4.09,1,1,Pellet,Left,60,96,170,0,0.06,1,nan
3/30/2023 2:34:37,1.14.0,Free_feed,13,4.09,nan,1,RightWithPellet,Left,60,97,170,0,nan,nan,0.41
3/30/2023 2:35:18,1.14.0,Free_feed,13,4.09,nan,1,RightWithPellet,Left,60,98,170,0,nan,nan,0.22
3/30/2023 2:35:37,1.14.0,Free_feed,13,4.09,nan,1,LeftWithPellet,Left,61,98,170,0,nan,nan,0.24
3/30/2023 2:35:53,1.14.0,Free_feed,13,4.09,nan,1,RightWithPellet,Left,61,99,170,0,nan,nan,0.21
3/30/2023 2:37:40,1.14.0,Free_feed,13,4.09,nan,1,LeftWithPellet,Left,62,99,170,0,nan,nan,0.34
3/30/2023 2:41:16,1.14.0,Free_feed,13,4.09,nan,1,RightWithPellet,Left,62,100,170,0,nan,nan,0.10
3/30/2023 2:41:20,1.14.0,Free_feed,13,4.09,nan,1,RightWithPellet,Left,62,101,170,0,nan,nan,0.03
3/30/2023 3:01:58,1.14.0,Free_feed,13,4.09,1,1,Pellet,Left,62,101,171,0,Timed_out,1734,nan
3/30/2023 3:36:49,1.14.0,Free_feed,13,4.09,1,1,Pellet,Left,62,101,172,0,Timed_out,2091,nan
3/30/2023 3:37:00,1.14.0,Free_feed,13,4.09,1,1,Pellet,Left,62,101,173,0,4.47,11,nan
3/30/2023 3:37:17,1.14.0,Free_feed,13,4.09,1,1,Pellet,Left,62,101,174,0,9.31,17,nan
3/30/2023 3:37:30,1.14.0,Free_feed,13,4.09,2,1,Pellet,Left,62,101,175,0,5.08,13,nan
3/30/2023 3:37:51,1.14.0,Free_feed,13,4.09,1,1,Pellet,Left,62,101,176,0,14.91,21,nan
3/30/2023 3:37:56,1.14.0,Free_feed,13,4.09,nan,1,RightWithPellet,Left,62,102,176,0,nan,nan,0.20
3/30/2023 3:42:52,1.14.0,Free_feed,13,4.09,1,1,Pellet,Left,62,102,177,0,Timed_out,301,nan
3/30/2023 3:42:54,1.14.0,Free_feed,13,4.09,1,1,Pellet,Left,62,102,178,0,0.12,2,nan
3/30/2023 3:43:12,1.14.0,Free_feed,13,4.09,1,1,Pellet,Left,62,102,179,0,10.97,18,nan
3/30/2023 3:43:28,1.14.0,Free_feed,13,4.09,nan,1,LeftWithPellet,Left,63,102,179,0,nan,nan,1.15
3/30/2023 3:43:30,1.14.0,Free_feed,13,4.09,nan,1,LeftWithPellet,Left,64,102,179,0,nan,nan,0.04
3/30/2023 3:43:30,1.14.0,Free_feed,13,4.09,nan,1,LeftWithPellet,Left,65,102,179,0,nan,nan,0.48
3/30/2023 3:43:31,1.14.0,Free_feed,13,4.09,nan,1,LeftWithPellet,Left,66,102,179,0,nan,nan,0.23
3/30/2023 3:43:32,1.14.0,Free_feed,13,4.09,nan,1,LeftWithPellet,Left,67,102,179,0,nan,nan,0.15
3/30/2023 3:43:36,1.14.0,Free_feed,13,4.09,nan,1,LeftWithPellet,Left,68,102,179,0,nan,nan,0.33
3/30/2023 3:43:38,1.14.0,Free_feed,13,4.09,nan,1,LeftWithPellet,Left,69,102,179,0,nan,nan,0.10
3/30/2023 3:45:03,1.14.0,Free_feed,13,4.09,nan,1,RightWithPellet,Left,69,103,179,0,nan,nan,0.67
3/30/2023 4:01:32,1.14.0,Free_feed,13,4.09,nan,1,RightWithPellet,Left,69,104,179,0,nan,nan,0.08
3/30/2023 4:01:38,1.14.0,Free_feed,13,4.09,1,1,Pellet,Left,69,104,180,0,Timed_out,1106,nan
3/30/2023 4:02:52,1.14.0,Free_feed,13,4.09,nan,1,RightWithPellet,Left,69,105,180,0,nan,nan,0.83
3/30/2023 4:02:56,1.14.0,Free_feed,13,4.09,nan,1,RightWithPellet,Left,69,106,180,0,nan,nan,0.28
3/30/2023 4:03:00,1.14.0,Free_feed,13,4.09,nan,1,LeftWithPellet,Left,70,106,180,0,nan,nan,0.74
3/30/2023 4:12:27,1.14.0,Free_feed,13,4.09,nan,1,RightWithPellet,Left,70,107,180,0,nan,nan,0.12
3/30/2023 4:23:37,1.14.0,Free_feed,13,4.09,1,1,Pellet,Left,70,107,181,0,Timed_out,1319,nan
3/30/2023 4:23:52,1.14.0,Free_feed,13,4.09,2,1,Pellet,Left,70,107,182,0,5.39,15,nan
3/30/2023 4:24:08,1.14.0,Free_feed,13,4.09,1,1,Pellet,Left,70,107,183,0,7.96,15,nan
3/30/2023 4:24:23,1.14.0,Free_feed,13,4.09,1,1,Pellet,Left,70,107,184,0,8.70,16,nan
3/30/2023 4:24:25,1.14.0,Free_feed,13,4.09,1,1,Pellet,Left,70,107,185,0,0.12,2,nan
3/30/2023 4:24:40,1.14.0,Free_feed,13,4.09,1,1,Pellet,Left,70,107,186,0,8.46,15,nan
3/30/2023 4:24:54,1.14.0,Free_feed,13,4.09,1,1,Pellet,Left,70,107,187,0,11.10,14,nan
3/30/2023 4:24:55,1.14.0,Free_feed,13,4.09,1,1,Pellet,Left,70,107,188,0,0.06,1,nan
3/30/2023 4:25:26,1.14.0,Free_feed,13,4.09,1,1,Pellet,Left,70,107,189,0,23.65,31,nan
3/30/2023 4:47:31,1.14.0,Free_feed,13,4.09,1,1,Pellet,Left,70,107,190,0,Timed_out,1325,nan
3/30/2023 4:47:51,1.14.0,Free_feed,13,4.09,1,1,Pellet,Left,70,107,191,0,11.83,19,nan
3/30/2023 4:47:52,1.14.0,Free_feed,13,4.08,1,1,Pellet,Left,70,107,192,0,0.06,2,nan
3/30/2023 4:48:08,1.14.0,Free_feed,13,4.09,1,1,Pellet,Left,70,107,193,0,9.56,16,nan
3/30/2023 5:15:10,1.14.0,Free_feed,13,4.09,nan,1,LeftWithPellet,Left,71,107,193,0,nan,nan,0.11
3/30/2023 5:15:46,1.14.0,Free_feed,13,4.09,1,1,Pellet,Left,71,107,194,0,Timed_out,1658,nan
3/30/2023 5:16:06,1.14.0,Free_feed,13,4.09,1,1,Pellet,Left,71,107,195,0,12.20,20,nan
3/30/2023 5:16:18,1.14.0,Free_feed,13,4.09,1,1,Pellet,Left,71,107,196,0,5.33,12,nan
3/30/2023 5:16:34,1.14.0,Free_feed,13,4.09,1,1,Pellet,Left,71,107,197,0,8.58,16,nan
3/30/2023 5:16:47,1.14.0,Free_feed,13,4.08,2,1,Pellet,Left,71,107,198,0,3.36,13,nan
3/30/2023 5:34:49,1.14.0,Free_feed,13,4.09,nan,1,LeftWithPellet,Left,72,107,198,0,nan,nan,0.77
3/30/2023 5:34:55,1.14.0,Free_feed,13,4.09,1,1,Pellet,Left,72,107,199,0,Timed_out,1088,nan
3/30/2023 5:35:07,1.14.0,Free_feed,13,4.09,2,1,Pellet,Left,72,107,200,0,4.90,12,nan
3/30/2023 5:35:34,1.14.0,Free_feed,13,4.09,1,1,Pellet,Left,72,107,201,0,18.91,27,nan
3/30/2023 6:11:30,1.14.0,Free_feed,13,4.09,1,1,Pellet,Left,72,107,202,0,Timed_out,2156,nan
3/30/2023 6:11:46,1.14.0,Free_feed,13,4.09,1,1,Pellet,Left,72,107,203,0,8.21,16,nan
3/30/2023 6:11:58,1.14.0,Free_feed,13,4.09,1,1,Pellet,Left,72,107,204,0,5.26,12,nan
3/30/2023 6:12:13,1.14.0,Free_feed,13,4.08,1,1,Pellet,Left,72,107,205,0,6.62,15,nan
3/30/2023 6:12:26,1.14.0,Free_feed,13,4.09,1,1,Pellet,Left,72,107,206,0,5.94,13,nan
3/30/2023 6:12:43,1.14.0,Free_feed,13,4.09,1,1,Pellet,Left,72,107,207,0,9.81,17,nan
3/30/2023 6:12:55,1.14.0,Free_feed,13,4.09,1,1,Pellet,Left,72,107,208,0,5.45,12,nan
3/30/2023 6:13:27,1.14.0,Free_feed,13,4.08,nan,1,RightWithPellet,Left,72,108,208,0,nan,nan,1.19
3/30/2023 6:24:11,1.14.0,Free_feed,13,4.09,nan,1,RightWithPellet,Left,72,109,208,0,nan,nan,0.86
3/30/2023 6:25:20,1.14.0,Free_feed,13,4.09,nan,1,RightWithPellet,Left,72,110,208,0,nan,nan,0.38
3/30/2023 6:35:47,1.14.0,Free_feed,13,4.08,1,1,Pellet,Left,72,110,209,0,Timed_out,1372,nan
3/30/2023 6:35:55,1.14.0,Free_feed,13,4.09,1,1,Pellet,Left,72,110,210,0,0.85,8,nan
3/30/2023 6:36:29,1.14.0,Free_feed,13,4.08,nan,1,LeftWithPellet,Left,73,110,210,0,nan,nan,0.00
3/30/2023 6:36:37,1.14.0,Free_feed,13,4.08,nan,1,LeftWithPellet,Left,74,110,210,0,nan,nan,0.52
3/30/2023 6:36:38,1.14.0,Free_feed,13,4.08,nan,1,LeftWithPellet,Left,75,110,210,0,nan,nan,0.11
3/30/2023 6:36:38,1.14.0,Free_feed,13,4.09,nan,1,LeftWithPellet,Left,76,110,210,0,nan,nan,0.17
3/30/2023 6:36:39,1.14.0,Free_feed,13,4.08,nan,1,LeftWithPellet,Left,77,110,210,0,nan,nan,0.04
3/30/2023 6:36:41,1.14.0,Free_feed,13,4.09,nan,1,LeftWithPellet,Left,78,110,210,0,nan,nan,0.88
3/30/2023 6:36:43,1.14.0,Free_feed,13,4.09,nan,1,LeftWithPellet,Left,79,110,210,0,nan,nan,0.04
3/30/2023 6:36:44,1.14.0,Free_feed,13,4.08,nan,1,LeftWithPellet,Left,80,110,210,0,nan,nan,0.11
3/30/2023 6:36:45,1.14.0,Free_feed,13,4.08,nan,1,LeftWithPellet,Left,81,110,210,0,nan,nan,0.27
3/30/2023 6:36:46,1.14.0,Free_feed,13,4.08,nan,1,LeftWithPellet,Left,82,110,210,0,nan,nan,0.25
3/30/2023 6:36:46,1.14.0,Free_feed,13,4.08,nan,1,LeftWithPellet,Left,83,110,210,0,nan,nan,0.07
3/30/2023 6:36:50,1.14.0,Free_feed,13,4.09,nan,1,LeftWithPellet,Left,84,110,210,0,nan,nan,0.35
3/30/2023 6:36:50,1.14.0,Free_feed,13,4.09,nan,1,LeftWithPellet,Left,85,110,210,0,nan,nan,0.22
3/30/2023 6:36:52,1.14.0,Free_feed,13,4.08,nan,1,LeftWithPellet,Left,86,110,210,0,nan,nan,0.29
3/30/2023 6:36:52,1.14.0,Free_feed,13,4.08,nan,1,LeftWithPellet,Left,87,110,210,0,nan,nan,0.19
3/30/2023 6:36:53,1.14.0,Free_feed,13,4.09,nan,1,LeftWithPellet,Left,88,110,210,0,nan,nan,0.01
3/30/2023 6:36:54,1.14.0,Free_feed,13,4.09,nan,1,LeftWithPellet,Left,89,110,210,0,nan,nan,0.00
3/30/2023 6:36:54,1.14.0,Free_feed,13,4.08,nan,1,LeftWithPellet,Left,90,110,210,0,nan,nan,0.32
3/30/2023 6:36:55,1.14.0,Free_feed,13,4.08,nan,1,LeftWithPellet,Left,91,110,210,0,nan,nan,0.02
3/30/2023 6:36:55,1.14.0,Free_feed,13,4.08,nan,1,LeftWithPellet,Left,92,110,210,0,nan,nan,0.23
3/30/2023 6:36:56,1.14.0,Free_feed,13,4.09,nan,1,LeftWithPellet,Left,93,110,210,0,nan,nan,0.16
3/30/2023 6:36:57,1.14.0,Free_feed,13,4.09,nan,1,LeftWithPellet,Left,94,110,210,0,nan,nan,0.15
3/30/2023 6:37:01,1.14.0,Free_feed,13,4.09,nan,1,LeftWithPellet,Left,95,110,210,0,nan,nan,0.71
3/30/2023 6:37:01,1.14.0,Free_feed,13,4.08,nan,1,LeftWithPellet,Left,96,110,210,0,nan,nan,0.24
3/30/2023 6:37:03,1.14.0,Free_feed,13,4.08,nan,1,LeftWithPellet,Left,97,110,210,0,nan,nan,0.24
3/30/2023 6:37:10,1.14.0,Free_feed,13,4.09,nan,1,LeftWithPellet,Left,98,110,210,0,nan,nan,0.40
3/30/2023 6:37:11,1.14.0,Free_feed,13,4.09,nan,1,LeftWithPellet,Left,99,110,210,0,nan,nan,0.27
3/30/2023 6:37:13,1.14.0,Free_feed,13,4.09,nan,1,LeftWithPellet,Left,100,110,210,0,nan,nan,0.03
3/30/2023 6:37:20,1.14.0,Free_feed,13,4.09,nan,1,LeftWithPellet,Left,101,110,210,0,nan,nan,0.04
3/30/2023 6:37:57,1.14.0,Free_feed,13,4.09,nan,1,LeftWithPellet,Left,102,110,210,0,nan,nan,0.04
3/30/2023 6:37:59,1.14.0,Free_feed,13,4.08,nan,1,LeftWithPellet,Left,103,110,210,0,nan,nan,0.11
3/30/2023 6:38:00,1.14.0,Free_feed,13,4.09,nan,1,LeftWithPellet,Left,104,110,210,0,nan,nan,0.13
3/30/2023 6:38:04,1.14.0,Free_feed,13,4.09,nan,1,LeftWithPellet,Left,105,110,210,0,nan,nan,0.07
3/30/2023 6:38:06,1.14.0,Free_feed,13,4.08,nan,1,LeftWithPellet,Left,106,110,210,0,nan,nan,0.26
3/30/2023 6:39:20,1.14.0,Free_feed,13,4.08,nan,1,LeftWithPellet,Left,107,110,210,0,nan,nan,0.16
3/30/2023 6:39:21,1.14.0,Free_feed,13,4.09,nan,1,LeftWithPellet,Left,108,110,210,0,nan,nan,0.04
3/30/2023 7:17:32,1.14.0,Free_feed,13,4.08,1,1,Pellet,Left,108,110,211,0,Timed_out,2497,nan
3/30/2023 7:18:04,1.14.0,Free_feed,13,4.09,1,1,Pellet,Left,108,110,212,0,30.10,32,nan
3/30/2023 7:55:51,1.14.0,Free_feed,13,4.08,1,1,Pellet,Left,108,110,213,0,Timed_out,2267,nan
3/30/2023 7:56:08,1.14.0,Free_feed,13,4.08,1,1,Pellet,Left,108,110,214,0,9.87,17,nan
3/30/2023 7:56:21,1.14.0,Free_feed,13,4.08,1,1,Pellet,Left,108,110,215,0,6.18,13,nan
3/30/2023 7:56:37,1.14.0,Free_feed,13,4.08,1,1,Pellet,Left,108,110,216,0,8.33,16,nan
3/30/2023 7:56:53,1.14.0,Free_feed,13,4.08,2,1,Pellet,Left,108,110,217,0,6.55,16,nan
3/30/2023 7:57:08,1.14.0,Free_feed,13,4.08,1,1,Pellet,Left,108,110,218,0,7.84,15,nan
3/30/2023 7:57:22,1.14.0,Free_feed,13,4.08,1,1,Pellet,Left,108,110,219,0,6.68,14,nan
3/30/2023 7:57:38,1.14.0,Free_feed,13,4.07,2,1,Pellet,Left,108,110,220,0,8.15,15,nan
3/30/2023 7:57:56,1.14.0,Free_feed,13,4.09,1,1,Pellet,Left,108,110,221,0,10.67,19,nan
3/30/2023 9:02:16,1.14.0,Free_feed,13,4.08,1,1,Pellet,Left,108,110,222,0,Timed_out,3860,nan
3/30/2023 9:02:45,1.14.0,Free_feed,13,4.08,1,1,Pellet,Left,108,110,223,0,22.24,29,nan
3/30/2023 9:03:14,1.14.0,Free_feed,13,4.07,2,1,Pellet,Left,108,110,224,0,22.49,29,nan
3/30/2023 9:03:30,1.14.0,Free_feed,13,4.07,1,1,Pellet,Left,108,110,225,0,8.15,16,nan
3/30/2023 9:03:48,1.14.0,Free_feed,13,4.07,1,1,Pellet,Left,108,110,226,0,11.59,18,nan
3/30/2023 9:04:06,1.14.0,Free_feed,13,4.08,1,1,Pellet,Left,108,110,227,0,10.24,18,nan
3/30/2023 9:09:39,1.14.0,Free_feed,13,4.07,nan,1,RightWithPellet,Left,108,111,227,0,nan,nan,0.83
