MM:DD:YYYY hh:mm:ss,Library_Version,Session_type,Device_Number,Battery_Voltage,Motor_Turns,FR,Event,Active_Poke,Left_Poke_Count,Right_Poke_Count,Pellet_Count,Block_Pellet_Count,Retrieval_Time,InterPelletInterval,Poke_Time
3/29/2023 10:07:11,1.14.0,Free_feed,14,4.14,nan,1,RightWithPellet,Left,0,1,0,0,nan,nan,0.24
3/29/2023 10:42:23,1.14.0,Free_feed,14,4.14,1,1,Pellet,Left,0,1,1,0,Timed_out,nan,nan
3/29/2023 11:13:06,1.14.0,Free_feed,14,4.13,1,1,Pellet,Left,0,1,2,0,Timed_out,1842,nan
3/29/2023 11:14:11,1.14.0,Free_feed,14,4.14,3,1,Pellet,Left,0,1,3,0,54.70,66,nan
3/29/2023 11:15:02,1.14.0,Free_feed,14,4.14,nan,1,LeftWithPellet,Left,1,1,3,0,nan,nan,0.67
3/29/2023 11:15:07,1.14.0,Free_feed,14,4.14,nan,1,LeftWithPellet,Left,2,1,3,0,nan,nan,0.02
3/29/2023 11:15:08,1.14.0,Free_feed,14,4.14,nan,1,LeftWithPellet,Left,3,1,3,0,nan,nan,1.28
3/29/2023 11:15:24,1.14.0,Free_feed,14,4.14,1,1,Pellet,Left,3,1,4,0,Timed_out,73,nan
3/29/2023 11:18:39,1.14.0,Free_feed,14,4.14,nan,1,RightWithPellet,Left,3,2,4,0,nan,nan,0.17
3/29/2023 11:20:19,1.14.0,Free_feed,14,4.14,nan,1,RightWithPellet,Left,3,3,4,0,nan,nan,0.66
3/29/2023 11:21:09,1.14.0,Free_feed,14,4.14,nan,1,RightWithPellet,Left,3,4,4,0,nan,nan,0.06
3/29/2023 11:21:10,1.14.0,Free_feed,14,4.14,nan,1,LeftWithPellet,Left,4,4,4,0,nan,nan,0.09
3/29/2023 11:21:14,1.14.0,Free_feed,14,4.14,1,1,Pellet,Left,4,4,5,0,Timed_out,350,nan
3/29/2023 11:21:47,1.14.0,Free_feed,14,4.14,nan,1,LeftWithPellet,Left,5,4,5,0,nan,nan,0.01
3/29/2023 11:23:11,1.14.0,Free_feed,14,4.14,1,1,Pellet,Left,5,4,6,0,Timed_out,117,nan
3/29/2023 11:23:12,1.14.0,Free_feed,14,4.14,1,1,Pellet,Left,5,4,7,0,0.06,1,nan
3/29/2023 11:23:21,1.14.0,Free_feed,14,4.14,nan,1,RightWithPellet,Left,5,5,7,0,nan,nan,0.04
3/29/2023 11:23:24,1.14.0,Free_feed,14,4.14,nan,1,LeftWithPellet,Left,6,5,7,0,nan,nan,0.17
3/29/2023 11:24:33,1.14.0,Free_feed,14,4.14,nan,1,LeftWithPellet,Left,7,5,7,0,nan,nan,0.14
3/29/2023 11:25:43,1.14.0,Free_feed,14,4.14,nan,1,LeftWithPellet,Left,8,5,7,0,nan,nan,0.14
3/29/2023 11:28:29,1.14.0,Free_feed,14,4.13,nan,1,LeftWithPellet,Left,9,5,7,0,nan,nan,0.19
3/29/2023 11:29:46,1.14.0,Free_feed,14,4.14,1,1,Pellet,Left,9,5,8,0,Timed_out,394,nan
3/29/2023 11:32:01,1.14.0,Free_feed,14,4.14,nan,1,LeftWithPellet,Left,10,5,8,0,nan,nan,0.17
3/29/2023 11:32:34,1.14.0,Free_feed,14,4.14,nan,1,RightWithPellet,Left,10,6,8,0,nan,nan,0.05
3/29/2023 11:33:21,1.14.0,Free_feed,14,4.14,nan,1,RightWithPellet,Left,10,7,8,0,nan,nan,0.03
3/29/2023 11:33:28,1.14.0,Free_feed,14,4.14,nan,1,LeftWithPellet,Left,11,7,8,0,nan,nan,0.02
3/29/2023 11:35:14,1.14.0,Free_feed,14,4.14,nan,1,LeftWithPellet,Left,12,7,8,0,nan,nan,0.06
3/29/2023 11:35:19,1.14.0,Free_feed,14,4.14,1,1,Pellet,Left,12,7,9,0,Timed_out,333,nan
3/29/2023 11:35:27,1.14.0,Free_feed,14,4.14,1,1,Pellet,Left,12,7,10,0,0.97,8,nan
3/29/2023 11:37:11,1.14.0,Free_feed,14,4.14,nan,1,RightWithPellet,Left,12,8,10,0,nan,nan,0.43
3/29/2023 11:41:40,1.14.0,Free_feed,14,4.14,nan,1,RightWithPellet,Left,12,9,10,0,nan,nan,0.06
3/29/2023 11:43:23,1.14.0,Free_feed,14,4.14,1,1,Pellet,Left,12,9,11,0,Timed_out,476,nan
3/29/2023 11:43:36,1.14.0,Free_feed,14,4.14,1,1,Pellet,Left,12,9,12,0,5.69,13,nan
3/29/2023 11:43:49,1.14.0,Free_feed,14,4.14,nan,1,LeftWithPellet,Left,13,9,12,0,nan,nan,0.48
3/29/2023 11:46:18,1.14.0,Free_feed,14,4.14,1,1,Pellet,Left,13,9,13,0,Timed_out,162,nan
3/29/2023 11:46:42,1.14.0,Free_feed,14,4.13,nan,1,RightWithPellet,Left,13,10,13,0,nan,nan,0.24
3/29/2023 11:49:56,1.14.0,Free_feed,14,4.13,nan,1,LeftWithPellet,Left,14,10,13,0,nan,nan,0.03
3/29/2023 11:50:58,1.14.0,Free_feed,14,4.14,nan,1,RightWithPellet,Left,14,11,13,0,nan,nan,0.28
3/29/2023 11:51:05,1.14.0,Free_feed,14,4.13,nan,1,RightWithPellet,Left,14,12,13,0,nan,nan,0.21
3/29/2023 11:51:13,1.14.0,Free_feed,14,4.14,nan,1,LeftWithPellet,Left,15,12,13,0,nan,nan,0.04
3/29/2023 11:51:16,1.14.0,Free_feed,14,4.13,7,1,Pellet,Left,15,12,14,0,Timed_out,298,nan
3/29/2023 11:51:26,1.14.0,Free_feed,14,4.13,1,1,Pellet,Left,15,12,15,0,3.42,10,nan
3/29/2023 11:51:33,1.14.0,Free_feed,14,4.14,nan,1,RightWithPellet,Left,15,13,15,0,nan,nan,0.57
3/29/2023 11:51:34,1.14.0,Free_feed,14,4.13,nan,1,RightWithPellet,Left,15,14,15,0,nan,nan,0.47
3/29/2023 11:51:44,1.14.0,Free_feed,14,4.12,1,1,Pellet,Left,15,14,16,0,12.21,18,nan
3/29/2023 11:58:16,1.14.0,Free_feed,14,4.13,nan,1,LeftWithPellet,Left,16,14,16,0,nan,nan,0.03
3/29/2023 12:00:45,1.14.0,Free_feed,14,4.14,nan,1,LeftWithPellet,Left,17,14,16,0,nan,nan,0.39
3/29/2023 12:01:20,1.14.0,Free_feed,14,4.14,nan,1,LeftWithPellet,Left,18,14,16,0,nan,nan,0.03
3/29/2023 12:02:23,1.14.0,Free_feed,14,4.14,3,1,Pellet,Left,18,14,17,0,Timed_out,639,nan
3/29/2023 12:02:31,1.14.0,Free_feed,14,4.13,2,1,Pellet,Left,18,14,18,0,0.30,8,nan
3/29/2023 12:02:40,1.14.0,Free_feed,14,4.14,nan,1,RightWithPellet,Left,18,15,18,0,nan,nan,0.08
3/29/2023 12:02:42,1.14.0,Free_feed,14,4.14,2,1,Pellet,Left,18,15,19,0,2.70,11,nan
3/29/2023 12:02:51,1.14.0,Free_feed,14,4.12,nan,1,LeftWithPellet,Left,19,15,19,0,nan,nan,0.01
3/29/2023 12:03:00,1.14.0,Free_feed,14,4.13,nan,1,RightWithPellet,Left,19,16,19,0,nan,nan,0.20
3/29/2023 12:03:01,1.14.0,Free_feed,14,4.14,nan,1,RightWithPellet,Left,19,17,19,0,nan,nan,0.09
3/29/2023 12:04:47,1.14.0,Free_feed,14,4.13,2,1,Pellet,Left,19,17,20,0,Timed_out,125,nan
3/29/2023 12:11:03,1.14.0,Free_feed,14,4.14,nan,1,LeftWithPellet,Left,20,17,20,0,nan,nan,0.20
3/29/2023 12:11:04,1.14.0,Free_feed,14,4.13,nan,1,LeftWithPellet,Left,21,17,20,0,nan,nan,0.36
3/29/2023 12:16:51,1.14.0,Free_feed,14,4.13,2,1,Pellet,Left,21,17,21,0,Timed_out,724,nan
3/29/2023 12:21:42,1.14.0,Free_feed,14,4.14,1,1,Pellet,Left,21,17,22,0,Timed_out,291,nan
3/29/2023 12:25:14,1.14.0,Free_feed,14,4.13,nan,1,LeftWithPellet,Left,22,17,22,0,nan,nan,0.30
3/29/2023 12:25:58,1.14.0,Free_feed,14,4.14,nan,1,RightWithPellet,Left,22,18,22,0,nan,nan,0.10
3/29/2023 12:27:04,1.14.0,Free_feed,14,4.14,nan,1,RightWithPellet,Left,22,19,22,0,nan,nan,0.00
3/29/2023 12:27:40,1.14.0,Free_feed,14,4.14,1,1,Pellet,Left,22,19,23,0,Timed_out,358,nan
3/29/2023 12:27:42,1.14.0,Free_feed,14,4.13,1,1,Pellet,Left,22,19,24,0,0.18,2,nan
3/29/2023 12:32:31,1.14.0,Free_feed,14,4.14,nan,1,LeftWithPellet,Left,23,19,24,0,nan,nan,0.06
3/29/2023 12:36:47,1.14.0,Free_feed,14,4.13,nan,1,RightWithPellet,Left,23,20,24,0,nan,nan,0.06
3/29/2023 12:48:46,1.14.0,Free_feed,14,4.13,1,1,Pellet,Left,23,20,25,0,Timed_out,1264,nan
3/29/2023 12:49:27,1.14.0,Free_feed,14,4.13,1,1,Pellet,Left,23,20,26,0,33.63,41,nan
3/29/2023 12:50:26,1.14.0,Free_feed,14,4.14,nan,1,RightWithPellet,Left,23,21,26,0,nan,nan,0.08
3/29/2023 12:56:32,1.14.0,Free_feed,14,4.13,nan,1,RightWithPellet,Left,23,22,26,0,nan,nan,0.04
3/29/2023 13:01:02,1.14.0,Free_feed,14,4.13,1,1,Pellet,Left,23,22,27,0,Timed_out,694,nan
3/29/2023 13:01:14,1.14.0,Free_feed,14,4.13,nan,1,RightWithPellet,Left,23,23,27,0,nan,nan,0.05
3/29/2023 13:01:16,1.14.0,Free_feed,14,4.13,1,1,Pellet,Left,23,23,28,0,6.97,15,nan
3/29/2023 13:03:26,1.14.0,Free_feed,14,4.13,nan,1,LeftWithPellet,Left,24,23,28,0,nan,nan,0.50
3/29/2023 13:04:27,1.14.0,Free_feed,14,4.13,nan,1,LeftWithPellet,Left,25,23,28,0,nan,nan,0.00
3/29/2023 13:05:16,1.14.0,Free_feed,14,4.13,nan,1,RightWithPellet,Left,25,24,28,0,nan,nan,0.01
3/29/2023 13:11:04,1.14.0,Free_feed,14,4.14,nan,1,RightWithPellet,Left,25,25,28,0,nan,nan,0.39
3/29/2023 13:12:44,1.14.0,Free_feed,14,4.13,1,1,Pellet,Left,25,25,29,0,Timed_out,688,nan
3/29/2023 13:14:11,1.14.0,Free_feed,14,4.13,nan,1,RightWithPellet,Left,25,26,29,0,nan,nan,0.00
3/29/2023 13:16:42,1.14.0,Free_feed,14,4.14,nan,1,RightWithPellet,Left,25,27,29,0,nan,nan,0.08
3/29/2023 13:17:16,1.14.0,Free_feed,14,4.13,nan,1,RightWithPellet,Left,25,28,29,0,nan,nan,1.55
3/29/2023 13:17:22,1.14.0,Free_feed,14,4.13,nan,1,RightWithPellet,Left,25,29,29,0,nan,nan,1.28
3/29/2023 13:17:49,1.14.0,Free_feed,14,4.13,nan,1,RightWithPellet,Left,25,30,29,0,nan,nan,21.33
3/29/2023 13:18:03,1.14.0,Free_feed,14,4.12,nan,1,RightWithPellet,Left,25,31,29,0,nan,nan,13.95
3/29/2023 13:18:26,1.14.0,Free_feed,14,4.13,nan,1,RightWithPellet,Left,25,32,29,0,nan,nan,18.90
3/29/2023 13:18:51,1.14.0,Free_feed,14,4.12,nan,1,RightWithPellet,Left,25,33,29,0,nan,nan,0.34
3/29/2023 13:22:31,1.14.0,Free_feed,14,4.13,nan,1,LeftWithPellet,Left,26,33,29,0,nan,nan,0.26
3/29/2023 13:23:04,1.14.0,Free_feed,14,4.13,1,1,Pellet,Left,26,33,30,0,Timed_out,620,nan
3/29/2023 13:27:20,1.14.0,Free_feed,14,4.12,nan,1,RightWithPellet,Left,26,34,30,0,nan,nan,107.62
3/29/2023 13:28:52,1.14.0,Free_feed,14,4.13,nan,1,RightWithPellet,Left,26,35,30,0,nan,nan,0.01
3/29/2023 13:29:36,1.14.0,Free_feed,14,4.13,nan,1,LeftWithPellet,Left,27,35,30,0,nan,nan,0.01
3/29/2023 13:31:10,1.14.0,Free_feed,14,4.13,nan,1,RightWithPellet,Left,27,36,30,0,nan,nan,0.36
3/29/2023 13:31:53,1.14.0,Free_feed,14,4.12,nan,1,LeftWithPellet,Left,28,36,30,0,nan,nan,0.06
3/29/2023 13:33:30,1.14.0,Free_feed,14,4.12,nan,1,LeftWithPellet,Left,29,36,30,0,nan,nan,0.02
3/29/2023 13:33:31,1.14.0,Free_feed,14,4.13,nan,1,LeftWithPellet,Left,30,36,30,0,nan,nan,0.44
3/29/2023 13:33:32,1.14.0,Free_feed,14,4.13,nan,1,LeftWithPellet,Left,31,36,30,0,nan,nan,0.06
3/29/2023 13:36:23,1.14.0,Free_feed,14,4.13,1,1,Pellet,Left,31,36,31,0,Timed_out,799,nan
3/29/2023 13:38:38,1.14.0,Free_feed,14,4.12,nan,1,RightWithPellet,Left,31,37,31,0,nan,nan,0.00
3/29/2023 13:40:05,1.14.0,Free_feed,14,4.13,nan,1,RightWithPellet,Left,31,38,31,0,nan,nan,0.01
3/29/2023 13:40:39,1.14.0,Free_feed,14,4.13,1,1,Pellet,Left,31,38,32,0,Timed_out,255,nan
3/29/2023 14:01:44,1.14.0,Free_feed,14,4.13,1,1,Pellet,Left,31,38,33,0,Timed_out,1265,nan
3/29/2023 14:02:17,1.14.0,Free_feed,14,4.13,1,1,Pellet,Left,31,38,34,0,26.03,34,nan
3/29/2023 14:02:25,1.14.0,Free_feed,14,4.12,1,1,Pellet,Left,31,38,35,0,0.97,8,nan
3/29/2023 14:02:44,1.14.0,Free_feed,14,4.13,nan,1,LeftWithPellet,Left,32,38,35,0,nan,nan,0.60
3/29/2023 14:06:04,1.14.0,Free_feed,14,4.12,nan,1,LeftWithPellet,Left,33,38,35,0,nan,nan,1.03
3/29/2023 14:09:07,1.14.0,Free_feed,14,4.12,2,1,Pellet,Left,33,38,36,0,Timed_out,402,nan
3/29/2023 14:24:01,1.14.0,Free_feed,14,4.13,nan,1,RightWithPellet,Left,33,39,36,0,nan,nan,0.11
3/29/2023 14:24:10,1.14.0,Free_feed,14,4.12,nan,1,LeftWithPellet,Left,34,39,36,0,nan,nan,0.01
3/29/2023 14:24:12,1.14.0,Free_feed,14,4.12,nan,1,LeftWithPellet,Left,35,39,36,0,nan,nan,0.03
3/29/2023 14:24:19,1.14.0,Free_feed,14,4.12,1,1,Pellet,Left,35,39,37,0,Timed_out,912,nan
3/29/2023 14:35:48,1.14.0,Free_feed,14,4.12,nan,1,LeftWithPellet,Left,36,39,37,0,nan,nan,0.29
3/29/2023 14:35:51,1.14.0,Free_feed,14,4.12,nan,1,LeftWithPellet,Left,37,39,37,0,nan,nan,0.57
3/29/2023 14:46:02,1.14.0,Free_feed,14,4.12,1,1,Pellet,Left,37,39,38,0,Timed_out,1302,nan
3/29/2023 14:46:05,1.14.0,Free_feed,14,4.12,1,1,Pellet,Left,37,39,39,0,1.71,4,nan
3/29/2023 15:32:54,1.14.0,Free_feed,14,4.12,1,1,Pellet,Left,37,39,40,0,Timed_out,2808,nan
3/29/2023 16:05:15,1.14.0,Free_feed,14,4.12,1,1,Pellet,Left,37,39,41,0,Timed_out,1942,nan
3/29/2023 16:06:08,1.14.0,Free_feed,14,4.12,1,1,Pellet,Left,37,39,42,0,45.43,53,nan
3/29/2023 16:07:05,1.14.0,Free_feed,14,4.12,1,1,Pellet,Left,37,39,43,0,49.13,57,nan
3/29/2023 16:08:04,1.14.0,Free_feed,14,4.12,1,1,Pellet,Left,37,39,44,0,52.82,59,nan
3/29/2023 16:15:51,1.14.0,Free_feed,14,4.12,nan,1,LeftWithPellet,Left,38,39,44,0,nan,nan,0.14
3/29/2023 17:23:27,1.14.0,Free_feed,14,4.12,1,1,Pellet,Left,38,39,45,0,Timed_out,4523,nan
3/29/2023 17:24:35,1.14.0,Free_feed,14,4.12,1,1,Pellet,Left,38,39,46,0,Timed_out,68,nan
3/29/2023 17:25:21,1.14.0,Free_feed,14,4.11,1,1,Pellet,Left,38,39,47,0,39.34,46,nan
3/29/2023 17:26:11,1.14.0,Free_feed,14,4.12,1,1,Pellet,Left,38,39,48,0,41.56,49,nan
3/29/2023 17:32:01,1.14.0,Free_feed,14,4.12,1,1,Pellet,Left,38,39,49,0,Timed_out,351,nan
3/29/2023 17:34:04,1.14.0,Free_feed,14,4.12,nan,1,RightWithPellet,Left,38,40,49,0,nan,nan,0.02
3/29/2023 17:35:55,1.14.0,Free_feed,14,4.12,2,1,Pellet,Left,38,40,50,0,Timed_out,234,nan
3/29/2023 17:36:29,1.14.0,Free_feed,14,4.12,1,1,Pellet,Left,38,40,51,0,27.58,34,nan
3/29/2023 17:37:10,1.14.0,Free_feed,14,4.12,2,1,Pellet,Left,38,40,52,0,33.25,41,nan
3/29/2023 17:46:39,1.14.0,Free_feed,14,4.12,1,1,Pellet,Left,38,40,53,0,Timed_out,569,nan
3/29/2023 17:47:26,1.14.0,Free_feed,14,4.12,nan,1,RightWithPellet,Left,38,41,53,0,nan,nan,0.14
3/29/2023 17:47:44,1.14.0,Free_feed,14,4.12,nan,1,RightWithPellet,Left,38,42,53,0,nan,nan,0.16
3/29/2023 17:47:45,1.14.0,Free_feed,14,4.12,nan,1,RightWithPellet,Left,38,43,53,0,nan,nan,0.22
3/29/2023 17:47:54,1.14.0,Free_feed,14,4.12,nan,1,LeftWithPellet,Left,39,43,53,0,nan,nan,0.17
3/29/2023 17:48:06,1.14.0,Free_feed,14,4.12,nan,1,LeftWithPellet,Left,40,43,53,0,nan,nan,0.01
3/29/2023 17:48:08,1.14.0,Free_feed,14,4.12,nan,1,LeftWithPellet,Left,41,43,53,0,nan,nan,0.61
3/29/2023 17:48:10,1.14.0,Free_feed,14,4.12,nan,1,LeftWithPellet,Left,42,43,53,0,nan,nan,0.65
3/29/2023 17:48:11,1.14.0,Free_feed,14,4.12,nan,1,LeftWithPellet,Left,43,43,53,0,nan,nan,0.07
3/29/2023 17:48:12,1.14.0,Free_feed,14,4.12,nan,1,LeftWithPellet,Left,44,43,53,0,nan,nan,0.18
3/29/2023 17:48:17,1.14.0,Free_feed,14,4.12,nan,1,LeftWithPellet,Left,45,43,53,0,nan,nan,1.19
3/29/2023 17:48:19,1.14.0,Free_feed,14,4.12,nan,1,LeftWithPellet,Left,46,43,53,0,nan,nan,0.13
3/29/2023 17:48:23,1.14.0,Free_feed,14,4.12,nan,1,LeftWithPellet,Left,47,43,53,0,nan,nan,0.09
3/29/2023 17:48:27,1.14.0,Free_feed,14,4.12,nan,1,LeftWithPellet,Left,48,43,53,0,nan,nan,0.67
3/29/2023 17:48:28,1.14.0,Free_feed,14,4.12,nan,1,LeftWithPellet,Left,49,43,53,0,nan,nan,0.66
3/29/2023 17:48:30,1.14.0,Free_feed,14,4.11,nan,1,LeftWithPellet,Left,50,43,53,0,nan,nan,0.79
3/29/2023 17:48:33,1.14.0,Free_feed,14,4.12,nan,1,LeftWithPellet,Left,51,43,53,0,nan,nan,0.30
3/29/2023 17:48:34,1.14.0,Free_feed,14,4.12,nan,1,LeftWithPellet,Left,52,43,53,0,nan,nan,0.16
3/29/2023 17:48:35,1.14.0,Free_feed,14,4.12,nan,1,LeftWithPellet,Left,53,43,53,0,nan,nan,0.18
3/29/2023 17:48:41,1.14.0,Free_feed,14,4.11,nan,1,LeftWithPellet,Left,54,43,53,0,nan,nan,0.93
3/29/2023 17:48:42,1.14.0,Free_feed,14,4.12,nan,1,LeftWithPellet,Left,55,43,53,0,nan,nan,0.64
3/29/2023 17:48:44,1.14.0,Free_feed,14,4.12,nan,1,LeftWithPellet,Left,56,43,53,0,nan,nan,0.03
3/29/2023 17:48:46,1.14.0,Free_feed,14,4.12,nan,1,LeftWithPellet,Left,57,43,53,0,nan,nan,0.17
3/29/2023 17:48:47,1.14.0,Free_feed,14,4.12,nan,1,LeftWithPellet,Left,58,43,53,0,nan,nan,0.04
3/29/2023 17:48:50,1.14.0,Free_feed,14,4.12,nan,1,LeftWithPellet,Left,59,43,53,0,nan,nan,0.42
3/29/2023 17:48:51,1.14.0,Free_feed,14,4.12,nan,1,LeftWithPellet,Left,60,43,53,0,nan,nan,0.16
3/29/2023 17:48:52,1.14.0,Free_feed,14,4.12,nan,1,LeftWithPellet,Left,61,43,53,0,nan,nan,0.02
3/29/2023 17:48:54,1.14.0,Free_feed,14,4.12,nan,1,LeftWithPellet,Left,62,43,53,0,nan,nan,0.29
3/29/2023 17:48:54,1.14.0,Free_feed,14,4.11,nan,1,LeftWithPellet,Left,63,43,53,0,nan,nan,0.02
3/29/2023 17:48:55,1.14.0,Free_feed,14,4.12,nan,1,LeftWithPellet,Left,64,43,53,0,nan,nan,0.04
3/29/2023 17:49:00,1.14.0,Free_feed,14,4.12,nan,1,LeftWithPellet,Left,65,43,53,0,nan,nan,0.04
3/29/2023 17:49:30,1.14.0,Free_feed,14,4.12,nan,1,LeftWithPellet,Left,66,43,53,0,nan,nan,0.17
3/29/2023 17:49:31,1.14.0,Free_feed,14,4.12,nan,1,LeftWithPellet,Left,67,43,53,0,nan,nan,0.35
3/29/2023 17:52:39,1.14.0,Free_feed,14,4.12,1,1,Pellet,Left,67,43,54,0,Timed_out,360,nan
3/29/2023 17:52:51,1.14.0,Free_feed,14,4.12,nan,1,RightWithPellet,Left,67,44,54,0,nan,nan,0.04
3/29/2023 17:55:47,1.14.0,Free_feed,14,4.12,1,1,Pellet,Left,67,44,55,0,Timed_out,188,nan
3/29/2023 17:59:55,1.14.0,Free_feed,14,4.12,1,1,Pellet,Left,67,44,56,0,Timed_out,248,nan
3/29/2023 18:00:28,1.14.0,Free_feed,14,4.12,1,1,Pellet,Left,67,44,57,0,25.61,33,nan
3/29/2023 18:00:59,1.14.0,Free_feed,14,4.12,1,1,Pellet,Left,67,44,58,0,23.52,30,nan
3/29/2023 18:05:35,1.14.0,Free_feed,14,4.12,nan,1,RightWithPellet,Left,67,45,58,0,nan,nan,0.20
3/29/2023 18:10:03,1.14.0,Free_feed,14,4.12,1,1,Pellet,Left,67,45,59,0,Timed_out,545,nan
3/29/2023 18:10:36,1.14.0,Free_feed,14,4.12,1,1,Pellet,Left,67,45,60,0,25.73,33,nan
3/29/2023 18:11:05,1.14.0,Free_feed,14,4.12,1,1,Pellet,Left,67,45,61,0,21.42,28,nan
3/29/2023 18:11:40,1.14.0,Free_feed,14,4.12,1,1,Pellet,Left,67,45,62,0,28.06,36,nan
3/29/2023 18:12:12,1.14.0,Free_feed,14,4.12,1,1,Pellet,Left,67,45,63,0,24.37,31,nan
3/29/2023 18:31:08,1.14.0,Free_feed,14,4.12,1,1,Pellet,Left,67,45,64,0,Timed_out,1137,nan
3/29/2023 18:31:40,1.14.0,Free_feed,14,4.12,1,1,Pellet,Left,67,45,65,0,25.24,32,nan
3/29/2023 18:32:11,1.14.0,Free_feed,14,4.11,1,1,Pellet,Left,67,45,66,0,23.89,31,nan
3/29/2023 18:48:00,1.14.0,Free_feed,14,4.11,1,1,Pellet,Left,67,45,67,0,Timed_out,949,nan
3/29/2023 18:48:37,1.14.0,Free_feed,14,4.12,1,1,Pellet,Left,67,45,68,0,29.74,37,nan
3/29/2023 18:49:07,1.14.0,Free_feed,14,4.12,1,1,Pellet,Left,67,45,69,0,22.29,29,nan
3/29/2023 18:49:40,1.14.0,Free_feed,14,4.11,1,1,Pellet,Left,67,45,70,0,27.21,34,nan
3/29/2023 19:04:58,1.14.0,Free_feed,14,4.11,1,1,Pellet,Left,67,45,71,0,Timed_out,918,nan
3/29/2023 19:05:13,1.14.0,Free_feed,14,4.11,nan,1,LeftWithPellet,Left,68,45,71,0,nan,nan,0.55
3/29/2023 19:31:56,1.14.0,Free_feed,14,4.11,1,1,Pellet,Left,68,45,72,0,Timed_out,1618,nan
3/29/2023 19:32:30,1.14.0,Free_feed,14,4.11,2,1,Pellet,Left,68,45,73,0,26.54,34,nan
3/29/2023 19:33:03,1.14.0,Free_feed,14,4.11,1,1,Pellet,Left,68,45,74,0,25.18,33,nan
3/29/2023 19:51:49,1.14.0,Free_feed,14,4.12,1,1,Pellet,Left,68,45,75,0,Timed_out,1126,nan
3/29/2023 20:27:29,1.14.0,Free_feed,14,4.11,1,1,Pellet,Left,68,45,76,0,Timed_out,2140,nan
3/29/2023 20:29:11,1.14.0,Free_feed,14,4.11,2,1,Pellet,Left,68,45,77,0,Timed_out,102,nan
3/29/2023 20:29:12,1.14.0,Free_feed,14,4.11,1,1,Pellet,Left,68,45,78,0,0.06,1,nan
3/29/2023 20:59:06,1.14.0,Free_feed,14,4.11,1,1,Pellet,Left,68,45,79,0,Timed_out,1794,nan
3/29/2023 21:03:51,1.14.0,Free_feed,14,4.11,1,1,Pellet,Left,68,45,80,0,Timed_out,285,nan
3/29/2023 21:04:43,1.14.0,Free_feed,14,4.11,1,1,Pellet,Left,68,45,81,0,44.15,52,nan
3/29/2023 21:18:10,1.14.0,Free_feed,14,4.11,nan,1,LeftWithPellet,Left,69,45,81,0,nan,nan,0.51
3/29/2023 21:25:54,1.14.0,Free_feed,14,4.11,1,1,Pellet,Left,69,45,82,0,Timed_out,1271,nan
3/29/2023 21:34:24,1.14.0,Free_feed,14,4.11,1,1,Pellet,Left,69,45,83,0,Timed_out,510,nan
3/29/2023 21:34:30,1.14.0,Free_feed,14,4.11,nan,1,RightWithPellet,Left,69,46,83,0,nan,nan,0.78
3/29/2023 21:34:34,1.14.0,Free_feed,14,4.11,nan,1,RightWithPellet,Left,69,47,83,0,nan,nan,1.59
3/29/2023 21:34:35,1.14.0,Free_feed,14,4.11,nan,1,RightWithPellet,Left,69,48,83,0,nan,nan,0.57
3/29/2023 21:34:36,1.14.0,Free_feed,14,4.11,nan,1,RightWithPellet,Left,69,49,83,0,nan,nan,0.30
3/29/2023 21:34:37,1.14.0,Free_feed,14,4.11,nan,1,RightWithPellet,Left,69,50,83,0,nan,nan,0.06
3/29/2023 21:34:38,1.14.0,Free_feed,14,4.11,nan,1,RightWithPellet,Left,69,51,83,0,nan,nan,0.65
3/29/2023 21:34:39,1.14.0,Free_feed,14,4.11,nan,1,RightWithPellet,Left,69,52,83,0,nan,nan,0.84
3/29/2023 21:34:39,1.14.0,Free_feed,14,4.11,nan,1,RightWithPellet,Left,69,53,83,0,nan,nan,0.04
3/29/2023 21:34:41,1.14.0,Free_feed,14,4.11,nan,1,RightWithPellet,Left,69,54,83,0,nan,nan,0.60
3/29/2023 21:34:41,1.14.0,Free_feed,14,4.11,nan,1,RightWithPellet,Left,69,55,83,0,nan,nan,0.22
3/29/2023 21:34:42,1.14.0,Free_feed,14,4.11,nan,1,RightWithPellet,Left,69,56,83,0,nan,nan,0.04
3/29/2023 21:34:43,1.14.0,Free_feed,14,4.11,nan,1,RightWithPellet,Left,69,57,83,0,nan,nan,1.00
3/29/2023 21:41:24,1.14.0,Free_feed,14,4.11,nan,1,RightWithPellet,Left,69,58,83,0,nan,nan,0.31
3/29/2023 21:41:30,1.14.0,Free_feed,14,4.11,nan,1,RightWithPellet,Left,69,59,83,0,nan,nan,0.07
3/29/2023 21:45:33,1.14.0,Free_feed,14,4.11,1,1,Pellet,Left,69,59,84,0,Timed_out,669,nan
3/29/2023 21:45:44,1.14.0,Free_feed,14,4.11,1,1,Pellet,Left,69,59,85,0,3.06,11,nan
3/29/2023 22:01:40,1.14.0,Free_feed,14,4.11,1,1,Pellet,Left,69,59,86,0,Timed_out,956,nan
3/29/2023 22:08:02,1.14.0,Free_feed,14,4.11,nan,1,LeftWithPellet,Left,70,59,86,0,nan,nan,0.11
3/29/2023 22:08:04,1.14.0,Free_feed,14,4.11,nan,1,LeftWithPellet,Left,71,59,86,0,nan,nan,0.51
3/29/2023 22:08:05,1.14.0,Free_feed,14,4.11,nan,1,LeftWithPellet,Left,72,59,86,0,nan,nan,0.15
3/29/2023 22:08:05,1.14.0,Free_feed,14,4.11,nan,1,LeftWithPellet,Left,73,59,86,0,nan,nan,0.02
3/29/2023 22:08:07,1.14.0,Free_feed,14,4.11,nan,1,LeftWithPellet,Left,74,59,86,0,nan,nan,0.09
3/29/2023 22:08:07,1.14.0,Free_feed,14,4.11,nan,1,LeftWithPellet,Left,75,59,86,0,nan,nan,0.04
3/29/2023 22:08:11,1.14.0,Free_feed,14,4.11,nan,1,LeftWithPellet,Left,76,59,86,0,nan,nan,0.04
3/29/2023 22:09:13,1.14.0,Free_feed,14,4.11,nan,1,LeftWithPellet,Left,77,59,86,0,nan,nan,0.33
3/29/2023 22:12:54,1.14.0,Free_feed,14,4.11,nan,1,RightWithPellet,Left,77,60,86,0,nan,nan,0.06
3/29/2023 22:16:11,1.14.0,Free_feed,14,4.11,nan,1,LeftWithPellet,Left,78,60,86,0,nan,nan,0.10
3/29/2023 22:23:06,1.14.0,Free_feed,14,4.11,1,1,Pellet,Left,78,60,87,0,Timed_out,1286,nan
3/29/2023 22:23:35,1.14.0,Free_feed,14,4.11,1,1,Pellet,Left,78,60,88,0,22.30,29,nan
3/29/2023 22:24:02,1.14.0,Free_feed,14,4.11,1,1,Pellet,Left,78,60,89,0,19.71,27,nan
3/29/2023 22:31:28,1.14.0,Free_feed,14,4.11,nan,1,RightWithPellet,Left,78,61,89,0,nan,nan,0.17
3/29/2023 22:32:56,1.14.0,Free_feed,14,4.11,nan,1,RightWithPellet,Left,78,62,89,0,nan,nan,0.13
3/29/2023 22:33:11,1.14.0,Free_feed,14,4.11,nan,1,LeftWithPellet,Left,79,62,89,0,nan,nan,0.78
3/29/2023 22:33:21,1.14.0,Free_feed,14,4.11,nan,1,LeftWithPellet,Left,80,62,89,0,nan,nan,0.07
3/29/2023 22:33:32,1.14.0,Free_feed,14,4.11,nan,1,LeftWithPellet,Left,81,62,89,0,nan,nan,2.04
3/29/2023 22:33:46,1.14.0,Free_feed,14,4.11,nan,1,LeftWithPellet,Left,82,62,89,0,nan,nan,1.29
3/29/2023 22:33:51,1.14.0,Free_feed,14,4.11,nan,1,RightWithPellet,Left,82,63,89,0,nan,nan,1.20
3/29/2023 22:33:59,1.14.0,Free_feed,14,4.11,nan,1,RightWithPellet,Left,82,64,89,0,nan,nan,0.94
3/29/2023 22:34:03,1.14.0,Free_feed,14,4.11,nan,1,RightWithPellet,Left,82,65,89,0,nan,nan,0.76
3/29/2023 22:34:09,1.14.0,Free_feed,14,4.11,nan,1,LeftWithPellet,Left,83,65,89,0,nan,nan,1.02
3/29/2023 22:34:33,1.14.0,Free_feed,14,4.11,nan,1,RightWithPellet,Left,83,66,89,0,nan,nan,0.13
3/29/2023 22:36:16,1.14.0,Free_feed,14,4.11,1,1,Pellet,Left,83,66,90,0,Timed_out,734,nan
3/29/2023 22:36:41,1.14.0,Free_feed,14,4.11,1,1,Pellet,Left,83,66,91,0,17.68,25,nan
3/29/2023 22:43:15,1.14.0,Free_feed,14,4.11,nan,1,LeftWithPellet,Left,84,66,91,0,nan,nan,1.05
3/29/2023 22:43:19,1.14.0,Free_feed,14,4.11,nan,1,LeftWithPellet,Left,85,66,91,0,nan,nan,0.62
3/29/2023 22:46:47,1.14.0,Free_feed,14,4.11,nan,1,RightWithPellet,Left,85,67,91,0,nan,nan,0.04
3/29/2023 22:47:16,1.14.0,Free_feed,14,4.11,nan,1,RightWithPellet,Left,85,68,91,0,nan,nan,0.59
3/29/2023 22:47:27,1.14.0,Free_feed,14,4.11,1,1,Pellet,Left,85,68,92,0,Timed_out,646,nan
3/29/2023 22:50:47,1.14.0,Free_feed,14,4.11,2,1,Pellet,Left,85,68,93,0,Timed_out,200,nan
3/29/2023 22:51:11,1.14.0,Free_feed,14,4.11,1,1,Pellet,Left,85,68,94,0,16.69,24,nan
3/29/2023 22:51:20,1.14.0,Free_feed,14,4.11,nan,1,RightWithPellet,Left,85,69,94,0,nan,nan,0.17
3/29/2023 22:51:21,1.14.0,Free_feed,14,4.10,nan,1,RightWithPellet,Left,85,70,94,0,nan,nan,0.65
3/29/2023 23:00:27,1.14.0,Free_feed,14,4.11,1,1,Pellet,Left,85,70,95,0,Timed_out,556,nan
3/29/2023 23:00:48,1.14.0,Free_feed,14,4.11,1,1,Pellet,Left,85,70,96,0,13.62,21,nan
3/29/2023 23:08:08,1.14.0,Free_feed,14,4.11,nan,1,LeftWithPellet,Left,86,70,96,0,nan,nan,0.05
3/29/2023 23:10:15,1.14.0,Free_feed,14,4.11,1,1,Pellet,Left,86,70,97,0,Timed_out,567,nan
3/29/2023 23:10:40,1.14.0,Free_feed,14,4.11,1,1,Pellet,Left,86,70,98,0,17.36,25,nan
3/29/2023 23:11:12,1.14.0,Free_feed,14,4.10,nan,1,RightWithPellet,Left,86,71,98,0,nan,nan,0.49
3/29/2023 23:16:44,1.14.0,Free_feed,14,4.11,nan,1,LeftWithPellet,Left,87,71,98,0,nan,nan,0.06
3/29/2023 23:16:45,1.14.0,Free_feed,14,4.11,nan,1,LeftWithPellet,Left,88,71,98,0,nan,nan,0.15
3/29/2023 23:16:46,1.14.0,Free_feed,14,4.10,nan,1,LeftWithPellet,Left,89,71,98,0,nan,nan,0.02
3/29/2023 23:16:46,1.14.0,Free_feed,14,4.11,nan,1,LeftWithPellet,Left,90,71,98,0,nan,nan,0.01
3/29/2023 23:16:47,1.14.0,Free_feed,14,4.11,nan,1,LeftWithPellet,Left,91,71,98,0,nan,nan,0.32
3/29/2023 23:16:48,1.14.0,Free_feed,14,4.10,nan,1,LeftWithPellet,Left,92,71,98,0,nan,nan,0.13
3/29/2023 23:17:11,1.14.0,Free_feed,14,4.11,nan,1,LeftWithPellet,Left,93,71,98,0,nan,nan,0.05
3/29/2023 23:17:15,1.14.0,Free_feed,14,4.11,nan,1,LeftWithPellet,Left,94,71,98,0,nan,nan,0.30
3/29/2023 23:17:26,1.14.0,Free_feed,14,4.11,nan,1,LeftWithPellet,Left,95,71,98,0,nan,nan,0.63
3/29/2023 23:20:04,1.14.0,Free_feed,14,4.10,1,1,Pellet,Left,95,71,99,0,Timed_out,564,nan
3/29/2023 23:20:28,1.14.0,Free_feed,14,4.11,1,1,Pellet,Left,95,71,100,0,16.94,24,nan
3/29/2023 23:20:49,1.14.0,Free_feed,14,4.10,1,1,Pellet,Left,95,71,101,0,13.86,21,nan
3/29/2023 23:21:13,1.14.0,Free_feed,14,4.10,2,1,Pellet,Left,95,71,102,0,14.29,24,nan
3/29/2023 23:21:38,1.14.0,Free_feed,14,4.11,1,1,Pellet,Left,95,71,103,0,17.61,25,nan
3/29/2023 23:22:02,1.14.0,Free_feed,14,4.10,1,1,Pellet,Left,95,71,104,0,16.63,24,nan
3/29/2023 23:29:48,1.14.0,Free_feed,14,4.11,nan,1,RightWithPellet,Left,95,72,104,0,nan,nan,0.46
3/29/2023 23:30:59,1.14.0,Free_feed,14,4.11,nan,1,LeftWithPellet,Left,96,72,104,0,nan,nan,0.17
3/29/2023 23:37:43,1.14.0,Free_feed,14,4.10,2,1,Pellet,Left,96,72,105,0,Timed_out,941,nan
3/29/2023 23:43:18,1.14.0,Free_feed,14,4.11,nan,1,RightWithPellet,Left,96,73,105,0,nan,nan,0.04
3/29/2023 23:43:41,1.14.0,Free_feed,14,4.11,1,1,Pellet,Left,96,73,106,0,Timed_out,358,nan
3/29/2023 23:45:18,1.14.0,Free_feed,14,4.11,1,1,Pellet,Left,96,73,107,0,Timed_out,96,nan
3/29/2023 23:45:42,1.14.0,Free_feed,14,4.11,1,1,Pellet,Left,96,73,108,0,17.61,25,nan
3/29/2023 23:46:09,1.14.0,Free_feed,14,4.11,1,1,Pellet,Left,96,73,109,0,20.01,27,nan
3/29/2023 23:46:33,1.14.0,Free_feed,14,4.11,1,1,Pellet,Left,96,73,110,0,16.94,24,nan
3/29/2023 23:47:00,1.14.0,Free_feed,14,4.10,1,1,Pellet,Left,96,73,111,0,19.76,27,nan
3/29/2023 23:53:16,1.14.0,Free_feed,14,4.11,nan,1,RightWithPellet,Left,96,74,111,0,nan,nan,0.53
3/29/2023 23:53:20,1.14.0,Free_feed,14,4.10,nan,1,LeftWithPellet,Left,97,74,111,0,nan,nan,0.04
3/29/2023 23:53:38,1.14.0,Free_feed,14,4.11,nan,1,RightWithPellet,Left,97,75,111,0,nan,nan,0.67
3/29/2023 23:53:42,1.14.0,Free_feed,14,4.10,nan,1,RightWithPellet,Left,97,76,111,0,nan,nan,0.06
3/29/2023 23:53:43,1.14.0,Free_feed,14,4.11,1,1,Pellet,Left,97,76,112,0,Timed_out,403,nan
3/29/2023 23:54:10,1.14.0,Free_feed,14,4.10,nan,1,RightWithPellet,Left,97,77,112,0,nan,nan,0.28
3/29/2023 23:54:39,1.14.0,Free_feed,14,4.10,1,1,Pellet,Left,97,77,113,0,48.95,56,nan
3/30/2023 0:09:58,1.14.0,Free_feed,14,4.10,2,1,Pellet,Left,97,77,114,0,Timed_out,919,nan
3/30/2023 0:10:18,1.14.0,Free_feed,14,4.11,1,1,Pellet,Left,97,77,115,0,13.17,20,nan
3/30/2023 0:10:39,1.14.0,Free_feed,14,4.10,1,1,Pellet,Left,97,77,116,0,14.96,21,nan
3/30/2023 0:12:01,1.14.0,Free_feed,14,4.10,nan,1,LeftWithPellet,Left,98,77,116,0,nan,nan,0.06
3/30/2023 0:18:42,1.14.0,Free_feed,14,4.11,nan,1,LeftWithPellet,Left,99,77,116,0,nan,nan,0.18
3/30/2023 0:18:45,1.14.0,Free_feed,14,4.10,nan,1,LeftWithPellet,Left,100,77,116,0,nan,nan,0.73
3/30/2023 0:18:46,1.14.0,Free_feed,14,4.10,nan,1,LeftWithPellet,Left,101,77,116,0,nan,nan,0.45
3/30/2023 0:27:32,1.14.0,Free_feed,14,4.11,1,1,Pellet,Left,101,77,117,0,Timed_out,1013,nan
3/30/2023 0:27:59,1.14.0,Free_feed,14,4.10,1,1,Pellet,Left,101,77,118,0,19.26,27,nan
3/30/2023 0:41:18,1.14.0,Free_feed,14,4.10,nan,1,LeftWithPellet,Left,102,77,118,0,nan,nan,0.25
3/30/2023 0:41:44,1.14.0,Free_feed,14,4.11,nan,1,RightWithPellet,Left,102,78,118,0,nan,nan,0.18
3/30/2023 0:52:44,1.14.0,Free_feed,14,4.10,2,1,Pellet,Left,102,78,119,0,Timed_out,1485,nan
3/30/2023 0:53:12,1.14.0,Free_feed,14,4.10,1,1,Pellet,Left,102,78,120,0,20.75,28,nan
3/30/2023 0:58:27,1.14.0,Free_feed,14,4.10,1,1,Pellet,Left,102,78,121,0,Timed_out,315,nan
3/30/2023 1:15:39,1.14.0,Free_feed,14,4.10,nan,1,LeftWithPellet,Left,103,78,121,0,nan,nan,0.10
3/30/2023 1:16:08,1.14.0,Free_feed,14,4.10,1,1,Pellet,Left,103,78,122,0,Timed_out,1061,nan
3/30/2023 1:19:18,1.14.0,Free_feed,14,4.10,1,1,Pellet,Left,103,78,123,0,Timed_out,190,nan
3/30/2023 1:19:44,1.14.0,Free_feed,14,4.10,1,1,Pellet,Left,103,78,124,0,18.16,26,nan
3/30/2023 1:20:18,1.14.0,Free_feed,14,4.10,1,1,Pellet,Left,103,78,125,0,27.63,34,nan
3/30/2023 1:30:39,1.14.0,Free_feed,14,4.10,1,1,Pellet,Left,103,78,126,0,Timed_out,621,nan
3/30/2023 1:35:17,1.14.0,Free_feed,14,4.10,nan,1,RightWithPellet,Left,103,79,126,0,nan,nan,0.15
3/30/2023 1:35:17,1.14.0,Free_feed,14,4.09,nan,1,RightWithPellet,Left,103,80,126,0,nan,nan,0.05
3/30/2023 1:36:33,1.14.0,Free_feed,14,4.10,1,1,Pellet,Left,103,80,127,0,Timed_out,353,nan
3/30/2023 1:36:41,1.14.0,Free_feed,14,4.10,nan,1,RightWithPellet,Left,103,81,127,0,nan,nan,0.80
3/30/2023 1:37:01,1.14.0,Free_feed,14,4.10,nan,1,RightWithPellet,Left,103,82,127,0,nan,nan,0.56
3/30/2023 1:37:23,1.14.0,Free_feed,14,4.10,nan,1,RightWithPellet,Left,103,83,127,0,nan,nan,0.22
3/30/2023 1:37:24,1.14.0,Free_feed,14,4.10,nan,1,RightWithPellet,Left,103,84,127,0,nan,nan,0.02
3/30/2023 1:37:38,1.14.0,Free_feed,14,4.10,nan,1,LeftWithPellet,Left,104,84,127,0,nan,nan,0.10
3/30/2023 1:37:55,1.14.0,Free_feed,14,4.09,nan,1,RightWithPellet,Left,104,85,127,0,nan,nan,0.06
3/30/2023 1:52:19,1.14.0,Free_feed,14,4.10,nan,1,LeftWithPellet,Left,105,85,127,0,nan,nan,0.12
3/30/2023 1:52:37,1.14.0,Free_feed,14,4.09,nan,1,RightWithPellet,Left,105,86,127,0,nan,nan,0.61
3/30/2023 2:04:01,1.14.0,Free_feed,14,4.10,nan,1,RightWithPellet,Left,105,87,127,0,nan,nan,0.02
3/30/2023 2:09:22,1.14.0,Free_feed,14,4.09,1,1,Pellet,Left,105,87,128,0,Timed_out,1970,nan
3/30/2023 2:23:30,1.14.0,Free_feed,14,4.10,1,1,Pellet,Left,105,87,129,0,Timed_out,848,nan
3/30/2023 2:23:50,1.14.0,Free_feed,14,4.09,1,1,Pellet,Left,105,87,130,0,11.53,19,nan
3/30/2023 2:24:11,1.14.0,Free_feed,14,4.09,1,1,Pellet,Left,105,87,131,0,13.68,22,nan
3/30/2023 2:30:20,1.14.0,Free_feed,14,4.10,nan,1,LeftWithPellet,Left,106,87,131,0,nan,nan,0.02
3/30/2023 2:30:25,1.14.0,Free_feed,14,4.10,nan,1,LeftWithPellet,Left,107,87,131,0,nan,nan,0.63
3/30/2023 4:56:55,1.14.0,Free_feed,14,4.09,nan,1,LeftWithPellet,Left,108,87,131,0,nan,nan,0.88
3/30/2023 5:05:28,1.14.0,Free_feed,14,4.09,nan,1,LeftWithPellet,Left,109,87,131,0,nan,nan,0.57
3/30/2023 5:05:32,1.14.0,Free_feed,14,4.09,nan,1,RightWithPellet,Left,109,88,131,0,nan,nan,0.11
3/30/2023 5:05:35,1.14.0,Free_feed,14,4.09,nan,1,LeftWithPellet,Left,110,88,131,0,nan,nan,0.19
3/30/2023 5:05:45,1.14.0,Free_feed,14,4.09,nan,1,RightWithPellet,Left,110,89,131,0,nan,nan,0.62
3/30/2023 5:12:51,1.14.0,Free_feed,14,4.09,nan,1,LeftWithPellet,Left,111,89,131,0,nan,nan,1.26
3/30/2023 5:13:12,1.14.0,Free_feed,14,4.09,nan,1,LeftWithPellet,Left,112,89,131,0,nan,nan,0.09
3/30/2023 5:19:46,1.14.0,Free_feed,14,4.09,1,1,Pellet,Left,112,89,132,0,Timed_out,10534,nan
3/30/2023 5:20:17,1.14.0,Free_feed,14,4.09,1,1,Pellet,Left,112,89,133,0,23.76,32,nan
3/30/2023 5:20:38,1.14.0,Free_feed,14,4.09,1,1,Pellet,Left,112,89,134,0,14.17,21,nan
3/30/2023 5:21:03,1.14.0,Free_feed,14,4.09,1,1,Pellet,Left,112,89,135,0,18.10,25,nan
3/30/2023 5:21:26,1.14.0,Free_feed,14,4.09,1,1,Pellet,Left,112,89,136,0,16.26,23,nan
3/30/2023 5:21:49,1.14.0,Free_feed,14,4.09,1,1,Pellet,Left,112,89,137,0,15.52,23,nan
3/30/2023 5:22:12,1.14.0,Free_feed,14,4.09,1,1,Pellet,Left,112,89,138,0,15.52,23,nan
3/30/2023 5:22:42,1.14.0,Free_feed,14,4.09,1,1,Pellet,Left,112,89,139,0,22.30,30,nan
3/30/2023 5:24:16,1.14.0,Free_feed,14,4.09,1,1,Pellet,Left,112,89,140,0,Timed_out,94,nan
3/30/2023 5:29:28,1.14.0,Free_feed,14,4.09,nan,1,LeftWithPellet,Left,113,89,140,0,nan,nan,0.46
3/30/2023 5:31:21,1.14.0,Free_feed,14,4.09,nan,1,LeftWithPellet,Left,114,89,140,0,nan,nan,0.01
3/30/2023 5:53:18,1.14.0,Free_feed,14,4.09,nan,1,LeftWithPellet,Left,115,89,140,0,nan,nan,0.00
3/30/2023 6:05:40,1.14.0,Free_feed,14,4.09,nan,1,RightWithPellet,Left,115,90,140,0,nan,nan,0.43
3/30/2023 6:16:49,1.14.0,Free_feed,14,4.08,nan,1,LeftWithPellet,Left,116,90,140,0,nan,nan,0.07
3/30/2023 6:21:32,1.14.0,Free_feed,14,4.09,1,1,Pellet,Left,116,90,141,0,Timed_out,3436,nan
3/30/2023 6:21:57,1.14.0,Free_feed,14,4.09,1,1,Pellet,Left,116,90,142,0,18.09,25,nan
3/30/2023 6:22:26,1.14.0,Free_feed,14,4.09,nan,1,LeftWithPellet,Left,117,90,142,0,nan,nan,0.57
3/30/2023 6:22:28,1.14.0,Free_feed,14,4.09,nan,1,LeftWithPellet,Left,118,90,142,0,nan,nan,0.82
3/30/2023 6:22:31,1.14.0,Free_feed,14,4.09,nan,1,LeftWithPellet,Left,119,90,142,0,nan,nan,0.53
3/30/2023 6:34:26,1.14.0,Free_feed,14,4.09,nan,1,LeftWithPellet,Left,120,90,142,0,nan,nan,0.43
3/30/2023 6:41:45,1.14.0,Free_feed,14,4.09,1,1,Pellet,Left,120,90,143,0,Timed_out,1188,nan
3/30/2023 6:42:14,1.14.0,Free_feed,14,4.09,1,1,Pellet,Left,120,90,144,0,21.72,29,nan
3/30/2023 6:42:36,1.14.0,Free_feed,14,4.09,1,1,Pellet,Left,120,90,145,0,14.90,22,nan
3/30/2023 6:42:56,1.14.0,Free_feed,14,4.09,1,1,Pellet,Left,120,90,146,0,12.81,20,nan
3/30/2023 6:46:03,1.14.0,Free_feed,14,4.08,nan,1,LeftWithPellet,Left,121,90,146,0,nan,nan,0.73
3/30/2023 6:46:26,1.14.0,Free_feed,14,4.08,nan,1,LeftWithPellet,Left,122,90,146,0,nan,nan,0.11
3/30/2023 6:46:31,1.14.0,Free_feed,14,4.09,nan,1,LeftWithPellet,Left,123,90,146,0,nan,nan,0.06
3/30/2023 6:46:34,1.14.0,Free_feed,14,4.09,nan,1,LeftWithPellet,Left,124,90,146,0,nan,nan,0.08
3/30/2023 6:46:37,1.14.0,Free_feed,14,4.09,nan,1,LeftWithPellet,Left,125,90,146,0,nan,nan,0.02
3/30/2023 6:56:37,1.14.0,Free_feed,14,4.09,nan,1,LeftWithPellet,Left,126,90,146,0,nan,nan,0.01
3/30/2023 7:00:24,1.14.0,Free_feed,14,4.09,nan,1,LeftWithPellet,Left,127,90,146,0,nan,nan,0.13
3/30/2023 7:00:41,1.14.0,Free_feed,14,4.09,nan,1,RightWithPellet,Left,127,91,146,0,nan,nan,0.99
3/30/2023 7:02:27,1.14.0,Free_feed,14,4.09,nan,1,LeftWithPellet,Left,128,91,146,0,nan,nan,0.12
3/30/2023 7:04:56,1.14.0,Free_feed,14,4.09,nan,1,LeftWithPellet,Left,129,91,146,0,nan,nan,0.72
3/30/2023 7:12:38,1.14.0,Free_feed,14,4.09,nan,1,LeftWithPellet,Left,130,91,146,0,nan,nan,0.12
3/30/2023 7:14:04,1.14.0,Free_feed,14,4.09,nan,1,LeftWithPellet,Left,131,91,146,0,nan,nan,0.00
3/30/2023 7:14:05,1.14.0,Free_feed,14,4.09,1,1,Pellet,Left,131,91,147,0,Timed_out,1869,nan
3/30/2023 7:14:13,1.14.0,Free_feed,14,4.09,2,1,Pellet,Left,131,91,148,0,2.38,8,nan
3/30/2023 7:14:35,1.14.0,Free_feed,14,4.09,1,1,Pellet,Left,131,91,149,0,14.59,22,nan
3/30/2023 7:14:53,1.14.0,Free_feed,14,4.08,1,1,Pellet,Left,131,91,150,0,10.72,18,nan
3/30/2023 7:30:08,1.14.0,Free_feed,14,4.09,1,1,Pellet,Left,131,91,151,0,Timed_out,915,nan
3/30/2023 7:30:32,1.14.0,Free_feed,14,4.09,1,1,Pellet,Left,131,91,152,0,16.37,24,nan
3/30/2023 7:30:50,1.14.0,Free_feed,14,4.09,1,1,Pellet,Left,131,91,153,0,10.91,18,nan
3/30/2023 7:31:16,1.14.0,Free_feed,14,4.09,1,1,Pellet,Left,131,91,154,0,18.53,26,nan
3/30/2023 7:31:38,1.14.0,Free_feed,14,4.08,1,1,Pellet,Left,131,91,155,0,14.28,21,nan
3/30/2023 7:43:58,1.14.0,Free_feed,14,4.08,nan,1,LeftWithPellet,Left,132,91,155,0,nan,nan,1.16
3/30/2023 7:44:00,1.14.0,Free_feed,14,4.09,nan,1,LeftWithPellet,Left,133,91,155,0,nan,nan,0.21
3/30/2023 7:44:03,1.14.0,Free_feed,14,4.09,nan,1,LeftWithPellet,Left,134,91,155,0,nan,nan,0.50
3/30/2023 7:44:13,1.14.0,Free_feed,14,4.09,nan,1,RightWithPellet,Left,134,92,155,0,nan,nan,0.42
3/30/2023 7:44:19,1.14.0,Free_feed,14,4.09,nan,1,RightWithPellet,Left,134,93,155,0,nan,nan,0.13
3/30/2023 7:44:30,1.14.0,Free_feed,14,4.09,nan,1,RightWithPellet,Left,134,94,155,0,nan,nan,1.02
3/30/2023 7:56:37,1.14.0,Free_feed,14,4.09,1,1,Pellet,Left,134,94,156,0,Timed_out,1500,nan
3/30/2023 8:07:27,1.14.0,Free_feed,14,4.09,2,1,Pellet,Left,134,94,157,0,Timed_out,650,nan
3/30/2023 8:28:14,1.14.0,Free_feed,14,4.09,nan,1,RightWithPellet,Left,134,95,157,0,nan,nan,0.07
3/30/2023 8:29:04,1.14.0,Free_feed,14,4.09,1,1,Pellet,Left,134,95,158,0,Timed_out,1297,nan
3/30/2023 8:29:12,1.14.0,Free_feed,14,4.09,1,1,Pellet,Left,134,95,159,0,0.85,8,nan
3/30/2023 8:29:21,1.14.0,Free_feed,14,4.08,nan,1,LeftWithPellet,Left,135,95,159,0,nan,nan,0.70
3/30/2023 9:04:48,1.14.0,Free_feed,14,4.08,1,1,Pellet,Left,135,95,160,0,Timed_out,2135,nan
3/30/2023 9:05:23,1.14.0,Free_feed,14,4.08,2,1,Pellet,Left,135,95,161,0,33.55,36,nan
3/30/2023 9:12:11,1.14.0,Free_feed,14,4.08,nan,1,RightWithPellet,Left,135,96,161,0,nan,nan,0.44
3/30/2023 9:16:19,1.14.0,Free_feed,14,4.08,nan,1,LeftWithPellet,Left,136,96,161,0,nan,nan,0.40
3/30/2023 9:16:33,1.14.0,Free_feed,14,4.08,nan,1,LeftWithPellet,Left,137,96,161,0,nan,nan,0.35
3/30/2023 9:16:37,1.14.0,Free_feed,14,4.08,nan,1,LeftWithPellet,Left,138,96,161,0,nan,nan,0.29
3/30/2023 9:16:39,1.14.0,Free_feed,14,4.08,nan,1,LeftWithPellet,Left,139,96,161,0,nan,nan,0.63
3/30/2023 9:16:41,1.14.0,Free_feed,14,4.08,nan,1,LeftWithPellet,Left,140,96,161,0,nan,nan,0.42
3/30/2023 9:16:44,1.14.0,Free_feed,14,4.08,nan,1,LeftWithPellet,Left,141,96,161,0,nan,nan,0.91
3/30/2023 9:17:17,1.14.0,Free_feed,14,4.09,nan,1,LeftWithPellet,Left,142,96,161,0,nan,nan,0.47
3/30/2023 9:17:19,1.14.0,Free_feed,14,4.08,nan,1,LeftWithPellet,Left,143,96,161,0,nan,nan,0.02
3/30/2023 9:17:25,1.14.0,Free_feed,14,4.08,nan,1,LeftWithPellet,Left,144,96,161,0,nan,nan,0.30
3/30/2023 9:17:33,1.14.0,Free_feed,14,4.09,nan,1,LeftWithPellet,Left,145,96,161,0,nan,nan,0.24
3/30/2023 9:23:32,1.14.0,Free_feed,14,4.08,1,1,Pellet,Left,145,96,162,0,Timed_out,1089,nan
3/30/2023 9:32:30,1.14.0,Free_feed,14,4.08,nan,1,RightWithPellet,Left,145,97,162,0,nan,nan,0.05
3/30/2023 9:32:32,1.14.0,Free_feed,14,4.08,nan,1,RightWithPellet,Left,145,98,162,0,nan,nan,1.02
3/30/2023 9:32:34,1.14.0,Free_feed,14,4.08,nan,1,RightWithPellet,Left,145,99,162,0,nan,nan,0.18
3/30/2023 9:32:47,1.14.0,Free_feed,14,4.08,nan,1,RightWithPellet,Left,145,100,162,0,nan,nan,0.31
3/30/2023 9:32:48,1.14.0,Free_feed,14,4.08,nan,1,RightWithPellet,Left,145,101,162,0,nan,nan,0.01
3/30/2023 9:32:48,1.14.0,Free_feed,14,4.08,1,1,Pellet,Left,145,101,163,0,Timed_out,556,nan
3/30/2023 9:32:58,1.14.0,Free_feed,14,4.08,nan,1,RightWithPellet,Left,145,102,163,0,nan,nan,0.98
3/30/2023 9:32:59,1.14.0,Free_feed,14,4.07,1,1,Pellet,Left,145,102,164,0,5.26,11,nan
3/30/2023 9:41:04,1.14.0,Free_feed,14,4.08,nan,1,LeftWithPellet,Left,146,102,164,0,nan,nan,0.06
3/30/2023 9:41:06,1.14.0,Free_feed,14,4.07,nan,1,LeftWithPellet,Left,147,102,164,0,nan,nan,0.24
3/30/2023 9:42:05,1.14.0,Free_feed,14,4.08,nan,1,LeftWithPellet,Left,148,102,164,0,nan,nan,0.07
3/30/2023 9:42:10,1.14.0,Free_feed,14,4.08,2,1,Pellet,Left,148,102,165,0,Timed_out,551,nan
3/30/2023 9:42:56,1.14.0,Free_feed,14,4.08,1,1,Pellet,Left,148,102,166,0,38.25,46,nan
3/30/2023 9:43:46,1.14.0,Free_feed,14,4.08,1,1,Pellet,Left,148,102,167,0,43.17,50,nan
3/30/2023 9:45:57,1.14.0,Free_feed,14,4.08,nan,1,LeftWithPellet,Left,149,102,167,0,nan,nan,0.30
3/30/2023 9:51:25,1.14.0,Free_feed,14,4.07,1,1,Pellet,Left,149,102,168,0,Timed_out,459,nan
