MM:DD:YYYY hh:mm:ss,Library_Version,Session_type,Device_Number,Battery_Voltage,Motor_Turns,FR,Event,Active_Poke,Left_Poke_Count,Right_Poke_Count,Pellet_Count,Block_Pellet_Count,Retrieval_Time,InterPelletInterval,Poke_Time
3/29/2023 19:22:38,1.14.0,Free_feed,5,4.13,nan,1,RightWithPellet,Left,0,1,0,0,nan,nan,0.09
3/29/2023 19:23:41,1.14.0,Free_feed,5,4.13,nan,1,RightWithPellet,Left,0,2,0,0,nan,nan,0.04
3/29/2023 19:26:09,1.14.0,Free_feed,5,4.14,nan,1,LeftWithPellet,Left,1,2,0,0,nan,nan,0.17
3/29/2023 19:26:16,1.14.0,Free_feed,5,4.14,nan,1,LeftWithPellet,Left,2,2,0,0,nan,nan,0.08
3/29/2023 19:26:19,1.14.0,Free_feed,5,4.14,nan,1,LeftWithPellet,Left,3,2,0,0,nan,nan,0.64
3/29/2023 19:26:47,1.14.0,Free_feed,5,4.14,nan,1,RightWithPellet,Left,3,3,0,0,nan,nan,0.05
3/29/2023 19:30:15,1.14.0,Free_feed,5,4.14,nan,1,LeftWithPellet,Left,4,3,0,0,nan,nan,0.11
3/29/2023 19:30:21,1.14.0,Free_feed,5,4.12,119,1,Pellet,Left,4,3,1,0,Timed_out,nan,nan
3/29/2023 19:38:52,1.14.0,Free_feed,5,4.14,nan,1,RightWithPellet,Left,4,4,1,0,nan,nan,3.13
3/29/2023 19:38:54,1.14.0,Free_feed,5,4.14,nan,1,RightWithPellet,Left,4,5,1,0,nan,nan,0.37
3/29/2023 19:40:43,1.14.0,Free_feed,5,4.14,nan,1,LeftWithPellet,Left,5,5,1,0,nan,nan,0.11
3/29/2023 19:40:43,1.14.0,Free_feed,5,4.13,nan,1,LeftWithPellet,Left,6,5,1,0,nan,nan,0.03
3/29/2023 19:49:27,1.14.0,Free_feed,5,4.13,nan,1,RightWithPellet,Left,6,6,1,0,nan,nan,0.06
3/29/2023 19:49:28,1.14.0,Free_feed,5,4.14,nan,1,RightWithPellet,Left,6,7,1,0,nan,nan,0.12
3/29/2023 19:50:49,1.14.0,Free_feed,5,4.13,nan,1,RightWithPellet,Left,6,8,1,0,nan,nan,0.46
3/29/2023 19:51:01,1.14.0,Free_feed,5,4.13,nan,1,RightWithPellet,Left,6,9,1,0,nan,nan,0.00
3/29/2023 19:51:03,1.14.0,Free_feed,5,4.13,nan,1,RightWithPellet,Left,6,10,1,0,nan,nan,0.36
3/29/2023 19:53:31,1.14.0,Free_feed,5,4.13,nan,1,LeftWithPellet,Left,7,10,1,0,nan,nan,0.05
3/29/2023 19:53:32,1.14.0,Free_feed,5,4.14,nan,1,LeftWithPellet,Left,8,10,1,0,nan,nan,0.15
3/29/2023 19:53:34,1.14.0,Free_feed,5,4.13,nan,1,LeftWithPellet,Left,9,10,1,0,nan,nan,0.05
3/29/2023 19:54:57,1.14.0,Free_feed,5,4.13,nan,1,RightWithPellet,Left,9,11,1,0,nan,nan,0.05
3/29/2023 19:55:03,1.14.0,Free_feed,5,4.13,nan,1,RightWithPellet,Left,9,12,1,0,nan,nan,0.04
3/29/2023 19:55:08,1.14.0,Free_feed,5,4.13,nan,1,RightWithPellet,Left,9,13,1,0,nan,nan,0.26
3/29/2023 19:56:25,1.14.0,Free_feed,5,4.13,nan,1,LeftWithPellet,Left,10,13,1,0,nan,nan,0.01
3/29/2023 19:58:45,1.14.0,Free_feed,5,4.14,nan,1,LeftWithPellet,Left,11,13,1,0,nan,nan,0.28
3/29/2023 19:58:47,1.14.0,Free_feed,5,4.13,nan,1,LeftWithPellet,Left,12,13,1,0,nan,nan,0.02
3/29/2023 19:58:48,1.14.0,Free_feed,5,4.14,nan,1,LeftWithPellet,Left,13,13,1,0,nan,nan,0.20
3/29/2023 19:59:15,1.14.0,Free_feed,5,4.13,nan,1,LeftWithPellet,Left,14,13,1,0,nan,nan,0.05
3/29/2023 20:09:37,1.14.0,Free_feed,5,4.13,1,1,Pellet,Left,14,13,2,0,Timed_out,2356,nan
3/29/2023 20:12:22,1.14.0,Free_feed,5,4.13,1,1,Pellet,Left,14,13,3,0,Timed_out,164,nan
3/29/2023 20:13:05,1.14.0,Free_feed,5,4.14,1,1,Pellet,Left,14,13,4,0,41.56,44,nan
3/29/2023 20:14:00,1.14.0,Free_feed,5,4.14,nan,1,LeftWithPellet,Left,15,13,4,0,nan,nan,0.35
3/29/2023 20:14:02,1.14.0,Free_feed,5,4.13,1,1,Pellet,Left,15,13,5,0,50.08,57,nan
3/29/2023 20:14:48,1.14.0,Free_feed,5,4.13,1,1,Pellet,Left,15,13,6,0,38.97,46,nan
3/29/2023 20:15:45,1.14.0,Free_feed,5,4.13,1,1,Pellet,Left,15,13,7,0,49.49,57,nan
3/29/2023 20:16:56,1.14.0,Free_feed,5,4.13,1,1,Pellet,Left,15,13,8,0,Timed_out,71,nan
3/29/2023 20:18:03,1.14.0,Free_feed,5,4.13,nan,1,RightWithPellet,Left,15,14,8,0,nan,nan,0.85
3/29/2023 20:18:28,1.14.0,Free_feed,5,4.13,1,1,Pellet,Left,15,14,9,0,Timed_out,91,nan
3/29/2023 20:19:23,1.14.0,Free_feed,5,4.13,1,1,Pellet,Left,15,14,10,0,49.07,56,nan
3/29/2023 20:20:09,1.14.0,Free_feed,5,4.12,1,1,Pellet,Left,15,14,11,0,38.54,46,nan
3/29/2023 20:27:17,1.14.0,Free_feed,5,4.13,1,1,Pellet,Left,15,14,12,0,Timed_out,428,nan
3/29/2023 20:28:55,1.14.0,Free_feed,5,4.13,1,1,Pellet,Left,15,14,13,0,Timed_out,98,nan
3/29/2023 20:30:03,1.14.0,Free_feed,5,4.13,1,1,Pellet,Left,15,14,14,0,Timed_out,68,nan
3/29/2023 20:30:53,1.14.0,Free_feed,5,4.12,1,1,Pellet,Left,15,14,15,0,43.41,50,nan
3/29/2023 20:36:45,1.14.0,Free_feed,5,4.13,2,1,Pellet,Left,15,14,16,0,Timed_out,352,nan
3/29/2023 20:38:47,1.14.0,Free_feed,5,4.13,nan,1,LeftWithPellet,Left,16,14,16,0,nan,nan,0.15
3/29/2023 21:21:54,1.14.0,Free_feed,5,4.13,nan,1,LeftWithPellet,Left,17,14,16,0,nan,nan,0.02
3/29/2023 21:22:06,1.14.0,Free_feed,5,4.12,1,1,Pellet,Left,17,14,17,0,Timed_out,2720,nan
3/29/2023 21:22:34,1.14.0,Free_feed,5,4.12,nan,1,RightWithPellet,Left,17,15,17,0,nan,nan,0.03
3/29/2023 21:23:05,1.14.0,Free_feed,5,4.13,1,1,Pellet,Left,17,15,18,0,51.99,60,nan
3/29/2023 21:23:25,1.14.0,Free_feed,5,4.13,nan,1,LeftWithPellet,Left,18,15,18,0,nan,nan,0.15
3/29/2023 21:24:11,1.14.0,Free_feed,5,4.13,1,1,Pellet,Left,18,15,19,0,Timed_out,66,nan
3/29/2023 21:25:08,1.14.0,Free_feed,5,4.13,1,1,Pellet,Left,18,15,20,0,49.87,57,nan
3/29/2023 21:26:03,1.14.0,Free_feed,5,4.13,1,1,Pellet,Left,18,15,21,0,47.56,55,nan
3/29/2023 21:26:26,1.14.0,Free_feed,5,4.12,1,1,Pellet,Left,18,15,22,0,14.91,22,nan
3/29/2023 21:26:53,1.14.0,Free_feed,5,4.12,1,1,Pellet,Left,18,15,23,0,20.51,28,nan
3/29/2023 21:27:40,1.14.0,Free_feed,5,4.13,1,1,Pellet,Left,18,15,24,0,38.93,47,nan
3/29/2023 21:28:02,1.14.0,Free_feed,5,4.13,1,1,Pellet,Left,18,15,25,0,14.91,21,nan
3/29/2023 21:28:18,1.14.0,Free_feed,5,4.12,1,1,Pellet,Left,18,15,26,0,9.62,17,nan
3/29/2023 21:30:06,1.14.0,Free_feed,5,4.12,nan,1,LeftWithPellet,Left,19,15,26,0,nan,nan,0.02
3/29/2023 21:30:08,1.14.0,Free_feed,5,4.12,nan,1,LeftWithPellet,Left,20,15,26,0,nan,nan,0.37
3/29/2023 21:30:36,1.14.0,Free_feed,5,4.13,nan,1,RightWithPellet,Left,20,16,26,0,nan,nan,0.51
3/29/2023 21:30:41,1.14.0,Free_feed,5,4.13,nan,1,LeftWithPellet,Left,21,16,26,0,nan,nan,0.82
3/29/2023 21:30:41,1.14.0,Free_feed,5,4.13,nan,1,LeftWithPellet,Left,22,16,26,0,nan,nan,0.08
3/29/2023 21:30:42,1.14.0,Free_feed,5,4.13,nan,1,LeftWithPellet,Left,23,16,26,0,nan,nan,0.29
3/29/2023 21:30:45,1.14.0,Free_feed,5,4.12,nan,1,LeftWithPellet,Left,24,16,26,0,nan,nan,0.39
3/29/2023 21:31:09,1.14.0,Free_feed,5,4.13,1,1,Pellet,Left,24,16,27,0,Timed_out,171,nan
3/29/2023 21:31:22,1.14.0,Free_feed,5,4.13,nan,1,LeftWithPellet,Left,25,16,27,0,nan,nan,0.03
3/29/2023 21:31:23,1.14.0,Free_feed,5,4.13,nan,1,LeftWithPellet,Left,26,16,27,0,nan,nan,0.29
3/29/2023 21:38:45,1.14.0,Free_feed,5,4.13,nan,1,LeftWithPellet,Left,27,16,27,0,nan,nan,0.01
3/29/2023 21:39:58,1.14.0,Free_feed,5,4.12,nan,1,LeftWithPellet,Left,28,16,27,0,nan,nan,0.24
3/29/2023 21:40:06,1.14.0,Free_feed,5,4.13,nan,1,LeftWithPellet,Left,29,16,27,0,nan,nan,0.18
3/29/2023 21:40:29,1.14.0,Free_feed,5,4.12,1,1,Pellet,Left,29,16,28,0,Timed_out,560,nan
3/29/2023 21:40:51,1.14.0,Free_feed,5,4.13,1,1,Pellet,Left,29,16,29,0,14.66,22,nan
3/29/2023 21:44:03,1.14.0,Free_feed,5,4.13,nan,1,LeftWithPellet,Left,30,16,29,0,nan,nan,0.07
3/29/2023 21:44:32,1.14.0,Free_feed,5,4.13,2,1,Pellet,Left,30,16,30,0,Timed_out,220,nan
3/29/2023 21:46:57,1.14.0,Free_feed,5,4.12,1,1,Pellet,Left,30,16,31,0,Timed_out,146,nan
3/29/2023 21:47:52,1.14.0,Free_feed,5,4.13,1,1,Pellet,Left,30,16,32,0,47.65,55,nan
3/29/2023 21:48:19,1.14.0,Free_feed,5,4.12,nan,1,LeftWithPellet,Left,31,16,32,0,nan,nan,0.00
3/29/2023 21:48:24,1.14.0,Free_feed,5,4.12,2,1,Pellet,Left,31,16,33,0,21.64,31,nan
3/29/2023 21:49:29,1.14.0,Free_feed,5,4.12,nan,1,RightWithPellet,Left,31,17,33,0,nan,nan,0.09
3/29/2023 21:50:03,1.14.0,Free_feed,5,4.13,1,1,Pellet,Left,31,17,34,0,Timed_out,100,nan
3/29/2023 21:58:15,1.14.0,Free_feed,5,4.12,1,1,Pellet,Left,31,17,35,0,Timed_out,492,nan
3/29/2023 21:58:50,1.14.0,Free_feed,5,4.13,1,1,Pellet,Left,31,17,36,0,27.05,35,nan
3/29/2023 21:59:16,1.14.0,Free_feed,5,4.12,1,1,Pellet,Left,31,17,37,0,19.65,26,nan
3/29/2023 21:59:57,1.14.0,Free_feed,5,4.12,nan,1,LeftWithPellet,Left,32,17,37,0,nan,nan,0.06
3/29/2023 21:59:58,1.14.0,Free_feed,5,4.12,nan,1,LeftWithPellet,Left,33,17,37,0,nan,nan,0.21
3/29/2023 22:00:00,1.14.0,Free_feed,5,4.12,nan,1,LeftWithPellet,Left,34,17,37,0,nan,nan,1.63
3/29/2023 22:00:03,1.14.0,Free_feed,5,4.12,1,1,Pellet,Left,34,17,38,0,44.92,47,nan
3/29/2023 22:00:09,1.14.0,Free_feed,5,4.12,nan,1,RightWithPellet,Left,34,18,38,0,nan,nan,0.90
3/29/2023 22:01:29,1.14.0,Free_feed,5,4.12,nan,1,LeftWithPellet,Left,35,18,38,0,nan,nan,0.02
3/29/2023 22:02:12,1.14.0,Free_feed,5,4.12,nan,1,LeftWithPellet,Left,36,18,38,0,nan,nan,0.01
3/29/2023 22:15:59,1.14.0,Free_feed,5,4.12,nan,1,RightWithPellet,Left,36,19,38,0,nan,nan,0.99
3/29/2023 22:16:10,1.14.0,Free_feed,5,4.13,1,1,Pellet,Left,36,19,39,0,Timed_out,966,nan
3/29/2023 22:16:21,1.14.0,Free_feed,5,4.12,1,1,Pellet,Left,36,19,40,0,4.34,12,nan
3/29/2023 22:16:22,1.14.0,Free_feed,5,4.13,1,1,Pellet,Left,36,19,41,0,0.06,1,nan
3/29/2023 22:18:54,1.14.0,Free_feed,5,4.12,2,1,Pellet,Left,36,19,42,0,Timed_out,152,nan
3/29/2023 22:27:39,1.14.0,Free_feed,5,4.12,nan,1,LeftWithPellet,Left,37,19,42,0,nan,nan,0.15
3/29/2023 22:27:46,1.14.0,Free_feed,5,4.12,1,1,Pellet,Left,37,19,43,0,Timed_out,532,nan
3/29/2023 22:28:04,1.14.0,Free_feed,5,4.13,2,1,Pellet,Left,37,19,44,0,15.65,18,nan
3/29/2023 22:28:24,1.14.0,Free_feed,5,4.12,nan,1,RightWithPellet,Left,37,20,44,0,nan,nan,0.13
3/29/2023 22:29:08,1.14.0,Free_feed,5,4.12,1,1,Pellet,Left,37,20,45,0,57.08,64,nan
3/29/2023 22:33:51,1.14.0,Free_feed,5,4.12,2,1,Pellet,Left,37,20,46,0,Timed_out,283,nan
3/29/2023 22:40:20,1.14.0,Free_feed,5,4.12,nan,1,LeftWithPellet,Left,38,20,46,0,nan,nan,0.38
3/29/2023 22:40:22,1.14.0,Free_feed,5,4.12,nan,1,LeftWithPellet,Left,39,20,46,0,nan,nan,0.20
3/29/2023 22:40:26,1.14.0,Free_feed,5,4.12,nan,1,RightWithPellet,Left,39,21,46,0,nan,nan,0.88
3/29/2023 22:40:34,1.14.0,Free_feed,5,4.12,1,1,Pellet,Left,39,21,47,0,Timed_out,403,nan
3/29/2023 22:41:42,1.14.0,Free_feed,5,4.12,nan,1,RightWithPellet,Left,39,22,47,0,nan,nan,0.27
3/29/2023 22:48:44,1.14.0,Free_feed,5,4.12,1,1,Pellet,Left,39,22,48,0,Timed_out,490,nan
3/29/2023 22:48:49,1.14.0,Free_feed,5,4.12,1,1,Pellet,Left,39,22,49,0,0.06,5,nan
3/29/2023 22:49:16,1.14.0,Free_feed,5,4.12,nan,1,RightWithPellet,Left,39,23,49,0,nan,nan,0.04
3/29/2023 22:49:19,1.14.0,Free_feed,5,4.12,nan,1,RightWithPellet,Left,39,24,49,0,nan,nan,0.14
3/29/2023 22:49:20,1.14.0,Free_feed,5,4.12,nan,1,RightWithPellet,Left,39,25,49,0,nan,nan,0.98
3/29/2023 22:49:31,1.14.0,Free_feed,5,4.12,nan,1,RightWithPellet,Left,39,26,49,0,nan,nan,0.24
3/29/2023 22:49:39,1.14.0,Free_feed,5,4.12,1,1,Pellet,Left,39,26,50,0,41.66,50,nan
3/29/2023 22:54:23,1.14.0,Free_feed,5,4.12,1,1,Pellet,Left,39,26,51,0,Timed_out,284,nan
3/29/2023 22:58:04,1.14.0,Free_feed,5,4.12,1,1,Pellet,Left,39,26,52,0,Timed_out,221,nan
3/29/2023 22:58:34,1.14.0,Free_feed,5,4.12,1,1,Pellet,Left,39,26,53,0,23.29,30,nan
3/29/2023 22:58:56,1.14.0,Free_feed,5,4.12,1,1,Pellet,Left,39,26,54,0,14.30,22,nan
3/29/2023 22:59:04,1.14.0,Free_feed,5,4.12,1,1,Pellet,Left,39,26,55,0,0.67,8,nan
3/29/2023 22:59:17,1.14.0,Free_feed,5,4.12,nan,1,RightWithPellet,Left,39,27,55,0,nan,nan,0.88
3/29/2023 23:05:10,1.14.0,Free_feed,5,4.12,nan,1,RightWithPellet,Left,39,28,55,0,nan,nan,0.05
3/29/2023 23:05:11,1.14.0,Free_feed,5,4.12,nan,1,RightWithPellet,Left,39,29,55,0,nan,nan,0.26
3/29/2023 23:06:44,1.14.0,Free_feed,5,4.12,1,1,Pellet,Left,39,29,56,0,Timed_out,460,nan
3/29/2023 23:27:57,1.14.0,Free_feed,5,4.12,nan,1,RightWithPellet,Left,39,30,56,0,nan,nan,0.40
3/29/2023 23:31:55,1.14.0,Free_feed,5,4.12,1,1,Pellet,Left,39,30,57,0,Timed_out,1511,nan
3/29/2023 23:32:32,1.14.0,Free_feed,5,4.12,1,1,Pellet,Left,39,30,58,0,29.82,37,nan
3/29/2023 23:33:16,1.14.0,Free_feed,5,4.12,2,1,Pellet,Left,39,30,59,0,34.94,44,nan
3/29/2023 23:33:55,1.14.0,Free_feed,5,4.12,1,1,Pellet,Left,39,30,60,0,32.35,39,nan
3/29/2023 23:34:22,1.14.0,Free_feed,5,4.12,nan,1,RightWithPellet,Left,39,31,60,0,nan,nan,0.04
3/29/2023 23:34:57,1.14.0,Free_feed,5,4.12,nan,1,LeftWithPellet,Left,40,31,60,0,nan,nan,0.20
3/29/2023 23:38:08,1.14.0,Free_feed,5,4.12,nan,1,LeftWithPellet,Left,41,31,60,0,nan,nan,0.01
3/29/2023 23:39:19,1.14.0,Free_feed,5,4.12,nan,1,LeftWithPellet,Left,42,31,60,0,nan,nan,0.00
3/29/2023 23:43:04,1.14.0,Free_feed,5,4.12,1,1,Pellet,Left,42,31,61,0,Timed_out,549,nan
3/29/2023 23:45:23,1.14.0,Free_feed,5,4.12,1,1,Pellet,Left,42,31,62,0,Timed_out,139,nan
3/29/2023 23:45:40,1.14.0,Free_feed,5,4.12,1,1,Pellet,Left,42,31,63,0,10.06,17,nan
3/29/2023 23:46:02,1.14.0,Free_feed,5,4.12,1,1,Pellet,Left,42,31,64,0,14.67,22,nan
3/29/2023 23:46:15,1.14.0,Free_feed,5,4.12,1,1,Pellet,Left,42,31,65,0,5.63,13,nan
3/29/2023 23:46:29,1.14.0,Free_feed,5,4.12,1,1,Pellet,Left,42,31,66,0,6.37,14,nan
3/29/2023 23:46:49,1.14.0,Free_feed,5,4.12,1,1,Pellet,Left,42,31,67,0,12.76,20,nan
3/29/2023 23:47:01,1.14.0,Free_feed,5,4.12,1,1,Pellet,Left,42,31,68,0,5.14,12,nan
3/29/2023 23:55:58,1.14.0,Free_feed,5,4.12,nan,1,RightWithPellet,Left,42,32,68,0,nan,nan,0.07
3/29/2023 23:56:51,1.14.0,Free_feed,5,4.12,nan,1,LeftWithPellet,Left,43,32,68,0,nan,nan,0.18
3/29/2023 23:56:55,1.14.0,Free_feed,5,4.12,nan,1,LeftWithPellet,Left,44,32,68,0,nan,nan,0.39
3/30/2023 0:02:44,1.14.0,Free_feed,5,4.12,nan,1,RightWithPellet,Left,44,33,68,0,nan,nan,0.02
3/30/2023 0:03:55,1.14.0,Free_feed,5,4.12,1,1,Pellet,Left,44,33,69,0,Timed_out,1014,nan
3/30/2023 0:04:15,1.14.0,Free_feed,5,4.12,2,1,Pellet,Left,44,33,70,0,12.75,20,nan
3/30/2023 0:04:38,1.14.0,Free_feed,5,4.12,1,1,Pellet,Left,44,33,71,0,15.33,22,nan
3/30/2023 0:04:48,1.14.0,Free_feed,5,4.12,nan,1,LeftWithPellet,Left,45,33,71,0,nan,nan,0.89
3/30/2023 0:04:49,1.14.0,Free_feed,5,4.12,1,1,Pellet,Left,45,33,72,0,4.22,12,nan
3/30/2023 0:17:21,1.14.0,Free_feed,5,4.12,nan,1,LeftWithPellet,Left,46,33,72,0,nan,nan,0.02
3/30/2023 0:18:34,1.14.0,Free_feed,5,4.12,nan,1,RightWithPellet,Left,46,34,72,0,nan,nan,0.06
3/30/2023 0:19:00,1.14.0,Free_feed,5,4.12,1,1,Pellet,Left,46,34,73,0,Timed_out,851,nan
3/30/2023 0:19:17,1.14.0,Free_feed,5,4.11,1,1,Pellet,Left,46,34,74,0,9.92,17,nan
3/30/2023 0:19:45,1.14.0,Free_feed,5,4.12,1,1,Pellet,Left,46,34,75,0,20.74,28,nan
3/30/2023 0:19:56,1.14.0,Free_feed,5,4.12,nan,1,LeftWithPellet,Left,47,34,75,0,nan,nan,0.21
3/30/2023 0:19:56,1.14.0,Free_feed,5,4.12,nan,1,LeftWithPellet,Left,48,34,75,0,nan,nan,0.07
3/30/2023 0:20:02,1.14.0,Free_feed,5,4.12,1,1,Pellet,Left,48,34,76,0,9.38,17,nan
3/30/2023 0:21:01,1.14.0,Free_feed,5,4.11,1,1,Pellet,Left,48,34,77,0,52.58,59,nan
3/30/2023 0:26:53,1.14.0,Free_feed,5,4.12,nan,1,LeftWithPellet,Left,49,34,77,0,nan,nan,0.01
3/30/2023 0:30:54,1.14.0,Free_feed,5,4.12,nan,1,RightWithPellet,Left,49,35,77,0,nan,nan,0.21
3/30/2023 0:31:24,1.14.0,Free_feed,5,4.12,nan,1,RightWithPellet,Left,49,36,77,0,nan,nan,0.07
3/30/2023 0:34:01,1.14.0,Free_feed,5,4.12,1,1,Pellet,Left,49,36,78,0,Timed_out,780,nan
3/30/2023 0:34:31,1.14.0,Free_feed,5,4.12,1,1,Pellet,Left,49,36,79,0,22.35,30,nan
3/30/2023 0:39:55,1.14.0,Free_feed,5,4.12,1,1,Pellet,Left,49,36,80,0,Timed_out,324,nan
3/30/2023 0:47:24,1.14.0,Free_feed,5,4.12,1,1,Pellet,Left,49,36,81,0,Timed_out,449,nan
3/30/2023 0:47:37,1.14.0,Free_feed,5,4.12,1,1,Pellet,Left,49,36,82,0,5.75,13,nan
3/30/2023 0:47:42,1.14.0,Free_feed,5,4.12,1,1,Pellet,Left,49,36,83,0,0.06,5,nan
3/30/2023 0:49:58,1.14.0,Free_feed,5,4.12,1,1,Pellet,Left,49,36,84,0,Timed_out,136,nan
3/30/2023 0:50:11,1.14.0,Free_feed,5,4.11,1,1,Pellet,Left,49,36,85,0,5.33,13,nan
3/30/2023 0:50:28,1.14.0,Free_feed,5,4.12,1,1,Pellet,Left,49,36,86,0,9.81,17,nan
3/30/2023 0:50:45,1.14.0,Free_feed,5,4.12,1,1,Pellet,Left,49,36,87,0,10.05,17,nan
3/30/2023 0:51:02,1.14.0,Free_feed,5,4.12,1,1,Pellet,Left,49,36,88,0,9.93,17,nan
3/30/2023 0:51:21,1.14.0,Free_feed,5,4.12,1,1,Pellet,Left,49,36,89,0,11.16,18,nan
3/30/2023 0:57:06,1.14.0,Free_feed,5,4.12,1,1,Pellet,Left,49,36,90,0,Timed_out,346,nan
3/30/2023 0:57:25,1.14.0,Free_feed,5,4.12,1,1,Pellet,Left,49,36,91,0,11.46,19,nan
3/30/2023 0:57:45,1.14.0,Free_feed,5,4.11,2,1,Pellet,Left,49,36,92,0,12.51,20,nan
3/30/2023 0:59:30,1.14.0,Free_feed,5,4.12,nan,1,LeftWithPellet,Left,50,36,92,0,nan,nan,0.06
3/30/2023 0:59:31,1.14.0,Free_feed,5,4.12,nan,1,LeftWithPellet,Left,51,36,92,0,nan,nan,0.36
3/30/2023 0:59:36,1.14.0,Free_feed,5,4.12,nan,1,LeftWithPellet,Left,52,36,92,0,nan,nan,2.08
3/30/2023 0:59:45,1.14.0,Free_feed,5,4.12,nan,1,LeftWithPellet,Left,53,36,92,0,nan,nan,0.88
3/30/2023 0:59:45,1.14.0,Free_feed,5,4.12,nan,1,LeftWithPellet,Left,54,36,92,0,nan,nan,0.11
3/30/2023 0:59:48,1.14.0,Free_feed,5,4.12,nan,1,LeftWithPellet,Left,55,36,92,0,nan,nan,0.27
3/30/2023 0:59:52,1.14.0,Free_feed,5,4.12,nan,1,LeftWithPellet,Left,56,36,92,0,nan,nan,0.83
3/30/2023 0:59:53,1.14.0,Free_feed,5,4.12,nan,1,LeftWithPellet,Left,57,36,92,0,nan,nan,0.58
3/30/2023 0:59:58,1.14.0,Free_feed,5,4.12,nan,1,LeftWithPellet,Left,58,36,92,0,nan,nan,1.34
3/30/2023 1:00:00,1.14.0,Free_feed,5,4.12,nan,1,LeftWithPellet,Left,59,36,92,0,nan,nan,0.69
3/30/2023 1:00:21,1.14.0,Free_feed,5,4.12,1,1,Pellet,Left,59,36,93,0,Timed_out,156,nan
3/30/2023 1:00:31,1.14.0,Free_feed,5,4.12,nan,1,RightWithPellet,Left,59,37,93,0,nan,nan,1.11
3/30/2023 1:00:34,1.14.0,Free_feed,5,4.12,nan,1,RightWithPellet,Left,59,38,93,0,nan,nan,1.17
3/30/2023 1:00:36,1.14.0,Free_feed,5,4.12,nan,1,RightWithPellet,Left,59,39,93,0,nan,nan,1.46
3/30/2023 1:00:39,1.14.0,Free_feed,5,4.11,nan,1,RightWithPellet,Left,59,40,93,0,nan,nan,2.03
3/30/2023 1:00:40,1.14.0,Free_feed,5,4.12,nan,1,RightWithPellet,Left,59,41,93,0,nan,nan,0.83
3/30/2023 1:00:41,1.14.0,Free_feed,5,4.12,nan,1,RightWithPellet,Left,59,42,93,0,nan,nan,0.36
3/30/2023 1:00:44,1.14.0,Free_feed,5,4.12,nan,1,RightWithPellet,Left,59,43,93,0,nan,nan,1.26
3/30/2023 1:00:45,1.14.0,Free_feed,5,4.11,nan,1,RightWithPellet,Left,59,44,93,0,nan,nan,0.09
3/30/2023 1:00:45,1.14.0,Free_feed,5,4.11,nan,1,RightWithPellet,Left,59,45,93,0,nan,nan,0.42
3/30/2023 1:00:49,1.14.0,Free_feed,5,4.12,nan,1,RightWithPellet,Left,59,46,93,0,nan,nan,2.79
3/30/2023 1:00:50,1.14.0,Free_feed,5,4.12,nan,1,RightWithPellet,Left,59,47,93,0,nan,nan,1.23
3/30/2023 1:00:52,1.14.0,Free_feed,5,4.12,nan,1,RightWithPellet,Left,59,48,93,0,nan,nan,1.04
3/30/2023 1:00:52,1.14.0,Free_feed,5,4.12,nan,1,RightWithPellet,Left,59,49,93,0,nan,nan,0.50
3/30/2023 1:00:56,1.14.0,Free_feed,5,4.12,nan,1,RightWithPellet,Left,59,50,93,0,nan,nan,0.20
3/30/2023 1:00:57,1.14.0,Free_feed,5,4.12,nan,1,RightWithPellet,Left,59,51,93,0,nan,nan,0.92
3/30/2023 1:00:58,1.14.0,Free_feed,5,4.12,nan,1,RightWithPellet,Left,59,52,93,0,nan,nan,1.12
3/30/2023 1:00:59,1.14.0,Free_feed,5,4.12,nan,1,RightWithPellet,Left,59,53,93,0,nan,nan,0.05
3/30/2023 1:01:00,1.14.0,Free_feed,5,4.12,nan,1,RightWithPellet,Left,59,54,93,0,nan,nan,0.53
3/30/2023 1:01:01,1.14.0,Free_feed,5,4.12,nan,1,RightWithPellet,Left,59,55,93,0,nan,nan,0.70
3/30/2023 1:01:02,1.14.0,Free_feed,5,4.12,nan,1,RightWithPellet,Left,59,56,93,0,nan,nan,0.93
3/30/2023 1:01:03,1.14.0,Free_feed,5,4.11,nan,1,RightWithPellet,Left,59,57,93,0,nan,nan,0.00
3/30/2023 1:01:03,1.14.0,Free_feed,5,4.12,nan,1,RightWithPellet,Left,59,58,93,0,nan,nan,0.02
3/30/2023 1:01:04,1.14.0,Free_feed,5,4.12,nan,1,RightWithPellet,Left,59,59,93,0,nan,nan,0.32
3/30/2023 1:01:12,1.14.0,Free_feed,5,4.12,nan,1,RightWithPellet,Left,59,60,93,0,nan,nan,0.01
3/30/2023 1:01:24,1.14.0,Free_feed,5,4.11,nan,1,RightWithPellet,Left,59,61,93,0,nan,nan,3.71
3/30/2023 1:01:24,1.14.0,Free_feed,5,4.11,nan,1,RightWithPellet,Left,59,62,93,0,nan,nan,0.06
3/30/2023 1:01:25,1.14.0,Free_feed,5,4.11,nan,1,RightWithPellet,Left,59,63,93,0,nan,nan,0.01
3/30/2023 1:01:32,1.14.0,Free_feed,5,4.12,nan,1,RightWithPellet,Left,59,64,93,0,nan,nan,0.03
3/30/2023 1:01:38,1.14.0,Free_feed,5,4.12,nan,1,RightWithPellet,Left,59,65,93,0,nan,nan,0.15
3/30/2023 1:01:45,1.14.0,Free_feed,5,4.12,nan,1,RightWithPellet,Left,59,66,93,0,nan,nan,2.18
3/30/2023 1:01:47,1.14.0,Free_feed,5,4.12,nan,1,RightWithPellet,Left,59,67,93,0,nan,nan,0.06
3/30/2023 1:01:54,1.14.0,Free_feed,5,4.11,nan,1,RightWithPellet,Left,59,68,93,0,nan,nan,2.54
3/30/2023 1:01:59,1.14.0,Free_feed,5,4.12,nan,1,RightWithPellet,Left,59,69,93,0,nan,nan,2.70
3/30/2023 1:02:01,1.14.0,Free_feed,5,4.12,nan,1,RightWithPellet,Left,59,70,93,0,nan,nan,0.04
3/30/2023 1:02:10,1.14.0,Free_feed,5,4.12,nan,1,RightWithPellet,Left,59,71,93,0,nan,nan,1.27
3/30/2023 1:02:15,1.14.0,Free_feed,5,4.12,nan,1,RightWithPellet,Left,59,72,93,0,nan,nan,3.21
3/30/2023 1:02:16,1.14.0,Free_feed,5,4.11,nan,1,RightWithPellet,Left,59,73,93,0,nan,nan,0.42
3/30/2023 1:02:22,1.14.0,Free_feed,5,4.12,nan,1,RightWithPellet,Left,59,74,93,0,nan,nan,5.13
3/30/2023 1:02:23,1.14.0,Free_feed,5,4.12,nan,1,RightWithPellet,Left,59,75,93,0,nan,nan,0.03
3/30/2023 1:02:27,1.14.0,Free_feed,5,4.11,nan,1,RightWithPellet,Left,59,76,93,0,nan,nan,0.69
3/30/2023 1:02:33,1.14.0,Free_feed,5,4.12,nan,1,RightWithPellet,Left,59,77,93,0,nan,nan,2.16
3/30/2023 1:02:35,1.14.0,Free_feed,5,4.12,nan,1,RightWithPellet,Left,59,78,93,0,nan,nan,0.12
3/30/2023 1:02:45,1.14.0,Free_feed,5,4.12,nan,1,RightWithPellet,Left,59,79,93,0,nan,nan,4.33
3/30/2023 1:02:51,1.14.0,Free_feed,5,4.12,nan,1,RightWithPellet,Left,59,80,93,0,nan,nan,3.16
3/30/2023 1:02:54,1.14.0,Free_feed,5,4.12,nan,1,RightWithPellet,Left,59,81,93,0,nan,nan,0.66
3/30/2023 1:03:01,1.14.0,Free_feed,5,4.11,nan,1,RightWithPellet,Left,59,82,93,0,nan,nan,4.74
3/30/2023 1:03:03,1.14.0,Free_feed,5,4.12,nan,1,RightWithPellet,Left,59,83,93,0,nan,nan,1.20
3/30/2023 1:03:06,1.14.0,Free_feed,5,4.12,nan,1,RightWithPellet,Left,59,84,93,0,nan,nan,0.11
3/30/2023 1:03:08,1.14.0,Free_feed,5,4.11,nan,1,RightWithPellet,Left,59,85,93,0,nan,nan,1.03
3/30/2023 1:03:12,1.14.0,Free_feed,5,4.11,nan,1,RightWithPellet,Left,59,86,93,0,nan,nan,0.38
3/30/2023 1:03:17,1.14.0,Free_feed,5,4.11,nan,1,RightWithPellet,Left,59,87,93,0,nan,nan,0.62
3/30/2023 1:03:20,1.14.0,Free_feed,5,4.11,nan,1,RightWithPellet,Left,59,88,93,0,nan,nan,0.55
3/30/2023 1:03:21,1.14.0,Free_feed,5,4.12,nan,1,RightWithPellet,Left,59,89,93,0,nan,nan,0.03
3/30/2023 1:03:30,1.14.0,Free_feed,5,4.12,nan,1,RightWithPellet,Left,59,90,93,0,nan,nan,2.88
3/30/2023 1:03:31,1.14.0,Free_feed,5,4.12,nan,1,RightWithPellet,Left,59,91,93,0,nan,nan,0.67
3/30/2023 1:03:33,1.14.0,Free_feed,5,4.12,nan,1,RightWithPellet,Left,59,92,93,0,nan,nan,1.19
3/30/2023 1:03:36,1.14.0,Free_feed,5,4.11,nan,1,RightWithPellet,Left,59,93,93,0,nan,nan,0.02
3/30/2023 1:03:39,1.14.0,Free_feed,5,4.12,nan,1,RightWithPellet,Left,59,94,93,0,nan,nan,0.05
3/30/2023 1:03:43,1.14.0,Free_feed,5,4.12,nan,1,RightWithPellet,Left,59,95,93,0,nan,nan,0.34
3/30/2023 1:03:56,1.14.0,Free_feed,5,4.12,nan,1,RightWithPellet,Left,59,96,93,0,nan,nan,0.13
3/30/2023 1:04:19,1.14.0,Free_feed,5,4.12,nan,1,RightWithPellet,Left,59,97,93,0,nan,nan,0.05
3/30/2023 1:04:22,1.14.0,Free_feed,5,4.11,nan,1,RightWithPellet,Left,59,98,93,0,nan,nan,0.03
3/30/2023 1:04:26,1.14.0,Free_feed,5,4.12,nan,1,RightWithPellet,Left,59,99,93,0,nan,nan,0.20
3/30/2023 1:04:28,1.14.0,Free_feed,5,4.12,nan,1,RightWithPellet,Left,59,100,93,0,nan,nan,0.04
3/30/2023 1:04:32,1.14.0,Free_feed,5,4.12,nan,1,RightWithPellet,Left,59,101,93,0,nan,nan,2.06
3/30/2023 1:04:34,1.14.0,Free_feed,5,4.12,nan,1,RightWithPellet,Left,59,102,93,0,nan,nan,0.02
3/30/2023 1:05:40,1.14.0,Free_feed,5,4.12,nan,1,RightWithPellet,Left,59,103,93,0,nan,nan,0.08
3/30/2023 1:05:44,1.14.0,Free_feed,5,4.12,nan,1,RightWithPellet,Left,59,104,93,0,nan,nan,0.52
3/30/2023 1:05:46,1.14.0,Free_feed,5,4.11,nan,1,RightWithPellet,Left,59,105,93,0,nan,nan,0.89
3/30/2023 1:05:47,1.14.0,Free_feed,5,4.11,nan,1,RightWithPellet,Left,59,106,93,0,nan,nan,1.04
3/30/2023 1:05:49,1.14.0,Free_feed,5,4.12,nan,1,RightWithPellet,Left,59,107,93,0,nan,nan,0.97
3/30/2023 1:05:53,1.14.0,Free_feed,5,4.11,nan,1,RightWithPellet,Left,59,108,93,0,nan,nan,0.25
3/30/2023 1:05:56,1.14.0,Free_feed,5,4.11,nan,1,RightWithPellet,Left,59,109,93,0,nan,nan,1.54
3/30/2023 1:05:59,1.14.0,Free_feed,5,4.11,nan,1,RightWithPellet,Left,59,110,93,0,nan,nan,1.00
3/30/2023 1:06:02,1.14.0,Free_feed,5,4.11,nan,1,RightWithPellet,Left,59,111,93,0,nan,nan,0.87
3/30/2023 1:07:12,1.14.0,Free_feed,5,4.11,nan,1,RightWithPellet,Left,59,112,93,0,nan,nan,0.21
3/30/2023 1:07:13,1.14.0,Free_feed,5,4.12,nan,1,RightWithPellet,Left,59,113,93,0,nan,nan,0.03
3/30/2023 1:07:14,1.14.0,Free_feed,5,4.11,nan,1,RightWithPellet,Left,59,114,93,0,nan,nan,0.17
3/30/2023 1:07:17,1.14.0,Free_feed,5,4.11,nan,1,RightWithPellet,Left,59,115,93,0,nan,nan,0.15
3/30/2023 1:07:25,1.14.0,Free_feed,5,4.12,nan,1,RightWithPellet,Left,59,116,93,0,nan,nan,0.03
3/30/2023 1:07:28,1.14.0,Free_feed,5,4.11,nan,1,RightWithPellet,Left,59,117,93,0,nan,nan,0.05
3/30/2023 1:07:37,1.14.0,Free_feed,5,4.12,nan,1,RightWithPellet,Left,59,118,93,0,nan,nan,0.03
3/30/2023 1:07:38,1.14.0,Free_feed,5,4.12,nan,1,RightWithPellet,Left,59,119,93,0,nan,nan,0.13
3/30/2023 1:07:40,1.14.0,Free_feed,5,4.11,nan,1,RightWithPellet,Left,59,120,93,0,nan,nan,0.00
3/30/2023 1:07:45,1.14.0,Free_feed,5,4.12,nan,1,RightWithPellet,Left,59,121,93,0,nan,nan,0.08
3/30/2023 1:07:47,1.14.0,Free_feed,5,4.12,nan,1,RightWithPellet,Left,59,122,93,0,nan,nan,0.19
3/30/2023 1:07:49,1.14.0,Free_feed,5,4.12,nan,1,RightWithPellet,Left,59,123,93,0,nan,nan,0.47
3/30/2023 1:07:51,1.14.0,Free_feed,5,4.12,nan,1,RightWithPellet,Left,59,124,93,0,nan,nan,0.10
3/30/2023 1:07:56,1.14.0,Free_feed,5,4.11,nan,1,RightWithPellet,Left,59,125,93,0,nan,nan,0.04
3/30/2023 1:08:00,1.14.0,Free_feed,5,4.12,nan,1,RightWithPellet,Left,59,126,93,0,nan,nan,0.55
3/30/2023 1:08:04,1.14.0,Free_feed,5,4.11,nan,1,RightWithPellet,Left,59,127,93,0,nan,nan,0.14
3/30/2023 1:08:07,1.14.0,Free_feed,5,4.12,nan,1,RightWithPellet,Left,59,128,93,0,nan,nan,0.91
3/30/2023 1:08:14,1.14.0,Free_feed,5,4.11,nan,1,RightWithPellet,Left,59,129,93,0,nan,nan,0.02
3/30/2023 1:09:07,1.14.0,Free_feed,5,4.12,nan,1,RightWithPellet,Left,59,130,93,0,nan,nan,0.06
3/30/2023 1:09:15,1.14.0,Free_feed,5,4.12,nan,1,LeftWithPellet,Left,60,130,93,0,nan,nan,0.03
3/30/2023 1:09:19,1.14.0,Free_feed,5,4.12,nan,1,LeftWithPellet,Left,61,130,93,0,nan,nan,0.07
3/30/2023 1:09:21,1.14.0,Free_feed,5,4.12,nan,1,LeftWithPellet,Left,62,130,93,0,nan,nan,0.36
3/30/2023 1:09:24,1.14.0,Free_feed,5,4.11,1,1,Pellet,Left,62,130,94,0,Timed_out,543,nan
3/30/2023 1:09:28,1.14.0,Free_feed,5,4.12,nan,1,RightWithPellet,Left,62,131,94,0,nan,nan,0.12
3/30/2023 1:09:28,1.14.0,Free_feed,5,4.11,nan,1,RightWithPellet,Left,62,132,94,0,nan,nan,0.02
3/30/2023 1:09:37,1.14.0,Free_feed,5,4.12,1,1,Pellet,Left,62,132,95,0,9.42,13,nan
3/30/2023 1:10:04,1.14.0,Free_feed,5,4.11,nan,1,RightWithPellet,Left,62,133,95,0,nan,nan,0.13
3/30/2023 1:10:08,1.14.0,Free_feed,5,4.12,nan,1,RightWithPellet,Left,62,134,95,0,nan,nan,0.00
3/30/2023 1:10:27,1.14.0,Free_feed,5,4.12,1,1,Pellet,Left,62,134,96,0,42.45,50,nan
3/30/2023 1:10:58,1.14.0,Free_feed,5,4.11,nan,1,LeftWithPellet,Left,63,134,96,0,nan,nan,0.13
3/30/2023 1:12:08,1.14.0,Free_feed,5,4.11,nan,1,RightWithPellet,Left,63,135,96,0,nan,nan,0.25
3/30/2023 1:19:43,1.14.0,Free_feed,5,4.12,1,1,Pellet,Left,63,135,97,0,Timed_out,555,nan
3/30/2023 1:24:00,1.14.0,Free_feed,5,4.11,nan,1,RightWithPellet,Left,63,136,97,0,nan,nan,0.03
3/30/2023 1:24:29,1.14.0,Free_feed,5,4.12,nan,1,RightWithPellet,Left,63,137,97,0,nan,nan,0.06
3/30/2023 1:25:27,1.14.0,Free_feed,5,4.12,1,1,Pellet,Left,63,137,98,0,Timed_out,345,nan
3/30/2023 1:25:37,1.14.0,Free_feed,5,4.11,3,1,Pellet,Left,63,137,99,0,0.06,10,nan
3/30/2023 1:28:20,1.14.0,Free_feed,5,4.12,nan,1,LeftWithPellet,Left,64,137,99,0,nan,nan,1.00
3/30/2023 1:30:21,1.14.0,Free_feed,5,4.12,nan,1,LeftWithPellet,Left,65,137,99,0,nan,nan,0.00
3/30/2023 1:39:23,1.14.0,Free_feed,5,4.11,2,1,Pellet,Left,65,137,100,0,Timed_out,826,nan
3/30/2023 1:39:34,1.14.0,Free_feed,5,4.11,2,1,Pellet,Left,65,137,101,0,2.99,11,nan
3/30/2023 1:39:54,1.14.0,Free_feed,5,4.11,2,1,Pellet,Left,65,137,102,0,13.06,20,nan
3/30/2023 1:40:12,1.14.0,Free_feed,5,4.11,2,1,Pellet,Left,65,137,103,0,10.97,18,nan
3/30/2023 1:40:27,1.14.0,Free_feed,5,4.11,2,1,Pellet,Left,65,137,104,0,8.14,15,nan
3/30/2023 1:40:46,1.14.0,Free_feed,5,4.12,1,1,Pellet,Left,65,137,105,0,12.25,19,nan
3/30/2023 1:41:00,1.14.0,Free_feed,5,4.12,1,1,Pellet,Left,65,137,106,0,8.02,14,nan
3/30/2023 1:46:47,1.14.0,Free_feed,5,4.12,nan,1,RightWithPellet,Left,65,138,106,0,nan,nan,0.01
3/30/2023 2:00:39,1.14.0,Free_feed,5,4.11,nan,1,LeftWithPellet,Left,66,138,106,0,nan,nan,0.05
3/30/2023 2:00:41,1.14.0,Free_feed,5,4.11,nan,1,LeftWithPellet,Left,67,138,106,0,nan,nan,0.15
3/30/2023 2:00:50,1.14.0,Free_feed,5,4.11,nan,1,LeftWithPellet,Left,68,138,106,0,nan,nan,0.01
3/30/2023 2:01:26,1.14.0,Free_feed,5,4.12,nan,1,RightWithPellet,Left,68,139,106,0,nan,nan,0.03
3/30/2023 2:01:35,1.14.0,Free_feed,5,4.11,nan,1,RightWithPellet,Left,68,140,106,0,nan,nan,3.72
3/30/2023 2:01:36,1.14.0,Free_feed,5,4.11,nan,1,RightWithPellet,Left,68,141,106,0,nan,nan,0.13
3/30/2023 2:01:36,1.14.0,Free_feed,5,4.11,nan,1,RightWithPellet,Left,68,142,106,0,nan,nan,0.02
3/30/2023 2:01:41,1.14.0,Free_feed,5,4.12,nan,1,RightWithPellet,Left,68,143,106,0,nan,nan,0.02
3/30/2023 2:01:44,1.14.0,Free_feed,5,4.12,nan,1,RightWithPellet,Left,68,144,106,0,nan,nan,0.20
3/30/2023 2:01:48,1.14.0,Free_feed,5,4.12,nan,1,RightWithPellet,Left,68,145,106,0,nan,nan,2.31
3/30/2023 2:01:51,1.14.0,Free_feed,5,4.11,nan,1,RightWithPellet,Left,68,146,106,0,nan,nan,2.92
3/30/2023 2:01:57,1.14.0,Free_feed,5,4.12,nan,1,RightWithPellet,Left,68,147,106,0,nan,nan,4.07
3/30/2023 2:02:04,1.14.0,Free_feed,5,4.11,nan,1,RightWithPellet,Left,68,148,106,0,nan,nan,2.75
3/30/2023 2:02:07,1.14.0,Free_feed,5,4.11,nan,1,RightWithPellet,Left,68,149,106,0,nan,nan,0.25
3/30/2023 2:02:09,1.14.0,Free_feed,5,4.12,nan,1,RightWithPellet,Left,68,150,106,0,nan,nan,0.17
3/30/2023 2:02:14,1.14.0,Free_feed,5,4.11,nan,1,RightWithPellet,Left,68,151,106,0,nan,nan,0.64
3/30/2023 2:02:16,1.14.0,Free_feed,5,4.11,nan,1,RightWithPellet,Left,68,152,106,0,nan,nan,1.36
3/30/2023 2:02:18,1.14.0,Free_feed,5,4.11,nan,1,RightWithPellet,Left,68,153,106,0,nan,nan,0.29
3/30/2023 2:02:27,1.14.0,Free_feed,5,4.11,nan,1,RightWithPellet,Left,68,154,106,0,nan,nan,0.09
3/30/2023 2:02:27,1.14.0,Free_feed,5,4.12,nan,1,RightWithPellet,Left,68,155,106,0,nan,nan,0.07
3/30/2023 2:02:30,1.14.0,Free_feed,5,4.11,nan,1,RightWithPellet,Left,68,156,106,0,nan,nan,0.13
3/30/2023 2:02:31,1.14.0,Free_feed,5,4.11,nan,1,RightWithPellet,Left,68,157,106,0,nan,nan,0.05
3/30/2023 2:02:40,1.14.0,Free_feed,5,4.11,2,1,Pellet,Left,68,157,107,0,Timed_out,1300,nan
3/30/2023 2:02:52,1.14.0,Free_feed,5,4.11,1,1,Pellet,Left,68,157,108,0,6.18,12,nan
3/30/2023 2:03:07,1.14.0,Free_feed,5,4.11,1,1,Pellet,Left,68,157,109,0,8.46,15,nan
3/30/2023 2:03:09,1.14.0,Free_feed,5,4.11,1,1,Pellet,Left,68,157,110,0,0.18,2,nan
3/30/2023 2:03:29,1.14.0,Free_feed,5,4.11,1,1,Pellet,Left,68,157,111,0,12.87,20,nan
3/30/2023 2:03:38,1.14.0,Free_feed,5,4.11,1,1,Pellet,Left,68,157,112,0,2.32,9,nan
3/30/2023 2:04:19,1.14.0,Free_feed,5,4.11,nan,1,RightWithPellet,Left,68,158,112,0,nan,nan,0.15
3/30/2023 2:04:19,1.14.0,Free_feed,5,4.11,nan,1,RightWithPellet,Left,68,159,112,0,nan,nan,0.12
3/30/2023 2:04:20,1.14.0,Free_feed,5,4.11,nan,1,RightWithPellet,Left,68,160,112,0,nan,nan,0.27
3/30/2023 2:04:22,1.14.0,Free_feed,5,4.11,nan,1,RightWithPellet,Left,68,161,112,0,nan,nan,0.19
3/30/2023 2:06:34,1.14.0,Free_feed,5,4.12,nan,1,RightWithPellet,Left,68,162,112,0,nan,nan,0.27
3/30/2023 2:08:17,1.14.0,Free_feed,5,4.11,nan,1,RightWithPellet,Left,68,163,112,0,nan,nan,0.04
3/30/2023 2:09:03,1.14.0,Free_feed,5,4.11,nan,1,LeftWithPellet,Left,69,163,112,0,nan,nan,0.08
3/30/2023 2:09:15,1.14.0,Free_feed,5,4.12,nan,1,LeftWithPellet,Left,70,163,112,0,nan,nan,0.05
3/30/2023 2:09:54,1.14.0,Free_feed,5,4.12,nan,1,RightWithPellet,Left,70,164,112,0,nan,nan,0.06
3/30/2023 2:22:17,1.14.0,Free_feed,5,4.11,nan,1,RightWithPellet,Left,70,165,112,0,nan,nan,0.15
3/30/2023 2:22:19,1.14.0,Free_feed,5,4.11,1,1,Pellet,Left,70,165,113,0,Timed_out,1121,nan
3/30/2023 2:22:34,1.14.0,Free_feed,5,4.11,1,1,Pellet,Left,70,165,114,0,7.47,15,nan
3/30/2023 2:22:53,1.14.0,Free_feed,5,4.11,1,1,Pellet,Left,70,165,115,0,11.16,19,nan
3/30/2023 2:23:21,1.14.0,Free_feed,5,4.11,1,1,Pellet,Left,70,165,116,0,21.49,28,nan
3/30/2023 2:23:23,1.14.0,Free_feed,5,4.11,1,1,Pellet,Left,70,165,117,0,0.12,2,nan
3/30/2023 2:23:39,1.14.0,Free_feed,5,4.11,1,1,Pellet,Left,70,165,118,0,9.68,16,nan
3/30/2023 2:24:09,1.14.0,Free_feed,5,4.11,1,1,Pellet,Left,70,165,119,0,22.11,30,nan
3/30/2023 2:24:25,1.14.0,Free_feed,5,4.11,1,1,Pellet,Left,70,165,120,0,9.68,16,nan
3/30/2023 2:25:15,1.14.0,Free_feed,5,4.11,nan,1,RightWithPellet,Left,70,166,120,0,nan,nan,0.14
3/30/2023 2:25:16,1.14.0,Free_feed,5,4.11,nan,1,RightWithPellet,Left,70,167,120,0,nan,nan,0.00
3/30/2023 2:25:18,1.14.0,Free_feed,5,4.11,nan,1,RightWithPellet,Left,70,168,120,0,nan,nan,1.77
3/30/2023 2:25:19,1.14.0,Free_feed,5,4.11,nan,1,RightWithPellet,Left,70,169,120,0,nan,nan,0.05
3/30/2023 2:25:20,1.14.0,Free_feed,5,4.11,nan,1,RightWithPellet,Left,70,170,120,0,nan,nan,0.56
3/30/2023 2:25:24,1.14.0,Free_feed,5,4.11,nan,1,RightWithPellet,Left,70,171,120,0,nan,nan,0.17
3/30/2023 2:25:34,1.14.0,Free_feed,5,4.11,nan,1,LeftWithPellet,Left,71,171,120,0,nan,nan,0.03
3/30/2023 2:31:42,1.14.0,Free_feed,5,4.11,nan,1,RightWithPellet,Left,71,172,120,0,nan,nan,0.10
3/30/2023 2:31:50,1.14.0,Free_feed,5,4.11,nan,1,RightWithPellet,Left,71,173,120,0,nan,nan,0.00
3/30/2023 2:37:18,1.14.0,Free_feed,5,4.11,1,1,Pellet,Left,71,173,121,0,Timed_out,773,nan
3/30/2023 2:37:21,1.14.0,Free_feed,5,4.11,1,1,Pellet,Left,71,173,122,0,0.30,2,nan
3/30/2023 2:37:37,1.14.0,Free_feed,5,4.11,1,1,Pellet,Left,71,173,123,0,9.50,17,nan
3/30/2023 2:38:02,1.14.0,Free_feed,5,4.12,1,1,Pellet,Left,71,173,124,0,17.00,25,nan
3/30/2023 2:38:41,1.14.0,Free_feed,5,4.11,nan,1,RightWithPellet,Left,71,174,124,0,nan,nan,0.11
3/30/2023 2:51:43,1.14.0,Free_feed,5,4.11,1,1,Pellet,Left,71,174,125,0,Timed_out,821,nan
3/30/2023 2:52:01,1.14.0,Free_feed,5,4.11,1,1,Pellet,Left,71,174,126,0,9.87,18,nan
3/30/2023 2:52:30,1.14.0,Free_feed,5,4.11,1,1,Pellet,Left,71,174,127,0,22.12,29,nan
3/30/2023 2:52:46,1.14.0,Free_feed,5,4.11,1,1,Pellet,Left,71,174,128,0,9.56,16,nan
3/30/2023 2:52:55,1.14.0,Free_feed,5,4.11,1,1,Pellet,Left,71,174,129,0,1.40,9,nan
3/30/2023 2:53:11,1.14.0,Free_feed,5,4.11,1,1,Pellet,Left,71,174,130,0,8.27,16,nan
3/30/2023 2:53:48,1.14.0,Free_feed,5,4.11,nan,1,RightWithPellet,Left,71,175,130,0,nan,nan,1.62
3/30/2023 2:55:08,1.14.0,Free_feed,5,4.11,nan,1,RightWithPellet,Left,71,176,130,0,nan,nan,0.45
3/30/2023 2:58:07,1.14.0,Free_feed,5,4.11,nan,1,LeftWithPellet,Left,72,176,130,0,nan,nan,0.04
3/30/2023 5:01:32,1.14.0,Free_feed,5,4.11,1,1,Pellet,Left,72,176,131,0,Timed_out,7701,nan
3/30/2023 5:01:43,1.14.0,Free_feed,5,4.11,1,1,Pellet,Left,72,176,132,0,3.42,11,nan
3/30/2023 5:02:06,1.14.0,Free_feed,5,4.11,1,1,Pellet,Left,72,176,133,0,15.64,23,nan
3/30/2023 5:03:09,1.14.0,Free_feed,5,4.11,1,1,Pellet,Left,72,176,134,0,56.06,63,nan
3/30/2023 5:03:25,1.14.0,Free_feed,5,4.11,1,1,Pellet,Left,72,176,135,0,8.64,16,nan
3/30/2023 5:05:36,1.14.0,Free_feed,5,4.11,1,1,Pellet,Left,72,176,136,0,Timed_out,131,nan
3/30/2023 5:06:09,1.14.0,Free_feed,5,4.11,1,1,Pellet,Left,72,176,137,0,25.62,33,nan
3/30/2023 5:10:17,1.14.0,Free_feed,5,4.11,8,1,Pellet,Left,72,176,138,0,Timed_out,248,nan
3/30/2023 5:10:30,1.14.0,Free_feed,5,4.11,2,1,Pellet,Left,72,176,139,0,5.51,13,nan
3/30/2023 5:10:45,1.14.0,Free_feed,5,4.11,1,1,Pellet,Left,72,176,140,0,7.66,15,nan
3/30/2023 5:46:09,1.14.0,Free_feed,5,4.11,1,1,Pellet,Left,72,176,141,0,Timed_out,2124,nan
3/30/2023 5:46:56,1.14.0,Free_feed,5,4.11,1,1,Pellet,Left,72,176,142,0,39.53,47,nan
3/30/2023 5:47:56,1.14.0,Free_feed,5,4.11,3,1,Pellet,Left,72,176,143,0,48.89,60,nan
3/30/2023 5:48:35,1.14.0,Free_feed,5,4.10,nan,1,RightWithPellet,Left,72,177,143,0,nan,nan,0.26
3/30/2023 5:48:47,1.14.0,Free_feed,5,4.11,1,1,Pellet,Left,72,177,144,0,44.06,51,nan
3/30/2023 5:52:17,1.14.0,Free_feed,5,4.11,1,1,Pellet,Left,72,177,145,0,Timed_out,210,nan
3/30/2023 5:53:17,1.14.0,Free_feed,5,4.10,1,1,Pellet,Left,72,177,146,0,52.67,60,nan
3/30/2023 5:54:24,1.14.0,Free_feed,5,4.11,1,1,Pellet,Left,72,177,147,0,59.49,67,nan
3/30/2023 5:55:29,1.14.0,Free_feed,5,4.09,1,1,Pellet,Left,72,177,148,0,58.01,65,nan
3/30/2023 5:56:32,1.14.0,Free_feed,5,4.11,nan,1,RightWithPellet,Left,72,178,148,0,nan,nan,0.13
3/30/2023 5:56:33,1.14.0,Free_feed,5,4.10,nan,1,RightWithPellet,Left,72,179,148,0,nan,nan,0.14
3/30/2023 5:59:11,1.14.0,Free_feed,5,4.11,1,1,Pellet,Left,72,179,149,0,Timed_out,222,nan
3/30/2023 6:00:14,1.14.0,Free_feed,5,4.10,1,1,Pellet,Left,72,179,150,0,55.80,63,nan
3/30/2023 6:01:09,1.14.0,Free_feed,5,4.11,1,1,Pellet,Left,72,179,151,0,47.11,55,nan
3/30/2023 6:01:32,1.14.0,Free_feed,5,4.10,1,1,Pellet,Left,72,179,152,0,16.93,23,nan
3/30/2023 6:01:48,1.14.0,Free_feed,5,4.11,1,1,Pellet,Left,72,179,153,0,8.76,16,nan
3/30/2023 6:07:28,1.14.0,Free_feed,5,4.11,nan,1,RightWithPellet,Left,72,180,153,0,nan,nan,0.02
3/30/2023 6:07:29,1.14.0,Free_feed,5,4.10,nan,1,RightWithPellet,Left,72,181,153,0,nan,nan,0.11
3/30/2023 6:12:12,1.14.0,Free_feed,5,4.11,nan,1,LeftWithPellet,Left,73,181,153,0,nan,nan,0.06
3/30/2023 6:12:13,1.14.0,Free_feed,5,4.10,nan,1,LeftWithPellet,Left,74,181,153,0,nan,nan,0.20
3/30/2023 6:12:14,1.14.0,Free_feed,5,4.11,nan,1,LeftWithPellet,Left,75,181,153,0,nan,nan,0.47
3/30/2023 6:12:18,1.14.0,Free_feed,5,4.11,nan,1,LeftWithPellet,Left,76,181,153,0,nan,nan,0.04
3/30/2023 6:12:21,1.14.0,Free_feed,5,4.11,nan,1,LeftWithPellet,Left,77,181,153,0,nan,nan,1.33
3/30/2023 6:12:29,1.14.0,Free_feed,5,4.11,nan,1,LeftWithPellet,Left,78,181,153,0,nan,nan,1.43
3/30/2023 6:12:47,1.14.0,Free_feed,5,4.10,nan,1,LeftWithPellet,Left,79,181,153,0,nan,nan,1.14
3/30/2023 6:13:04,1.14.0,Free_feed,5,4.11,nan,1,LeftWithPellet,Left,80,181,153,0,nan,nan,1.38
3/30/2023 6:13:12,1.14.0,Free_feed,5,4.11,nan,1,LeftWithPellet,Left,81,181,153,0,nan,nan,3.28
3/30/2023 6:13:17,1.14.0,Free_feed,5,4.10,nan,1,LeftWithPellet,Left,82,181,153,0,nan,nan,0.64
3/30/2023 6:13:19,1.14.0,Free_feed,5,4.11,nan,1,LeftWithPellet,Left,83,181,153,0,nan,nan,0.03
3/30/2023 6:13:22,1.14.0,Free_feed,5,4.11,nan,1,LeftWithPellet,Left,84,181,153,0,nan,nan,0.32
3/30/2023 6:13:25,1.14.0,Free_feed,5,4.10,nan,1,LeftWithPellet,Left,85,181,153,0,nan,nan,0.55
3/30/2023 6:13:30,1.14.0,Free_feed,5,4.10,1,1,Pellet,Left,85,181,154,0,Timed_out,702,nan
3/30/2023 6:13:34,1.14.0,Free_feed,5,4.11,1,1,Pellet,Left,85,181,155,0,0.12,4,nan
3/30/2023 6:14:04,1.14.0,Free_feed,5,4.11,nan,1,LeftWithPellet,Left,86,181,155,0,nan,nan,1.15
3/30/2023 6:14:04,1.14.0,Free_feed,5,4.11,nan,1,LeftWithPellet,Left,87,181,155,0,nan,nan,0.18
3/30/2023 6:14:06,1.14.0,Free_feed,5,4.11,nan,1,LeftWithPellet,Left,88,181,155,0,nan,nan,1.39
3/30/2023 6:14:07,1.14.0,Free_feed,5,4.11,nan,1,LeftWithPellet,Left,89,181,155,0,nan,nan,0.49
3/30/2023 6:14:08,1.14.0,Free_feed,5,4.10,nan,1,LeftWithPellet,Left,90,181,155,0,nan,nan,0.15
3/30/2023 6:14:08,1.14.0,Free_feed,5,4.10,nan,1,LeftWithPellet,Left,91,181,155,0,nan,nan,0.60
3/30/2023 6:14:10,1.14.0,Free_feed,5,4.10,nan,1,LeftWithPellet,Left,92,181,155,0,nan,nan,0.25
3/30/2023 6:14:12,1.14.0,Free_feed,5,4.11,nan,1,LeftWithPellet,Left,93,181,155,0,nan,nan,0.46
3/30/2023 6:14:13,1.14.0,Free_feed,5,4.11,nan,1,LeftWithPellet,Left,94,181,155,0,nan,nan,0.68
3/30/2023 6:14:19,1.14.0,Free_feed,5,4.10,nan,1,LeftWithPellet,Left,95,181,155,0,nan,nan,1.24
3/30/2023 6:14:20,1.14.0,Free_feed,5,4.10,nan,1,LeftWithPellet,Left,96,181,155,0,nan,nan,1.07
3/30/2023 6:15:05,1.14.0,Free_feed,5,4.10,2,1,Pellet,Left,96,181,156,0,Timed_out,91,nan
3/30/2023 6:16:04,1.14.0,Free_feed,5,4.10,1,1,Pellet,Left,96,181,157,0,52.35,59,nan
3/30/2023 6:17:23,1.14.0,Free_feed,5,4.10,nan,1,LeftWithPellet,Left,97,181,157,0,nan,nan,0.16
3/30/2023 6:18:29,1.14.0,Free_feed,5,4.11,nan,1,LeftWithPellet,Left,98,181,157,0,nan,nan,0.44
3/30/2023 6:18:31,1.14.0,Free_feed,5,4.11,nan,1,LeftWithPellet,Left,99,181,157,0,nan,nan,0.66
3/30/2023 6:18:32,1.14.0,Free_feed,5,4.11,nan,1,LeftWithPellet,Left,100,181,157,0,nan,nan,0.53
3/30/2023 6:18:35,1.14.0,Free_feed,5,4.11,nan,1,LeftWithPellet,Left,101,181,157,0,nan,nan,0.42
3/30/2023 6:18:36,1.14.0,Free_feed,5,4.11,nan,1,LeftWithPellet,Left,102,181,157,0,nan,nan,0.31
3/30/2023 6:18:38,1.14.0,Free_feed,5,4.11,nan,1,LeftWithPellet,Left,103,181,157,0,nan,nan,0.37
3/30/2023 6:18:44,1.14.0,Free_feed,5,4.10,nan,1,LeftWithPellet,Left,104,181,157,0,nan,nan,1.19
3/30/2023 6:19:10,1.14.0,Free_feed,5,4.11,1,1,Pellet,Left,104,181,158,0,Timed_out,186,nan
3/30/2023 6:19:11,1.14.0,Free_feed,5,4.11,1,1,Pellet,Left,104,181,159,0,0.06,1,nan
3/30/2023 6:19:16,1.14.0,Free_feed,5,4.10,nan,1,RightWithPellet,Left,104,182,159,0,nan,nan,0.03
3/30/2023 6:19:17,1.14.0,Free_feed,5,4.11,nan,1,RightWithPellet,Left,104,183,159,0,nan,nan,0.02
3/30/2023 6:19:18,1.14.0,Free_feed,5,4.11,nan,1,RightWithPellet,Left,104,184,159,0,nan,nan,1.07
3/30/2023 6:20:20,1.14.0,Free_feed,5,4.10,nan,1,LeftWithPellet,Left,105,184,159,0,nan,nan,0.20
3/30/2023 6:22:43,1.14.0,Free_feed,5,4.10,1,1,Pellet,Left,105,184,160,0,Timed_out,212,nan
3/30/2023 6:23:00,1.14.0,Free_feed,5,4.10,nan,1,LeftWithPellet,Left,106,184,160,0,nan,nan,0.01
3/30/2023 6:25:26,1.14.0,Free_feed,5,4.11,nan,1,LeftWithPellet,Left,107,184,160,0,nan,nan,0.06
3/30/2023 6:38:15,1.14.0,Free_feed,5,4.10,2,1,Pellet,Left,107,184,161,0,Timed_out,932,nan
3/30/2023 6:38:38,1.14.0,Free_feed,5,4.11,2,1,Pellet,Left,107,184,162,0,16.20,23,nan
3/30/2023 6:38:39,1.14.0,Free_feed,5,4.11,1,1,Pellet,Left,107,184,163,0,0.06,1,nan
3/30/2023 6:39:16,1.14.0,Free_feed,5,4.10,2,1,Pellet,Left,107,184,164,0,29.26,37,nan
3/30/2023 8:36:07,1.14.0,Free_feed,5,4.10,1,1,Pellet,Left,107,184,165,0,Timed_out,7011,nan
3/30/2023 8:36:09,1.14.0,Free_feed,5,4.10,1,1,Pellet,Left,107,184,166,0,0.48,2,nan
3/30/2023 8:36:52,1.14.0,Free_feed,5,4.10,1,1,Pellet,Left,107,184,167,0,36.17,43,nan
3/30/2023 8:37:19,1.14.0,Free_feed,5,4.10,1,1,Pellet,Left,107,184,168,0,19.09,27,nan
3/30/2023 8:37:39,1.14.0,Free_feed,5,4.10,2,1,Pellet,Left,107,184,169,0,10.42,19,nan
3/30/2023 8:38:45,1.14.0,Free_feed,5,4.10,1,1,Pellet,Left,107,184,170,0,59.43,67,nan
3/30/2023 8:39:07,1.14.0,Free_feed,5,4.09,1,1,Pellet,Left,107,184,171,0,14.05,22,nan
3/30/2023 8:39:30,1.14.0,Free_feed,5,4.10,1,1,Pellet,Left,107,184,172,0,20.81,23,nan
3/30/2023 8:40:04,1.14.0,Free_feed,5,4.10,nan,1,LeftWithPellet,Left,108,184,172,0,nan,nan,0.75
3/30/2023 8:40:05,1.14.0,Free_feed,5,4.10,1,1,Pellet,Left,108,184,173,0,27.62,35,nan
3/30/2023 8:40:18,1.14.0,Free_feed,5,4.09,2,1,Pellet,Left,108,184,174,0,5.26,13,nan
3/30/2023 8:41:11,1.14.0,Free_feed,5,4.09,1,1,Pellet,Left,108,184,175,0,46.24,53,nan
3/30/2023 8:43:57,1.14.0,Free_feed,5,4.10,nan,1,LeftWithPellet,Left,109,184,175,0,nan,nan,0.04
3/30/2023 8:50:25,1.14.0,Free_feed,5,4.10,1,1,Pellet,Left,109,184,176,0,Timed_out,553,nan
3/30/2023 8:52:36,1.14.0,Free_feed,5,4.10,1,1,Pellet,Left,109,184,177,0,Timed_out,132,nan
3/30/2023 8:53:47,1.14.0,Free_feed,5,4.09,1,1,Pellet,Left,109,184,178,0,Timed_out,71,nan
3/30/2023 8:54:11,1.14.0,Free_feed,5,4.09,1,1,Pellet,Left,109,184,179,0,17.19,24,nan
3/30/2023 8:54:48,1.14.0,Free_feed,5,4.10,1,1,Pellet,Left,109,184,180,0,29.99,37,nan
3/30/2023 8:55:28,1.14.0,Free_feed,5,4.09,1,1,Pellet,Left,109,184,181,0,32.89,40,nan
3/30/2023 9:02:34,1.14.0,Free_feed,5,4.10,nan,1,LeftWithPellet,Left,110,184,181,0,nan,nan,0.06
3/30/2023 9:02:47,1.14.0,Free_feed,5,4.09,nan,1,RightWithPellet,Left,110,185,181,0,nan,nan,0.02
3/30/2023 9:04:14,1.14.0,Free_feed,5,4.10,nan,1,RightWithPellet,Left,110,186,181,0,nan,nan,0.02
3/30/2023 9:06:07,1.14.0,Free_feed,5,4.09,nan,1,RightWithPellet,Left,110,187,181,0,nan,nan,0.07
3/30/2023 9:06:08,1.14.0,Free_feed,5,4.10,1,1,Pellet,Left,110,187,182,0,Timed_out,640,nan
3/30/2023 9:06:22,1.14.0,Free_feed,5,4.10,1,1,Pellet,Left,110,187,183,0,7.11,14,nan
3/30/2023 9:08:03,1.14.0,Free_feed,5,4.10,1,1,Pellet,Left,110,187,184,0,Timed_out,101,nan
3/30/2023 9:08:33,1.14.0,Free_feed,5,4.09,1,1,Pellet,Left,110,187,185,0,23.09,30,nan
3/30/2023 9:12:03,1.14.0,Free_feed,5,4.09,nan,1,RightWithPellet,Left,110,188,185,0,nan,nan,0.29
3/30/2023 9:20:19,1.14.0,Free_feed,5,4.10,nan,1,RightWithPellet,Left,110,189,185,0,nan,nan,0.42
3/30/2023 9:30:15,1.14.0,Free_feed,5,4.10,1,1,Pellet,Left,110,189,186,0,Timed_out,1302,nan
3/30/2023 9:30:17,1.14.0,Free_feed,5,4.09,1,1,Pellet,Left,110,189,187,0,0.42,2,nan
