MM:DD:YYYY hh:mm:ss,Library_Version,Session_type,Device_Number,Battery_Voltage,Motor_Turns,FR,Event,Active_Poke,Left_Poke_Count,Right_Poke_Count,Pellet_Count,Block_Pellet_Count,Retrieval_Time,InterPelletInterval,Poke_Time
3/29/2023 11:04:17,1.14.0,Free_feed,18,4.06,481,1,Pellet,Left,0,0,1,0,Timed_out,nan,nan
3/29/2023 11:06:46,1.14.0,Free_feed,18,4.07,3,1,Pellet,Left,0,0,2,0,Timed_out,149,nan
3/29/2023 11:06:49,1.14.0,Free_feed,18,4.07,1,1,Pellet,Left,0,0,3,0,1.22,3,nan
3/29/2023 11:08:03,1.14.0,Free_feed,18,4.06,2,1,Pellet,Left,0,0,4,0,Timed_out,74,nan
3/29/2023 11:08:05,1.14.0,Free_feed,18,4.06,1,1,Pellet,Left,0,0,5,0,0.36,2,nan
3/29/2023 11:08:44,1.14.0,Free_feed,18,4.06,nan,1,RightWithPellet,Left,0,1,5,0,nan,nan,0.31
3/29/2023 11:11:49,1.14.0,Free_feed,18,4.07,nan,1,RightWithPellet,Left,0,2,5,0,nan,nan,0.06
3/29/2023 11:11:53,1.14.0,Free_feed,18,4.06,nan,1,RightWithPellet,Left,0,3,5,0,nan,nan,0.07
3/29/2023 11:11:56,1.14.0,Free_feed,18,4.07,1,1,Pellet,Left,0,3,6,0,Timed_out,231,nan
3/29/2023 11:14:05,1.14.0,Free_feed,18,4.07,1,1,Pellet,Left,0,3,7,0,Timed_out,129,nan
3/29/2023 11:14:49,1.14.0,Free_feed,18,4.07,1,1,Pellet,Left,0,3,8,0,37.22,44,nan
3/29/2023 11:15:24,1.14.0,Free_feed,18,4.07,1,1,Pellet,Left,0,3,9,0,28.55,35,nan
3/29/2023 11:17:05,1.14.0,Free_feed,18,4.07,1,1,Pellet,Left,0,3,10,0,Timed_out,101,nan
3/29/2023 11:17:06,1.14.0,Free_feed,18,4.07,1,1,Pellet,Left,0,3,11,0,0.18,1,nan
3/29/2023 11:17:21,1.14.0,Free_feed,18,4.06,nan,1,LeftWithPellet,Left,1,3,11,0,nan,nan,0.09
3/29/2023 11:17:24,1.14.0,Free_feed,18,4.06,nan,1,LeftWithPellet,Left,2,3,11,0,nan,nan,0.05
3/29/2023 11:17:27,1.14.0,Free_feed,18,4.06,nan,1,RightWithPellet,Left,2,4,11,0,nan,nan,0.53
3/29/2023 11:19:14,1.14.0,Free_feed,18,4.06,1,1,Pellet,Left,2,4,12,0,Timed_out,128,nan
3/29/2023 11:19:16,1.14.0,Free_feed,18,4.07,1,1,Pellet,Left,2,4,13,0,0.06,2,nan
3/29/2023 11:21:25,1.14.0,Free_feed,18,4.07,1,1,Pellet,Left,2,4,14,0,Timed_out,129,nan
3/29/2023 11:23:28,1.14.0,Free_feed,18,4.06,1,1,Pellet,Left,2,4,15,0,Timed_out,123,nan
3/29/2023 11:24:51,1.14.0,Free_feed,18,4.06,1,1,Pellet,Left,2,4,16,0,Timed_out,83,nan
3/29/2023 11:25:19,1.14.0,Free_feed,18,4.06,nan,1,RightWithPellet,Left,2,5,16,0,nan,nan,0.11
3/29/2023 11:26:14,1.14.0,Free_feed,18,4.06,nan,1,LeftWithPellet,Left,3,5,16,0,nan,nan,0.04
3/29/2023 11:26:54,1.14.0,Free_feed,18,4.07,1,1,Pellet,Left,3,5,17,0,Timed_out,123,nan
3/29/2023 11:27:04,1.14.0,Free_feed,18,4.07,nan,1,RightWithPellet,Left,3,6,17,0,nan,nan,0.17
3/29/2023 11:27:12,1.14.0,Free_feed,18,4.06,nan,1,RightWithPellet,Left,3,7,17,0,nan,nan,0.06
3/29/2023 11:27:55,1.14.0,Free_feed,18,4.07,nan,1,LeftWithPellet,Left,4,7,17,0,nan,nan,0.15
3/29/2023 11:30:49,1.14.0,Free_feed,18,4.05,1,1,Pellet,Left,4,7,18,0,Timed_out,234,nan
3/29/2023 11:33:15,1.14.0,Free_feed,18,4.06,nan,1,RightWithPellet,Left,4,8,18,0,nan,nan,0.08
3/29/2023 11:38:36,1.14.0,Free_feed,18,4.07,1,1,Pellet,Left,4,8,19,0,Timed_out,468,nan
3/29/2023 11:38:59,1.14.0,Free_feed,18,4.05,nan,1,LeftWithPellet,Left,5,8,19,0,nan,nan,0.01
3/29/2023 11:39:03,1.14.0,Free_feed,18,4.07,nan,1,LeftWithPellet,Left,6,8,19,0,nan,nan,2.99
3/29/2023 11:39:03,1.14.0,Free_feed,18,4.07,nan,1,LeftWithPellet,Left,7,8,19,0,nan,nan,0.04
3/29/2023 11:39:04,1.14.0,Free_feed,18,4.06,nan,1,LeftWithPellet,Left,8,8,19,0,nan,nan,0.30
3/29/2023 11:39:05,1.14.0,Free_feed,18,4.06,nan,1,LeftWithPellet,Left,9,8,19,0,nan,nan,0.23
3/29/2023 11:39:07,1.14.0,Free_feed,18,4.06,nan,1,LeftWithPellet,Left,10,8,19,0,nan,nan,0.88
3/29/2023 11:39:07,1.14.0,Free_feed,18,4.07,nan,1,LeftWithPellet,Left,11,8,19,0,nan,nan,0.16
3/29/2023 11:39:11,1.14.0,Free_feed,18,4.06,nan,1,LeftWithPellet,Left,12,8,19,0,nan,nan,0.12
3/29/2023 11:39:12,1.14.0,Free_feed,18,4.07,nan,1,LeftWithPellet,Left,13,8,19,0,nan,nan,0.08
3/29/2023 11:39:14,1.14.0,Free_feed,18,4.06,nan,1,LeftWithPellet,Left,14,8,19,0,nan,nan,0.73
3/29/2023 11:39:14,1.14.0,Free_feed,18,4.07,nan,1,LeftWithPellet,Left,15,8,19,0,nan,nan,0.02
3/29/2023 11:39:21,1.14.0,Free_feed,18,4.07,nan,1,LeftWithPellet,Left,16,8,19,0,nan,nan,0.17
3/29/2023 11:39:53,1.14.0,Free_feed,18,4.07,1,1,Pellet,Left,16,8,20,0,Timed_out,77,nan
3/29/2023 11:41:57,1.14.0,Free_feed,18,4.06,nan,1,LeftWithPellet,Left,17,8,20,0,nan,nan,0.10
3/29/2023 11:43:16,1.14.0,Free_feed,18,4.06,nan,1,LeftWithPellet,Left,18,8,20,0,nan,nan,0.02
3/29/2023 11:43:19,1.14.0,Free_feed,18,4.06,nan,1,LeftWithPellet,Left,19,8,20,0,nan,nan,0.08
3/29/2023 11:43:25,1.14.0,Free_feed,18,4.06,nan,1,LeftWithPellet,Left,20,8,20,0,nan,nan,0.28
3/29/2023 11:43:26,1.14.0,Free_feed,18,4.06,nan,1,LeftWithPellet,Left,21,8,20,0,nan,nan,0.22
3/29/2023 11:43:51,1.14.0,Free_feed,18,4.06,nan,1,LeftWithPellet,Left,22,8,20,0,nan,nan,1.92
3/29/2023 11:43:53,1.14.0,Free_feed,18,4.06,nan,1,LeftWithPellet,Left,23,8,20,0,nan,nan,0.06
3/29/2023 11:43:56,1.14.0,Free_feed,18,4.05,nan,1,LeftWithPellet,Left,24,8,20,0,nan,nan,1.85
3/29/2023 11:43:59,1.14.0,Free_feed,18,4.07,nan,1,LeftWithPellet,Left,25,8,20,0,nan,nan,0.46
3/29/2023 11:44:53,1.14.0,Free_feed,18,4.06,1,1,Pellet,Left,25,8,21,0,Timed_out,300,nan
3/29/2023 11:45:47,1.14.0,Free_feed,18,4.06,nan,1,RightWithPellet,Left,25,9,21,0,nan,nan,0.01
3/29/2023 11:45:47,1.14.0,Free_feed,18,4.05,nan,1,RightWithPellet,Left,25,10,21,0,nan,nan,0.03
3/29/2023 11:47:36,1.14.0,Free_feed,18,4.06,nan,1,RightWithPellet,Left,25,11,21,0,nan,nan,0.01
3/29/2023 11:48:54,1.14.0,Free_feed,18,4.07,2,1,Pellet,Left,25,11,22,0,Timed_out,241,nan
3/29/2023 11:49:24,1.14.0,Free_feed,18,4.07,nan,1,LeftWithPellet,Left,26,11,22,0,nan,nan,0.17
3/29/2023 11:49:29,1.14.0,Free_feed,18,4.06,nan,1,RightWithPellet,Left,26,12,22,0,nan,nan,0.02
3/29/2023 11:49:30,1.14.0,Free_feed,18,4.06,nan,1,RightWithPellet,Left,26,13,22,0,nan,nan,0.14
3/29/2023 11:49:30,1.14.0,Free_feed,18,4.06,nan,1,RightWithPellet,Left,26,14,22,0,nan,nan,0.10
3/29/2023 11:49:32,1.14.0,Free_feed,18,4.06,nan,1,RightWithPellet,Left,26,15,22,0,nan,nan,0.84
3/29/2023 11:49:32,1.14.0,Free_feed,18,4.06,nan,1,RightWithPellet,Left,26,16,22,0,nan,nan,0.19
3/29/2023 11:49:33,1.14.0,Free_feed,18,4.06,nan,1,RightWithPellet,Left,26,17,22,0,nan,nan,0.75
3/29/2023 11:53:40,1.14.0,Free_feed,18,4.06,nan,1,LeftWithPellet,Left,27,17,22,0,nan,nan,0.72
3/29/2023 11:53:42,1.14.0,Free_feed,18,4.07,nan,1,LeftWithPellet,Left,28,17,22,0,nan,nan,0.03
3/29/2023 11:54:35,1.14.0,Free_feed,18,4.06,nan,1,LeftWithPellet,Left,29,17,22,0,nan,nan,0.26
3/29/2023 11:57:43,1.14.0,Free_feed,18,4.06,nan,1,LeftWithPellet,Left,30,17,22,0,nan,nan,0.05
3/29/2023 11:57:47,1.14.0,Free_feed,18,4.05,nan,1,LeftWithPellet,Left,31,17,22,0,nan,nan,1.01
3/29/2023 11:57:52,1.14.0,Free_feed,18,4.06,nan,1,LeftWithPellet,Left,32,17,22,0,nan,nan,0.07
3/29/2023 12:01:03,1.14.0,Free_feed,18,4.05,nan,1,RightWithPellet,Left,32,18,22,0,nan,nan,0.02
3/29/2023 12:01:07,1.14.0,Free_feed,18,4.06,1,1,Pellet,Left,32,18,23,0,Timed_out,732,nan
3/29/2023 12:01:27,1.14.0,Free_feed,18,4.05,nan,1,RightWithPellet,Left,32,19,23,0,nan,nan,0.09
3/29/2023 12:02:26,1.14.0,Free_feed,18,4.05,nan,1,LeftWithPellet,Left,33,19,23,0,nan,nan,0.03
3/29/2023 12:09:04,1.14.0,Free_feed,18,4.06,1,1,Pellet,Left,33,19,24,0,Timed_out,478,nan
3/29/2023 12:26:27,1.14.0,Free_feed,18,4.06,2,1,Pellet,Left,33,19,25,0,Timed_out,1043,nan
3/29/2023 12:27:35,1.14.0,Free_feed,18,4.06,1,1,Pellet,Left,33,19,26,0,Timed_out,68,nan
3/29/2023 12:28:58,1.14.0,Free_feed,18,4.06,1,1,Pellet,Left,33,19,27,0,Timed_out,83,nan
3/29/2023 12:29:51,1.14.0,Free_feed,18,4.06,1,1,Pellet,Left,33,19,28,0,45.89,53,nan
3/29/2023 12:30:01,1.14.0,Free_feed,18,4.06,nan,1,RightWithPellet,Left,33,20,28,0,nan,nan,0.09
3/29/2023 12:31:06,1.14.0,Free_feed,18,4.06,1,1,Pellet,Left,33,20,29,0,Timed_out,75,nan
3/29/2023 12:31:18,1.14.0,Free_feed,18,4.05,nan,1,RightWithPellet,Left,33,21,29,0,nan,nan,0.40
3/29/2023 12:31:20,1.14.0,Free_feed,18,4.06,nan,1,RightWithPellet,Left,33,22,29,0,nan,nan,1.18
3/29/2023 12:31:20,1.14.0,Free_feed,18,4.06,nan,1,RightWithPellet,Left,33,23,29,0,nan,nan,0.19
3/29/2023 12:31:21,1.14.0,Free_feed,18,4.06,nan,1,RightWithPellet,Left,33,24,29,0,nan,nan,0.04
3/29/2023 13:07:56,1.14.0,Free_feed,18,4.05,2,1,Pellet,Left,33,24,30,0,Timed_out,2210,nan
3/29/2023 13:11:26,1.14.0,Free_feed,18,4.06,1,1,Pellet,Left,33,24,31,0,Timed_out,210,nan
3/29/2023 13:12:25,1.14.0,Free_feed,18,4.05,nan,1,LeftWithPellet,Left,34,24,31,0,nan,nan,0.23
3/29/2023 13:14:47,1.14.0,Free_feed,18,4.07,1,1,Pellet,Left,34,24,32,0,Timed_out,201,nan
3/29/2023 13:15:21,1.14.0,Free_feed,18,4.06,1,1,Pellet,Left,34,24,33,0,26.48,34,nan
3/29/2023 13:16:25,1.14.0,Free_feed,18,4.06,nan,1,RightWithPellet,Left,34,25,33,0,nan,nan,0.20
3/29/2023 13:16:27,1.14.0,Free_feed,18,4.06,1,1,Pellet,Left,34,25,34,0,58.95,66,nan
3/29/2023 13:16:48,1.14.0,Free_feed,18,4.05,2,1,Pellet,Left,34,25,35,0,13.74,21,nan
3/29/2023 13:17:06,1.14.0,Free_feed,18,4.06,1,1,Pellet,Left,34,25,36,0,10.60,18,nan
3/29/2023 13:53:46,1.14.0,Free_feed,18,4.05,1,1,Pellet,Left,34,25,37,0,Timed_out,2200,nan
3/29/2023 13:58:00,1.14.0,Free_feed,18,4.06,1,1,Pellet,Left,34,25,38,0,Timed_out,254,nan
3/29/2023 14:01:17,1.14.0,Free_feed,18,4.06,1,1,Pellet,Left,34,25,39,0,Timed_out,197,nan
3/29/2023 14:02:25,1.14.0,Free_feed,18,4.05,1,1,Pellet,Left,34,25,40,0,Timed_out,68,nan
3/29/2023 14:02:45,1.14.0,Free_feed,18,4.05,1,1,Pellet,Left,34,25,41,0,12.44,20,nan
3/29/2023 14:03:04,1.14.0,Free_feed,18,4.06,2,1,Pellet,Left,34,25,42,0,11.40,19,nan
3/29/2023 14:03:26,1.14.0,Free_feed,18,4.05,1,1,Pellet,Left,34,25,43,0,14.53,22,nan
3/29/2023 14:03:42,1.14.0,Free_feed,18,4.05,1,1,Pellet,Left,34,25,44,0,8.70,16,nan
3/29/2023 14:04:03,1.14.0,Free_feed,18,4.06,1,1,Pellet,Left,34,25,45,0,13.98,21,nan
3/29/2023 14:04:30,1.14.0,Free_feed,18,4.05,1,1,Pellet,Left,34,25,46,0,19.76,27,nan
3/29/2023 14:36:32,1.14.0,Free_feed,18,4.05,1,1,Pellet,Left,34,25,47,0,Timed_out,1922,nan
3/29/2023 14:36:45,1.14.0,Free_feed,18,4.05,1,1,Pellet,Left,34,25,48,0,5.20,13,nan
3/29/2023 14:37:05,1.14.0,Free_feed,18,4.05,1,1,Pellet,Left,34,25,49,0,13.80,20,nan
3/29/2023 14:38:13,1.14.0,Free_feed,18,4.05,1,1,Pellet,Left,34,25,50,0,59.94,67,nan
3/29/2023 14:43:14,1.14.0,Free_feed,18,4.06,1,1,Pellet,Left,34,25,51,0,Timed_out,302,nan
3/29/2023 14:44:10,1.14.0,Free_feed,18,4.05,1,1,Pellet,Left,34,25,52,0,49.13,56,nan
3/29/2023 14:44:16,1.14.0,Free_feed,18,4.05,nan,1,RightWithPellet,Left,34,26,52,0,nan,nan,0.16
3/29/2023 14:44:43,1.14.0,Free_feed,18,4.05,nan,1,LeftWithPellet,Left,35,26,52,0,nan,nan,0.17
3/29/2023 14:45:43,1.14.0,Free_feed,18,4.06,1,1,Pellet,Left,35,26,53,0,Timed_out,93,nan
3/29/2023 14:46:08,1.14.0,Free_feed,18,4.05,1,1,Pellet,Left,35,26,54,0,17.18,25,nan
3/29/2023 14:46:24,1.14.0,Free_feed,18,4.05,1,1,Pellet,Left,35,26,55,0,9.31,16,nan
3/29/2023 14:46:27,1.14.0,Free_feed,18,4.05,1,1,Pellet,Left,35,26,56,0,0.42,3,nan
3/29/2023 14:46:29,1.14.0,Free_feed,18,4.05,1,1,Pellet,Left,35,26,57,0,0.30,2,nan
3/29/2023 16:19:20,1.14.0,Free_feed,18,4.05,1,1,Pellet,Left,35,26,58,0,Timed_out,5571,nan
3/29/2023 16:19:39,1.14.0,Free_feed,18,4.05,1,1,Pellet,Left,35,26,59,0,10.67,18,nan
3/29/2023 16:20:01,1.14.0,Free_feed,18,4.05,2,1,Pellet,Left,35,26,60,0,14.73,23,nan
3/29/2023 16:20:03,1.14.0,Free_feed,18,4.05,1,1,Pellet,Left,35,26,61,0,0.30,1,nan
3/29/2023 16:20:21,1.14.0,Free_feed,18,4.05,1,1,Pellet,Left,35,26,62,0,10.85,19,nan
3/29/2023 16:20:34,1.14.0,Free_feed,18,4.05,1,1,Pellet,Left,35,26,63,0,6.55,13,nan
3/29/2023 16:21:25,1.14.0,Free_feed,18,4.05,1,1,Pellet,Left,35,26,64,0,43.30,51,nan
3/29/2023 16:21:47,1.14.0,Free_feed,18,4.05,2,1,Pellet,Left,35,26,65,0,11.96,22,nan
3/29/2023 16:22:11,1.14.0,Free_feed,18,4.05,1,1,Pellet,Left,35,26,66,0,17.25,24,nan
3/29/2023 16:22:31,1.14.0,Free_feed,18,4.05,1,1,Pellet,Left,35,26,67,0,13.56,20,nan
3/29/2023 16:22:52,1.14.0,Free_feed,18,4.05,1,1,Pellet,Left,35,26,68,0,13.37,21,nan
3/29/2023 16:23:13,1.14.0,Free_feed,18,4.05,1,1,Pellet,Left,35,26,69,0,12.64,21,nan
3/29/2023 16:23:33,1.14.0,Free_feed,18,4.05,1,1,Pellet,Left,35,26,70,0,13.37,20,nan
3/29/2023 16:23:51,1.14.0,Free_feed,18,4.05,1,1,Pellet,Left,35,26,71,0,10.18,18,nan
3/29/2023 16:24:20,1.14.0,Free_feed,18,4.05,1,1,Pellet,Left,35,26,72,0,21.55,28,nan
3/29/2023 16:25:48,1.14.0,Free_feed,18,4.05,1,1,Pellet,Left,35,26,73,0,Timed_out,89,nan
3/29/2023 16:47:34,1.14.0,Free_feed,18,4.05,1,1,Pellet,Left,35,26,74,0,Timed_out,1306,nan
3/29/2023 17:20:57,1.14.0,Free_feed,18,4.05,2,1,Pellet,Left,35,26,75,0,Timed_out,2003,nan
3/29/2023 17:34:18,1.14.0,Free_feed,18,4.05,1,1,Pellet,Left,35,26,76,0,Timed_out,801,nan
3/29/2023 17:41:45,1.14.0,Free_feed,18,4.05,1,1,Pellet,Left,35,26,77,0,Timed_out,446,nan
3/29/2023 17:45:42,1.14.0,Free_feed,18,4.05,1,1,Pellet,Left,35,26,78,0,Timed_out,238,nan
3/29/2023 17:45:58,1.14.0,Free_feed,18,4.05,1,1,Pellet,Left,35,26,79,0,9.01,16,nan
3/29/2023 17:46:15,1.14.0,Free_feed,18,4.05,1,1,Pellet,Left,35,26,80,0,15.03,17,nan
3/29/2023 17:46:37,1.14.0,Free_feed,18,4.05,1,1,Pellet,Left,35,26,81,0,14.72,22,nan
3/29/2023 17:46:53,1.14.0,Free_feed,18,4.05,1,1,Pellet,Left,35,26,82,0,9.25,16,nan
3/29/2023 17:47:16,1.14.0,Free_feed,18,4.05,1,1,Pellet,Left,35,26,83,0,16.26,23,nan
3/29/2023 18:55:44,1.14.0,Free_feed,18,4.05,1,1,Pellet,Left,35,26,84,0,Timed_out,4108,nan
3/29/2023 18:56:24,1.14.0,Free_feed,18,4.05,1,1,Pellet,Left,35,26,85,0,32.23,40,nan
3/29/2023 18:56:43,1.14.0,Free_feed,18,4.05,1,1,Pellet,Left,35,26,86,0,12.70,19,nan
3/29/2023 18:56:59,1.14.0,Free_feed,18,4.05,2,1,Pellet,Left,35,26,87,0,6.74,16,nan
3/29/2023 18:57:22,1.14.0,Free_feed,18,4.05,1,1,Pellet,Left,35,26,88,0,15.47,23,nan
3/29/2023 18:57:43,1.14.0,Free_feed,18,4.04,1,1,Pellet,Left,35,26,89,0,13.56,21,nan
3/29/2023 18:58:01,1.14.0,Free_feed,18,4.05,1,1,Pellet,Left,35,26,90,0,10.12,17,nan
3/29/2023 18:58:03,1.14.0,Free_feed,18,4.05,1,1,Pellet,Left,35,26,91,0,0.18,3,nan
3/29/2023 19:08:22,1.14.0,Free_feed,18,4.05,1,1,Pellet,Left,35,26,92,0,Timed_out,619,nan
3/29/2023 19:09:02,1.14.0,Free_feed,18,4.04,1,1,Pellet,Left,35,26,93,0,32.72,40,nan
3/29/2023 19:09:22,1.14.0,Free_feed,18,4.04,1,1,Pellet,Left,35,26,94,0,12.20,19,nan
3/29/2023 19:09:41,1.14.0,Free_feed,18,4.05,2,1,Pellet,Left,35,26,95,0,12.33,20,nan
3/29/2023 19:09:57,1.14.0,Free_feed,18,4.05,2,1,Pellet,Left,35,26,96,0,6.62,16,nan
3/29/2023 19:10:22,1.14.0,Free_feed,18,4.04,1,1,Pellet,Left,35,26,97,0,17.12,24,nan
3/29/2023 19:10:40,1.14.0,Free_feed,18,4.04,1,1,Pellet,Left,35,26,98,0,11.10,18,nan
3/29/2023 19:10:58,1.14.0,Free_feed,18,4.05,2,1,Pellet,Left,35,26,99,0,9.38,19,nan
3/29/2023 19:27:31,1.14.0,Free_feed,18,4.04,1,1,Pellet,Left,35,26,100,0,Timed_out,993,nan
3/29/2023 19:29:02,1.14.0,Free_feed,18,4.05,1,1,Pellet,Left,35,26,101,0,Timed_out,91,nan
3/29/2023 19:30:29,1.14.0,Free_feed,18,4.04,1,1,Pellet,Left,35,26,102,0,Timed_out,87,nan
3/29/2023 19:31:44,1.14.0,Free_feed,18,4.04,1,1,Pellet,Left,35,26,103,0,Timed_out,75,nan
3/29/2023 19:32:21,1.14.0,Free_feed,18,4.05,1,1,Pellet,Left,35,26,104,0,30.49,37,nan
3/29/2023 19:32:38,1.14.0,Free_feed,18,4.04,1,1,Pellet,Left,35,26,105,0,9.01,16,nan
3/29/2023 19:56:51,1.14.0,Free_feed,18,4.04,1,1,Pellet,Left,35,26,106,0,Timed_out,1454,nan
3/29/2023 19:58:20,1.14.0,Free_feed,18,4.04,1,1,Pellet,Left,35,26,107,0,Timed_out,88,nan
3/29/2023 19:59:30,1.14.0,Free_feed,18,4.04,2,1,Pellet,Left,35,26,108,0,Timed_out,71,nan
3/29/2023 19:59:38,1.14.0,Free_feed,18,4.05,1,1,Pellet,Left,35,26,109,0,1.09,8,nan
3/29/2023 20:00:03,1.14.0,Free_feed,18,4.04,1,1,Pellet,Left,35,26,110,0,17.00,25,nan
3/29/2023 20:00:21,1.14.0,Free_feed,18,4.04,1,1,Pellet,Left,35,26,111,0,11.47,18,nan
3/29/2023 20:04:05,1.14.0,Free_feed,18,4.04,1,1,Pellet,Left,35,26,112,0,Timed_out,224,nan
3/29/2023 20:22:51,1.14.0,Free_feed,18,4.04,1,1,Pellet,Left,35,26,113,0,Timed_out,1126,nan
3/29/2023 20:24:51,1.14.0,Free_feed,18,4.04,1,1,Pellet,Left,35,26,114,0,Timed_out,120,nan
3/29/2023 20:25:53,1.14.0,Free_feed,18,4.04,1,1,Pellet,Left,35,26,115,0,55.75,62,nan
3/29/2023 20:26:18,1.14.0,Free_feed,18,4.04,1,1,Pellet,Left,35,26,116,0,17.07,25,nan
3/29/2023 20:26:43,1.14.0,Free_feed,18,4.04,1,1,Pellet,Left,35,26,117,0,18.05,25,nan
3/29/2023 20:33:26,1.14.0,Free_feed,18,4.03,3,1,Pellet,Left,35,26,118,0,Timed_out,402,nan
3/29/2023 20:34:02,1.14.0,Free_feed,18,4.04,2,1,Pellet,Left,35,26,119,0,29.21,37,nan
3/29/2023 20:34:20,1.14.0,Free_feed,18,4.04,2,1,Pellet,Left,35,26,120,0,10.42,18,nan
3/29/2023 20:53:36,1.14.0,Free_feed,18,4.03,1,1,Pellet,Left,35,26,121,0,Timed_out,1156,nan
3/29/2023 20:55:36,1.14.0,Free_feed,18,4.04,2,1,Pellet,Left,35,26,122,0,Timed_out,120,nan
3/29/2023 20:56:08,1.14.0,Free_feed,18,4.03,1,1,Pellet,Left,35,26,123,0,23.91,32,nan
3/29/2023 20:56:26,1.14.0,Free_feed,18,4.04,1,1,Pellet,Left,35,26,124,0,11.17,18,nan
3/29/2023 21:03:50,1.14.0,Free_feed,18,4.04,1,1,Pellet,Left,35,26,125,0,Timed_out,444,nan
3/29/2023 21:04:11,1.14.0,Free_feed,18,4.03,1,1,Pellet,Left,35,26,126,0,13.19,21,nan
3/29/2023 21:04:35,1.14.0,Free_feed,18,4.04,1,1,Pellet,Left,35,26,127,0,16.88,24,nan
3/29/2023 21:04:55,1.14.0,Free_feed,18,4.04,1,1,Pellet,Left,35,26,128,0,13.37,20,nan
3/29/2023 21:05:13,1.14.0,Free_feed,18,4.03,1,1,Pellet,Left,35,26,129,0,10.67,18,nan
3/29/2023 21:05:31,1.14.0,Free_feed,18,4.03,2,1,Pellet,Left,35,26,130,0,8.64,18,nan
3/29/2023 21:05:58,1.14.0,Free_feed,18,4.04,1,1,Pellet,Left,35,26,131,0,19.41,27,nan
3/29/2023 21:06:02,1.14.0,Free_feed,18,4.04,1,1,Pellet,Left,35,26,132,0,0.12,4,nan
3/29/2023 21:07:25,1.14.0,Free_feed,18,4.03,1,1,Pellet,Left,35,26,133,0,Timed_out,83,nan
3/29/2023 21:16:04,1.14.0,Free_feed,18,4.04,1,1,Pellet,Left,35,26,134,0,Timed_out,519,nan
3/29/2023 21:25:54,1.14.0,Free_feed,18,4.03,1,1,Pellet,Left,35,26,135,0,Timed_out,590,nan
3/29/2023 21:32:15,1.14.0,Free_feed,18,4.04,1,1,Pellet,Left,35,26,136,0,Timed_out,381,nan
3/29/2023 21:45:51,1.14.0,Free_feed,18,4.04,1,1,Pellet,Left,35,26,137,0,Timed_out,816,nan
3/29/2023 21:46:30,1.14.0,Free_feed,18,4.04,1,1,Pellet,Left,35,26,138,0,31.79,39,nan
3/29/2023 21:46:48,1.14.0,Free_feed,18,4.04,1,1,Pellet,Left,35,26,139,0,10.73,18,nan
3/29/2023 21:59:53,1.14.0,Free_feed,18,4.03,1,1,Pellet,Left,35,26,140,0,Timed_out,785,nan
3/29/2023 22:02:21,1.14.0,Free_feed,18,4.03,1,1,Pellet,Left,35,26,141,0,Timed_out,148,nan
3/29/2023 22:02:54,1.14.0,Free_feed,18,4.04,1,1,Pellet,Left,35,26,142,0,30.75,33,nan
3/29/2023 22:03:18,1.14.0,Free_feed,18,4.03,1,1,Pellet,Left,35,26,143,0,21.81,24,nan
3/29/2023 22:03:57,1.14.0,Free_feed,18,4.03,1,1,Pellet,Left,35,26,144,0,31.92,39,nan
3/29/2023 22:05:07,1.14.0,Free_feed,18,4.04,1,1,Pellet,Left,35,26,145,0,Timed_out,70,nan
3/29/2023 22:14:33,1.14.0,Free_feed,18,4.03,nan,1,RightWithPellet,Left,35,27,145,0,nan,nan,0.05
3/29/2023 22:14:34,1.14.0,Free_feed,18,4.03,nan,1,RightWithPellet,Left,35,28,145,0,nan,nan,0.18
3/29/2023 22:14:36,1.14.0,Free_feed,18,4.04,nan,1,RightWithPellet,Left,35,29,145,0,nan,nan,0.15
3/29/2023 22:14:37,1.14.0,Free_feed,18,4.03,nan,1,RightWithPellet,Left,35,30,145,0,nan,nan,0.14
3/29/2023 22:31:19,1.14.0,Free_feed,18,4.03,1,1,Pellet,Left,35,30,146,0,Timed_out,1572,nan
3/29/2023 22:31:33,1.14.0,Free_feed,18,4.04,1,1,Pellet,Left,35,30,147,0,5.70,14,nan
3/29/2023 22:33:02,1.14.0,Free_feed,18,4.03,1,1,Pellet,Left,35,30,148,0,Timed_out,89,nan
3/29/2023 22:36:44,1.14.0,Free_feed,18,4.04,1,1,Pellet,Left,35,30,149,0,Timed_out,222,nan
3/29/2023 22:38:46,1.14.0,Free_feed,18,4.04,1,1,Pellet,Left,35,30,150,0,Timed_out,122,nan
3/29/2023 22:40:00,1.14.0,Free_feed,18,4.03,1,1,Pellet,Left,35,30,151,0,Timed_out,74,nan
3/29/2023 22:41:54,1.14.0,Free_feed,18,4.03,1,1,Pellet,Left,35,30,152,0,Timed_out,113,nan
3/29/2023 22:42:19,1.14.0,Free_feed,18,4.03,1,1,Pellet,Left,35,30,153,0,18.31,26,nan
3/29/2023 22:50:47,1.14.0,Free_feed,18,4.03,nan,1,RightWithPellet,Left,35,31,153,0,nan,nan,0.02
3/29/2023 22:50:55,1.14.0,Free_feed,18,4.03,1,1,Pellet,Left,35,31,154,0,Timed_out,516,nan
3/29/2023 22:51:38,1.14.0,Free_feed,18,4.03,nan,1,LeftWithPellet,Left,36,31,154,0,nan,nan,0.03
3/29/2023 22:52:07,1.14.0,Free_feed,18,4.03,1,1,Pellet,Left,36,31,155,0,Timed_out,72,nan
3/29/2023 22:52:45,1.14.0,Free_feed,18,4.03,1,1,Pellet,Left,36,31,156,0,30.89,38,nan
3/29/2023 22:58:03,1.14.0,Free_feed,18,4.03,1,1,Pellet,Left,36,31,157,0,Timed_out,318,nan
3/29/2023 22:58:35,1.14.0,Free_feed,18,4.03,1,1,Pellet,Left,36,31,158,0,24.72,32,nan
3/29/2023 23:29:11,1.14.0,Free_feed,18,4.04,1,1,Pellet,Left,36,31,159,0,Timed_out,1836,nan
3/29/2023 23:29:26,1.14.0,Free_feed,18,4.03,1,1,Pellet,Left,36,31,160,0,8.52,15,nan
3/29/2023 23:29:49,1.14.0,Free_feed,18,4.03,1,1,Pellet,Left,36,31,161,0,15.59,23,nan
3/29/2023 23:30:08,1.14.0,Free_feed,18,4.03,1,1,Pellet,Left,36,31,162,0,11.90,19,nan
3/29/2023 23:30:35,1.14.0,Free_feed,18,4.03,1,1,Pellet,Left,36,31,163,0,20.27,27,nan
3/29/2023 23:30:40,1.14.0,Free_feed,18,4.03,1,1,Pellet,Left,36,31,164,0,0.12,5,nan
3/29/2023 23:31:41,1.14.0,Free_feed,18,4.03,1,1,Pellet,Left,36,31,165,0,54.23,61,nan
3/29/2023 23:32:33,1.14.0,Free_feed,18,4.03,1,1,Pellet,Left,36,31,166,0,44.99,52,nan
3/29/2023 23:45:51,1.14.0,Free_feed,18,4.03,1,1,Pellet,Left,36,31,167,0,Timed_out,798,nan
3/30/2023 0:18:19,1.14.0,Free_feed,18,4.03,nan,1,RightWithPellet,Left,36,32,167,0,nan,nan,0.91
3/30/2023 0:18:21,1.14.0,Free_feed,18,4.03,nan,1,RightWithPellet,Left,36,33,167,0,nan,nan,0.17
3/30/2023 0:18:23,1.14.0,Free_feed,18,4.03,1,1,Pellet,Left,36,33,168,0,Timed_out,1952,nan
3/30/2023 0:18:51,1.14.0,Free_feed,18,4.03,1,1,Pellet,Left,36,33,169,0,20.76,28,nan
3/30/2023 0:19:05,1.14.0,Free_feed,18,4.03,1,1,Pellet,Left,36,33,170,0,6.31,14,nan
3/30/2023 0:19:28,1.14.0,Free_feed,18,4.03,nan,1,RightWithPellet,Left,36,34,170,0,nan,nan,0.04
3/30/2023 0:20:58,1.14.0,Free_feed,18,4.03,1,1,Pellet,Left,36,34,171,0,Timed_out,113,nan
3/30/2023 0:23:23,1.14.0,Free_feed,18,4.03,1,1,Pellet,Left,36,34,172,0,Timed_out,145,nan
3/30/2023 0:23:47,1.14.0,Free_feed,18,4.03,1,1,Pellet,Left,36,34,173,0,16.45,24,nan
3/30/2023 0:24:24,1.14.0,Free_feed,18,4.03,1,1,Pellet,Left,36,34,174,0,30.62,37,nan
3/30/2023 0:25:12,1.14.0,Free_feed,18,4.03,nan,1,RightWithPellet,Left,36,35,174,0,nan,nan,0.04
3/30/2023 0:25:13,1.14.0,Free_feed,18,4.03,1,1,Pellet,Left,36,35,175,0,41.63,49,nan
3/30/2023 0:33:31,1.14.0,Free_feed,18,4.03,1,1,Pellet,Left,36,35,176,0,Timed_out,498,nan
3/30/2023 0:33:51,1.14.0,Free_feed,18,4.03,nan,1,RightWithPellet,Left,36,36,176,0,nan,nan,0.03
3/30/2023 0:34:11,1.14.0,Free_feed,18,4.03,nan,1,RightWithPellet,Left,36,37,176,0,nan,nan,0.00
3/30/2023 0:35:24,1.14.0,Free_feed,18,4.03,nan,1,LeftWithPellet,Left,37,37,176,0,nan,nan,0.05
3/30/2023 0:35:27,1.14.0,Free_feed,18,4.03,nan,1,LeftWithPellet,Left,38,37,176,0,nan,nan,1.21
3/30/2023 0:35:28,1.14.0,Free_feed,18,4.03,nan,1,LeftWithPellet,Left,39,37,176,0,nan,nan,0.23
3/30/2023 0:35:30,1.14.0,Free_feed,18,4.03,nan,1,LeftWithPellet,Left,40,37,176,0,nan,nan,0.04
3/30/2023 0:35:31,1.14.0,Free_feed,18,4.03,nan,1,LeftWithPellet,Left,41,37,176,0,nan,nan,0.39
3/30/2023 0:35:34,1.14.0,Free_feed,18,4.03,nan,1,LeftWithPellet,Left,42,37,176,0,nan,nan,0.89
3/30/2023 0:35:35,1.14.0,Free_feed,18,4.03,nan,1,LeftWithPellet,Left,43,37,176,0,nan,nan,0.32
3/30/2023 0:35:41,1.14.0,Free_feed,18,4.03,nan,1,LeftWithPellet,Left,44,37,176,0,nan,nan,0.04
3/30/2023 0:35:51,1.14.0,Free_feed,18,4.03,nan,1,LeftWithPellet,Left,45,37,176,0,nan,nan,0.13
3/30/2023 0:35:52,1.14.0,Free_feed,18,4.03,nan,1,LeftWithPellet,Left,46,37,176,0,nan,nan,0.08
3/30/2023 0:35:54,1.14.0,Free_feed,18,4.03,nan,1,LeftWithPellet,Left,47,37,176,0,nan,nan,0.08
3/30/2023 0:35:56,1.14.0,Free_feed,18,4.03,nan,1,LeftWithPellet,Left,48,37,176,0,nan,nan,0.13
3/30/2023 0:35:57,1.14.0,Free_feed,18,4.03,nan,1,LeftWithPellet,Left,49,37,176,0,nan,nan,0.10
3/30/2023 0:35:59,1.14.0,Free_feed,18,4.03,nan,1,LeftWithPellet,Left,50,37,176,0,nan,nan,0.30
3/30/2023 0:36:00,1.14.0,Free_feed,18,4.03,nan,1,LeftWithPellet,Left,51,37,176,0,nan,nan,0.23
3/30/2023 0:36:02,1.14.0,Free_feed,18,4.03,nan,1,LeftWithPellet,Left,52,37,176,0,nan,nan,0.22
3/30/2023 0:36:03,1.14.0,Free_feed,18,4.03,nan,1,LeftWithPellet,Left,53,37,176,0,nan,nan,0.07
3/30/2023 0:36:07,1.14.0,Free_feed,18,4.03,nan,1,LeftWithPellet,Left,54,37,176,0,nan,nan,0.05
3/30/2023 0:36:08,1.14.0,Free_feed,18,4.03,nan,1,LeftWithPellet,Left,55,37,176,0,nan,nan,0.15
3/30/2023 0:36:09,1.14.0,Free_feed,18,4.03,nan,1,LeftWithPellet,Left,56,37,176,0,nan,nan,0.35
3/30/2023 0:36:17,1.14.0,Free_feed,18,4.03,nan,1,LeftWithPellet,Left,57,37,176,0,nan,nan,0.12
3/30/2023 0:36:18,1.14.0,Free_feed,18,4.03,nan,1,LeftWithPellet,Left,58,37,176,0,nan,nan,0.07
3/30/2023 0:36:26,1.14.0,Free_feed,18,4.03,nan,1,LeftWithPellet,Left,59,37,176,0,nan,nan,0.06
3/30/2023 0:36:30,1.14.0,Free_feed,18,4.03,nan,1,LeftWithPellet,Left,60,37,176,0,nan,nan,0.20
3/30/2023 0:36:33,1.14.0,Free_feed,18,4.03,nan,1,LeftWithPellet,Left,61,37,176,0,nan,nan,0.68
3/30/2023 0:36:35,1.14.0,Free_feed,18,4.03,nan,1,LeftWithPellet,Left,62,37,176,0,nan,nan,0.31
3/30/2023 0:36:37,1.14.0,Free_feed,18,4.03,nan,1,LeftWithPellet,Left,63,37,176,0,nan,nan,0.68
3/30/2023 0:37:13,1.14.0,Free_feed,18,4.03,nan,1,LeftWithPellet,Left,64,37,176,0,nan,nan,0.04
3/30/2023 0:37:17,1.14.0,Free_feed,18,4.03,nan,1,LeftWithPellet,Left,65,37,176,0,nan,nan,0.03
3/30/2023 0:37:18,1.14.0,Free_feed,18,4.03,nan,1,LeftWithPellet,Left,66,37,176,0,nan,nan,0.25
3/30/2023 0:37:20,1.14.0,Free_feed,18,4.03,nan,1,LeftWithPellet,Left,67,37,176,0,nan,nan,0.23
3/30/2023 0:37:27,1.14.0,Free_feed,18,4.03,nan,1,LeftWithPellet,Left,68,37,176,0,nan,nan,0.09
3/30/2023 0:37:28,1.14.0,Free_feed,18,4.03,nan,1,LeftWithPellet,Left,69,37,176,0,nan,nan,0.18
3/30/2023 0:37:29,1.14.0,Free_feed,18,4.03,nan,1,LeftWithPellet,Left,70,37,176,0,nan,nan,0.17
3/30/2023 0:37:30,1.14.0,Free_feed,18,4.03,nan,1,LeftWithPellet,Left,71,37,176,0,nan,nan,0.14
3/30/2023 0:37:31,1.14.0,Free_feed,18,4.03,nan,1,LeftWithPellet,Left,72,37,176,0,nan,nan,0.25
3/30/2023 0:37:33,1.14.0,Free_feed,18,4.03,nan,1,LeftWithPellet,Left,73,37,176,0,nan,nan,0.88
3/30/2023 0:37:35,1.14.0,Free_feed,18,4.03,nan,1,LeftWithPellet,Left,74,37,176,0,nan,nan,0.93
3/30/2023 0:37:39,1.14.0,Free_feed,18,4.03,nan,1,LeftWithPellet,Left,75,37,176,0,nan,nan,0.63
3/30/2023 0:37:41,1.14.0,Free_feed,18,4.03,nan,1,LeftWithPellet,Left,76,37,176,0,nan,nan,0.10
3/30/2023 0:37:43,1.14.0,Free_feed,18,4.03,nan,1,LeftWithPellet,Left,77,37,176,0,nan,nan,0.45
3/30/2023 0:37:50,1.14.0,Free_feed,18,4.03,nan,1,LeftWithPellet,Left,78,37,176,0,nan,nan,0.40
3/30/2023 0:37:52,1.14.0,Free_feed,18,4.03,nan,1,LeftWithPellet,Left,79,37,176,0,nan,nan,1.29
3/30/2023 0:37:54,1.14.0,Free_feed,18,4.03,nan,1,LeftWithPellet,Left,80,37,176,0,nan,nan,0.02
3/30/2023 0:38:03,1.14.0,Free_feed,18,4.03,nan,1,LeftWithPellet,Left,81,37,176,0,nan,nan,0.15
3/30/2023 0:38:07,1.14.0,Free_feed,18,4.03,nan,1,LeftWithPellet,Left,82,37,176,0,nan,nan,0.08
3/30/2023 0:38:08,1.14.0,Free_feed,18,4.03,nan,1,LeftWithPellet,Left,83,37,176,0,nan,nan,0.09
3/30/2023 0:38:09,1.14.0,Free_feed,18,4.03,nan,1,LeftWithPellet,Left,84,37,176,0,nan,nan,0.03
3/30/2023 0:38:10,1.14.0,Free_feed,18,4.03,nan,1,LeftWithPellet,Left,85,37,176,0,nan,nan,0.11
3/30/2023 0:38:10,1.14.0,Free_feed,18,4.03,nan,1,LeftWithPellet,Left,86,37,176,0,nan,nan,0.04
3/30/2023 0:38:11,1.14.0,Free_feed,18,4.03,nan,1,LeftWithPellet,Left,87,37,176,0,nan,nan,0.07
3/30/2023 0:38:12,1.14.0,Free_feed,18,4.03,nan,1,LeftWithPellet,Left,88,37,176,0,nan,nan,0.03
3/30/2023 0:38:14,1.14.0,Free_feed,18,4.03,nan,1,LeftWithPellet,Left,89,37,176,0,nan,nan,0.10
3/30/2023 0:38:15,1.14.0,Free_feed,18,4.03,nan,1,LeftWithPellet,Left,90,37,176,0,nan,nan,0.09
3/30/2023 0:38:16,1.14.0,Free_feed,18,4.03,nan,1,LeftWithPellet,Left,91,37,176,0,nan,nan,0.27
3/30/2023 0:38:19,1.14.0,Free_feed,18,4.03,nan,1,LeftWithPellet,Left,92,37,176,0,nan,nan,1.09
3/30/2023 0:38:20,1.14.0,Free_feed,18,4.03,nan,1,LeftWithPellet,Left,93,37,176,0,nan,nan,0.04
3/30/2023 0:38:21,1.14.0,Free_feed,18,4.03,nan,1,LeftWithPellet,Left,94,37,176,0,nan,nan,0.04
3/30/2023 0:38:22,1.14.0,Free_feed,18,4.02,nan,1,LeftWithPellet,Left,95,37,176,0,nan,nan,0.16
3/30/2023 0:38:22,1.14.0,Free_feed,18,4.03,nan,1,LeftWithPellet,Left,96,37,176,0,nan,nan,0.06
3/30/2023 0:38:25,1.14.0,Free_feed,18,4.03,nan,1,LeftWithPellet,Left,97,37,176,0,nan,nan,0.92
3/30/2023 0:38:26,1.14.0,Free_feed,18,4.03,nan,1,LeftWithPellet,Left,98,37,176,0,nan,nan,0.17
3/30/2023 0:38:29,1.14.0,Free_feed,18,4.03,nan,1,LeftWithPellet,Left,99,37,176,0,nan,nan,0.20
3/30/2023 0:38:30,1.14.0,Free_feed,18,4.03,nan,1,LeftWithPellet,Left,100,37,176,0,nan,nan,0.01
3/30/2023 0:38:33,1.14.0,Free_feed,18,4.03,nan,1,LeftWithPellet,Left,101,37,176,0,nan,nan,0.60
3/30/2023 0:38:35,1.14.0,Free_feed,18,4.03,nan,1,LeftWithPellet,Left,102,37,176,0,nan,nan,0.51
3/30/2023 0:38:43,1.14.0,Free_feed,18,4.03,nan,1,LeftWithPellet,Left,103,37,176,0,nan,nan,0.03
3/30/2023 0:39:38,1.14.0,Free_feed,18,4.03,1,1,Pellet,Left,103,37,177,0,Timed_out,367,nan
3/30/2023 0:40:03,1.14.0,Free_feed,18,4.03,1,1,Pellet,Left,103,37,178,0,17.25,25,nan
3/30/2023 0:40:49,1.14.0,Free_feed,18,4.03,nan,1,LeftWithPellet,Left,104,37,178,0,nan,nan,0.07
3/30/2023 0:40:49,1.14.0,Free_feed,18,4.03,nan,1,LeftWithPellet,Left,105,37,178,0,nan,nan,0.00
3/30/2023 0:40:50,1.14.0,Free_feed,18,4.03,nan,1,LeftWithPellet,Left,106,37,178,0,nan,nan,0.10
3/30/2023 0:40:51,1.14.0,Free_feed,18,4.03,nan,1,LeftWithPellet,Left,107,37,178,0,nan,nan,0.09
3/30/2023 0:40:53,1.14.0,Free_feed,18,4.03,nan,1,LeftWithPellet,Left,108,37,178,0,nan,nan,1.08
3/30/2023 0:40:55,1.14.0,Free_feed,18,4.03,nan,1,LeftWithPellet,Left,109,37,178,0,nan,nan,0.10
3/30/2023 0:40:56,1.14.0,Free_feed,18,4.03,nan,1,LeftWithPellet,Left,110,37,178,0,nan,nan,0.04
3/30/2023 0:41:09,1.14.0,Free_feed,18,4.03,nan,1,LeftWithPellet,Left,111,37,178,0,nan,nan,0.05
3/30/2023 0:41:10,1.14.0,Free_feed,18,4.03,nan,1,LeftWithPellet,Left,112,37,178,0,nan,nan,0.37
3/30/2023 0:41:30,1.14.0,Free_feed,18,4.03,nan,1,LeftWithPellet,Left,113,37,178,0,nan,nan,0.09
3/30/2023 0:41:32,1.14.0,Free_feed,18,4.03,nan,1,LeftWithPellet,Left,114,37,178,0,nan,nan,0.10
3/30/2023 0:41:34,1.14.0,Free_feed,18,4.03,nan,1,LeftWithPellet,Left,115,37,178,0,nan,nan,0.17
3/30/2023 0:41:35,1.14.0,Free_feed,18,4.03,nan,1,LeftWithPellet,Left,116,37,178,0,nan,nan,0.19
3/30/2023 0:41:37,1.14.0,Free_feed,18,4.03,nan,1,LeftWithPellet,Left,117,37,178,0,nan,nan,0.05
3/30/2023 0:41:39,1.14.0,Free_feed,18,4.03,nan,1,LeftWithPellet,Left,118,37,178,0,nan,nan,0.14
3/30/2023 0:41:51,1.14.0,Free_feed,18,4.03,nan,1,LeftWithPellet,Left,119,37,178,0,nan,nan,0.77
3/30/2023 0:41:54,1.14.0,Free_feed,18,4.03,nan,1,LeftWithPellet,Left,120,37,178,0,nan,nan,0.03
3/30/2023 0:41:58,1.14.0,Free_feed,18,4.03,nan,1,LeftWithPellet,Left,121,37,178,0,nan,nan,0.09
3/30/2023 0:42:06,1.14.0,Free_feed,18,4.03,nan,1,LeftWithPellet,Left,122,37,178,0,nan,nan,0.04
3/30/2023 0:42:07,1.14.0,Free_feed,18,4.03,nan,1,LeftWithPellet,Left,123,37,178,0,nan,nan,0.03
3/30/2023 0:42:17,1.14.0,Free_feed,18,4.03,nan,1,LeftWithPellet,Left,124,37,178,0,nan,nan,0.02
3/30/2023 0:42:19,1.14.0,Free_feed,18,4.03,nan,1,LeftWithPellet,Left,125,37,178,0,nan,nan,0.83
3/30/2023 0:42:22,1.14.0,Free_feed,18,4.03,nan,1,LeftWithPellet,Left,126,37,178,0,nan,nan,0.07
3/30/2023 0:42:26,1.14.0,Free_feed,18,4.03,nan,1,LeftWithPellet,Left,127,37,178,0,nan,nan,0.40
3/30/2023 0:42:33,1.14.0,Free_feed,18,4.03,1,1,Pellet,Left,127,37,179,0,Timed_out,150,nan
3/30/2023 0:43:13,1.14.0,Free_feed,18,4.03,1,1,Pellet,Left,127,37,180,0,32.52,40,nan
3/30/2023 0:48:32,1.14.0,Free_feed,18,4.03,1,1,Pellet,Left,127,37,181,0,Timed_out,319,nan
3/30/2023 0:49:03,1.14.0,Free_feed,18,4.03,nan,1,LeftWithPellet,Left,128,37,181,0,nan,nan,0.00
3/30/2023 0:49:07,1.14.0,Free_feed,18,4.03,nan,1,LeftWithPellet,Left,129,37,181,0,nan,nan,0.04
3/30/2023 0:49:48,1.14.0,Free_feed,18,4.03,1,1,Pellet,Left,129,37,182,0,Timed_out,76,nan
3/30/2023 0:59:17,1.14.0,Free_feed,18,4.03,1,1,Pellet,Left,129,37,183,0,Timed_out,569,nan
3/30/2023 0:59:58,1.14.0,Free_feed,18,4.03,2,1,Pellet,Left,129,37,184,0,33.58,41,nan
3/30/2023 1:00:16,1.14.0,Free_feed,18,4.03,1,1,Pellet,Left,129,37,185,0,10.91,18,nan
3/30/2023 1:02:19,1.14.0,Free_feed,18,4.03,nan,1,LeftWithPellet,Left,130,37,185,0,nan,nan,0.24
3/30/2023 1:02:21,1.14.0,Free_feed,18,4.02,nan,1,LeftWithPellet,Left,131,37,185,0,nan,nan,0.10
3/30/2023 1:02:23,1.14.0,Free_feed,18,4.03,nan,1,LeftWithPellet,Left,132,37,185,0,nan,nan,0.05
3/30/2023 1:02:27,1.14.0,Free_feed,18,4.03,nan,1,LeftWithPellet,Left,133,37,185,0,nan,nan,0.01
3/30/2023 1:02:29,1.14.0,Free_feed,18,4.03,nan,1,LeftWithPellet,Left,134,37,185,0,nan,nan,0.01
3/30/2023 1:02:36,1.14.0,Free_feed,18,4.03,nan,1,LeftWithPellet,Left,135,37,185,0,nan,nan,0.03
3/30/2023 1:02:39,1.14.0,Free_feed,18,4.03,nan,1,LeftWithPellet,Left,136,37,185,0,nan,nan,0.72
3/30/2023 1:02:42,1.14.0,Free_feed,18,4.03,nan,1,LeftWithPellet,Left,137,37,185,0,nan,nan,0.62
3/30/2023 1:02:44,1.14.0,Free_feed,18,4.03,nan,1,LeftWithPellet,Left,138,37,185,0,nan,nan,0.06
3/30/2023 1:02:47,1.14.0,Free_feed,18,4.03,nan,1,LeftWithPellet,Left,139,37,185,0,nan,nan,0.07
3/30/2023 1:02:48,1.14.0,Free_feed,18,4.03,nan,1,LeftWithPellet,Left,140,37,185,0,nan,nan,0.06
3/30/2023 1:02:49,1.14.0,Free_feed,18,4.03,nan,1,LeftWithPellet,Left,141,37,185,0,nan,nan,0.10
3/30/2023 1:02:51,1.14.0,Free_feed,18,4.03,nan,1,LeftWithPellet,Left,142,37,185,0,nan,nan,0.07
3/30/2023 1:02:52,1.14.0,Free_feed,18,4.03,nan,1,LeftWithPellet,Left,143,37,185,0,nan,nan,0.11
3/30/2023 1:02:58,1.14.0,Free_feed,18,4.03,nan,1,LeftWithPellet,Left,144,37,185,0,nan,nan,0.00
3/30/2023 1:03:03,1.14.0,Free_feed,18,4.03,nan,1,LeftWithPellet,Left,145,37,185,0,nan,nan,0.02
3/30/2023 1:04:46,1.14.0,Free_feed,18,4.03,nan,1,RightWithPellet,Left,145,38,185,0,nan,nan,0.07
3/30/2023 1:04:48,1.14.0,Free_feed,18,4.03,nan,1,RightWithPellet,Left,145,39,185,0,nan,nan,0.55
3/30/2023 1:04:52,1.14.0,Free_feed,18,4.03,nan,1,RightWithPellet,Left,145,40,185,0,nan,nan,0.41
3/30/2023 1:04:53,1.14.0,Free_feed,18,4.03,nan,1,RightWithPellet,Left,145,41,185,0,nan,nan,0.16
3/30/2023 1:06:49,1.14.0,Free_feed,18,4.02,1,1,Pellet,Left,145,41,186,0,Timed_out,392,nan
3/30/2023 2:41:09,1.14.0,Free_feed,18,4.02,1,1,Pellet,Left,145,41,187,0,Timed_out,5661,nan
3/30/2023 2:41:33,1.14.0,Free_feed,18,4.03,1,1,Pellet,Left,145,41,188,0,17.67,24,nan
3/30/2023 2:44:14,1.14.0,Free_feed,18,4.03,2,1,Pellet,Left,145,41,189,0,Timed_out,161,nan
3/30/2023 2:44:32,1.14.0,Free_feed,18,4.03,1,1,Pellet,Left,145,41,190,0,10.79,18,nan
3/30/2023 2:44:48,1.14.0,Free_feed,18,4.03,1,1,Pellet,Left,145,41,191,0,9.50,16,nan
3/30/2023 2:45:04,1.14.0,Free_feed,18,4.03,1,1,Pellet,Left,145,41,192,0,8.27,16,nan
3/30/2023 2:45:25,1.14.0,Free_feed,18,4.02,1,1,Pellet,Left,145,41,193,0,12.64,20,nan
3/30/2023 2:45:43,1.14.0,Free_feed,18,4.03,1,1,Pellet,Left,145,41,194,0,11.22,19,nan
3/30/2023 2:46:09,1.14.0,Free_feed,18,4.03,1,1,Pellet,Left,145,41,195,0,17.74,26,nan
3/30/2023 2:46:59,1.14.0,Free_feed,18,4.03,nan,1,LeftWithPellet,Left,146,41,195,0,nan,nan,0.14
3/30/2023 3:28:44,1.14.0,Free_feed,18,4.02,1,1,Pellet,Left,146,41,196,0,Timed_out,2555,nan
3/30/2023 3:29:04,1.14.0,Free_feed,18,4.03,1,1,Pellet,Left,146,41,197,0,13.25,20,nan
3/30/2023 3:29:24,1.14.0,Free_feed,18,4.02,1,1,Pellet,Left,146,41,198,0,12.95,20,nan
3/30/2023 3:29:42,1.14.0,Free_feed,18,4.02,2,1,Pellet,Left,146,41,199,0,11.35,18,nan
3/30/2023 3:30:02,1.14.0,Free_feed,18,4.03,1,1,Pellet,Left,146,41,200,0,11.78,20,nan
3/30/2023 3:30:24,1.14.0,Free_feed,18,4.02,2,1,Pellet,Left,146,41,201,0,15.04,22,nan
3/30/2023 3:30:42,1.14.0,Free_feed,18,4.02,1,1,Pellet,Left,146,41,202,0,11.22,18,nan
3/30/2023 3:31:00,1.14.0,Free_feed,18,4.03,1,1,Pellet,Left,146,41,203,0,10.55,17,nan
3/30/2023 4:24:53,1.14.0,Free_feed,18,4.03,1,1,Pellet,Left,146,41,204,0,Timed_out,3234,nan
3/30/2023 4:25:21,1.14.0,Free_feed,18,4.02,2,1,Pellet,Left,146,41,205,0,18.60,28,nan
3/30/2023 4:25:44,1.14.0,Free_feed,18,4.02,1,1,Pellet,Left,146,41,206,0,15.66,23,nan
3/30/2023 4:26:49,1.14.0,Free_feed,18,4.02,1,1,Pellet,Left,146,41,207,0,58.06,65,nan
3/30/2023 4:39:25,1.14.0,Free_feed,18,4.02,1,1,Pellet,Left,146,41,208,0,Timed_out,755,nan
3/30/2023 4:41:37,1.14.0,Free_feed,18,4.02,1,1,Pellet,Left,146,41,209,0,Timed_out,133,nan
3/30/2023 4:48:58,1.14.0,Free_feed,18,4.02,1,1,Pellet,Left,146,41,210,0,Timed_out,441,nan
3/30/2023 4:49:29,1.14.0,Free_feed,18,4.02,1,1,Pellet,Left,146,41,211,0,23.46,31,nan
3/30/2023 4:50:13,1.14.0,Free_feed,18,4.02,1,1,Pellet,Left,146,41,212,0,36.95,44,nan
3/30/2023 5:00:44,1.14.0,Free_feed,18,4.02,2,1,Pellet,Left,146,41,213,0,Timed_out,631,nan
3/30/2023 5:02:42,1.14.0,Free_feed,18,4.02,1,1,Pellet,Left,146,41,214,0,Timed_out,118,nan
3/30/2023 5:05:07,1.14.0,Free_feed,18,4.03,nan,1,RightWithPellet,Left,146,42,214,0,nan,nan,0.92
3/30/2023 5:05:10,1.14.0,Free_feed,18,4.02,nan,1,RightWithPellet,Left,146,43,214,0,nan,nan,0.03
3/30/2023 5:05:13,1.14.0,Free_feed,18,4.03,nan,1,RightWithPellet,Left,146,44,214,0,nan,nan,0.10
3/30/2023 5:05:15,1.14.0,Free_feed,18,4.02,nan,1,RightWithPellet,Left,146,45,214,0,nan,nan,0.21
3/30/2023 5:05:25,1.14.0,Free_feed,18,4.02,nan,1,RightWithPellet,Left,146,46,214,0,nan,nan,0.80
3/30/2023 5:05:29,1.14.0,Free_feed,18,4.02,1,1,Pellet,Left,146,46,215,0,Timed_out,167,nan
3/30/2023 5:05:36,1.14.0,Free_feed,18,4.02,nan,1,LeftWithPellet,Left,147,46,215,0,nan,nan,0.69
3/30/2023 5:05:38,1.14.0,Free_feed,18,4.02,nan,1,LeftWithPellet,Left,148,46,215,0,nan,nan,0.92
3/30/2023 5:05:39,1.14.0,Free_feed,18,4.02,nan,1,LeftWithPellet,Left,149,46,215,0,nan,nan,0.04
3/30/2023 5:05:41,1.14.0,Free_feed,18,4.02,nan,1,LeftWithPellet,Left,150,46,215,0,nan,nan,0.03
3/30/2023 5:05:46,1.14.0,Free_feed,18,4.02,nan,1,LeftWithPellet,Left,151,46,215,0,nan,nan,0.01
3/30/2023 5:05:54,1.14.0,Free_feed,18,4.02,nan,1,LeftWithPellet,Left,152,46,215,0,nan,nan,0.85
3/30/2023 5:05:58,1.14.0,Free_feed,18,4.02,nan,1,LeftWithPellet,Left,153,46,215,0,nan,nan,2.78
3/30/2023 5:08:09,1.14.0,Free_feed,18,4.02,1,1,Pellet,Left,153,46,216,0,Timed_out,160,nan
3/30/2023 5:19:45,1.14.0,Free_feed,18,4.02,1,1,Pellet,Left,153,46,217,0,Timed_out,696,nan
3/30/2023 5:21:30,1.14.0,Free_feed,18,4.02,2,1,Pellet,Left,153,46,218,0,Timed_out,105,nan
3/30/2023 5:21:53,1.14.0,Free_feed,18,4.03,2,1,Pellet,Left,153,46,219,0,13.56,23,nan
3/30/2023 5:22:14,1.14.0,Free_feed,18,4.02,1,1,Pellet,Left,153,46,220,0,13.69,21,nan
3/30/2023 5:23:06,1.14.0,Free_feed,18,4.02,1,1,Pellet,Left,153,46,221,0,44.69,52,nan
3/30/2023 5:24:16,1.14.0,Free_feed,18,4.02,nan,1,LeftWithPellet,Left,154,46,221,0,nan,nan,0.22
3/30/2023 5:30:11,1.14.0,Free_feed,18,4.02,1,1,Pellet,Left,154,46,222,0,Timed_out,425,nan
3/30/2023 5:31:33,1.14.0,Free_feed,18,4.02,1,1,Pellet,Left,154,46,223,0,Timed_out,82,nan
3/30/2023 5:32:18,1.14.0,Free_feed,18,4.03,1,1,Pellet,Left,154,46,224,0,43.82,45,nan
3/30/2023 5:32:47,1.14.0,Free_feed,18,4.02,1,1,Pellet,Left,154,46,225,0,21.63,29,nan
3/30/2023 5:33:07,1.14.0,Free_feed,18,4.02,1,1,Pellet,Left,154,46,226,0,12.28,20,nan
3/30/2023 5:33:49,1.14.0,Free_feed,18,4.02,1,1,Pellet,Left,154,46,227,0,34.40,42,nan
3/30/2023 5:35:29,1.14.0,Free_feed,18,4.02,1,1,Pellet,Left,154,46,228,0,Timed_out,100,nan
3/30/2023 5:42:32,1.14.0,Free_feed,18,4.02,1,1,Pellet,Left,154,46,229,0,Timed_out,423,nan
3/30/2023 5:45:42,1.14.0,Free_feed,18,4.02,2,1,Pellet,Left,154,46,230,0,Timed_out,190,nan
3/30/2023 5:52:39,1.14.0,Free_feed,18,4.02,1,1,Pellet,Left,154,46,231,0,Timed_out,417,nan
3/30/2023 5:54:55,1.14.0,Free_feed,18,4.02,1,1,Pellet,Left,154,46,232,0,Timed_out,136,nan
3/30/2023 5:56:35,1.14.0,Free_feed,18,4.02,1,1,Pellet,Left,154,46,233,0,Timed_out,100,nan
3/30/2023 5:58:22,1.14.0,Free_feed,18,4.02,nan,1,RightWithPellet,Left,154,47,233,0,nan,nan,0.06
3/30/2023 6:07:19,1.14.0,Free_feed,18,4.02,1,1,Pellet,Left,154,47,234,0,Timed_out,644,nan
3/30/2023 6:07:56,1.14.0,Free_feed,18,4.02,1,1,Pellet,Left,154,47,235,0,29.39,37,nan
3/30/2023 6:08:51,1.14.0,Free_feed,18,4.02,1,1,Pellet,Left,154,47,236,0,47.83,55,nan
3/30/2023 6:10:52,1.14.0,Free_feed,18,4.02,1,1,Pellet,Left,154,47,237,0,Timed_out,121,nan
3/30/2023 6:12:37,1.14.0,Free_feed,18,4.02,2,1,Pellet,Left,154,47,238,0,Timed_out,105,nan
3/30/2023 6:25:38,1.14.0,Free_feed,18,4.02,1,1,Pellet,Left,154,47,239,0,Timed_out,781,nan
3/30/2023 6:26:11,1.14.0,Free_feed,18,4.02,1,1,Pellet,Left,154,47,240,0,26.07,33,nan
3/30/2023 6:30:29,1.14.0,Free_feed,18,4.02,1,1,Pellet,Left,154,47,241,0,Timed_out,258,nan
3/30/2023 6:33:08,1.14.0,Free_feed,18,4.02,1,1,Pellet,Left,154,47,242,0,Timed_out,159,nan
3/30/2023 6:37:43,1.14.0,Free_feed,18,4.02,1,1,Pellet,Left,154,47,243,0,Timed_out,275,nan
3/30/2023 6:42:14,1.14.0,Free_feed,18,4.02,nan,1,RightWithPellet,Left,154,48,243,0,nan,nan,0.03
3/30/2023 6:43:08,1.14.0,Free_feed,18,4.02,1,1,Pellet,Left,154,48,244,0,Timed_out,325,nan
3/30/2023 6:43:56,1.14.0,Free_feed,18,4.02,1,1,Pellet,Left,154,48,245,0,40.05,48,nan
3/30/2023 6:44:28,1.14.0,Free_feed,18,4.02,1,1,Pellet,Left,154,48,246,0,25.63,32,nan
3/30/2023 6:49:07,1.14.0,Free_feed,18,4.02,nan,1,LeftWithPellet,Left,155,48,246,0,nan,nan,0.02
3/30/2023 6:49:08,1.14.0,Free_feed,18,4.02,nan,1,LeftWithPellet,Left,156,48,246,0,nan,nan,0.03
3/30/2023 6:49:10,1.14.0,Free_feed,18,4.02,nan,1,LeftWithPellet,Left,157,48,246,0,nan,nan,0.26
3/30/2023 6:49:11,1.14.0,Free_feed,18,4.02,nan,1,LeftWithPellet,Left,158,48,246,0,nan,nan,0.11
3/30/2023 6:49:34,1.14.0,Free_feed,18,4.02,nan,1,LeftWithPellet,Left,159,48,246,0,nan,nan,0.23
3/30/2023 6:50:26,1.14.0,Free_feed,18,4.02,nan,1,RightWithPellet,Left,159,49,246,0,nan,nan,0.00
3/30/2023 6:50:33,1.14.0,Free_feed,18,4.02,1,1,Pellet,Left,159,49,247,0,Timed_out,365,nan
3/30/2023 6:51:00,1.14.0,Free_feed,18,4.02,2,1,Pellet,Left,159,49,248,0,19.84,27,nan
3/30/2023 6:57:55,1.14.0,Free_feed,18,4.02,1,1,Pellet,Left,159,49,249,0,Timed_out,415,nan
3/30/2023 6:58:26,1.14.0,Free_feed,18,4.02,2,1,Pellet,Left,159,49,250,0,22.61,31,nan
3/30/2023 8:10:21,1.14.0,Free_feed,18,4.02,1,1,Pellet,Left,159,49,251,0,Timed_out,4315,nan
3/30/2023 8:10:43,1.14.0,Free_feed,18,4.02,1,1,Pellet,Left,159,49,252,0,14.42,22,nan
3/30/2023 8:17:33,1.14.0,Free_feed,18,4.02,1,1,Pellet,Left,159,49,253,0,Timed_out,410,nan
3/30/2023 8:18:34,1.14.0,Free_feed,18,4.02,1,1,Pellet,Left,159,49,254,0,54.54,61,nan
3/30/2023 8:18:57,1.14.0,Free_feed,18,4.02,1,1,Pellet,Left,159,49,255,0,14.67,23,nan
3/30/2023 8:19:20,1.14.0,Free_feed,18,4.02,1,1,Pellet,Left,159,49,256,0,16.58,23,nan
3/30/2023 9:05:14,1.14.0,Free_feed,18,4.02,1,1,Pellet,Left,159,49,257,0,Timed_out,2754,nan
