MM:DD:YYYY hh:mm:ss,Library_Version,Session_type,Device_Number,Battery_Voltage,Motor_Turns,FR,Event,Active_Poke,Left_Poke_Count,Right_Poke_Count,Pellet_Count,Block_Pellet_Count,Retrieval_Time,InterPelletInterval,Poke_Time
3/29/2023 10:07:47,1.14.0,Free_feed,20,4.04,51,1,Pellet,Left,0,0,1,0,5.38,nan,nan
3/29/2023 10:55:13,1.14.0,Free_feed,20,4.05,1,1,Pellet,Left,0,0,2,0,Timed_out,2846,nan
3/29/2023 11:03:44,1.14.0,Free_feed,20,4.06,nan,1,LeftWithPellet,Left,1,0,2,0,nan,nan,0.07
3/29/2023 11:03:46,1.14.0,Free_feed,20,4.06,nan,1,LeftWithPellet,Left,2,0,2,0,nan,nan,0.49
3/29/2023 11:06:25,1.14.0,Free_feed,20,4.06,nan,1,RightWithPellet,Left,2,1,2,0,nan,nan,0.00
3/29/2023 11:09:15,1.14.0,Free_feed,20,4.05,nan,1,LeftWithPellet,Left,3,1,2,0,nan,nan,0.13
3/29/2023 11:09:18,1.14.0,Free_feed,20,4.05,nan,1,LeftWithPellet,Left,4,1,2,0,nan,nan,0.09
3/29/2023 11:09:19,1.14.0,Free_feed,20,4.05,nan,1,LeftWithPellet,Left,5,1,2,0,nan,nan,0.42
3/29/2023 11:09:24,1.14.0,Free_feed,20,4.05,nan,1,RightWithPellet,Left,5,2,2,0,nan,nan,0.04
3/29/2023 11:09:26,1.14.0,Free_feed,20,4.05,nan,1,RightWithPellet,Left,5,3,2,0,nan,nan,0.52
3/29/2023 11:10:25,1.14.0,Free_feed,20,4.05,1,1,Pellet,Left,5,3,3,0,Timed_out,912,nan
3/29/2023 11:14:56,1.14.0,Free_feed,20,4.05,nan,1,RightWithPellet,Left,5,4,3,0,nan,nan,0.11
3/29/2023 11:14:58,1.14.0,Free_feed,20,4.05,nan,1,RightWithPellet,Left,5,5,3,0,nan,nan,0.65
3/29/2023 11:14:59,1.14.0,Free_feed,20,4.05,nan,1,RightWithPellet,Left,5,6,3,0,nan,nan,0.04
3/29/2023 11:19:13,1.14.0,Free_feed,20,4.05,nan,1,LeftWithPellet,Left,6,6,3,0,nan,nan,0.16
3/29/2023 11:19:14,1.14.0,Free_feed,20,4.05,nan,1,LeftWithPellet,Left,7,6,3,0,nan,nan,0.47
3/29/2023 11:19:15,1.14.0,Free_feed,20,4.05,nan,1,LeftWithPellet,Left,8,6,3,0,nan,nan,0.23
3/29/2023 11:19:17,1.14.0,Free_feed,20,4.06,nan,1,LeftWithPellet,Left,9,6,3,0,nan,nan,0.17
3/29/2023 11:19:18,1.14.0,Free_feed,20,4.06,nan,1,LeftWithPellet,Left,10,6,3,0,nan,nan,0.06
3/29/2023 11:19:19,1.14.0,Free_feed,20,4.05,nan,1,LeftWithPellet,Left,11,6,3,0,nan,nan,0.02
3/29/2023 11:19:20,1.14.0,Free_feed,20,4.05,nan,1,LeftWithPellet,Left,12,6,3,0,nan,nan,0.36
3/29/2023 11:19:21,1.14.0,Free_feed,20,4.05,nan,1,LeftWithPellet,Left,13,6,3,0,nan,nan,0.26
3/29/2023 11:19:31,1.14.0,Free_feed,20,4.05,5,1,Pellet,Left,13,6,4,0,Timed_out,546,nan
3/29/2023 11:19:52,1.14.0,Free_feed,20,4.05,1,1,Pellet,Left,13,6,5,0,17.73,21,nan
3/29/2023 11:19:54,1.14.0,Free_feed,20,4.05,1,1,Pellet,Left,13,6,6,0,0.42,2,nan
3/29/2023 11:20:50,1.14.0,Free_feed,20,4.05,1,1,Pellet,Left,13,6,7,0,48.64,56,nan
3/29/2023 11:20:52,1.14.0,Free_feed,20,4.05,1,1,Pellet,Left,13,6,8,0,0.79,2,nan
3/29/2023 11:20:54,1.14.0,Free_feed,20,4.05,1,1,Pellet,Left,13,6,9,0,0.60,2,nan
3/29/2023 11:21:23,1.14.0,Free_feed,20,4.05,1,1,Pellet,Left,13,6,10,0,22.28,29,nan
3/29/2023 11:21:25,1.14.0,Free_feed,20,4.05,1,1,Pellet,Left,13,6,11,0,0.06,2,nan
3/29/2023 11:21:26,1.14.0,Free_feed,20,4.05,1,1,Pellet,Left,13,6,12,0,0.06,1,nan
3/29/2023 11:21:53,1.14.0,Free_feed,20,4.05,1,1,Pellet,Left,13,6,13,0,19.45,27,nan
3/29/2023 11:21:54,1.14.0,Free_feed,20,4.05,1,1,Pellet,Left,13,6,14,0,0.06,1,nan
3/29/2023 11:21:56,1.14.0,Free_feed,20,4.05,1,1,Pellet,Left,13,6,15,0,0.06,2,nan
3/29/2023 11:22:36,1.14.0,Free_feed,20,4.05,1,1,Pellet,Left,13,6,16,0,32.82,40,nan
3/29/2023 11:22:45,1.14.0,Free_feed,20,4.06,1,1,Pellet,Left,13,6,17,0,1.95,9,nan
3/29/2023 11:24:21,1.14.0,Free_feed,20,4.05,1,1,Pellet,Left,13,6,18,0,Timed_out,96,nan
3/29/2023 11:24:42,1.14.0,Free_feed,20,4.05,1,1,Pellet,Left,13,6,19,0,19.70,21,nan
3/29/2023 11:26:17,1.14.0,Free_feed,20,4.05,nan,1,LeftWithPellet,Left,14,6,19,0,nan,nan,0.77
3/29/2023 11:28:20,1.14.0,Free_feed,20,4.05,1,1,Pellet,Left,14,6,20,0,Timed_out,218,nan
3/29/2023 11:29:05,1.14.0,Free_feed,20,4.05,2,1,Pellet,Left,14,6,21,0,35.85,45,nan
3/29/2023 11:29:18,1.14.0,Free_feed,20,4.05,2,1,Pellet,Left,14,6,22,0,5.88,13,nan
3/29/2023 11:30:27,1.14.0,Free_feed,20,4.05,nan,1,RightWithPellet,Left,14,7,22,0,nan,nan,0.26
3/29/2023 11:31:34,1.14.0,Free_feed,20,4.05,nan,1,RightWithPellet,Left,14,8,22,0,nan,nan,0.11
3/29/2023 11:32:24,1.14.0,Free_feed,20,4.05,nan,1,RightWithPellet,Left,14,9,22,0,nan,nan,0.13
3/29/2023 11:39:13,1.14.0,Free_feed,20,4.05,2,1,Pellet,Left,14,9,23,0,Timed_out,595,nan
3/29/2023 11:40:02,1.14.0,Free_feed,20,4.05,2,1,Pellet,Left,14,9,24,0,47.01,49,nan
3/29/2023 11:40:31,1.14.0,Free_feed,20,4.05,nan,1,LeftWithPellet,Left,15,9,24,0,nan,nan,0.26
3/29/2023 11:40:37,1.14.0,Free_feed,20,4.05,2,1,Pellet,Left,15,9,25,0,33.18,35,nan
3/29/2023 11:40:50,1.14.0,Free_feed,20,4.05,1,1,Pellet,Left,15,9,26,0,6.49,13,nan
3/29/2023 11:40:52,1.14.0,Free_feed,20,4.05,1,1,Pellet,Left,15,9,27,0,0.12,2,nan
3/29/2023 11:41:15,1.14.0,Free_feed,20,4.05,2,1,Pellet,Left,15,9,28,0,15.15,23,nan
3/29/2023 11:41:29,1.14.0,Free_feed,20,4.05,nan,1,RightWithPellet,Left,15,10,28,0,nan,nan,0.04
3/29/2023 11:41:38,1.14.0,Free_feed,20,4.05,nan,1,RightWithPellet,Left,15,11,28,0,nan,nan,0.50
3/29/2023 11:43:04,1.14.0,Free_feed,20,4.05,nan,1,RightWithPellet,Left,15,12,28,0,nan,nan,0.04
3/29/2023 11:43:06,1.14.0,Free_feed,20,4.05,nan,1,RightWithPellet,Left,15,13,28,0,nan,nan,0.06
3/29/2023 11:43:07,1.14.0,Free_feed,20,4.06,nan,1,RightWithPellet,Left,15,14,28,0,nan,nan,0.12
3/29/2023 11:44:14,1.14.0,Free_feed,20,4.05,2,1,Pellet,Left,15,14,29,0,Timed_out,179,nan
3/29/2023 11:46:57,1.14.0,Free_feed,20,4.05,2,1,Pellet,Left,15,14,30,0,Timed_out,163,nan
3/29/2023 11:47:14,1.14.0,Free_feed,20,4.05,1,1,Pellet,Left,15,14,31,0,9.31,17,nan
3/29/2023 11:47:35,1.14.0,Free_feed,20,4.05,1,1,Pellet,Left,15,14,32,0,19.51,21,nan
3/29/2023 11:47:37,1.14.0,Free_feed,20,4.05,1,1,Pellet,Left,15,14,33,0,0.06,2,nan
3/29/2023 11:48:03,1.14.0,Free_feed,20,4.05,nan,1,RightWithPellet,Left,15,15,33,0,nan,nan,0.02
3/29/2023 11:52:56,1.14.0,Free_feed,20,4.05,1,1,Pellet,Left,15,15,34,0,Timed_out,318,nan
3/29/2023 11:52:57,1.14.0,Free_feed,20,4.05,1,1,Pellet,Left,15,15,35,0,0.06,2,nan
3/29/2023 11:53:23,1.14.0,Free_feed,20,4.05,nan,1,LeftWithPellet,Left,16,15,35,0,nan,nan,0.09
3/29/2023 11:54:24,1.14.0,Free_feed,20,4.05,nan,1,RightWithPellet,Left,16,16,35,0,nan,nan,0.07
3/29/2023 11:57:26,1.14.0,Free_feed,20,4.05,2,1,Pellet,Left,16,16,36,0,Timed_out,268,nan
3/29/2023 11:57:27,1.14.0,Free_feed,20,4.05,1,1,Pellet,Left,16,16,37,0,0.06,2,nan
3/29/2023 11:57:28,1.14.0,Free_feed,20,4.05,1,1,Pellet,Left,16,16,38,0,0.06,1,nan
3/29/2023 12:00:13,1.14.0,Free_feed,20,4.05,1,1,Pellet,Left,16,16,39,0,Timed_out,165,nan
3/29/2023 12:00:14,1.14.0,Free_feed,20,4.05,1,1,Pellet,Left,16,16,40,0,0.06,1,nan
3/29/2023 12:00:17,1.14.0,Free_feed,20,4.05,1,1,Pellet,Left,16,16,41,0,1.03,3,nan
3/29/2023 12:01:47,1.14.0,Free_feed,20,4.05,2,1,Pellet,Left,16,16,42,0,Timed_out,90,nan
3/29/2023 12:02:39,1.14.0,Free_feed,20,4.05,2,1,Pellet,Left,16,16,43,0,44.52,52,nan
3/29/2023 12:14:16,1.14.0,Free_feed,20,4.05,2,1,Pellet,Left,16,16,44,0,Timed_out,697,nan
3/29/2023 12:14:17,1.14.0,Free_feed,20,4.05,1,1,Pellet,Left,16,16,45,0,0.12,1,nan
3/29/2023 12:14:19,1.14.0,Free_feed,20,4.05,1,1,Pellet,Left,16,16,46,0,0.06,2,nan
3/29/2023 12:14:43,1.14.0,Free_feed,20,4.05,2,1,Pellet,Left,16,16,47,0,16.14,24,nan
3/29/2023 12:15:16,1.14.0,Free_feed,20,4.05,nan,1,RightWithPellet,Left,16,17,47,0,nan,nan,0.38
3/29/2023 12:18:35,1.14.0,Free_feed,20,4.05,1,1,Pellet,Left,16,17,48,0,Timed_out,232,nan
3/29/2023 12:18:51,1.14.0,Free_feed,20,4.05,2,1,Pellet,Left,16,17,49,0,8.34,16,nan
3/29/2023 12:18:52,1.14.0,Free_feed,20,4.05,1,1,Pellet,Left,16,17,50,0,0.06,1,nan
3/29/2023 12:18:54,1.14.0,Free_feed,20,4.05,1,1,Pellet,Left,16,17,51,0,0.12,2,nan
3/29/2023 12:19:10,1.14.0,Free_feed,20,4.05,1,1,Pellet,Left,16,17,52,0,8.95,16,nan
3/29/2023 12:19:27,1.14.0,Free_feed,20,4.05,1,1,Pellet,Left,16,17,53,0,14.98,17,nan
3/29/2023 12:19:47,1.14.0,Free_feed,20,4.05,nan,1,RightWithPellet,Left,16,18,53,0,nan,nan,0.03
3/29/2023 12:19:58,1.14.0,Free_feed,20,4.05,2,1,Pellet,Left,16,18,54,0,23.38,31,nan
3/29/2023 12:20:06,1.14.0,Free_feed,20,4.05,2,1,Pellet,Left,16,18,55,0,5.08,8,nan
3/29/2023 12:20:13,1.14.0,Free_feed,20,4.05,2,1,Pellet,Left,16,18,56,0,0.61,7,nan
3/29/2023 12:20:23,1.14.0,Free_feed,20,4.05,nan,1,LeftWithPellet,Left,17,18,56,0,nan,nan,0.52
3/29/2023 12:22:30,1.14.0,Free_feed,20,4.05,nan,1,LeftWithPellet,Left,18,18,56,0,nan,nan,0.04
3/29/2023 12:22:32,1.14.0,Free_feed,20,4.05,nan,1,LeftWithPellet,Left,19,18,56,0,nan,nan,0.08
3/29/2023 12:22:34,1.14.0,Free_feed,20,4.05,nan,1,LeftWithPellet,Left,20,18,56,0,nan,nan,0.35
3/29/2023 12:22:35,1.14.0,Free_feed,20,4.05,nan,1,LeftWithPellet,Left,21,18,56,0,nan,nan,0.23
3/29/2023 12:23:02,1.14.0,Free_feed,20,4.05,nan,1,LeftWithPellet,Left,22,18,56,0,nan,nan,0.04
3/29/2023 12:23:22,1.14.0,Free_feed,20,4.05,nan,1,LeftWithPellet,Left,23,18,56,0,nan,nan,0.12
3/29/2023 12:23:23,1.14.0,Free_feed,20,4.05,nan,1,LeftWithPellet,Left,24,18,56,0,nan,nan,0.07
3/29/2023 12:23:31,1.14.0,Free_feed,20,4.05,nan,1,LeftWithPellet,Left,25,18,56,0,nan,nan,0.21
3/29/2023 12:23:33,1.14.0,Free_feed,20,4.05,nan,1,LeftWithPellet,Left,26,18,56,0,nan,nan,0.28
3/29/2023 12:23:38,1.14.0,Free_feed,20,4.05,nan,1,LeftWithPellet,Left,27,18,56,0,nan,nan,0.02
3/29/2023 12:23:50,1.14.0,Free_feed,20,4.05,nan,1,LeftWithPellet,Left,28,18,56,0,nan,nan,0.00
3/29/2023 12:24:41,1.14.0,Free_feed,20,4.05,nan,1,RightWithPellet,Left,28,19,56,0,nan,nan,0.21
3/29/2023 12:24:55,1.14.0,Free_feed,20,4.05,nan,1,RightWithPellet,Left,28,20,56,0,nan,nan,0.04
3/29/2023 12:24:57,1.14.0,Free_feed,20,4.05,nan,1,RightWithPellet,Left,28,21,56,0,nan,nan,0.65
3/29/2023 12:25:03,1.14.0,Free_feed,20,4.05,nan,1,RightWithPellet,Left,28,22,56,0,nan,nan,0.85
3/29/2023 12:25:07,1.14.0,Free_feed,20,4.05,nan,1,RightWithPellet,Left,28,23,56,0,nan,nan,0.12
3/29/2023 12:25:12,1.14.0,Free_feed,20,4.05,2,1,Pellet,Left,28,23,57,0,Timed_out,299,nan
3/29/2023 12:25:14,1.14.0,Free_feed,20,4.05,1,1,Pellet,Left,28,23,58,0,0.12,1,nan
3/29/2023 12:25:30,1.14.0,Free_feed,20,4.05,nan,1,RightWithPellet,Left,28,24,58,0,nan,nan,0.12
3/29/2023 12:25:32,1.14.0,Free_feed,20,4.05,nan,1,RightWithPellet,Left,28,25,58,0,nan,nan,1.52
3/29/2023 12:25:33,1.14.0,Free_feed,20,4.05,nan,1,RightWithPellet,Left,28,26,58,0,nan,nan,0.07
3/29/2023 12:25:34,1.14.0,Free_feed,20,4.05,nan,1,RightWithPellet,Left,28,27,58,0,nan,nan,0.09
3/29/2023 12:25:36,1.14.0,Free_feed,20,4.05,nan,1,RightWithPellet,Left,28,28,58,0,nan,nan,0.06
3/29/2023 12:25:48,1.14.0,Free_feed,20,4.05,nan,1,RightWithPellet,Left,28,29,58,0,nan,nan,0.11
3/29/2023 12:25:52,1.14.0,Free_feed,20,4.05,1,1,Pellet,Left,28,29,59,0,31.05,39,nan
3/29/2023 12:25:55,1.14.0,Free_feed,20,4.05,1,1,Pellet,Left,28,29,60,0,1.46,2,nan
3/29/2023 12:26:58,1.14.0,Free_feed,20,4.05,nan,1,RightWithPellet,Left,28,30,60,0,nan,nan,0.01
3/29/2023 12:29:10,1.14.0,Free_feed,20,4.05,nan,1,RightWithPellet,Left,28,31,60,0,nan,nan,0.13
3/29/2023 12:30:50,1.14.0,Free_feed,20,4.05,nan,1,LeftWithPellet,Left,29,31,60,0,nan,nan,0.03
3/29/2023 12:30:51,1.14.0,Free_feed,20,4.05,nan,1,LeftWithPellet,Left,30,31,60,0,nan,nan,0.03
3/29/2023 12:45:06,1.14.0,Free_feed,20,4.05,nan,1,LeftWithPellet,Left,31,31,60,0,nan,nan,0.01
3/29/2023 12:47:53,1.14.0,Free_feed,20,4.05,nan,1,RightWithPellet,Left,31,32,60,0,nan,nan,0.02
3/29/2023 12:48:07,1.14.0,Free_feed,20,4.05,nan,1,RightWithPellet,Left,31,33,60,0,nan,nan,0.17
3/29/2023 12:48:21,1.14.0,Free_feed,20,4.05,1,1,Pellet,Left,31,33,61,0,Timed_out,1347,nan
3/29/2023 12:54:32,1.14.0,Free_feed,20,4.05,1,1,Pellet,Left,31,33,62,0,Timed_out,371,nan
3/29/2023 12:58:44,1.14.0,Free_feed,20,4.05,1,1,Pellet,Left,31,33,63,0,Timed_out,252,nan
3/29/2023 12:59:55,1.14.0,Free_feed,20,4.05,1,1,Pellet,Left,31,33,64,0,Timed_out,71,nan
3/29/2023 13:00:02,1.14.0,Free_feed,20,4.05,1,1,Pellet,Left,31,33,65,0,0.06,7,nan
3/29/2023 13:06:55,1.14.0,Free_feed,20,4.05,1,1,Pellet,Left,31,33,66,0,Timed_out,413,nan
3/29/2023 13:08:48,1.14.0,Free_feed,20,4.05,nan,1,LeftWithPellet,Left,32,33,66,0,nan,nan,0.50
3/29/2023 13:08:49,1.14.0,Free_feed,20,4.05,nan,1,LeftWithPellet,Left,33,33,66,0,nan,nan,0.01
3/29/2023 13:12:49,1.14.0,Free_feed,20,4.05,1,1,Pellet,Left,33,33,67,0,Timed_out,354,nan
3/29/2023 13:13:19,1.14.0,Free_feed,20,4.05,nan,1,LeftWithPellet,Left,34,33,67,0,nan,nan,0.50
3/29/2023 13:13:19,1.14.0,Free_feed,20,4.05,nan,1,LeftWithPellet,Left,35,33,67,0,nan,nan,0.14
3/29/2023 13:13:21,1.14.0,Free_feed,20,4.05,nan,1,LeftWithPellet,Left,36,33,67,0,nan,nan,0.03
3/29/2023 13:13:22,1.14.0,Free_feed,20,4.05,nan,1,LeftWithPellet,Left,37,33,67,0,nan,nan,0.15
3/29/2023 13:13:22,1.14.0,Free_feed,20,4.05,nan,1,LeftWithPellet,Left,38,33,67,0,nan,nan,0.01
3/29/2023 13:13:23,1.14.0,Free_feed,20,4.05,nan,1,LeftWithPellet,Left,39,33,67,0,nan,nan,0.32
3/29/2023 13:14:10,1.14.0,Free_feed,20,4.05,nan,1,RightWithPellet,Left,39,34,67,0,nan,nan,0.00
3/29/2023 13:16:16,1.14.0,Free_feed,20,4.05,nan,1,LeftWithPellet,Left,40,34,67,0,nan,nan,0.10
3/29/2023 13:19:00,1.14.0,Free_feed,20,4.05,1,1,Pellet,Left,40,34,68,0,Timed_out,370,nan
3/29/2023 13:23:17,1.14.0,Free_feed,20,4.05,1,1,Pellet,Left,40,34,69,0,Timed_out,258,nan
3/29/2023 13:23:40,1.14.0,Free_feed,20,4.05,1,1,Pellet,Left,40,34,70,0,15.22,23,nan
3/29/2023 13:25:15,1.14.0,Free_feed,20,4.05,nan,1,RightWithPellet,Left,40,35,70,0,nan,nan,0.29
3/29/2023 13:25:17,1.14.0,Free_feed,20,4.05,1,1,Pellet,Left,40,35,71,0,Timed_out,97,nan
3/29/2023 13:30:38,1.14.0,Free_feed,20,4.05,1,1,Pellet,Left,40,35,72,0,Timed_out,321,nan
3/29/2023 13:34:54,1.14.0,Free_feed,20,4.05,1,1,Pellet,Left,40,35,73,0,Timed_out,256,nan
3/29/2023 13:39:05,1.14.0,Free_feed,20,4.04,2,1,Pellet,Left,40,35,74,0,Timed_out,251,nan
3/29/2023 13:39:21,1.14.0,Free_feed,20,4.05,1,1,Pellet,Left,40,35,75,0,8.64,16,nan
3/29/2023 13:41:39,1.14.0,Free_feed,20,4.05,1,1,Pellet,Left,40,35,76,0,Timed_out,138,nan
3/29/2023 13:41:53,1.14.0,Free_feed,20,4.05,1,1,Pellet,Left,40,35,77,0,6.31,14,nan
3/29/2023 13:41:54,1.14.0,Free_feed,20,4.05,1,1,Pellet,Left,40,35,78,0,0.06,1,nan
3/29/2023 13:42:01,1.14.0,Free_feed,20,4.05,nan,1,LeftWithPellet,Left,41,35,78,0,nan,nan,0.31
3/29/2023 13:42:02,1.14.0,Free_feed,20,4.05,nan,1,LeftWithPellet,Left,42,35,78,0,nan,nan,0.41
3/29/2023 13:57:06,1.14.0,Free_feed,20,4.05,1,1,Pellet,Left,42,35,79,0,Timed_out,912,nan
3/29/2023 13:57:08,1.14.0,Free_feed,20,4.05,1,1,Pellet,Left,42,35,80,0,0.12,2,nan
3/29/2023 13:57:46,1.14.0,Free_feed,20,4.05,3,1,Pellet,Left,42,35,81,0,34.43,38,nan
3/29/2023 13:57:47,1.14.0,Free_feed,20,4.05,1,1,Pellet,Left,42,35,82,0,0.06,1,nan
3/29/2023 13:58:36,1.14.0,Free_feed,20,4.05,1,1,Pellet,Left,42,35,83,0,41.42,49,nan
3/29/2023 14:01:31,1.14.0,Free_feed,20,4.05,1,1,Pellet,Left,42,35,84,0,Timed_out,175,nan
3/29/2023 14:20:59,1.14.0,Free_feed,20,4.04,1,1,Pellet,Left,42,35,85,0,Timed_out,1168,nan
3/29/2023 14:21:20,1.14.0,Free_feed,20,4.05,1,1,Pellet,Left,42,35,86,0,13.31,21,nan
3/29/2023 14:21:46,1.14.0,Free_feed,20,4.05,1,1,Pellet,Left,42,35,87,0,19.09,26,nan
3/29/2023 14:22:08,1.14.0,Free_feed,20,4.05,1,1,Pellet,Left,42,35,88,0,15.22,22,nan
3/29/2023 14:23:58,1.14.0,Free_feed,20,4.05,1,1,Pellet,Left,42,35,89,0,Timed_out,110,nan
3/29/2023 14:45:32,1.14.0,Free_feed,20,4.05,1,1,Pellet,Left,42,35,90,0,Timed_out,1294,nan
3/29/2023 14:45:49,1.14.0,Free_feed,20,4.05,1,1,Pellet,Left,42,35,91,0,10.17,17,nan
3/29/2023 14:45:52,1.14.0,Free_feed,20,4.05,1,1,Pellet,Left,42,35,92,0,0.18,2,nan
3/29/2023 14:46:10,1.14.0,Free_feed,20,4.04,2,1,Pellet,Left,42,35,93,0,16.39,19,nan
3/29/2023 14:46:47,1.14.0,Free_feed,20,4.05,1,1,Pellet,Left,42,35,94,0,29.63,37,nan
3/29/2023 14:47:05,1.14.0,Free_feed,20,4.04,1,1,Pellet,Left,42,35,95,0,10.79,18,nan
3/29/2023 15:10:49,1.14.0,Free_feed,20,4.05,1,1,Pellet,Left,42,35,96,0,Timed_out,1424,nan
3/29/2023 15:11:30,1.14.0,Free_feed,20,4.05,1,1,Pellet,Left,42,35,97,0,33.14,40,nan
3/29/2023 15:11:57,1.14.0,Free_feed,20,4.05,1,1,Pellet,Left,42,35,98,0,21.12,28,nan
3/29/2023 15:12:22,1.14.0,Free_feed,20,4.04,1,1,Pellet,Left,42,35,99,0,17.68,25,nan
3/29/2023 15:12:24,1.14.0,Free_feed,20,4.04,1,1,Pellet,Left,42,35,100,0,0.79,2,nan
3/29/2023 15:12:25,1.14.0,Free_feed,20,4.04,1,1,Pellet,Left,42,35,101,0,0.06,1,nan
3/29/2023 15:12:27,1.14.0,Free_feed,20,4.05,1,1,Pellet,Left,42,35,102,0,0.06,2,nan
3/29/2023 15:12:29,1.14.0,Free_feed,20,4.05,1,1,Pellet,Left,42,35,103,0,0.67,2,nan
3/29/2023 15:12:31,1.14.0,Free_feed,20,4.04,1,1,Pellet,Left,42,35,104,0,0.12,1,nan
3/29/2023 15:12:53,1.14.0,Free_feed,20,4.04,1,1,Pellet,Left,42,35,105,0,15.59,23,nan
3/29/2023 15:13:12,1.14.0,Free_feed,20,4.04,1,1,Pellet,Left,42,35,106,0,12.14,19,nan
3/29/2023 15:15:14,1.14.0,Free_feed,20,4.05,1,1,Pellet,Left,42,35,107,0,Timed_out,122,nan
3/29/2023 15:15:36,1.14.0,Free_feed,20,4.04,1,1,Pellet,Left,42,35,108,0,14.54,22,nan
3/29/2023 15:15:57,1.14.0,Free_feed,20,4.04,1,1,Pellet,Left,42,35,109,0,13.38,21,nan
3/29/2023 15:16:15,1.14.0,Free_feed,20,4.05,nan,1,LeftWithPellet,Left,43,35,109,0,nan,nan,0.02
3/29/2023 15:16:16,1.14.0,Free_feed,20,4.04,nan,1,LeftWithPellet,Left,44,35,109,0,nan,nan,0.11
3/29/2023 15:16:17,1.14.0,Free_feed,20,4.04,nan,1,LeftWithPellet,Left,45,35,109,0,nan,nan,0.16
3/29/2023 15:16:17,1.14.0,Free_feed,20,4.04,nan,1,LeftWithPellet,Left,46,35,109,0,nan,nan,0.01
3/29/2023 15:16:18,1.14.0,Free_feed,20,4.05,nan,1,LeftWithPellet,Left,47,35,109,0,nan,nan,0.47
3/29/2023 15:16:19,1.14.0,Free_feed,20,4.04,nan,1,LeftWithPellet,Left,48,35,109,0,nan,nan,0.22
3/29/2023 15:16:20,1.14.0,Free_feed,20,4.04,nan,1,LeftWithPellet,Left,49,35,109,0,nan,nan,0.17
3/29/2023 15:16:21,1.14.0,Free_feed,20,4.04,nan,1,LeftWithPellet,Left,50,35,109,0,nan,nan,0.46
3/29/2023 15:16:21,1.14.0,Free_feed,20,4.05,nan,1,LeftWithPellet,Left,51,35,109,0,nan,nan,0.01
3/29/2023 15:41:32,1.14.0,Free_feed,20,4.05,1,1,Pellet,Left,51,35,110,0,Timed_out,1535,nan
3/29/2023 15:41:55,1.14.0,Free_feed,20,4.04,1,1,Pellet,Left,51,35,111,0,16.63,23,nan
3/29/2023 15:41:56,1.14.0,Free_feed,20,4.04,1,1,Pellet,Left,51,35,112,0,0.06,1,nan
3/29/2023 15:41:58,1.14.0,Free_feed,20,4.04,1,1,Pellet,Left,51,35,113,0,0.12,2,nan
3/29/2023 15:42:18,1.14.0,Free_feed,20,4.04,2,1,Pellet,Left,51,35,114,0,12.27,20,nan
3/29/2023 15:42:39,1.14.0,Free_feed,20,4.04,2,1,Pellet,Left,51,35,115,0,13.49,21,nan
3/29/2023 15:43:00,1.14.0,Free_feed,20,4.05,2,1,Pellet,Left,51,35,116,0,13.56,21,nan
3/29/2023 15:43:02,1.14.0,Free_feed,20,4.04,1,1,Pellet,Left,51,35,117,0,0.30,2,nan
3/29/2023 15:43:04,1.14.0,Free_feed,20,4.04,1,1,Pellet,Left,51,35,118,0,0.30,2,nan
3/29/2023 15:43:24,1.14.0,Free_feed,20,4.05,2,1,Pellet,Left,51,35,119,0,13.93,20,nan
3/29/2023 15:43:45,1.14.0,Free_feed,20,4.04,1,1,Pellet,Left,51,35,120,0,13.99,21,nan
3/29/2023 15:44:05,1.14.0,Free_feed,20,4.05,1,1,Pellet,Left,51,35,121,0,12.15,20,nan
3/29/2023 15:44:26,1.14.0,Free_feed,20,4.04,1,1,Pellet,Left,51,35,122,0,14.17,21,nan
3/29/2023 15:44:47,1.14.0,Free_feed,20,4.04,nan,1,LeftWithPellet,Left,52,35,122,0,nan,nan,0.04
3/29/2023 16:23:45,1.14.0,Free_feed,20,4.04,1,1,Pellet,Left,52,35,123,0,Timed_out,2359,nan
3/29/2023 16:24:13,1.14.0,Free_feed,20,4.04,1,1,Pellet,Left,52,35,124,0,20.09,28,nan
3/29/2023 16:24:14,1.14.0,Free_feed,20,4.04,1,1,Pellet,Left,52,35,125,0,0.06,1,nan
3/29/2023 16:24:45,1.14.0,Free_feed,20,4.05,1,1,Pellet,Left,52,35,126,0,23.23,31,nan
3/29/2023 16:25:11,1.14.0,Free_feed,20,4.04,1,1,Pellet,Left,52,35,127,0,19.16,26,nan
3/29/2023 16:25:31,1.14.0,Free_feed,20,4.04,1,1,Pellet,Left,52,35,128,0,13.75,20,nan
3/29/2023 16:25:57,1.14.0,Free_feed,20,4.04,1,1,Pellet,Left,52,35,129,0,18.49,26,nan
3/29/2023 16:26:55,1.14.0,Free_feed,20,4.03,nan,1,RightWithPellet,Left,52,36,129,0,nan,nan,0.09
3/29/2023 16:26:56,1.14.0,Free_feed,20,4.04,nan,1,RightWithPellet,Left,52,37,129,0,nan,nan,0.30
3/29/2023 17:06:04,1.14.0,Free_feed,20,4.04,2,1,Pellet,Left,52,37,130,0,Timed_out,2407,nan
3/29/2023 17:06:21,1.14.0,Free_feed,20,4.04,1,1,Pellet,Left,52,37,131,0,10.85,17,nan
3/29/2023 17:06:23,1.14.0,Free_feed,20,4.04,1,1,Pellet,Left,52,37,132,0,0.12,2,nan
3/29/2023 17:06:43,1.14.0,Free_feed,20,4.04,1,1,Pellet,Left,52,37,133,0,13.50,20,nan
3/29/2023 17:07:05,1.14.0,Free_feed,20,4.04,1,1,Pellet,Left,52,37,134,0,14.05,22,nan
3/29/2023 17:07:25,1.14.0,Free_feed,20,4.03,1,1,Pellet,Left,52,37,135,0,13.31,20,nan
3/29/2023 17:07:47,1.14.0,Free_feed,20,4.04,1,1,Pellet,Left,52,37,136,0,19.65,22,nan
3/29/2023 17:08:10,1.14.0,Free_feed,20,4.04,1,1,Pellet,Left,52,37,137,0,15.77,23,nan
3/29/2023 17:08:33,1.14.0,Free_feed,20,4.04,1,1,Pellet,Left,52,37,138,0,15.71,23,nan
3/29/2023 17:08:34,1.14.0,Free_feed,20,4.04,1,1,Pellet,Left,52,37,139,0,0.06,1,nan
3/29/2023 17:54:21,1.14.0,Free_feed,20,4.04,1,1,Pellet,Left,52,37,140,0,Timed_out,2747,nan
3/29/2023 17:54:41,1.14.0,Free_feed,20,4.04,2,1,Pellet,Left,52,37,141,0,12.88,20,nan
3/29/2023 17:55:05,1.14.0,Free_feed,20,4.04,2,1,Pellet,Left,52,37,142,0,15.15,24,nan
3/29/2023 17:55:07,1.14.0,Free_feed,20,4.04,1,1,Pellet,Left,52,37,143,0,0.06,2,nan
3/29/2023 17:55:27,1.14.0,Free_feed,20,4.04,1,1,Pellet,Left,52,37,144,0,12.82,20,nan
3/29/2023 17:55:29,1.14.0,Free_feed,20,4.03,1,1,Pellet,Left,52,37,145,0,0.24,1,nan
3/29/2023 17:55:30,1.14.0,Free_feed,20,4.04,1,1,Pellet,Left,52,37,146,0,0.12,2,nan
3/29/2023 17:55:48,1.14.0,Free_feed,20,4.04,2,1,Pellet,Left,52,37,147,0,9.26,18,nan
3/29/2023 17:55:50,1.14.0,Free_feed,20,4.04,1,1,Pellet,Left,52,37,148,0,0.06,2,nan
3/29/2023 17:56:11,1.14.0,Free_feed,20,4.04,1,1,Pellet,Left,52,37,149,0,13.50,21,nan
3/29/2023 17:56:29,1.14.0,Free_feed,20,4.04,2,1,Pellet,Left,52,37,150,0,9.01,18,nan
3/29/2023 17:56:31,1.14.0,Free_feed,20,4.04,1,1,Pellet,Left,52,37,151,0,0.12,2,nan
3/29/2023 17:56:50,1.14.0,Free_feed,20,4.03,1,1,Pellet,Left,52,37,152,0,12.21,19,nan
3/29/2023 17:57:12,1.14.0,Free_feed,20,4.04,1,1,Pellet,Left,52,37,153,0,15.10,22,nan
3/29/2023 18:04:57,1.14.0,Free_feed,20,4.03,1,1,Pellet,Left,52,37,154,0,Timed_out,465,nan
3/29/2023 18:05:18,1.14.0,Free_feed,20,4.04,1,1,Pellet,Left,52,37,155,0,13.87,21,nan
3/29/2023 18:05:25,1.14.0,Free_feed,20,4.03,2,1,Pellet,Left,52,37,156,0,0.18,7,nan
3/29/2023 18:05:43,1.14.0,Free_feed,20,4.04,1,1,Pellet,Left,52,37,157,0,10.92,18,nan
3/29/2023 18:06:05,1.14.0,Free_feed,20,4.03,1,1,Pellet,Left,52,37,158,0,15.04,22,nan
3/29/2023 18:06:07,1.14.0,Free_feed,20,4.03,1,1,Pellet,Left,52,37,159,0,0.18,2,nan
3/29/2023 18:06:29,1.14.0,Free_feed,20,4.03,1,1,Pellet,Left,52,37,160,0,14.92,22,nan
3/29/2023 18:06:31,1.14.0,Free_feed,20,4.04,1,1,Pellet,Left,52,37,161,0,0.06,2,nan
3/29/2023 18:06:52,1.14.0,Free_feed,20,4.04,1,1,Pellet,Left,52,37,162,0,13.93,21,nan
3/29/2023 18:07:14,1.14.0,Free_feed,20,4.03,1,1,Pellet,Left,52,37,163,0,15.29,22,nan
3/29/2023 18:07:32,1.14.0,Free_feed,20,4.03,1,1,Pellet,Left,52,37,164,0,9.50,18,nan
3/29/2023 18:07:40,1.14.0,Free_feed,20,4.04,1,1,Pellet,Left,52,37,165,0,1.03,8,nan
3/29/2023 18:49:58,1.14.0,Free_feed,20,4.03,1,1,Pellet,Left,52,37,166,0,Timed_out,2538,nan
3/29/2023 18:50:16,1.14.0,Free_feed,20,4.04,1,1,Pellet,Left,52,37,167,0,10.55,18,nan
3/29/2023 18:50:23,1.14.0,Free_feed,20,4.03,1,1,Pellet,Left,52,37,168,0,0.06,7,nan
3/29/2023 18:50:59,1.14.0,Free_feed,20,4.03,1,1,Pellet,Left,52,37,169,0,28.41,36,nan
3/29/2023 18:51:01,1.14.0,Free_feed,20,4.04,1,1,Pellet,Left,52,37,170,0,0.61,2,nan
3/29/2023 18:51:08,1.14.0,Free_feed,20,4.03,1,1,Pellet,Left,52,37,171,0,0.06,7,nan
3/29/2023 19:23:06,1.14.0,Free_feed,20,4.03,1,1,Pellet,Left,52,37,172,0,Timed_out,1918,nan
3/29/2023 19:23:21,1.14.0,Free_feed,20,4.03,1,1,Pellet,Left,52,37,173,0,7.48,15,nan
3/29/2023 19:43:16,1.14.0,Free_feed,20,4.03,1,1,Pellet,Left,52,37,174,0,Timed_out,1195,nan
3/29/2023 19:44:04,1.14.0,Free_feed,20,4.04,1,1,Pellet,Left,52,37,175,0,45.71,48,nan
3/29/2023 19:48:11,1.14.0,Free_feed,20,4.03,1,1,Pellet,Left,52,37,176,0,Timed_out,247,nan
3/29/2023 19:48:30,1.14.0,Free_feed,20,4.03,2,1,Pellet,Left,52,37,177,0,11.65,19,nan
3/29/2023 19:48:53,1.14.0,Free_feed,20,4.03,1,1,Pellet,Left,52,37,178,0,15.90,23,nan
3/29/2023 19:49:16,1.14.0,Free_feed,20,4.03,1,1,Pellet,Left,52,37,179,0,20.82,23,nan
3/29/2023 19:51:37,1.14.0,Free_feed,20,4.03,1,1,Pellet,Left,52,37,180,0,Timed_out,141,nan
3/29/2023 19:53:22,1.14.0,Free_feed,20,4.03,1,1,Pellet,Left,52,37,181,0,Timed_out,105,nan
3/29/2023 19:53:24,1.14.0,Free_feed,20,4.03,1,1,Pellet,Left,52,37,182,0,0.06,2,nan
3/29/2023 19:53:43,1.14.0,Free_feed,20,4.03,1,1,Pellet,Left,52,37,183,0,12.52,19,nan
3/29/2023 19:54:01,1.14.0,Free_feed,20,4.03,1,1,Pellet,Left,52,37,184,0,10.43,18,nan
3/29/2023 19:56:07,1.14.0,Free_feed,20,4.03,1,1,Pellet,Left,52,37,185,0,Timed_out,125,nan
3/29/2023 19:56:29,1.14.0,Free_feed,20,4.03,2,1,Pellet,Left,52,37,186,0,15.53,23,nan
3/29/2023 19:56:39,1.14.0,Free_feed,20,4.03,nan,1,LeftWithPellet,Left,53,37,186,0,nan,nan,0.15
3/29/2023 19:56:40,1.14.0,Free_feed,20,4.03,nan,1,LeftWithPellet,Left,54,37,186,0,nan,nan,0.14
3/29/2023 19:56:41,1.14.0,Free_feed,20,4.03,nan,1,LeftWithPellet,Left,55,37,186,0,nan,nan,0.04
3/29/2023 19:56:41,1.14.0,Free_feed,20,4.03,nan,1,LeftWithPellet,Left,56,37,186,0,nan,nan,0.19
3/29/2023 19:56:42,1.14.0,Free_feed,20,4.03,nan,1,LeftWithPellet,Left,57,37,186,0,nan,nan,0.22
3/29/2023 19:56:56,1.14.0,Free_feed,20,4.03,nan,1,LeftWithPellet,Left,58,37,186,0,nan,nan,0.01
3/29/2023 19:56:56,1.14.0,Free_feed,20,4.03,nan,1,LeftWithPellet,Left,59,37,186,0,nan,nan,0.08
3/29/2023 19:57:11,1.14.0,Free_feed,20,4.03,nan,1,LeftWithPellet,Left,60,37,186,0,nan,nan,0.05
3/29/2023 20:03:29,1.14.0,Free_feed,20,4.03,1,1,Pellet,Left,60,37,187,0,Timed_out,420,nan
3/29/2023 20:07:17,1.14.0,Free_feed,20,4.03,2,1,Pellet,Left,60,37,188,0,Timed_out,228,nan
3/29/2023 20:08:08,1.14.0,Free_feed,20,4.03,2,1,Pellet,Left,60,37,189,0,43.08,51,nan
3/29/2023 20:08:15,1.14.0,Free_feed,20,4.03,1,1,Pellet,Left,60,37,190,0,0.06,7,nan
3/29/2023 20:08:34,1.14.0,Free_feed,20,4.03,1,1,Pellet,Left,60,37,191,0,11.90,19,nan
3/29/2023 20:08:50,1.14.0,Free_feed,20,4.03,1,1,Pellet,Left,60,37,192,0,8.95,16,nan
3/29/2023 20:09:18,1.14.0,Free_feed,20,4.03,1,1,Pellet,Left,60,37,193,0,21.20,28,nan
3/29/2023 20:09:39,1.14.0,Free_feed,20,4.03,2,1,Pellet,Left,60,37,194,0,12.46,21,nan
3/29/2023 20:46:50,1.14.0,Free_feed,20,4.03,1,1,Pellet,Left,60,37,195,0,Timed_out,2231,nan
3/29/2023 20:47:12,1.14.0,Free_feed,20,4.03,1,1,Pellet,Left,60,37,196,0,15.16,22,nan
3/29/2023 20:47:24,1.14.0,Free_feed,20,4.03,2,1,Pellet,Left,60,37,197,0,5.27,12,nan
3/29/2023 20:47:47,1.14.0,Free_feed,20,4.03,1,1,Pellet,Left,60,37,198,0,15.10,23,nan
3/29/2023 20:48:11,1.14.0,Free_feed,20,4.03,1,1,Pellet,Left,60,37,199,0,17.19,24,nan
3/29/2023 20:48:35,1.14.0,Free_feed,20,4.03,1,1,Pellet,Left,60,37,200,0,16.89,24,nan
3/29/2023 20:48:56,1.14.0,Free_feed,20,4.03,1,1,Pellet,Left,60,37,201,0,14.06,21,nan
3/29/2023 21:07:05,1.14.0,Free_feed,20,4.03,2,1,Pellet,Left,60,37,202,0,Timed_out,1089,nan
3/29/2023 21:07:17,1.14.0,Free_feed,20,4.03,1,1,Pellet,Left,60,37,203,0,5.39,12,nan
3/29/2023 21:07:43,1.14.0,Free_feed,20,4.03,1,1,Pellet,Left,60,37,204,0,24.03,26,nan
3/29/2023 21:08:05,1.14.0,Free_feed,20,4.03,2,1,Pellet,Left,60,37,205,0,14.67,22,nan
3/29/2023 21:08:22,1.14.0,Free_feed,20,4.03,2,1,Pellet,Left,60,37,206,0,10.18,17,nan
3/29/2023 21:08:44,1.14.0,Free_feed,20,4.03,2,1,Pellet,Left,60,37,207,0,14.24,22,nan
3/29/2023 21:08:47,1.14.0,Free_feed,20,4.03,1,1,Pellet,Left,60,37,208,0,1.03,3,nan
3/29/2023 21:09:15,1.14.0,Free_feed,20,4.03,1,1,Pellet,Left,60,37,209,0,20.83,28,nan
3/29/2023 21:09:35,1.14.0,Free_feed,20,4.03,2,1,Pellet,Left,60,37,210,0,17.93,20,nan
3/29/2023 21:46:12,1.14.0,Free_feed,20,4.03,2,1,Pellet,Left,60,37,211,0,Timed_out,2196,nan
3/29/2023 21:46:45,1.14.0,Free_feed,20,4.03,1,1,Pellet,Left,60,37,212,0,26.30,34,nan
3/29/2023 22:03:55,1.14.0,Free_feed,20,4.03,1,1,Pellet,Left,60,37,213,0,Timed_out,1030,nan
3/29/2023 22:04:08,1.14.0,Free_feed,20,4.03,1,1,Pellet,Left,60,37,214,0,5.64,13,nan
3/29/2023 22:04:29,1.14.0,Free_feed,20,4.03,1,1,Pellet,Left,60,37,215,0,13.99,21,nan
3/29/2023 22:04:31,1.14.0,Free_feed,20,4.03,1,1,Pellet,Left,60,37,216,0,0.06,1,nan
3/29/2023 22:04:55,1.14.0,Free_feed,20,4.03,1,1,Pellet,Left,60,37,217,0,18.05,25,nan
3/29/2023 22:04:57,1.14.0,Free_feed,20,4.03,1,1,Pellet,Left,60,37,218,0,0.12,2,nan
3/29/2023 22:05:14,1.14.0,Free_feed,20,4.03,1,1,Pellet,Left,60,37,219,0,9.38,17,nan
3/29/2023 22:05:23,1.14.0,Free_feed,20,4.03,2,1,Pellet,Left,60,37,220,0,0.06,9,nan
3/29/2023 22:05:38,1.14.0,Free_feed,20,4.03,1,1,Pellet,Left,60,37,221,0,8.10,15,nan
3/29/2023 22:05:45,1.14.0,Free_feed,20,4.03,1,1,Pellet,Left,60,37,222,0,0.06,7,nan
3/29/2023 22:33:40,1.14.0,Free_feed,20,4.03,1,1,Pellet,Left,60,37,223,0,Timed_out,1675,nan
3/29/2023 22:34:00,1.14.0,Free_feed,20,4.03,1,1,Pellet,Left,60,37,224,0,13.02,20,nan
3/29/2023 22:34:16,1.14.0,Free_feed,20,4.03,1,1,Pellet,Left,60,37,225,0,8.16,16,nan
3/29/2023 22:34:20,1.14.0,Free_feed,20,4.03,1,1,Pellet,Left,60,37,226,0,1.40,4,nan
3/29/2023 22:34:22,1.14.0,Free_feed,20,4.03,1,1,Pellet,Left,60,37,227,0,0.30,2,nan
3/29/2023 22:34:29,1.14.0,Free_feed,20,4.03,1,1,Pellet,Left,60,37,228,0,0.06,7,nan
3/29/2023 22:34:41,1.14.0,Free_feed,20,4.03,1,1,Pellet,Left,60,37,229,0,4.96,12,nan
3/29/2023 22:34:57,1.14.0,Free_feed,20,4.03,1,1,Pellet,Left,60,37,230,0,9.57,16,nan
3/29/2023 23:25:00,1.14.0,Free_feed,20,4.03,1,1,Pellet,Left,60,37,231,0,Timed_out,3003,nan
3/29/2023 23:25:23,1.14.0,Free_feed,20,4.03,2,1,Pellet,Left,60,37,232,0,15.23,23,nan
3/29/2023 23:26:52,1.14.0,Free_feed,20,4.03,nan,1,LeftWithPellet,Left,61,37,232,0,nan,nan,0.09
3/29/2023 23:26:59,1.14.0,Free_feed,20,4.03,nan,1,LeftWithPellet,Left,62,37,232,0,nan,nan,0.08
3/29/2023 23:27:00,1.14.0,Free_feed,20,4.03,nan,1,LeftWithPellet,Left,63,37,232,0,nan,nan,0.17
3/29/2023 23:27:01,1.14.0,Free_feed,20,4.03,nan,1,LeftWithPellet,Left,64,37,232,0,nan,nan,0.07
3/29/2023 23:27:03,1.14.0,Free_feed,20,4.03,nan,1,LeftWithPellet,Left,65,37,232,0,nan,nan,0.32
3/29/2023 23:27:04,1.14.0,Free_feed,20,4.03,nan,1,LeftWithPellet,Left,66,37,232,0,nan,nan,0.06
3/29/2023 23:28:14,1.14.0,Free_feed,20,4.03,2,1,Pellet,Left,66,37,233,0,Timed_out,171,nan
3/29/2023 23:28:16,1.14.0,Free_feed,20,4.03,1,1,Pellet,Left,66,37,234,0,0.18,2,nan
3/29/2023 23:28:36,1.14.0,Free_feed,20,4.03,2,1,Pellet,Left,66,37,235,0,11.66,20,nan
3/29/2023 23:28:43,1.14.0,Free_feed,20,4.03,2,1,Pellet,Left,66,37,236,0,0.06,7,nan
3/29/2023 23:30:37,1.14.0,Free_feed,20,4.03,2,1,Pellet,Left,66,37,237,0,Timed_out,114,nan
3/29/2023 23:31:00,1.14.0,Free_feed,20,4.03,2,1,Pellet,Left,66,37,238,0,20.71,23,nan
3/29/2023 23:31:17,1.14.0,Free_feed,20,4.02,1,1,Pellet,Left,66,37,239,0,9.14,17,nan
3/29/2023 23:31:36,1.14.0,Free_feed,20,4.03,1,1,Pellet,Left,66,37,240,0,12.27,19,nan
3/29/2023 23:31:58,1.14.0,Free_feed,20,4.03,1,1,Pellet,Left,66,37,241,0,14.55,22,nan
3/29/2023 23:32:01,1.14.0,Free_feed,20,4.03,1,1,Pellet,Left,66,37,242,0,0.61,3,nan
3/29/2023 23:37:22,1.14.0,Free_feed,20,4.03,1,1,Pellet,Left,66,37,243,0,Timed_out,321,nan
3/29/2023 23:41:08,1.14.0,Free_feed,20,4.03,1,1,Pellet,Left,66,37,244,0,Timed_out,226,nan
3/29/2023 23:41:24,1.14.0,Free_feed,20,4.02,2,1,Pellet,Left,66,37,245,0,7.60,16,nan
3/29/2023 23:41:44,1.14.0,Free_feed,20,4.02,1,1,Pellet,Left,66,37,246,0,11.84,19,nan
3/29/2023 23:42:11,1.14.0,Free_feed,20,4.03,1,1,Pellet,Left,66,37,247,0,20.70,28,nan
3/29/2023 23:53:38,1.14.0,Free_feed,20,4.03,1,1,Pellet,Left,66,37,248,0,Timed_out,687,nan
3/29/2023 23:53:51,1.14.0,Free_feed,20,4.03,2,1,Pellet,Left,66,37,249,0,5.15,13,nan
3/29/2023 23:53:53,1.14.0,Free_feed,20,4.02,1,1,Pellet,Left,66,37,250,0,0.06,2,nan
3/29/2023 23:54:14,1.14.0,Free_feed,20,4.03,2,1,Pellet,Left,66,37,251,0,13.45,20,nan
3/29/2023 23:54:31,1.14.0,Free_feed,20,4.03,2,1,Pellet,Left,66,37,252,0,10.37,18,nan
3/29/2023 23:54:39,1.14.0,Free_feed,20,4.02,2,1,Pellet,Left,66,37,253,0,0.06,8,nan
3/29/2023 23:54:49,1.14.0,Free_feed,20,4.03,1,1,Pellet,Left,66,37,254,0,4.04,10,nan
3/29/2023 23:55:07,1.14.0,Free_feed,20,4.03,1,1,Pellet,Left,66,37,255,0,10.18,18,nan
3/29/2023 23:56:08,1.14.0,Free_feed,20,4.03,1,1,Pellet,Left,66,37,256,0,54.40,61,nan
3/30/2023 0:02:12,1.14.0,Free_feed,20,4.03,1,1,Pellet,Left,66,37,257,0,Timed_out,364,nan
3/30/2023 0:06:16,1.14.0,Free_feed,20,4.02,nan,1,LeftWithPellet,Left,67,37,257,0,nan,nan,0.02
3/30/2023 0:38:07,1.14.0,Free_feed,20,4.03,1,1,Pellet,Left,67,37,258,0,Timed_out,2155,nan
3/30/2023 0:38:14,1.14.0,Free_feed,20,4.03,1,1,Pellet,Left,67,37,259,0,0.48,7,nan
3/30/2023 0:38:29,1.14.0,Free_feed,20,4.03,1,1,Pellet,Left,67,37,260,0,7.30,15,nan
3/30/2023 0:38:46,1.14.0,Free_feed,20,4.03,2,1,Pellet,Left,67,37,261,0,9.44,16,nan
3/30/2023 0:39:03,1.14.0,Free_feed,20,4.03,1,1,Pellet,Left,67,37,262,0,9.57,17,nan
3/30/2023 0:39:18,1.14.0,Free_feed,20,4.02,1,1,Pellet,Left,67,37,263,0,7.91,16,nan
3/30/2023 0:39:36,1.14.0,Free_feed,20,4.03,1,1,Pellet,Left,67,37,264,0,11.04,18,nan
3/30/2023 0:39:38,1.14.0,Free_feed,20,4.03,1,1,Pellet,Left,67,37,265,0,0.06,2,nan
3/30/2023 0:39:56,1.14.0,Free_feed,20,4.03,1,1,Pellet,Left,67,37,266,0,10.86,18,nan
3/30/2023 0:40:15,1.14.0,Free_feed,20,4.03,1,1,Pellet,Left,67,37,267,0,12.15,19,nan
3/30/2023 0:40:34,1.14.0,Free_feed,20,4.02,1,1,Pellet,Left,67,37,268,0,12.51,19,nan
3/30/2023 0:40:53,1.14.0,Free_feed,20,4.03,1,1,Pellet,Left,67,37,269,0,10.98,19,nan
3/30/2023 0:40:54,1.14.0,Free_feed,20,4.03,1,1,Pellet,Left,67,37,270,0,0.06,1,nan
3/30/2023 0:41:15,1.14.0,Free_feed,20,4.03,1,1,Pellet,Left,67,37,271,0,13.13,21,nan
3/30/2023 0:41:34,1.14.0,Free_feed,20,4.03,2,1,Pellet,Left,67,37,272,0,10.23,19,nan
3/30/2023 1:01:21,1.14.0,Free_feed,20,4.03,1,1,Pellet,Left,67,37,273,0,Timed_out,1187,nan
3/30/2023 1:01:40,1.14.0,Free_feed,20,4.03,1,1,Pellet,Left,67,37,274,0,11.96,19,nan
3/30/2023 1:01:58,1.14.0,Free_feed,20,4.03,1,1,Pellet,Left,67,37,275,0,10.79,18,nan
3/30/2023 1:02:16,1.14.0,Free_feed,20,4.03,1,1,Pellet,Left,67,37,276,0,11.35,18,nan
3/30/2023 1:02:18,1.14.0,Free_feed,20,4.03,1,1,Pellet,Left,67,37,277,0,0.06,2,nan
3/30/2023 1:02:36,1.14.0,Free_feed,20,4.02,1,1,Pellet,Left,67,37,278,0,11.04,18,nan
3/30/2023 1:02:53,1.14.0,Free_feed,20,4.03,1,1,Pellet,Left,67,37,279,0,10.24,17,nan
3/30/2023 1:09:21,1.14.0,Free_feed,20,4.03,nan,1,LeftWithPellet,Left,68,37,279,0,nan,nan,0.96
3/30/2023 1:09:24,1.14.0,Free_feed,20,4.02,nan,1,LeftWithPellet,Left,69,37,279,0,nan,nan,0.98
3/30/2023 1:09:27,1.14.0,Free_feed,20,4.02,nan,1,LeftWithPellet,Left,70,37,279,0,nan,nan,0.92
3/30/2023 1:09:37,1.14.0,Free_feed,20,4.03,nan,1,RightWithPellet,Left,70,38,279,0,nan,nan,1.27
3/30/2023 1:09:45,1.14.0,Free_feed,20,4.03,nan,1,LeftWithPellet,Left,71,38,279,0,nan,nan,0.42
3/30/2023 1:09:47,1.14.0,Free_feed,20,4.03,nan,1,LeftWithPellet,Left,72,38,279,0,nan,nan,0.16
3/30/2023 1:09:50,1.14.0,Free_feed,20,4.03,nan,1,LeftWithPellet,Left,73,38,279,0,nan,nan,0.12
3/30/2023 1:09:50,1.14.0,Free_feed,20,4.02,nan,1,LeftWithPellet,Left,74,38,279,0,nan,nan,0.03
3/30/2023 1:09:51,1.14.0,Free_feed,20,4.02,nan,1,LeftWithPellet,Left,75,38,279,0,nan,nan,0.03
3/30/2023 1:11:13,1.14.0,Free_feed,20,4.02,nan,1,LeftWithPellet,Left,76,38,279,0,nan,nan,0.17
3/30/2023 1:11:13,1.14.0,Free_feed,20,4.03,nan,1,LeftWithPellet,Left,77,38,279,0,nan,nan,0.01
3/30/2023 1:11:15,1.14.0,Free_feed,20,4.03,nan,1,LeftWithPellet,Left,78,38,279,0,nan,nan,0.01
3/30/2023 1:11:17,1.14.0,Free_feed,20,4.02,nan,1,LeftWithPellet,Left,79,38,279,0,nan,nan,0.42
3/30/2023 1:11:19,1.14.0,Free_feed,20,4.03,nan,1,LeftWithPellet,Left,80,38,279,0,nan,nan,0.00
3/30/2023 1:14:58,1.14.0,Free_feed,20,4.02,nan,1,LeftWithPellet,Left,81,38,279,0,nan,nan,0.07
3/30/2023 1:26:32,1.14.0,Free_feed,20,4.03,1,1,Pellet,Left,81,38,280,0,Timed_out,1419,nan
3/30/2023 1:26:50,1.14.0,Free_feed,20,4.03,1,1,Pellet,Left,81,38,281,0,16.15,18,nan
3/30/2023 1:27:03,1.14.0,Free_feed,20,4.02,1,1,Pellet,Left,81,38,282,0,5.88,13,nan
3/30/2023 1:27:10,1.14.0,Free_feed,20,4.02,1,1,Pellet,Left,81,38,283,0,0.06,7,nan
3/30/2023 1:27:21,1.14.0,Free_feed,20,4.03,2,1,Pellet,Left,81,38,284,0,2.08,11,nan
3/30/2023 1:27:40,1.14.0,Free_feed,20,4.02,1,1,Pellet,Left,81,38,285,0,12.64,19,nan
3/30/2023 1:29:19,1.14.0,Free_feed,20,4.03,nan,1,LeftWithPellet,Left,82,38,285,0,nan,nan,0.14
3/30/2023 1:43:03,1.14.0,Free_feed,20,4.03,nan,1,RightWithPellet,Left,82,39,285,0,nan,nan,0.22
3/30/2023 1:51:14,1.14.0,Free_feed,20,4.03,nan,1,RightWithPellet,Left,82,40,285,0,nan,nan,0.28
3/30/2023 1:53:58,1.14.0,Free_feed,20,4.03,1,1,Pellet,Left,82,40,286,0,Timed_out,1578,nan
3/30/2023 1:54:18,1.14.0,Free_feed,20,4.03,1,1,Pellet,Left,82,40,287,0,12.27,20,nan
3/30/2023 1:54:35,1.14.0,Free_feed,20,4.02,1,1,Pellet,Left,82,40,288,0,10.86,17,nan
3/30/2023 1:54:37,1.14.0,Free_feed,20,4.02,1,1,Pellet,Left,82,40,289,0,0.12,2,nan
3/30/2023 1:54:52,1.14.0,Free_feed,20,4.02,1,1,Pellet,Left,82,40,290,0,7.66,15,nan
3/30/2023 1:55:12,1.14.0,Free_feed,20,4.02,1,1,Pellet,Left,82,40,291,0,13.01,20,nan
3/30/2023 1:55:30,1.14.0,Free_feed,20,4.02,1,1,Pellet,Left,82,40,292,0,11.22,18,nan
3/30/2023 1:55:49,1.14.0,Free_feed,20,4.02,1,1,Pellet,Left,82,40,293,0,11.41,19,nan
3/30/2023 1:56:08,1.14.0,Free_feed,20,4.02,1,1,Pellet,Left,82,40,294,0,11.66,19,nan
3/30/2023 1:57:26,1.14.0,Free_feed,20,4.02,1,1,Pellet,Left,82,40,295,0,Timed_out,78,nan
3/30/2023 1:57:27,1.14.0,Free_feed,20,4.02,1,1,Pellet,Left,82,40,296,0,0.06,1,nan
3/30/2023 1:57:48,1.14.0,Free_feed,20,4.03,2,1,Pellet,Left,82,40,297,0,13.25,21,nan
3/30/2023 2:05:42,1.14.0,Free_feed,20,4.03,1,1,Pellet,Left,82,40,298,0,Timed_out,474,nan
3/30/2023 2:06:15,1.14.0,Free_feed,20,4.02,nan,1,RightWithPellet,Left,82,41,298,0,nan,nan,0.17
3/30/2023 2:13:11,1.14.0,Free_feed,20,4.02,nan,1,LeftWithPellet,Left,83,41,298,0,nan,nan,0.05
3/30/2023 2:25:02,1.14.0,Free_feed,20,4.03,1,1,Pellet,Left,83,41,299,0,Timed_out,1160,nan
3/30/2023 2:25:22,1.14.0,Free_feed,20,4.02,1,1,Pellet,Left,83,41,300,0,17.94,20,nan
3/30/2023 2:25:38,1.14.0,Free_feed,20,4.03,1,1,Pellet,Left,83,41,301,0,9.63,16,nan
3/30/2023 2:25:56,1.14.0,Free_feed,20,4.02,1,1,Pellet,Left,83,41,302,0,10.49,18,nan
3/30/2023 3:30:03,1.14.0,Free_feed,20,4.02,1,1,Pellet,Left,83,41,303,0,Timed_out,3847,nan
3/30/2023 3:30:24,1.14.0,Free_feed,20,4.02,2,1,Pellet,Left,83,41,304,0,11.90,21,nan
3/30/2023 4:02:12,1.14.0,Free_feed,20,4.02,1,1,Pellet,Left,83,41,305,0,Timed_out,1908,nan
3/30/2023 4:44:18,1.14.0,Free_feed,20,4.03,1,1,Pellet,Left,83,41,306,0,Timed_out,2526,nan
3/30/2023 5:46:37,1.14.0,Free_feed,20,4.02,1,1,Pellet,Left,83,41,307,0,Timed_out,3739,nan
3/30/2023 5:46:44,1.14.0,Free_feed,20,4.02,1,1,Pellet,Left,83,41,308,0,0.06,7,nan
3/30/2023 5:46:56,1.14.0,Free_feed,20,4.02,1,1,Pellet,Left,83,41,309,0,4.90,12,nan
3/30/2023 5:47:12,1.14.0,Free_feed,20,4.02,1,1,Pellet,Left,83,41,310,0,8.03,15,nan
3/30/2023 5:47:35,1.14.0,Free_feed,20,4.02,1,1,Pellet,Left,83,41,311,0,16.02,23,nan
3/30/2023 5:47:54,1.14.0,Free_feed,20,4.02,1,1,Pellet,Left,83,41,312,0,12.39,20,nan
3/30/2023 5:48:15,1.14.0,Free_feed,20,4.02,1,1,Pellet,Left,83,41,313,0,13.99,21,nan
3/30/2023 5:48:34,1.14.0,Free_feed,20,4.02,2,1,Pellet,Left,83,41,314,0,11.66,19,nan
3/30/2023 5:48:56,1.14.0,Free_feed,20,4.02,1,1,Pellet,Left,83,41,315,0,14.30,22,nan
3/30/2023 5:49:26,1.14.0,Free_feed,20,4.02,1,1,Pellet,Left,83,41,316,0,23.78,30,nan
3/30/2023 5:49:50,1.14.0,Free_feed,20,4.02,1,1,Pellet,Left,83,41,317,0,16.33,24,nan
3/30/2023 5:51:19,1.14.0,Free_feed,20,4.02,1,1,Pellet,Left,83,41,318,0,Timed_out,89,nan
3/30/2023 7:10:17,1.14.0,Free_feed,20,4.02,1,1,Pellet,Left,83,41,319,0,Timed_out,4738,nan
3/30/2023 7:10:32,1.14.0,Free_feed,20,4.02,1,1,Pellet,Left,83,41,320,0,13.06,15,nan
3/30/2023 7:10:54,1.14.0,Free_feed,20,4.02,1,1,Pellet,Left,83,41,321,0,19.83,22,nan
3/30/2023 7:11:01,1.14.0,Free_feed,20,4.02,2,1,Pellet,Left,83,41,322,0,0.06,7,nan
3/30/2023 7:11:35,1.14.0,Free_feed,20,4.02,1,1,Pellet,Left,83,41,323,0,27.05,34,nan
3/30/2023 7:11:37,1.14.0,Free_feed,20,4.02,1,1,Pellet,Left,83,41,324,0,0.06,2,nan
3/30/2023 7:12:00,1.14.0,Free_feed,20,4.02,1,1,Pellet,Left,83,41,325,0,15.28,22,nan
3/30/2023 7:12:20,1.14.0,Free_feed,20,4.02,2,1,Pellet,Left,83,41,326,0,13.38,21,nan
3/30/2023 7:12:39,1.14.0,Free_feed,20,4.02,2,1,Pellet,Left,83,41,327,0,11.23,19,nan
3/30/2023 7:13:05,1.14.0,Free_feed,20,4.02,1,1,Pellet,Left,83,41,328,0,18.24,26,nan
3/30/2023 7:13:27,1.14.0,Free_feed,20,4.02,3,1,Pellet,Left,83,41,329,0,10.92,22,nan
3/30/2023 7:14:10,1.14.0,Free_feed,20,4.02,2,1,Pellet,Left,83,41,330,0,39.44,43,nan
3/30/2023 7:14:42,1.14.0,Free_feed,20,4.02,1,1,Pellet,Left,83,41,331,0,23.71,31,nan
3/30/2023 7:15:18,1.14.0,Free_feed,20,4.02,1,1,Pellet,Left,83,41,332,0,28.82,36,nan
3/30/2023 7:15:50,1.14.0,Free_feed,20,4.02,1,1,Pellet,Left,83,41,333,0,24.83,33,nan
3/30/2023 7:16:15,1.14.0,Free_feed,20,4.02,2,1,Pellet,Left,83,41,334,0,17.56,24,nan
3/30/2023 7:16:39,1.14.0,Free_feed,20,4.02,2,1,Pellet,Left,83,41,335,0,14.97,25,nan
3/30/2023 7:41:38,1.14.0,Free_feed,20,4.02,nan,1,RightWithPellet,Left,83,42,335,0,nan,nan,0.84
3/30/2023 7:41:39,1.14.0,Free_feed,20,4.02,nan,1,RightWithPellet,Left,83,43,335,0,nan,nan,0.13
3/30/2023 7:41:42,1.14.0,Free_feed,20,4.02,nan,1,RightWithPellet,Left,83,44,335,0,nan,nan,0.94
3/30/2023 7:41:45,1.14.0,Free_feed,20,4.02,nan,1,RightWithPellet,Left,83,45,335,0,nan,nan,0.62
3/30/2023 7:41:49,1.14.0,Free_feed,20,4.02,1,1,Pellet,Left,83,45,336,0,Timed_out,1510,nan
3/30/2023 7:42:16,1.14.0,Free_feed,20,4.02,1,1,Pellet,Left,83,45,337,0,20.26,27,nan
3/30/2023 7:42:23,1.14.0,Free_feed,20,4.02,1,1,Pellet,Left,83,45,338,0,0.06,7,nan
3/30/2023 7:43:45,1.14.0,Free_feed,20,4.02,1,1,Pellet,Left,83,45,339,0,Timed_out,82,nan
3/30/2023 7:43:53,1.14.0,Free_feed,20,4.02,1,1,Pellet,Left,83,45,340,0,0.06,8,nan
3/30/2023 7:44:10,1.14.0,Free_feed,20,4.02,nan,1,RightWithPellet,Left,83,46,340,0,nan,nan,0.30
3/30/2023 7:46:35,1.14.0,Free_feed,20,4.02,nan,1,LeftWithPellet,Left,84,46,340,0,nan,nan,0.06
3/30/2023 7:47:43,1.14.0,Free_feed,20,4.02,1,1,Pellet,Left,84,46,341,0,Timed_out,230,nan
3/30/2023 7:48:18,1.14.0,Free_feed,20,4.02,1,1,Pellet,Left,84,46,342,0,27.65,35,nan
3/30/2023 7:50:38,1.14.0,Free_feed,20,4.02,nan,1,LeftWithPellet,Left,85,46,342,0,nan,nan,0.28
3/30/2023 7:53:08,1.14.0,Free_feed,20,4.02,nan,1,LeftWithPellet,Left,86,46,342,0,nan,nan,0.12
3/30/2023 7:55:55,1.14.0,Free_feed,20,4.02,nan,1,RightWithPellet,Left,86,47,342,0,nan,nan,0.04
3/30/2023 8:03:28,1.14.0,Free_feed,20,4.02,2,1,Pellet,Left,86,47,343,0,Timed_out,910,nan
3/30/2023 8:03:45,1.14.0,Free_feed,20,4.02,1,1,Pellet,Left,86,47,344,0,9.57,17,nan
3/30/2023 8:04:05,1.14.0,Free_feed,20,4.02,1,1,Pellet,Left,86,47,345,0,11.72,20,nan
3/30/2023 8:04:30,1.14.0,Free_feed,20,4.02,1,1,Pellet,Left,86,47,346,0,18.05,25,nan
3/30/2023 8:04:37,1.14.0,Free_feed,20,4.02,1,1,Pellet,Left,86,47,347,0,0.06,7,nan
3/30/2023 8:09:45,1.14.0,Free_feed,20,4.02,nan,1,RightWithPellet,Left,86,48,347,0,nan,nan,0.52
3/30/2023 8:28:44,1.14.0,Free_feed,20,4.02,1,1,Pellet,Left,86,48,348,0,Timed_out,1447,nan
3/30/2023 8:29:08,1.14.0,Free_feed,20,4.02,1,1,Pellet,Left,86,48,349,0,16.95,24,nan
3/30/2023 8:29:25,1.14.0,Free_feed,20,4.02,2,1,Pellet,Left,86,48,350,0,7.72,17,nan
3/30/2023 8:29:49,1.14.0,Free_feed,20,4.02,1,1,Pellet,Left,86,48,351,0,16.77,24,nan
3/30/2023 8:30:08,1.14.0,Free_feed,20,4.02,1,1,Pellet,Left,86,48,352,0,11.78,19,nan
3/30/2023 8:39:49,1.14.0,Free_feed,20,4.02,1,1,Pellet,Left,86,48,353,0,Timed_out,581,nan
3/30/2023 8:40:12,1.14.0,Free_feed,20,4.02,1,1,Pellet,Left,86,48,354,0,15.60,23,nan
3/30/2023 8:40:33,1.14.0,Free_feed,20,4.02,1,1,Pellet,Left,86,48,355,0,14.18,21,nan
3/30/2023 8:40:53,1.14.0,Free_feed,20,4.02,2,1,Pellet,Left,86,48,356,0,18.05,20,nan
3/30/2023 9:05:36,1.14.0,Free_feed,20,4.02,1,1,Pellet,Left,86,48,357,0,Timed_out,1483,nan
3/30/2023 9:06:22,1.14.0,Free_feed,20,4.02,1,1,Pellet,Left,86,48,358,0,38.77,46,nan
3/30/2023 9:06:43,1.14.0,Free_feed,20,4.02,1,1,Pellet,Left,86,48,359,0,13.94,21,nan
3/30/2023 9:07:02,1.14.0,Free_feed,20,4.02,1,1,Pellet,Left,86,48,360,0,12.03,19,nan
3/30/2023 9:07:20,1.14.0,Free_feed,20,4.02,1,1,Pellet,Left,86,48,361,0,10.86,18,nan
3/30/2023 9:07:22,1.14.0,Free_feed,20,4.02,1,1,Pellet,Left,86,48,362,0,0.06,2,nan
3/30/2023 9:07:43,1.14.0,Free_feed,20,4.02,1,1,Pellet,Left,86,48,363,0,15.16,21,nan
3/30/2023 9:08:05,1.14.0,Free_feed,20,4.02,nan,1,RightWithPellet,Left,86,49,363,0,nan,nan,0.19
3/30/2023 9:08:10,1.14.0,Free_feed,20,4.02,nan,1,RightWithPellet,Left,86,50,363,0,nan,nan,0.23
3/30/2023 9:08:10,1.14.0,Free_feed,20,4.02,nan,1,RightWithPellet,Left,86,51,363,0,nan,nan,0.04
3/30/2023 9:16:29,1.14.0,Free_feed,20,4.02,nan,1,LeftWithPellet,Left,87,51,363,0,nan,nan,0.06
3/30/2023 9:20:03,1.14.0,Free_feed,20,4.02,nan,1,LeftWithPellet,Left,88,51,363,0,nan,nan,0.03
3/30/2023 10:06:15,1.14.0,Free_feed,20,4.02,1,1,Pellet,Left,88,51,364,0,Timed_out,3512,nan
3/30/2023 10:06:35,1.14.0,Free_feed,20,4.02,1,1,Pellet,Left,88,51,365,0,13.13,20,nan
