MM:DD:YYYY hh:mm:ss,Library_Version,Session_type,Device_Number,Battery_Voltage,Motor_Turns,FR,Event,Active_Poke,Left_Poke_Count,Right_Poke_Count,Pellet_Count,Block_Pellet_Count,Retrieval_Time,InterPelletInterval,Poke_Time
3/29/2023 10:47:56,1.14.0,Free_feed,11,4.15,nan,1,LeftWithPellet,Left,1,0,0,0,nan,nan,0.34
3/29/2023 10:51:32,1.14.0,Free_feed,11,4.16,nan,1,LeftWithPellet,Left,2,0,0,0,nan,nan,0.16
3/29/2023 10:54:48,1.14.0,Free_feed,11,4.15,nan,1,LeftWithPellet,Left,3,0,0,0,nan,nan,0.02
3/29/2023 10:54:49,1.14.0,Free_feed,11,4.15,nan,1,LeftWithPellet,Left,4,0,0,0,nan,nan,0.01
3/29/2023 10:55:03,1.14.0,Free_feed,11,4.16,nan,1,RightWithPellet,Left,4,1,0,0,nan,nan,0.10
3/29/2023 10:55:04,1.14.0,Free_feed,11,4.16,nan,1,RightWithPellet,Left,4,2,0,0,nan,nan,0.75
3/29/2023 10:55:15,1.14.0,Free_feed,11,4.16,nan,1,RightWithPellet,Left,4,3,0,0,nan,nan,0.01
3/29/2023 10:55:34,1.14.0,Free_feed,11,4.14,nan,1,RightWithPellet,Left,4,4,0,0,nan,nan,0.15
3/29/2023 10:55:38,1.14.0,Free_feed,11,4.15,nan,1,RightWithPellet,Left,4,5,0,0,nan,nan,0.17
3/29/2023 10:55:43,1.14.0,Free_feed,11,4.16,nan,1,RightWithPellet,Left,4,6,0,0,nan,nan,0.65
3/29/2023 10:55:45,1.14.0,Free_feed,11,4.15,nan,1,RightWithPellet,Left,4,7,0,0,nan,nan,0.28
3/29/2023 11:02:46,1.14.0,Free_feed,11,4.15,nan,1,RightWithPellet,Left,4,8,0,0,nan,nan,0.06
3/29/2023 11:03:02,1.14.0,Free_feed,11,4.16,55,1,Pellet,Left,4,8,1,0,Timed_out,nan,nan
3/29/2023 11:03:06,1.14.0,Free_feed,11,4.16,1,1,Pellet,Left,4,8,2,0,0.12,4,nan
3/29/2023 11:03:07,1.14.0,Free_feed,11,4.16,1,1,Pellet,Left,4,8,3,0,0.06,1,nan
3/29/2023 11:05:21,1.14.0,Free_feed,11,4.16,3,1,Pellet,Left,4,8,4,0,Timed_out,134,nan
3/29/2023 11:06:14,1.14.0,Free_feed,11,4.15,2,1,Pellet,Left,4,8,5,0,45.55,53,nan
3/29/2023 11:07:24,1.14.0,Free_feed,11,4.15,2,1,Pellet,Left,4,8,6,0,Timed_out,70,nan
3/29/2023 11:07:26,1.14.0,Free_feed,11,4.16,1,1,Pellet,Left,4,8,7,0,0.06,2,nan
3/29/2023 11:07:28,1.14.0,Free_feed,11,4.15,1,1,Pellet,Left,4,8,8,0,0.12,2,nan
3/29/2023 11:07:50,1.14.0,Free_feed,11,4.15,nan,1,RightWithPellet,Left,4,9,8,0,nan,nan,0.01
3/29/2023 11:07:51,1.14.0,Free_feed,11,4.14,nan,1,RightWithPellet,Left,4,10,8,0,nan,nan,0.65
3/29/2023 11:07:54,1.14.0,Free_feed,11,4.15,nan,1,RightWithPellet,Left,4,11,8,0,nan,nan,0.17
3/29/2023 11:07:55,1.14.0,Free_feed,11,4.15,nan,1,RightWithPellet,Left,4,12,8,0,nan,nan,1.13
3/29/2023 11:07:56,1.14.0,Free_feed,11,4.15,nan,1,RightWithPellet,Left,4,13,8,0,nan,nan,0.08
3/29/2023 11:08:37,1.14.0,Free_feed,11,4.15,nan,1,RightWithPellet,Left,4,14,8,0,nan,nan,0.07
3/29/2023 11:08:48,1.14.0,Free_feed,11,4.15,nan,1,LeftWithPellet,Left,5,14,8,0,nan,nan,0.08
3/29/2023 11:10:44,1.14.0,Free_feed,11,4.15,nan,1,RightWithPellet,Left,5,15,8,0,nan,nan,0.04
3/29/2023 11:10:45,1.14.0,Free_feed,11,4.15,nan,1,RightWithPellet,Left,5,16,8,0,nan,nan,0.45
3/29/2023 11:10:47,1.14.0,Free_feed,11,4.16,nan,1,RightWithPellet,Left,5,17,8,0,nan,nan,1.07
3/29/2023 11:10:48,1.14.0,Free_feed,11,4.15,nan,1,RightWithPellet,Left,5,18,8,0,nan,nan,0.32
3/29/2023 11:10:51,1.14.0,Free_feed,11,4.15,nan,1,RightWithPellet,Left,5,19,8,0,nan,nan,0.93
3/29/2023 11:10:53,1.14.0,Free_feed,11,4.16,nan,1,RightWithPellet,Left,5,20,8,0,nan,nan,0.29
3/29/2023 11:10:54,1.14.0,Free_feed,11,4.16,nan,1,RightWithPellet,Left,5,21,8,0,nan,nan,0.44
3/29/2023 11:10:56,1.14.0,Free_feed,11,4.16,nan,1,RightWithPellet,Left,5,22,8,0,nan,nan,0.04
3/29/2023 11:10:58,1.14.0,Free_feed,11,4.16,nan,1,RightWithPellet,Left,5,23,8,0,nan,nan,0.55
3/29/2023 11:11:00,1.14.0,Free_feed,11,4.15,nan,1,RightWithPellet,Left,5,24,8,0,nan,nan,0.06
3/29/2023 11:11:01,1.14.0,Free_feed,11,4.15,nan,1,RightWithPellet,Left,5,25,8,0,nan,nan,0.37
3/29/2023 11:11:26,1.14.0,Free_feed,11,4.16,2,1,Pellet,Left,5,25,9,0,Timed_out,238,nan
3/29/2023 11:11:43,1.14.0,Free_feed,11,4.15,2,1,Pellet,Left,5,25,10,0,9.67,17,nan
3/29/2023 11:11:44,1.14.0,Free_feed,11,4.16,1,1,Pellet,Left,5,25,11,0,0.06,1,nan
3/29/2023 11:12:02,1.14.0,Free_feed,11,4.15,nan,1,RightWithPellet,Left,5,26,11,0,nan,nan,0.00
3/29/2023 11:12:03,1.14.0,Free_feed,11,4.15,nan,1,RightWithPellet,Left,5,27,11,0,nan,nan,0.33
3/29/2023 11:13:14,1.14.0,Free_feed,11,4.15,nan,1,RightWithPellet,Left,5,28,11,0,nan,nan,0.23
3/29/2023 11:15:25,1.14.0,Free_feed,11,4.15,1,1,Pellet,Left,5,28,12,0,Timed_out,221,nan
3/29/2023 11:15:53,1.14.0,Free_feed,11,4.16,nan,1,LeftWithPellet,Left,6,28,12,0,nan,nan,0.59
3/29/2023 11:16:21,1.14.0,Free_feed,11,4.15,nan,1,LeftWithPellet,Left,7,28,12,0,nan,nan,0.65
3/29/2023 11:16:21,1.14.0,Free_feed,11,4.15,nan,1,LeftWithPellet,Left,8,28,12,0,nan,nan,0.13
3/29/2023 11:16:22,1.14.0,Free_feed,11,4.15,nan,1,LeftWithPellet,Left,9,28,12,0,nan,nan,0.42
3/29/2023 11:16:23,1.14.0,Free_feed,11,4.15,nan,1,LeftWithPellet,Left,10,28,12,0,nan,nan,0.41
3/29/2023 11:16:24,1.14.0,Free_feed,11,4.15,nan,1,LeftWithPellet,Left,11,28,12,0,nan,nan,0.93
3/29/2023 11:16:25,1.14.0,Free_feed,11,4.15,nan,1,LeftWithPellet,Left,12,28,12,0,nan,nan,0.70
3/29/2023 11:16:26,1.14.0,Free_feed,11,4.15,nan,1,LeftWithPellet,Left,13,28,12,0,nan,nan,0.47
3/29/2023 11:16:27,1.14.0,Free_feed,11,4.15,nan,1,LeftWithPellet,Left,14,28,12,0,nan,nan,0.34
3/29/2023 11:16:28,1.14.0,Free_feed,11,4.15,nan,1,LeftWithPellet,Left,15,28,12,0,nan,nan,0.28
3/29/2023 11:16:30,1.14.0,Free_feed,11,4.16,nan,1,LeftWithPellet,Left,16,28,12,0,nan,nan,0.57
3/29/2023 11:16:35,1.14.0,Free_feed,11,4.15,nan,1,LeftWithPellet,Left,17,28,12,0,nan,nan,0.16
3/29/2023 11:16:57,1.14.0,Free_feed,11,4.15,1,1,Pellet,Left,17,28,13,0,Timed_out,92,nan
3/29/2023 11:17:48,1.14.0,Free_feed,11,4.16,2,1,Pellet,Left,17,28,14,0,41.92,51,nan
3/29/2023 11:17:50,1.14.0,Free_feed,11,4.15,1,1,Pellet,Left,17,28,15,0,0.24,2,nan
3/29/2023 11:17:52,1.14.0,Free_feed,11,4.15,1,1,Pellet,Left,17,28,16,0,0.60,2,nan
3/29/2023 11:18:05,1.14.0,Free_feed,11,4.15,2,1,Pellet,Left,17,28,17,0,5.20,13,nan
3/29/2023 11:18:07,1.14.0,Free_feed,11,4.15,nan,1,RightWithPellet,Left,17,29,17,0,nan,nan,0.21
3/29/2023 11:18:08,1.14.0,Free_feed,11,4.16,nan,1,RightWithPellet,Left,17,30,17,0,nan,nan,0.16
3/29/2023 11:18:09,1.14.0,Free_feed,11,4.15,nan,1,RightWithPellet,Left,17,31,17,0,nan,nan,0.15
3/29/2023 11:18:09,1.14.0,Free_feed,11,4.15,nan,1,RightWithPellet,Left,17,32,17,0,nan,nan,0.25
3/29/2023 11:20:30,1.14.0,Free_feed,11,4.15,1,1,Pellet,Left,17,32,18,0,Timed_out,145,nan
3/29/2023 11:20:44,1.14.0,Free_feed,11,4.15,nan,1,RightWithPellet,Left,17,33,18,0,nan,nan,0.07
3/29/2023 11:20:45,1.14.0,Free_feed,11,4.15,nan,1,RightWithPellet,Left,17,34,18,0,nan,nan,0.00
3/29/2023 11:20:46,1.14.0,Free_feed,11,4.15,nan,1,RightWithPellet,Left,17,35,18,0,nan,nan,0.08
3/29/2023 11:20:46,1.14.0,Free_feed,11,4.15,nan,1,RightWithPellet,Left,17,36,18,0,nan,nan,0.34
3/29/2023 11:20:47,1.14.0,Free_feed,11,4.16,nan,1,RightWithPellet,Left,17,37,18,0,nan,nan,0.42
3/29/2023 11:20:49,1.14.0,Free_feed,11,4.15,nan,1,RightWithPellet,Left,17,38,18,0,nan,nan,0.90
3/29/2023 11:20:50,1.14.0,Free_feed,11,4.15,nan,1,RightWithPellet,Left,17,39,18,0,nan,nan,0.39
3/29/2023 11:20:50,1.14.0,Free_feed,11,4.15,nan,1,RightWithPellet,Left,17,40,18,0,nan,nan,0.06
3/29/2023 11:20:51,1.14.0,Free_feed,11,4.15,nan,1,RightWithPellet,Left,17,41,18,0,nan,nan,0.53
3/29/2023 11:20:54,1.14.0,Free_feed,11,4.15,nan,1,RightWithPellet,Left,17,42,18,0,nan,nan,1.01
3/29/2023 11:20:55,1.14.0,Free_feed,11,4.16,nan,1,RightWithPellet,Left,17,43,18,0,nan,nan,0.77
3/29/2023 11:20:56,1.14.0,Free_feed,11,4.16,nan,1,RightWithPellet,Left,17,44,18,0,nan,nan,0.16
3/29/2023 11:20:58,1.14.0,Free_feed,11,4.15,nan,1,RightWithPellet,Left,17,45,18,0,nan,nan,0.07
3/29/2023 11:20:59,1.14.0,Free_feed,11,4.15,nan,1,RightWithPellet,Left,17,46,18,0,nan,nan,0.09
3/29/2023 11:21:00,1.14.0,Free_feed,11,4.15,nan,1,RightWithPellet,Left,17,47,18,0,nan,nan,0.50
3/29/2023 11:21:00,1.14.0,Free_feed,11,4.15,nan,1,RightWithPellet,Left,17,48,18,0,nan,nan,0.16
3/29/2023 11:21:01,1.14.0,Free_feed,11,4.16,nan,1,RightWithPellet,Left,17,49,18,0,nan,nan,0.04
3/29/2023 11:21:01,1.14.0,Free_feed,11,4.15,nan,1,RightWithPellet,Left,17,50,18,0,nan,nan,0.33
3/29/2023 11:21:09,1.14.0,Free_feed,11,4.15,nan,1,RightWithPellet,Left,17,51,18,0,nan,nan,0.14
3/29/2023 11:21:15,1.14.0,Free_feed,11,4.15,nan,1,RightWithPellet,Left,17,52,18,0,nan,nan,0.03
3/29/2023 11:21:25,1.14.0,Free_feed,11,4.15,nan,1,LeftWithPellet,Left,18,52,18,0,nan,nan,0.01
3/29/2023 11:21:25,1.14.0,Free_feed,11,4.15,nan,1,LeftWithPellet,Left,19,52,18,0,nan,nan,0.05
3/29/2023 11:21:26,1.14.0,Free_feed,11,4.14,nan,1,LeftWithPellet,Left,20,52,18,0,nan,nan,0.02
3/29/2023 11:21:30,1.14.0,Free_feed,11,4.15,nan,1,LeftWithPellet,Left,21,52,18,0,nan,nan,0.46
3/29/2023 11:21:31,1.14.0,Free_feed,11,4.15,nan,1,LeftWithPellet,Left,22,52,18,0,nan,nan,0.04
3/29/2023 11:21:31,1.14.0,Free_feed,11,4.15,nan,1,LeftWithPellet,Left,23,52,18,0,nan,nan,0.06
3/29/2023 11:21:33,1.14.0,Free_feed,11,4.15,nan,1,LeftWithPellet,Left,24,52,18,0,nan,nan,1.08
3/29/2023 11:21:34,1.14.0,Free_feed,11,4.15,nan,1,LeftWithPellet,Left,25,52,18,0,nan,nan,0.04
3/29/2023 11:21:35,1.14.0,Free_feed,11,4.15,nan,1,LeftWithPellet,Left,26,52,18,0,nan,nan,1.07
3/29/2023 11:23:11,1.14.0,Free_feed,11,4.15,nan,1,LeftWithPellet,Left,27,52,18,0,nan,nan,0.01
3/29/2023 11:23:15,1.14.0,Free_feed,11,4.15,nan,1,RightWithPellet,Left,27,53,18,0,nan,nan,0.05
3/29/2023 11:24:18,1.14.0,Free_feed,11,4.15,1,1,Pellet,Left,27,53,19,0,Timed_out,228,nan
3/29/2023 11:24:36,1.14.0,Free_feed,11,4.15,1,1,Pellet,Left,27,53,20,0,10.60,18,nan
3/29/2023 11:26:01,1.14.0,Free_feed,11,4.15,1,1,Pellet,Left,27,53,21,0,Timed_out,85,nan
3/29/2023 11:26:07,1.14.0,Free_feed,11,4.15,nan,1,RightWithPellet,Left,27,54,21,0,nan,nan,0.49
3/29/2023 11:26:08,1.14.0,Free_feed,11,4.15,nan,1,RightWithPellet,Left,27,55,21,0,nan,nan,0.12
3/29/2023 11:26:13,1.14.0,Free_feed,11,4.15,nan,1,RightWithPellet,Left,27,56,21,0,nan,nan,0.18
3/29/2023 11:31:57,1.14.0,Free_feed,11,4.16,1,1,Pellet,Left,27,56,22,0,Timed_out,356,nan
3/29/2023 11:31:59,1.14.0,Free_feed,11,4.16,1,1,Pellet,Left,27,56,23,0,0.06,2,nan
3/29/2023 11:32:01,1.14.0,Free_feed,11,4.14,1,1,Pellet,Left,27,56,24,0,0.30,2,nan
3/29/2023 11:35:12,1.14.0,Free_feed,11,4.15,nan,1,RightWithPellet,Left,27,57,24,0,nan,nan,0.02
3/29/2023 11:37:36,1.14.0,Free_feed,11,4.15,nan,1,RightWithPellet,Left,27,58,24,0,nan,nan,0.04
3/29/2023 11:37:48,1.14.0,Free_feed,11,4.15,nan,1,RightWithPellet,Left,27,59,24,0,nan,nan,0.32
3/29/2023 11:37:49,1.14.0,Free_feed,11,4.15,nan,1,RightWithPellet,Left,27,60,24,0,nan,nan,0.01
3/29/2023 11:37:50,1.14.0,Free_feed,11,4.15,nan,1,RightWithPellet,Left,27,61,24,0,nan,nan,0.09
3/29/2023 11:37:51,1.14.0,Free_feed,11,4.15,nan,1,RightWithPellet,Left,27,62,24,0,nan,nan,0.00
3/29/2023 11:39:04,1.14.0,Free_feed,11,4.15,nan,1,RightWithPellet,Left,27,63,24,0,nan,nan,0.01
3/29/2023 11:39:09,1.14.0,Free_feed,11,4.14,nan,1,RightWithPellet,Left,27,64,24,0,nan,nan,0.03
3/29/2023 11:39:12,1.14.0,Free_feed,11,4.15,nan,1,RightWithPellet,Left,27,65,24,0,nan,nan,0.02
3/29/2023 11:39:19,1.14.0,Free_feed,11,4.15,nan,1,RightWithPellet,Left,27,66,24,0,nan,nan,0.62
3/29/2023 11:39:20,1.14.0,Free_feed,11,4.15,nan,1,RightWithPellet,Left,27,67,24,0,nan,nan,0.11
3/29/2023 11:39:21,1.14.0,Free_feed,11,4.14,nan,1,RightWithPellet,Left,27,68,24,0,nan,nan,0.04
3/29/2023 11:39:23,1.14.0,Free_feed,11,4.15,nan,1,RightWithPellet,Left,27,69,24,0,nan,nan,0.45
3/29/2023 11:39:24,1.14.0,Free_feed,11,4.14,nan,1,RightWithPellet,Left,27,70,24,0,nan,nan,0.04
3/29/2023 11:40:43,1.14.0,Free_feed,11,4.15,nan,1,RightWithPellet,Left,27,71,24,0,nan,nan,0.13
3/29/2023 11:40:47,1.14.0,Free_feed,11,4.15,nan,1,RightWithPellet,Left,27,72,24,0,nan,nan,0.16
3/29/2023 11:40:49,1.14.0,Free_feed,11,4.15,nan,1,RightWithPellet,Left,27,73,24,0,nan,nan,0.25
3/29/2023 11:40:53,1.14.0,Free_feed,11,4.15,nan,1,RightWithPellet,Left,27,74,24,0,nan,nan,1.39
3/29/2023 11:40:54,1.14.0,Free_feed,11,4.15,nan,1,RightWithPellet,Left,27,75,24,0,nan,nan,0.77
3/29/2023 11:40:55,1.14.0,Free_feed,11,4.14,nan,1,RightWithPellet,Left,27,76,24,0,nan,nan,0.14
3/29/2023 11:41:05,1.14.0,Free_feed,11,4.15,1,1,Pellet,Left,27,76,25,0,Timed_out,544,nan
3/29/2023 11:41:14,1.14.0,Free_feed,11,4.14,1,1,Pellet,Left,27,76,26,0,1.52,9,nan
3/29/2023 11:41:21,1.14.0,Free_feed,11,4.15,nan,1,RightWithPellet,Left,27,77,26,0,nan,nan,0.01
3/29/2023 11:41:21,1.14.0,Free_feed,11,4.15,nan,1,RightWithPellet,Left,27,78,26,0,nan,nan,0.11
3/29/2023 11:41:34,1.14.0,Free_feed,11,4.15,nan,1,RightWithPellet,Left,27,79,26,0,nan,nan,0.11
3/29/2023 11:41:42,1.14.0,Free_feed,11,4.15,nan,1,LeftWithPellet,Left,28,79,26,0,nan,nan,0.33
3/29/2023 11:41:43,1.14.0,Free_feed,11,4.15,nan,1,LeftWithPellet,Left,29,79,26,0,nan,nan,0.16
3/29/2023 11:41:43,1.14.0,Free_feed,11,4.16,nan,1,LeftWithPellet,Left,30,79,26,0,nan,nan,0.18
3/29/2023 11:41:44,1.14.0,Free_feed,11,4.15,nan,1,LeftWithPellet,Left,31,79,26,0,nan,nan,0.62
3/29/2023 11:41:47,1.14.0,Free_feed,11,4.15,nan,1,LeftWithPellet,Left,32,79,26,0,nan,nan,2.17
3/29/2023 11:41:48,1.14.0,Free_feed,11,4.15,nan,1,LeftWithPellet,Left,33,79,26,0,nan,nan,0.87
3/29/2023 11:43:25,1.14.0,Free_feed,11,4.16,nan,1,RightWithPellet,Left,33,80,26,0,nan,nan,0.27
3/29/2023 11:43:31,1.14.0,Free_feed,11,4.16,nan,1,LeftWithPellet,Left,34,80,26,0,nan,nan,0.01
3/29/2023 11:44:18,1.14.0,Free_feed,11,4.15,nan,1,RightWithPellet,Left,34,81,26,0,nan,nan,0.14
3/29/2023 11:44:41,1.14.0,Free_feed,11,4.15,nan,1,RightWithPellet,Left,34,82,26,0,nan,nan,0.24
3/29/2023 11:44:42,1.14.0,Free_feed,11,4.15,nan,1,RightWithPellet,Left,34,83,26,0,nan,nan,0.05
3/29/2023 11:44:43,1.14.0,Free_feed,11,4.15,nan,1,RightWithPellet,Left,34,84,26,0,nan,nan,0.18
3/29/2023 11:44:45,1.14.0,Free_feed,11,4.15,nan,1,RightWithPellet,Left,34,85,26,0,nan,nan,0.20
3/29/2023 11:44:46,1.14.0,Free_feed,11,4.15,nan,1,RightWithPellet,Left,34,86,26,0,nan,nan,0.52
3/29/2023 11:45:03,1.14.0,Free_feed,11,4.15,nan,1,LeftWithPellet,Left,35,86,26,0,nan,nan,0.05
3/29/2023 11:49:58,1.14.0,Free_feed,11,4.15,1,1,Pellet,Left,35,86,27,0,Timed_out,524,nan
3/29/2023 11:50:14,1.14.0,Free_feed,11,4.14,nan,1,RightWithPellet,Left,35,87,27,0,nan,nan,0.04
3/29/2023 11:50:29,1.14.0,Free_feed,11,4.14,nan,1,RightWithPellet,Left,35,88,27,0,nan,nan,0.03
3/29/2023 11:53:02,1.14.0,Free_feed,11,4.15,1,1,Pellet,Left,35,88,28,0,Timed_out,184,nan
3/29/2023 11:57:21,1.14.0,Free_feed,11,4.16,nan,1,RightWithPellet,Left,35,89,28,0,nan,nan,0.02
3/29/2023 11:57:26,1.14.0,Free_feed,11,4.15,nan,1,RightWithPellet,Left,35,90,28,0,nan,nan,1.43
3/29/2023 11:57:28,1.14.0,Free_feed,11,4.14,nan,1,RightWithPellet,Left,35,91,28,0,nan,nan,0.18
3/29/2023 11:57:28,1.14.0,Free_feed,11,4.15,nan,1,RightWithPellet,Left,35,92,28,0,nan,nan,0.14
3/29/2023 11:57:30,1.14.0,Free_feed,11,4.14,nan,1,RightWithPellet,Left,35,93,28,0,nan,nan,0.07
3/29/2023 11:57:33,1.14.0,Free_feed,11,4.15,nan,1,RightWithPellet,Left,35,94,28,0,nan,nan,0.43
3/29/2023 11:57:35,1.14.0,Free_feed,11,4.15,nan,1,RightWithPellet,Left,35,95,28,0,nan,nan,0.06
3/29/2023 11:57:36,1.14.0,Free_feed,11,4.15,nan,1,RightWithPellet,Left,35,96,28,0,nan,nan,0.16
3/29/2023 12:06:08,1.14.0,Free_feed,11,4.14,nan,1,LeftWithPellet,Left,36,96,28,0,nan,nan,0.12
3/29/2023 12:06:10,1.14.0,Free_feed,11,4.15,nan,1,LeftWithPellet,Left,37,96,28,0,nan,nan,0.17
3/29/2023 12:06:11,1.14.0,Free_feed,11,4.15,nan,1,LeftWithPellet,Left,38,96,28,0,nan,nan,0.09
3/29/2023 12:06:11,1.14.0,Free_feed,11,4.14,nan,1,LeftWithPellet,Left,39,96,28,0,nan,nan,0.03
3/29/2023 12:06:18,1.14.0,Free_feed,11,4.15,nan,1,LeftWithPellet,Left,40,96,28,0,nan,nan,0.19
3/29/2023 12:06:20,1.14.0,Free_feed,11,4.15,nan,1,LeftWithPellet,Left,41,96,28,0,nan,nan,0.01
3/29/2023 12:06:22,1.14.0,Free_feed,11,4.15,nan,1,LeftWithPellet,Left,42,96,28,0,nan,nan,0.23
3/29/2023 12:06:28,1.14.0,Free_feed,11,4.14,nan,1,LeftWithPellet,Left,43,96,28,0,nan,nan,1.12
3/29/2023 12:06:29,1.14.0,Free_feed,11,4.15,nan,1,LeftWithPellet,Left,44,96,28,0,nan,nan,0.16
3/29/2023 12:06:31,1.14.0,Free_feed,11,4.14,nan,1,LeftWithPellet,Left,45,96,28,0,nan,nan,0.68
3/29/2023 12:06:32,1.14.0,Free_feed,11,4.15,nan,1,LeftWithPellet,Left,46,96,28,0,nan,nan,0.01
3/29/2023 12:06:39,1.14.0,Free_feed,11,4.15,nan,1,LeftWithPellet,Left,47,96,28,0,nan,nan,0.28
3/29/2023 12:06:40,1.14.0,Free_feed,11,4.15,nan,1,LeftWithPellet,Left,48,96,28,0,nan,nan,0.16
3/29/2023 12:06:42,1.14.0,Free_feed,11,4.15,nan,1,LeftWithPellet,Left,49,96,28,0,nan,nan,0.00
3/29/2023 12:07:10,1.14.0,Free_feed,11,4.14,nan,1,LeftWithPellet,Left,50,96,28,0,nan,nan,0.01
3/29/2023 12:07:40,1.14.0,Free_feed,11,4.14,nan,1,RightWithPellet,Left,50,97,28,0,nan,nan,0.75
3/29/2023 12:07:41,1.14.0,Free_feed,11,4.15,nan,1,RightWithPellet,Left,50,98,28,0,nan,nan,0.03
3/29/2023 12:08:09,1.14.0,Free_feed,11,4.15,nan,1,RightWithPellet,Left,50,99,28,0,nan,nan,0.02
3/29/2023 12:09:26,1.14.0,Free_feed,11,4.15,nan,1,RightWithPellet,Left,50,100,28,0,nan,nan,0.04
3/29/2023 12:09:29,1.14.0,Free_feed,11,4.15,1,1,Pellet,Left,50,100,29,0,Timed_out,987,nan
3/29/2023 12:09:44,1.14.0,Free_feed,11,4.15,nan,1,LeftWithPellet,Left,51,100,29,0,nan,nan,0.14
3/29/2023 12:09:48,1.14.0,Free_feed,11,4.15,1,1,Pellet,Left,51,100,30,0,12.03,19,nan
3/29/2023 12:10:29,1.14.0,Free_feed,11,4.15,nan,1,RightWithPellet,Left,51,101,30,0,nan,nan,0.38
3/29/2023 12:21:22,1.14.0,Free_feed,11,4.14,nan,1,RightWithPellet,Left,51,102,30,0,nan,nan,0.19
3/29/2023 12:21:26,1.14.0,Free_feed,11,4.15,1,1,Pellet,Left,51,102,31,0,Timed_out,698,nan
3/29/2023 12:21:46,1.14.0,Free_feed,11,4.15,nan,1,RightWithPellet,Left,51,103,31,0,nan,nan,0.05
3/29/2023 12:21:48,1.14.0,Free_feed,11,4.14,nan,1,RightWithPellet,Left,51,104,31,0,nan,nan,0.82
3/29/2023 12:21:48,1.14.0,Free_feed,11,4.14,nan,1,RightWithPellet,Left,51,105,31,0,nan,nan,0.01
3/29/2023 12:22:01,1.14.0,Free_feed,11,4.15,nan,1,RightWithPellet,Left,51,106,31,0,nan,nan,0.05
3/29/2023 12:24:11,1.14.0,Free_feed,11,4.15,1,1,Pellet,Left,51,106,32,0,Timed_out,165,nan
3/29/2023 12:24:23,1.14.0,Free_feed,11,4.15,nan,1,LeftWithPellet,Left,52,106,32,0,nan,nan,0.13
3/29/2023 12:24:31,1.14.0,Free_feed,11,4.15,nan,1,LeftWithPellet,Left,53,106,32,0,nan,nan,0.03
3/29/2023 12:24:32,1.14.0,Free_feed,11,4.15,nan,1,LeftWithPellet,Left,54,106,32,0,nan,nan,0.16
3/29/2023 12:25:35,1.14.0,Free_feed,11,4.15,2,1,Pellet,Left,54,106,33,0,Timed_out,84,nan
3/29/2023 12:31:02,1.14.0,Free_feed,11,4.15,1,1,Pellet,Left,54,106,34,0,Timed_out,327,nan
3/29/2023 12:31:05,1.14.0,Free_feed,11,4.15,1,1,Pellet,Left,54,106,35,0,0.73,3,nan
3/29/2023 12:31:27,1.14.0,Free_feed,11,4.15,nan,1,RightWithPellet,Left,54,107,35,0,nan,nan,0.05
3/29/2023 12:31:27,1.14.0,Free_feed,11,4.15,nan,1,RightWithPellet,Left,54,108,35,0,nan,nan,0.19
3/29/2023 12:31:28,1.14.0,Free_feed,11,4.14,nan,1,RightWithPellet,Left,54,109,35,0,nan,nan,0.13
3/29/2023 12:34:41,1.14.0,Free_feed,11,4.15,nan,1,LeftWithPellet,Left,55,109,35,0,nan,nan,0.02
3/29/2023 12:36:34,1.14.0,Free_feed,11,4.14,1,1,Pellet,Left,55,109,36,0,Timed_out,329,nan
3/29/2023 12:36:41,1.14.0,Free_feed,11,4.14,1,1,Pellet,Left,55,109,37,0,6.13,7,nan
3/29/2023 12:36:58,1.14.0,Free_feed,11,4.15,2,1,Pellet,Left,55,109,38,0,9.62,17,nan
3/29/2023 12:38:59,1.14.0,Free_feed,11,4.15,nan,1,LeftWithPellet,Left,56,109,38,0,nan,nan,0.15
3/29/2023 12:39:09,1.14.0,Free_feed,11,4.15,nan,1,RightWithPellet,Left,56,110,38,0,nan,nan,0.09
3/29/2023 12:39:32,1.14.0,Free_feed,11,4.15,nan,1,LeftWithPellet,Left,57,110,38,0,nan,nan,0.00
3/29/2023 12:39:35,1.14.0,Free_feed,11,4.14,nan,1,LeftWithPellet,Left,58,110,38,0,nan,nan,0.17
3/29/2023 12:39:36,1.14.0,Free_feed,11,4.14,nan,1,LeftWithPellet,Left,59,110,38,0,nan,nan,0.25
3/29/2023 12:39:38,1.14.0,Free_feed,11,4.14,nan,1,LeftWithPellet,Left,60,110,38,0,nan,nan,0.20
3/29/2023 12:39:38,1.14.0,Free_feed,11,4.15,nan,1,LeftWithPellet,Left,61,110,38,0,nan,nan,0.22
3/29/2023 12:39:39,1.14.0,Free_feed,11,4.14,nan,1,LeftWithPellet,Left,62,110,38,0,nan,nan,0.25
3/29/2023 12:39:41,1.14.0,Free_feed,11,4.15,nan,1,LeftWithPellet,Left,63,110,38,0,nan,nan,0.02
3/29/2023 12:44:02,1.14.0,Free_feed,11,4.15,nan,1,LeftWithPellet,Left,64,110,38,0,nan,nan,0.29
3/29/2023 12:46:56,1.14.0,Free_feed,11,4.15,nan,1,RightWithPellet,Left,64,111,38,0,nan,nan,0.04
3/29/2023 12:48:55,1.14.0,Free_feed,11,4.15,1,1,Pellet,Left,64,111,39,0,Timed_out,717,nan
3/29/2023 12:48:56,1.14.0,Free_feed,11,4.14,1,1,Pellet,Left,64,111,40,0,0.06,1,nan
3/29/2023 12:51:48,1.14.0,Free_feed,11,4.15,nan,1,LeftWithPellet,Left,65,111,40,0,nan,nan,0.03
3/29/2023 12:51:54,1.14.0,Free_feed,11,4.15,nan,1,LeftWithPellet,Left,66,111,40,0,nan,nan,0.28
3/29/2023 12:52:14,1.14.0,Free_feed,11,4.14,nan,1,RightWithPellet,Left,66,112,40,0,nan,nan,0.18
3/29/2023 12:54:35,1.14.0,Free_feed,11,4.15,nan,1,LeftWithPellet,Left,67,112,40,0,nan,nan,0.11
3/29/2023 12:57:39,1.14.0,Free_feed,11,4.14,nan,1,RightWithPellet,Left,67,113,40,0,nan,nan,0.23
3/29/2023 12:58:03,1.14.0,Free_feed,11,4.14,1,1,Pellet,Left,67,113,41,0,Timed_out,547,nan
3/29/2023 13:05:44,1.14.0,Free_feed,11,4.14,nan,1,RightWithPellet,Left,67,114,41,0,nan,nan,0.22
3/29/2023 13:11:58,1.14.0,Free_feed,11,4.14,2,1,Pellet,Left,67,114,42,0,Timed_out,835,nan
3/29/2023 13:13:26,1.14.0,Free_feed,11,4.14,nan,1,RightWithPellet,Left,67,115,42,0,nan,nan,0.13
3/29/2023 13:13:27,1.14.0,Free_feed,11,4.14,nan,1,RightWithPellet,Left,67,116,42,0,nan,nan,0.46
3/29/2023 13:14:22,1.14.0,Free_feed,11,4.14,nan,1,RightWithPellet,Left,67,117,42,0,nan,nan,0.09
3/29/2023 13:14:30,1.14.0,Free_feed,11,4.15,nan,1,LeftWithPellet,Left,68,117,42,0,nan,nan,0.10
3/29/2023 13:14:32,1.14.0,Free_feed,11,4.15,nan,1,LeftWithPellet,Left,69,117,42,0,nan,nan,0.05
3/29/2023 13:15:21,1.14.0,Free_feed,11,4.14,nan,1,RightWithPellet,Left,69,118,42,0,nan,nan,0.09
3/29/2023 13:16:24,1.14.0,Free_feed,11,4.15,nan,1,LeftWithPellet,Left,70,118,42,0,nan,nan,0.06
3/29/2023 13:17:10,1.14.0,Free_feed,11,4.14,1,1,Pellet,Left,70,118,43,0,Timed_out,312,nan
3/29/2023 13:17:32,1.14.0,Free_feed,11,4.14,1,1,Pellet,Left,70,118,44,0,14.83,21,nan
3/29/2023 13:17:34,1.14.0,Free_feed,11,4.14,1,1,Pellet,Left,70,118,45,0,0.06,3,nan
3/29/2023 13:17:52,1.14.0,Free_feed,11,4.14,1,1,Pellet,Left,70,118,46,0,11.52,18,nan
3/29/2023 13:18:34,1.14.0,Free_feed,11,4.14,1,1,Pellet,Left,70,118,47,0,34.71,42,nan
3/29/2023 13:18:36,1.14.0,Free_feed,11,4.14,1,1,Pellet,Left,70,118,48,0,0.06,2,nan
3/29/2023 13:22:25,1.14.0,Free_feed,11,4.14,1,1,Pellet,Left,70,118,49,0,Timed_out,229,nan
3/29/2023 13:56:26,1.14.0,Free_feed,11,4.14,2,1,Pellet,Left,70,118,50,0,Timed_out,2041,nan
3/29/2023 13:56:27,1.14.0,Free_feed,11,4.14,1,1,Pellet,Left,70,118,51,0,0.06,1,nan
3/29/2023 13:57:01,1.14.0,Free_feed,11,4.14,2,1,Pellet,Left,70,118,52,0,26.66,34,nan
3/29/2023 14:21:39,1.14.0,Free_feed,11,4.14,1,1,Pellet,Left,70,118,53,0,Timed_out,1478,nan
3/29/2023 14:22:23,1.14.0,Free_feed,11,4.14,1,1,Pellet,Left,70,118,54,0,41.74,44,nan
3/29/2023 14:22:49,1.14.0,Free_feed,11,4.14,2,1,Pellet,Left,70,118,55,0,19.08,26,nan
3/29/2023 14:23:10,1.14.0,Free_feed,11,4.14,1,1,Pellet,Left,70,118,56,0,13.00,21,nan
3/29/2023 14:23:38,1.14.0,Free_feed,11,4.14,nan,1,RightWithPellet,Left,70,119,56,0,nan,nan,0.07
3/29/2023 14:25:06,1.14.0,Free_feed,11,4.14,1,1,Pellet,Left,70,119,57,0,Timed_out,116,nan
3/29/2023 14:25:32,1.14.0,Free_feed,11,4.14,1,1,Pellet,Left,70,119,58,0,17.85,26,nan
3/29/2023 14:25:45,1.14.0,Free_feed,11,4.14,1,1,Pellet,Left,70,119,59,0,6.31,13,nan
3/29/2023 14:25:46,1.14.0,Free_feed,11,4.14,1,1,Pellet,Left,70,119,60,0,0.06,1,nan
3/29/2023 14:25:48,1.14.0,Free_feed,11,4.14,1,1,Pellet,Left,70,119,61,0,0.18,2,nan
3/29/2023 14:26:13,1.14.0,Free_feed,11,4.14,1,1,Pellet,Left,70,119,62,0,18.28,25,nan
3/29/2023 14:26:18,1.14.0,Free_feed,11,4.14,1,1,Pellet,Left,70,119,63,0,0.06,5,nan
3/29/2023 14:26:24,1.14.0,Free_feed,11,4.14,1,1,Pellet,Left,70,119,64,0,0.06,5,nan
3/29/2023 14:35:07,1.14.0,Free_feed,11,4.14,nan,1,LeftWithPellet,Left,71,119,64,0,nan,nan,0.10
3/29/2023 14:35:58,1.14.0,Free_feed,11,4.14,nan,1,RightWithPellet,Left,71,120,64,0,nan,nan,0.04
3/29/2023 14:36:22,1.14.0,Free_feed,11,4.14,1,1,Pellet,Left,71,120,65,0,Timed_out,599,nan
3/29/2023 14:36:41,1.14.0,Free_feed,11,4.14,1,1,Pellet,Left,71,120,66,0,11.95,19,nan
3/29/2023 14:37:01,1.14.0,Free_feed,11,4.14,1,1,Pellet,Left,71,120,67,0,12.57,20,nan
3/29/2023 14:37:21,1.14.0,Free_feed,11,4.14,1,1,Pellet,Left,71,120,68,0,12.75,20,nan
3/29/2023 14:37:22,1.14.0,Free_feed,11,4.14,1,1,Pellet,Left,71,120,69,0,0.06,1,nan
3/29/2023 14:37:51,1.14.0,Free_feed,11,4.14,nan,1,LeftWithPellet,Left,72,120,69,0,nan,nan,0.17
3/29/2023 14:37:51,1.14.0,Free_feed,11,4.14,nan,1,LeftWithPellet,Left,73,120,69,0,nan,nan,0.05
3/29/2023 14:37:52,1.14.0,Free_feed,11,4.14,nan,1,LeftWithPellet,Left,74,120,69,0,nan,nan,0.32
3/29/2023 14:37:53,1.14.0,Free_feed,11,4.14,nan,1,LeftWithPellet,Left,75,120,69,0,nan,nan,0.06
3/29/2023 14:37:56,1.14.0,Free_feed,11,4.14,1,1,Pellet,Left,75,120,70,0,31.43,34,nan
3/29/2023 14:40:14,1.14.0,Free_feed,11,4.14,1,1,Pellet,Left,75,120,71,0,Timed_out,138,nan
3/29/2023 15:50:45,1.14.0,Free_feed,11,4.14,2,1,Pellet,Left,75,120,72,0,Timed_out,4231,nan
3/29/2023 15:51:03,1.14.0,Free_feed,11,4.14,1,1,Pellet,Left,75,120,73,0,10.79,18,nan
3/29/2023 15:51:07,1.14.0,Free_feed,11,4.14,1,1,Pellet,Left,75,120,74,0,0.97,4,nan
3/29/2023 15:51:16,1.14.0,Free_feed,11,4.14,1,1,Pellet,Left,75,120,75,0,2.44,9,nan
3/29/2023 15:51:48,1.14.0,Free_feed,11,4.14,1,1,Pellet,Left,75,120,76,0,30.05,32,nan
3/29/2023 15:52:01,1.14.0,Free_feed,11,4.14,1,1,Pellet,Left,75,120,77,0,8.33,13,nan
3/29/2023 15:52:22,1.14.0,Free_feed,11,4.13,1,1,Pellet,Left,75,120,78,0,13.55,21,nan
3/29/2023 15:55:02,1.14.0,Free_feed,11,4.14,nan,1,RightWithPellet,Left,75,121,78,0,nan,nan,0.24
3/29/2023 15:55:03,1.14.0,Free_feed,11,4.14,nan,1,RightWithPellet,Left,75,122,78,0,nan,nan,0.37
3/29/2023 15:55:09,1.14.0,Free_feed,11,4.14,nan,1,RightWithPellet,Left,75,123,78,0,nan,nan,0.14
3/29/2023 15:55:10,1.14.0,Free_feed,11,4.14,nan,1,RightWithPellet,Left,75,124,78,0,nan,nan,0.09
3/29/2023 15:55:25,1.14.0,Free_feed,11,4.14,nan,1,RightWithPellet,Left,75,125,78,0,nan,nan,0.47
3/29/2023 15:56:02,1.14.0,Free_feed,11,4.14,1,1,Pellet,Left,75,125,79,0,Timed_out,220,nan
3/29/2023 15:56:28,1.14.0,Free_feed,11,4.14,1,1,Pellet,Left,75,125,80,0,19.15,26,nan
3/29/2023 15:56:31,1.14.0,Free_feed,11,4.14,1,1,Pellet,Left,75,125,81,0,0.06,3,nan
3/29/2023 15:57:27,1.14.0,Free_feed,11,4.14,1,1,Pellet,Left,75,125,82,0,50.00,56,nan
3/29/2023 15:59:39,1.14.0,Free_feed,11,4.14,1,1,Pellet,Left,75,125,83,0,Timed_out,132,nan
3/29/2023 15:59:40,1.14.0,Free_feed,11,4.14,1,1,Pellet,Left,75,125,84,0,0.61,1,nan
3/29/2023 16:01:07,1.14.0,Free_feed,11,4.14,nan,1,RightWithPellet,Left,75,126,84,0,nan,nan,0.01
3/29/2023 16:03:39,1.14.0,Free_feed,11,4.14,1,1,Pellet,Left,75,126,85,0,Timed_out,239,nan
3/29/2023 16:47:38,1.14.0,Free_feed,11,4.13,1,1,Pellet,Left,75,126,86,0,Timed_out,2639,nan
3/29/2023 17:04:19,1.14.0,Free_feed,11,4.14,1,1,Pellet,Left,75,126,87,0,Timed_out,1001,nan
3/29/2023 17:04:20,1.14.0,Free_feed,11,4.13,1,1,Pellet,Left,75,126,88,0,0.12,1,nan
3/29/2023 17:05:00,1.14.0,Free_feed,11,4.14,2,1,Pellet,Left,75,126,89,0,37.19,39,nan
3/29/2023 17:05:43,1.14.0,Free_feed,11,4.14,1,1,Pellet,Left,75,126,90,0,40.52,44,nan
3/29/2023 17:05:45,1.14.0,Free_feed,11,4.13,1,1,Pellet,Left,75,126,91,0,0.12,2,nan
3/29/2023 17:06:09,1.14.0,Free_feed,11,4.14,2,1,Pellet,Left,75,126,92,0,20.74,24,nan
3/29/2023 17:06:37,1.14.0,Free_feed,11,4.13,1,1,Pellet,Left,75,126,93,0,26.66,28,nan
3/29/2023 17:06:39,1.14.0,Free_feed,11,4.13,1,1,Pellet,Left,75,126,94,0,0.60,2,nan
3/29/2023 17:06:41,1.14.0,Free_feed,11,4.13,1,1,Pellet,Left,75,126,95,0,0.18,2,nan
3/29/2023 17:06:59,1.14.0,Free_feed,11,4.13,1,1,Pellet,Left,75,126,96,0,11.09,18,nan
3/29/2023 17:07:00,1.14.0,Free_feed,11,4.13,1,1,Pellet,Left,75,126,97,0,0.06,1,nan
3/29/2023 17:07:19,1.14.0,Free_feed,11,4.14,1,1,Pellet,Left,75,126,98,0,11.52,19,nan
3/29/2023 17:07:39,1.14.0,Free_feed,11,4.14,nan,1,RightWithPellet,Left,75,127,98,0,nan,nan,0.28
3/29/2023 17:07:40,1.14.0,Free_feed,11,4.13,nan,1,RightWithPellet,Left,75,128,98,0,nan,nan,0.18
3/29/2023 17:07:41,1.14.0,Free_feed,11,4.13,nan,1,RightWithPellet,Left,75,129,98,0,nan,nan,0.26
3/29/2023 17:08:56,1.14.0,Free_feed,11,4.13,1,1,Pellet,Left,75,129,99,0,Timed_out,97,nan
3/29/2023 17:09:19,1.14.0,Free_feed,11,4.14,1,1,Pellet,Left,75,129,100,0,16.56,23,nan
3/29/2023 17:09:54,1.14.0,Free_feed,11,4.14,1,1,Pellet,Left,75,129,101,0,27.45,35,nan
3/29/2023 17:10:17,1.14.0,Free_feed,11,4.12,1,1,Pellet,Left,75,129,102,0,15.94,23,nan
3/29/2023 17:10:41,1.14.0,Free_feed,11,4.13,1,1,Pellet,Left,75,129,103,0,16.37,24,nan
3/29/2023 17:11:03,1.14.0,Free_feed,11,4.13,1,1,Pellet,Left,75,129,104,0,14.83,22,nan
3/29/2023 17:11:27,1.14.0,Free_feed,11,4.13,1,1,Pellet,Left,75,129,105,0,20.85,24,nan
3/29/2023 17:11:46,1.14.0,Free_feed,11,4.13,1,1,Pellet,Left,75,129,106,0,11.33,19,nan
3/29/2023 17:11:51,1.14.0,Free_feed,11,4.14,nan,1,RightWithPellet,Left,75,130,106,0,nan,nan,0.99
3/29/2023 17:11:52,1.14.0,Free_feed,11,4.13,nan,1,RightWithPellet,Left,75,131,106,0,nan,nan,0.05
3/29/2023 17:13:32,1.14.0,Free_feed,11,4.13,1,1,Pellet,Left,75,131,107,0,Timed_out,106,nan
3/29/2023 17:13:54,1.14.0,Free_feed,11,4.13,1,1,Pellet,Left,75,131,108,0,14.47,22,nan
3/29/2023 18:14:27,1.14.0,Free_feed,11,4.13,1,1,Pellet,Left,75,131,109,0,Timed_out,3633,nan
3/29/2023 18:14:48,1.14.0,Free_feed,11,4.13,1,1,Pellet,Left,75,131,110,0,13.42,21,nan
3/29/2023 18:15:20,1.14.0,Free_feed,11,4.12,1,1,Pellet,Left,75,131,111,0,24.49,32,nan
3/29/2023 18:21:24,1.14.0,Free_feed,11,4.13,1,1,Pellet,Left,75,131,112,0,Timed_out,364,nan
3/29/2023 18:21:45,1.14.0,Free_feed,11,4.13,1,1,Pellet,Left,75,131,113,0,14.59,21,nan
3/29/2023 18:22:11,1.14.0,Free_feed,11,4.12,1,1,Pellet,Left,75,131,114,0,18.22,26,nan
3/29/2023 18:22:42,1.14.0,Free_feed,11,4.13,1,1,Pellet,Left,75,131,115,0,24.56,31,nan
3/29/2023 18:23:10,1.14.0,Free_feed,11,4.13,2,1,Pellet,Left,75,131,116,0,20.13,28,nan
3/29/2023 19:04:05,1.14.0,Free_feed,11,4.12,1,1,Pellet,Left,75,131,117,0,Timed_out,2455,nan
3/29/2023 19:04:37,1.14.0,Free_feed,11,4.13,1,1,Pellet,Left,75,131,118,0,24.92,32,nan
3/29/2023 19:04:56,1.14.0,Free_feed,11,4.12,1,1,Pellet,Left,75,131,119,0,12.32,19,nan
3/29/2023 19:05:21,1.14.0,Free_feed,11,4.13,1,1,Pellet,Left,75,131,120,0,17.48,25,nan
3/29/2023 19:05:43,1.14.0,Free_feed,11,4.13,1,1,Pellet,Left,75,131,121,0,13.86,22,nan
3/29/2023 19:05:45,1.14.0,Free_feed,11,4.13,1,1,Pellet,Left,75,131,122,0,1.03,2,nan
3/29/2023 19:06:23,1.14.0,Free_feed,11,4.12,1,1,Pellet,Left,75,131,123,0,30.79,38,nan
3/29/2023 19:06:24,1.14.0,Free_feed,11,4.13,1,1,Pellet,Left,75,131,124,0,0.06,1,nan
3/29/2023 19:06:26,1.14.0,Free_feed,11,4.13,1,1,Pellet,Left,75,131,125,0,0.06,1,nan
3/29/2023 19:06:45,1.14.0,Free_feed,11,4.13,1,1,Pellet,Left,75,131,126,0,12.51,20,nan
3/29/2023 19:06:47,1.14.0,Free_feed,11,4.13,1,1,Pellet,Left,75,131,127,0,0.06,2,nan
3/29/2023 19:06:53,1.14.0,Free_feed,11,4.12,1,1,Pellet,Left,75,131,128,0,0.06,6,nan
3/29/2023 19:10:15,1.14.0,Free_feed,11,4.12,1,1,Pellet,Left,75,131,129,0,Timed_out,202,nan
3/29/2023 19:10:31,1.14.0,Free_feed,11,4.12,2,1,Pellet,Left,75,131,130,0,8.02,16,nan
3/29/2023 19:10:33,1.14.0,Free_feed,11,4.13,1,1,Pellet,Left,75,131,131,0,0.06,1,nan
3/29/2023 19:10:54,1.14.0,Free_feed,11,4.12,1,1,Pellet,Left,75,131,132,0,13.97,22,nan
3/29/2023 19:11:12,1.14.0,Free_feed,11,4.13,1,1,Pellet,Left,75,131,133,0,11.33,18,nan
3/29/2023 19:23:24,1.14.0,Free_feed,11,4.12,nan,1,LeftWithPellet,Left,76,131,133,0,nan,nan,0.13
3/29/2023 19:23:25,1.14.0,Free_feed,11,4.13,nan,1,LeftWithPellet,Left,77,131,133,0,nan,nan,0.18
3/29/2023 19:23:26,1.14.0,Free_feed,11,4.13,nan,1,LeftWithPellet,Left,78,131,133,0,nan,nan,0.13
3/29/2023 19:23:29,1.14.0,Free_feed,11,4.12,nan,1,LeftWithPellet,Left,79,131,133,0,nan,nan,0.19
3/29/2023 19:23:30,1.14.0,Free_feed,11,4.12,nan,1,LeftWithPellet,Left,80,131,133,0,nan,nan,0.09
3/29/2023 19:23:32,1.14.0,Free_feed,11,4.13,nan,1,LeftWithPellet,Left,81,131,133,0,nan,nan,0.11
3/29/2023 19:23:33,1.14.0,Free_feed,11,4.13,nan,1,LeftWithPellet,Left,82,131,133,0,nan,nan,0.05
3/29/2023 19:23:36,1.14.0,Free_feed,11,4.12,nan,1,LeftWithPellet,Left,83,131,133,0,nan,nan,0.03
3/29/2023 19:23:38,1.14.0,Free_feed,11,4.13,nan,1,LeftWithPellet,Left,84,131,133,0,nan,nan,0.03
3/29/2023 19:23:53,1.14.0,Free_feed,11,4.13,nan,1,LeftWithPellet,Left,85,131,133,0,nan,nan,0.06
3/29/2023 19:23:57,1.14.0,Free_feed,11,4.12,nan,1,LeftWithPellet,Left,86,131,133,0,nan,nan,0.06
3/29/2023 19:23:58,1.14.0,Free_feed,11,4.12,nan,1,LeftWithPellet,Left,87,131,133,0,nan,nan,0.84
3/29/2023 19:24:02,1.14.0,Free_feed,11,4.13,1,1,Pellet,Left,87,131,134,0,Timed_out,770,nan
3/29/2023 19:24:06,1.14.0,Free_feed,11,4.12,nan,1,LeftWithPellet,Left,88,131,134,0,nan,nan,0.10
3/29/2023 19:24:06,1.14.0,Free_feed,11,4.13,nan,1,LeftWithPellet,Left,89,131,134,0,nan,nan,0.08
3/29/2023 19:24:07,1.14.0,Free_feed,11,4.12,nan,1,LeftWithPellet,Left,90,131,134,0,nan,nan,0.35
3/29/2023 19:24:11,1.14.0,Free_feed,11,4.12,nan,1,LeftWithPellet,Left,91,131,134,0,nan,nan,0.93
3/29/2023 19:24:13,1.14.0,Free_feed,11,4.12,nan,1,LeftWithPellet,Left,92,131,134,0,nan,nan,0.88
3/29/2023 19:24:16,1.14.0,Free_feed,11,4.13,1,1,Pellet,Left,92,131,135,0,10.17,13,nan
3/29/2023 19:24:23,1.14.0,Free_feed,11,4.13,nan,1,RightWithPellet,Left,92,132,135,0,nan,nan,0.03
3/29/2023 19:24:26,1.14.0,Free_feed,11,4.12,nan,1,RightWithPellet,Left,92,133,135,0,nan,nan,0.17
3/29/2023 19:24:27,1.14.0,Free_feed,11,4.12,nan,1,RightWithPellet,Left,92,134,135,0,nan,nan,0.58
3/29/2023 19:24:31,1.14.0,Free_feed,11,4.13,1,1,Pellet,Left,92,134,136,0,7.89,16,nan
3/29/2023 19:24:46,1.14.0,Free_feed,11,4.12,1,1,Pellet,Left,92,134,137,0,8.21,15,nan
3/29/2023 19:40:58,1.14.0,Free_feed,11,4.13,1,1,Pellet,Left,92,134,138,0,Timed_out,972,nan
3/29/2023 19:41:22,1.14.0,Free_feed,11,4.12,1,1,Pellet,Left,92,134,139,0,17.05,24,nan
3/29/2023 19:55:47,1.14.0,Free_feed,11,4.12,1,1,Pellet,Left,92,134,140,0,Timed_out,865,nan
3/29/2023 19:56:08,1.14.0,Free_feed,11,4.12,1,1,Pellet,Left,92,134,141,0,13.92,21,nan
3/29/2023 20:03:35,1.14.0,Free_feed,11,4.13,nan,1,LeftWithPellet,Left,93,134,141,0,nan,nan,0.02
3/29/2023 20:03:43,1.14.0,Free_feed,11,4.13,nan,1,RightWithPellet,Left,93,135,141,0,nan,nan,0.00
3/29/2023 20:03:44,1.14.0,Free_feed,11,4.12,nan,1,RightWithPellet,Left,93,136,141,0,nan,nan,0.11
3/29/2023 20:03:46,1.14.0,Free_feed,11,4.13,1,1,Pellet,Left,93,136,142,0,Timed_out,458,nan
3/29/2023 20:03:48,1.14.0,Free_feed,11,4.13,1,1,Pellet,Left,93,136,143,0,0.18,2,nan
3/29/2023 20:10:33,1.14.0,Free_feed,11,4.12,1,1,Pellet,Left,93,136,144,0,Timed_out,405,nan
3/29/2023 20:10:48,1.14.0,Free_feed,11,4.12,1,1,Pellet,Left,93,136,145,0,7.71,15,nan
3/29/2023 20:11:07,1.14.0,Free_feed,11,4.12,1,1,Pellet,Left,93,136,146,0,11.34,19,nan
3/29/2023 20:11:29,1.14.0,Free_feed,11,4.13,1,1,Pellet,Left,93,136,147,0,14.71,22,nan
3/29/2023 20:11:52,1.14.0,Free_feed,11,4.12,1,1,Pellet,Left,93,136,148,0,15.39,23,nan
3/29/2023 20:12:03,1.14.0,Free_feed,11,4.12,1,1,Pellet,Left,93,136,149,0,8.88,11,nan
3/29/2023 20:12:23,1.14.0,Free_feed,11,4.12,nan,1,RightWithPellet,Left,93,137,149,0,nan,nan,0.03
3/29/2023 20:12:25,1.14.0,Free_feed,11,4.12,nan,1,RightWithPellet,Left,93,138,149,0,nan,nan,1.06
3/29/2023 20:26:04,1.14.0,Free_feed,11,4.12,nan,1,RightWithPellet,Left,93,139,149,0,nan,nan,0.51
3/29/2023 20:26:06,1.14.0,Free_feed,11,4.12,nan,1,RightWithPellet,Left,93,140,149,0,nan,nan,0.48
3/29/2023 20:26:15,1.14.0,Free_feed,11,4.12,nan,1,RightWithPellet,Left,93,141,149,0,nan,nan,0.04
3/29/2023 20:26:17,1.14.0,Free_feed,11,4.12,nan,1,RightWithPellet,Left,93,142,149,0,nan,nan,0.43
3/29/2023 20:26:18,1.14.0,Free_feed,11,4.12,nan,1,RightWithPellet,Left,93,143,149,0,nan,nan,0.07
3/29/2023 20:26:20,1.14.0,Free_feed,11,4.12,nan,1,RightWithPellet,Left,93,144,149,0,nan,nan,0.09
3/29/2023 20:26:22,1.14.0,Free_feed,11,4.12,nan,1,RightWithPellet,Left,93,145,149,0,nan,nan,0.75
3/29/2023 20:26:23,1.14.0,Free_feed,11,4.12,nan,1,RightWithPellet,Left,93,146,149,0,nan,nan,0.40
3/29/2023 20:26:25,1.14.0,Free_feed,11,4.12,nan,1,RightWithPellet,Left,93,147,149,0,nan,nan,0.46
3/29/2023 20:26:26,1.14.0,Free_feed,11,4.12,nan,1,RightWithPellet,Left,93,148,149,0,nan,nan,0.33
3/29/2023 20:26:28,1.14.0,Free_feed,11,4.12,nan,1,RightWithPellet,Left,93,149,149,0,nan,nan,0.28
3/29/2023 20:26:30,1.14.0,Free_feed,11,4.12,nan,1,RightWithPellet,Left,93,150,149,0,nan,nan,0.18
3/29/2023 20:26:31,1.14.0,Free_feed,11,4.13,nan,1,RightWithPellet,Left,93,151,149,0,nan,nan,0.13
3/29/2023 20:26:32,1.14.0,Free_feed,11,4.12,nan,1,RightWithPellet,Left,93,152,149,0,nan,nan,0.03
3/29/2023 20:26:34,1.14.0,Free_feed,11,4.12,nan,1,RightWithPellet,Left,93,153,149,0,nan,nan,0.68
3/29/2023 20:26:36,1.14.0,Free_feed,11,4.12,nan,1,RightWithPellet,Left,93,154,149,0,nan,nan,0.45
3/29/2023 20:26:37,1.14.0,Free_feed,11,4.12,nan,1,RightWithPellet,Left,93,155,149,0,nan,nan,0.11
3/29/2023 20:26:38,1.14.0,Free_feed,11,4.12,nan,1,RightWithPellet,Left,93,156,149,0,nan,nan,0.19
3/29/2023 20:26:39,1.14.0,Free_feed,11,4.12,nan,1,RightWithPellet,Left,93,157,149,0,nan,nan,0.26
3/29/2023 20:26:41,1.14.0,Free_feed,11,4.12,nan,1,RightWithPellet,Left,93,158,149,0,nan,nan,0.86
3/29/2023 20:26:43,1.14.0,Free_feed,11,4.12,nan,1,RightWithPellet,Left,93,159,149,0,nan,nan,0.49
3/29/2023 20:26:45,1.14.0,Free_feed,11,4.12,nan,1,RightWithPellet,Left,93,160,149,0,nan,nan,0.32
3/29/2023 20:26:45,1.14.0,Free_feed,11,4.13,nan,1,RightWithPellet,Left,93,161,149,0,nan,nan,0.10
3/29/2023 20:26:46,1.14.0,Free_feed,11,4.12,nan,1,RightWithPellet,Left,93,162,149,0,nan,nan,0.03
3/29/2023 20:26:47,1.14.0,Free_feed,11,4.13,nan,1,RightWithPellet,Left,93,163,149,0,nan,nan,0.03
3/29/2023 20:26:51,1.14.0,Free_feed,11,4.12,nan,1,RightWithPellet,Left,93,164,149,0,nan,nan,0.71
3/29/2023 20:27:05,1.14.0,Free_feed,11,4.12,nan,1,RightWithPellet,Left,93,165,149,0,nan,nan,0.25
3/29/2023 20:29:23,1.14.0,Free_feed,11,4.12,nan,1,LeftWithPellet,Left,94,165,149,0,nan,nan,0.13
3/29/2023 20:35:10,1.14.0,Free_feed,11,4.12,1,1,Pellet,Left,94,165,150,0,Timed_out,1387,nan
3/29/2023 20:35:31,1.14.0,Free_feed,11,4.12,1,1,Pellet,Left,94,165,151,0,13.56,21,nan
3/29/2023 20:35:36,1.14.0,Free_feed,11,4.12,1,1,Pellet,Left,94,165,152,0,0.06,5,nan
3/29/2023 20:35:40,1.14.0,Free_feed,11,4.12,1,1,Pellet,Left,94,165,153,0,0.06,4,nan
3/29/2023 20:35:44,1.14.0,Free_feed,11,4.12,1,1,Pellet,Left,94,165,154,0,0.18,4,nan
3/29/2023 20:36:06,1.14.0,Free_feed,11,4.12,2,1,Pellet,Left,94,165,155,0,19.64,22,nan
3/29/2023 20:36:07,1.14.0,Free_feed,11,4.12,1,1,Pellet,Left,94,165,156,0,0.06,1,nan
3/29/2023 20:36:28,1.14.0,Free_feed,11,4.13,1,1,Pellet,Left,94,165,157,0,13.50,21,nan
3/29/2023 20:36:30,1.14.0,Free_feed,11,4.12,1,1,Pellet,Left,94,165,158,0,1.22,2,nan
3/29/2023 20:36:51,1.14.0,Free_feed,11,4.12,2,1,Pellet,Left,94,165,159,0,11.47,21,nan
3/29/2023 20:36:53,1.14.0,Free_feed,11,4.12,1,1,Pellet,Left,94,165,160,0,0.30,2,nan
3/29/2023 20:36:54,1.14.0,Free_feed,11,4.12,1,1,Pellet,Left,94,165,161,0,0.06,1,nan
3/29/2023 20:36:56,1.14.0,Free_feed,11,4.12,1,1,Pellet,Left,94,165,162,0,0.06,1,nan
3/29/2023 20:37:11,1.14.0,Free_feed,11,4.12,1,1,Pellet,Left,94,165,163,0,8.89,16,nan
3/29/2023 20:37:31,1.14.0,Free_feed,11,4.12,1,1,Pellet,Left,94,165,164,0,12.20,20,nan
3/29/2023 20:37:53,1.14.0,Free_feed,11,4.13,1,1,Pellet,Left,94,165,165,0,15.95,22,nan
3/29/2023 20:37:58,1.14.0,Free_feed,11,4.12,1,1,Pellet,Left,94,165,166,0,0.06,5,nan
3/29/2023 20:50:35,1.14.0,Free_feed,11,4.12,nan,1,LeftWithPellet,Left,95,165,166,0,nan,nan,0.17
3/29/2023 20:51:00,1.14.0,Free_feed,11,4.12,nan,1,RightWithPellet,Left,95,166,166,0,nan,nan,0.04
3/29/2023 20:51:01,1.14.0,Free_feed,11,4.12,nan,1,RightWithPellet,Left,95,167,166,0,nan,nan,0.07
3/29/2023 20:51:02,1.14.0,Free_feed,11,4.12,nan,1,RightWithPellet,Left,95,168,166,0,nan,nan,0.28
3/29/2023 20:51:08,1.14.0,Free_feed,11,4.12,nan,1,RightWithPellet,Left,95,169,166,0,nan,nan,0.59
3/29/2023 20:51:10,1.14.0,Free_feed,11,4.12,nan,1,RightWithPellet,Left,95,170,166,0,nan,nan,0.04
3/29/2023 20:53:28,1.14.0,Free_feed,11,4.12,nan,1,RightWithPellet,Left,95,171,166,0,nan,nan,0.03
3/29/2023 21:05:25,1.14.0,Free_feed,11,4.12,1,1,Pellet,Left,95,171,167,0,Timed_out,1647,nan
3/29/2023 21:05:43,1.14.0,Free_feed,11,4.12,1,1,Pellet,Left,95,171,168,0,10.91,18,nan
3/29/2023 21:05:58,1.14.0,Free_feed,11,4.12,1,1,Pellet,Left,95,171,169,0,7.96,15,nan
3/29/2023 21:06:16,1.14.0,Free_feed,11,4.12,1,1,Pellet,Left,95,171,170,0,10.73,18,nan
3/29/2023 21:06:41,1.14.0,Free_feed,11,4.12,1,1,Pellet,Left,95,171,171,0,17.73,25,nan
3/29/2023 21:38:22,1.14.0,Free_feed,11,4.12,1,1,Pellet,Left,95,171,172,0,Timed_out,1901,nan
3/29/2023 21:38:28,1.14.0,Free_feed,11,4.12,1,1,Pellet,Left,95,171,173,0,3.98,6,nan
3/29/2023 21:38:52,1.14.0,Free_feed,11,4.12,1,1,Pellet,Left,95,171,174,0,16.26,24,nan
3/29/2023 21:39:19,1.14.0,Free_feed,11,4.12,1,1,Pellet,Left,95,171,175,0,20.01,27,nan
3/29/2023 21:39:20,1.14.0,Free_feed,11,4.12,1,1,Pellet,Left,95,171,176,0,0.06,1,nan
3/29/2023 21:39:40,1.14.0,Free_feed,11,4.12,1,1,Pellet,Left,95,171,177,0,11.95,19,nan
3/29/2023 21:39:41,1.14.0,Free_feed,11,4.12,1,1,Pellet,Left,95,171,178,0,0.06,2,nan
3/29/2023 21:40:04,1.14.0,Free_feed,11,4.12,2,1,Pellet,Left,95,171,179,0,19.21,23,nan
3/29/2023 21:40:29,1.14.0,Free_feed,11,4.12,1,1,Pellet,Left,95,171,180,0,17.67,25,nan
3/29/2023 21:57:59,1.14.0,Free_feed,11,4.12,1,1,Pellet,Left,95,171,181,0,Timed_out,1050,nan
3/29/2023 21:58:06,1.14.0,Free_feed,11,4.12,1,1,Pellet,Left,95,171,182,0,5.57,7,nan
3/29/2023 22:16:33,1.14.0,Free_feed,11,4.12,1,1,Pellet,Left,95,171,183,0,Timed_out,1107,nan
3/29/2023 22:16:35,1.14.0,Free_feed,11,4.12,1,1,Pellet,Left,95,171,184,0,0.06,1,nan
3/29/2023 22:16:55,1.14.0,Free_feed,11,4.12,1,1,Pellet,Left,95,171,185,0,13.25,21,nan
3/29/2023 22:17:15,1.14.0,Free_feed,11,4.12,1,1,Pellet,Left,95,171,186,0,13.25,20,nan
3/29/2023 22:17:17,1.14.0,Free_feed,11,4.12,1,1,Pellet,Left,95,171,187,0,0.18,1,nan
3/29/2023 22:17:34,1.14.0,Free_feed,11,4.12,1,1,Pellet,Left,95,171,188,0,10.72,18,nan
3/29/2023 22:18:19,1.14.0,Free_feed,11,4.12,nan,1,RightWithPellet,Left,95,172,188,0,nan,nan,0.02
3/29/2023 22:18:20,1.14.0,Free_feed,11,4.11,nan,1,RightWithPellet,Left,95,173,188,0,nan,nan,0.10
3/29/2023 22:18:20,1.14.0,Free_feed,11,4.12,nan,1,RightWithPellet,Left,95,174,188,0,nan,nan,0.13
3/29/2023 22:25:23,1.14.0,Free_feed,11,4.12,nan,1,LeftWithPellet,Left,96,174,188,0,nan,nan,0.25
3/29/2023 22:25:24,1.14.0,Free_feed,11,4.12,nan,1,LeftWithPellet,Left,97,174,188,0,nan,nan,0.02
3/29/2023 22:25:25,1.14.0,Free_feed,11,4.12,nan,1,LeftWithPellet,Left,98,174,188,0,nan,nan,0.09
3/29/2023 22:25:28,1.14.0,Free_feed,11,4.12,nan,1,LeftWithPellet,Left,99,174,188,0,nan,nan,0.92
3/29/2023 22:30:33,1.14.0,Free_feed,11,4.12,nan,1,RightWithPellet,Left,99,175,188,0,nan,nan,0.04
3/29/2023 22:30:35,1.14.0,Free_feed,11,4.12,nan,1,RightWithPellet,Left,99,176,188,0,nan,nan,0.11
3/29/2023 22:30:36,1.14.0,Free_feed,11,4.12,nan,1,RightWithPellet,Left,99,177,188,0,nan,nan,0.01
3/29/2023 22:30:39,1.14.0,Free_feed,11,4.12,nan,1,RightWithPellet,Left,99,178,188,0,nan,nan,0.43
3/29/2023 22:30:39,1.14.0,Free_feed,11,4.12,nan,1,RightWithPellet,Left,99,179,188,0,nan,nan,0.12
3/29/2023 22:30:42,1.14.0,Free_feed,11,4.12,nan,1,RightWithPellet,Left,99,180,188,0,nan,nan,0.06
3/29/2023 22:30:44,1.14.0,Free_feed,11,4.12,1,1,Pellet,Left,99,180,189,0,Timed_out,790,nan
3/29/2023 22:31:06,1.14.0,Free_feed,11,4.12,2,1,Pellet,Left,99,180,190,0,12.82,22,nan
3/29/2023 22:31:08,1.14.0,Free_feed,11,4.12,1,1,Pellet,Left,99,180,191,0,0.30,2,nan
3/29/2023 22:31:25,1.14.0,Free_feed,11,4.12,1,1,Pellet,Left,99,180,192,0,14.78,17,nan
3/29/2023 22:31:27,1.14.0,Free_feed,11,4.12,1,1,Pellet,Left,99,180,193,0,0.24,2,nan
3/29/2023 22:31:45,1.14.0,Free_feed,11,4.12,1,1,Pellet,Left,99,180,194,0,16.32,18,nan
3/29/2023 22:32:09,1.14.0,Free_feed,11,4.12,2,1,Pellet,Left,99,180,195,0,17.18,24,nan
3/29/2023 22:32:24,1.14.0,Free_feed,11,4.12,2,1,Pellet,Left,99,180,196,0,6.86,15,nan
3/29/2023 22:32:43,1.14.0,Free_feed,11,4.12,1,1,Pellet,Left,99,180,197,0,17.13,19,nan
3/29/2023 22:33:02,1.14.0,Free_feed,11,4.12,1,1,Pellet,Left,99,180,198,0,12.26,19,nan
3/29/2023 22:33:22,1.14.0,Free_feed,11,4.12,1,1,Pellet,Left,99,180,199,0,12.45,20,nan
3/29/2023 22:33:44,1.14.0,Free_feed,11,4.12,1,1,Pellet,Left,99,180,200,0,14.05,22,nan
3/29/2023 22:35:14,1.14.0,Free_feed,11,4.11,1,1,Pellet,Left,99,180,201,0,Timed_out,90,nan
3/29/2023 22:36:37,1.14.0,Free_feed,11,4.12,nan,1,LeftWithPellet,Left,100,180,201,0,nan,nan,1.11
3/29/2023 22:36:38,1.14.0,Free_feed,11,4.12,nan,1,LeftWithPellet,Left,101,180,201,0,nan,nan,0.14
3/29/2023 22:37:42,1.14.0,Free_feed,11,4.12,2,1,Pellet,Left,101,180,202,0,Timed_out,148,nan
3/29/2023 22:37:47,1.14.0,Free_feed,11,4.12,nan,1,RightWithPellet,Left,101,181,202,0,nan,nan,0.19
3/29/2023 22:37:48,1.14.0,Free_feed,11,4.12,nan,1,RightWithPellet,Left,101,182,202,0,nan,nan,0.17
3/29/2023 22:37:48,1.14.0,Free_feed,11,4.12,nan,1,RightWithPellet,Left,101,183,202,0,nan,nan,0.11
3/29/2023 22:40:36,1.14.0,Free_feed,11,4.12,nan,1,RightWithPellet,Left,101,184,202,0,nan,nan,0.05
3/29/2023 22:40:40,1.14.0,Free_feed,11,4.12,nan,1,RightWithPellet,Left,101,185,202,0,nan,nan,0.30
3/29/2023 22:40:43,1.14.0,Free_feed,11,4.12,nan,1,RightWithPellet,Left,101,186,202,0,nan,nan,0.03
3/29/2023 22:41:09,1.14.0,Free_feed,11,4.12,nan,1,RightWithPellet,Left,101,187,202,0,nan,nan,0.01
3/29/2023 22:41:23,1.14.0,Free_feed,11,4.12,1,1,Pellet,Left,101,187,203,0,Timed_out,221,nan
3/29/2023 22:41:44,1.14.0,Free_feed,11,4.12,nan,1,RightWithPellet,Left,101,188,203,0,nan,nan,1.03
3/29/2023 22:41:47,1.14.0,Free_feed,11,4.12,nan,1,RightWithPellet,Left,101,189,203,0,nan,nan,0.06
3/29/2023 22:41:47,1.14.0,Free_feed,11,4.12,nan,1,RightWithPellet,Left,101,190,203,0,nan,nan,0.11
3/29/2023 22:41:48,1.14.0,Free_feed,11,4.12,nan,1,RightWithPellet,Left,101,191,203,0,nan,nan,0.17
3/29/2023 22:41:48,1.14.0,Free_feed,11,4.12,nan,1,RightWithPellet,Left,101,192,203,0,nan,nan,0.06
3/29/2023 22:41:50,1.14.0,Free_feed,11,4.12,nan,1,RightWithPellet,Left,101,193,203,0,nan,nan,0.10
3/29/2023 22:52:54,1.14.0,Free_feed,11,4.12,nan,1,LeftWithPellet,Left,102,193,203,0,nan,nan,0.10
3/29/2023 22:53:52,1.14.0,Free_feed,11,4.12,nan,1,RightWithPellet,Left,102,194,203,0,nan,nan,0.02
3/29/2023 22:54:01,1.14.0,Free_feed,11,4.12,1,1,Pellet,Left,102,194,204,0,Timed_out,757,nan
3/29/2023 22:54:20,1.14.0,Free_feed,11,4.12,nan,1,RightWithPellet,Left,102,195,204,0,nan,nan,0.22
3/29/2023 22:54:35,1.14.0,Free_feed,11,4.12,nan,1,LeftWithPellet,Left,103,195,204,0,nan,nan,0.13
3/29/2023 22:54:36,1.14.0,Free_feed,11,4.12,nan,1,LeftWithPellet,Left,104,195,204,0,nan,nan,0.01
3/29/2023 22:54:36,1.14.0,Free_feed,11,4.12,nan,1,LeftWithPellet,Left,105,195,204,0,nan,nan,0.60
3/29/2023 22:54:38,1.14.0,Free_feed,11,4.12,nan,1,LeftWithPellet,Left,106,195,204,0,nan,nan,0.02
3/29/2023 22:54:38,1.14.0,Free_feed,11,4.12,nan,1,LeftWithPellet,Left,107,195,204,0,nan,nan,0.11
3/29/2023 22:54:39,1.14.0,Free_feed,11,4.12,nan,1,LeftWithPellet,Left,108,195,204,0,nan,nan,0.06
3/29/2023 22:54:40,1.14.0,Free_feed,11,4.12,nan,1,LeftWithPellet,Left,109,195,204,0,nan,nan,0.07
3/29/2023 22:54:41,1.14.0,Free_feed,11,4.12,nan,1,LeftWithPellet,Left,110,195,204,0,nan,nan,0.54
3/29/2023 22:54:42,1.14.0,Free_feed,11,4.12,nan,1,LeftWithPellet,Left,111,195,204,0,nan,nan,0.04
3/29/2023 22:54:43,1.14.0,Free_feed,11,4.12,nan,1,LeftWithPellet,Left,112,195,204,0,nan,nan,0.04
3/29/2023 22:54:43,1.14.0,Free_feed,11,4.12,nan,1,LeftWithPellet,Left,113,195,204,0,nan,nan,0.01
3/29/2023 22:54:45,1.14.0,Free_feed,11,4.12,nan,1,LeftWithPellet,Left,114,195,204,0,nan,nan,0.10
3/29/2023 22:54:46,1.14.0,Free_feed,11,4.12,nan,1,LeftWithPellet,Left,115,195,204,0,nan,nan,0.02
3/29/2023 22:54:47,1.14.0,Free_feed,11,4.12,nan,1,LeftWithPellet,Left,116,195,204,0,nan,nan,0.53
3/29/2023 22:54:49,1.14.0,Free_feed,11,4.12,nan,1,LeftWithPellet,Left,117,195,204,0,nan,nan,1.05
3/29/2023 22:54:54,1.14.0,Free_feed,11,4.12,nan,1,LeftWithPellet,Left,118,195,204,0,nan,nan,1.51
3/29/2023 22:54:55,1.14.0,Free_feed,11,4.12,nan,1,LeftWithPellet,Left,119,195,204,0,nan,nan,0.57
3/29/2023 22:54:55,1.14.0,Free_feed,11,4.12,nan,1,LeftWithPellet,Left,120,195,204,0,nan,nan,0.05
3/29/2023 22:54:56,1.14.0,Free_feed,11,4.12,nan,1,LeftWithPellet,Left,121,195,204,0,nan,nan,0.44
3/29/2023 22:54:57,1.14.0,Free_feed,11,4.12,nan,1,LeftWithPellet,Left,122,195,204,0,nan,nan,0.06
3/29/2023 22:54:58,1.14.0,Free_feed,11,4.12,nan,1,LeftWithPellet,Left,123,195,204,0,nan,nan,0.11
3/29/2023 22:54:59,1.14.0,Free_feed,11,4.12,nan,1,LeftWithPellet,Left,124,195,204,0,nan,nan,0.20
3/29/2023 22:55:01,1.14.0,Free_feed,11,4.12,nan,1,LeftWithPellet,Left,125,195,204,0,nan,nan,0.17
3/29/2023 22:55:02,1.14.0,Free_feed,11,4.11,nan,1,LeftWithPellet,Left,126,195,204,0,nan,nan,0.03
3/29/2023 22:55:04,1.14.0,Free_feed,11,4.12,nan,1,LeftWithPellet,Left,127,195,204,0,nan,nan,0.29
3/29/2023 22:55:05,1.14.0,Free_feed,11,4.12,nan,1,LeftWithPellet,Left,128,195,204,0,nan,nan,0.22
3/29/2023 22:55:06,1.14.0,Free_feed,11,4.12,nan,1,LeftWithPellet,Left,129,195,204,0,nan,nan,0.34
3/29/2023 22:55:07,1.14.0,Free_feed,11,4.12,nan,1,LeftWithPellet,Left,130,195,204,0,nan,nan,0.29
3/29/2023 22:55:09,1.14.0,Free_feed,11,4.12,nan,1,LeftWithPellet,Left,131,195,204,0,nan,nan,1.52
3/29/2023 22:55:10,1.14.0,Free_feed,11,4.12,nan,1,LeftWithPellet,Left,132,195,204,0,nan,nan,0.54
3/29/2023 22:55:11,1.14.0,Free_feed,11,4.11,nan,1,LeftWithPellet,Left,133,195,204,0,nan,nan,0.04
3/29/2023 22:55:12,1.14.0,Free_feed,11,4.12,nan,1,LeftWithPellet,Left,134,195,204,0,nan,nan,0.34
3/29/2023 22:55:14,1.14.0,Free_feed,11,4.12,nan,1,LeftWithPellet,Left,135,195,204,0,nan,nan,0.63
3/29/2023 22:55:20,1.14.0,Free_feed,11,4.12,nan,1,LeftWithPellet,Left,136,195,204,0,nan,nan,1.46
3/29/2023 22:55:23,1.14.0,Free_feed,11,4.12,nan,1,LeftWithPellet,Left,137,195,204,0,nan,nan,0.28
3/29/2023 22:55:33,1.14.0,Free_feed,11,4.12,nan,1,LeftWithPellet,Left,138,195,204,0,nan,nan,1.67
3/29/2023 22:55:34,1.14.0,Free_feed,11,4.12,nan,1,LeftWithPellet,Left,139,195,204,0,nan,nan,0.23
3/29/2023 22:55:38,1.14.0,Free_feed,11,4.12,nan,1,LeftWithPellet,Left,140,195,204,0,nan,nan,1.62
3/29/2023 22:55:41,1.14.0,Free_feed,11,4.12,nan,1,LeftWithPellet,Left,141,195,204,0,nan,nan,0.03
3/29/2023 22:55:43,1.14.0,Free_feed,11,4.12,nan,1,LeftWithPellet,Left,142,195,204,0,nan,nan,0.14
3/29/2023 22:55:44,1.14.0,Free_feed,11,4.12,nan,1,LeftWithPellet,Left,143,195,204,0,nan,nan,0.33
3/29/2023 22:55:48,1.14.0,Free_feed,11,4.12,nan,1,LeftWithPellet,Left,144,195,204,0,nan,nan,0.20
3/29/2023 22:55:56,1.14.0,Free_feed,11,4.11,1,1,Pellet,Left,144,195,205,0,Timed_out,116,nan
3/29/2023 22:56:21,1.14.0,Free_feed,11,4.12,1,1,Pellet,Left,144,195,206,0,21.32,25,nan
3/29/2023 22:56:23,1.14.0,Free_feed,11,4.12,1,1,Pellet,Left,144,195,207,0,0.06,2,nan
3/29/2023 22:56:34,1.14.0,Free_feed,11,4.12,nan,1,LeftWithPellet,Left,145,195,207,0,nan,nan,0.04
3/29/2023 22:56:34,1.14.0,Free_feed,11,4.12,nan,1,LeftWithPellet,Left,146,195,207,0,nan,nan,0.01
3/29/2023 22:56:35,1.14.0,Free_feed,11,4.12,nan,1,LeftWithPellet,Left,147,195,207,0,nan,nan,0.03
3/29/2023 22:56:36,1.14.0,Free_feed,11,4.11,nan,1,LeftWithPellet,Left,148,195,207,0,nan,nan,0.51
3/29/2023 22:56:37,1.14.0,Free_feed,11,4.12,nan,1,LeftWithPellet,Left,149,195,207,0,nan,nan,0.03
3/29/2023 22:56:37,1.14.0,Free_feed,11,4.12,nan,1,LeftWithPellet,Left,150,195,207,0,nan,nan,0.06
3/29/2023 22:56:38,1.14.0,Free_feed,11,4.11,nan,1,LeftWithPellet,Left,151,195,207,0,nan,nan,0.04
3/29/2023 22:56:39,1.14.0,Free_feed,11,4.12,nan,1,LeftWithPellet,Left,152,195,207,0,nan,nan,0.20
3/29/2023 22:56:41,1.14.0,Free_feed,11,4.12,nan,1,LeftWithPellet,Left,153,195,207,0,nan,nan,0.26
3/29/2023 22:56:44,1.14.0,Free_feed,11,4.12,nan,1,LeftWithPellet,Left,154,195,207,0,nan,nan,0.07
3/29/2023 22:56:45,1.14.0,Free_feed,11,4.11,nan,1,LeftWithPellet,Left,155,195,207,0,nan,nan,0.51
3/29/2023 22:56:46,1.14.0,Free_feed,11,4.12,nan,1,LeftWithPellet,Left,156,195,207,0,nan,nan,0.15
3/29/2023 22:56:47,1.14.0,Free_feed,11,4.12,nan,1,LeftWithPellet,Left,157,195,207,0,nan,nan,0.23
3/29/2023 22:56:48,1.14.0,Free_feed,11,4.12,nan,1,LeftWithPellet,Left,158,195,207,0,nan,nan,0.13
3/29/2023 22:56:51,1.14.0,Free_feed,11,4.12,nan,1,LeftWithPellet,Left,159,195,207,0,nan,nan,2.34
3/29/2023 22:56:53,1.14.0,Free_feed,11,4.12,nan,1,LeftWithPellet,Left,160,195,207,0,nan,nan,1.88
3/29/2023 22:56:54,1.14.0,Free_feed,11,4.12,nan,1,LeftWithPellet,Left,161,195,207,0,nan,nan,0.09
3/29/2023 22:56:58,1.14.0,Free_feed,11,4.12,nan,1,LeftWithPellet,Left,162,195,207,0,nan,nan,0.04
3/29/2023 22:56:59,1.14.0,Free_feed,11,4.12,nan,1,LeftWithPellet,Left,163,195,207,0,nan,nan,0.05
3/29/2023 22:57:26,1.14.0,Free_feed,11,4.12,nan,1,LeftWithPellet,Left,164,195,207,0,nan,nan,0.03
3/29/2023 22:57:27,1.14.0,Free_feed,11,4.12,nan,1,LeftWithPellet,Left,165,195,207,0,nan,nan,0.09
3/29/2023 22:57:28,1.14.0,Free_feed,11,4.12,nan,1,LeftWithPellet,Left,166,195,207,0,nan,nan,0.14
3/29/2023 22:57:28,1.14.0,Free_feed,11,4.12,nan,1,LeftWithPellet,Left,167,195,207,0,nan,nan,0.07
3/29/2023 22:57:29,1.14.0,Free_feed,11,4.12,nan,1,LeftWithPellet,Left,168,195,207,0,nan,nan,0.13
3/29/2023 22:57:31,1.14.0,Free_feed,11,4.12,nan,1,LeftWithPellet,Left,169,195,207,0,nan,nan,1.82
3/29/2023 22:58:10,1.14.0,Free_feed,11,4.12,1,1,Pellet,Left,169,195,208,0,Timed_out,106,nan
3/29/2023 22:58:56,1.14.0,Free_feed,11,4.11,1,1,Pellet,Left,169,195,209,0,39.44,47,nan
3/29/2023 22:59:14,1.14.0,Free_feed,11,4.11,1,1,Pellet,Left,169,195,210,0,10.36,18,nan
3/29/2023 23:00:53,1.14.0,Free_feed,11,4.12,1,1,Pellet,Left,169,195,211,0,Timed_out,99,nan
3/29/2023 23:01:10,1.14.0,Free_feed,11,4.11,1,1,Pellet,Left,169,195,212,0,9.01,17,nan
3/29/2023 23:01:11,1.14.0,Free_feed,11,4.12,1,1,Pellet,Left,169,195,213,0,0.06,1,nan
3/29/2023 23:01:27,1.14.0,Free_feed,11,4.11,1,1,Pellet,Left,169,195,214,0,8.33,16,nan
3/29/2023 23:01:42,1.14.0,Free_feed,11,4.12,1,1,Pellet,Left,169,195,215,0,7.47,15,nan
3/29/2023 23:02:04,1.14.0,Free_feed,11,4.12,1,1,Pellet,Left,169,195,216,0,14.29,22,nan
3/29/2023 23:02:21,1.14.0,Free_feed,11,4.12,1,1,Pellet,Left,169,195,217,0,9.13,17,nan
3/29/2023 23:03:02,1.14.0,Free_feed,11,4.12,nan,1,LeftWithPellet,Left,170,195,217,0,nan,nan,0.81
3/29/2023 23:03:03,1.14.0,Free_feed,11,4.12,nan,1,LeftWithPellet,Left,171,195,217,0,nan,nan,0.61
3/29/2023 23:03:05,1.14.0,Free_feed,11,4.12,nan,1,LeftWithPellet,Left,172,195,217,0,nan,nan,0.16
3/29/2023 23:03:05,1.14.0,Free_feed,11,4.12,nan,1,LeftWithPellet,Left,173,195,217,0,nan,nan,0.04
3/29/2023 23:03:13,1.14.0,Free_feed,11,4.11,nan,1,RightWithPellet,Left,173,196,217,0,nan,nan,0.26
3/29/2023 23:03:14,1.14.0,Free_feed,11,4.11,nan,1,RightWithPellet,Left,173,197,217,0,nan,nan,0.29
3/29/2023 23:03:16,1.14.0,Free_feed,11,4.12,nan,1,RightWithPellet,Left,173,198,217,0,nan,nan,1.07
3/29/2023 23:03:16,1.14.0,Free_feed,11,4.12,nan,1,RightWithPellet,Left,173,199,217,0,nan,nan,0.07
3/29/2023 23:03:21,1.14.0,Free_feed,11,4.12,nan,1,RightWithPellet,Left,173,200,217,0,nan,nan,1.80
3/29/2023 23:03:21,1.14.0,Free_feed,11,4.12,nan,1,RightWithPellet,Left,173,201,217,0,nan,nan,0.03
3/29/2023 23:03:25,1.14.0,Free_feed,11,4.11,nan,1,RightWithPellet,Left,173,202,217,0,nan,nan,1.08
3/29/2023 23:03:26,1.14.0,Free_feed,11,4.12,nan,1,RightWithPellet,Left,173,203,217,0,nan,nan,0.05
3/29/2023 23:03:27,1.14.0,Free_feed,11,4.12,nan,1,RightWithPellet,Left,173,204,217,0,nan,nan,0.19
3/29/2023 23:03:28,1.14.0,Free_feed,11,4.12,nan,1,RightWithPellet,Left,173,205,217,0,nan,nan,0.63
3/29/2023 23:03:33,1.14.0,Free_feed,11,4.12,nan,1,RightWithPellet,Left,173,206,217,0,nan,nan,0.03
3/29/2023 23:03:36,1.14.0,Free_feed,11,4.11,nan,1,RightWithPellet,Left,173,207,217,0,nan,nan,0.29
3/29/2023 23:11:35,1.14.0,Free_feed,11,4.11,nan,1,LeftWithPellet,Left,174,207,217,0,nan,nan,0.02
3/29/2023 23:11:36,1.14.0,Free_feed,11,4.12,nan,1,LeftWithPellet,Left,175,207,217,0,nan,nan,0.23
3/29/2023 23:11:39,1.14.0,Free_feed,11,4.12,nan,1,LeftWithPellet,Left,176,207,217,0,nan,nan,0.04
3/29/2023 23:11:39,1.14.0,Free_feed,11,4.12,nan,1,LeftWithPellet,Left,177,207,217,0,nan,nan,0.12
3/29/2023 23:11:41,1.14.0,Free_feed,11,4.12,nan,1,LeftWithPellet,Left,178,207,217,0,nan,nan,0.08
3/29/2023 23:11:52,1.14.0,Free_feed,11,4.12,nan,1,LeftWithPellet,Left,179,207,217,0,nan,nan,0.05
3/29/2023 23:12:11,1.14.0,Free_feed,11,4.11,nan,1,LeftWithPellet,Left,180,207,217,0,nan,nan,0.00
3/29/2023 23:12:25,1.14.0,Free_feed,11,4.12,nan,1,LeftWithPellet,Left,181,207,217,0,nan,nan,0.01
3/29/2023 23:13:27,1.14.0,Free_feed,11,4.12,nan,1,LeftWithPellet,Left,182,207,217,0,nan,nan,0.30
3/29/2023 23:25:30,1.14.0,Free_feed,11,4.12,nan,1,RightWithPellet,Left,182,208,217,0,nan,nan,0.01
3/29/2023 23:29:15,1.14.0,Free_feed,11,4.11,nan,1,RightWithPellet,Left,182,209,217,0,nan,nan,0.12
3/29/2023 23:29:17,1.14.0,Free_feed,11,4.12,nan,1,RightWithPellet,Left,182,210,217,0,nan,nan,1.17
3/29/2023 23:29:21,1.14.0,Free_feed,11,4.12,nan,1,RightWithPellet,Left,182,211,217,0,nan,nan,0.08
3/29/2023 23:29:24,1.14.0,Free_feed,11,4.12,nan,1,RightWithPellet,Left,182,212,217,0,nan,nan,0.15
3/29/2023 23:29:28,1.14.0,Free_feed,11,4.12,nan,1,RightWithPellet,Left,182,213,217,0,nan,nan,0.04
3/29/2023 23:29:31,1.14.0,Free_feed,11,4.11,nan,1,RightWithPellet,Left,182,214,217,0,nan,nan,0.07
3/29/2023 23:29:34,1.14.0,Free_feed,11,4.11,nan,1,RightWithPellet,Left,182,215,217,0,nan,nan,0.08
3/29/2023 23:29:37,1.14.0,Free_feed,11,4.11,nan,1,RightWithPellet,Left,182,216,217,0,nan,nan,0.35
3/29/2023 23:29:37,1.14.0,Free_feed,11,4.11,nan,1,RightWithPellet,Left,182,217,217,0,nan,nan,0.08
3/29/2023 23:29:44,1.14.0,Free_feed,11,4.11,2,1,Pellet,Left,182,217,218,0,Timed_out,1643,nan
3/29/2023 23:29:46,1.14.0,Free_feed,11,4.11,1,1,Pellet,Left,182,217,219,0,0.24,2,nan
3/29/2023 23:30:01,1.14.0,Free_feed,11,4.12,1,1,Pellet,Left,182,217,220,0,7.60,15,nan
3/29/2023 23:30:44,1.14.0,Free_feed,11,4.11,1,1,Pellet,Left,182,217,221,0,36.17,43,nan
3/29/2023 23:35:04,1.14.0,Free_feed,11,4.11,1,1,Pellet,Left,182,217,222,0,Timed_out,260,nan
3/29/2023 23:35:20,1.14.0,Free_feed,11,4.12,1,1,Pellet,Left,182,217,223,0,8.58,16,nan
3/29/2023 23:35:37,1.14.0,Free_feed,11,4.12,1,1,Pellet,Left,182,217,224,0,9.63,17,nan
3/29/2023 23:36:06,1.14.0,Free_feed,11,4.11,2,1,Pellet,Left,182,217,225,0,26.93,29,nan
3/29/2023 23:36:19,1.14.0,Free_feed,11,4.11,1,1,Pellet,Left,182,217,226,0,10.61,13,nan
3/29/2023 23:47:53,1.14.0,Free_feed,11,4.11,nan,1,RightWithPellet,Left,182,218,226,0,nan,nan,0.03
3/29/2023 23:48:39,1.14.0,Free_feed,11,4.11,nan,1,LeftWithPellet,Left,183,218,226,0,nan,nan,0.80
3/30/2023 0:53:49,1.14.0,Free_feed,11,4.11,1,1,Pellet,Left,183,218,227,0,Timed_out,4650,nan
3/30/2023 0:53:59,1.14.0,Free_feed,11,4.11,2,1,Pellet,Left,183,218,228,0,2.57,10,nan
3/30/2023 0:54:16,1.14.0,Free_feed,11,4.11,nan,1,RightWithPellet,Left,183,219,228,0,nan,nan,0.10
3/30/2023 0:54:23,1.14.0,Free_feed,11,4.11,1,1,Pellet,Left,183,219,229,0,17.96,24,nan
3/30/2023 0:54:42,1.14.0,Free_feed,11,4.11,1,1,Pellet,Left,183,219,230,0,12.02,19,nan
3/30/2023 0:54:44,1.14.0,Free_feed,11,4.11,1,1,Pellet,Left,183,219,231,0,0.06,2,nan
3/30/2023 0:55:01,1.14.0,Free_feed,11,4.11,1,1,Pellet,Left,183,219,232,0,9.19,16,nan
3/30/2023 0:55:24,1.14.0,Free_feed,11,4.12,nan,1,RightWithPellet,Left,183,220,232,0,nan,nan,0.09
3/30/2023 0:55:25,1.14.0,Free_feed,11,4.11,1,1,Pellet,Left,183,220,233,0,18.02,25,nan
3/30/2023 0:55:41,1.14.0,Free_feed,11,4.11,1,1,Pellet,Left,183,220,234,0,9.13,16,nan
3/30/2023 0:56:05,1.14.0,Free_feed,11,4.11,1,1,Pellet,Left,183,220,235,0,16.14,23,nan
3/30/2023 0:56:19,1.14.0,Free_feed,11,4.11,1,1,Pellet,Left,183,220,236,0,12.88,15,nan
3/30/2023 0:56:46,1.14.0,Free_feed,11,4.11,1,1,Pellet,Left,183,220,237,0,24.57,27,nan
3/30/2023 0:56:48,1.14.0,Free_feed,11,4.11,1,1,Pellet,Left,183,220,238,0,0.06,2,nan
3/30/2023 2:15:53,1.14.0,Free_feed,11,4.11,2,1,Pellet,Left,183,220,239,0,Timed_out,4745,nan
3/30/2023 2:16:08,1.14.0,Free_feed,11,4.11,1,1,Pellet,Left,183,220,240,0,7.04,15,nan
3/30/2023 2:16:26,1.14.0,Free_feed,11,4.11,1,1,Pellet,Left,183,220,241,0,11.28,18,nan
3/30/2023 2:29:52,1.14.0,Free_feed,11,4.11,1,1,Pellet,Left,183,220,242,0,Timed_out,806,nan
3/30/2023 2:30:26,1.14.0,Free_feed,11,4.11,1,1,Pellet,Left,183,220,243,0,26.55,34,nan
3/30/2023 2:30:50,1.14.0,Free_feed,11,4.11,1,1,Pellet,Left,183,220,244,0,16.69,24,nan
3/30/2023 2:30:52,1.14.0,Free_feed,11,4.11,1,1,Pellet,Left,183,220,245,0,0.06,2,nan
3/30/2023 2:31:12,1.14.0,Free_feed,11,4.11,1,1,Pellet,Left,183,220,246,0,11.89,19,nan
3/30/2023 2:31:31,1.14.0,Free_feed,11,4.11,1,1,Pellet,Left,183,220,247,0,11.89,19,nan
3/30/2023 2:32:01,1.14.0,Free_feed,11,4.11,1,1,Pellet,Left,183,220,248,0,23.15,31,nan
3/30/2023 3:02:47,1.14.0,Free_feed,11,4.11,1,1,Pellet,Left,183,220,249,0,Timed_out,1846,nan
3/30/2023 3:03:05,1.14.0,Free_feed,11,4.11,1,1,Pellet,Left,183,220,250,0,10.54,18,nan
3/30/2023 3:03:26,1.14.0,Free_feed,11,4.10,1,1,Pellet,Left,183,220,251,0,12.63,20,nan
3/30/2023 3:03:49,1.14.0,Free_feed,11,4.11,1,1,Pellet,Left,183,220,252,0,16.32,24,nan
3/30/2023 3:04:09,1.14.0,Free_feed,11,4.10,1,1,Pellet,Left,183,220,253,0,12.08,20,nan
3/30/2023 3:04:37,1.14.0,Free_feed,11,4.11,1,1,Pellet,Left,183,220,254,0,20.81,28,nan
3/30/2023 3:42:27,1.14.0,Free_feed,11,4.10,2,1,Pellet,Left,183,220,255,0,Timed_out,2270,nan
3/30/2023 3:42:44,1.14.0,Free_feed,11,4.10,1,1,Pellet,Left,183,220,256,0,8.95,17,nan
3/30/2023 3:43:07,1.14.0,Free_feed,11,4.10,1,1,Pellet,Left,183,220,257,0,15.83,23,nan
3/30/2023 3:53:30,1.14.0,Free_feed,11,4.11,1,1,Pellet,Left,183,220,258,0,Timed_out,622,nan
3/30/2023 3:53:53,1.14.0,Free_feed,11,4.11,1,1,Pellet,Left,183,220,259,0,15.84,24,nan
3/30/2023 3:53:56,1.14.0,Free_feed,11,4.11,nan,1,RightWithPellet,Left,183,221,259,0,nan,nan,0.76
3/30/2023 3:53:56,1.14.0,Free_feed,11,4.11,nan,1,RightWithPellet,Left,183,222,259,0,nan,nan,0.20
3/30/2023 3:53:57,1.14.0,Free_feed,11,4.11,nan,1,RightWithPellet,Left,183,223,259,0,nan,nan,0.04
3/30/2023 3:54:00,1.14.0,Free_feed,11,4.11,nan,1,RightWithPellet,Left,183,224,259,0,nan,nan,2.49
3/30/2023 3:54:01,1.14.0,Free_feed,11,4.11,nan,1,RightWithPellet,Left,183,225,259,0,nan,nan,0.11
3/30/2023 3:54:01,1.14.0,Free_feed,11,4.11,nan,1,RightWithPellet,Left,183,226,259,0,nan,nan,0.04
3/30/2023 3:54:02,1.14.0,Free_feed,11,4.10,nan,1,RightWithPellet,Left,183,227,259,0,nan,nan,0.21
3/30/2023 3:54:05,1.14.0,Free_feed,11,4.11,nan,1,RightWithPellet,Left,183,228,259,0,nan,nan,0.14
3/30/2023 3:54:07,1.14.0,Free_feed,11,4.10,nan,1,RightWithPellet,Left,183,229,259,0,nan,nan,0.19
3/30/2023 3:54:12,1.14.0,Free_feed,11,4.11,nan,1,RightWithPellet,Left,183,230,259,0,nan,nan,0.11
3/30/2023 3:54:14,1.14.0,Free_feed,11,4.10,nan,1,RightWithPellet,Left,183,231,259,0,nan,nan,0.07
3/30/2023 3:54:15,1.14.0,Free_feed,11,4.10,nan,1,RightWithPellet,Left,183,232,259,0,nan,nan,0.16
3/30/2023 3:54:16,1.14.0,Free_feed,11,4.10,nan,1,RightWithPellet,Left,183,233,259,0,nan,nan,0.74
3/30/2023 3:54:17,1.14.0,Free_feed,11,4.11,nan,1,RightWithPellet,Left,183,234,259,0,nan,nan,0.03
3/30/2023 3:54:39,1.14.0,Free_feed,11,4.11,nan,1,RightWithPellet,Left,183,235,259,0,nan,nan,0.15
3/30/2023 3:56:13,1.14.0,Free_feed,11,4.11,1,1,Pellet,Left,183,235,260,0,Timed_out,140,nan
3/30/2023 3:56:28,1.14.0,Free_feed,11,4.11,1,1,Pellet,Left,183,235,261,0,8.33,15,nan
3/30/2023 3:56:48,1.14.0,Free_feed,11,4.11,1,1,Pellet,Left,183,235,262,0,12.33,20,nan
3/30/2023 3:57:08,1.14.0,Free_feed,11,4.11,1,1,Pellet,Left,183,235,263,0,12.21,20,nan
3/30/2023 3:57:29,1.14.0,Free_feed,11,4.10,1,1,Pellet,Left,183,235,264,0,13.62,21,nan
3/30/2023 3:57:50,1.14.0,Free_feed,11,4.10,1,1,Pellet,Left,183,235,265,0,13.68,21,nan
3/30/2023 3:58:08,1.14.0,Free_feed,11,4.11,1,1,Pellet,Left,183,235,266,0,10.42,17,nan
3/30/2023 3:58:57,1.14.0,Free_feed,11,4.11,4,1,Pellet,Left,183,235,267,0,36.91,50,nan
3/30/2023 4:00:58,1.14.0,Free_feed,11,4.11,nan,1,RightWithPellet,Left,183,236,267,0,nan,nan,0.03
3/30/2023 4:01:00,1.14.0,Free_feed,11,4.11,nan,1,RightWithPellet,Left,183,237,267,0,nan,nan,0.27
3/30/2023 4:01:08,1.14.0,Free_feed,11,4.10,nan,1,RightWithPellet,Left,183,238,267,0,nan,nan,0.01
3/30/2023 4:01:11,1.14.0,Free_feed,11,4.11,nan,1,RightWithPellet,Left,183,239,267,0,nan,nan,0.32
3/30/2023 4:05:08,1.14.0,Free_feed,11,4.11,nan,1,LeftWithPellet,Left,184,239,267,0,nan,nan,0.65
3/30/2023 4:05:09,1.14.0,Free_feed,11,4.11,nan,1,LeftWithPellet,Left,185,239,267,0,nan,nan,0.25
3/30/2023 4:05:17,1.14.0,Free_feed,11,4.10,nan,1,LeftWithPellet,Left,186,239,267,0,nan,nan,0.67
3/30/2023 4:05:20,1.14.0,Free_feed,11,4.10,nan,1,LeftWithPellet,Left,187,239,267,0,nan,nan,0.05
3/30/2023 4:05:34,1.14.0,Free_feed,11,4.10,nan,1,LeftWithPellet,Left,188,239,267,0,nan,nan,1.01
3/30/2023 4:05:38,1.14.0,Free_feed,11,4.10,nan,1,LeftWithPellet,Left,189,239,267,0,nan,nan,0.59
3/30/2023 4:09:03,1.14.0,Free_feed,11,4.10,nan,1,RightWithPellet,Left,189,240,267,0,nan,nan,0.21
3/30/2023 4:10:03,1.14.0,Free_feed,11,4.10,nan,1,RightWithPellet,Left,189,241,267,0,nan,nan,0.97
3/30/2023 4:10:05,1.14.0,Free_feed,11,4.11,nan,1,RightWithPellet,Left,189,242,267,0,nan,nan,0.54
3/30/2023 4:10:14,1.14.0,Free_feed,11,4.10,nan,1,RightWithPellet,Left,189,243,267,0,nan,nan,0.00
3/30/2023 4:12:22,1.14.0,Free_feed,11,4.11,2,1,Pellet,Left,189,243,268,0,Timed_out,805,nan
3/30/2023 4:12:39,1.14.0,Free_feed,11,4.10,2,1,Pellet,Left,189,243,269,0,9.80,17,nan
3/30/2023 4:12:41,1.14.0,Free_feed,11,4.10,1,1,Pellet,Left,189,243,270,0,0.48,2,nan
3/30/2023 4:13:00,1.14.0,Free_feed,11,4.10,1,1,Pellet,Left,189,243,271,0,12.38,19,nan
3/30/2023 4:13:19,1.14.0,Free_feed,11,4.10,1,1,Pellet,Left,189,243,272,0,11.40,19,nan
3/30/2023 4:13:35,1.14.0,Free_feed,11,4.11,1,1,Pellet,Left,189,243,273,0,9.31,16,nan
3/30/2023 4:13:56,1.14.0,Free_feed,11,4.11,1,1,Pellet,Left,189,243,274,0,13.06,21,nan
3/30/2023 4:14:19,1.14.0,Free_feed,11,4.11,1,1,Pellet,Left,189,243,275,0,16.00,23,nan
3/30/2023 4:14:24,1.14.0,Free_feed,11,4.10,1,1,Pellet,Left,189,243,276,0,0.24,5,nan
3/30/2023 4:17:58,1.14.0,Free_feed,11,4.10,nan,1,RightWithPellet,Left,189,244,276,0,nan,nan,0.05
3/30/2023 4:37:13,1.14.0,Free_feed,11,4.10,nan,1,LeftWithPellet,Left,190,244,276,0,nan,nan,0.03
3/30/2023 4:37:15,1.14.0,Free_feed,11,4.10,nan,1,LeftWithPellet,Left,191,244,276,0,nan,nan,0.20
3/30/2023 4:37:18,1.14.0,Free_feed,11,4.10,nan,1,LeftWithPellet,Left,192,244,276,0,nan,nan,0.77
3/30/2023 4:37:19,1.14.0,Free_feed,11,4.10,nan,1,LeftWithPellet,Left,193,244,276,0,nan,nan,0.29
3/30/2023 4:37:20,1.14.0,Free_feed,11,4.10,nan,1,LeftWithPellet,Left,194,244,276,0,nan,nan,0.32
3/30/2023 4:37:23,1.14.0,Free_feed,11,4.10,nan,1,LeftWithPellet,Left,195,244,276,0,nan,nan,0.10
3/30/2023 4:37:32,1.14.0,Free_feed,11,4.10,nan,1,LeftWithPellet,Left,196,244,276,0,nan,nan,0.02
3/30/2023 4:37:35,1.14.0,Free_feed,11,4.11,nan,1,LeftWithPellet,Left,197,244,276,0,nan,nan,1.14
3/30/2023 4:37:37,1.14.0,Free_feed,11,4.10,1,1,Pellet,Left,197,244,277,0,Timed_out,1393,nan
3/30/2023 4:38:05,1.14.0,Free_feed,11,4.10,2,1,Pellet,Left,197,244,278,0,20.93,28,nan
3/30/2023 4:38:20,1.14.0,Free_feed,11,4.10,1,1,Pellet,Left,197,244,279,0,8.27,15,nan
3/30/2023 4:42:16,1.14.0,Free_feed,11,4.10,nan,1,RightWithPellet,Left,197,245,279,0,nan,nan,0.05
3/30/2023 4:42:18,1.14.0,Free_feed,11,4.10,nan,1,RightWithPellet,Left,197,246,279,0,nan,nan,0.02
3/30/2023 4:45:53,1.14.0,Free_feed,11,4.10,1,1,Pellet,Left,197,246,280,0,Timed_out,453,nan
3/30/2023 4:46:11,1.14.0,Free_feed,11,4.10,1,1,Pellet,Left,197,246,281,0,11.03,18,nan
3/30/2023 4:46:29,1.14.0,Free_feed,11,4.10,1,1,Pellet,Left,197,246,282,0,10.54,18,nan
3/30/2023 4:46:48,1.14.0,Free_feed,11,4.10,1,1,Pellet,Left,197,246,283,0,17.00,19,nan
3/30/2023 4:46:49,1.14.0,Free_feed,11,4.10,1,1,Pellet,Left,197,246,284,0,0.06,1,nan
3/30/2023 4:47:07,1.14.0,Free_feed,11,4.10,1,1,Pellet,Left,197,246,285,0,15.34,18,nan
3/30/2023 4:47:29,1.14.0,Free_feed,11,4.10,1,1,Pellet,Left,197,246,286,0,15.03,22,nan
3/30/2023 4:47:49,1.14.0,Free_feed,11,4.10,1,1,Pellet,Left,197,246,287,0,13.00,20,nan
3/30/2023 4:49:19,1.14.0,Free_feed,11,4.10,1,1,Pellet,Left,197,246,288,0,Timed_out,90,nan
3/30/2023 4:49:46,1.14.0,Free_feed,11,4.10,1,1,Pellet,Left,197,246,289,0,19.58,27,nan
3/30/2023 4:50:05,1.14.0,Free_feed,11,4.10,1,1,Pellet,Left,197,246,290,0,11.52,19,nan
3/30/2023 4:50:08,1.14.0,Free_feed,11,4.10,1,1,Pellet,Left,197,246,291,0,0.30,3,nan
3/30/2023 4:50:34,1.14.0,Free_feed,11,4.10,1,1,Pellet,Left,197,246,292,0,18.84,26,nan
3/30/2023 4:50:56,1.14.0,Free_feed,11,4.10,1,1,Pellet,Left,197,246,293,0,14.29,21,nan
3/30/2023 5:07:00,1.14.0,Free_feed,11,4.10,nan,1,LeftWithPellet,Left,198,246,293,0,nan,nan,0.04
3/30/2023 5:07:07,1.14.0,Free_feed,11,4.10,nan,1,RightWithPellet,Left,198,247,293,0,nan,nan,0.01
3/30/2023 5:07:14,1.14.0,Free_feed,11,4.10,nan,1,RightWithPellet,Left,198,248,293,0,nan,nan,0.01
3/30/2023 5:07:30,1.14.0,Free_feed,11,4.10,1,1,Pellet,Left,198,248,294,0,Timed_out,995,nan
3/30/2023 5:07:33,1.14.0,Free_feed,11,4.10,nan,1,RightWithPellet,Left,198,249,294,0,nan,nan,0.11
3/30/2023 5:07:33,1.14.0,Free_feed,11,4.10,nan,1,RightWithPellet,Left,198,250,294,0,nan,nan,0.08
3/30/2023 5:07:41,1.14.0,Free_feed,11,4.10,nan,1,LeftWithPellet,Left,199,250,294,0,nan,nan,0.03
3/30/2023 5:07:46,1.14.0,Free_feed,11,4.10,nan,1,LeftWithPellet,Left,200,250,294,0,nan,nan,0.11
3/30/2023 5:07:47,1.14.0,Free_feed,11,4.10,nan,1,LeftWithPellet,Left,201,250,294,0,nan,nan,0.66
3/30/2023 5:07:47,1.14.0,Free_feed,11,4.10,nan,1,LeftWithPellet,Left,202,250,294,0,nan,nan,0.27
3/30/2023 5:07:48,1.14.0,Free_feed,11,4.10,nan,1,LeftWithPellet,Left,203,250,294,0,nan,nan,0.82
3/30/2023 5:07:50,1.14.0,Free_feed,11,4.10,nan,1,LeftWithPellet,Left,204,250,294,0,nan,nan,0.41
3/30/2023 5:07:54,1.14.0,Free_feed,11,4.10,nan,1,LeftWithPellet,Left,205,250,294,0,nan,nan,0.09
3/30/2023 5:07:58,1.14.0,Free_feed,11,4.10,nan,1,LeftWithPellet,Left,206,250,294,0,nan,nan,0.08
3/30/2023 5:07:59,1.14.0,Free_feed,11,4.10,nan,1,LeftWithPellet,Left,207,250,294,0,nan,nan,0.03
3/30/2023 5:08:45,1.14.0,Free_feed,11,4.10,1,1,Pellet,Left,207,250,295,0,Timed_out,75,nan
3/30/2023 5:09:45,1.14.0,Free_feed,11,4.10,1,1,Pellet,Left,207,250,296,0,52.36,60,nan
3/30/2023 5:10:07,1.14.0,Free_feed,11,4.10,1,1,Pellet,Left,207,250,297,0,14.66,22,nan
3/30/2023 5:10:09,1.14.0,Free_feed,11,4.10,1,1,Pellet,Left,207,250,298,0,0.67,2,nan
3/30/2023 5:10:40,1.14.0,Free_feed,11,4.10,2,1,Pellet,Left,207,250,299,0,21.61,31,nan
3/30/2023 5:11:24,1.14.0,Free_feed,11,4.10,1,1,Pellet,Left,207,250,300,0,36.27,44,nan
3/30/2023 5:11:33,1.14.0,Free_feed,11,4.10,nan,1,RightWithPellet,Left,207,251,300,0,nan,nan,0.73
3/30/2023 5:11:39,1.14.0,Free_feed,11,4.10,nan,1,RightWithPellet,Left,207,252,300,0,nan,nan,0.47
3/30/2023 5:14:01,1.14.0,Free_feed,11,4.10,nan,1,RightWithPellet,Left,207,253,300,0,nan,nan,0.07
3/30/2023 5:16:54,1.14.0,Free_feed,11,4.10,nan,1,RightWithPellet,Left,207,254,300,0,nan,nan,0.01
3/30/2023 5:17:08,1.14.0,Free_feed,11,4.09,nan,1,RightWithPellet,Left,207,255,300,0,nan,nan,0.02
3/30/2023 5:17:09,1.14.0,Free_feed,11,4.10,nan,1,RightWithPellet,Left,207,256,300,0,nan,nan,0.32
3/30/2023 5:17:18,1.14.0,Free_feed,11,4.10,nan,1,LeftWithPellet,Left,208,256,300,0,nan,nan,0.06
3/30/2023 5:17:21,1.14.0,Free_feed,11,4.10,nan,1,LeftWithPellet,Left,209,256,300,0,nan,nan,0.04
3/30/2023 5:17:23,1.14.0,Free_feed,11,4.11,nan,1,LeftWithPellet,Left,210,256,300,0,nan,nan,0.02
3/30/2023 5:17:24,1.14.0,Free_feed,11,4.11,nan,1,LeftWithPellet,Left,211,256,300,0,nan,nan,0.12
3/30/2023 5:17:32,1.14.0,Free_feed,11,4.10,nan,1,LeftWithPellet,Left,212,256,300,0,nan,nan,0.57
3/30/2023 5:17:34,1.14.0,Free_feed,11,4.10,nan,1,LeftWithPellet,Left,213,256,300,0,nan,nan,0.01
3/30/2023 5:17:51,1.14.0,Free_feed,11,4.10,nan,1,LeftWithPellet,Left,214,256,300,0,nan,nan,0.44
3/30/2023 5:32:38,1.14.0,Free_feed,11,4.10,nan,1,LeftWithPellet,Left,215,256,300,0,nan,nan,0.02
3/30/2023 5:47:39,1.14.0,Free_feed,11,4.10,1,1,Pellet,Left,215,256,301,0,Timed_out,2175,nan
3/30/2023 5:47:40,1.14.0,Free_feed,11,4.10,1,1,Pellet,Left,215,256,302,0,0.06,1,nan
3/30/2023 5:47:54,1.14.0,Free_feed,11,4.09,1,1,Pellet,Left,215,256,303,0,6.25,14,nan
3/30/2023 5:47:58,1.14.0,Free_feed,11,4.10,nan,1,RightWithPellet,Left,215,257,303,0,nan,nan,0.22
3/30/2023 5:48:01,1.14.0,Free_feed,11,4.10,1,1,Pellet,Left,215,257,304,0,3.34,6,nan
3/30/2023 5:48:43,1.14.0,Free_feed,11,4.10,1,1,Pellet,Left,215,257,305,0,35.47,43,nan
3/30/2023 5:49:01,1.14.0,Free_feed,11,4.09,1,1,Pellet,Left,215,257,306,0,10.17,18,nan
3/30/2023 5:49:19,1.14.0,Free_feed,11,4.09,2,1,Pellet,Left,215,257,307,0,11.16,18,nan
3/30/2023 5:49:36,1.14.0,Free_feed,11,4.09,1,1,Pellet,Left,215,257,308,0,9.56,17,nan
3/30/2023 5:49:55,1.14.0,Free_feed,11,4.10,2,1,Pellet,Left,215,257,309,0,9.93,19,nan
3/30/2023 5:50:15,1.14.0,Free_feed,11,4.10,1,1,Pellet,Left,215,257,310,0,12.32,20,nan
3/30/2023 5:50:29,1.14.0,Free_feed,11,4.10,2,1,Pellet,Left,215,257,311,0,6.49,14,nan
3/30/2023 5:50:31,1.14.0,Free_feed,11,4.10,1,1,Pellet,Left,215,257,312,0,0.12,2,nan
3/30/2023 5:50:54,1.14.0,Free_feed,11,4.10,1,1,Pellet,Left,215,257,313,0,16.07,22,nan
3/30/2023 6:08:12,1.14.0,Free_feed,11,4.10,nan,1,RightWithPellet,Left,215,258,313,0,nan,nan,0.01
3/30/2023 6:08:38,1.14.0,Free_feed,11,4.10,nan,1,LeftWithPellet,Left,216,258,313,0,nan,nan,0.05
3/30/2023 6:08:43,1.14.0,Free_feed,11,4.10,nan,1,RightWithPellet,Left,216,259,313,0,nan,nan,0.14
3/30/2023 6:13:02,1.14.0,Free_feed,11,4.10,1,1,Pellet,Left,216,259,314,0,Timed_out,1329,nan
3/30/2023 6:13:08,1.14.0,Free_feed,11,4.09,1,1,Pellet,Left,216,259,315,0,1.83,6,nan
3/30/2023 6:13:26,1.14.0,Free_feed,11,4.09,nan,1,LeftWithPellet,Left,217,259,315,0,nan,nan,0.48
3/30/2023 6:27:33,1.14.0,Free_feed,11,4.09,nan,1,LeftWithPellet,Left,218,259,315,0,nan,nan,0.15
3/30/2023 6:27:35,1.14.0,Free_feed,11,4.10,nan,1,LeftWithPellet,Left,219,259,315,0,nan,nan,0.49
3/30/2023 6:30:32,1.14.0,Free_feed,11,4.10,nan,1,LeftWithPellet,Left,220,259,315,0,nan,nan,0.30
3/30/2023 6:30:34,1.14.0,Free_feed,11,4.09,nan,1,LeftWithPellet,Left,221,259,315,0,nan,nan,0.13
3/30/2023 6:30:35,1.14.0,Free_feed,11,4.09,nan,1,LeftWithPellet,Left,222,259,315,0,nan,nan,0.33
3/30/2023 6:30:40,1.14.0,Free_feed,11,4.10,nan,1,LeftWithPellet,Left,223,259,315,0,nan,nan,0.02
3/30/2023 6:30:42,1.14.0,Free_feed,11,4.10,nan,1,LeftWithPellet,Left,224,259,315,0,nan,nan,0.28
3/30/2023 6:30:46,1.14.0,Free_feed,11,4.10,nan,1,LeftWithPellet,Left,225,259,315,0,nan,nan,0.22
3/30/2023 6:30:47,1.14.0,Free_feed,11,4.09,nan,1,LeftWithPellet,Left,226,259,315,0,nan,nan,0.02
3/30/2023 6:30:50,1.14.0,Free_feed,11,4.09,2,1,Pellet,Left,226,259,316,0,Timed_out,1062,nan
3/30/2023 6:30:54,1.14.0,Free_feed,11,4.09,1,1,Pellet,Left,226,259,317,0,0.12,4,nan
3/30/2023 6:31:27,1.14.0,Free_feed,11,4.09,2,1,Pellet,Left,226,259,318,0,23.08,33,nan
3/30/2023 6:32:05,1.14.0,Free_feed,11,4.10,1,1,Pellet,Left,226,259,319,0,30.97,38,nan
3/30/2023 6:32:22,1.14.0,Free_feed,11,4.09,1,1,Pellet,Left,226,259,320,0,10.23,17,nan
3/30/2023 6:32:43,1.14.0,Free_feed,11,4.10,1,1,Pellet,Left,226,259,321,0,13.06,21,nan
3/30/2023 6:33:00,1.14.0,Free_feed,11,4.10,1,1,Pellet,Left,226,259,322,0,10.73,17,nan
3/30/2023 6:33:02,1.14.0,Free_feed,11,4.09,1,1,Pellet,Left,226,259,323,0,0.30,2,nan
3/30/2023 6:33:22,1.14.0,Free_feed,11,4.09,1,1,Pellet,Left,226,259,324,0,12.33,20,nan
3/30/2023 6:33:38,1.14.0,Free_feed,11,4.09,1,1,Pellet,Left,226,259,325,0,8.15,16,nan
3/30/2023 8:32:17,1.14.0,Free_feed,11,4.09,2,1,Pellet,Left,226,259,326,0,Timed_out,7119,nan
3/30/2023 8:32:45,1.14.0,Free_feed,11,4.09,1,1,Pellet,Left,226,259,327,0,20.76,28,nan
3/30/2023 8:32:48,1.14.0,Free_feed,11,4.09,1,1,Pellet,Left,226,259,328,0,0.12,3,nan
3/30/2023 8:36:10,1.14.0,Free_feed,11,4.09,1,1,Pellet,Left,226,259,329,0,Timed_out,202,nan
3/30/2023 8:36:37,1.14.0,Free_feed,11,4.09,1,1,Pellet,Left,226,259,330,0,19.65,27,nan
3/30/2023 8:36:58,1.14.0,Free_feed,11,4.09,1,1,Pellet,Left,226,259,331,0,14.05,21,nan
3/30/2023 9:06:59,1.14.0,Free_feed,11,4.09,1,1,Pellet,Left,226,259,332,0,Timed_out,1800,nan
3/30/2023 9:08:10,1.14.0,Free_feed,11,4.09,1,1,Pellet,Left,226,259,333,0,Timed_out,72,nan
3/30/2023 9:08:33,1.14.0,Free_feed,11,4.09,2,1,Pellet,Left,226,259,334,0,13.92,23,nan
3/30/2023 9:08:52,1.14.0,Free_feed,11,4.09,1,1,Pellet,Left,226,259,335,0,11.34,19,nan
3/30/2023 9:09:11,1.14.0,Free_feed,11,4.09,2,1,Pellet,Left,226,259,336,0,11.71,19,nan
3/30/2023 9:09:32,1.14.0,Free_feed,11,4.09,1,1,Pellet,Left,226,259,337,0,14.23,21,nan
3/30/2023 9:09:36,1.14.0,Free_feed,11,4.09,1,1,Pellet,Left,226,259,338,0,1.89,4,nan
3/30/2023 9:10:00,1.14.0,Free_feed,11,4.09,1,1,Pellet,Left,226,259,339,0,22.05,24,nan
3/30/2023 9:10:17,1.14.0,Free_feed,11,4.09,1,1,Pellet,Left,226,259,340,0,9.80,17,nan
3/30/2023 9:27:09,1.14.0,Free_feed,11,4.09,nan,1,RightWithPellet,Left,226,260,340,0,nan,nan,0.06
3/30/2023 9:27:18,1.14.0,Free_feed,11,4.09,nan,1,RightWithPellet,Left,226,261,340,0,nan,nan,0.88
3/30/2023 9:27:19,1.14.0,Free_feed,11,4.09,nan,1,RightWithPellet,Left,226,262,340,0,nan,nan,0.25
3/30/2023 9:27:29,1.14.0,Free_feed,11,4.09,nan,1,RightWithPellet,Left,226,263,340,0,nan,nan,0.32
3/30/2023 9:27:30,1.14.0,Free_feed,11,4.09,nan,1,RightWithPellet,Left,226,264,340,0,nan,nan,0.02
3/30/2023 9:27:31,1.14.0,Free_feed,11,4.08,nan,1,RightWithPellet,Left,226,265,340,0,nan,nan,0.06
3/30/2023 9:27:32,1.14.0,Free_feed,11,4.09,nan,1,RightWithPellet,Left,226,266,340,0,nan,nan,0.09
3/30/2023 9:27:36,1.14.0,Free_feed,11,4.09,nan,1,RightWithPellet,Left,226,267,340,0,nan,nan,1.45
3/30/2023 9:27:36,1.14.0,Free_feed,11,4.09,nan,1,RightWithPellet,Left,226,268,340,0,nan,nan,0.16
3/30/2023 9:27:38,1.14.0,Free_feed,11,4.09,nan,1,RightWithPellet,Left,226,269,340,0,nan,nan,0.11
3/30/2023 9:28:10,1.14.0,Free_feed,11,4.09,nan,1,LeftWithPellet,Left,227,269,340,0,nan,nan,0.01
3/30/2023 9:28:27,1.14.0,Free_feed,11,4.09,nan,1,LeftWithPellet,Left,228,269,340,0,nan,nan,0.04
3/30/2023 9:29:29,1.14.0,Free_feed,11,4.09,nan,1,RightWithPellet,Left,228,270,340,0,nan,nan,0.13
3/30/2023 9:31:19,1.14.0,Free_feed,11,4.09,nan,1,LeftWithPellet,Left,229,270,340,0,nan,nan,0.01
3/30/2023 9:38:14,1.14.0,Free_feed,11,4.09,nan,1,LeftWithPellet,Left,230,270,340,0,nan,nan,0.13
3/30/2023 9:38:15,1.14.0,Free_feed,11,4.09,nan,1,LeftWithPellet,Left,231,270,340,0,nan,nan,0.32
3/30/2023 9:38:17,1.14.0,Free_feed,11,4.09,nan,1,LeftWithPellet,Left,232,270,340,0,nan,nan,0.54
3/30/2023 9:41:54,1.14.0,Free_feed,11,4.09,1,1,Pellet,Left,232,270,341,0,Timed_out,1897,nan
