MM:DD:YYYY hh:mm:ss,Device_Number,Battery_Voltage,Motor_Turns,Session_Type,Event,Active_Poke,Left_Poke_Count,Right_Poke_Count,Pellet_Count,Retrieval_Time,Concat_#,Mode
2023-03-29 11:02:50,22,4.19,11.0,Free_feed,Pellet,Left,0,0,1,,0,Free_feed
2023-03-29 11:05:42,22,4.19,,Free_feed,Poke,Left,1,0,1,,0,Free_feed
2023-03-29 11:07:19,22,4.19,,Free_feed,Poke,Left,2,0,1,,0,Free_feed
2023-03-29 11:09:34,22,4.19,4.0,Free_feed,Pellet,Left,2,0,2,,0,Free_feed
2023-03-29 11:11:17,22,4.18,,Free_feed,Poke,Left,2,1,2,,0,Free_feed
2023-03-29 11:11:21,22,4.19,,Free_feed,Poke,Left,2,2,2,,0,Free_feed
2023-03-29 11:11:51,22,4.18,2.0,Free_feed,Pellet,Left,2,2,3,,0,Free_feed
2023-03-29 11:12:13,22,4.18,1.0,Free_feed,Pellet,Left,2,2,4,14.78,0,Free_feed
2023-03-29 11:12:15,22,4.19,1.0,Free_feed,Pellet,Left,2,2,5,0.3,0,Free_feed
2023-03-29 11:12:48,22,4.18,,Free_feed,Poke,Left,3,2,5,,0,Free_feed
2023-03-29 11:12:48,22,4.19,,Free_feed,Poke,Left,4,2,5,,0,Free_feed
2023-03-29 11:12:52,22,4.19,1.0,Free_feed,Pellet,Left,4,2,6,30.07,0,Free_feed
2023-03-29 11:13:07,22,4.18,,Free_feed,Poke,Left,4,3,6,,0,Free_feed
2023-03-29 11:15:03,22,4.18,1.0,Free_feed,Pellet,Left,4,3,7,,0,Free_feed
2023-03-29 11:17:50,22,4.18,,Free_feed,Poke,Left,5,3,7,,0,Free_feed
2023-03-29 11:18:50,22,4.19,,Free_feed,Poke,Left,6,3,7,,0,Free_feed
2023-03-29 11:18:54,22,4.18,1.0,Free_feed,Pellet,Left,6,3,8,,0,Free_feed
2023-03-29 11:18:55,22,4.19,1.0,Free_feed,Pellet,Left,6,3,9,0.06,0,Free_feed
2023-03-29 11:19:03,22,4.18,1.0,Free_feed,Pellet,Left,6,3,10,1.28,0,Free_feed
2023-03-29 11:24:06,22,4.18,,Free_feed,Poke,Left,6,4,10,,0,Free_feed
2023-03-29 11:24:28,22,4.18,,Free_feed,Poke,Left,7,4,10,,0,Free_feed
2023-03-29 11:24:35,22,4.19,,Free_feed,Poke,Left,7,5,10,,0,Free_feed
2023-03-29 11:24:38,22,4.19,,Free_feed,Poke,Left,7,6,10,,0,Free_feed
2023-03-29 11:26:20,22,4.18,1.0,Free_feed,Pellet,Left,7,6,11,,0,Free_feed
2023-03-29 11:26:22,22,4.19,1.0,Free_feed,Pellet,Left,7,6,12,0.06,0,Free_feed
2023-03-29 11:26:28,22,4.18,1.0,Free_feed,Pellet,Left,7,6,13,0.12,0,Free_feed
2023-03-29 11:28:10,22,4.18,2.0,Free_feed,Pellet,Left,7,6,14,,0,Free_feed
2023-03-29 11:28:29,22,4.19,2.0,Free_feed,Pellet,Left,7,6,15,12.14,0,Free_feed
2023-03-29 11:28:38,22,4.18,,Free_feed,Poke,Left,8,6,15,,0,Free_feed
2023-03-29 11:28:42,22,4.18,,Free_feed,Poke,Left,8,7,15,,0,Free_feed
2023-03-29 11:28:43,22,4.18,,Free_feed,Poke,Left,8,8,15,,0,Free_feed
2023-03-29 11:28:54,22,4.18,,Free_feed,Poke,Left,9,8,15,,0,Free_feed
2023-03-29 11:29:03,22,4.18,,Free_feed,Poke,Left,10,8,15,,0,Free_feed
2023-03-29 11:29:05,22,4.19,,Free_feed,Poke,Left,11,8,15,,0,Free_feed
2023-03-29 11:29:06,22,4.19,,Free_feed,Poke,Left,12,8,15,,0,Free_feed
2023-03-29 11:30:12,22,4.18,,Free_feed,Poke,Left,13,8,15,,0,Free_feed
2023-03-29 11:32:48,22,4.18,,Free_feed,Poke,Left,13,9,15,,0,Free_feed
2023-03-29 11:33:30,22,4.19,,Free_feed,Poke,Left,14,9,15,,0,Free_feed
2023-03-29 11:37:46,22,4.18,,Free_feed,Poke,Left,14,10,15,,0,Free_feed
2023-03-29 11:37:52,22,4.18,2.0,Free_feed,Pellet,Left,14,10,16,,0,Free_feed
2023-03-29 11:38:00,22,4.18,1.0,Free_feed,Pellet,Left,14,10,17,0.97,0,Free_feed
2023-03-29 11:39:28,22,4.18,,Free_feed,Poke,Left,14,11,17,,0,Free_feed
2023-03-29 11:39:30,22,4.19,,Free_feed,Poke,Left,14,12,17,,0,Free_feed
2023-03-29 11:39:51,22,4.18,1.0,Free_feed,Pellet,Left,14,12,18,,0,Free_feed
2023-03-29 11:42:43,22,4.18,1.0,Free_feed,Pellet,Left,14,12,19,,0,Free_feed
2023-03-29 11:50:27,22,4.18,1.0,Free_feed,Pellet,Left,14,12,20,,0,Free_feed
2023-03-29 11:56:53,22,4.18,,Free_feed,Poke,Left,14,13,20,,0,Free_feed
2023-03-29 12:02:12,22,4.18,1.0,Free_feed,Pellet,Left,14,13,21,,0,Free_feed
2023-03-29 12:02:14,22,4.18,1.0,Free_feed,Pellet,Left,14,13,22,0.36,0,Free_feed
2023-03-29 12:02:45,22,4.18,1.0,Free_feed,Pellet,Left,14,13,23,25.02,0,Free_feed
2023-03-29 12:03:01,22,4.18,,Free_feed,Poke,Left,14,14,23,,0,Free_feed
2023-03-29 12:06:52,22,4.18,1.0,Free_feed,Pellet,Left,14,14,24,,0,Free_feed
2023-03-29 12:07:16,22,4.18,1.0,Free_feed,Pellet,Left,14,14,25,18.05,0,Free_feed
2023-03-29 12:07:56,22,4.18,,Free_feed,Poke,Left,15,14,25,,0,Free_feed
2023-03-29 12:08:30,22,4.18,,Free_feed,Poke,Left,16,14,25,,0,Free_feed
2023-03-29 12:08:34,22,4.18,,Free_feed,Poke,Left,17,14,25,,0,Free_feed
2023-03-29 12:08:45,22,4.18,,Free_feed,Poke,Left,18,14,25,,0,Free_feed
2023-03-29 12:08:46,22,4.18,,Free_feed,Poke,Left,19,14,25,,0,Free_feed
2023-03-29 12:09:02,22,4.18,,Free_feed,Poke,Left,19,15,25,,0,Free_feed
2023-03-29 12:09:02,22,4.18,,Free_feed,Poke,Left,19,16,25,,0,Free_feed
2023-03-29 12:09:49,22,4.18,,Free_feed,Poke,Left,20,16,25,,0,Free_feed
2023-03-29 12:09:57,22,4.18,,Free_feed,Poke,Left,21,16,25,,0,Free_feed
2023-03-29 12:10:00,22,4.18,,Free_feed,Poke,Left,22,16,25,,0,Free_feed
2023-03-29 12:10:44,22,4.18,,Free_feed,Poke,Left,22,17,25,,0,Free_feed
2023-03-29 12:10:52,22,4.18,,Free_feed,Poke,Left,22,18,25,,0,Free_feed
2023-03-29 12:10:55,22,4.18,,Free_feed,Poke,Left,22,19,25,,0,Free_feed
2023-03-29 12:11:39,22,4.18,,Free_feed,Poke,Left,23,19,25,,0,Free_feed
2023-03-29 12:11:44,22,4.18,,Free_feed,Poke,Left,24,19,25,,0,Free_feed
2023-03-29 12:11:52,22,4.18,,Free_feed,Poke,Left,24,20,25,,0,Free_feed
2023-03-29 12:11:59,22,4.18,,Free_feed,Poke,Left,24,21,25,,0,Free_feed
2023-03-29 12:15:43,22,4.18,,Free_feed,Poke,Left,24,22,25,,0,Free_feed
2023-03-29 12:15:45,22,4.18,,Free_feed,Poke,Left,24,23,25,,0,Free_feed
2023-03-29 12:15:53,22,4.18,1.0,Free_feed,Pellet,Left,24,23,26,,0,Free_feed
2023-03-29 12:15:55,22,4.18,1.0,Free_feed,Pellet,Left,24,23,27,0.06,0,Free_feed
2023-03-29 12:16:38,22,4.18,1.0,Free_feed,Pellet,Left,24,23,28,42.03,0,Free_feed
2023-03-29 12:17:27,22,4.18,,Free_feed,Poke,Left,25,23,28,,0,Free_feed
2023-03-29 12:17:30,22,4.18,,Free_feed,Poke,Left,26,23,28,,0,Free_feed
2023-03-29 12:17:46,22,4.18,1.0,Free_feed,Pellet,Left,26,23,29,,0,Free_feed
2023-03-29 12:20:01,22,4.18,1.0,Free_feed,Pellet,Left,26,23,30,,0,Free_feed
2023-03-29 12:20:04,22,4.18,1.0,Free_feed,Pellet,Left,26,23,31,1.34,0,Free_feed
2023-03-29 12:20:37,22,4.18,1.0,Free_feed,Pellet,Left,26,23,32,25.82,0,Free_feed
2023-03-29 12:20:39,22,4.18,1.0,Free_feed,Pellet,Left,26,23,33,0.06,0,Free_feed
2023-03-29 12:20:57,22,4.18,1.0,Free_feed,Pellet,Left,26,23,34,10.24,0,Free_feed
2023-03-29 12:24:06,22,4.18,,Free_feed,Poke,Left,26,24,34,,0,Free_feed
2023-03-29 12:27:56,22,4.18,8.0,Free_feed,Pellet,Left,26,24,35,,0,Free_feed
2023-03-29 12:29:02,22,4.18,1.0,Free_feed,Pellet,Left,26,24,36,58.58,0,Free_feed
2023-03-29 12:29:18,22,4.18,1.0,Free_feed,Pellet,Left,26,24,37,8.59,0,Free_feed
2023-03-29 12:29:37,22,4.18,1.0,Free_feed,Pellet,Left,26,24,38,11.66,0,Free_feed
2023-03-29 12:29:54,22,4.18,,Free_feed,Poke,Left,26,25,38,,0,Free_feed
2023-03-29 12:30:00,22,4.18,,Free_feed,Poke,Left,27,25,38,,0,Free_feed
2023-03-29 12:31:00,22,4.18,,Free_feed,Poke,Left,28,25,38,,0,Free_feed
2023-03-29 12:31:19,22,4.18,,Free_feed,Poke,Left,28,26,38,,0,Free_feed
2023-03-29 12:31:21,22,4.18,,Free_feed,Poke,Left,28,27,38,,0,Free_feed
2023-03-29 12:31:33,22,4.18,,Free_feed,Poke,Left,28,28,38,,0,Free_feed
2023-03-29 12:31:42,22,4.18,1.0,Free_feed,Pellet,Left,28,28,39,,0,Free_feed
2023-03-29 12:32:21,22,4.18,,Free_feed,Poke,Left,28,29,39,,0,Free_feed
2023-03-29 12:32:21,22,4.18,,Free_feed,Poke,Left,28,30,39,,0,Free_feed
2023-03-29 12:32:22,22,4.18,,Free_feed,Poke,Left,28,31,39,,0,Free_feed
2023-03-29 12:32:33,22,4.18,,Free_feed,Poke,Left,29,31,39,,0,Free_feed
2023-03-29 12:33:40,22,4.18,,Free_feed,Poke,Left,29,32,39,,0,Free_feed
2023-03-29 12:33:42,22,4.18,,Free_feed,Poke,Left,30,32,39,,0,Free_feed
2023-03-29 12:33:43,22,4.18,,Free_feed,Poke,Left,31,32,39,,0,Free_feed
2023-03-29 12:33:44,22,4.18,,Free_feed,Poke,Left,32,32,39,,0,Free_feed
2023-03-29 12:35:49,22,4.18,,Free_feed,Poke,Left,33,32,39,,0,Free_feed
2023-03-29 12:36:11,22,4.18,,Free_feed,Poke,Left,34,32,39,,0,Free_feed
2023-03-29 12:36:30,22,4.18,,Free_feed,Poke,Left,34,33,39,,0,Free_feed
2023-03-29 12:37:23,22,4.18,,Free_feed,Poke,Left,35,33,39,,0,Free_feed
2023-03-29 12:37:24,22,4.18,,Free_feed,Poke,Left,36,33,39,,0,Free_feed
2023-03-29 12:37:25,22,4.18,,Free_feed,Poke,Left,37,33,39,,0,Free_feed
2023-03-29 12:37:34,22,4.18,,Free_feed,Poke,Left,38,33,39,,0,Free_feed
2023-03-29 12:37:38,22,4.18,,Free_feed,Poke,Left,39,33,39,,0,Free_feed
2023-03-29 12:37:39,22,4.18,,Free_feed,Poke,Left,40,33,39,,0,Free_feed
2023-03-29 12:37:44,22,4.18,,Free_feed,Poke,Left,41,33,39,,0,Free_feed
2023-03-29 12:38:01,22,4.18,,Free_feed,Poke,Left,42,33,39,,0,Free_feed
2023-03-29 12:38:19,22,4.18,,Free_feed,Poke,Left,42,34,39,,0,Free_feed
2023-03-29 12:38:22,22,4.18,,Free_feed,Poke,Left,42,35,39,,0,Free_feed
2023-03-29 12:38:24,22,4.18,,Free_feed,Poke,Left,42,36,39,,0,Free_feed
2023-03-29 12:38:32,22,4.18,,Free_feed,Poke,Left,42,37,39,,0,Free_feed
2023-03-29 12:38:35,22,4.18,,Free_feed,Poke,Left,42,38,39,,0,Free_feed
2023-03-29 12:38:45,22,4.18,1.0,Free_feed,Pellet,Left,42,38,40,,0,Free_feed
2023-03-29 12:39:10,22,4.18,,Free_feed,Poke,Left,43,38,40,,0,Free_feed
2023-03-29 12:39:39,22,4.18,,Free_feed,Poke,Left,44,38,40,,0,Free_feed
2023-03-29 12:41:35,22,4.18,,Free_feed,Poke,Left,44,39,40,,0,Free_feed
2023-03-29 12:44:07,22,4.18,,Free_feed,Poke,Left,45,39,40,,0,Free_feed
2023-03-29 12:44:49,22,4.18,1.0,Free_feed,Pellet,Left,45,39,41,,0,Free_feed
2023-03-29 12:45:12,22,4.18,1.0,Free_feed,Pellet,Left,45,39,42,15.22,0,Free_feed
2023-03-29 12:46:13,22,4.18,,Free_feed,Poke,Left,45,40,42,,0,Free_feed
2023-03-29 12:49:01,22,4.18,,Free_feed,Poke,Left,46,40,42,,0,Free_feed
2023-03-29 12:49:25,22,4.18,,Free_feed,Poke,Left,47,40,42,,0,Free_feed
2023-03-29 12:49:31,22,4.18,,Free_feed,Poke,Left,48,40,42,,0,Free_feed
2023-03-29 12:49:34,22,4.18,,Free_feed,Poke,Left,49,40,42,,0,Free_feed
2023-03-29 12:49:38,22,4.18,1.0,Free_feed,Pellet,Left,49,40,43,,0,Free_feed
2023-03-29 13:07:40,22,4.18,1.0,Free_feed,Pellet,Left,49,40,44,,0,Free_feed
2023-03-29 13:08:15,22,4.18,1.0,Free_feed,Pellet,Left,49,40,45,28.46,0,Free_feed
2023-03-29 13:08:56,22,4.18,1.0,Free_feed,Pellet,Left,49,40,46,33.84,0,Free_feed
2023-03-29 13:09:16,22,4.18,,Free_feed,Poke,Left,49,41,46,,0,Free_feed
2023-03-29 13:09:17,22,4.18,,Free_feed,Poke,Left,49,42,46,,0,Free_feed
2023-03-29 13:10:09,22,4.18,,Free_feed,Poke,Left,50,42,46,,0,Free_feed
2023-03-29 13:10:10,22,4.18,,Free_feed,Poke,Left,51,42,46,,0,Free_feed
2023-03-29 13:11:36,22,4.18,,Free_feed,Poke,Left,52,42,46,,0,Free_feed
2023-03-29 13:11:41,22,4.18,1.0,Free_feed,Pellet,Left,52,42,47,,0,Free_feed
2023-03-29 13:11:55,22,4.18,,Free_feed,Poke,Left,52,43,47,,0,Free_feed
2023-03-29 13:12:23,22,4.18,,Free_feed,Poke,Left,52,44,47,,0,Free_feed
2023-03-29 13:12:31,22,4.18,1.0,Free_feed,Pellet,Left,52,44,48,43.22,0,Free_feed
2023-03-29 13:13:35,22,4.18,,Free_feed,Poke,Left,53,44,48,,0,Free_feed
2023-03-29 13:14:29,22,4.18,,Free_feed,Poke,Left,53,45,48,,0,Free_feed
2023-03-29 13:15:15,22,4.18,,Free_feed,Poke,Left,54,45,48,,0,Free_feed
2023-03-29 13:21:25,22,4.18,,Free_feed,Poke,Left,55,45,48,,0,Free_feed
2023-03-29 13:21:27,22,4.18,,Free_feed,Poke,Left,56,45,48,,0,Free_feed
2023-03-29 13:22:06,22,4.18,,Free_feed,Poke,Left,57,45,48,,0,Free_feed
2023-03-29 13:22:47,22,4.18,,Free_feed,Poke,Left,58,45,48,,0,Free_feed
2023-03-29 13:22:51,22,4.18,,Free_feed,Poke,Left,59,45,48,,0,Free_feed
2023-03-29 13:22:58,22,4.18,1.0,Free_feed,Pellet,Left,59,45,49,,0,Free_feed
2023-03-29 13:31:30,22,4.18,,Free_feed,Poke,Left,60,45,49,,0,Free_feed
2023-03-29 13:31:31,22,4.18,,Free_feed,Poke,Left,61,45,49,,0,Free_feed
2023-03-29 13:31:33,22,4.18,,Free_feed,Poke,Left,62,45,49,,0,Free_feed
2023-03-29 13:31:35,22,4.17,,Free_feed,Poke,Left,63,45,49,,0,Free_feed
2023-03-29 13:31:37,22,4.18,,Free_feed,Poke,Left,64,45,49,,0,Free_feed
2023-03-29 13:31:45,22,4.18,,Free_feed,Poke,Left,65,45,49,,0,Free_feed
2023-03-29 13:32:04,22,4.18,1.0,Free_feed,Pellet,Left,65,45,50,,0,Free_feed
2023-03-29 14:04:37,22,4.18,1.0,Free_feed,Pellet,Left,65,45,51,,0,Free_feed
2023-03-29 14:05:44,22,4.17,1.0,Free_feed,Pellet,Left,65,45,52,,0,Free_feed
2023-03-29 14:06:32,22,4.16,1.0,Free_feed,Pellet,Left,65,45,53,39.94,0,Free_feed
2023-03-29 14:06:47,22,4.18,1.0,Free_feed,Pellet,Left,65,45,54,8.65,0,Free_feed
2023-03-29 14:08:33,22,4.18,1.0,Free_feed,Pellet,Left,65,45,55,,0,Free_feed
2023-03-29 14:08:55,22,4.17,2.0,Free_feed,Pellet,Left,65,45,56,14.06,0,Free_feed
2023-03-29 14:09:18,22,4.17,1.0,Free_feed,Pellet,Left,65,45,57,16.7,0,Free_feed
2023-03-29 15:03:03,22,4.17,1.0,Free_feed,Pellet,Left,65,45,58,,0,Free_feed
2023-03-29 15:03:19,22,4.18,1.0,Free_feed,Pellet,Left,65,45,59,8.89,0,Free_feed
2023-03-29 15:04:05,22,4.17,1.0,Free_feed,Pellet,Left,65,45,60,38.71,0,Free_feed
2023-03-29 15:04:21,22,4.18,1.0,Free_feed,Pellet,Left,65,45,61,9.08,0,Free_feed
2023-03-29 15:04:43,22,4.16,1.0,Free_feed,Pellet,Left,65,45,62,14.79,0,Free_feed
2023-03-29 15:47:51,12,4.17,1.0,Free_feed,Pellet,Left,65,45,63,,1,Free_feed
2023-03-29 15:48:24,12,4.17,3.0,Free_feed,Pellet,Left,65,45,64,23.52,1,Free_feed
2023-03-29 15:48:34,12,4.17,2.0,Free_feed,Pellet,Left,65,45,65,3.06,1,Free_feed
2023-03-29 15:48:50,12,4.17,2.0,Free_feed,Pellet,Left,65,45,66,7.97,1,Free_feed
2023-03-29 15:49:06,12,4.17,1.0,Free_feed,Pellet,Left,65,45,67,8.82,1,Free_feed
2023-03-29 15:49:07,12,4.17,1.0,Free_feed,Pellet,Left,65,45,68,0.06,1,Free_feed
2023-03-29 15:50:28,12,4.17,1.0,Free_feed,Pellet,Left,65,45,69,,1,Free_feed
2023-03-29 15:53:13,12,4.17,,Free_feed,Poke,Left,65,46,69,,1,Free_feed
2023-03-29 15:58:10,12,4.17,1.0,Free_feed,Pellet,Left,65,46,70,,1,Free_feed
2023-03-29 15:58:34,12,4.17,1.0,Free_feed,Pellet,Left,65,46,71,17.44,1,Free_feed
2023-03-29 15:58:47,12,4.17,1.0,Free_feed,Pellet,Left,65,46,72,5.33,1,Free_feed
2023-03-29 15:59:05,12,4.16,1.0,Free_feed,Pellet,Left,65,46,73,9.75,1,Free_feed
2023-03-29 15:59:21,12,4.17,1.0,Free_feed,Pellet,Left,65,46,74,8.64,1,Free_feed
2023-03-29 15:59:39,12,4.17,2.0,Free_feed,Pellet,Left,65,46,75,9.26,1,Free_feed
2023-03-29 15:59:55,12,4.17,1.0,Free_feed,Pellet,Left,65,46,76,8.09,1,Free_feed
2023-03-29 15:59:57,12,4.16,1.0,Free_feed,Pellet,Left,65,46,77,0.18,1,Free_feed
2023-03-29 15:59:58,12,4.17,1.0,Free_feed,Pellet,Left,65,46,78,0.06,1,Free_feed
2023-03-29 16:00:14,12,4.16,1.0,Free_feed,Pellet,Left,65,46,79,9.25,1,Free_feed
2023-03-29 16:01:59,12,4.17,,Free_feed,Poke,Left,66,46,79,,1,Free_feed
2023-03-29 16:02:15,12,4.17,,Free_feed,Poke,Left,67,46,79,,1,Free_feed
2023-03-29 16:02:23,12,4.17,,Free_feed,Poke,Left,68,46,79,,1,Free_feed
2023-03-29 16:02:29,12,4.17,,Free_feed,Poke,Left,68,47,79,,1,Free_feed
2023-03-29 16:19:33,12,4.16,1.0,Free_feed,Pellet,Left,68,47,80,,1,Free_feed
2023-03-29 16:20:06,12,4.17,1.0,Free_feed,Pellet,Left,68,47,81,25.8,1,Free_feed
2023-03-29 16:20:39,12,4.17,1.0,Free_feed,Pellet,Left,68,47,82,25.32,1,Free_feed
2023-03-29 16:20:54,12,4.17,1.0,Free_feed,Pellet,Left,68,47,83,7.48,1,Free_feed
2023-03-29 16:21:08,12,4.16,1.0,Free_feed,Pellet,Left,68,47,84,6.37,1,Free_feed
2023-03-29 16:21:29,12,4.16,1.0,Free_feed,Pellet,Left,68,47,85,13.56,1,Free_feed
2023-03-29 16:21:48,12,4.17,1.0,Free_feed,Pellet,Left,68,47,86,11.35,1,Free_feed
2023-03-29 16:22:03,12,4.17,1.0,Free_feed,Pellet,Left,68,47,87,7.97,1,Free_feed
2023-03-29 17:01:57,12,4.17,1.0,Free_feed,Pellet,Left,68,47,88,,1,Free_feed
2023-03-29 17:03:13,12,4.16,1.0,Free_feed,Pellet,Left,68,47,89,,1,Free_feed
2023-03-29 17:03:26,12,4.16,1.0,Free_feed,Pellet,Left,68,47,90,7.05,1,Free_feed
2023-03-29 17:03:46,12,4.16,1.0,Free_feed,Pellet,Left,68,47,91,12.39,1,Free_feed
2023-03-29 17:05:49,12,4.16,1.0,Free_feed,Pellet,Left,68,47,92,,1,Free_feed
2023-03-29 17:05:51,12,4.17,1.0,Free_feed,Pellet,Left,68,47,93,0.3,1,Free_feed
2023-03-29 17:36:43,12,4.16,1.0,Free_feed,Pellet,Left,68,47,94,,1,Free_feed
2023-03-29 17:42:41,12,4.16,1.0,Free_feed,Pellet,Left,68,47,95,,1,Free_feed
2023-03-29 17:43:06,12,4.16,1.0,Free_feed,Pellet,Left,68,47,96,17.25,1,Free_feed
2023-03-29 17:43:22,12,4.16,1.0,Free_feed,Pellet,Left,68,47,97,9.81,1,Free_feed
2023-03-29 17:43:44,12,4.16,1.0,Free_feed,Pellet,Left,68,47,98,14.85,1,Free_feed
2023-03-29 17:44:24,12,4.16,1.0,Free_feed,Pellet,Left,68,47,99,32.28,1,Free_feed
2023-03-29 17:45:03,12,4.16,1.0,Free_feed,Pellet,Left,68,47,100,31.16,1,Free_feed
2023-03-29 17:45:20,12,4.16,1.0,Free_feed,Pellet,Left,68,47,101,10.36,1,Free_feed
2023-03-29 17:45:38,12,4.16,1.0,Free_feed,Pellet,Left,68,47,102,10.73,1,Free_feed
2023-03-29 17:45:40,12,4.16,1.0,Free_feed,Pellet,Left,68,47,103,0.06,1,Free_feed
2023-03-29 17:45:41,12,4.16,1.0,Free_feed,Pellet,Left,68,47,104,0.06,1,Free_feed
2023-03-29 17:46:04,12,4.16,1.0,Free_feed,Pellet,Left,68,47,105,15.83,1,Free_feed
2023-03-29 18:22:38,12,4.16,1.0,Free_feed,Pellet,Left,68,47,106,,1,Free_feed
2023-03-29 18:22:53,12,4.16,2.0,Free_feed,Pellet,Left,68,47,107,6.86,1,Free_feed
2023-03-29 18:27:52,12,4.16,1.0,Free_feed,Pellet,Left,68,47,108,,1,Free_feed
2023-03-29 18:28:04,12,4.16,2.0,Free_feed,Pellet,Left,68,47,109,3.18,1,Free_feed
2023-03-29 18:28:06,12,4.16,1.0,Free_feed,Pellet,Left,68,47,110,0.3,1,Free_feed
2023-03-29 18:52:07,12,4.16,1.0,Free_feed,Pellet,Left,68,47,111,,1,Free_feed
2023-03-29 18:52:28,12,4.16,1.0,Free_feed,Pellet,Left,68,47,112,14.3,1,Free_feed
2023-03-29 18:52:30,12,4.16,1.0,Free_feed,Pellet,Left,68,47,113,0.36,1,Free_feed
2023-03-29 18:56:29,12,4.16,1.0,Free_feed,Pellet,Left,68,47,114,,1,Free_feed
2023-03-29 18:56:30,12,4.16,1.0,Free_feed,Pellet,Left,68,47,115,0.06,1,Free_feed
2023-03-29 18:56:42,12,4.16,1.0,Free_feed,Pellet,Left,68,47,116,4.04,1,Free_feed
2023-03-29 18:56:43,12,4.16,1.0,Free_feed,Pellet,Left,68,47,117,0.06,1,Free_feed
2023-03-29 18:57:28,12,4.16,1.0,Free_feed,Pellet,Left,68,47,118,37.05,1,Free_feed
2023-03-29 18:57:52,12,4.16,1.0,Free_feed,Pellet,Left,68,47,119,21.63,1,Free_feed
2023-03-29 18:58:11,12,4.16,2.0,Free_feed,Pellet,Left,68,47,120,15.53,1,Free_feed
2023-03-29 18:58:38,12,4.16,1.0,Free_feed,Pellet,Left,68,47,121,19.97,1,Free_feed
2023-03-29 18:58:40,12,4.16,1.0,Free_feed,Pellet,Left,68,47,122,0.06,1,Free_feed
2023-03-29 18:58:41,12,4.16,1.0,Free_feed,Pellet,Left,68,47,123,0.06,1,Free_feed
2023-03-29 19:23:56,12,4.16,1.0,Free_feed,Pellet,Left,68,47,124,,1,Free_feed
2023-03-29 19:28:17,12,4.16,1.0,Free_feed,Pellet,Left,68,47,125,,1,Free_feed
2023-03-29 19:28:19,12,4.16,1.0,Free_feed,Pellet,Left,68,47,126,0.06,1,Free_feed
2023-03-29 19:28:40,12,4.16,1.0,Free_feed,Pellet,Left,68,47,127,13.56,1,Free_feed
2023-03-29 19:28:58,12,4.16,1.0,Free_feed,Pellet,Left,68,47,128,10.8,1,Free_feed
2023-03-29 19:29:29,12,4.16,1.0,Free_feed,Pellet,Left,68,47,129,23.66,1,Free_feed
2023-03-29 19:29:56,12,4.16,1.0,Free_feed,Pellet,Left,68,47,130,19.96,1,Free_feed
2023-03-29 19:29:58,12,4.16,1.0,Free_feed,Pellet,Left,68,47,131,0.61,1,Free_feed
2023-03-29 19:30:00,12,4.16,1.0,Free_feed,Pellet,Left,68,47,132,0.06,1,Free_feed
2023-03-29 19:30:21,12,4.16,1.0,Free_feed,Pellet,Left,68,47,133,13.99,1,Free_feed
2023-03-29 19:30:43,12,4.16,1.0,Free_feed,Pellet,Left,68,47,134,20.32,1,Free_feed
2023-03-29 19:36:12,12,4.16,,Free_feed,Poke,Left,68,48,134,,1,Free_feed
2023-03-29 19:36:16,12,4.15,,Free_feed,Poke,Left,69,48,134,,1,Free_feed
2023-03-29 19:36:18,12,4.15,,Free_feed,Poke,Left,70,48,134,,1,Free_feed
2023-03-29 19:36:21,12,4.16,,Free_feed,Poke,Left,71,48,134,,1,Free_feed
2023-03-29 19:36:24,12,4.16,,Free_feed,Poke,Left,72,48,134,,1,Free_feed
2023-03-29 19:53:32,12,4.16,1.0,Free_feed,Pellet,Left,72,48,135,,1,Free_feed
2023-03-29 19:54:08,12,4.16,1.0,Free_feed,Pellet,Left,72,48,136,27.79,1,Free_feed
2023-03-29 19:54:45,12,4.16,1.0,Free_feed,Pellet,Left,72,48,137,29.75,1,Free_feed
2023-03-29 19:55:01,12,4.16,1.0,Free_feed,Pellet,Left,72,48,138,8.7,1,Free_feed
2023-03-29 19:55:56,12,4.16,1.0,Free_feed,Pellet,Left,72,48,139,47.82,1,Free_feed
2023-03-29 19:55:57,12,4.16,1.0,Free_feed,Pellet,Left,72,48,140,0.06,1,Free_feed
2023-03-29 20:13:26,12,4.15,1.0,Free_feed,Pellet,Left,72,48,141,,1,Free_feed
2023-03-29 20:13:28,12,4.16,1.0,Free_feed,Pellet,Left,72,48,142,0.3,1,Free_feed
2023-03-29 20:19:07,12,4.15,1.0,Free_feed,Pellet,Left,72,48,143,,1,Free_feed
2023-03-29 20:19:45,12,4.16,1.0,Free_feed,Pellet,Left,72,48,144,30.37,1,Free_feed
2023-03-29 20:20:12,12,4.16,1.0,Free_feed,Pellet,Left,72,48,145,19.9,1,Free_feed
2023-03-29 20:39:53,12,4.16,1.0,Free_feed,Pellet,Left,72,48,146,,1,Free_feed
2023-03-29 20:39:54,12,4.15,1.0,Free_feed,Pellet,Left,72,48,147,0.06,1,Free_feed
2023-03-29 20:40:30,12,4.16,2.0,Free_feed,Pellet,Left,72,48,148,28.16,1,Free_feed
2023-03-29 20:40:50,12,4.16,1.0,Free_feed,Pellet,Left,72,48,149,12.82,1,Free_feed
2023-03-29 20:41:15,12,4.15,1.0,Free_feed,Pellet,Left,72,48,150,17.93,1,Free_feed
2023-03-29 20:41:36,12,4.15,1.0,Free_feed,Pellet,Left,72,48,151,14.18,1,Free_feed
2023-03-29 20:42:03,12,4.15,,Free_feed,Poke,Left,72,49,151,,1,Free_feed
2023-03-29 20:52:27,12,4.16,1.0,Free_feed,Pellet,Left,72,49,152,,1,Free_feed
2023-03-29 20:58:20,12,4.15,2.0,Free_feed,Pellet,Left,72,49,153,,1,Free_feed
2023-03-29 20:58:21,12,4.16,1.0,Free_feed,Pellet,Left,72,49,154,0.3,1,Free_feed
2023-03-29 20:58:56,12,4.15,1.0,Free_feed,Pellet,Left,72,49,155,28.05,1,Free_feed
2023-03-29 21:12:14,12,4.16,,Free_feed,Poke,Left,72,50,155,,1,Free_feed
2023-03-29 21:12:15,12,4.15,,Free_feed,Poke,Left,72,51,155,,1,Free_feed
2023-03-29 21:12:24,12,4.15,,Free_feed,Poke,Left,73,51,155,,1,Free_feed
2023-03-29 21:12:27,12,4.15,,Free_feed,Poke,Left,74,51,155,,1,Free_feed
2023-03-29 21:19:26,12,4.15,,Free_feed,Poke,Left,75,51,155,,1,Free_feed
2023-03-29 21:19:30,12,4.15,,Free_feed,Poke,Left,76,51,155,,1,Free_feed
2023-03-29 21:19:33,12,4.15,,Free_feed,Poke,Left,77,51,155,,1,Free_feed
2023-03-29 21:19:41,12,4.15,1.0,Free_feed,Pellet,Left,77,51,156,,1,Free_feed
2023-03-29 21:19:43,12,4.14,1.0,Free_feed,Pellet,Left,77,51,157,0.06,1,Free_feed
2023-03-29 21:20:08,12,4.15,2.0,Free_feed,Pellet,Left,77,51,158,16.27,1,Free_feed
2023-03-29 21:20:22,12,4.15,2.0,Free_feed,Pellet,Left,77,51,159,7.72,1,Free_feed
2023-03-29 21:22:18,12,4.15,,Free_feed,Poke,Left,77,52,159,,1,Free_feed
2023-03-29 21:22:23,12,4.15,,Free_feed,Poke,Left,78,52,159,,1,Free_feed
2023-03-29 21:22:29,12,4.15,,Free_feed,Poke,Left,79,52,159,,1,Free_feed
2023-03-29 21:22:56,12,4.15,,Free_feed,Poke,Left,79,53,159,,1,Free_feed
2023-03-29 21:22:56,12,4.15,,Free_feed,Poke,Left,79,54,159,,1,Free_feed
2023-03-29 21:22:59,12,4.15,,Free_feed,Poke,Left,79,55,159,,1,Free_feed
2023-03-29 21:23:03,12,4.15,,Free_feed,Poke,Left,79,56,159,,1,Free_feed
2023-03-29 21:26:44,12,4.15,,Free_feed,Poke,Left,79,57,159,,1,Free_feed
2023-03-29 21:36:06,12,4.15,1.0,Free_feed,Pellet,Left,79,57,160,,1,Free_feed
2023-03-29 21:36:08,12,4.14,1.0,Free_feed,Pellet,Left,79,57,161,0.42,1,Free_feed
2023-03-29 21:36:09,12,4.15,1.0,Free_feed,Pellet,Left,79,57,162,0.12,1,Free_feed
2023-03-29 21:36:48,12,4.15,1.0,Free_feed,Pellet,Left,79,57,163,31.24,1,Free_feed
2023-03-29 21:37:26,12,4.15,,Free_feed,Poke,Left,80,57,163,,1,Free_feed
2023-03-29 21:43:43,12,4.15,1.0,Free_feed,Pellet,Left,80,57,164,,1,Free_feed
2023-03-29 21:43:44,12,4.15,1.0,Free_feed,Pellet,Left,80,57,165,0.06,1,Free_feed
2023-03-29 21:44:06,12,4.15,1.0,Free_feed,Pellet,Left,80,57,166,14.84,1,Free_feed
2023-03-29 21:44:59,12,4.14,,Free_feed,Poke,Left,80,58,166,,1,Free_feed
2023-03-29 21:44:59,12,4.15,,Free_feed,Poke,Left,80,59,166,,1,Free_feed
2023-03-29 21:45:00,12,4.15,,Free_feed,Poke,Left,80,60,166,,1,Free_feed
2023-03-29 21:45:03,12,4.15,,Free_feed,Poke,Left,80,61,166,,1,Free_feed
2023-03-29 21:46:44,12,4.14,,Free_feed,Poke,Left,80,62,166,,1,Free_feed
2023-03-29 21:46:50,12,4.15,,Free_feed,Poke,Left,81,62,166,,1,Free_feed
2023-03-29 21:46:58,12,4.15,,Free_feed,Poke,Left,82,62,166,,1,Free_feed
2023-03-29 21:47:00,12,4.15,,Free_feed,Poke,Left,83,62,166,,1,Free_feed
2023-03-29 21:47:06,12,4.14,,Free_feed,Poke,Left,83,63,166,,1,Free_feed
2023-03-29 21:47:10,12,4.15,,Free_feed,Poke,Left,84,63,166,,1,Free_feed
2023-03-29 21:49:23,12,4.15,1.0,Free_feed,Pellet,Left,84,63,167,,1,Free_feed
2023-03-29 21:49:25,12,4.14,1.0,Free_feed,Pellet,Left,84,63,168,0.06,1,Free_feed
2023-03-29 21:51:19,12,4.15,1.0,Free_feed,Pellet,Left,84,63,169,,1,Free_feed
2023-03-29 21:51:20,12,4.15,1.0,Free_feed,Pellet,Left,84,63,170,0.06,1,Free_feed
2023-03-29 21:51:22,12,4.15,1.0,Free_feed,Pellet,Left,84,63,171,0.24,1,Free_feed
2023-03-29 21:51:44,12,4.15,1.0,Free_feed,Pellet,Left,84,63,172,19.09,1,Free_feed
2023-03-29 21:58:28,12,4.14,1.0,Free_feed,Pellet,Left,84,63,173,,1,Free_feed
2023-03-29 21:58:52,12,4.15,1.0,Free_feed,Pellet,Left,84,63,174,17.25,1,Free_feed
2023-03-29 21:59:36,12,4.14,,Free_feed,Poke,Left,84,64,174,,1,Free_feed
2023-03-29 22:05:41,12,4.14,1.0,Free_feed,Pellet,Left,84,64,175,,1,Free_feed
2023-03-29 22:06:11,12,4.14,1.0,Free_feed,Pellet,Left,84,64,176,29.15,1,Free_feed
2023-03-29 22:06:29,12,4.15,1.0,Free_feed,Pellet,Left,84,64,177,10.43,1,Free_feed
2023-03-29 22:06:31,12,4.14,1.0,Free_feed,Pellet,Left,84,64,178,0.18,1,Free_feed
2023-03-29 22:06:32,12,4.15,1.0,Free_feed,Pellet,Left,84,64,179,0.12,1,Free_feed
2023-03-29 22:09:22,12,4.15,,Free_feed,Poke,Left,85,64,179,,1,Free_feed
2023-03-29 22:09:24,12,4.15,,Free_feed,Poke,Left,86,64,179,,1,Free_feed
2023-03-29 22:09:29,12,4.14,,Free_feed,Poke,Left,87,64,179,,1,Free_feed
2023-03-29 22:09:29,12,4.15,,Free_feed,Poke,Left,88,64,179,,1,Free_feed
2023-03-29 22:09:34,12,4.14,,Free_feed,Poke,Left,89,64,179,,1,Free_feed
2023-03-29 22:11:40,12,4.15,1.0,Free_feed,Pellet,Left,89,64,180,,1,Free_feed
2023-03-29 22:11:41,12,4.14,1.0,Free_feed,Pellet,Left,89,64,181,0.06,1,Free_feed
2023-03-29 22:23:28,12,4.14,1.0,Free_feed,Pellet,Left,89,64,182,,1,Free_feed
2023-03-29 22:24:28,12,4.14,,Free_feed,Poke,Left,90,64,182,,1,Free_feed
2023-03-29 22:24:30,12,4.14,,Free_feed,Poke,Left,91,64,182,,1,Free_feed
2023-03-29 22:24:39,12,4.14,1.0,Free_feed,Pellet,Left,91,64,183,,1,Free_feed
2023-03-29 22:25:06,12,4.14,1.0,Free_feed,Pellet,Left,91,64,184,19.16,1,Free_feed
2023-03-29 22:25:24,12,4.14,1.0,Free_feed,Pellet,Left,91,64,185,11.17,1,Free_feed
2023-03-29 22:25:31,12,4.15,1.0,Free_feed,Pellet,Left,91,64,186,0.3,1,Free_feed
2023-03-29 22:26:09,12,4.15,1.0,Free_feed,Pellet,Left,91,64,187,31.87,1,Free_feed
2023-03-29 22:27:14,12,4.14,1.0,Free_feed,Pellet,Left,91,64,188,57.44,1,Free_feed
2023-03-29 22:27:30,12,4.15,1.0,Free_feed,Pellet,Left,91,64,189,9.14,1,Free_feed
2023-03-29 22:27:58,12,4.15,,Free_feed,Poke,Left,92,64,189,,1,Free_feed
2023-03-29 22:28:30,12,4.15,2.0,Free_feed,Pellet,Left,92,64,190,53.05,1,Free_feed
2023-03-29 22:33:34,12,4.15,,Free_feed,Poke,Left,92,65,190,,1,Free_feed
2023-03-29 22:33:44,12,4.15,,Free_feed,Poke,Left,93,65,190,,1,Free_feed
2023-03-29 22:34:04,12,4.15,,Free_feed,Poke,Left,93,66,190,,1,Free_feed
2023-03-29 22:34:09,12,4.14,,Free_feed,Poke,Left,93,67,190,,1,Free_feed
2023-03-29 22:34:10,12,4.14,,Free_feed,Poke,Left,93,68,190,,1,Free_feed
2023-03-29 22:34:12,12,4.14,1.0,Free_feed,Pellet,Left,93,68,191,,1,Free_feed
2023-03-29 22:34:50,12,4.14,,Free_feed,Poke,Left,93,69,191,,1,Free_feed
2023-03-29 22:38:39,12,4.14,,Free_feed,Poke,Left,93,70,191,,1,Free_feed
2023-03-29 22:39:38,12,4.15,,Free_feed,Poke,Left,93,71,191,,1,Free_feed
2023-03-29 22:39:41,12,4.14,,Free_feed,Poke,Left,93,72,191,,1,Free_feed
2023-03-29 22:40:03,12,4.14,,Free_feed,Poke,Left,94,72,191,,1,Free_feed
2023-03-29 22:40:08,12,4.15,,Free_feed,Poke,Left,94,73,191,,1,Free_feed
2023-03-29 22:41:18,12,4.14,,Free_feed,Poke,Left,94,74,191,,1,Free_feed
2023-03-29 22:42:08,12,4.14,2.0,Free_feed,Pellet,Left,94,74,192,,1,Free_feed
2023-03-29 22:42:30,12,4.14,1.0,Free_feed,Pellet,Left,94,74,193,15.23,1,Free_feed
2023-03-29 22:42:45,12,4.14,1.0,Free_feed,Pellet,Left,94,74,194,7.96,1,Free_feed
2023-03-29 22:43:09,12,4.13,1.0,Free_feed,Pellet,Left,94,74,195,17.19,1,Free_feed
2023-03-29 22:43:27,12,4.14,1.0,Free_feed,Pellet,Left,94,74,196,11.59,1,Free_feed
2023-03-29 22:43:55,12,4.14,,Free_feed,Poke,Left,95,74,196,,1,Free_feed
2023-03-29 22:54:01,12,4.14,1.0,Free_feed,Pellet,Left,95,74,197,,1,Free_feed
2023-03-29 22:54:32,12,4.15,2.0,Free_feed,Pellet,Left,95,74,198,23.91,1,Free_feed
2023-03-29 23:00:46,12,4.14,1.0,Free_feed,Pellet,Left,95,74,199,,1,Free_feed
2023-03-29 23:01:12,12,4.14,1.0,Free_feed,Pellet,Left,95,74,200,19.35,1,Free_feed
2023-03-29 23:01:14,12,4.14,1.0,Free_feed,Pellet,Left,95,74,201,0.12,1,Free_feed
2023-03-29 23:01:33,12,4.14,1.0,Free_feed,Pellet,Left,95,74,202,12.76,1,Free_feed
2023-03-29 23:01:51,12,4.15,2.0,Free_feed,Pellet,Left,95,74,203,9.56,1,Free_feed
2023-03-29 23:02:12,12,4.14,2.0,Free_feed,Pellet,Left,95,74,204,13.86,1,Free_feed
2023-03-29 23:02:43,12,4.14,,Free_feed,Poke,Left,95,75,204,,1,Free_feed
2023-03-29 23:02:45,12,4.14,,Free_feed,Poke,Left,95,76,204,,1,Free_feed
2023-03-29 23:02:49,12,4.14,,Free_feed,Poke,Left,95,77,204,,1,Free_feed
2023-03-29 23:22:59,12,4.14,,Free_feed,Poke,Left,96,77,204,,1,Free_feed
2023-03-29 23:23:00,12,4.14,,Free_feed,Poke,Left,97,77,204,,1,Free_feed
2023-03-29 23:23:24,12,4.15,2.0,Free_feed,Pellet,Left,97,77,205,,1,Free_feed
2023-03-29 23:24:29,12,4.14,,Free_feed,Poke,Left,98,77,205,,1,Free_feed
2023-03-29 23:24:30,12,4.14,,Free_feed,Poke,Left,99,77,205,,1,Free_feed
2023-03-29 23:24:31,12,4.14,,Free_feed,Poke,Left,100,77,205,,1,Free_feed
2023-03-29 23:24:35,12,4.14,,Free_feed,Poke,Left,101,77,205,,1,Free_feed
2023-03-29 23:24:38,12,4.14,,Free_feed,Poke,Left,102,77,205,,1,Free_feed
2023-03-29 23:24:39,12,4.14,,Free_feed,Poke,Left,103,77,205,,1,Free_feed
2023-03-29 23:24:42,12,4.14,,Free_feed,Poke,Left,104,77,205,,1,Free_feed
2023-03-29 23:24:46,12,4.14,,Free_feed,Poke,Left,105,77,205,,1,Free_feed
2023-03-29 23:24:49,12,4.14,,Free_feed,Poke,Left,106,77,205,,1,Free_feed
2023-03-29 23:24:50,12,4.14,,Free_feed,Poke,Left,107,77,205,,1,Free_feed
2023-03-29 23:24:54,12,4.13,1.0,Free_feed,Pellet,Left,107,77,206,,1,Free_feed
2023-03-29 23:25:16,12,4.14,1.0,Free_feed,Pellet,Left,107,77,207,13.99,1,Free_feed
2023-03-29 23:26:41,12,4.14,1.0,Free_feed,Pellet,Left,107,77,208,,1,Free_feed
2023-03-29 23:27:22,12,4.14,,Free_feed,Poke,Left,107,78,208,,1,Free_feed
2023-03-29 23:30:57,12,4.14,2.0,Free_feed,Pellet,Left,107,78,209,,1,Free_feed
2023-03-29 23:31:22,12,4.14,1.0,Free_feed,Pellet,Left,107,78,210,17.67,1,Free_feed
2023-03-29 23:33:30,12,4.14,,Free_feed,Poke,Left,108,78,210,,1,Free_feed
2023-03-30 00:30:50,12,4.14,1.0,Free_feed,Pellet,Left,108,78,211,,1,Free_feed
2023-03-30 00:31:16,12,4.14,1.0,Free_feed,Pellet,Left,108,78,212,18.65,1,Free_feed
2023-03-30 00:31:41,12,4.14,1.0,Free_feed,Pellet,Left,108,78,213,17.73,1,Free_feed
2023-03-30 00:32:04,12,4.14,2.0,Free_feed,Pellet,Left,108,78,214,21.55,1,Free_feed
2023-03-30 00:32:30,12,4.14,1.0,Free_feed,Pellet,Left,108,78,215,18.66,1,Free_feed
2023-03-30 00:33:08,12,4.14,,Free_feed,Poke,Left,108,79,215,,1,Free_feed
2023-03-30 00:33:17,12,4.14,1.0,Free_feed,Pellet,Left,108,79,216,39.77,1,Free_feed
2023-03-30 00:33:39,12,4.14,1.0,Free_feed,Pellet,Left,108,79,217,14.97,1,Free_feed
2023-03-30 00:33:59,12,4.14,1.0,Free_feed,Pellet,Left,108,79,218,12.33,1,Free_feed
2023-03-30 00:34:25,12,4.14,1.0,Free_feed,Pellet,Left,108,79,219,18.72,1,Free_feed
2023-03-30 00:34:43,12,4.14,1.0,Free_feed,Pellet,Left,108,79,220,10.91,1,Free_feed
2023-03-30 01:08:54,12,4.14,1.0,Free_feed,Pellet,Left,108,79,221,,1,Free_feed
2023-03-30 01:09:17,12,4.14,1.0,Free_feed,Pellet,Left,108,79,222,16.5,1,Free_feed
2023-03-30 01:09:19,12,4.14,1.0,Free_feed,Pellet,Left,108,79,223,0.3,1,Free_feed
2023-03-30 01:09:20,12,4.14,1.0,Free_feed,Pellet,Left,108,79,224,0.3,1,Free_feed
2023-03-30 01:09:22,12,4.14,1.0,Free_feed,Pellet,Left,108,79,225,0.06,1,Free_feed
2023-03-30 01:09:45,12,4.14,1.0,Free_feed,Pellet,Left,108,79,226,16.75,1,Free_feed
2023-03-30 01:10:08,12,4.14,2.0,Free_feed,Pellet,Left,108,79,227,15.39,1,Free_feed
2023-03-30 01:10:36,12,4.14,,Free_feed,Poke,Left,108,80,227,,1,Free_feed
2023-03-30 01:43:36,12,4.14,1.0,Free_feed,Pellet,Left,108,80,228,,1,Free_feed
2023-03-30 01:44:00,12,4.14,1.0,Free_feed,Pellet,Left,108,80,229,16.13,1,Free_feed
2023-03-30 01:44:29,12,4.14,1.0,Free_feed,Pellet,Left,108,80,230,22.28,1,Free_feed
2023-03-30 01:44:48,12,4.13,1.0,Free_feed,Pellet,Left,108,80,231,12.14,1,Free_feed
2023-03-30 01:45:12,12,4.14,1.0,Free_feed,Pellet,Left,108,80,232,16.87,1,Free_feed
2023-03-30 01:45:13,12,4.13,1.0,Free_feed,Pellet,Left,108,80,233,0.12,1,Free_feed
2023-03-30 01:45:15,12,4.13,1.0,Free_feed,Pellet,Left,108,80,234,0.18,1,Free_feed
2023-03-30 01:45:17,12,4.14,1.0,Free_feed,Pellet,Left,108,80,235,0.73,1,Free_feed
2023-03-30 01:45:18,12,4.13,1.0,Free_feed,Pellet,Left,108,80,236,0.12,1,Free_feed
2023-03-30 01:45:38,12,4.14,1.0,Free_feed,Pellet,Left,108,80,237,12.32,1,Free_feed
2023-03-30 01:46:03,12,4.14,2.0,Free_feed,Pellet,Left,108,80,238,18.35,1,Free_feed
2023-03-30 02:45:35,12,4.13,1.0,Free_feed,Pellet,Left,108,80,239,,1,Free_feed
2023-03-30 02:45:58,12,4.13,1.0,Free_feed,Pellet,Left,108,80,240,16.44,1,Free_feed
2023-03-30 02:46:22,12,4.13,1.0,Free_feed,Pellet,Left,108,80,241,22.05,1,Free_feed
2023-03-30 02:46:24,12,4.14,1.0,Free_feed,Pellet,Left,108,80,242,0.12,1,Free_feed
2023-03-30 02:46:49,12,4.13,1.0,Free_feed,Pellet,Left,108,80,243,17.86,1,Free_feed
2023-03-30 02:47:15,12,4.13,1.0,Free_feed,Pellet,Left,108,80,244,19.21,1,Free_feed
2023-03-30 02:47:16,12,4.13,1.0,Free_feed,Pellet,Left,108,80,245,0.06,1,Free_feed
2023-03-30 02:47:36,12,4.13,2.0,Free_feed,Pellet,Left,108,80,246,10.48,1,Free_feed
2023-03-30 02:48:05,12,4.13,2.0,Free_feed,Pellet,Left,108,80,247,20.69,1,Free_feed
2023-03-30 02:48:23,12,4.13,1.0,Free_feed,Pellet,Left,108,80,248,10.91,1,Free_feed
2023-03-30 02:48:51,12,4.13,,Free_feed,Poke,Left,108,81,248,,1,Free_feed
2023-03-30 03:13:37,12,4.13,1.0,Free_feed,Pellet,Left,108,81,249,,1,Free_feed
2023-03-30 03:13:53,12,4.13,1.0,Free_feed,Pellet,Left,108,81,250,9.01,1,Free_feed
2023-03-30 03:14:48,12,4.13,,Free_feed,Poke,Left,109,81,250,,1,Free_feed
2023-03-30 03:14:48,12,4.13,,Free_feed,Poke,Left,110,81,250,,1,Free_feed
2023-03-30 03:14:49,12,4.13,,Free_feed,Poke,Left,111,81,250,,1,Free_feed
2023-03-30 03:14:53,12,4.14,1.0,Free_feed,Pellet,Left,111,81,251,52.42,1,Free_feed
2023-03-30 03:15:07,12,4.13,1.0,Free_feed,Pellet,Left,111,81,252,6.31,1,Free_feed
2023-03-30 03:41:01,12,4.13,1.0,Free_feed,Pellet,Left,111,81,253,,1,Free_feed
2023-03-30 03:41:09,12,4.12,2.0,Free_feed,Pellet,Left,111,81,254,0.06,1,Free_feed
2023-03-30 03:41:33,12,4.13,1.0,Free_feed,Pellet,Left,111,81,255,16.75,1,Free_feed
2023-03-30 03:41:53,12,4.13,1.0,Free_feed,Pellet,Left,111,81,256,12.51,1,Free_feed
2023-03-30 03:42:17,12,4.13,1.0,Free_feed,Pellet,Left,111,81,257,17.3,1,Free_feed
2023-03-30 04:18:08,12,4.12,1.0,Free_feed,Pellet,Left,111,81,258,,1,Free_feed
2023-03-30 04:18:30,12,4.13,1.0,Free_feed,Pellet,Left,111,81,259,14.97,1,Free_feed
2023-03-30 04:18:53,12,4.13,1.0,Free_feed,Pellet,Left,111,81,260,16.01,1,Free_feed
2023-03-30 04:19:16,12,4.12,1.0,Free_feed,Pellet,Left,111,81,261,15.21,1,Free_feed
2023-03-30 04:19:44,12,4.13,1.0,Free_feed,Pellet,Left,111,81,262,22.04,1,Free_feed
2023-03-30 04:20:03,12,4.13,1.0,Free_feed,Pellet,Left,111,81,263,11.46,1,Free_feed
2023-03-30 04:20:25,12,4.12,1.0,Free_feed,Pellet,Left,111,81,264,14.66,1,Free_feed
2023-03-30 04:21:12,12,4.13,,Free_feed,Poke,Left,111,82,264,,1,Free_feed
2023-03-30 05:00:30,12,4.12,,Free_feed,Poke,Left,111,83,264,,1,Free_feed
2023-03-30 05:24:48,12,4.12,1.0,Free_feed,Pellet,Left,111,83,265,,1,Free_feed
2023-03-30 05:24:49,12,4.12,1.0,Free_feed,Pellet,Left,111,83,266,0.12,1,Free_feed
2023-03-30 05:25:22,12,4.12,1.0,Free_feed,Pellet,Left,111,83,267,25.56,1,Free_feed
2023-03-30 05:25:43,12,4.12,1.0,Free_feed,Pellet,Left,111,83,268,13.44,1,Free_feed
2023-03-30 05:26:05,12,4.12,1.0,Free_feed,Pellet,Left,111,83,269,14.49,1,Free_feed
2023-03-30 05:26:30,12,4.13,1.0,Free_feed,Pellet,Left,111,83,270,17.07,1,Free_feed
2023-03-30 05:26:50,12,4.12,1.0,Free_feed,Pellet,Left,111,83,271,13.13,1,Free_feed
2023-03-30 05:27:09,12,4.12,1.0,Free_feed,Pellet,Left,111,83,272,12.02,1,Free_feed
2023-03-30 05:27:10,12,4.12,1.0,Free_feed,Pellet,Left,111,83,273,0.06,1,Free_feed
2023-03-30 05:27:37,12,4.12,,Free_feed,Poke,Left,111,84,273,,1,Free_feed
2023-03-30 05:37:24,12,4.12,,Free_feed,Poke,Left,111,85,273,,1,Free_feed
2023-03-30 05:37:25,12,4.12,,Free_feed,Poke,Left,111,86,273,,1,Free_feed
2023-03-30 05:37:33,12,4.12,,Free_feed,Poke,Left,111,87,273,,1,Free_feed
2023-03-30 05:37:35,12,4.12,,Free_feed,Poke,Left,111,88,273,,1,Free_feed
2023-03-30 05:37:37,12,4.12,,Free_feed,Poke,Left,111,89,273,,1,Free_feed
2023-03-30 05:37:42,12,4.12,,Free_feed,Poke,Left,111,90,273,,1,Free_feed
2023-03-30 05:37:45,12,4.12,,Free_feed,Poke,Left,111,91,273,,1,Free_feed
2023-03-30 05:37:46,12,4.12,,Free_feed,Poke,Left,111,92,273,,1,Free_feed
2023-03-30 05:37:48,12,4.12,,Free_feed,Poke,Left,111,93,273,,1,Free_feed
2023-03-30 05:37:49,12,4.12,,Free_feed,Poke,Left,111,94,273,,1,Free_feed
2023-03-30 05:38:04,12,4.12,,Free_feed,Poke,Left,112,94,273,,1,Free_feed
2023-03-30 05:38:24,12,4.12,,Free_feed,Poke,Left,112,95,273,,1,Free_feed
2023-03-30 05:40:39,12,4.12,,Free_feed,Poke,Left,112,96,273,,1,Free_feed
2023-03-30 05:40:42,12,4.12,,Free_feed,Poke,Left,113,96,273,,1,Free_feed
2023-03-30 05:44:01,12,4.12,,Free_feed,Poke,Left,113,97,273,,1,Free_feed
2023-03-30 05:44:10,12,4.12,1.0,Free_feed,Pellet,Left,113,97,274,,1,Free_feed
2023-03-30 05:44:37,12,4.12,1.0,Free_feed,Pellet,Left,113,97,275,18.84,1,Free_feed
2023-03-30 05:44:54,12,4.12,1.0,Free_feed,Pellet,Left,113,97,276,10.79,1,Free_feed
2023-03-30 05:45:15,12,4.12,1.0,Free_feed,Pellet,Left,113,97,277,13.37,1,Free_feed
2023-03-30 06:03:10,12,4.12,2.0,Free_feed,Pellet,Left,113,97,278,,1,Free_feed
2023-03-30 06:03:29,12,4.12,1.0,Free_feed,Pellet,Left,113,97,279,11.65,1,Free_feed
2023-03-30 06:03:49,12,4.12,1.0,Free_feed,Pellet,Left,113,97,280,12.08,1,Free_feed
2023-03-30 06:04:10,12,4.12,1.0,Free_feed,Pellet,Left,113,97,281,14.17,1,Free_feed
2023-03-30 06:04:30,12,4.12,1.0,Free_feed,Pellet,Left,113,97,282,13.12,1,Free_feed
2023-03-30 06:04:49,12,4.12,1.0,Free_feed,Pellet,Left,113,97,283,12.45,1,Free_feed
2023-03-30 06:05:09,12,4.12,1.0,Free_feed,Pellet,Left,113,97,284,11.77,1,Free_feed
2023-03-30 06:07:21,12,4.12,,Free_feed,Poke,Left,113,98,284,,1,Free_feed
2023-03-30 06:07:22,12,4.12,,Free_feed,Poke,Left,113,99,284,,1,Free_feed
2023-03-30 06:14:11,12,4.12,,Free_feed,Poke,Left,114,99,284,,1,Free_feed
2023-03-30 06:15:12,12,4.12,1.0,Free_feed,Pellet,Left,114,99,285,,1,Free_feed
2023-03-30 06:15:55,12,4.12,1.0,Free_feed,Pellet,Left,114,99,286,40.67,1,Free_feed
2023-03-30 06:16:36,12,4.12,1.0,Free_feed,Pellet,Left,114,99,287,34.56,1,Free_feed
2023-03-30 06:16:48,12,4.12,1.0,Free_feed,Pellet,Left,114,99,288,4.35,1,Free_feed
2023-03-30 06:17:47,12,4.12,1.0,Free_feed,Pellet,Left,114,99,289,52.56,1,Free_feed
2023-03-30 06:18:05,12,4.12,1.0,Free_feed,Pellet,Left,114,99,290,10.24,1,Free_feed
2023-03-30 06:39:05,12,4.12,,Free_feed,Poke,Left,115,99,290,,1,Free_feed
2023-03-30 06:39:07,12,4.12,,Free_feed,Poke,Left,116,99,290,,1,Free_feed
2023-03-30 06:39:08,12,4.12,,Free_feed,Poke,Left,117,99,290,,1,Free_feed
2023-03-30 06:39:11,12,4.12,,Free_feed,Poke,Left,118,99,290,,1,Free_feed
2023-03-30 06:39:15,12,4.12,,Free_feed,Poke,Left,119,99,290,,1,Free_feed
2023-03-30 06:39:18,12,4.12,,Free_feed,Poke,Left,120,99,290,,1,Free_feed
2023-03-30 06:39:19,12,4.12,,Free_feed,Poke,Left,121,99,290,,1,Free_feed
2023-03-30 06:39:38,12,4.12,,Free_feed,Poke,Left,121,100,290,,1,Free_feed
2023-03-30 06:39:49,12,4.12,,Free_feed,Poke,Left,122,100,290,,1,Free_feed
2023-03-30 06:39:51,12,4.12,,Free_feed,Poke,Left,123,100,290,,1,Free_feed
2023-03-30 06:39:52,12,4.12,,Free_feed,Poke,Left,124,100,290,,1,Free_feed
2023-03-30 06:39:55,12,4.12,,Free_feed,Poke,Left,125,100,290,,1,Free_feed
2023-03-30 06:39:58,12,4.12,,Free_feed,Poke,Left,126,100,290,,1,Free_feed
2023-03-30 06:40:00,12,4.12,,Free_feed,Poke,Left,127,100,290,,1,Free_feed
2023-03-30 06:40:02,12,4.12,,Free_feed,Poke,Left,128,100,290,,1,Free_feed
2023-03-30 06:40:07,12,4.12,,Free_feed,Poke,Left,129,100,290,,1,Free_feed
2023-03-30 06:40:08,12,4.11,,Free_feed,Poke,Left,130,100,290,,1,Free_feed
2023-03-30 06:40:10,12,4.12,,Free_feed,Poke,Left,131,100,290,,1,Free_feed
2023-03-30 06:40:13,12,4.12,,Free_feed,Poke,Left,132,100,290,,1,Free_feed
2023-03-30 06:40:15,12,4.12,,Free_feed,Poke,Left,133,100,290,,1,Free_feed
2023-03-30 06:40:36,12,4.12,,Free_feed,Poke,Left,134,100,290,,1,Free_feed
2023-03-30 06:40:45,12,4.12,,Free_feed,Poke,Left,134,101,290,,1,Free_feed
2023-03-30 06:40:52,12,4.12,1.0,Free_feed,Pellet,Left,134,101,291,,1,Free_feed
2023-03-30 06:41:00,12,4.12,2.0,Free_feed,Pellet,Left,134,101,292,0.24,1,Free_feed
2023-03-30 06:41:06,12,4.12,1.0,Free_feed,Pellet,Left,134,101,293,0.06,1,Free_feed
2023-03-30 06:41:07,12,4.12,1.0,Free_feed,Pellet,Left,134,101,294,0.06,1,Free_feed
2023-03-30 06:45:05,12,4.12,,Free_feed,Poke,Left,134,102,294,,1,Free_feed
2023-03-30 06:46:15,12,4.12,1.0,Free_feed,Pellet,Left,134,102,295,,1,Free_feed
2023-03-30 06:49:04,12,4.12,2.0,Free_feed,Pellet,Left,134,102,296,,1,Free_feed
2023-03-30 06:49:28,12,4.12,1.0,Free_feed,Pellet,Left,134,102,297,17.62,1,Free_feed
2023-03-30 06:56:02,12,4.12,,Free_feed,Poke,Left,135,102,297,,1,Free_feed
2023-03-30 07:02:18,12,4.12,,Free_feed,Poke,Left,135,103,297,,1,Free_feed
2023-03-30 07:02:19,12,4.12,,Free_feed,Poke,Left,136,103,297,,1,Free_feed
2023-03-30 07:05:51,12,4.12,1.0,Free_feed,Pellet,Left,136,103,298,,1,Free_feed
2023-03-30 07:05:52,12,4.12,1.0,Free_feed,Pellet,Left,136,103,299,0.12,1,Free_feed
2023-03-30 07:06:10,12,4.12,1.0,Free_feed,Pellet,Left,136,103,300,9.5,1,Free_feed
2023-03-30 07:06:31,12,4.11,1.0,Free_feed,Pellet,Left,136,103,301,19.71,1,Free_feed
2023-03-30 07:06:47,12,4.12,2.0,Free_feed,Pellet,Left,136,103,302,9.2,1,Free_feed
2023-03-30 07:07:08,12,4.12,1.0,Free_feed,Pellet,Left,136,103,303,13.0,1,Free_feed
2023-03-30 07:07:26,12,4.12,1.0,Free_feed,Pellet,Left,136,103,304,10.72,1,Free_feed
2023-03-30 07:11:52,12,4.12,,Free_feed,Poke,Left,136,104,304,,1,Free_feed
2023-03-30 07:26:05,12,4.12,,Free_feed,Poke,Left,137,104,304,,1,Free_feed
2023-03-30 07:27:06,12,4.12,1.0,Free_feed,Pellet,Left,137,104,305,,1,Free_feed
2023-03-30 07:27:21,12,4.12,1.0,Free_feed,Pellet,Left,137,104,306,13.93,1,Free_feed
2023-03-30 07:27:41,12,4.12,1.0,Free_feed,Pellet,Left,137,104,307,12.75,1,Free_feed
2023-03-30 07:28:00,12,4.12,1.0,Free_feed,Pellet,Left,137,104,308,11.71,1,Free_feed
2023-03-30 07:34:13,12,4.12,,Free_feed,Poke,Left,138,104,308,,1,Free_feed
2023-03-30 07:35:52,12,4.12,,Free_feed,Poke,Left,139,104,308,,1,Free_feed
2023-03-30 07:41:07,12,4.12,,Free_feed,Poke,Left,140,104,308,,1,Free_feed
2023-03-30 07:46:23,12,4.12,,Free_feed,Poke,Left,140,105,308,,1,Free_feed
2023-03-30 07:51:43,12,4.12,,Free_feed,Poke,Left,140,106,308,,1,Free_feed
2023-03-30 07:55:31,12,4.12,1.0,Free_feed,Pellet,Left,140,106,309,,1,Free_feed
2023-03-30 07:55:46,12,4.11,1.0,Free_feed,Pellet,Left,140,106,310,7.35,1,Free_feed
2023-03-30 07:56:07,12,4.12,1.0,Free_feed,Pellet,Left,140,106,311,13.68,1,Free_feed
2023-03-30 08:06:54,12,4.12,,Free_feed,Poke,Left,140,107,311,,1,Free_feed
2023-03-30 08:07:32,12,4.12,,Free_feed,Poke,Left,140,108,311,,1,Free_feed
2023-03-30 08:11:59,12,4.12,1.0,Free_feed,Pellet,Left,140,108,312,,1,Free_feed
2023-03-30 08:12:20,12,4.11,1.0,Free_feed,Pellet,Left,140,108,313,13.37,1,Free_feed
2023-03-30 08:12:39,12,4.12,1.0,Free_feed,Pellet,Left,140,108,314,11.16,1,Free_feed
2023-03-30 08:13:01,12,4.11,1.0,Free_feed,Pellet,Left,140,108,315,15.47,1,Free_feed
2023-03-30 08:13:18,12,4.12,1.0,Free_feed,Pellet,Left,140,108,316,9.32,1,Free_feed
2023-03-30 08:14:43,12,4.12,,Free_feed,Poke,Left,140,109,316,,1,Free_feed
2023-03-30 08:20:21,12,4.12,,Free_feed,Poke,Left,140,110,316,,1,Free_feed
2023-03-30 08:24:20,12,4.12,1.0,Free_feed,Pellet,Left,140,110,317,,1,Free_feed
2023-03-30 08:24:43,12,4.11,1.0,Free_feed,Pellet,Left,140,110,318,15.72,1,Free_feed
2023-03-30 08:27:08,12,4.12,,Free_feed,Poke,Left,141,110,318,,1,Free_feed
2023-03-30 08:27:11,12,4.12,,Free_feed,Poke,Left,142,110,318,,1,Free_feed
2023-03-30 08:27:13,12,4.11,,Free_feed,Poke,Left,143,110,318,,1,Free_feed
2023-03-30 08:27:16,12,4.11,,Free_feed,Poke,Left,144,110,318,,1,Free_feed
2023-03-30 08:27:37,12,4.11,,Free_feed,Poke,Left,144,111,318,,1,Free_feed
2023-03-30 08:27:39,12,4.12,,Free_feed,Poke,Left,144,112,318,,1,Free_feed
2023-03-30 08:27:42,12,4.12,,Free_feed,Poke,Left,144,113,318,,1,Free_feed
2023-03-30 08:28:26,12,4.12,,Free_feed,Poke,Left,144,114,318,,1,Free_feed
2023-03-30 08:28:27,12,4.12,,Free_feed,Poke,Left,144,115,318,,1,Free_feed
2023-03-30 08:30:46,12,4.12,,Free_feed,Poke,Left,144,116,318,,1,Free_feed
2023-03-30 08:32:23,12,4.11,,Free_feed,Poke,Left,145,116,318,,1,Free_feed
2023-03-30 08:32:29,12,4.11,,Free_feed,Poke,Left,146,116,318,,1,Free_feed
2023-03-30 08:33:00,12,4.12,1.0,Free_feed,Pellet,Left,146,116,319,,1,Free_feed
2023-03-30 08:49:37,12,4.12,1.0,Free_feed,Pellet,Left,146,116,320,,1,Free_feed
2023-03-30 08:50:08,12,4.12,1.0,Free_feed,Pellet,Left,146,116,321,23.84,1,Free_feed
2023-03-30 09:12:05,12,4.12,2.0,Free_feed,Pellet,Left,146,116,322,,1,Free_feed
2023-03-30 09:12:29,12,4.11,1.0,Free_feed,Pellet,Left,146,116,323,16.32,1,Free_feed
2023-03-30 09:12:58,12,4.12,2.0,Free_feed,Pellet,Left,146,116,324,20.94,1,Free_feed
2023-03-30 09:30:32,12,4.11,1.0,Free_feed,Pellet,Left,146,116,325,,1,Free_feed
2023-03-30 09:30:39,12,4.11,1.0,Free_feed,Pellet,Left,146,116,326,1.28,1,Free_feed
2023-03-30 09:31:10,12,4.11,1.0,Free_feed,Pellet,Left,146,116,327,22.91,1,Free_feed
2023-03-30 09:31:29,12,4.12,1.0,Free_feed,Pellet,Left,146,116,328,12.08,1,Free_feed
