MM:DD:YYYY hh:mm:ss,Device_Number,Battery_Voltage,Motor_Turns,Session_Type,Event,Active_Poke,Left_Poke_Count,Right_Poke_Count,Pellet_Count,Retrieval_Time,Concat_#,Mode
2020-07-21 20:08:32,0,3.96,2,Free_feed,Pellet,Left,0,0,1,106.0,0,FED
2020-07-21 20:12:55,0,3.97,1,Free_feed,Pellet,Left,0,0,2,0.0,0,FED
2020-07-21 21:09:39,0,3.96,1,Free_feed,Pellet,Left,0,0,3,0.0,0,FED
2020-07-21 21:11:50,0,3.96,1,Free_feed,Pellet,Left,0,0,4,0.0,0,FED
2020-07-21 21:12:57,0,3.96,1,Free_feed,Pellet,Left,0,0,5,64.0,0,FED
2020-07-21 21:14:05,0,3.97,1,Free_feed,Pellet,Left,0,0,6,65.0,0,FED
2020-07-21 21:14:51,0,3.96,1,Free_feed,Pellet,Left,0,0,7,43.0,0,FED
2020-07-21 21:15:55,0,3.96,1,Free_feed,Pellet,Left,0,0,8,61.0,0,FED
2020-07-21 21:17:41,0,3.97,1,Free_feed,Pellet,Left,0,0,9,103.0,0,FED
2020-07-21 21:18:11,0,3.96,1,Free_feed,Pellet,Left,0,0,10,27.0,0,FED
2020-07-21 21:21:28,0,3.96,1,Free_feed,Pellet,Left,0,0,11,0.0,0,FED
2020-07-21 21:22:17,0,3.96,1,Free_feed,Pellet,Left,0,0,12,46.0,0,FED
2020-07-21 21:22:55,0,3.96,1,Free_feed,Pellet,Left,0,0,13,35.0,0,FED
2020-07-21 21:23:27,0,3.96,1,Free_feed,Pellet,Left,0,0,14,29.0,0,FED
2020-07-21 21:24:03,0,3.96,1,Free_feed,Pellet,Left,0,0,15,32.0,0,FED
2020-07-21 21:26:19,0,3.97,1,Free_feed,Pellet,Left,0,0,16,0.0,0,FED
2020-07-21 21:28:31,0,3.97,1,Free_feed,Pellet,Left,0,0,17,0.0,0,FED
2020-07-21 21:32:47,0,3.96,1,Free_feed,Pellet,Left,0,0,18,0.0,0,FED
2020-07-21 21:36:55,0,3.97,1,Free_feed,Pellet,Left,0,0,19,0.0,0,FED
2020-07-21 21:37:43,0,3.96,1,Free_feed,Pellet,Left,0,0,20,45.0,0,FED
2020-07-21 21:38:28,0,3.96,1,Free_feed,Pellet,Left,0,0,21,42.0,0,FED
2020-07-21 21:38:54,0,3.97,1,Free_feed,Pellet,Left,0,0,22,24.0,0,FED
2020-07-21 21:39:36,0,3.96,1,Free_feed,Pellet,Left,0,0,23,39.0,0,FED
2020-07-21 21:42:06,0,3.96,1,Free_feed,Pellet,Left,0,0,24,0.0,0,FED
2020-07-21 21:43:39,0,3.96,1,Free_feed,Pellet,Left,0,0,25,91.0,0,FED
2020-07-21 21:44:48,0,3.97,1,Free_feed,Pellet,Left,0,0,26,66.0,0,FED
2020-07-21 21:45:21,0,3.96,1,Free_feed,Pellet,Left,0,0,27,31.0,0,FED
2020-07-21 21:46:04,0,3.97,1,Free_feed,Pellet,Left,0,0,28,40.0,0,FED
2020-07-21 21:46:45,0,3.97,1,Free_feed,Pellet,Left,0,0,29,38.0,0,FED
2020-07-21 21:47:16,0,3.96,1,Free_feed,Pellet,Left,0,0,30,28.0,0,FED
2020-07-21 21:47:57,0,3.97,1,Free_feed,Pellet,Left,0,0,31,39.0,0,FED
2020-07-21 21:52:27,0,3.97,3,Free_feed,Pellet,Left,0,0,32,0.0,0,FED
2020-07-21 21:52:57,0,3.96,1,Free_feed,Pellet,Left,0,0,33,27.0,0,FED
2020-07-21 21:56:49,0,3.96,1,Free_feed,Pellet,Left,0,0,34,0.0,0,FED
2020-07-21 21:57:37,0,3.96,1,Free_feed,Pellet,Left,0,0,35,45.0,0,FED
2020-07-21 22:17:52,0,3.96,1,Free_feed,Pellet,Left,0,0,36,0.0,0,FED
2020-07-21 22:19:49,0,3.97,1,Free_feed,Pellet,Left,0,0,37,114.0,0,FED
2020-07-21 22:22:35,0,3.96,1,Free_feed,Pellet,Left,0,0,38,0.0,0,FED
2020-07-21 22:25:05,0,3.96,1,Free_feed,Pellet,Left,0,0,39,93.0,0,FED
2020-07-21 22:26:19,0,3.96,1,Free_feed,Pellet,Left,0,0,40,70.0,0,FED
2020-07-21 22:28:22,0,3.96,1,Free_feed,Pellet,Left,0,0,41,0.0,0,FED
2020-07-21 22:29:58,0,3.96,1,Free_feed,Pellet,Left,0,0,42,93.0,0,FED
2020-07-21 22:30:41,0,3.96,1,Free_feed,Pellet,Left,0,0,43,41.0,0,FED
2020-07-21 22:31:27,0,3.96,1,Free_feed,Pellet,Left,0,0,44,43.0,0,FED
2020-07-21 22:33:19,0,3.96,1,Free_feed,Pellet,Left,0,0,45,109.0,0,FED
2020-07-21 22:34:35,0,3.96,1,Free_feed,Pellet,Left,0,0,46,72.0,0,FED
2020-07-21 22:36:04,0,3.96,1,Free_feed,Pellet,Left,0,0,47,87.0,0,FED
2020-07-21 22:36:45,0,3.96,1,Free_feed,Pellet,Left,0,0,48,38.0,0,FED
2020-07-21 22:42:36,0,3.96,1,Free_feed,Pellet,Left,0,0,49,0.0,0,FED
2020-07-21 23:18:56,0,3.96,1,Free_feed,Pellet,Left,0,0,50,0.0,0,FED
2020-07-21 23:27:31,0,3.96,1,Free_feed,Pellet,Left,0,0,51,0.0,0,FED
2020-07-21 23:28:50,0,3.96,1,Free_feed,Pellet,Left,0,0,52,76.0,0,FED
2020-07-21 23:30:45,0,3.96,1,Free_feed,Pellet,Left,0,0,53,112.0,0,FED
2020-07-21 23:31:39,0,3.96,1,Free_feed,Pellet,Left,0,0,54,52.0,0,FED
2020-07-21 23:32:05,0,3.96,1,Free_feed,Pellet,Left,0,0,55,24.0,0,FED
2020-07-21 23:43:51,0,3.96,1,Free_feed,Pellet,Left,0,0,56,0.0,0,FED
2020-07-21 23:44:15,0,3.96,1,Free_feed,Pellet,Left,0,0,57,21.0,0,FED
2020-07-21 23:50:36,0,3.96,1,Free_feed,Pellet,Left,0,0,58,0.0,0,FED
2020-07-21 23:51:58,0,3.96,1,Free_feed,Pellet,Left,0,0,59,80.0,0,FED
2020-07-21 23:54:47,0,3.96,1,Free_feed,Pellet,Left,0,0,60,0.0,0,FED
2020-07-21 23:55:10,0,3.96,1,Free_feed,Pellet,Left,0,0,61,21.0,0,FED
2020-07-21 23:55:37,0,3.96,1,Free_feed,Pellet,Left,0,0,62,24.0,0,FED
2020-07-21 23:55:55,0,3.96,1,Free_feed,Pellet,Left,0,0,63,15.0,0,FED
2020-07-21 23:56:10,0,3.96,1,Free_feed,Pellet,Left,0,0,64,12.0,0,FED
2020-07-21 23:56:30,0,3.96,1,Free_feed,Pellet,Left,0,0,65,17.0,0,FED
2020-07-21 23:56:49,0,3.96,1,Free_feed,Pellet,Left,0,0,66,16.0,0,FED
2020-07-21 23:57:14,0,3.96,1,Free_feed,Pellet,Left,0,0,67,22.0,0,FED
2020-07-21 23:57:19,0,3.96,1,Free_feed,Pellet,Left,0,0,68,1.0,0,FED
2020-07-22 00:13:37,0,3.96,1,Free_feed,Pellet,Left,0,0,69,0.0,0,FED
2020-07-22 00:20:32,0,3.96,1,Free_feed,Pellet,Left,0,0,70,116.0,0,FED
2020-07-22 00:21:05,0,3.96,1,Free_feed,Pellet,Left,0,0,71,30.0,0,FED
2020-07-22 00:21:28,0,3.96,1,Free_feed,Pellet,Left,0,0,72,20.0,0,FED
2020-07-22 00:22:35,0,3.96,1,Free_feed,Pellet,Left,0,0,73,64.0,0,FED
2020-07-22 00:23:20,0,3.96,1,Free_feed,Pellet,Left,0,0,74,42.0,0,FED
2020-07-22 00:24:05,0,3.96,1,Free_feed,Pellet,Left,0,0,75,43.0,0,FED
2020-07-22 00:24:27,0,3.96,1,Free_feed,Pellet,Left,0,0,76,19.0,0,FED
2020-07-22 00:24:50,0,3.96,1,Free_feed,Pellet,Left,0,0,77,20.0,0,FED
2020-07-22 00:36:26,0,3.96,1,Free_feed,Pellet,Left,0,0,78,0.0,0,FED
2020-07-22 00:36:57,0,3.96,1,Free_feed,Pellet,Left,0,0,79,29.0,0,FED
2020-07-22 00:44:20,0,3.96,1,Free_feed,Pellet,Left,0,0,80,0.0,0,FED
2020-07-22 00:44:46,0,3.96,1,Free_feed,Pellet,Left,0,0,81,24.0,0,FED
2020-07-22 00:45:11,0,3.95,1,Free_feed,Pellet,Left,0,0,82,21.0,0,FED
2020-07-22 00:45:31,0,3.95,1,Free_feed,Pellet,Left,0,0,83,17.0,0,FED
2020-07-22 00:45:52,0,3.95,1,Free_feed,Pellet,Left,0,0,84,19.0,0,FED
2020-07-22 00:46:16,0,3.96,1,Free_feed,Pellet,Left,0,0,85,21.0,0,FED
2020-07-22 00:46:43,0,3.96,1,Free_feed,Pellet,Left,0,0,86,24.0,0,FED
2020-07-22 00:55:58,0,3.96,1,Free_feed,Pellet,Left,0,0,87,0.0,0,FED
2020-07-22 00:58:12,0,3.95,1,Free_feed,Pellet,Left,0,0,88,0.0,0,FED
2020-07-22 00:58:40,0,3.95,1,Free_feed,Pellet,Left,0,0,89,25.0,0,FED
2020-07-22 01:14:59,0,3.96,1,Free_feed,Pellet,Left,0,0,90,0.0,0,FED
2020-07-22 01:17:10,0,3.96,1,Free_feed,Pellet,Left,0,0,91,0.0,0,FED
2020-07-22 01:17:28,0,3.96,1,Free_feed,Pellet,Left,0,0,92,16.0,0,FED
2020-07-22 01:18:00,0,3.95,1,Free_feed,Pellet,Left,0,0,93,29.0,0,FED
2020-07-22 01:19:16,0,3.95,1,Free_feed,Pellet,Left,0,0,94,74.0,0,FED
2020-07-22 01:24:38,0,3.96,1,Free_feed,Pellet,Left,0,0,95,0.0,0,FED
2020-07-22 01:30:23,0,3.95,1,Free_feed,Pellet,Left,0,0,96,0.0,0,FED
2020-07-22 01:45:16,0,3.95,1,Free_feed,Pellet,Left,0,0,97,0.0,0,FED
2020-07-22 01:55:42,0,3.96,1,Free_feed,Pellet,Left,0,0,98,0.0,0,FED
2020-07-22 01:56:18,0,3.95,1,Free_feed,Pellet,Left,0,0,99,34.0,0,FED
2020-07-22 01:56:56,0,3.95,1,Free_feed,Pellet,Left,0,0,100,35.0,0,FED
2020-07-22 01:57:27,0,3.95,1,Free_feed,Pellet,Left,0,0,101,28.0,0,FED
2020-07-22 01:57:53,0,3.95,1,Free_feed,Pellet,Left,0,0,102,23.0,0,FED
2020-07-22 01:58:12,0,3.95,1,Free_feed,Pellet,Left,0,0,103,17.0,0,FED
2020-07-22 01:58:35,0,3.95,1,Free_feed,Pellet,Left,0,0,104,20.0,0,FED
2020-07-22 01:58:59,0,3.95,1,Free_feed,Pellet,Left,0,0,105,22.0,0,FED
2020-07-22 02:13:54,0,3.95,1,Free_feed,Pellet,Left,0,0,106,0.0,0,FED
2020-07-22 02:32:20,0,3.95,1,Free_feed,Pellet,Left,0,0,107,0.0,0,FED
2020-07-22 02:35:52,0,3.95,1,Free_feed,Pellet,Left,0,0,108,0.0,0,FED
2020-07-22 02:43:13,0,3.95,1,Free_feed,Pellet,Left,0,0,109,0.0,0,FED
2020-07-22 02:43:32,0,3.95,1,Free_feed,Pellet,Left,0,0,110,16.0,0,FED
2020-07-22 02:43:59,0,3.95,1,Free_feed,Pellet,Left,0,0,111,24.0,0,FED
2020-07-22 02:44:22,0,3.95,1,Free_feed,Pellet,Left,0,0,112,20.0,0,FED
2020-07-22 03:33:32,0,3.95,1,Free_feed,Pellet,Left,0,0,113,0.0,0,FED
2020-07-22 04:30:13,0,3.94,2,Free_feed,Pellet,Left,0,0,114,54.0,0,FED
2020-07-22 04:30:47,0,3.94,1,Free_feed,Pellet,Left,0,0,115,31.0,0,FED
2020-07-22 04:31:06,0,3.94,1,Free_feed,Pellet,Left,0,0,116,17.0,0,FED
2020-07-22 04:31:28,0,3.94,1,Free_feed,Pellet,Left,0,0,117,20.0,0,FED
2020-07-22 04:31:47,0,3.95,1,Free_feed,Pellet,Left,0,0,118,16.0,0,FED
2020-07-22 04:32:16,0,3.94,1,Free_feed,Pellet,Left,0,0,119,26.0,0,FED
2020-07-22 05:08:19,0,3.94,1,Free_feed,Pellet,Left,0,0,120,0.0,0,FED
2020-07-22 05:09:17,0,3.94,1,Free_feed,Pellet,Left,0,0,121,55.0,0,FED
2020-07-22 05:10:46,0,3.94,1,Free_feed,Pellet,Left,0,0,122,26.0,0,FED
2020-07-22 05:11:18,0,3.95,1,Free_feed,Pellet,Left,0,0,123,22.0,0,FED
2020-07-22 05:11:51,0,3.94,1,Free_feed,Pellet,Left,0,0,124,30.0,0,FED
2020-07-22 05:12:19,0,3.95,1,Free_feed,Pellet,Left,0,0,125,26.0,0,FED
2020-07-22 05:33:48,0,3.94,1,Free_feed,Pellet,Left,0,0,126,0.0,0,FED
2020-07-22 05:34:10,0,3.94,1,Free_feed,Pellet,Left,0,0,127,20.0,0,FED
2020-07-22 05:34:50,0,3.94,1,Free_feed,Pellet,Left,0,0,128,37.0,0,FED
2020-07-22 05:35:13,0,3.94,1,Free_feed,Pellet,Left,0,0,129,21.0,0,FED
2020-07-22 05:40:35,0,3.94,1,Free_feed,Pellet,Left,0,0,130,0.0,0,FED
2020-07-22 05:40:54,0,3.94,1,Free_feed,Pellet,Left,0,0,131,16.0,0,FED
2020-07-22 05:42:26,0,3.94,1,Free_feed,Pellet,Left,0,0,132,89.0,0,FED
2020-07-22 05:42:45,0,3.94,1,Free_feed,Pellet,Left,0,0,133,16.0,0,FED
2020-07-22 06:41:17,0,3.94,1,Free_feed,Pellet,Left,0,0,134,0.0,0,FED
2020-07-22 06:42:09,0,3.94,1,Free_feed,Pellet,Left,0,0,135,49.0,0,FED
2020-07-22 06:42:35,0,3.94,1,Free_feed,Pellet,Left,0,0,136,23.0,0,FED
2020-07-22 06:43:08,0,3.94,1,Free_feed,Pellet,Left,0,0,137,30.0,0,FED
2020-07-22 06:43:32,0,3.94,1,Free_feed,Pellet,Left,0,0,138,21.0,0,FED
2020-07-22 06:44:12,0,3.94,1,Free_feed,Pellet,Left,0,0,139,37.0,0,FED
2020-07-22 06:59:34,0,3.94,1,Free_feed,Pellet,Left,0,0,140,0.0,0,FED
2020-07-22 07:11:39,0,3.94,1,Free_feed,Pellet,Left,0,0,141,0.0,0,FED
2020-07-22 07:17:56,0,3.94,1,Free_feed,Pellet,Left,0,0,142,0.0,0,FED
2020-07-22 07:18:23,0,3.94,1,Free_feed,Pellet,Left,0,0,143,24.0,0,FED
2020-07-22 07:19:02,0,3.94,1,Free_feed,Pellet,Left,0,0,144,36.0,0,FED
2020-07-22 07:20:00,0,3.94,1,Free_feed,Pellet,Left,0,0,145,55.0,0,FED
2020-07-22 07:20:23,0,3.94,1,Free_feed,Pellet,Left,0,0,146,20.0,0,FED
2020-07-22 07:23:28,0,3.94,1,Free_feed,Pellet,Left,0,0,147,0.0,0,FED
2020-07-22 07:23:58,0,3.94,1,Free_feed,Pellet,Left,0,0,148,27.0,0,FED
2020-07-22 07:24:17,0,3.94,1,Free_feed,Pellet,Left,0,0,149,16.0,0,FED
2020-07-22 07:33:58,0,3.94,1,Free_feed,Pellet,Left,0,0,150,0.0,0,FED
2020-07-22 07:34:17,0,3.94,1,Free_feed,Pellet,Left,0,0,151,16.0,0,FED
2020-07-22 07:48:29,0,3.94,1,Free_feed,Pellet,Left,0,0,152,0.0,0,FED
2020-07-22 07:49:08,0,3.94,1,Free_feed,Pellet,Left,0,0,153,37.0,0,FED
2020-07-22 07:49:28,0,3.94,1,Free_feed,Pellet,Left,0,0,154,17.0,0,FED
2020-07-22 07:49:50,0,3.94,1,Free_feed,Pellet,Left,0,0,155,19.0,0,FED
2020-07-22 07:50:12,0,3.94,1,Free_feed,Pellet,Left,0,0,156,19.0,0,FED
2020-07-22 07:50:38,0,3.94,1,Free_feed,Pellet,Left,0,0,157,23.0,0,FED
2020-07-22 07:50:58,0,3.94,2,Free_feed,Pellet,Left,0,0,158,15.0,0,FED
2020-07-22 07:51:18,0,3.94,1,Free_feed,Pellet,Left,0,0,159,16.0,0,FED
2020-07-22 07:52:02,0,3.94,1,Free_feed,Pellet,Left,0,0,160,41.0,0,FED
2020-07-22 08:33:06,0,3.94,1,Free_feed,Pellet,Left,0,0,161,0.0,0,FED
2020-07-22 08:36:55,0,3.94,1,Free_feed,Pellet,Left,0,0,162,0.0,0,FED
2020-07-22 08:37:48,0,3.93,2,Free_feed,Pellet,Left,0,0,163,48.0,0,FED
2020-07-22 08:38:42,0,3.94,1,Free_feed,Pellet,Left,0,0,164,52.0,0,FED
2020-07-22 08:39:33,0,3.93,1,Free_feed,Pellet,Left,0,0,165,48.0,0,FED
2020-07-22 08:40:00,0,3.93,1,Free_feed,Pellet,Left,0,0,166,25.0,0,FED
2020-07-22 08:40:25,0,3.93,1,Free_feed,Pellet,Left,0,0,167,22.0,0,FED
2020-07-22 08:40:50,0,3.94,1,Free_feed,Pellet,Left,0,0,168,22.0,0,FED
2020-07-22 08:41:16,0,3.94,1,Free_feed,Pellet,Left,0,0,169,23.0,0,FED
2020-07-22 08:41:34,0,3.93,1,Free_feed,Pellet,Left,0,0,170,15.0,0,FED
2020-07-22 09:11:27,0,3.94,2,Free_feed,Pellet,Left,0,0,171,0.0,0,FED
2020-07-22 09:38:32,0,3.94,1,Free_feed,Pellet,Left,0,0,172,0.0,0,FED
2020-07-22 09:58:00,0,3.94,1,Free_feed,Pellet,Left,0,0,173,0.0,0,FED
2020-07-22 10:03:40,0,3.93,1,Free_feed,Pellet,Left,0,0,174,0.0,0,FED
2020-07-22 10:04:54,0,3.93,1,Free_feed,Pellet,Left,0,0,175,71.0,0,FED
2020-07-22 10:05:41,0,3.93,1,Free_feed,Pellet,Left,0,0,176,44.0,0,FED
2020-07-22 10:06:20,0,3.93,1,Free_feed,Pellet,Left,0,0,177,36.0,0,FED
2020-07-22 10:06:57,0,3.93,1,Free_feed,Pellet,Left,0,0,178,34.0,0,FED
2020-07-22 10:07:16,0,3.93,1,Free_feed,Pellet,Left,0,0,179,16.0,0,FED
2020-07-22 10:16:48,0,3.93,1,Free_feed,Pellet,Left,0,0,180,0.0,0,FED
2020-07-22 10:19:45,0,3.93,1,Free_feed,Pellet,Left,0,0,181,0.0,0,FED
2020-07-22 10:29:14,0,3.93,1,Free_feed,Pellet,Left,0,0,182,0.0,0,FED
2020-07-22 10:29:48,0,3.93,1,Free_feed,Pellet,Left,0,0,183,31.0,0,FED
2020-07-22 10:30:15,0,3.93,1,Free_feed,Pellet,Left,0,0,184,23.0,0,FED
2020-07-22 10:30:37,0,3.93,1,Free_feed,Pellet,Left,0,0,185,20.0,0,FED
2020-07-22 10:31:00,0,3.93,1,Free_feed,Pellet,Left,0,0,186,21.0,0,FED
2020-07-22 10:57:27,0,3.93,1,Free_feed,Pellet,Left,0,0,187,0.0,0,FED
2020-07-22 11:18:39,0,3.93,1,Free_feed,Pellet,Left,0,0,188,0.0,0,FED
2020-07-22 12:42:35,0,3.93,1,Free_feed,Pellet,Left,0,0,189,0.0,0,FED
2020-07-22 13:04:25,0,3.93,1,Free_feed,Pellet,Left,0,0,190,5.0,0,FED
2020-07-22 13:53:24,0,3.93,1,Free_feed,Pellet,Left,0,0,191,0.0,0,FED
2020-07-22 13:55:37,0,3.93,1,Free_feed,Pellet,Left,0,0,192,0.0,0,FED
2020-07-22 13:56:18,0,3.93,1,Free_feed,Pellet,Left,0,0,193,38.0,0,FED
2020-07-22 13:56:38,0,3.93,1,Free_feed,Pellet,Left,0,0,194,17.0,0,FED
2020-07-22 13:57:10,0,3.93,1,Free_feed,Pellet,Left,0,0,195,30.0,0,FED
2020-07-22 13:57:32,0,3.92,1,Free_feed,Pellet,Left,0,0,196,19.0,0,FED
2020-07-22 13:58:10,0,3.93,1,Free_feed,Pellet,Left,0,0,197,36.0,0,FED
2020-07-22 13:59:17,0,3.93,1,Free_feed,Pellet,Left,0,0,198,64.0,0,FED
2020-07-22 14:02:12,0,3.93,1,Free_feed,Pellet,Left,0,0,199,0.0,0,FED
2020-07-22 14:05:18,0,3.92,1,Free_feed,Pellet,Left,0,0,200,0.0,0,FED
2020-07-22 14:12:46,0,3.92,1,Free_feed,Pellet,Left,0,0,201,0.0,0,FED
2020-07-22 14:13:18,0,3.93,1,Free_feed,Pellet,Left,0,0,202,29.0,0,FED
2020-07-22 14:13:41,0,3.93,1,Free_feed,Pellet,Left,0,0,203,20.0,0,FED
2020-07-22 14:14:06,0,3.93,1,Free_feed,Pellet,Left,0,0,204,22.0,0,FED
2020-07-22 14:32:33,0,3.93,1,Free_feed,Pellet,Left,0,0,205,95.0,0,FED
2020-07-22 14:34:01,0,3.92,1,Free_feed,Pellet,Left,0,0,206,85.0,0,FED
2020-07-22 16:01:49,0,3.93,1,Free_feed,Pellet,Left,0,0,207,0.0,0,FED
2020-07-22 16:02:28,0,3.92,1,Free_feed,Pellet,Left,0,0,208,36.0,0,FED
2020-07-22 16:03:03,0,3.92,1,Free_feed,Pellet,Left,0,0,209,33.0,0,FED
2020-07-22 16:03:35,0,3.92,1,Free_feed,Pellet,Left,0,0,210,29.0,0,FED
2020-07-22 16:04:52,0,3.92,1,Free_feed,Pellet,Left,0,0,211,75.0,0,FED
2020-07-22 16:08:07,0,3.92,1,Free_feed,Pellet,Left,0,0,212,0.0,0,FED
2020-07-22 16:08:29,0,3.92,1,Free_feed,Pellet,Left,0,0,213,20.0,0,FED
2020-07-22 16:56:34,0,3.92,1,Free_feed,Pellet,Left,0,0,214,0.0,0,FED
2020-07-22 16:57:06,0,3.92,1,Free_feed,Pellet,Left,0,0,215,29.0,0,FED
2020-07-22 16:57:32,0,3.92,6,Free_feed,Pellet,Left,0,0,216,13.0,0,FED
2020-07-22 16:57:50,0,3.92,1,Free_feed,Pellet,Left,0,0,217,16.0,0,FED
2020-07-22 16:58:15,0,3.92,1,Free_feed,Pellet,Left,0,0,218,21.0,0,FED
2020-07-22 16:58:32,0,3.92,1,Free_feed,Pellet,Left,0,0,219,15.0,0,FED
2020-07-22 16:58:50,0,3.91,1,Free_feed,Pellet,Left,0,0,220,15.0,0,FED
2020-07-22 17:00:02,0,3.91,1,Free_feed,Pellet,Left,0,0,221,45.0,0,FED
2020-07-22 17:02:11,0,3.92,1,Free_feed,Pellet,Left,0,0,222,0.0,0,FED
2020-07-22 17:16:40,0,3.92,3,Free_feed,Pellet,Left,0,0,223,0.0,0,FED
2020-07-22 17:17:36,0,3.91,1,Free_feed,Pellet,Left,0,0,224,53.0,0,FED
2020-07-22 17:17:39,0,3.91,1,Free_feed,Pellet,Left,0,0,225,0.0,0,FED
2020-07-22 17:20:14,0,3.92,1,Free_feed,Pellet,Left,0,0,226,0.0,0,FED
2020-07-22 17:20:23,0,3.92,1,Free_feed,Pellet,Left,0,0,227,7.0,0,FED
2020-07-22 18:15:48,0,3.91,1,Free_feed,Pellet,Left,0,0,228,0.0,0,FED
2020-07-22 18:30:05,0,3.91,1,Free_feed,Pellet,Left,0,0,229,0.0,0,FED
2020-07-22 18:30:40,0,3.91,1,Free_feed,Pellet,Left,0,0,230,33.0,0,FED
2020-07-22 18:31:11,0,3.91,1,Free_feed,Pellet,Left,0,0,231,28.0,0,FED
2020-07-22 18:31:30,0,3.91,1,Free_feed,Pellet,Left,0,0,232,17.0,0,FED
2020-07-22 18:31:50,0,3.91,1,Free_feed,Pellet,Left,0,0,233,17.0,0,FED
2020-07-22 18:32:11,0,3.91,1,Free_feed,Pellet,Left,0,0,234,18.0,0,FED
2020-07-22 18:32:29,0,3.91,1,Free_feed,Pellet,Left,0,0,235,16.0,0,FED
2020-07-22 18:32:46,0,3.91,1,Free_feed,Pellet,Left,0,0,236,14.0,0,FED
2020-07-22 18:33:04,0,3.91,1,Free_feed,Pellet,Left,0,0,237,15.0,0,FED
2020-07-22 18:34:31,0,3.91,1,Free_feed,Pellet,Left,0,0,238,84.0,0,FED
2020-07-22 18:37:16,0,3.91,1,Free_feed,Pellet,Left,0,0,239,0.0,0,FED
2020-07-22 18:37:57,0,3.91,1,Free_feed,Pellet,Left,0,0,240,38.0,0,FED
2020-07-22 18:38:16,0,3.91,1,Free_feed,Pellet,Left,0,0,241,16.0,0,FED
2020-07-22 18:48:14,0,3.91,1,Free_feed,Pellet,Left,0,0,242,0.0,0,FED
2020-07-22 18:48:32,0,3.91,1,Free_feed,Pellet,Left,0,0,243,15.0,0,FED
2020-07-22 20:12:00,0,3.91,2,Free_feed,Pellet,Left,0,0,244,0.0,0,FED
2020-07-22 20:12:49,0,3.91,1,Free_feed,Pellet,Left,0,0,245,46.0,0,FED
2020-07-22 20:15:24,0,3.91,1,Free_feed,Pellet,Left,0,0,246,0.0,0,FED
2020-07-22 20:15:45,0,3.91,1,Free_feed,Pellet,Left,0,0,247,18.0,0,FED
2020-07-22 20:16:03,0,3.91,1,Free_feed,Pellet,Left,0,0,248,15.0,0,FED
2020-07-22 20:16:27,0,3.91,1,Free_feed,Pellet,Left,0,0,249,21.0,0,FED
2020-07-22 20:17:41,0,3.91,1,Free_feed,Pellet,Left,0,0,250,72.0,0,FED
2020-07-22 20:33:50,0,3.91,1,Free_feed,Pellet,Left,0,0,251,0.0,0,FED
2020-07-22 21:05:03,0,3.91,1,Free_feed,Pellet,Left,0,0,252,0.0,0,FED
2020-07-22 21:05:51,0,3.9,1,Free_feed,Pellet,Left,0,0,253,45.0,0,FED
2020-07-22 21:06:13,0,3.91,1,Free_feed,Pellet,Left,0,0,254,19.0,0,FED
2020-07-22 21:06:32,0,3.91,1,Free_feed,Pellet,Left,0,0,255,17.0,0,FED
2020-07-22 21:06:51,0,3.91,1,Free_feed,Pellet,Left,0,0,256,16.0,0,FED
2020-07-22 21:23:07,0,3.91,1,Free_feed,Pellet,Left,0,0,257,0.0,0,FED
2020-07-22 21:23:27,0,3.91,1,Free_feed,Pellet,Left,0,0,258,17.0,0,FED
2020-07-22 21:30:24,0,3.91,1,Free_feed,Pellet,Left,0,0,259,0.0,0,FED
2020-07-22 21:31:01,0,3.91,1,Free_feed,Pellet,Left,0,0,260,35.0,0,FED
2020-07-22 21:36:01,0,3.9,1,Free_feed,Pellet,Left,0,0,261,97.0,0,FED
2020-07-22 21:38:27,0,3.91,1,Free_feed,Pellet,Left,0,0,262,0.0,0,FED
2020-07-22 21:39:33,0,3.91,1,Free_feed,Pellet,Left,0,0,263,63.0,0,FED
2020-07-22 21:56:24,0,3.91,1,Free_feed,Pellet,Left,0,0,264,0.0,0,FED
2020-07-22 21:56:47,0,3.91,1,Free_feed,Pellet,Left,0,0,265,20.0,0,FED
2020-07-22 21:57:06,0,3.91,1,Free_feed,Pellet,Left,0,0,266,16.0,0,FED
2020-07-22 22:02:49,0,3.91,1,Free_feed,Pellet,Left,0,0,267,0.0,0,FED
2020-07-22 22:03:06,0,3.91,1,Free_feed,Pellet,Left,0,0,268,14.0,0,FED
2020-07-22 22:06:47,0,3.91,1,Free_feed,Pellet,Left,0,0,269,0.0,0,FED
2020-07-22 22:07:15,0,3.91,1,Free_feed,Pellet,Left,0,0,270,26.0,0,FED
2020-07-22 22:28:41,0,3.91,1,Free_feed,Pellet,Left,0,0,271,0.0,0,FED
2020-07-22 22:29:01,0,3.91,1,Free_feed,Pellet,Left,0,0,272,17.0,0,FED
2020-07-22 22:29:24,0,3.9,1,Free_feed,Pellet,Left,0,0,273,20.0,0,FED
2020-07-22 22:29:57,0,3.91,1,Free_feed,Pellet,Left,0,0,274,30.0,0,FED
2020-07-22 22:30:16,0,3.9,1,Free_feed,Pellet,Left,0,0,275,16.0,0,FED
2020-07-22 22:59:15,0,3.9,1,Free_feed,Pellet,Left,0,0,276,0.0,0,FED
2020-07-22 23:06:00,0,3.9,1,Free_feed,Pellet,Left,0,0,277,0.0,0,FED
2020-07-22 23:06:34,0,3.9,1,Free_feed,Pellet,Left,0,0,278,31.0,0,FED
2020-07-22 23:06:56,0,3.9,1,Free_feed,Pellet,Left,0,0,279,19.0,0,FED
2020-07-22 23:07:27,0,3.91,1,Free_feed,Pellet,Left,0,0,280,27.0,0,FED
2020-07-22 23:07:55,0,3.91,1,Free_feed,Pellet,Left,0,0,281,25.0,0,FED
2020-07-22 23:10:02,0,3.9,1,Free_feed,Pellet,Left,0,0,282,51.0,0,FED
2020-07-22 23:10:24,0,3.9,1,Free_feed,Pellet,Left,0,0,283,18.0,0,FED
2020-07-22 23:10:45,0,3.9,1,Free_feed,Pellet,Left,0,0,284,19.0,0,FED
2020-07-22 23:11:08,0,3.9,1,Free_feed,Pellet,Left,0,0,285,21.0,0,FED
2020-07-22 23:11:29,0,3.9,1,Free_feed,Pellet,Left,0,0,286,18.0,0,FED
2020-07-22 23:28:24,0,3.9,1,Free_feed,Pellet,Left,0,0,287,64.0,0,FED
2020-07-22 23:28:44,0,3.91,1,Free_feed,Pellet,Left,0,0,288,18.0,0,FED
2020-07-22 23:29:40,0,3.9,1,Free_feed,Pellet,Left,0,0,289,52.0,0,FED
2020-07-22 23:30:02,0,3.9,1,Free_feed,Pellet,Left,0,0,290,20.0,0,FED
2020-07-22 23:37:01,0,3.9,1,Free_feed,Pellet,Left,0,0,291,0.0,0,FED
2020-07-22 23:44:50,0,3.9,6,Free_feed,Pellet,Left,0,0,292,37.0,0,FED
2020-07-22 23:47:19,0,3.9,2,Free_feed,Pellet,Left,0,0,293,0.0,0,FED
2020-07-22 23:52:03,0,3.9,1,Free_feed,Pellet,Left,0,0,294,0.0,0,FED
2020-07-22 23:52:21,0,3.9,1,Free_feed,Pellet,Left,0,0,295,15.0,0,FED
2020-07-22 23:52:40,0,3.91,1,Free_feed,Pellet,Left,0,0,296,16.0,0,FED
2020-07-22 23:52:55,0,3.9,1,Free_feed,Pellet,Left,0,0,297,13.0,0,FED
2020-07-22 23:53:14,0,3.9,1,Free_feed,Pellet,Left,0,0,298,16.0,0,FED
2020-07-22 23:53:32,0,3.9,1,Free_feed,Pellet,Left,0,0,299,15.0,0,FED
2020-07-22 23:53:52,0,3.9,1,Free_feed,Pellet,Left,0,0,300,17.0,0,FED
2020-07-23 00:05:06,0,3.9,1,Free_feed,Pellet,Left,0,0,301,0.0,0,FED
2020-07-23 00:07:19,0,3.9,1,Free_feed,Pellet,Left,0,0,302,0.0,0,FED
2020-07-23 00:19:07,0,3.9,1,Free_feed,Pellet,Left,0,0,303,0.0,0,FED
2020-07-23 00:19:27,0,3.9,1,Free_feed,Pellet,Left,0,0,304,17.0,0,FED
2020-07-23 00:19:45,0,3.9,1,Free_feed,Pellet,Left,0,0,305,15.0,0,FED
2020-07-23 00:20:02,0,3.9,1,Free_feed,Pellet,Left,0,0,306,14.0,0,FED
2020-07-23 00:20:20,0,3.9,1,Free_feed,Pellet,Left,0,0,307,15.0,0,FED
2020-07-23 00:20:34,0,3.9,1,Free_feed,Pellet,Left,0,0,308,11.0,0,FED
2020-07-23 00:20:53,0,3.9,1,Free_feed,Pellet,Left,0,0,309,16.0,0,FED
2020-07-23 00:39:34,0,3.9,1,Free_feed,Pellet,Left,0,0,310,0.0,0,FED
2020-07-23 00:39:57,0,3.9,1,Free_feed,Pellet,Left,0,0,311,21.0,0,FED
2020-07-23 00:47:57,0,3.9,1,Free_feed,Pellet,Left,0,0,312,0.0,0,FED
2020-07-23 00:48:19,0,3.9,1,Free_feed,Pellet,Left,0,0,313,20.0,0,FED
2020-07-23 00:48:32,0,3.89,1,Free_feed,Pellet,Left,0,0,314,10.0,0,FED
2020-07-23 00:48:50,0,3.9,1,Free_feed,Pellet,Left,0,0,315,15.0,0,FED
2020-07-23 00:57:19,0,3.9,1,Free_feed,Pellet,Left,0,0,316,0.0,0,FED
2020-07-23 01:09:54,0,3.9,1,Free_feed,Pellet,Left,0,0,317,0.0,0,FED
2020-07-23 01:15:59,0,3.9,1,Free_feed,Pellet,Left,0,0,318,19.0,0,FED
2020-07-23 01:23:42,0,3.9,1,Free_feed,Pellet,Left,0,0,319,0.0,0,FED
2020-07-23 01:24:10,0,3.9,1,Free_feed,Pellet,Left,0,0,320,25.0,0,FED
2020-07-23 01:34:35,0,3.9,1,Free_feed,Pellet,Left,0,0,321,0.0,0,FED
2020-07-23 01:45:31,0,3.9,1,Free_feed,Pellet,Left,0,0,322,0.0,0,FED
2020-07-23 01:45:55,0,3.89,1,Free_feed,Pellet,Left,0,0,323,22.0,0,FED
2020-07-23 01:46:16,0,3.89,2,Free_feed,Pellet,Left,0,0,324,16.0,0,FED
2020-07-23 01:46:43,0,3.89,1,Free_feed,Pellet,Left,0,0,325,24.0,0,FED
2020-07-23 01:58:52,0,3.89,1,Free_feed,Pellet,Left,0,0,326,0.0,0,FED
2020-07-23 02:01:57,0,3.89,1,Free_feed,Pellet,Left,0,0,327,0.0,0,FED
2020-07-23 02:02:16,0,3.89,1,Free_feed,Pellet,Left,0,0,328,16.0,0,FED
2020-07-23 02:02:31,0,3.89,1,Free_feed,Pellet,Left,0,0,329,13.0,0,FED
2020-07-23 02:02:46,0,3.89,1,Free_feed,Pellet,Left,0,0,330,12.0,0,FED
2020-07-23 02:05:10,0,3.89,20,Free_feed,Pellet,Left,0,0,331,115.0,0,FED
2020-07-23 02:19:10,0,3.89,4,Free_feed,Pellet,Left,0,0,332,0.0,0,FED
2020-07-23 02:34:07,0,3.89,1,Free_feed,Pellet,Left,0,0,333,0.0,0,FED
2020-07-23 02:34:26,0,3.9,1,Free_feed,Pellet,Left,0,0,334,16.0,0,FED
2020-07-23 02:34:44,0,3.89,1,Free_feed,Pellet,Left,0,0,335,15.0,0,FED
2020-07-23 02:51:17,0,3.89,1,Free_feed,Pellet,Left,0,0,336,0.0,0,FED
2020-07-23 03:02:05,0,3.89,1,Free_feed,Pellet,Left,0,0,337,0.0,0,FED
2020-07-23 03:02:27,0,3.89,1,Free_feed,Pellet,Left,0,0,338,19.0,0,FED
2020-07-23 03:02:50,0,3.9,1,Free_feed,Pellet,Left,0,0,339,21.0,0,FED
2020-07-23 03:03:05,0,3.89,1,Free_feed,Pellet,Left,0,0,340,13.0,0,FED
2020-07-23 03:03:23,0,3.89,1,Free_feed,Pellet,Left,0,0,341,15.0,0,FED
2020-07-23 03:03:36,0,3.89,1,Free_feed,Pellet,Left,0,0,342,10.0,0,FED
2020-07-23 03:03:57,0,3.89,1,Free_feed,Pellet,Left,0,0,343,18.0,0,FED
2020-07-23 03:04:13,0,3.89,1,Free_feed,Pellet,Left,0,0,344,13.0,0,FED
2020-07-23 03:20:28,0,3.89,1,Free_feed,Pellet,Left,0,0,345,0.0,0,FED
2020-07-23 03:35:39,0,3.89,1,Free_feed,Pellet,Left,0,0,346,0.0,0,FED
2020-07-23 04:00:36,0,3.89,1,Free_feed,Pellet,Left,0,0,347,0.0,0,FED
2020-07-23 04:08:50,0,3.89,1,Free_feed,Pellet,Left,0,0,348,0.0,0,FED
2020-07-23 04:15:29,0,3.89,1,Free_feed,Pellet,Left,0,0,349,0.0,0,FED
2020-07-23 04:15:46,0,3.89,1,Free_feed,Pellet,Left,0,0,350,15.0,0,FED
2020-07-23 04:16:02,0,3.89,1,Free_feed,Pellet,Left,0,0,351,13.0,0,FED
2020-07-23 04:16:18,0,3.89,1,Free_feed,Pellet,Left,0,0,352,12.0,0,FED
2020-07-23 04:16:34,0,3.89,1,Free_feed,Pellet,Left,0,0,353,14.0,0,FED
2020-07-23 04:16:54,0,3.89,1,Free_feed,Pellet,Left,0,0,354,17.0,0,FED
2020-07-23 04:17:13,0,3.89,1,Free_feed,Pellet,Left,0,0,355,17.0,0,FED
2020-07-23 05:31:39,0,3.89,1,Free_feed,Pellet,Left,0,0,356,0.0,0,FED
2020-07-23 05:32:10,0,3.89,1,Free_feed,Pellet,Left,0,0,357,28.0,0,FED
2020-07-23 05:32:39,0,3.89,1,Free_feed,Pellet,Left,0,0,358,27.0,0,FED
2020-07-23 05:33:03,0,3.89,1,Free_feed,Pellet,Left,0,0,359,21.0,0,FED
2020-07-23 05:33:24,0,3.89,1,Free_feed,Pellet,Left,0,0,360,18.0,0,FED
2020-07-23 05:33:46,0,3.89,1,Free_feed,Pellet,Left,0,0,361,19.0,0,FED
2020-07-23 05:34:50,0,3.89,1,Free_feed,Pellet,Left,0,0,362,61.0,0,FED
2020-07-23 06:31:09,0,3.89,1,Free_feed,Pellet,Left,0,0,363,0.0,0,FED
2020-07-23 06:31:34,0,3.88,1,Free_feed,Pellet,Left,0,0,364,22.0,0,FED
2020-07-23 06:32:50,0,3.89,1,Free_feed,Pellet,Left,0,0,365,66.0,0,FED
2020-07-23 06:33:09,0,3.88,1,Free_feed,Pellet,Left,0,0,366,16.0,0,FED
2020-07-23 06:49:41,0,3.89,1,Free_feed,Pellet,Left,0,0,367,22.0,0,FED
2020-07-23 06:49:56,0,3.88,1,Free_feed,Pellet,Left,0,0,368,13.0,0,FED
2020-07-23 07:05:06,0,3.89,1,Free_feed,Pellet,Left,0,0,369,0.0,0,FED
2020-07-23 07:06:03,0,3.88,1,Free_feed,Pellet,Left,0,0,370,54.0,0,FED
2020-07-23 07:06:31,0,3.88,1,Free_feed,Pellet,Left,0,0,371,26.0,0,FED
2020-07-23 07:09:26,0,3.88,1,Free_feed,Pellet,Left,0,0,372,0.0,0,FED
2020-07-23 07:09:45,0,3.89,1,Free_feed,Pellet,Left,0,0,373,16.0,0,FED
2020-07-23 07:20:14,0,3.88,1,Free_feed,Pellet,Left,0,0,374,0.0,0,FED
2020-07-23 07:20:31,0,3.88,1,Free_feed,Pellet,Left,0,0,375,15.0,0,FED
2020-07-23 07:20:49,0,3.89,1,Free_feed,Pellet,Left,0,0,376,15.0,0,FED
2020-07-23 07:21:07,0,3.89,1,Free_feed,Pellet,Left,0,0,377,15.0,0,FED
2020-07-23 07:21:25,0,3.88,1,Free_feed,Pellet,Left,0,0,378,15.0,0,FED
2020-07-23 07:30:48,0,3.88,1,Free_feed,Pellet,Left,0,0,379,0.0,0,FED
2020-07-23 07:38:55,0,3.88,1,Free_feed,Pellet,Left,0,0,380,3.0,0,FED
2020-07-23 07:39:20,0,3.87,1,Free_feed,Pellet,Left,0,0,381,22.0,0,FED
2020-07-23 07:39:38,0,3.89,1,Free_feed,Pellet,Left,0,0,382,14.0,0,FED
2020-07-23 07:39:46,0,3.88,2,Free_feed,Pellet,Left,0,0,383,4.0,0,FED
2020-07-23 08:55:44,0,3.89,1,Free_feed,Pellet,Left,0,0,384,0.0,0,FED
2020-07-23 08:57:17,0,3.88,1,Free_feed,Pellet,Left,0,0,385,90.0,0,FED
2020-07-23 08:57:38,0,3.88,1,Free_feed,Pellet,Left,0,0,386,18.0,0,FED
2020-07-23 08:57:55,0,3.88,1,Free_feed,Pellet,Left,0,0,387,14.0,0,FED
2020-07-23 08:58:15,0,3.87,1,Free_feed,Pellet,Left,0,0,388,17.0,0,FED
2020-07-23 10:16:27,0,3.87,1,Free_feed,Pellet,Left,0,0,389,0.0,0,FED
2020-07-23 10:31:32,0,3.87,1,Free_feed,Pellet,Left,0,0,390,0.0,0,FED
2020-07-23 10:31:56,0,3.88,1,Free_feed,Pellet,Left,0,0,391,21.0,0,FED
2020-07-23 10:32:16,0,3.87,1,Free_feed,Pellet,Left,0,0,392,17.0,0,FED
2020-07-23 10:32:33,0,3.88,1,Free_feed,Pellet,Left,0,0,393,14.0,0,FED
2020-07-23 10:32:54,0,3.87,1,Free_feed,Pellet,Left,0,0,394,18.0,0,FED
2020-07-23 10:33:17,0,3.88,1,Free_feed,Pellet,Left,0,0,395,20.0,0,FED
2020-07-23 10:33:38,0,3.88,1,Free_feed,Pellet,Left,0,0,396,18.0,0,FED
2020-07-23 11:02:49,0,3.87,1,Free_feed,Pellet,Left,0,0,397,0.0,0,FED
2020-07-23 11:03:47,0,3.88,2,Free_feed,Pellet,Left,0,0,398,53.0,0,FED
2020-07-23 12:45:22,0,3.87,1,Free_feed,Pellet,Left,0,0,399,0.0,0,FED
2020-07-23 12:57:14,0,3.87,1,Free_feed,Pellet,Left,0,0,400,0.0,0,FED
2020-07-23 12:57:42,0,3.87,1,Free_feed,Pellet,Left,0,0,401,24.0,0,FED
2020-07-23 13:17:41,0,3.87,1,Free_feed,Pellet,Left,0,0,402,0.0,0,FED
2020-07-23 13:24:40,0,3.87,1,Free_feed,Pellet,Left,0,0,403,0.0,0,FED
2020-07-23 13:36:34,0,3.87,1,Free_feed,Pellet,Left,0,0,404,45.0,0,FED
2020-07-23 14:39:32,0,3.87,1,Free_feed,Pellet,Left,0,0,405,0.0,0,FED
2020-07-23 14:40:00,0,3.87,1,Free_feed,Pellet,Left,0,0,406,26.0,0,FED
2020-07-23 14:40:19,0,3.87,1,Free_feed,Pellet,Left,0,0,407,17.0,0,FED
2020-07-23 14:42:14,0,3.87,1,Free_feed,Pellet,Left,0,0,408,112.0,0,FED
2020-07-23 14:42:33,0,3.87,1,Free_feed,Pellet,Left,0,0,409,17.0,0,FED
2020-07-23 17:08:39,0,3.87,1,Free_feed,Pellet,Left,0,0,410,0.0,0,FED
2020-07-23 17:09:01,0,3.87,1,Free_feed,Pellet,Left,0,0,411,20.0,0,FED
2020-07-23 17:09:26,0,3.87,1,Free_feed,Pellet,Left,0,0,412,22.0,0,FED
2020-07-23 17:09:39,0,3.87,1,Free_feed,Pellet,Left,0,0,413,10.0,0,FED
2020-07-23 18:05:05,0,3.86,1,Free_feed,Pellet,Left,0,0,414,0.0,0,FED
2020-07-23 18:05:18,0,3.86,1,Free_feed,Pellet,Left,0,0,415,10.0,0,FED
2020-07-23 18:12:19,0,3.86,1,Free_feed,Pellet,Left,0,0,416,0.0,0,FED
2020-07-23 18:12:34,0,3.86,1,Free_feed,Pellet,Left,0,0,417,12.0,0,FED
2020-07-23 18:12:52,0,3.86,1,Free_feed,Pellet,Left,0,0,418,15.0,0,FED
2020-07-23 18:13:19,0,3.86,1,Free_feed,Pellet,Left,0,0,419,17.0,0,FED
2020-07-23 18:13:35,0,3.87,1,Free_feed,Pellet,Left,0,0,420,13.0,0,FED
2020-07-23 18:23:08,0,3.86,1,Free_feed,Pellet,Left,0,0,421,0.0,0,FED
2020-07-23 18:23:26,0,3.86,1,Free_feed,Pellet,Left,0,0,422,15.0,0,FED
2020-07-23 18:23:43,0,3.87,1,Free_feed,Pellet,Left,0,0,423,14.0,0,FED
2020-07-23 18:24:02,0,3.86,1,Free_feed,Pellet,Left,0,0,424,16.0,0,FED
2020-07-23 18:24:20,0,3.86,1,Free_feed,Pellet,Left,0,0,425,16.0,0,FED
2020-07-23 19:32:22,0,3.86,1,Free_feed,Pellet,Left,0,0,426,0.0,0,FED
2020-07-23 19:32:41,0,3.86,2,Free_feed,Pellet,Left,0,0,427,14.0,0,FED
2020-07-23 19:37:58,0,3.85,1,Free_feed,Pellet,Left,0,0,428,0.0,0,FED
2020-07-23 19:38:15,0,3.86,1,Free_feed,Pellet,Left,0,0,429,14.0,0,FED
2020-07-23 19:40:37,0,3.85,4,Free_feed,Pellet,Left,0,0,430,0.0,0,FED
2020-07-23 19:40:52,0,3.86,1,Free_feed,Pellet,Left,0,0,431,13.0,0,FED
2020-07-23 20:47:28,0,3.85,1,Free_feed,Pellet,Left,0,0,432,0.0,0,FED
2020-07-23 20:54:46,0,3.86,1,Free_feed,Pellet,Left,0,0,433,0.0,0,FED
2020-07-23 20:57:05,0,3.86,1,Free_feed,Pellet,Left,0,0,434,0.0,0,FED
2020-07-23 20:59:21,0,3.86,1,Free_feed,Pellet,Left,0,0,435,0.0,0,FED
2020-07-23 20:59:34,0,3.86,1,Free_feed,Pellet,Left,0,0,436,10.0,0,FED
2020-07-23 21:10:11,0,3.86,1,Free_feed,Pellet,Left,0,0,437,0.0,0,FED
2020-07-23 21:10:29,0,3.85,1,Free_feed,Pellet,Left,0,0,438,16.0,0,FED
2020-07-23 21:10:49,0,3.85,1,Free_feed,Pellet,Left,0,0,439,17.0,0,FED
2020-07-23 21:11:24,0,3.85,1,Free_feed,Pellet,Left,0,0,440,32.0,0,FED
2020-07-23 21:15:23,0,3.86,1,Free_feed,Pellet,Left,0,0,441,0.0,0,FED
2020-07-23 21:28:19,0,3.85,1,Free_feed,Pellet,Left,0,0,442,0.0,0,FED
2020-07-23 21:28:46,0,3.85,1,Free_feed,Pellet,Left,0,0,443,25.0,0,FED
2020-07-23 21:29:03,0,3.85,1,Free_feed,Pellet,Left,0,0,444,15.0,0,FED
2020-07-23 21:34:10,0,3.85,1,Free_feed,Pellet,Left,0,0,445,0.0,0,FED
2020-07-23 21:34:17,0,3.85,1,Free_feed,Pellet,Left,0,0,446,3.0,0,FED
2020-07-23 21:44:49,0,3.85,1,Free_feed,Pellet,Left,0,0,447,0.0,0,FED
2020-07-23 22:05:51,0,3.85,1,Free_feed,Pellet,Left,0,0,448,0.0,0,FED
2020-07-23 22:06:09,0,3.85,1,Free_feed,Pellet,Left,0,0,449,15.0,0,FED
2020-07-23 22:06:28,0,3.85,1,Free_feed,Pellet,Left,0,0,450,16.0,0,FED
2020-07-23 22:06:48,0,3.86,1,Free_feed,Pellet,Left,0,0,451,17.0,0,FED
2020-07-23 22:07:06,0,3.85,1,Free_feed,Pellet,Left,0,0,452,15.0,0,FED
2020-07-23 22:14:34,0,3.86,1,Free_feed,Pellet,Left,0,0,453,0.0,0,FED
2020-07-23 22:14:57,0,3.85,1,Free_feed,Pellet,Left,0,0,454,20.0,0,FED
2020-07-23 22:26:55,0,3.85,1,Free_feed,Pellet,Left,0,0,455,0.0,0,FED
2020-07-23 22:27:19,0,3.86,1,Free_feed,Pellet,Left,0,0,456,22.0,0,FED
2020-07-23 22:38:23,0,3.85,1,Free_feed,Pellet,Left,0,0,457,0.0,0,FED
2020-07-23 22:38:40,0,3.85,1,Free_feed,Pellet,Left,0,0,458,14.0,0,FED
2020-07-23 22:38:55,0,3.85,1,Free_feed,Pellet,Left,0,0,459,12.0,0,FED
2020-07-23 22:39:14,0,3.85,1,Free_feed,Pellet,Left,0,0,460,16.0,0,FED
2020-07-23 22:39:34,0,3.85,1,Free_feed,Pellet,Left,0,0,461,17.0,0,FED
2020-07-23 22:57:48,0,3.85,1,Free_feed,Pellet,Left,0,0,462,0.0,0,FED
2020-07-23 22:58:03,0,3.85,1,Free_feed,Pellet,Left,0,0,463,11.0,0,FED
2020-07-23 23:28:56,0,3.85,1,Free_feed,Pellet,Left,0,0,464,0.0,0,FED
2020-07-23 23:29:19,0,3.85,1,Free_feed,Pellet,Left,0,0,465,20.0,0,FED
2020-07-23 23:29:45,0,3.85,1,Free_feed,Pellet,Left,0,0,466,22.0,0,FED
2020-07-23 23:30:20,0,3.85,1,Free_feed,Pellet,Left,0,0,467,33.0,0,FED
2020-07-23 23:30:35,0,3.85,1,Free_feed,Pellet,Left,0,0,468,13.0,0,FED
2020-07-23 23:33:53,0,3.85,1,Free_feed,Pellet,Left,0,0,469,0.0,0,FED
2020-07-23 23:49:02,0,3.85,2,Free_feed,Pellet,Left,0,0,470,0.0,0,FED
2020-07-23 23:49:20,0,3.85,1,Free_feed,Pellet,Left,0,0,471,16.0,0,FED
2020-07-23 23:49:42,0,3.85,1,Free_feed,Pellet,Left,0,0,472,20.0,0,FED
2020-07-23 23:59:40,0,3.85,1,Free_feed,Pellet,Left,0,0,473,0.0,0,FED
2020-07-23 23:59:57,0,3.85,1,Free_feed,Pellet,Left,0,0,474,14.0,0,FED
2020-07-24 00:01:34,0,3.85,1,Free_feed,Pellet,Left,0,0,475,94.0,0,FED
2020-07-24 00:13:48,0,3.85,1,Free_feed,Pellet,Left,0,0,476,0.0,0,FED
2020-07-24 00:13:55,0,3.85,1,Free_feed,Pellet,Left,0,0,477,4.0,0,FED
2020-07-24 00:14:12,0,3.85,1,Free_feed,Pellet,Left,0,0,478,14.0,0,FED
2020-07-24 00:14:33,0,3.85,1,Free_feed,Pellet,Left,0,0,479,18.0,0,FED
2020-07-24 00:14:47,0,3.85,1,Free_feed,Pellet,Left,0,0,480,12.0,0,FED
2020-07-24 00:23:16,0,3.85,1,Free_feed,Pellet,Left,0,0,481,0.0,0,FED
2020-07-24 00:23:34,0,3.85,1,Free_feed,Pellet,Left,0,0,482,15.0,0,FED
2020-07-24 00:23:53,0,3.85,1,Free_feed,Pellet,Left,0,0,483,16.0,0,FED
2020-07-24 00:24:08,0,3.85,1,Free_feed,Pellet,Left,0,0,484,12.0,0,FED
2020-07-24 00:38:47,0,3.85,1,Free_feed,Pellet,Left,0,0,485,0.0,0,FED
2020-07-24 00:39:03,0,3.85,1,Free_feed,Pellet,Left,0,0,486,13.0,0,FED
2020-07-24 01:03:50,0,3.85,5,Free_feed,Pellet,Left,0,0,487,0.0,0,FED
2020-07-24 01:04:08,0,3.85,1,Free_feed,Pellet,Left,0,0,488,15.0,0,FED
2020-07-24 01:04:24,0,3.85,1,Free_feed,Pellet,Left,0,0,489,13.0,0,FED
2020-07-24 01:12:38,0,3.85,1,Free_feed,Pellet,Left,0,0,490,4.0,0,FED
2020-07-24 01:20:16,0,3.85,1,Free_feed,Pellet,Left,0,0,491,0.0,0,FED
2020-07-24 01:20:47,0,3.85,1,Free_feed,Pellet,Left,0,0,492,28.0,0,FED
2020-07-24 01:21:04,0,3.84,1,Free_feed,Pellet,Left,0,0,493,14.0,0,FED
2020-07-24 01:29:34,0,3.85,1,Free_feed,Pellet,Left,0,0,494,0.0,0,FED
2020-07-24 01:29:46,0,3.85,1,Free_feed,Pellet,Left,0,0,495,10.0,0,FED
2020-07-24 01:30:05,0,3.85,1,Free_feed,Pellet,Left,0,0,496,16.0,0,FED
2020-07-24 01:30:21,0,3.85,1,Free_feed,Pellet,Left,0,0,497,13.0,0,FED
2020-07-24 01:30:37,0,3.85,1,Free_feed,Pellet,Left,0,0,498,13.0,0,FED
2020-07-24 01:30:49,0,3.85,1,Free_feed,Pellet,Left,0,0,499,9.0,0,FED
2020-07-24 01:31:09,0,3.85,1,Free_feed,Pellet,Left,0,0,500,17.0,0,FED
2020-07-24 01:52:38,0,3.85,1,Free_feed,Pellet,Left,0,0,501,68.0,0,FED
2020-07-24 02:18:01,0,3.85,1,Free_feed,Pellet,Left,0,0,502,0.0,0,FED
2020-07-24 02:18:19,0,3.84,1,Free_feed,Pellet,Left,0,0,503,15.0,0,FED
2020-07-24 02:18:36,0,3.85,1,Free_feed,Pellet,Left,0,0,504,14.0,0,FED
2020-07-24 02:36:32,0,3.84,1,Free_feed,Pellet,Left,0,0,505,0.0,0,FED
2020-07-24 03:28:23,0,3.85,1,Free_feed,Pellet,Left,0,0,506,0.0,0,FED
2020-07-24 03:28:43,0,3.85,1,Free_feed,Pellet,Left,0,0,507,18.0,0,FED
2020-07-24 03:29:02,0,3.84,1,Free_feed,Pellet,Left,0,0,508,16.0,0,FED
2020-07-24 03:29:20,0,3.85,1,Free_feed,Pellet,Left,0,0,509,15.0,0,FED
2020-07-24 05:30:03,0,3.85,1,Free_feed,Pellet,Left,0,0,510,0.0,0,FED
2020-07-24 05:32:44,0,3.84,1,Free_feed,Pellet,Left,0,0,511,0.0,0,FED
2020-07-24 05:33:03,0,3.84,1,Free_feed,Pellet,Left,0,0,512,16.0,0,FED
2020-07-24 05:33:20,0,3.83,1,Free_feed,Pellet,Left,0,0,513,15.0,0,FED
2020-07-24 05:33:42,0,3.84,1,Free_feed,Pellet,Left,0,0,514,19.0,0,FED
2020-07-24 05:34:02,0,3.85,1,Free_feed,Pellet,Left,0,0,515,17.0,0,FED
2020-07-24 05:34:18,0,3.84,1,Free_feed,Pellet,Left,0,0,516,14.0,0,FED
2020-07-24 05:42:19,0,3.84,1,Free_feed,Pellet,Left,0,0,517,0.0,0,FED
2020-07-24 05:42:37,0,3.84,1,Free_feed,Pellet,Left,0,0,518,14.0,0,FED
2020-07-24 05:42:53,0,3.84,1,Free_feed,Pellet,Left,0,0,519,14.0,0,FED
2020-07-24 05:48:50,0,3.84,1,Free_feed,Pellet,Left,0,0,520,6.0,0,FED
2020-07-24 05:55:03,0,3.83,1,Free_feed,Pellet,Left,0,0,521,20.0,0,FED
2020-07-24 05:55:23,0,3.84,1,Free_feed,Pellet,Left,0,0,522,18.0,0,FED
2020-07-24 06:29:38,0,3.84,1,Free_feed,Pellet,Left,0,0,523,0.0,0,FED
2020-07-24 06:38:51,0,3.84,1,Free_feed,Pellet,Left,0,0,524,0.0,0,FED
2020-07-24 06:39:10,0,3.83,1,Free_feed,Pellet,Left,0,0,525,16.0,0,FED
2020-07-24 06:39:25,0,3.83,1,Free_feed,Pellet,Left,0,0,526,12.0,0,FED
2020-07-24 06:39:40,0,3.83,1,Free_feed,Pellet,Left,0,0,527,12.0,0,FED
2020-07-24 06:39:56,0,3.84,1,Free_feed,Pellet,Left,0,0,528,13.0,0,FED
2020-07-24 06:40:11,0,3.84,1,Free_feed,Pellet,Left,0,0,529,13.0,0,FED
2020-07-24 06:54:19,0,3.83,1,Free_feed,Pellet,Left,0,0,530,0.0,0,FED
2020-07-24 07:17:10,0,3.83,1,Free_feed,Pellet,Left,0,0,531,3.0,0,FED
2020-07-24 07:19:32,0,3.83,1,Free_feed,Pellet,Left,0,0,532,0.0,0,FED
2020-07-24 07:19:53,0,3.83,1,Free_feed,Pellet,Left,0,0,533,19.0,0,FED
2020-07-24 07:20:10,0,3.84,1,Free_feed,Pellet,Left,0,0,534,14.0,0,FED
2020-07-24 09:15:25,0,3.84,1,Free_feed,Pellet,Left,0,0,535,0.0,0,FED
2020-07-24 09:15:46,0,3.83,1,Free_feed,Pellet,Left,0,0,536,18.0,0,FED
2020-07-24 09:16:07,0,3.83,1,Free_feed,Pellet,Left,0,0,537,19.0,0,FED
2020-07-24 09:16:28,0,3.83,1,Free_feed,Pellet,Left,0,0,538,19.0,0,FED
2020-07-24 09:16:51,0,3.83,1,Free_feed,Pellet,Left,0,0,539,20.0,0,FED
2020-07-24 09:17:11,0,3.83,1,Free_feed,Pellet,Left,0,0,540,18.0,0,FED
2020-07-24 09:17:30,0,3.83,1,Free_feed,Pellet,Left,0,0,541,16.0,0,FED
2020-07-24 09:40:08,0,3.83,1,Free_feed,Pellet,Left,0,0,542,0.0,0,FED
2020-07-24 09:40:33,0,3.83,1,Free_feed,Pellet,Left,0,0,543,23.0,0,FED
2020-07-24 09:40:48,0,3.83,1,Free_feed,Pellet,Left,0,0,544,12.0,0,FED
2020-07-24 09:41:07,0,3.83,1,Free_feed,Pellet,Left,0,0,545,17.0,0,FED
2020-07-24 09:41:23,0,3.83,1,Free_feed,Pellet,Left,0,0,546,13.0,0,FED
2020-07-24 09:43:08,0,3.83,1,Free_feed,Pellet,Left,0,0,547,101.0,0,FED
2020-07-24 11:33:39,0,3.83,1,Free_feed,Pellet,Left,0,0,548,0.0,0,FED
2020-07-24 11:34:03,0,3.83,1,Free_feed,Pellet,Left,0,0,549,21.0,0,FED
2020-07-24 11:34:26,0,3.83,1,Free_feed,Pellet,Left,0,0,550,20.0,0,FED
2020-07-24 11:52:19,0,3.83,1,Free_feed,Pellet,Left,0,0,551,4.0,0,FED
2020-07-24 11:58:40,0,3.82,1,Free_feed,Pellet,Left,0,0,552,0.0,0,FED
2020-07-24 11:59:29,0,3.83,1,Free_feed,Pellet,Left,0,0,553,46.0,0,FED
2020-07-24 11:59:48,0,3.83,1,Free_feed,Pellet,Left,0,0,554,16.0,0,FED
2020-07-24 12:00:10,0,3.83,1,Free_feed,Pellet,Left,0,0,555,19.0,0,FED
2020-07-24 12:06:56,0,3.82,1,Free_feed,Pellet,Left,0,0,556,0.0,0,FED
2020-07-24 14:49:18,0,3.83,2,Free_feed,Pellet,Left,0,0,557,0.0,0,FED
2020-07-24 14:57:11,0,3.82,1,Free_feed,Pellet,Left,0,0,558,0.0,0,FED
2020-07-24 14:57:33,0,3.82,1,Free_feed,Pellet,Left,0,0,559,19.0,0,FED
2020-07-24 14:57:49,0,3.82,1,Free_feed,Pellet,Left,0,0,560,13.0,0,FED
2020-07-24 14:59:34,0,3.82,1,Free_feed,Pellet,Left,0,0,561,30.0,0,FED
2020-07-24 14:59:52,0,3.82,1,Free_feed,Pellet,Left,0,0,562,16.0,0,FED
2020-07-24 15:00:08,0,3.82,1,Free_feed,Pellet,Left,0,0,563,14.0,0,FED
2020-07-24 16:50:59,0,3.82,1,Free_feed,Pellet,Left,0,0,564,0.0,0,FED
2020-07-24 16:51:29,0,3.82,2,Free_feed,Pellet,Left,0,0,565,25.0,0,FED
2020-07-24 16:52:02,0,3.82,1,Free_feed,Pellet,Left,0,0,566,31.0,0,FED
2020-07-24 16:52:20,0,3.82,1,Free_feed,Pellet,Left,0,0,567,15.0,0,FED
2020-07-24 16:52:41,0,3.82,1,Free_feed,Pellet,Left,0,0,568,18.0,0,FED
2020-07-24 16:59:50,0,3.82,1,Free_feed,Pellet,Left,0,0,569,0.0,0,FED
2020-07-24 18:48:36,0,3.82,1,Free_feed,Pellet,Left,0,0,570,0.0,0,FED
2020-07-24 19:00:22,0,3.82,1,Free_feed,Pellet,Left,0,0,571,0.0,0,FED
2020-07-24 19:00:44,0,3.82,1,Free_feed,Pellet,Left,0,0,572,19.0,0,FED
2020-07-24 19:01:02,0,3.81,1,Free_feed,Pellet,Left,0,0,573,15.0,0,FED
2020-07-24 19:01:20,0,3.81,1,Free_feed,Pellet,Left,0,0,574,15.0,0,FED
2020-07-24 19:01:40,0,3.82,1,Free_feed,Pellet,Left,0,0,575,16.0,0,FED
2020-07-24 19:01:57,0,3.81,1,Free_feed,Pellet,Left,0,0,576,15.0,0,FED
2020-07-24 19:03:44,0,3.82,1,Free_feed,Pellet,Left,0,0,577,103.0,0,FED
2020-07-24 19:04:03,0,3.82,1,Free_feed,Pellet,Left,0,0,578,17.0,0,FED
2020-07-24 19:08:35,0,3.81,1,Free_feed,Pellet,Left,0,0,579,3.0,0,FED
2020-07-24 19:08:57,0,3.81,1,Free_feed,Pellet,Left,0,0,580,19.0,0,FED
2020-07-24 19:09:20,0,3.81,1,Free_feed,Pellet,Left,0,0,581,20.0,0,FED
2020-07-24 19:17:25,0,3.81,1,Free_feed,Pellet,Left,0,0,582,0.0,0,FED
2020-07-24 20:23:43,0,3.81,1,Free_feed,Pellet,Left,0,0,583,0.0,0,FED
2020-07-24 20:24:02,0,3.81,1,Free_feed,Pellet,Left,0,0,584,16.0,0,FED
2020-07-24 20:24:18,0,3.82,1,Free_feed,Pellet,Left,0,0,585,13.0,0,FED
2020-07-24 20:24:34,0,3.81,1,Free_feed,Pellet,Left,0,0,586,13.0,0,FED
2020-07-24 20:26:47,0,3.82,1,Free_feed,Pellet,Left,0,0,587,0.0,0,FED
2020-07-24 20:55:26,0,3.81,1,Free_feed,Pellet,Left,0,0,588,0.0,0,FED
2020-07-24 20:55:44,0,3.8,1,Free_feed,Pellet,Left,0,0,589,15.0,0,FED
2020-07-24 20:56:01,0,3.81,1,Free_feed,Pellet,Left,0,0,590,14.0,0,FED
2020-07-24 20:56:21,0,3.82,1,Free_feed,Pellet,Left,0,0,591,17.0,0,FED
2020-07-24 21:17:38,0,3.81,1,Free_feed,Pellet,Left,0,0,592,0.0,0,FED
2020-07-24 21:17:59,0,3.8,2,Free_feed,Pellet,Left,0,0,593,16.0,0,FED
2020-07-24 21:18:18,0,3.81,1,Free_feed,Pellet,Left,0,0,594,16.0,0,FED
2020-07-24 21:18:32,0,3.81,1,Free_feed,Pellet,Left,0,0,595,11.0,0,FED
2020-07-24 21:39:35,0,3.81,1,Free_feed,Pellet,Left,0,0,596,0.0,0,FED
2020-07-24 21:43:46,0,3.81,1,Free_feed,Pellet,Left,0,0,597,0.0,0,FED
2020-07-24 21:44:32,0,3.81,1,Free_feed,Pellet,Left,0,0,598,43.0,0,FED
2020-07-24 21:44:52,0,3.81,1,Free_feed,Pellet,Left,0,0,599,17.0,0,FED
2020-07-24 21:45:10,0,3.8,1,Free_feed,Pellet,Left,0,0,600,15.0,0,FED
2020-07-24 21:46:01,0,3.8,1,Free_feed,Pellet,Left,0,0,601,48.0,0,FED
2020-07-24 21:53:09,0,3.81,1,Free_feed,Pellet,Left,0,0,602,0.0,0,FED
2020-07-24 21:53:32,0,3.8,1,Free_feed,Pellet,Left,0,0,603,20.0,0,FED
2020-07-24 21:53:48,0,3.81,1,Free_feed,Pellet,Left,0,0,604,14.0,0,FED
2020-07-24 22:13:59,0,3.81,1,Free_feed,Pellet,Left,0,0,605,0.0,0,FED
2020-07-24 22:14:20,0,3.8,1,Free_feed,Pellet,Left,0,0,606,19.0,0,FED
2020-07-24 22:14:40,0,3.81,1,Free_feed,Pellet,Left,0,0,607,17.0,0,FED
2020-07-24 22:14:59,0,3.8,1,Free_feed,Pellet,Left,0,0,608,16.0,0,FED
2020-07-24 22:59:44,0,3.81,1,Free_feed,Pellet,Left,0,0,609,0.0,0,FED
2020-07-24 23:00:02,0,3.8,1,Free_feed,Pellet,Left,0,0,610,15.0,0,FED
2020-07-24 23:00:22,0,3.8,1,Free_feed,Pellet,Left,0,0,611,17.0,0,FED
2020-07-24 23:00:40,0,3.8,1,Free_feed,Pellet,Left,0,0,612,14.0,0,FED
2020-07-24 23:25:06,0,3.81,1,Free_feed,Pellet,Left,0,0,613,0.0,0,FED
2020-07-24 23:25:24,0,3.8,1,Free_feed,Pellet,Left,0,0,614,15.0,0,FED
2020-07-24 23:35:36,0,3.8,1,Free_feed,Pellet,Left,0,0,615,0.0,0,FED
2020-07-24 23:40:38,0,3.8,1,Free_feed,Pellet,Left,0,0,616,0.0,0,FED
2020-07-24 23:40:58,0,3.8,1,Free_feed,Pellet,Left,0,0,617,17.0,0,FED
2020-07-24 23:41:13,0,3.8,1,Free_feed,Pellet,Left,0,0,618,12.0,0,FED
2020-07-24 23:41:30,0,3.8,1,Free_feed,Pellet,Left,0,0,619,14.0,0,FED
2020-07-24 23:44:04,0,3.8,1,Free_feed,Pellet,Left,0,0,620,0.0,0,FED
2020-07-25 00:00:32,0,3.8,1,Free_feed,Pellet,Left,0,0,621,0.0,0,FED
2020-07-25 00:00:49,0,3.8,1,Free_feed,Pellet,Left,0,0,622,14.0,0,FED
2020-07-25 00:27:34,0,3.8,2,Free_feed,Pellet,Left,0,0,623,0.0,0,FED
2020-07-25 00:27:52,0,3.8,1,Free_feed,Pellet,Left,0,0,624,15.0,0,FED
2020-07-25 00:28:22,0,3.8,1,Free_feed,Pellet,Left,0,0,625,27.0,0,FED
2020-07-25 00:28:42,0,3.79,1,Free_feed,Pellet,Left,0,0,626,17.0,0,FED
2020-07-25 00:29:01,0,3.8,1,Free_feed,Pellet,Left,0,0,627,17.0,0,FED
2020-07-25 00:29:23,0,3.8,1,Free_feed,Pellet,Left,0,0,628,19.0,0,FED
2020-07-25 00:33:40,0,3.8,1,Free_feed,Pellet,Left,0,0,629,0.0,0,FED
2020-07-25 00:34:04,0,3.8,1,Free_feed,Pellet,Left,0,0,630,21.0,0,FED
2020-07-25 00:48:12,0,3.8,1,Free_feed,Pellet,Left,0,0,631,18.0,0,FED
2020-07-25 00:48:29,0,3.8,2,Free_feed,Pellet,Left,0,0,632,13.0,0,FED
2020-07-25 00:48:43,0,3.8,1,Free_feed,Pellet,Left,0,0,633,11.0,0,FED
2020-07-25 01:05:48,0,3.8,1,Free_feed,Pellet,Left,0,0,634,0.0,0,FED
2020-07-25 01:06:06,0,3.8,1,Free_feed,Pellet,Left,0,0,635,15.0,0,FED
2020-07-25 01:15:41,0,3.8,1,Free_feed,Pellet,Left,0,0,636,1.0,0,FED
2020-07-25 01:19:24,0,3.8,1,Free_feed,Pellet,Left,0,0,637,0.0,0,FED
2020-07-25 01:19:43,0,3.8,1,Free_feed,Pellet,Left,0,0,638,17.0,0,FED
2020-07-25 01:43:28,0,3.8,1,Free_feed,Pellet,Left,0,0,639,0.0,0,FED
2020-07-25 01:43:44,0,3.8,1,Free_feed,Pellet,Left,0,0,640,13.0,0,FED
2020-07-25 01:44:00,0,3.8,1,Free_feed,Pellet,Left,0,0,641,13.0,0,FED
2020-07-25 02:07:40,0,3.8,1,Free_feed,Pellet,Left,0,0,642,107.0,0,FED
2020-07-25 02:13:23,0,3.8,1,Free_feed,Pellet,Left,0,0,643,0.0,0,FED
2020-07-25 02:13:43,0,3.8,1,Free_feed,Pellet,Left,0,0,644,17.0,0,FED
2020-07-25 02:14:01,0,3.8,1,Free_feed,Pellet,Left,0,0,645,15.0,0,FED
2020-07-25 02:14:14,0,3.8,1,Free_feed,Pellet,Left,0,0,646,10.0,0,FED
2020-07-25 02:14:33,0,3.8,1,Free_feed,Pellet,Left,0,0,647,16.0,0,FED
2020-07-25 02:49:31,0,3.8,1,Free_feed,Pellet,Left,0,0,648,0.0,0,FED
2020-07-25 02:51:06,0,3.79,1,Free_feed,Pellet,Left,0,0,649,92.0,0,FED
2020-07-25 02:51:43,0,3.79,1,Free_feed,Pellet,Left,0,0,650,33.0,0,FED
2020-07-25 03:25:26,0,3.8,1,Free_feed,Pellet,Left,0,0,651,0.0,0,FED
2020-07-25 03:25:52,0,3.8,1,Free_feed,Pellet,Left,0,0,652,23.0,0,FED
2020-07-25 03:42:14,0,3.79,1,Free_feed,Pellet,Left,0,0,653,0.0,0,FED
2020-07-25 03:55:27,0,3.8,1,Free_feed,Pellet,Left,0,0,654,0.0,0,FED
2020-07-25 04:18:09,0,3.8,1,Free_feed,Pellet,Left,0,0,655,0.0,0,FED
2020-07-25 04:19:00,0,3.79,1,Free_feed,Pellet,Left,0,0,656,48.0,0,FED
2020-07-25 04:19:15,0,3.78,1,Free_feed,Pellet,Left,0,0,657,12.0,0,FED
2020-07-25 04:19:31,0,3.79,1,Free_feed,Pellet,Left,0,0,658,13.0,0,FED
2020-07-25 04:52:14,0,3.79,1,Free_feed,Pellet,Left,0,0,659,0.0,0,FED
2020-07-25 04:52:29,0,3.79,1,Free_feed,Pellet,Left,0,0,660,12.0,0,FED
2020-07-25 05:05:14,0,3.79,1,Free_feed,Pellet,Left,0,0,661,0.0,0,FED
2020-07-25 05:05:28,0,3.79,1,Free_feed,Pellet,Left,0,0,662,12.0,0,FED
2020-07-25 05:55:03,0,3.78,1,Free_feed,Pellet,Left,0,0,663,0.0,0,FED
2020-07-25 05:55:18,0,3.78,1,Free_feed,Pellet,Left,0,0,664,12.0,0,FED
2020-07-25 05:55:37,0,3.78,1,Free_feed,Pellet,Left,0,0,665,17.0,0,FED
2020-07-25 05:55:56,0,3.79,1,Free_feed,Pellet,Left,0,0,666,16.0,0,FED
2020-07-25 06:32:45,0,3.78,1,Free_feed,Pellet,Left,0,0,667,0.0,0,FED
2020-07-25 06:33:03,0,3.78,1,Free_feed,Pellet,Left,0,0,668,15.0,0,FED
2020-07-25 07:19:15,0,3.78,1,Free_feed,Pellet,Left,0,0,669,81.0,0,FED
2020-07-25 07:19:30,0,3.78,1,Free_feed,Pellet,Left,0,0,670,12.0,0,FED
2020-07-25 07:19:45,0,3.78,1,Free_feed,Pellet,Left,0,0,671,12.0,0,FED
2020-07-25 07:45:00,0,3.78,1,Free_feed,Pellet,Left,0,0,672,0.0,0,FED
2020-07-25 07:45:19,0,3.78,1,Free_feed,Pellet,Left,0,0,673,17.0,0,FED
2020-07-25 07:45:42,0,3.78,1,Free_feed,Pellet,Left,0,0,674,20.0,0,FED
2020-07-25 08:08:50,0,3.78,1,Free_feed,Pellet,Left,0,0,675,0.0,0,FED
2020-07-25 08:29:39,0,3.78,1,Free_feed,Pellet,Left,0,0,676,0.0,0,FED
2020-07-25 08:31:03,0,3.78,1,Free_feed,Pellet,Left,0,0,677,81.0,0,FED
2020-07-25 08:31:17,0,3.78,1,Free_feed,Pellet,Left,0,0,678,12.0,0,FED
2020-07-25 08:31:35,0,3.78,1,Free_feed,Pellet,Left,0,0,679,15.0,0,FED
2020-07-25 09:34:03,0,3.78,1,Free_feed,Pellet,Left,0,0,680,0.0,0,FED
2020-07-25 09:34:20,0,3.78,1,Free_feed,Pellet,Left,0,0,681,14.0,0,FED
2020-07-25 09:34:37,0,3.78,1,Free_feed,Pellet,Left,0,0,682,14.0,0,FED
2020-07-25 09:34:55,0,3.78,1,Free_feed,Pellet,Left,0,0,683,15.0,0,FED
2020-07-25 11:31:05,0,3.78,1,Free_feed,Pellet,Left,0,0,684,0.0,0,FED
2020-07-25 11:35:04,0,3.78,1,Free_feed,Pellet,Left,0,0,685,4.0,0,FED
2020-07-25 11:35:25,0,3.78,1,Free_feed,Pellet,Left,0,0,686,18.0,0,FED
2020-07-25 11:35:47,0,3.78,1,Free_feed,Pellet,Left,0,0,687,19.0,0,FED
2020-07-25 11:36:09,0,3.78,1,Free_feed,Pellet,Left,0,0,688,18.0,0,FED
2020-07-25 13:09:59,0,3.77,1,Free_feed,Pellet,Left,0,0,689,0.0,0,FED
2020-07-25 13:10:22,0,3.77,1,Free_feed,Pellet,Left,0,0,690,19.0,0,FED
2020-07-25 13:10:38,0,3.77,1,Free_feed,Pellet,Left,0,0,691,14.0,0,FED
2020-07-25 13:12:37,0,3.77,1,Free_feed,Pellet,Left,0,0,692,116.0,0,FED
2020-07-25 13:12:55,0,3.77,1,Free_feed,Pellet,Left,0,0,693,15.0,0,FED
2020-07-25 13:35:26,0,3.77,1,Free_feed,Pellet,Left,0,0,694,58.0,0,FED
2020-07-25 13:40:24,0,3.76,1,Free_feed,Pellet,Left,0,0,695,0.0,0,FED
2020-07-25 13:54:23,0,3.76,1,Free_feed,Pellet,Left,0,0,696,0.0,0,FED
2020-07-25 14:12:05,0,3.76,1,Free_feed,Pellet,Left,0,0,697,0.0,0,FED
2020-07-25 16:20:29,0,3.76,1,Free_feed,Pellet,Left,0,0,698,0.0,0,FED
2020-07-25 16:21:04,0,3.76,1,Free_feed,Pellet,Left,0,0,699,31.0,0,FED
2020-07-25 16:21:22,0,3.76,1,Free_feed,Pellet,Left,0,0,700,16.0,0,FED
2020-07-25 16:21:44,0,3.76,1,Free_feed,Pellet,Left,0,0,701,19.0,0,FED
2020-07-25 16:22:05,0,3.76,1,Free_feed,Pellet,Left,0,0,702,18.0,0,FED
2020-07-25 17:30:25,0,3.75,1,Free_feed,Pellet,Left,0,0,703,17.0,0,FED
2020-07-25 17:30:44,0,3.76,1,Free_feed,Pellet,Left,0,0,704,17.0,0,FED
2020-07-25 17:34:27,0,3.75,1,Free_feed,Pellet,Left,0,0,705,0.0,0,FED
2020-07-25 17:34:44,0,3.76,1,Free_feed,Pellet,Left,0,0,706,14.0,0,FED
2020-07-25 17:35:05,0,3.76,1,Free_feed,Pellet,Left,0,0,707,18.0,0,FED
2020-07-25 17:35:26,0,3.76,1,Free_feed,Pellet,Left,0,0,708,19.0,0,FED
2020-07-25 18:53:33,0,3.76,1,Free_feed,Pellet,Left,0,0,709,0.0,0,FED
2020-07-25 18:54:08,0,3.75,2,Free_feed,Pellet,Left,0,0,710,30.0,0,FED
2020-07-25 18:54:29,0,3.75,1,Free_feed,Pellet,Left,0,0,711,18.0,0,FED
2020-07-25 18:54:50,0,3.75,1,Free_feed,Pellet,Left,0,0,712,19.0,0,FED
2020-07-25 18:55:13,0,3.75,1,Free_feed,Pellet,Left,0,0,713,20.0,0,FED
2020-07-25 18:55:35,0,3.76,1,Free_feed,Pellet,Left,0,0,714,19.0,0,FED
2020-07-25 19:38:33,0,3.75,1,Free_feed,Pellet,Left,0,0,715,0.0,0,FED
2020-07-25 19:38:50,0,3.75,1,Free_feed,Pellet,Left,0,0,716,15.0,0,FED
2020-07-25 19:39:07,0,3.75,1,Free_feed,Pellet,Left,0,0,717,14.0,0,FED
2020-07-25 19:48:36,0,3.75,1,Free_feed,Pellet,Left,0,0,718,0.0,0,FED
2020-07-25 19:48:54,0,3.75,1,Free_feed,Pellet,Left,0,0,719,15.0,0,FED
2020-07-25 19:49:09,0,3.75,1,Free_feed,Pellet,Left,0,0,720,13.0,0,FED
2020-07-25 19:49:28,0,3.76,1,Free_feed,Pellet,Left,0,0,721,16.0,0,FED
2020-07-25 19:49:44,0,3.74,2,Free_feed,Pellet,Left,0,0,722,12.0,0,FED
2020-07-25 19:50:05,0,3.75,1,Free_feed,Pellet,Left,0,0,723,18.0,0,FED
2020-07-25 19:57:41,0,3.74,1,Free_feed,Pellet,Left,0,0,724,3.0,0,FED
2020-07-25 20:59:43,0,3.75,1,Free_feed,Pellet,Left,0,0,725,0.0,0,FED
2020-07-25 21:00:10,0,3.75,2,Free_feed,Pellet,Left,0,0,726,23.0,0,FED
2020-07-25 21:00:25,0,3.74,1,Free_feed,Pellet,Left,0,0,727,11.0,0,FED
2020-07-25 21:00:44,0,3.74,1,Free_feed,Pellet,Left,0,0,728,17.0,0,FED
2020-07-25 21:00:59,0,3.75,1,Free_feed,Pellet,Left,0,0,729,12.0,0,FED
2020-07-25 21:17:57,0,3.75,1,Free_feed,Pellet,Left,0,0,730,0.0,0,FED
2020-07-25 21:18:14,0,3.74,1,Free_feed,Pellet,Left,0,0,731,15.0,0,FED
2020-07-25 21:18:29,0,3.74,1,Free_feed,Pellet,Left,0,0,732,12.0,0,FED
2020-07-25 21:18:48,0,3.75,1,Free_feed,Pellet,Left,0,0,733,16.0,0,FED
2020-07-25 21:19:05,0,3.74,1,Free_feed,Pellet,Left,0,0,734,14.0,0,FED
2020-07-25 21:19:23,0,3.75,1,Free_feed,Pellet,Left,0,0,735,16.0,0,FED
2020-07-25 21:30:55,0,3.74,1,Free_feed,Pellet,Left,0,0,736,2.0,0,FED
2020-07-25 21:36:44,0,3.74,1,Free_feed,Pellet,Left,0,0,737,0.0,0,FED
2020-07-25 21:37:08,0,3.74,1,Free_feed,Pellet,Left,0,0,738,21.0,0,FED
2020-07-25 21:37:40,0,3.74,1,Free_feed,Pellet,Left,0,0,739,30.0,0,FED
2020-07-25 21:37:58,0,3.75,1,Free_feed,Pellet,Left,0,0,740,15.0,0,FED
2020-07-25 21:38:16,0,3.74,1,Free_feed,Pellet,Left,0,0,741,15.0,0,FED
2020-07-25 22:30:59,0,3.74,1,Free_feed,Pellet,Left,0,0,742,0.0,0,FED
2020-07-25 22:31:17,0,3.74,1,Free_feed,Pellet,Left,0,0,743,15.0,0,FED
2020-07-25 22:31:43,0,3.74,1,Free_feed,Pellet,Left,0,0,744,23.0,0,FED
2020-07-25 22:32:02,0,3.74,1,Free_feed,Pellet,Left,0,0,745,16.0,0,FED
2020-07-25 22:32:26,0,3.74,1,Free_feed,Pellet,Left,0,0,746,21.0,0,FED
2020-07-25 22:32:49,0,3.74,2,Free_feed,Pellet,Left,0,0,747,18.0,0,FED
2020-07-25 22:33:09,0,3.74,1,Free_feed,Pellet,Left,0,0,748,17.0,0,FED
2020-07-25 22:33:35,0,3.74,1,Free_feed,Pellet,Left,0,0,749,24.0,0,FED
2020-07-25 22:34:00,0,3.74,1,Free_feed,Pellet,Left,0,0,750,22.0,0,FED
2020-07-25 22:52:07,0,3.74,1,Free_feed,Pellet,Left,0,0,751,0.0,0,FED
2020-07-25 22:52:26,0,3.74,1,Free_feed,Pellet,Left,0,0,752,16.0,0,FED
2020-07-25 22:52:40,0,3.74,1,Free_feed,Pellet,Left,0,0,753,11.0,0,FED
2020-07-25 22:52:55,0,3.75,2,Free_feed,Pellet,Left,0,0,754,11.0,0,FED
2020-07-25 22:53:19,0,3.74,1,Free_feed,Pellet,Left,0,0,755,17.0,0,FED
2020-07-25 22:53:40,0,3.74,1,Free_feed,Pellet,Left,0,0,756,16.0,0,FED
2020-07-25 22:57:02,0,3.74,1,Free_feed,Pellet,Left,0,0,757,0.0,0,FED
2020-07-25 23:11:48,0,3.74,1,Free_feed,Pellet,Left,0,0,758,0.0,0,FED
2020-07-25 23:12:08,0,3.74,1,Free_feed,Pellet,Left,0,0,759,17.0,0,FED
2020-07-25 23:12:25,0,3.74,1,Free_feed,Pellet,Left,0,0,760,15.0,0,FED
2020-07-25 23:14:22,0,3.74,1,Free_feed,Pellet,Left,0,0,761,114.0,0,FED
2020-07-25 23:16:19,0,3.74,2,Free_feed,Pellet,Left,0,0,762,113.0,0,FED
2020-07-25 23:16:35,0,3.74,1,Free_feed,Pellet,Left,0,0,763,13.0,0,FED
2020-07-26 00:35:42,0,3.74,1,Free_feed,Pellet,Left,0,0,764,0.0,0,FED
2020-07-26 00:35:48,0,3.74,1,Free_feed,Pellet,Left,0,0,765,3.0,0,FED
2020-07-26 00:36:06,0,3.74,1,Free_feed,Pellet,Left,0,0,766,15.0,0,FED
2020-07-26 00:36:24,0,3.74,1,Free_feed,Pellet,Left,0,0,767,15.0,0,FED
2020-07-26 00:36:42,0,3.73,1,Free_feed,Pellet,Left,0,0,768,15.0,0,FED
2020-07-26 00:37:10,0,3.74,1,Free_feed,Pellet,Left,0,0,769,25.0,0,FED
2020-07-26 01:26:46,0,3.74,1,Free_feed,Pellet,Left,0,0,770,0.0,0,FED
2020-07-26 01:27:02,0,3.74,2,Free_feed,Pellet,Left,0,0,771,12.0,0,FED
2020-07-26 01:27:46,0,3.74,1,Free_feed,Pellet,Left,0,0,772,40.0,0,FED
2020-07-26 01:28:08,0,3.74,1,Free_feed,Pellet,Left,0,0,773,20.0,0,FED
2020-07-26 01:30:52,0,3.73,1,Free_feed,Pellet,Left,0,0,774,0.0,0,FED
2020-07-26 01:37:05,0,3.74,1,Free_feed,Pellet,Left,0,0,775,0.0,0,FED
2020-07-26 01:37:22,0,3.74,1,Free_feed,Pellet,Left,0,0,776,14.0,0,FED
2020-07-26 01:37:39,0,3.73,1,Free_feed,Pellet,Left,0,0,777,13.0,0,FED
2020-07-26 01:37:53,0,3.73,1,Free_feed,Pellet,Left,0,0,778,12.0,0,FED
2020-07-26 01:58:08,0,3.74,1,Free_feed,Pellet,Left,0,0,779,0.0,0,FED
2020-07-26 01:58:23,0,3.74,1,Free_feed,Pellet,Left,0,0,780,12.0,0,FED
2020-07-26 01:58:39,0,3.74,1,Free_feed,Pellet,Left,0,0,781,13.0,0,FED
2020-07-26 01:58:55,0,3.73,1,Free_feed,Pellet,Left,0,0,782,13.0,0,FED
2020-07-26 01:59:11,0,3.74,1,Free_feed,Pellet,Left,0,0,783,14.0,0,FED
2020-07-26 01:59:28,0,3.74,1,Free_feed,Pellet,Left,0,0,784,14.0,0,FED
2020-07-26 01:59:45,0,3.73,1,Free_feed,Pellet,Left,0,0,785,13.0,0,FED
2020-07-26 02:03:46,0,3.73,2,Free_feed,Pellet,Left,0,0,786,64.0,0,FED
2020-07-26 02:29:52,0,3.73,1,Free_feed,Pellet,Left,0,0,787,0.0,0,FED
2020-07-26 02:30:07,0,3.73,1,Free_feed,Pellet,Left,0,0,788,12.0,0,FED
2020-07-26 02:30:32,0,3.73,1,Free_feed,Pellet,Left,0,0,789,22.0,0,FED
2020-07-26 02:32:41,0,3.74,1,Free_feed,Pellet,Left,0,0,790,0.0,0,FED
2020-07-26 02:33:03,0,3.73,1,Free_feed,Pellet,Left,0,0,791,20.0,0,FED
2020-07-26 02:37:41,0,3.74,1,Free_feed,Pellet,Left,0,0,792,0.0,0,FED
2020-07-26 02:48:23,0,3.73,1,Free_feed,Pellet,Left,0,0,793,88.0,0,FED
2020-07-26 03:05:47,0,3.73,1,Free_feed,Pellet,Left,0,0,794,0.0,0,FED
2020-07-26 03:06:07,0,3.73,1,Free_feed,Pellet,Left,0,0,795,17.0,0,FED
2020-07-26 03:06:21,0,3.74,1,Free_feed,Pellet,Left,0,0,796,11.0,0,FED
2020-07-26 03:08:15,0,3.73,1,Free_feed,Pellet,Left,0,0,797,111.0,0,FED
2020-07-26 03:11:15,0,3.73,1,Free_feed,Pellet,Left,0,0,798,0.0,0,FED
2020-07-26 03:28:00,0,3.74,1,Free_feed,Pellet,Left,0,0,799,31.0,0,FED
2020-07-26 03:29:25,0,3.73,1,Free_feed,Pellet,Left,0,0,800,5.0,0,FED
2020-07-26 03:38:22,0,3.73,1,Free_feed,Pellet,Left,0,0,801,0.0,0,FED
2020-07-26 03:38:39,0,3.73,1,Free_feed,Pellet,Left,0,0,802,14.0,0,FED
2020-07-26 03:38:58,0,3.73,1,Free_feed,Pellet,Left,0,0,803,16.0,0,FED
2020-07-26 03:39:15,0,3.73,1,Free_feed,Pellet,Left,0,0,804,14.0,0,FED
2020-07-26 03:40:37,0,3.73,1,Free_feed,Pellet,Left,0,0,805,17.0,0,FED
2020-07-26 04:04:19,0,3.73,1,Free_feed,Pellet,Left,0,0,806,0.0,0,FED
2020-07-26 04:04:37,0,3.73,1,Free_feed,Pellet,Left,0,0,807,14.0,0,FED
2020-07-26 04:13:56,0,3.73,1,Free_feed,Pellet,Left,0,0,808,0.0,0,FED
2020-07-26 05:44:13,0,3.73,1,Free_feed,Pellet,Left,0,0,809,0.0,0,FED
2020-07-26 06:58:59,0,3.72,1,Free_feed,Pellet,Left,0,0,810,2.0,0,FED
2020-07-26 07:01:03,0,3.73,1,Free_feed,Pellet,Left,0,0,811,0.0,0,FED
2020-07-26 07:01:28,0,3.72,1,Free_feed,Pellet,Left,0,0,812,22.0,0,FED
2020-07-26 07:01:48,0,3.72,1,Free_feed,Pellet,Left,0,0,813,18.0,0,FED
2020-07-26 07:07:18,0,3.73,1,Free_feed,Pellet,Left,0,0,814,0.0,0,FED
2020-07-26 07:07:39,0,3.72,1,Free_feed,Pellet,Left,0,0,815,19.0,0,FED
2020-07-26 07:08:17,0,3.72,1,Free_feed,Pellet,Left,0,0,816,35.0,0,FED
2020-07-26 07:08:37,0,3.72,1,Free_feed,Pellet,Left,0,0,817,17.0,0,FED
2020-07-26 07:08:57,0,3.73,1,Free_feed,Pellet,Left,0,0,818,18.0,0,FED
2020-07-26 07:20:17,0,3.72,1,Free_feed,Pellet,Left,0,0,819,2.0,0,FED
2020-07-26 07:35:30,0,3.73,1,Free_feed,Pellet,Left,0,0,820,0.0,0,FED
2020-07-26 07:35:48,0,3.72,1,Free_feed,Pellet,Left,0,0,821,14.0,0,FED
2020-07-26 07:36:04,0,3.73,1,Free_feed,Pellet,Left,0,0,822,13.0,0,FED
2020-07-26 07:37:38,0,3.73,1,Free_feed,Pellet,Left,0,0,823,91.0,0,FED
2020-07-26 07:38:02,0,3.72,1,Free_feed,Pellet,Left,0,0,824,21.0,0,FED
2020-07-26 07:38:17,0,3.72,1,Free_feed,Pellet,Left,0,0,825,13.0,0,FED
2020-07-26 08:04:38,0,3.73,1,Free_feed,Pellet,Left,0,0,826,0.0,0,FED
2020-07-26 08:05:01,0,3.72,1,Free_feed,Pellet,Left,0,0,827,21.0,0,FED
2020-07-26 08:05:19,0,3.73,1,Free_feed,Pellet,Left,0,0,828,16.0,0,FED
2020-07-26 08:05:35,0,3.73,1,Free_feed,Pellet,Left,0,0,829,13.0,0,FED
2020-07-26 08:05:57,0,3.72,1,Free_feed,Pellet,Left,0,0,830,20.0,0,FED
2020-07-26 08:54:21,0,3.72,1,Free_feed,Pellet,Left,0,0,831,0.0,0,FED
2020-07-26 12:57:39,0,3.71,1,Free_feed,Pellet,Left,0,0,832,2.0,0,FED
2020-07-26 12:58:32,0,3.71,1,Free_feed,Pellet,Left,0,0,833,50.0,0,FED
2020-07-26 12:58:59,0,3.71,1,Free_feed,Pellet,Left,0,0,834,24.0,0,FED
2020-07-26 12:59:21,0,3.71,1,Free_feed,Pellet,Left,0,0,835,19.0,0,FED
2020-07-26 13:03:29,0,3.7,1,Free_feed,Pellet,Left,0,0,836,0.0,0,FED
2020-07-26 13:03:54,0,3.71,1,Free_feed,Pellet,Left,0,0,837,22.0,0,FED
2020-07-26 13:30:00,0,3.71,2,Free_feed,Pellet,Left,0,0,838,0.0,0,FED
2020-07-26 13:34:56,0,3.71,1,Free_feed,Pellet,Left,0,0,839,0.0,0,FED
2020-07-26 13:39:31,0,3.71,1,Free_feed,Pellet,Left,0,0,840,20.0,0,FED
2020-07-26 13:54:34,0,3.71,1,Free_feed,Pellet,Left,0,0,841,0.0,0,FED
2020-07-26 13:55:46,0,3.71,1,Free_feed,Pellet,Left,0,0,842,70.0,0,FED
2020-07-26 15:50:00,0,3.7,1,Free_feed,Pellet,Left,0,0,843,28.0,0,FED
2020-07-26 15:50:21,0,3.71,1,Free_feed,Pellet,Left,0,0,844,18.0,0,FED
2020-07-26 15:50:41,0,3.69,1,Free_feed,Pellet,Left,0,0,845,17.0,0,FED
2020-07-26 15:51:41,0,3.7,1,Free_feed,Pellet,Left,0,0,846,19.0,0,FED
2020-07-26 15:51:56,0,3.7,1,Free_feed,Pellet,Left,0,0,847,12.0,0,FED
2020-07-26 15:52:49,0,3.7,1,Free_feed,Pellet,Left,0,0,848,50.0,0,FED
2020-07-26 17:40:39,0,3.71,1,Free_feed,Pellet,Left,0,0,849,0.0,0,FED
2020-07-26 17:41:09,0,3.69,1,Free_feed,Pellet,Left,0,0,850,27.0,0,FED
2020-07-26 17:41:30,0,3.69,2,Free_feed,Pellet,Left,0,0,851,17.0,0,FED
2020-07-26 17:42:00,0,3.69,1,Free_feed,Pellet,Left,0,0,852,27.0,0,FED
2020-07-26 18:58:21,0,3.7,1,Free_feed,Pellet,Left,0,0,853,0.0,0,FED
2020-07-26 18:59:26,0,3.69,1,Free_feed,Pellet,Left,0,0,854,63.0,0,FED
2020-07-26 18:59:44,0,3.69,1,Free_feed,Pellet,Left,0,0,855,15.0,0,FED
2020-07-26 19:00:06,0,3.69,1,Free_feed,Pellet,Left,0,0,856,19.0,0,FED
2020-07-26 19:58:20,0,3.69,1,Free_feed,Pellet,Left,0,0,857,0.0,0,FED
2020-07-26 19:59:21,0,3.68,7,Free_feed,Pellet,Left,0,0,858,46.0,0,FED
2020-07-26 19:59:39,0,3.69,2,Free_feed,Pellet,Left,0,0,859,13.0,0,FED
2020-07-26 20:00:03,0,3.69,1,Free_feed,Pellet,Left,0,0,860,20.0,0,FED
2020-07-26 20:01:32,0,3.69,2,Free_feed,Pellet,Left,0,0,861,85.0,0,FED
2020-07-26 20:02:59,0,3.68,1,Free_feed,Pellet,Left,0,0,862,24.0,0,FED
2020-07-26 20:03:36,0,3.69,1,Free_feed,Pellet,Left,0,0,863,34.0,0,FED
2020-07-26 20:03:56,0,3.69,1,Free_feed,Pellet,Left,0,0,864,18.0,0,FED
2020-07-26 20:08:34,0,3.69,1,Free_feed,Pellet,Left,0,0,865,21.0,0,FED
2020-07-26 20:47:36,0,3.69,1,Free_feed,Pellet,Left,0,0,866,17.0,0,FED
2020-07-26 20:47:55,0,3.68,1,Free_feed,Pellet,Left,0,0,867,16.0,0,FED
2020-07-26 20:48:18,0,3.69,1,Free_feed,Pellet,Left,0,0,868,20.0,0,FED
2020-07-26 20:48:52,0,3.68,1,Free_feed,Pellet,Left,0,0,869,31.0,0,FED
2020-07-26 21:04:53,0,3.69,1,Free_feed,Pellet,Left,0,0,870,64.0,0,FED
2020-07-26 21:05:12,0,3.68,1,Free_feed,Pellet,Left,0,0,871,16.0,0,FED
2020-07-26 21:05:30,0,3.69,1,Free_feed,Pellet,Left,0,0,872,15.0,0,FED
2020-07-26 21:05:48,0,3.68,1,Free_feed,Pellet,Left,0,0,873,16.0,0,FED
2020-07-26 21:06:06,0,3.68,1,Free_feed,Pellet,Left,0,0,874,15.0,0,FED
2020-07-26 21:20:47,0,3.68,1,Free_feed,Pellet,Left,0,0,875,0.0,0,FED
2020-07-26 21:21:08,0,3.68,1,Free_feed,Pellet,Left,0,0,876,18.0,0,FED
2020-07-26 21:21:24,0,3.68,1,Free_feed,Pellet,Left,0,0,877,13.0,0,FED
2020-07-26 21:21:44,0,3.68,1,Free_feed,Pellet,Left,0,0,878,17.0,0,FED
2020-07-26 21:22:05,0,3.69,1,Free_feed,Pellet,Left,0,0,879,19.0,0,FED
2020-07-26 21:22:21,0,3.68,1,Free_feed,Pellet,Left,0,0,880,13.0,0,FED
2020-07-26 21:22:42,0,3.69,1,Free_feed,Pellet,Left,0,0,881,17.0,0,FED
2020-07-26 22:25:56,0,3.68,1,Free_feed,Pellet,Left,0,0,882,0.0,0,FED
2020-07-26 22:26:16,0,3.68,1,Free_feed,Pellet,Left,0,0,883,18.0,0,FED
2020-07-26 22:27:10,0,3.69,1,Free_feed,Pellet,Left,0,0,884,50.0,0,FED
2020-07-26 22:27:34,0,3.67,1,Free_feed,Pellet,Left,0,0,885,22.0,0,FED
2020-07-26 22:27:52,0,3.68,1,Free_feed,Pellet,Left,0,0,886,16.0,0,FED
2020-07-26 22:29:01,0,3.68,1,Free_feed,Pellet,Left,0,0,887,65.0,0,FED
2020-07-26 22:29:11,0,3.68,1,Free_feed,Pellet,Left,0,0,888,8.0,0,FED
2020-07-26 22:29:31,0,3.68,1,Free_feed,Pellet,Left,0,0,889,17.0,0,FED
2020-07-26 22:30:52,0,3.68,1,Free_feed,Pellet,Left,0,0,890,78.0,0,FED
2020-07-26 22:31:17,0,3.67,1,Free_feed,Pellet,Left,0,0,891,23.0,0,FED
2020-07-26 22:31:33,0,3.67,1,Free_feed,Pellet,Left,0,0,892,13.0,0,FED
2020-07-26 22:36:08,0,3.68,1,Free_feed,Pellet,Left,0,0,893,0.0,0,FED
2020-07-26 22:36:32,0,3.68,1,Free_feed,Pellet,Left,0,0,894,21.0,0,FED
2020-07-26 22:36:47,0,3.68,1,Free_feed,Pellet,Left,0,0,895,13.0,0,FED
2020-07-26 22:37:06,0,3.68,1,Free_feed,Pellet,Left,0,0,896,17.0,0,FED
2020-07-26 22:55:57,0,3.68,2,Free_feed,Pellet,Left,0,0,897,0.0,0,FED
2020-07-26 22:57:43,0,3.68,1,Free_feed,Pellet,Left,0,0,898,103.0,0,FED
2020-07-26 22:57:59,0,3.68,1,Free_feed,Pellet,Left,0,0,899,13.0,0,FED
2020-07-26 22:58:16,0,3.67,1,Free_feed,Pellet,Left,0,0,900,14.0,0,FED
2020-07-26 22:58:35,0,3.67,1,Free_feed,Pellet,Left,0,0,901,16.0,0,FED
2020-07-26 23:03:54,0,3.68,1,Free_feed,Pellet,Left,0,0,902,0.0,0,FED
2020-07-26 23:07:46,0,3.68,1,Free_feed,Pellet,Left,0,0,903,22.0,0,FED
2020-07-26 23:08:48,0,3.67,1,Free_feed,Pellet,Left,0,0,904,59.0,0,FED
2020-07-26 23:54:44,0,3.67,2,Free_feed,Pellet,Left,0,0,905,0.0,0,FED
2020-07-26 23:55:04,0,3.67,1,Free_feed,Pellet,Left,0,0,906,18.0,0,FED
2020-07-26 23:55:22,0,3.67,1,Free_feed,Pellet,Left,0,0,907,15.0,0,FED
2020-07-26 23:55:42,0,3.67,1,Free_feed,Pellet,Left,0,0,908,16.0,0,FED
2020-07-26 23:56:06,0,3.67,1,Free_feed,Pellet,Left,0,0,909,22.0,0,FED
2020-07-26 23:56:28,0,3.67,1,Free_feed,Pellet,Left,0,0,910,20.0,0,FED
2020-07-26 23:56:48,0,3.67,1,Free_feed,Pellet,Left,0,0,911,17.0,0,FED
2020-07-26 23:57:24,0,3.67,1,Free_feed,Pellet,Left,0,0,912,33.0,0,FED
2020-07-26 23:57:41,0,3.67,1,Free_feed,Pellet,Left,0,0,913,14.0,0,FED
2020-07-27 00:44:23,0,3.67,1,Free_feed,Pellet,Left,0,0,914,0.0,0,FED
2020-07-27 00:47:25,0,3.67,1,Free_feed,Pellet,Left,0,0,915,0.0,0,FED
2020-07-27 00:47:44,0,3.67,1,Free_feed,Pellet,Left,0,0,916,16.0,0,FED
2020-07-27 00:48:01,0,3.67,1,Free_feed,Pellet,Left,0,0,917,14.0,0,FED
2020-07-27 00:48:21,0,3.67,1,Free_feed,Pellet,Left,0,0,918,17.0,0,FED
2020-07-27 00:49:32,0,3.67,1,Free_feed,Pellet,Left,0,0,919,67.0,0,FED
2020-07-27 00:52:38,0,3.67,1,Free_feed,Pellet,Left,0,0,920,0.0,0,FED
2020-07-27 00:54:12,0,3.67,1,Free_feed,Pellet,Left,0,0,921,92.0,0,FED
2020-07-27 01:08:51,0,3.67,1,Free_feed,Pellet,Left,0,0,922,0.0,0,FED
2020-07-27 01:09:09,0,3.67,1,Free_feed,Pellet,Left,0,0,923,15.0,0,FED
2020-07-27 01:09:25,0,3.67,1,Free_feed,Pellet,Left,0,0,924,13.0,0,FED
2020-07-27 01:09:42,0,3.67,1,Free_feed,Pellet,Left,0,0,925,14.0,0,FED
2020-07-27 01:10:00,0,3.67,1,Free_feed,Pellet,Left,0,0,926,15.0,0,FED
2020-07-27 01:10:20,0,3.67,1,Free_feed,Pellet,Left,0,0,927,17.0,0,FED
2020-07-27 01:10:38,0,3.67,1,Free_feed,Pellet,Left,0,0,928,15.0,0,FED
2020-07-27 01:22:50,0,3.67,1,Free_feed,Pellet,Left,0,0,929,0.0,0,FED
2020-07-27 01:25:09,0,3.67,1,Free_feed,Pellet,Left,0,0,930,0.0,0,FED
2020-07-27 01:29:15,0,3.67,1,Free_feed,Pellet,Left,0,0,931,20.0,0,FED
2020-07-27 01:29:36,0,3.67,1,Free_feed,Pellet,Left,0,0,932,19.0,0,FED
2020-07-27 01:29:48,0,3.67,1,Free_feed,Pellet,Left,0,0,933,9.0,0,FED
2020-07-27 01:30:07,0,3.67,1,Free_feed,Pellet,Left,0,0,934,16.0,0,FED
2020-07-27 01:43:20,0,3.67,1,Free_feed,Pellet,Left,0,0,935,0.0,0,FED
2020-07-27 01:43:37,0,3.67,1,Free_feed,Pellet,Left,0,0,936,14.0,0,FED
2020-07-27 01:44:03,0,3.67,2,Free_feed,Pellet,Left,0,0,937,21.0,0,FED
2020-07-27 01:44:19,0,3.67,1,Free_feed,Pellet,Left,0,0,938,14.0,0,FED
2020-07-27 01:44:35,0,3.67,1,Free_feed,Pellet,Left,0,0,939,13.0,0,FED
2020-07-27 02:08:03,0,3.67,1,Free_feed,Pellet,Left,0,0,940,0.0,0,FED
2020-07-27 02:08:32,0,3.67,1,Free_feed,Pellet,Left,0,0,941,26.0,0,FED
2020-07-27 02:08:47,0,3.67,1,Free_feed,Pellet,Left,0,0,942,13.0,0,FED
2020-07-27 02:19:03,0,3.67,1,Free_feed,Pellet,Left,0,0,943,0.0,0,FED
2020-07-27 02:19:22,0,3.66,6,Free_feed,Pellet,Left,0,0,944,5.0,0,FED
2020-07-27 02:20:44,0,3.66,1,Free_feed,Pellet,Left,0,0,945,79.0,0,FED
2020-07-27 02:21:00,0,3.67,1,Free_feed,Pellet,Left,0,0,946,13.0,0,FED
2020-07-27 02:21:17,0,3.66,1,Free_feed,Pellet,Left,0,0,947,15.0,0,FED
2020-07-27 02:28:33,0,3.67,1,Free_feed,Pellet,Left,0,0,948,93.0,0,FED
2020-07-27 02:33:19,0,3.66,1,Free_feed,Pellet,Left,0,0,949,0.0,0,FED
2020-07-27 02:48:34,0,3.67,1,Free_feed,Pellet,Left,0,0,950,0.0,0,FED
2020-07-27 03:08:00,0,3.65,1,Free_feed,Pellet,Left,0,0,951,0.0,0,FED
2020-07-27 03:08:17,0,3.66,1,Free_feed,Pellet,Left,0,0,952,15.0,0,FED
2020-07-27 03:08:37,0,3.66,1,Free_feed,Pellet,Left,0,0,953,17.0,0,FED
2020-07-27 04:10:08,0,3.66,1,Free_feed,Pellet,Left,0,0,954,0.0,0,FED
2020-07-27 04:10:37,0,3.66,1,Free_feed,Pellet,Left,0,0,955,26.0,0,FED
2020-07-27 04:11:10,0,3.65,1,Free_feed,Pellet,Left,0,0,956,31.0,0,FED
2020-07-27 04:13:22,0,3.66,1,Free_feed,Pellet,Left,0,0,957,0.0,0,FED
2020-07-27 04:13:41,0,3.66,1,Free_feed,Pellet,Left,0,0,958,15.0,0,FED
2020-07-27 04:14:12,0,3.66,1,Free_feed,Pellet,Left,0,0,959,29.0,0,FED
2020-07-27 05:20:53,0,3.65,1,Free_feed,Pellet,Left,0,0,960,67.0,0,FED
2020-07-27 05:21:42,0,3.66,2,Free_feed,Pellet,Left,0,0,961,45.0,0,FED
2020-07-27 06:06:47,0,3.66,1,Free_feed,Pellet,Left,0,0,962,0.0,0,FED
2020-07-27 06:07:10,0,3.65,1,Free_feed,Pellet,Left,0,0,963,20.0,0,FED
2020-07-27 06:07:29,0,3.65,1,Free_feed,Pellet,Left,0,0,964,16.0,0,FED
2020-07-27 06:08:08,0,3.65,1,Free_feed,Pellet,Left,0,0,965,36.0,0,FED
2020-07-27 06:08:50,0,3.65,1,Free_feed,Pellet,Left,0,0,966,39.0,0,FED
2020-07-27 06:09:10,0,3.65,1,Free_feed,Pellet,Left,0,0,967,16.0,0,FED
2020-07-27 06:54:16,0,3.65,1,Free_feed,Pellet,Left,0,0,968,17.0,0,FED
2020-07-27 06:54:39,0,3.65,1,Free_feed,Pellet,Left,0,0,969,20.0,0,FED
2020-07-27 06:55:04,0,3.65,1,Free_feed,Pellet,Left,0,0,970,22.0,0,FED
2020-07-27 06:55:26,0,3.65,1,Free_feed,Pellet,Left,0,0,971,20.0,0,FED
2020-07-27 06:55:46,0,3.65,2,Free_feed,Pellet,Left,0,0,972,15.0,0,FED
2020-07-27 06:56:10,0,3.65,1,Free_feed,Pellet,Left,0,0,973,21.0,0,FED
2020-07-27 06:56:35,0,3.65,1,Free_feed,Pellet,Left,0,0,974,22.0,0,FED
2020-07-27 06:57:05,0,3.65,1,Free_feed,Pellet,Left,0,0,975,27.0,0,FED
2020-07-27 07:10:52,0,3.65,1,Free_feed,Pellet,Left,0,0,976,0.0,0,FED
2020-07-27 07:11:14,0,3.65,1,Free_feed,Pellet,Left,0,0,977,19.0,0,FED
2020-07-27 07:34:40,0,3.65,1,Free_feed,Pellet,Left,0,0,978,0.0,0,FED
2020-07-27 07:35:03,0,3.65,1,Free_feed,Pellet,Left,0,0,979,19.0,0,FED
2020-07-27 07:35:19,0,3.65,1,Free_feed,Pellet,Left,0,0,980,13.0,0,FED
2020-07-27 07:35:40,0,3.65,5,Free_feed,Pellet,Left,0,0,981,10.0,0,FED
2020-07-27 07:35:59,0,3.65,2,Free_feed,Pellet,Left,0,0,982,14.0,0,FED
2020-07-27 07:36:16,0,3.65,1,Free_feed,Pellet,Left,0,0,983,14.0,0,FED
2020-07-27 07:49:47,0,3.65,1,Free_feed,Pellet,Left,0,0,984,0.0,0,FED
2020-07-27 08:07:46,0,3.65,1,Free_feed,Pellet,Left,0,0,985,21.0,0,FED
2020-07-27 08:08:03,0,3.65,1,Free_feed,Pellet,Left,0,0,986,15.0,0,FED
2020-07-27 08:08:21,0,3.65,1,Free_feed,Pellet,Left,0,0,987,15.0,0,FED
2020-07-27 08:19:33,0,3.65,1,Free_feed,Pellet,Left,0,0,988,0.0,0,FED
2020-07-27 08:19:50,0,3.65,1,Free_feed,Pellet,Left,0,0,989,14.0,0,FED
2020-07-27 08:21:48,0,3.65,2,Free_feed,Pellet,Left,0,0,990,4.0,0,FED
2020-07-27 08:27:59,0,3.65,2,Free_feed,Pellet,Left,0,0,991,2.0,0,FED
2020-07-27 08:28:18,0,3.65,1,Free_feed,Pellet,Left,0,0,992,16.0,0,FED
2020-07-27 08:43:11,0,3.65,1,Free_feed,Pellet,Left,0,0,993,0.0,0,FED
2020-07-27 08:43:30,0,3.65,1,Free_feed,Pellet,Left,0,0,994,16.0,0,FED
2020-07-27 08:44:37,0,3.65,1,Free_feed,Pellet,Left,0,0,995,65.0,0,FED
2020-07-27 08:58:56,0,3.65,1,Free_feed,Pellet,Left,0,0,996,0.0,0,FED
2020-07-27 09:34:51,0,3.65,1,Free_feed,Pellet,Left,0,0,997,0.0,0,FED
2020-07-27 10:56:09,0,3.64,1,Free_feed,Pellet,Left,0,0,998,0.0,0,FED
2020-07-27 11:56:33,0,4.14,3,Free_feed,Pellet,Left,0,0,999,0.0,1,FED
2020-07-27 12:02:41,0,4.14,1,Free_feed,Pellet,Left,0,0,1000,0.0,1,FED
2020-07-27 12:04:00,0,4.14,1,Free_feed,Pellet,Left,0,0,1001,76.0,1,FED
2020-07-27 12:11:53,0,4.14,1,Free_feed,Pellet,Left,0,0,1002,0.0,1,FED
2020-07-27 12:12:08,0,4.13,1,Free_feed,Pellet,Left,0,0,1003,13.0,1,FED
2020-07-27 12:12:23,0,4.14,1,Free_feed,Pellet,Left,0,0,1004,12.0,1,FED
2020-07-27 12:28:29,0,4.14,1,Free_feed,Pellet,Left,0,0,1005,0.0,1,FED
2020-07-27 12:30:22,0,4.13,1,Free_feed,Pellet,Left,0,0,1006,110.0,1,FED
2020-07-27 12:52:14,0,4.13,1,Free_feed,Pellet,Left,0,0,1007,0.0,1,FED
2020-07-27 12:52:33,0,4.14,1,Free_feed,Pellet,Left,0,0,1008,16.0,1,FED
2020-07-27 15:03:38,0,4.14,1,Free_feed,Pellet,Left,0,0,1009,0.0,1,FED
2020-07-27 15:04:09,0,4.12,1,Free_feed,Pellet,Left,0,0,1010,29.0,1,FED
2020-07-27 15:04:29,0,4.12,1,Free_feed,Pellet,Left,0,0,1011,17.0,1,FED
2020-07-27 15:04:52,0,4.12,1,Free_feed,Pellet,Left,0,0,1012,21.0,1,FED
2020-07-27 15:05:14,0,4.13,1,Free_feed,Pellet,Left,0,0,1013,19.0,1,FED
2020-07-27 17:14:17,0,4.12,1,Free_feed,Pellet,Left,0,0,1014,0.0,1,FED
2020-07-27 17:14:42,0,4.11,1,Free_feed,Pellet,Left,0,0,1015,22.0,1,FED
2020-07-27 17:15:08,0,4.11,1,Free_feed,Pellet,Left,0,0,1016,23.0,1,FED
2020-07-27 17:15:29,0,4.11,1,Free_feed,Pellet,Left,0,0,1017,19.0,1,FED
2020-07-27 17:16:03,0,4.11,1,Free_feed,Pellet,Left,0,0,1018,31.0,1,FED
2020-07-27 17:16:23,0,4.11,1,Free_feed,Pellet,Left,0,0,1019,18.0,1,FED
2020-07-27 17:17:04,0,4.11,1,Free_feed,Pellet,Left,0,0,1020,38.0,1,FED
