MM:DD:YYYY hh:mm:ss,Device_Number,Battery_Voltage,Motor_Turns,Session_Type,Event,Active_Poke,Left_Poke_Count,Right_Poke_Count,Pellet_Count,Retrieval_Time,Concat_#,Mode
2020-07-21 17:09:28,9,3.85,2,Free_feed,Pellet,Left,0,0,1,37.0,0,FED
2020-07-21 17:11:12,9,3.85,2,Free_feed,Pellet,Left,0,0,2,99.0,0,FED
2020-07-21 17:11:56,9,3.85,1,Free_feed,Pellet,Left,0,0,3,4.0,0,FED
2020-07-21 17:12:59,9,3.84,1,Free_feed,Pellet,Left,0,0,4,60.0,0,FED
2020-07-21 17:14:57,9,3.84,2,Free_feed,Pellet,Left,0,0,5,114.0,0,FED
2020-07-21 17:15:08,9,3.85,1,Free_feed,Pellet,Left,0,0,6,7.0,0,FED
2020-07-21 17:15:18,9,3.84,1,Free_feed,Pellet,Left,0,0,7,8.0,0,FED
2020-07-21 17:17:20,9,3.85,1,Free_feed,Pellet,Left,0,0,8,119.0,0,FED
2020-07-21 17:18:26,9,3.84,1,Free_feed,Pellet,Left,0,0,9,20.0,0,FED
2020-07-21 17:27:01,9,3.84,1,Free_feed,Pellet,Left,0,0,10,105.0,0,FED
2020-07-21 17:27:45,9,3.85,1,Free_feed,Pellet,Left,0,0,11,25.0,0,FED
2020-07-21 17:32:30,9,3.84,1,Free_feed,Pellet,Left,0,0,12,5.0,0,FED
2020-07-21 17:38:30,9,3.84,1,Free_feed,Pellet,Left,0,0,13,0.0,0,FED
2020-07-21 18:13:03,9,3.84,2,Free_feed,Pellet,Left,0,0,14,7.0,0,FED
2020-07-21 18:13:17,9,3.85,1,Free_feed,Pellet,Left,0,0,15,11.0,0,FED
2020-07-21 18:13:27,9,3.85,1,Free_feed,Pellet,Left,0,0,16,7.0,0,FED
2020-07-21 18:14:37,9,3.84,1,Free_feed,Pellet,Left,0,0,17,67.0,0,FED
2020-07-21 18:18:21,9,3.84,1,Free_feed,Pellet,Left,0,0,18,0.0,0,FED
2020-07-21 18:18:28,9,3.83,1,Free_feed,Pellet,Left,0,0,19,5.0,0,FED
2020-07-21 18:24:01,9,3.85,1,Free_feed,Pellet,Left,0,0,20,0.0,0,FED
2020-07-21 18:24:21,9,3.84,1,Free_feed,Pellet,Left,0,0,21,17.0,0,FED
2020-07-21 18:24:32,9,3.84,3,Free_feed,Pellet,Left,0,0,22,4.0,0,FED
2020-07-21 18:28:43,9,3.83,1,Free_feed,Pellet,Left,0,0,23,4.0,0,FED
2020-07-21 18:29:03,9,3.84,1,Free_feed,Pellet,Left,0,0,24,17.0,0,FED
2020-07-21 18:29:08,9,3.84,1,Free_feed,Pellet,Left,0,0,25,3.0,0,FED
2020-07-21 18:32:28,9,3.83,1,Free_feed,Pellet,Left,0,0,26,90.0,0,FED
2020-07-21 18:33:47,9,3.84,1,Free_feed,Pellet,Left,0,0,27,77.0,0,FED
2020-07-21 18:34:09,9,3.84,1,Free_feed,Pellet,Left,0,0,28,20.0,0,FED
2020-07-21 18:43:37,9,3.84,1,Free_feed,Pellet,Left,0,0,29,0.0,0,FED
2020-07-21 18:43:58,9,3.83,5,Free_feed,Pellet,Left,0,0,30,9.0,0,FED
2020-07-21 18:44:13,9,3.83,1,Free_feed,Pellet,Left,0,0,31,12.0,0,FED
2020-07-21 18:44:22,9,3.84,1,Free_feed,Pellet,Left,0,0,32,6.0,0,FED
2020-07-21 18:44:51,9,3.84,1,Free_feed,Pellet,Left,0,0,33,25.0,0,FED
2020-07-21 18:45:09,9,3.83,1,Free_feed,Pellet,Left,0,0,34,15.0,0,FED
2020-07-21 18:45:24,9,3.84,1,Free_feed,Pellet,Left,0,0,35,13.0,0,FED
2020-07-21 18:48:41,9,3.84,1,Free_feed,Pellet,Left,0,0,36,0.0,0,FED
2020-07-21 18:54:41,9,3.84,1,Free_feed,Pellet,Left,0,0,37,0.0,0,FED
2020-07-21 19:03:38,9,3.83,2,Free_feed,Pellet,Left,0,0,38,2.0,0,FED
2020-07-21 19:05:06,9,3.84,1,Free_feed,Pellet,Left,0,0,39,85.0,0,FED
2020-07-21 19:06:41,9,3.83,1,Free_feed,Pellet,Left,0,0,40,92.0,0,FED
2020-07-21 19:10:44,9,3.84,3,Free_feed,Pellet,Left,0,0,41,0.0,0,FED
2020-07-21 19:11:48,9,3.84,1,Free_feed,Pellet,Left,0,0,42,62.0,0,FED
2020-07-21 19:12:09,9,3.84,2,Free_feed,Pellet,Left,0,0,43,18.0,0,FED
2020-07-21 19:12:47,9,3.83,1,Free_feed,Pellet,Left,0,0,44,35.0,0,FED
2020-07-21 19:13:11,9,3.84,1,Free_feed,Pellet,Left,0,0,45,21.0,0,FED
2020-07-21 19:13:30,9,3.84,1,Free_feed,Pellet,Left,0,0,46,16.0,0,FED
2020-07-21 19:16:13,9,3.83,1,Free_feed,Pellet,Left,0,0,47,0.0,0,FED
2020-07-21 19:32:16,9,3.83,2,Free_feed,Pellet,Left,0,0,48,73.0,0,FED
2020-07-21 19:32:36,9,3.83,2,Free_feed,Pellet,Left,0,0,49,16.0,0,FED
2020-07-21 19:33:47,9,3.83,1,Free_feed,Pellet,Left,0,0,50,68.0,0,FED
2020-07-21 19:34:02,9,3.84,1,Free_feed,Pellet,Left,0,0,51,11.0,0,FED
2020-07-21 19:34:38,9,3.83,1,Free_feed,Pellet,Left,0,0,52,34.0,0,FED
2020-07-21 19:34:58,9,3.84,1,Free_feed,Pellet,Left,0,0,53,17.0,0,FED
2020-07-21 19:42:00,9,3.84,2,Free_feed,Pellet,Left,0,0,54,0.0,0,FED
2020-07-21 19:42:03,9,3.84,1,Free_feed,Pellet,Left,0,0,55,0.0,0,FED
2020-07-21 19:42:21,9,3.84,2,Free_feed,Pellet,Left,0,0,56,14.0,0,FED
2020-07-21 19:42:56,9,3.84,1,Free_feed,Pellet,Left,0,0,57,32.0,0,FED
2020-07-21 19:44:39,9,3.84,1,Free_feed,Pellet,Left,0,0,58,100.0,0,FED
2020-07-21 20:09:44,9,3.84,1,Free_feed,Pellet,Left,0,0,59,0.0,0,FED
2020-07-21 20:12:54,9,3.84,1,Free_feed,Pellet,Left,0,0,60,10.0,0,FED
2020-07-21 20:14:05,9,3.84,1,Free_feed,Pellet,Left,0,0,61,68.0,0,FED
2020-07-21 20:17:52,9,3.84,1,Free_feed,Pellet,Left,0,0,62,0.0,0,FED
2020-07-21 20:18:22,9,3.84,1,Free_feed,Pellet,Left,0,0,63,1.0,0,FED
2020-07-21 20:18:33,9,3.83,2,Free_feed,Pellet,Left,0,0,64,5.0,0,FED
2020-07-21 20:18:52,9,3.84,2,Free_feed,Pellet,Left,0,0,65,15.0,0,FED
2020-07-21 20:19:05,9,3.83,2,Free_feed,Pellet,Left,0,0,66,8.0,0,FED
2020-07-21 20:19:33,9,3.83,1,Free_feed,Pellet,Left,0,0,67,24.0,0,FED
2020-07-21 20:19:51,9,3.84,1,Free_feed,Pellet,Left,0,0,68,16.0,0,FED
2020-07-21 20:20:20,9,3.84,1,Free_feed,Pellet,Left,0,0,69,26.0,0,FED
2020-07-21 20:20:41,9,3.84,1,Free_feed,Pellet,Left,0,0,70,18.0,0,FED
2020-07-21 20:21:05,9,3.84,1,Free_feed,Pellet,Left,0,0,71,21.0,0,FED
2020-07-21 20:29:25,9,3.84,1,Free_feed,Pellet,Left,0,0,72,0.0,0,FED
2020-07-21 20:29:43,9,3.83,1,Free_feed,Pellet,Left,0,0,73,15.0,0,FED
2020-07-21 20:47:25,9,3.84,1,Free_feed,Pellet,Left,0,0,74,0.0,0,FED
2020-07-21 20:48:51,9,3.83,1,Free_feed,Pellet,Left,0,0,75,83.0,0,FED
2020-07-21 20:49:06,9,3.83,1,Free_feed,Pellet,Left,0,0,76,13.0,0,FED
2020-07-21 20:50:05,9,3.84,1,Free_feed,Pellet,Left,0,0,77,56.0,0,FED
2020-07-21 20:50:17,9,3.84,2,Free_feed,Pellet,Left,0,0,78,7.0,0,FED
2020-07-21 20:51:03,9,3.83,1,Free_feed,Pellet,Left,0,0,79,43.0,0,FED
2020-07-21 20:56:13,9,3.83,1,Free_feed,Pellet,Left,0,0,80,0.0,0,FED
2020-07-21 20:56:39,9,3.84,1,Free_feed,Pellet,Left,0,0,81,22.0,0,FED
2020-07-21 21:18:48,9,3.84,1,Free_feed,Pellet,Left,0,0,82,0.0,0,FED
2020-07-21 21:19:13,9,3.84,1,Free_feed,Pellet,Left,0,0,83,22.0,0,FED
2020-07-21 21:19:42,9,3.84,2,Free_feed,Pellet,Left,0,0,84,24.0,0,FED
2020-07-21 21:19:58,9,3.84,1,Free_feed,Pellet,Left,0,0,85,13.0,0,FED
2020-07-21 21:20:20,9,3.84,2,Free_feed,Pellet,Left,0,0,86,17.0,0,FED
2020-07-21 21:20:38,9,3.84,1,Free_feed,Pellet,Left,0,0,87,16.0,0,FED
2020-07-21 21:21:00,9,3.84,1,Free_feed,Pellet,Left,0,0,88,19.0,0,FED
2020-07-21 21:21:21,9,3.83,1,Free_feed,Pellet,Left,0,0,89,17.0,0,FED
2020-07-21 22:09:57,9,3.83,1,Free_feed,Pellet,Left,0,0,90,41.0,0,FED
2020-07-21 22:11:07,9,3.84,2,Free_feed,Pellet,Left,0,0,91,64.0,0,FED
2020-07-21 22:11:24,9,3.84,1,Free_feed,Pellet,Left,0,0,92,15.0,0,FED
2020-07-21 22:31:43,9,3.84,1,Free_feed,Pellet,Left,0,0,93,0.0,0,FED
2020-07-21 22:32:19,9,3.84,1,Free_feed,Pellet,Left,0,0,94,32.0,0,FED
2020-07-21 22:32:34,9,3.84,1,Free_feed,Pellet,Left,0,0,95,13.0,0,FED
2020-07-21 22:32:55,9,3.84,1,Free_feed,Pellet,Left,0,0,96,18.0,0,FED
2020-07-21 22:33:18,9,3.84,1,Free_feed,Pellet,Left,0,0,97,21.0,0,FED
2020-07-21 22:33:37,9,3.83,1,Free_feed,Pellet,Left,0,0,98,16.0,0,FED
2020-07-21 22:34:02,9,3.83,1,Free_feed,Pellet,Left,0,0,99,22.0,0,FED
2020-07-21 22:34:34,9,3.84,1,Free_feed,Pellet,Left,0,0,100,29.0,0,FED
2020-07-21 22:44:08,9,3.83,1,Free_feed,Pellet,Left,0,0,101,23.0,0,FED
2020-07-21 22:45:24,9,3.83,2,Free_feed,Pellet,Left,0,0,102,63.0,0,FED
2020-07-21 22:53:18,9,3.83,1,Free_feed,Pellet,Left,0,0,103,0.0,0,FED
2020-07-21 22:53:33,9,3.84,1,Free_feed,Pellet,Left,0,0,104,12.0,0,FED
2020-07-21 22:53:47,9,3.84,1,Free_feed,Pellet,Left,0,0,105,11.0,0,FED
2020-07-21 22:54:02,9,3.83,1,Free_feed,Pellet,Left,0,0,106,12.0,0,FED
2020-07-21 22:54:23,9,3.83,1,Free_feed,Pellet,Left,0,0,107,18.0,0,FED
2020-07-21 22:54:46,9,3.83,1,Free_feed,Pellet,Left,0,0,108,20.0,0,FED
2020-07-21 22:55:02,9,3.83,1,Free_feed,Pellet,Left,0,0,109,13.0,0,FED
2020-07-21 23:00:35,9,3.83,2,Free_feed,Pellet,Left,0,0,110,0.0,0,FED
2020-07-21 23:08:17,9,3.83,1,Free_feed,Pellet,Left,0,0,111,0.0,0,FED
2020-07-21 23:08:42,9,3.84,1,Free_feed,Pellet,Left,0,0,112,23.0,0,FED
2020-07-21 23:09:03,9,3.83,2,Free_feed,Pellet,Left,0,0,113,16.0,0,FED
2020-07-21 23:15:35,9,3.83,2,Free_feed,Pellet,Left,0,0,114,0.0,0,FED
2020-07-21 23:16:34,9,3.83,1,Free_feed,Pellet,Left,0,0,115,56.0,0,FED
2020-07-21 23:17:05,9,3.83,1,Free_feed,Pellet,Left,0,0,116,28.0,0,FED
2020-07-21 23:17:22,9,3.83,1,Free_feed,Pellet,Left,0,0,117,15.0,0,FED
2020-07-21 23:17:37,9,3.84,1,Free_feed,Pellet,Left,0,0,118,12.0,0,FED
2020-07-21 23:17:56,9,3.83,2,Free_feed,Pellet,Left,0,0,119,15.0,0,FED
2020-07-21 23:18:15,9,3.83,1,Free_feed,Pellet,Left,0,0,120,16.0,0,FED
2020-07-21 23:18:39,9,3.83,2,Free_feed,Pellet,Left,0,0,121,20.0,0,FED
2020-07-21 23:19:04,9,3.83,1,Free_feed,Pellet,Left,0,0,122,22.0,0,FED
2020-07-21 23:35:15,9,3.83,1,Free_feed,Pellet,Left,0,0,123,0.0,0,FED
2020-07-21 23:35:50,9,3.84,1,Free_feed,Pellet,Left,0,0,124,32.0,0,FED
2020-07-21 23:36:32,9,3.84,1,Free_feed,Pellet,Left,0,0,125,39.0,0,FED
2020-07-21 23:56:12,9,3.84,1,Free_feed,Pellet,Left,0,0,126,19.0,0,FED
2020-07-21 23:56:26,9,3.83,1,Free_feed,Pellet,Left,0,0,127,11.0,0,FED
2020-07-21 23:56:49,9,3.83,3,Free_feed,Pellet,Left,0,0,128,15.0,0,FED
2020-07-21 23:57:18,9,3.83,1,Free_feed,Pellet,Left,0,0,129,27.0,0,FED
2020-07-21 23:57:37,9,3.83,1,Free_feed,Pellet,Left,0,0,130,16.0,0,FED
2020-07-21 23:58:02,9,3.83,1,Free_feed,Pellet,Left,0,0,131,22.0,0,FED
2020-07-21 23:58:24,9,3.84,1,Free_feed,Pellet,Left,0,0,132,19.0,0,FED
2020-07-21 23:58:52,9,3.83,1,Free_feed,Pellet,Left,0,0,133,25.0,0,FED
2020-07-22 00:26:19,9,3.83,1,Free_feed,Pellet,Left,0,0,134,0.0,0,FED
2020-07-22 00:26:39,9,3.84,1,Free_feed,Pellet,Left,0,0,135,17.0,0,FED
2020-07-22 00:26:54,9,3.83,2,Free_feed,Pellet,Left,0,0,136,10.0,0,FED
2020-07-22 00:27:17,9,3.83,1,Free_feed,Pellet,Left,0,0,137,20.0,0,FED
2020-07-22 00:27:38,9,3.83,1,Free_feed,Pellet,Left,0,0,138,18.0,0,FED
2020-07-22 00:42:06,9,3.83,1,Free_feed,Pellet,Left,0,0,139,0.0,0,FED
2020-07-22 01:26:02,9,3.83,1,Free_feed,Pellet,Left,0,0,140,0.0,0,FED
2020-07-22 01:44:37,9,3.83,2,Free_feed,Pellet,Left,0,0,141,0.0,0,FED
2020-07-22 01:45:14,9,3.83,1,Free_feed,Pellet,Left,0,0,142,34.0,0,FED
2020-07-22 01:45:58,9,3.83,1,Free_feed,Pellet,Left,0,0,143,26.0,0,FED
2020-07-22 01:46:32,9,3.83,1,Free_feed,Pellet,Left,0,0,144,31.0,0,FED
2020-07-22 02:12:48,9,3.83,3,Free_feed,Pellet,Left,0,0,145,4.0,0,FED
2020-07-22 02:13:08,9,3.83,2,Free_feed,Pellet,Left,0,0,146,15.0,0,FED
2020-07-22 02:13:26,9,3.83,1,Free_feed,Pellet,Left,0,0,147,15.0,0,FED
2020-07-22 02:13:48,9,3.83,1,Free_feed,Pellet,Left,0,0,148,19.0,0,FED
2020-07-22 02:14:36,9,3.83,1,Free_feed,Pellet,Left,0,0,149,19.0,0,FED
2020-07-22 02:14:54,9,3.83,2,Free_feed,Pellet,Left,0,0,150,14.0,0,FED
2020-07-22 03:55:17,9,3.83,1,Free_feed,Pellet,Left,0,0,151,0.0,0,FED
2020-07-22 03:58:38,9,3.83,1,Free_feed,Pellet,Left,0,0,152,0.0,0,FED
2020-07-22 03:58:42,9,3.83,1,Free_feed,Pellet,Left,0,0,153,2.0,0,FED
2020-07-22 03:59:09,9,3.83,1,Free_feed,Pellet,Left,0,0,154,3.0,0,FED
2020-07-22 03:59:29,9,3.83,2,Free_feed,Pellet,Left,0,0,155,15.0,0,FED
2020-07-22 03:59:53,9,3.83,1,Free_feed,Pellet,Left,0,0,156,21.0,0,FED
2020-07-22 04:00:15,9,3.83,1,Free_feed,Pellet,Left,0,0,157,20.0,0,FED
2020-07-22 04:00:20,9,3.83,1,Free_feed,Pellet,Left,0,0,158,2.0,0,FED
2020-07-22 04:00:37,9,3.83,1,Free_feed,Pellet,Left,0,0,159,13.0,0,FED
2020-07-22 05:07:56,9,3.83,1,Free_feed,Pellet,Left,0,0,160,36.0,0,FED
2020-07-22 05:08:34,9,3.83,2,Free_feed,Pellet,Left,0,0,161,33.0,0,FED
2020-07-22 05:08:47,9,3.83,2,Free_feed,Pellet,Left,0,0,162,9.0,0,FED
2020-07-22 05:09:08,9,3.82,1,Free_feed,Pellet,Left,0,0,163,18.0,0,FED
2020-07-22 05:09:29,9,3.82,2,Free_feed,Pellet,Left,0,0,164,16.0,0,FED
2020-07-22 05:12:06,9,3.83,1,Free_feed,Pellet,Left,0,0,165,0.0,0,FED
2020-07-22 05:12:25,9,3.83,1,Free_feed,Pellet,Left,0,0,166,16.0,0,FED
2020-07-22 05:12:44,9,3.82,1,Free_feed,Pellet,Left,0,0,167,16.0,0,FED
2020-07-22 05:12:59,9,3.83,1,Free_feed,Pellet,Left,0,0,168,11.0,0,FED
2020-07-22 05:13:16,9,3.83,2,Free_feed,Pellet,Left,0,0,169,13.0,0,FED
2020-07-22 05:13:37,9,3.83,1,Free_feed,Pellet,Left,0,0,170,19.0,0,FED
2020-07-22 05:13:57,9,3.83,2,Free_feed,Pellet,Left,0,0,171,15.0,0,FED
2020-07-22 05:14:01,9,3.83,1,Free_feed,Pellet,Left,0,0,172,2.0,0,FED
2020-07-22 05:14:16,9,3.83,1,Free_feed,Pellet,Left,0,0,173,12.0,0,FED
2020-07-22 05:14:35,9,3.83,1,Free_feed,Pellet,Left,0,0,174,16.0,0,FED
2020-07-22 05:14:51,9,3.83,2,Free_feed,Pellet,Left,0,0,175,12.0,0,FED
2020-07-22 05:23:35,9,3.83,2,Free_feed,Pellet,Left,0,0,176,0.0,0,FED
2020-07-22 05:23:44,9,3.83,1,Free_feed,Pellet,Left,0,0,177,7.0,0,FED
2020-07-22 05:23:57,9,3.83,1,Free_feed,Pellet,Left,0,0,178,11.0,0,FED
2020-07-22 05:24:13,9,3.83,3,Free_feed,Pellet,Left,0,0,179,9.0,0,FED
2020-07-22 05:24:53,9,3.82,1,Free_feed,Pellet,Left,0,0,180,37.0,0,FED
2020-07-22 05:24:56,9,3.82,1,Free_feed,Pellet,Left,0,0,181,0.0,0,FED
2020-07-22 05:25:12,9,3.82,1,Free_feed,Pellet,Left,0,0,182,13.0,0,FED
2020-07-22 05:25:29,9,3.82,1,Free_feed,Pellet,Left,0,0,183,14.0,0,FED
2020-07-22 05:25:48,9,3.82,1,Free_feed,Pellet,Left,0,0,184,16.0,0,FED
2020-07-22 05:26:11,9,3.83,2,Free_feed,Pellet,Left,0,0,185,18.0,0,FED
2020-07-22 05:52:27,9,3.82,1,Free_feed,Pellet,Left,0,0,186,6.0,0,FED
2020-07-22 05:52:34,9,3.82,2,Free_feed,Pellet,Left,0,0,187,3.0,0,FED
2020-07-22 05:52:48,9,3.83,1,Free_feed,Pellet,Left,0,0,188,11.0,0,FED
2020-07-22 05:52:53,9,3.83,1,Free_feed,Pellet,Left,0,0,189,2.0,0,FED
2020-07-22 05:54:25,9,3.83,1,Free_feed,Pellet,Left,0,0,190,89.0,0,FED
2020-07-22 05:54:29,9,3.83,1,Free_feed,Pellet,Left,0,0,191,1.0,0,FED
2020-07-22 05:54:45,9,3.83,1,Free_feed,Pellet,Left,0,0,192,13.0,0,FED
2020-07-22 05:55:04,9,3.83,1,Free_feed,Pellet,Left,0,0,193,17.0,0,FED
2020-07-22 05:55:21,9,3.82,2,Free_feed,Pellet,Left,0,0,194,13.0,0,FED
2020-07-22 07:15:30,9,3.83,1,Free_feed,Pellet,Left,0,0,195,4.0,0,FED
2020-07-22 07:15:47,9,3.83,1,Free_feed,Pellet,Left,0,0,196,14.0,0,FED
2020-07-22 07:15:50,9,3.83,1,Free_feed,Pellet,Left,0,0,197,0.0,0,FED
2020-07-22 07:16:05,9,3.82,2,Free_feed,Pellet,Left,0,0,198,10.0,0,FED
2020-07-22 07:16:27,9,3.83,2,Free_feed,Pellet,Left,0,0,199,4.0,0,FED
2020-07-22 07:16:45,9,3.82,1,Free_feed,Pellet,Left,0,0,200,15.0,0,FED
2020-07-22 07:17:03,9,3.82,1,Free_feed,Pellet,Left,0,0,201,16.0,0,FED
2020-07-22 07:17:22,9,3.83,1,Free_feed,Pellet,Left,0,0,202,17.0,0,FED
2020-07-22 07:17:43,9,3.82,1,Free_feed,Pellet,Left,0,0,203,17.0,0,FED
2020-07-22 07:18:05,9,3.82,2,Free_feed,Pellet,Left,0,0,204,18.0,0,FED
2020-07-22 07:18:25,9,3.82,2,Free_feed,Pellet,Left,0,0,205,16.0,0,FED
2020-07-22 07:57:06,9,3.83,1,Free_feed,Pellet,Left,0,0,206,0.0,0,FED
2020-07-22 07:57:18,9,3.82,2,Free_feed,Pellet,Left,0,0,207,7.0,0,FED
2020-07-22 07:57:34,9,3.83,1,Free_feed,Pellet,Left,0,0,208,14.0,0,FED
2020-07-22 07:57:49,9,3.82,1,Free_feed,Pellet,Left,0,0,209,13.0,0,FED
2020-07-22 07:58:17,9,3.82,1,Free_feed,Pellet,Left,0,0,210,25.0,0,FED
2020-07-22 07:58:38,9,3.82,1,Free_feed,Pellet,Left,0,0,211,18.0,0,FED
2020-07-22 09:49:45,9,3.82,1,Free_feed,Pellet,Left,0,0,212,2.0,0,FED
2020-07-22 09:50:13,9,3.82,1,Free_feed,Pellet,Left,0,0,213,24.0,0,FED
2020-07-22 09:50:29,9,3.82,1,Free_feed,Pellet,Left,0,0,214,14.0,0,FED
2020-07-22 09:50:46,9,3.82,1,Free_feed,Pellet,Left,0,0,215,14.0,0,FED
2020-07-22 09:51:05,9,3.82,1,Free_feed,Pellet,Left,0,0,216,17.0,0,FED
2020-07-22 09:51:20,9,3.82,2,Free_feed,Pellet,Left,0,0,217,10.0,0,FED
2020-07-22 09:51:43,9,3.82,2,Free_feed,Pellet,Left,0,0,218,19.0,0,FED
2020-07-22 10:07:05,9,3.82,1,Free_feed,Pellet,Left,0,0,219,0.0,0,FED
2020-07-22 10:08:10,9,3.82,1,Free_feed,Pellet,Left,0,0,220,61.0,0,FED
2020-07-22 10:08:28,9,3.82,1,Free_feed,Pellet,Left,0,0,221,16.0,0,FED
2020-07-22 10:08:32,9,3.82,1,Free_feed,Pellet,Left,0,0,222,1.0,0,FED
2020-07-22 10:08:47,9,3.82,1,Free_feed,Pellet,Left,0,0,223,12.0,0,FED
2020-07-22 10:09:04,9,3.82,2,Free_feed,Pellet,Left,0,0,224,12.0,0,FED
2020-07-22 11:09:50,9,3.82,1,Free_feed,Pellet,Left,0,0,225,0.0,0,FED
2020-07-22 11:10:29,9,3.82,4,Free_feed,Pellet,Left,0,0,226,31.0,0,FED
2020-07-22 11:11:19,9,3.82,1,Free_feed,Pellet,Left,0,0,227,21.0,0,FED
2020-07-22 11:11:34,9,3.82,2,Free_feed,Pellet,Left,0,0,228,11.0,0,FED
2020-07-22 11:11:49,9,3.82,1,Free_feed,Pellet,Left,0,0,229,12.0,0,FED
2020-07-22 11:11:56,9,3.82,1,Free_feed,Pellet,Left,0,0,230,4.0,0,FED
2020-07-22 11:13:05,9,3.82,2,Free_feed,Pellet,Left,0,0,231,64.0,0,FED
2020-07-22 11:13:33,9,3.82,1,Free_feed,Pellet,Left,0,0,232,25.0,0,FED
2020-07-22 11:28:45,9,3.82,2,Free_feed,Pellet,Left,0,0,233,0.0,0,FED
2020-07-22 11:29:21,9,3.82,1,Free_feed,Pellet,Left,0,0,234,33.0,0,FED
2020-07-22 11:34:06,9,3.82,2,Free_feed,Pellet,Left,0,0,235,3.0,0,FED
2020-07-22 11:35:04,9,3.82,2,Free_feed,Pellet,Left,0,0,236,53.0,0,FED
2020-07-22 11:38:24,9,3.82,2,Free_feed,Pellet,Left,0,0,237,17.0,0,FED
2020-07-22 11:38:40,9,3.82,1,Free_feed,Pellet,Left,0,0,238,14.0,0,FED
2020-07-22 11:38:56,9,3.82,1,Free_feed,Pellet,Left,0,0,239,14.0,0,FED
2020-07-22 11:39:20,9,3.82,1,Free_feed,Pellet,Left,0,0,240,21.0,0,FED
2020-07-22 11:39:41,9,3.82,1,Free_feed,Pellet,Left,0,0,241,18.0,0,FED
2020-07-22 11:39:59,9,3.82,2,Free_feed,Pellet,Left,0,0,242,13.0,0,FED
2020-07-22 11:40:18,9,3.82,1,Free_feed,Pellet,Left,0,0,243,16.0,0,FED
2020-07-22 11:40:39,9,3.82,1,Free_feed,Pellet,Left,0,0,244,18.0,0,FED
2020-07-22 12:08:46,9,3.82,2,Free_feed,Pellet,Left,0,0,245,0.0,0,FED
2020-07-22 12:09:04,9,3.82,2,Free_feed,Pellet,Left,0,0,246,14.0,0,FED
2020-07-22 12:18:06,9,3.82,1,Free_feed,Pellet,Left,0,0,247,0.0,0,FED
2020-07-22 12:18:09,9,3.82,1,Free_feed,Pellet,Left,0,0,248,0.0,0,FED
2020-07-22 12:20:23,9,3.82,1,Free_feed,Pellet,Left,0,0,249,0.0,0,FED
2020-07-22 13:57:15,9,3.82,1,Free_feed,Pellet,Left,0,0,250,0.0,0,FED
2020-07-22 13:57:48,9,3.82,1,Free_feed,Pellet,Left,0,0,251,31.0,0,FED
2020-07-22 14:02:06,9,3.82,1,Free_feed,Pellet,Left,0,0,252,0.0,0,FED
2020-07-22 14:02:22,9,3.82,1,Free_feed,Pellet,Left,0,0,253,13.0,0,FED
2020-07-22 14:02:43,9,3.82,1,Free_feed,Pellet,Left,0,0,254,19.0,0,FED
2020-07-22 14:02:49,9,3.82,1,Free_feed,Pellet,Left,0,0,255,3.0,0,FED
2020-07-22 14:05:25,9,3.81,2,Free_feed,Pellet,Left,0,0,256,0.0,0,FED
2020-07-22 14:08:37,9,3.82,2,Free_feed,Pellet,Left,0,0,257,0.0,0,FED
2020-07-22 14:51:24,9,3.82,2,Free_feed,Pellet,Left,0,0,258,0.0,0,FED
2020-07-22 14:59:10,9,3.82,1,Free_feed,Pellet,Left,0,0,259,4.0,0,FED
2020-07-22 14:59:21,9,3.82,1,Free_feed,Pellet,Left,0,0,260,8.0,0,FED
2020-07-22 14:59:39,9,3.82,1,Free_feed,Pellet,Left,0,0,261,15.0,0,FED
2020-07-22 14:59:55,9,3.81,1,Free_feed,Pellet,Left,0,0,262,13.0,0,FED
2020-07-22 15:00:10,9,3.82,1,Free_feed,Pellet,Left,0,0,263,12.0,0,FED
2020-07-22 15:00:31,9,3.82,1,Free_feed,Pellet,Left,0,0,264,18.0,0,FED
2020-07-22 15:00:48,9,3.81,2,Free_feed,Pellet,Left,0,0,265,12.0,0,FED
2020-07-22 15:00:56,9,3.82,1,Free_feed,Pellet,Left,0,0,266,5.0,0,FED
2020-07-22 15:01:08,9,3.82,2,Free_feed,Pellet,Left,0,0,267,7.0,0,FED
2020-07-22 15:01:29,9,3.82,1,Free_feed,Pellet,Left,0,0,268,18.0,0,FED
2020-07-22 15:01:51,9,3.82,1,Free_feed,Pellet,Left,0,0,269,18.0,0,FED
2020-07-22 15:02:11,9,3.81,1,Free_feed,Pellet,Left,0,0,270,18.0,0,FED
2020-07-22 15:02:35,9,3.81,1,Free_feed,Pellet,Left,0,0,271,21.0,0,FED
2020-07-22 15:02:55,9,3.82,3,Free_feed,Pellet,Left,0,0,272,14.0,0,FED
2020-07-22 17:08:44,9,3.82,1,Free_feed,Pellet,Left,0,0,273,0.0,0,FED
2020-07-22 17:09:03,9,3.82,1,Free_feed,Pellet,Left,0,0,274,17.0,0,FED
2020-07-22 17:10:25,9,3.81,1,Free_feed,Pellet,Left,0,0,275,79.0,0,FED
2020-07-22 17:10:36,9,3.81,1,Free_feed,Pellet,Left,0,0,276,8.0,0,FED
2020-07-22 17:10:41,9,3.81,1,Free_feed,Pellet,Left,0,0,277,1.0,0,FED
2020-07-22 17:10:57,9,3.81,2,Free_feed,Pellet,Left,0,0,278,12.0,0,FED
2020-07-22 17:11:13,9,3.82,1,Free_feed,Pellet,Left,0,0,279,14.0,0,FED
2020-07-22 17:11:37,9,3.82,1,Free_feed,Pellet,Left,0,0,280,21.0,0,FED
2020-07-22 17:11:57,9,3.81,1,Free_feed,Pellet,Left,0,0,281,17.0,0,FED
2020-07-22 17:12:00,9,3.81,1,Free_feed,Pellet,Left,0,0,282,1.0,0,FED
2020-07-22 18:30:34,9,3.81,3,Free_feed,Pellet,Left,0,0,283,0.0,0,FED
2020-07-22 18:30:44,9,3.81,2,Free_feed,Pellet,Left,0,0,284,6.0,0,FED
2020-07-22 18:30:59,9,3.81,1,Free_feed,Pellet,Left,0,0,285,13.0,0,FED
2020-07-22 18:31:02,9,3.81,1,Free_feed,Pellet,Left,0,0,286,0.0,0,FED
2020-07-22 18:31:15,9,3.81,1,Free_feed,Pellet,Left,0,0,287,10.0,0,FED
2020-07-22 18:31:34,9,3.81,1,Free_feed,Pellet,Left,0,0,288,16.0,0,FED
2020-07-22 18:31:36,9,3.81,1,Free_feed,Pellet,Left,0,0,289,0.0,0,FED
2020-07-22 18:32:00,9,3.81,1,Free_feed,Pellet,Left,0,0,290,19.0,0,FED
2020-07-22 18:32:18,9,3.81,1,Free_feed,Pellet,Left,0,0,291,16.0,0,FED
2020-07-22 18:32:40,9,3.81,1,Free_feed,Pellet,Left,0,0,292,19.0,0,FED
2020-07-22 18:33:02,9,3.81,2,Free_feed,Pellet,Left,0,0,293,18.0,0,FED
2020-07-22 18:33:07,9,3.81,1,Free_feed,Pellet,Left,0,0,294,2.0,0,FED
2020-07-22 18:33:14,9,3.81,1,Free_feed,Pellet,Left,0,0,295,5.0,0,FED
2020-07-22 18:33:35,9,3.8,1,Free_feed,Pellet,Left,0,0,296,18.0,0,FED
2020-07-22 18:59:52,9,3.81,2,Free_feed,Pellet,Left,0,0,297,0.0,0,FED
2020-07-22 19:00:41,9,3.8,1,Free_feed,Pellet,Left,0,0,298,46.0,0,FED
2020-07-22 19:00:55,9,3.8,2,Free_feed,Pellet,Left,0,0,299,10.0,0,FED
2020-07-22 19:01:14,9,3.81,1,Free_feed,Pellet,Left,0,0,300,16.0,0,FED
2020-07-22 19:01:33,9,3.81,1,Free_feed,Pellet,Left,0,0,301,17.0,0,FED
2020-07-22 19:01:53,9,3.8,2,Free_feed,Pellet,Left,0,0,302,15.0,0,FED
2020-07-22 19:02:15,9,3.82,2,Free_feed,Pellet,Left,0,0,303,18.0,0,FED
2020-07-22 19:02:35,9,3.8,2,Free_feed,Pellet,Left,0,0,304,16.0,0,FED
2020-07-22 19:02:48,9,3.81,1,Free_feed,Pellet,Left,0,0,305,10.0,0,FED
2020-07-22 20:34:24,9,3.8,1,Free_feed,Pellet,Left,0,0,306,0.0,0,FED
2020-07-22 20:34:33,9,3.8,1,Free_feed,Pellet,Left,0,0,307,6.0,0,FED
2020-07-22 20:35:00,9,3.8,2,Free_feed,Pellet,Left,0,0,308,22.0,0,FED
2020-07-22 20:35:15,9,3.81,2,Free_feed,Pellet,Left,0,0,309,10.0,0,FED
2020-07-22 20:35:42,9,3.8,1,Free_feed,Pellet,Left,0,0,310,24.0,0,FED
2020-07-22 20:35:50,9,3.8,1,Free_feed,Pellet,Left,0,0,311,4.0,0,FED
2020-07-22 20:35:58,9,3.81,1,Free_feed,Pellet,Left,0,0,312,6.0,0,FED
2020-07-22 20:36:27,9,3.8,1,Free_feed,Pellet,Left,0,0,313,26.0,0,FED
2020-07-22 20:36:45,9,3.81,1,Free_feed,Pellet,Left,0,0,314,15.0,0,FED
2020-07-22 20:37:07,9,3.8,1,Free_feed,Pellet,Left,0,0,315,19.0,0,FED
2020-07-22 21:01:56,9,3.81,1,Free_feed,Pellet,Left,0,0,316,5.0,0,FED
2020-07-22 21:02:03,9,3.8,1,Free_feed,Pellet,Left,0,0,317,5.0,0,FED
2020-07-22 21:02:16,9,3.8,1,Free_feed,Pellet,Left,0,0,318,10.0,0,FED
2020-07-22 21:02:31,9,3.8,1,Free_feed,Pellet,Left,0,0,319,11.0,0,FED
2020-07-22 21:02:47,9,3.82,2,Free_feed,Pellet,Left,0,0,320,12.0,0,FED
2020-07-22 21:03:03,9,3.81,3,Free_feed,Pellet,Left,0,0,321,9.0,0,FED
2020-07-22 21:03:19,9,3.8,1,Free_feed,Pellet,Left,0,0,322,13.0,0,FED
2020-07-22 21:03:36,9,3.8,2,Free_feed,Pellet,Left,0,0,323,13.0,0,FED
2020-07-22 21:03:55,9,3.8,4,Free_feed,Pellet,Left,0,0,324,10.0,0,FED
2020-07-22 21:04:13,9,3.8,1,Free_feed,Pellet,Left,0,0,325,14.0,0,FED
2020-07-22 21:04:34,9,3.81,1,Free_feed,Pellet,Left,0,0,326,19.0,0,FED
2020-07-22 21:04:54,9,3.8,1,Free_feed,Pellet,Left,0,0,327,17.0,0,FED
2020-07-22 21:05:12,9,3.8,1,Free_feed,Pellet,Left,0,0,328,15.0,0,FED
2020-07-22 21:05:29,9,3.8,3,Free_feed,Pellet,Left,0,0,329,10.0,0,FED
2020-07-22 21:05:53,9,3.8,1,Free_feed,Pellet,Left,0,0,330,21.0,0,FED
2020-07-22 21:06:15,9,3.81,1,Free_feed,Pellet,Left,0,0,331,18.0,0,FED
2020-07-22 21:06:39,9,3.8,1,Free_feed,Pellet,Left,0,0,332,21.0,0,FED
2020-07-22 21:42:36,9,3.8,2,Free_feed,Pellet,Left,0,0,333,0.0,0,FED
2020-07-22 21:42:59,9,3.8,1,Free_feed,Pellet,Left,0,0,334,20.0,0,FED
2020-07-22 21:43:44,9,3.8,2,Free_feed,Pellet,Left,0,0,335,40.0,0,FED
2020-07-22 21:44:39,9,3.8,1,Free_feed,Pellet,Left,0,0,336,52.0,0,FED
2020-07-22 21:45:01,9,3.8,2,Free_feed,Pellet,Left,0,0,337,17.0,0,FED
2020-07-22 21:45:22,9,3.81,1,Free_feed,Pellet,Left,0,0,338,18.0,0,FED
2020-07-22 21:45:44,9,3.8,1,Free_feed,Pellet,Left,0,0,339,20.0,0,FED
2020-07-22 21:45:49,9,3.8,1,Free_feed,Pellet,Left,0,0,340,2.0,0,FED
2020-07-22 21:56:41,9,3.8,1,Free_feed,Pellet,Left,0,0,341,8.0,0,FED
2020-07-22 21:56:56,9,3.81,1,Free_feed,Pellet,Left,0,0,342,13.0,0,FED
2020-07-22 22:16:34,9,3.8,1,Free_feed,Pellet,Left,0,0,343,0.0,0,FED
2020-07-22 22:16:58,9,3.8,1,Free_feed,Pellet,Left,0,0,344,22.0,0,FED
2020-07-22 22:17:10,9,3.8,1,Free_feed,Pellet,Left,0,0,345,9.0,0,FED
2020-07-22 22:17:27,9,3.8,1,Free_feed,Pellet,Left,0,0,346,14.0,0,FED
2020-07-22 22:17:44,9,3.8,2,Free_feed,Pellet,Left,0,0,347,12.0,0,FED
2020-07-22 22:18:01,9,3.81,1,Free_feed,Pellet,Left,0,0,348,14.0,0,FED
2020-07-22 22:20:47,9,3.8,2,Free_feed,Pellet,Left,0,0,349,0.0,0,FED
2020-07-22 22:21:01,9,3.8,1,Free_feed,Pellet,Left,0,0,350,12.0,0,FED
2020-07-22 22:32:13,9,3.8,2,Free_feed,Pellet,Left,0,0,351,0.0,0,FED
2020-07-22 22:32:37,9,3.8,2,Free_feed,Pellet,Left,0,0,352,20.0,0,FED
2020-07-22 22:33:29,9,3.8,2,Free_feed,Pellet,Left,0,0,353,48.0,0,FED
2020-07-22 22:33:44,9,3.8,2,Free_feed,Pellet,Left,0,0,354,10.0,0,FED
2020-07-22 22:34:01,9,3.81,1,Free_feed,Pellet,Left,0,0,355,14.0,0,FED
2020-07-22 22:34:16,9,3.8,1,Free_feed,Pellet,Left,0,0,356,12.0,0,FED
2020-07-22 22:34:30,9,3.8,1,Free_feed,Pellet,Left,0,0,357,11.0,0,FED
2020-07-22 22:34:50,9,3.8,1,Free_feed,Pellet,Left,0,0,358,18.0,0,FED
2020-07-22 22:35:09,9,3.8,2,Free_feed,Pellet,Left,0,0,359,14.0,0,FED
2020-07-22 22:35:31,9,3.81,1,Free_feed,Pellet,Left,0,0,360,20.0,0,FED
2020-07-22 22:35:45,9,3.8,1,Free_feed,Pellet,Left,0,0,361,10.0,0,FED
2020-07-22 22:36:03,9,3.8,1,Free_feed,Pellet,Left,0,0,362,16.0,0,FED
2020-07-22 23:09:38,9,3.8,1,Free_feed,Pellet,Left,0,0,363,40.0,0,FED
2020-07-22 23:09:49,9,3.8,2,Free_feed,Pellet,Left,0,0,364,6.0,0,FED
2020-07-22 23:10:01,9,3.8,1,Free_feed,Pellet,Left,0,0,365,9.0,0,FED
2020-07-22 23:10:19,9,3.8,1,Free_feed,Pellet,Left,0,0,366,15.0,0,FED
2020-07-22 23:10:34,9,3.8,5,Free_feed,Pellet,Left,0,0,367,5.0,0,FED
2020-07-22 23:10:48,9,3.8,1,Free_feed,Pellet,Left,0,0,368,11.0,0,FED
2020-07-22 23:11:06,9,3.8,1,Free_feed,Pellet,Left,0,0,369,15.0,0,FED
2020-07-22 23:11:20,9,3.8,1,Free_feed,Pellet,Left,0,0,370,10.0,0,FED
2020-07-22 23:11:36,9,3.8,2,Free_feed,Pellet,Left,0,0,371,12.0,0,FED
2020-07-22 23:11:58,9,3.8,1,Free_feed,Pellet,Left,0,0,372,19.0,0,FED
2020-07-22 23:12:14,9,3.8,1,Free_feed,Pellet,Left,0,0,373,13.0,0,FED
2020-07-22 23:12:32,9,3.8,1,Free_feed,Pellet,Left,0,0,374,15.0,0,FED
2020-07-22 23:12:53,9,3.8,1,Free_feed,Pellet,Left,0,0,375,18.0,0,FED
2020-07-22 23:13:14,9,3.8,1,Free_feed,Pellet,Left,0,0,376,18.0,0,FED
2020-07-22 23:48:47,9,3.8,5,Free_feed,Pellet,Left,0,0,377,2.0,0,FED
2020-07-22 23:57:20,9,3.8,2,Free_feed,Pellet,Left,0,0,378,11.0,0,FED
2020-07-22 23:57:32,9,3.8,1,Free_feed,Pellet,Left,0,0,379,10.0,0,FED
2020-07-22 23:57:50,9,3.8,1,Free_feed,Pellet,Left,0,0,380,15.0,0,FED
2020-07-22 23:58:05,9,3.8,1,Free_feed,Pellet,Left,0,0,381,12.0,0,FED
2020-07-22 23:58:21,9,3.8,1,Free_feed,Pellet,Left,0,0,382,13.0,0,FED
2020-07-22 23:58:43,9,3.8,1,Free_feed,Pellet,Left,0,0,383,19.0,0,FED
2020-07-23 00:11:45,9,3.8,1,Free_feed,Pellet,Left,0,0,384,0.0,0,FED
2020-07-23 00:12:06,9,3.8,1,Free_feed,Pellet,Left,0,0,385,18.0,0,FED
2020-07-23 00:55:17,9,3.8,1,Free_feed,Pellet,Left,0,0,386,0.0,0,FED
2020-07-23 00:55:34,9,3.8,1,Free_feed,Pellet,Left,0,0,387,13.0,0,FED
2020-07-23 00:55:44,9,3.81,2,Free_feed,Pellet,Left,0,0,388,6.0,0,FED
2020-07-23 00:56:13,9,3.8,1,Free_feed,Pellet,Left,0,0,389,27.0,0,FED
2020-07-23 00:56:26,9,3.8,1,Free_feed,Pellet,Left,0,0,390,10.0,0,FED
2020-07-23 00:56:40,9,3.8,2,Free_feed,Pellet,Left,0,0,391,9.0,0,FED
2020-07-23 00:56:56,9,3.8,3,Free_feed,Pellet,Left,0,0,392,10.0,0,FED
2020-07-23 00:57:12,9,3.8,2,Free_feed,Pellet,Left,0,0,393,12.0,0,FED
2020-07-23 00:57:27,9,3.8,1,Free_feed,Pellet,Left,0,0,394,12.0,0,FED
2020-07-23 00:57:46,9,3.8,1,Free_feed,Pellet,Left,0,0,395,16.0,0,FED
2020-07-23 00:58:06,9,3.8,2,Free_feed,Pellet,Left,0,0,396,15.0,0,FED
2020-07-23 00:58:23,9,3.8,1,Free_feed,Pellet,Left,0,0,397,14.0,0,FED
2020-07-23 00:58:41,9,3.8,1,Free_feed,Pellet,Left,0,0,398,15.0,0,FED
2020-07-23 02:09:57,9,3.8,1,Free_feed,Pellet,Left,0,0,399,0.0,0,FED
2020-07-23 02:10:03,9,3.8,1,Free_feed,Pellet,Left,0,0,400,3.0,0,FED
2020-07-23 02:10:21,9,3.8,2,Free_feed,Pellet,Left,0,0,401,13.0,0,FED
2020-07-23 02:10:39,9,3.8,1,Free_feed,Pellet,Left,0,0,402,15.0,0,FED
2020-07-23 02:10:56,9,3.8,1,Free_feed,Pellet,Left,0,0,403,14.0,0,FED
2020-07-23 02:11:15,9,3.8,1,Free_feed,Pellet,Left,0,0,404,16.0,0,FED
2020-07-23 02:11:48,9,3.8,1,Free_feed,Pellet,Left,0,0,405,30.0,0,FED
2020-07-23 02:12:09,9,3.8,3,Free_feed,Pellet,Left,0,0,406,15.0,0,FED
2020-07-23 02:12:29,9,3.8,2,Free_feed,Pellet,Left,0,0,407,16.0,0,FED
2020-07-23 02:12:46,9,3.8,1,Free_feed,Pellet,Left,0,0,408,14.0,0,FED
2020-07-23 04:32:31,9,3.8,1,Free_feed,Pellet,Left,0,0,409,0.0,0,FED
2020-07-23 04:32:57,9,3.8,1,Free_feed,Pellet,Left,0,0,410,23.0,0,FED
2020-07-23 04:33:07,9,3.79,1,Free_feed,Pellet,Left,0,0,411,6.0,0,FED
2020-07-23 04:33:25,9,3.8,1,Free_feed,Pellet,Left,0,0,412,16.0,0,FED
2020-07-23 04:33:48,9,3.79,2,Free_feed,Pellet,Left,0,0,413,18.0,0,FED
2020-07-23 04:34:05,9,3.79,1,Free_feed,Pellet,Left,0,0,414,15.0,0,FED
2020-07-23 04:34:24,9,3.79,1,Free_feed,Pellet,Left,0,0,415,15.0,0,FED
2020-07-23 04:34:43,9,3.8,1,Free_feed,Pellet,Left,0,0,416,17.0,0,FED
2020-07-23 04:35:01,9,3.79,2,Free_feed,Pellet,Left,0,0,417,14.0,0,FED
2020-07-23 04:35:19,9,3.79,1,Free_feed,Pellet,Left,0,0,418,14.0,0,FED
2020-07-23 06:10:30,9,3.8,3,Free_feed,Pellet,Left,0,0,419,0.0,0,FED
2020-07-23 06:13:41,9,3.8,1,Free_feed,Pellet,Left,0,0,420,0.0,0,FED
2020-07-23 06:13:44,9,3.8,1,Free_feed,Pellet,Left,0,0,421,1.0,0,FED
2020-07-23 06:13:58,9,3.79,2,Free_feed,Pellet,Left,0,0,422,8.0,0,FED
2020-07-23 06:14:22,9,3.79,2,Free_feed,Pellet,Left,0,0,423,19.0,0,FED
2020-07-23 06:14:24,9,3.79,1,Free_feed,Pellet,Left,0,0,424,0.0,0,FED
2020-07-23 06:14:31,9,3.79,1,Free_feed,Pellet,Left,0,0,425,4.0,0,FED
2020-07-23 06:14:46,9,3.8,1,Free_feed,Pellet,Left,0,0,426,12.0,0,FED
2020-07-23 07:40:01,9,3.79,1,Free_feed,Pellet,Left,0,0,427,0.0,0,FED
2020-07-23 07:40:06,9,3.79,1,Free_feed,Pellet,Left,0,0,428,2.0,0,FED
2020-07-23 07:41:00,9,3.79,1,Free_feed,Pellet,Left,0,0,429,52.0,0,FED
2020-07-23 07:41:13,9,3.78,3,Free_feed,Pellet,Left,0,0,430,6.0,0,FED
2020-07-23 07:41:34,9,3.79,2,Free_feed,Pellet,Left,0,0,431,16.0,0,FED
2020-07-23 07:41:58,9,3.78,1,Free_feed,Pellet,Left,0,0,432,21.0,0,FED
2020-07-23 07:42:14,9,3.79,1,Free_feed,Pellet,Left,0,0,433,13.0,0,FED
2020-07-23 07:42:42,9,3.78,1,Free_feed,Pellet,Left,0,0,434,25.0,0,FED
2020-07-23 07:43:03,9,3.79,1,Free_feed,Pellet,Left,0,0,435,18.0,0,FED
2020-07-23 07:43:25,9,3.79,2,Free_feed,Pellet,Left,0,0,436,18.0,0,FED
2020-07-23 07:43:45,9,3.79,1,Free_feed,Pellet,Left,0,0,437,17.0,0,FED
2020-07-23 09:22:53,9,3.78,1,Free_feed,Pellet,Left,0,0,438,70.0,0,FED
2020-07-23 09:22:59,9,3.79,1,Free_feed,Pellet,Left,0,0,439,4.0,0,FED
2020-07-23 09:23:11,9,3.78,1,Free_feed,Pellet,Left,0,0,440,10.0,0,FED
2020-07-23 09:23:27,9,3.78,1,Free_feed,Pellet,Left,0,0,441,13.0,0,FED
2020-07-23 09:23:45,9,3.78,1,Free_feed,Pellet,Left,0,0,442,15.0,0,FED
2020-07-23 09:24:03,9,3.78,1,Free_feed,Pellet,Left,0,0,443,15.0,0,FED
2020-07-23 09:24:26,9,3.79,1,Free_feed,Pellet,Left,0,0,444,20.0,0,FED
2020-07-23 09:24:43,9,3.79,1,Free_feed,Pellet,Left,0,0,445,14.0,0,FED
2020-07-23 09:25:03,9,3.78,1,Free_feed,Pellet,Left,0,0,446,17.0,0,FED
2020-07-23 09:25:21,9,3.78,1,Free_feed,Pellet,Left,0,0,447,15.0,0,FED
2020-07-23 09:25:40,9,3.79,2,Free_feed,Pellet,Left,0,0,448,14.0,0,FED
2020-07-23 09:25:59,9,3.79,1,Free_feed,Pellet,Left,0,0,449,16.0,0,FED
2020-07-23 09:26:18,9,3.78,1,Free_feed,Pellet,Left,0,0,450,17.0,0,FED
2020-07-23 09:26:39,9,3.79,1,Free_feed,Pellet,Left,0,0,451,17.0,0,FED
2020-07-23 09:30:49,9,3.78,1,Free_feed,Pellet,Left,0,0,452,0.0,0,FED
2020-07-23 09:31:10,9,3.78,1,Free_feed,Pellet,Left,0,0,453,18.0,0,FED
2020-07-23 09:31:26,9,3.79,1,Free_feed,Pellet,Left,0,0,454,13.0,0,FED
2020-07-23 09:31:46,9,3.79,1,Free_feed,Pellet,Left,0,0,455,17.0,0,FED
2020-07-23 09:32:01,9,3.78,1,Free_feed,Pellet,Left,0,0,456,12.0,0,FED
2020-07-23 11:15:46,9,3.78,2,Free_feed,Pellet,Left,0,0,457,0.0,0,FED
2020-07-23 11:15:51,9,3.79,1,Free_feed,Pellet,Left,0,0,458,2.0,0,FED
2020-07-23 11:16:03,9,3.78,1,Free_feed,Pellet,Left,0,0,459,9.0,0,FED
2020-07-23 11:16:19,9,3.78,2,Free_feed,Pellet,Left,0,0,460,11.0,0,FED
2020-07-23 11:16:32,9,3.78,3,Free_feed,Pellet,Left,0,0,461,6.0,0,FED
2020-07-23 11:16:51,9,3.78,1,Free_feed,Pellet,Left,0,0,462,16.0,0,FED
2020-07-23 11:17:09,9,3.78,1,Free_feed,Pellet,Left,0,0,463,15.0,0,FED
2020-07-23 11:17:26,9,3.78,2,Free_feed,Pellet,Left,0,0,464,12.0,0,FED
2020-07-23 11:17:43,9,3.78,2,Free_feed,Pellet,Left,0,0,465,13.0,0,FED
2020-07-23 11:18:03,9,3.78,1,Free_feed,Pellet,Left,0,0,466,17.0,0,FED
2020-07-23 11:18:20,9,3.78,1,Free_feed,Pellet,Left,0,0,467,15.0,0,FED
2020-07-23 11:18:41,9,3.78,2,Free_feed,Pellet,Left,0,0,468,16.0,0,FED
2020-07-23 11:18:52,9,3.78,1,Free_feed,Pellet,Left,0,0,469,8.0,0,FED
2020-07-23 11:19:14,9,3.78,1,Free_feed,Pellet,Left,0,0,470,20.0,0,FED
2020-07-23 11:30:47,9,3.78,1,Free_feed,Pellet,Left,0,0,471,0.0,0,FED
2020-07-23 11:35:04,9,3.78,1,Free_feed,Pellet,Left,0,0,472,0.0,0,FED
2020-07-23 14:08:16,9,3.78,1,Free_feed,Pellet,Left,0,0,473,0.0,0,FED
2020-07-23 14:08:39,9,3.78,1,Free_feed,Pellet,Left,0,0,474,20.0,0,FED
2020-07-23 14:08:56,9,3.78,2,Free_feed,Pellet,Left,0,0,475,12.0,0,FED
2020-07-23 14:09:15,9,3.78,1,Free_feed,Pellet,Left,0,0,476,17.0,0,FED
2020-07-23 14:09:40,9,3.78,1,Free_feed,Pellet,Left,0,0,477,22.0,0,FED
2020-07-23 14:09:53,9,3.78,1,Free_feed,Pellet,Left,0,0,478,10.0,0,FED
2020-07-23 14:10:19,9,3.77,1,Free_feed,Pellet,Left,0,0,479,24.0,0,FED
2020-07-23 14:10:27,9,3.78,3,Free_feed,Pellet,Left,0,0,480,2.0,0,FED
2020-07-23 14:10:30,9,3.78,1,Free_feed,Pellet,Left,0,0,481,0.0,0,FED
2020-07-23 14:10:33,9,3.78,1,Free_feed,Pellet,Left,0,0,482,0.0,0,FED
2020-07-23 14:12:20,9,3.78,4,Free_feed,Pellet,Left,0,0,483,25.0,0,FED
2020-07-23 14:12:39,9,3.78,1,Free_feed,Pellet,Left,0,0,484,16.0,0,FED
2020-07-23 14:13:00,9,3.78,1,Free_feed,Pellet,Left,0,0,485,18.0,0,FED
2020-07-23 14:13:22,9,3.78,1,Free_feed,Pellet,Left,0,0,486,20.0,0,FED
2020-07-23 14:13:36,9,3.78,1,Free_feed,Pellet,Left,0,0,487,11.0,0,FED
2020-07-23 14:14:03,9,3.78,1,Free_feed,Pellet,Left,0,0,488,24.0,0,FED
2020-07-23 14:14:24,9,3.78,1,Free_feed,Pellet,Left,0,0,489,18.0,0,FED
2020-07-23 14:14:29,9,3.78,1,Free_feed,Pellet,Left,0,0,490,3.0,0,FED
2020-07-23 14:29:01,9,3.78,1,Free_feed,Pellet,Left,0,0,491,0.0,0,FED
2020-07-23 14:29:44,9,3.78,1,Free_feed,Pellet,Left,0,0,492,40.0,0,FED
2020-07-23 14:29:54,9,3.78,2,Free_feed,Pellet,Left,0,0,493,6.0,0,FED
2020-07-23 14:30:15,9,3.78,2,Free_feed,Pellet,Left,0,0,494,16.0,0,FED
2020-07-23 14:30:29,9,3.78,1,Free_feed,Pellet,Left,0,0,495,11.0,0,FED
2020-07-23 14:30:47,9,3.78,1,Free_feed,Pellet,Left,0,0,496,15.0,0,FED
2020-07-23 14:31:06,9,3.77,1,Free_feed,Pellet,Left,0,0,497,16.0,0,FED
2020-07-23 16:26:55,9,3.77,1,Free_feed,Pellet,Left,0,0,498,0.0,0,FED
2020-07-23 16:27:22,9,3.77,3,Free_feed,Pellet,Left,0,0,499,20.0,0,FED
2020-07-23 16:27:39,9,3.77,1,Free_feed,Pellet,Left,0,0,500,13.0,0,FED
2020-07-23 16:27:43,9,3.77,1,Free_feed,Pellet,Left,0,0,501,1.0,0,FED
2020-07-23 16:28:05,9,3.77,1,Free_feed,Pellet,Left,0,0,502,19.0,0,FED
2020-07-23 16:28:24,9,3.77,1,Free_feed,Pellet,Left,0,0,503,16.0,0,FED
2020-07-23 16:28:50,9,3.77,1,Free_feed,Pellet,Left,0,0,504,23.0,0,FED
2020-07-23 16:29:11,9,3.76,2,Free_feed,Pellet,Left,0,0,505,17.0,0,FED
2020-07-23 16:29:17,9,3.78,2,Free_feed,Pellet,Left,0,0,506,1.0,0,FED
2020-07-23 16:29:38,9,3.78,1,Free_feed,Pellet,Left,0,0,507,18.0,0,FED
2020-07-23 16:29:41,9,3.78,1,Free_feed,Pellet,Left,0,0,508,0.0,0,FED
2020-07-23 16:30:03,9,3.77,2,Free_feed,Pellet,Left,0,0,509,17.0,0,FED
2020-07-23 18:27:58,9,3.77,1,Free_feed,Pellet,Left,0,0,510,43.0,0,FED
2020-07-23 18:28:20,9,3.77,1,Free_feed,Pellet,Left,0,0,511,7.0,0,FED
2020-07-23 18:28:38,9,3.77,1,Free_feed,Pellet,Left,0,0,512,14.0,0,FED
2020-07-23 18:28:56,9,3.76,2,Free_feed,Pellet,Left,0,0,513,14.0,0,FED
2020-07-23 18:29:10,9,3.77,1,Free_feed,Pellet,Left,0,0,514,12.0,0,FED
2020-07-23 18:29:29,9,3.76,1,Free_feed,Pellet,Left,0,0,515,16.0,0,FED
2020-07-23 18:30:16,9,3.77,1,Free_feed,Pellet,Left,0,0,516,44.0,0,FED
2020-07-23 18:30:35,9,3.76,2,Free_feed,Pellet,Left,0,0,517,14.0,0,FED
2020-07-23 18:34:29,9,3.77,1,Free_feed,Pellet,Left,0,0,518,0.0,0,FED
2020-07-23 18:34:44,9,3.77,1,Free_feed,Pellet,Left,0,0,519,13.0,0,FED
2020-07-23 19:58:39,9,3.76,1,Free_feed,Pellet,Left,0,0,520,11.0,0,FED
2020-07-23 19:59:02,9,3.76,1,Free_feed,Pellet,Left,0,0,521,20.0,0,FED
2020-07-23 19:59:21,9,3.76,1,Free_feed,Pellet,Left,0,0,522,16.0,0,FED
2020-07-23 19:59:40,9,3.76,2,Free_feed,Pellet,Left,0,0,523,14.0,0,FED
2020-07-23 20:00:04,9,3.76,2,Free_feed,Pellet,Left,0,0,524,19.0,0,FED
2020-07-23 20:00:22,9,3.76,2,Free_feed,Pellet,Left,0,0,525,14.0,0,FED
2020-07-23 20:53:18,9,3.76,1,Free_feed,Pellet,Left,0,0,526,0.0,0,FED
2020-07-23 20:53:34,9,3.76,2,Free_feed,Pellet,Left,0,0,527,11.0,0,FED
2020-07-23 21:06:49,9,3.76,1,Free_feed,Pellet,Left,0,0,528,38.0,0,FED
2020-07-23 21:10:18,9,3.76,1,Free_feed,Pellet,Left,0,0,529,12.0,0,FED
2020-07-23 21:10:26,9,3.76,3,Free_feed,Pellet,Left,0,0,530,2.0,0,FED
2020-07-23 21:10:43,9,3.76,1,Free_feed,Pellet,Left,0,0,531,14.0,0,FED
2020-07-23 21:10:54,9,3.76,1,Free_feed,Pellet,Left,0,0,532,8.0,0,FED
2020-07-23 21:11:12,9,3.76,1,Free_feed,Pellet,Left,0,0,533,15.0,0,FED
2020-07-23 21:11:21,9,3.76,1,Free_feed,Pellet,Left,0,0,534,5.0,0,FED
2020-07-23 21:11:39,9,3.76,2,Free_feed,Pellet,Left,0,0,535,14.0,0,FED
2020-07-23 21:11:52,9,3.76,2,Free_feed,Pellet,Left,0,0,536,9.0,0,FED
2020-07-23 21:12:09,9,3.76,1,Free_feed,Pellet,Left,0,0,537,14.0,0,FED
2020-07-23 21:12:26,9,3.76,1,Free_feed,Pellet,Left,0,0,538,14.0,0,FED
2020-07-23 21:12:45,9,3.76,1,Free_feed,Pellet,Left,0,0,539,16.0,0,FED
2020-07-23 21:13:05,9,3.76,2,Free_feed,Pellet,Left,0,0,540,15.0,0,FED
2020-07-23 21:13:21,9,3.76,1,Free_feed,Pellet,Left,0,0,541,13.0,0,FED
2020-07-23 21:13:31,9,3.76,1,Free_feed,Pellet,Left,0,0,542,7.0,0,FED
2020-07-23 21:13:47,9,3.76,2,Free_feed,Pellet,Left,0,0,543,11.0,0,FED
2020-07-23 21:14:10,9,3.76,1,Free_feed,Pellet,Left,0,0,544,20.0,0,FED
2020-07-23 21:14:28,9,3.76,1,Free_feed,Pellet,Left,0,0,545,15.0,0,FED
2020-07-23 21:14:49,9,3.76,2,Free_feed,Pellet,Left,0,0,546,16.0,0,FED
2020-07-23 21:15:10,9,3.76,1,Free_feed,Pellet,Left,0,0,547,18.0,0,FED
2020-07-23 21:15:33,9,3.76,2,Free_feed,Pellet,Left,0,0,548,17.0,0,FED
2020-07-23 21:16:00,9,3.76,2,Free_feed,Pellet,Left,0,0,549,22.0,0,FED
2020-07-23 21:16:29,9,3.76,2,Free_feed,Pellet,Left,0,0,550,24.0,0,FED
2020-07-23 22:26:58,9,3.76,1,Free_feed,Pellet,Left,0,0,551,56.0,0,FED
2020-07-23 22:32:14,9,3.76,2,Free_feed,Pellet,Left,0,0,552,0.0,0,FED
2020-07-23 22:32:29,9,3.76,1,Free_feed,Pellet,Left,0,0,553,12.0,0,FED
2020-07-23 22:32:56,9,3.76,2,Free_feed,Pellet,Left,0,0,554,22.0,0,FED
2020-07-23 22:33:09,9,3.76,3,Free_feed,Pellet,Left,0,0,555,6.0,0,FED
2020-07-23 22:33:24,9,3.76,1,Free_feed,Pellet,Left,0,0,556,12.0,0,FED
2020-07-23 23:02:44,9,3.76,1,Free_feed,Pellet,Left,0,0,557,2.0,0,FED
2020-07-23 23:02:56,9,3.76,1,Free_feed,Pellet,Left,0,0,558,9.0,0,FED
2020-07-23 23:03:13,9,3.76,1,Free_feed,Pellet,Left,0,0,559,14.0,0,FED
2020-07-23 23:03:28,9,3.76,1,Free_feed,Pellet,Left,0,0,560,12.0,0,FED
2020-07-23 23:03:45,9,3.76,1,Free_feed,Pellet,Left,0,0,561,14.0,0,FED
2020-07-23 23:03:58,9,3.76,1,Free_feed,Pellet,Left,0,0,562,10.0,0,FED
2020-07-23 23:04:18,9,3.76,1,Free_feed,Pellet,Left,0,0,563,17.0,0,FED
2020-07-23 23:04:31,9,3.76,1,Free_feed,Pellet,Left,0,0,564,11.0,0,FED
2020-07-23 23:04:48,9,3.76,2,Free_feed,Pellet,Left,0,0,565,13.0,0,FED
2020-07-23 23:05:06,9,3.76,1,Free_feed,Pellet,Left,0,0,566,15.0,0,FED
2020-07-23 23:05:24,9,3.76,1,Free_feed,Pellet,Left,0,0,567,16.0,0,FED
2020-07-23 23:18:23,9,3.76,3,Free_feed,Pellet,Left,0,0,568,0.0,0,FED
2020-07-23 23:18:37,9,3.76,1,Free_feed,Pellet,Left,0,0,569,11.0,0,FED
2020-07-23 23:18:51,9,3.75,1,Free_feed,Pellet,Left,0,0,570,12.0,0,FED
2020-07-23 23:19:03,9,3.75,1,Free_feed,Pellet,Left,0,0,571,9.0,0,FED
2020-07-23 23:19:20,9,3.76,1,Free_feed,Pellet,Left,0,0,572,14.0,0,FED
2020-07-23 23:19:34,9,3.75,1,Free_feed,Pellet,Left,0,0,573,11.0,0,FED
2020-07-23 23:19:51,9,3.76,1,Free_feed,Pellet,Left,0,0,574,14.0,0,FED
2020-07-23 23:20:09,9,3.76,1,Free_feed,Pellet,Left,0,0,575,15.0,0,FED
2020-07-23 23:20:25,9,3.76,1,Free_feed,Pellet,Left,0,0,576,14.0,0,FED
2020-07-23 23:20:44,9,3.75,1,Free_feed,Pellet,Left,0,0,577,16.0,0,FED
2020-07-23 23:21:04,9,3.76,1,Free_feed,Pellet,Left,0,0,578,18.0,0,FED
2020-07-23 23:21:25,9,3.75,2,Free_feed,Pellet,Left,0,0,579,15.0,0,FED
2020-07-23 23:21:40,9,3.75,2,Free_feed,Pellet,Left,0,0,580,10.0,0,FED
2020-07-23 23:22:01,9,3.75,2,Free_feed,Pellet,Left,0,0,581,17.0,0,FED
2020-07-23 23:22:23,9,3.75,1,Free_feed,Pellet,Left,0,0,582,19.0,0,FED
2020-07-24 00:52:44,9,3.75,1,Free_feed,Pellet,Left,0,0,583,2.0,0,FED
2020-07-24 00:53:13,9,3.75,1,Free_feed,Pellet,Left,0,0,584,27.0,0,FED
2020-07-24 00:57:51,9,3.76,2,Free_feed,Pellet,Left,0,0,585,0.0,0,FED
2020-07-24 00:58:04,9,3.75,3,Free_feed,Pellet,Left,0,0,586,6.0,0,FED
2020-07-24 00:58:17,9,3.75,1,Free_feed,Pellet,Left,0,0,587,11.0,0,FED
2020-07-24 00:58:31,9,3.75,1,Free_feed,Pellet,Left,0,0,588,11.0,0,FED
2020-07-24 00:58:43,9,3.75,1,Free_feed,Pellet,Left,0,0,589,9.0,0,FED
2020-07-24 00:59:01,9,3.75,1,Free_feed,Pellet,Left,0,0,590,15.0,0,FED
2020-07-24 01:04:39,9,3.75,2,Free_feed,Pellet,Left,0,0,591,0.0,0,FED
2020-07-24 01:20:29,9,3.75,1,Free_feed,Pellet,Left,0,0,592,0.0,0,FED
2020-07-24 01:20:55,9,3.75,1,Free_feed,Pellet,Left,0,0,593,23.0,0,FED
2020-07-24 01:21:00,9,3.75,1,Free_feed,Pellet,Left,0,0,594,2.0,0,FED
2020-07-24 01:21:13,9,3.74,1,Free_feed,Pellet,Left,0,0,595,10.0,0,FED
2020-07-24 01:21:28,9,3.75,2,Free_feed,Pellet,Left,0,0,596,10.0,0,FED
2020-07-24 01:21:43,9,3.75,2,Free_feed,Pellet,Left,0,0,597,9.0,0,FED
2020-07-24 01:22:02,9,3.74,1,Free_feed,Pellet,Left,0,0,598,17.0,0,FED
2020-07-24 01:22:18,9,3.75,1,Free_feed,Pellet,Left,0,0,599,13.0,0,FED
2020-07-24 01:22:22,9,3.75,1,Free_feed,Pellet,Left,0,0,600,1.0,0,FED
2020-07-24 01:22:33,9,3.75,1,Free_feed,Pellet,Left,0,0,601,8.0,0,FED
2020-07-24 01:22:54,9,3.75,1,Free_feed,Pellet,Left,0,0,602,18.0,0,FED
2020-07-24 01:23:11,9,3.75,2,Free_feed,Pellet,Left,0,0,603,12.0,0,FED
2020-07-24 01:23:30,9,3.74,1,Free_feed,Pellet,Left,0,0,604,16.0,0,FED
2020-07-24 01:23:48,9,3.75,1,Free_feed,Pellet,Left,0,0,605,15.0,0,FED
2020-07-24 01:24:07,9,3.75,1,Free_feed,Pellet,Left,0,0,606,16.0,0,FED
2020-07-24 01:24:23,9,3.75,1,Free_feed,Pellet,Left,0,0,607,14.0,0,FED
2020-07-24 01:50:56,9,3.75,1,Free_feed,Pellet,Left,0,0,608,0.0,0,FED
2020-07-24 01:51:13,9,3.75,3,Free_feed,Pellet,Left,0,0,609,10.0,0,FED
2020-07-24 01:51:25,9,3.75,1,Free_feed,Pellet,Left,0,0,610,10.0,0,FED
2020-07-24 01:51:39,9,3.74,2,Free_feed,Pellet,Left,0,0,611,10.0,0,FED
2020-07-24 01:51:54,9,3.74,1,Free_feed,Pellet,Left,0,0,612,12.0,0,FED
2020-07-24 01:52:08,9,3.74,1,Free_feed,Pellet,Left,0,0,613,11.0,0,FED
2020-07-24 01:52:24,9,3.75,1,Free_feed,Pellet,Left,0,0,614,14.0,0,FED
2020-07-24 02:47:49,9,3.75,1,Free_feed,Pellet,Left,0,0,615,0.0,0,FED
2020-07-24 02:50:07,9,3.75,1,Free_feed,Pellet,Left,0,0,616,0.0,0,FED
2020-07-24 02:50:31,9,3.74,1,Free_feed,Pellet,Left,0,0,617,21.0,0,FED
2020-07-24 02:50:50,9,3.74,1,Free_feed,Pellet,Left,0,0,618,16.0,0,FED
2020-07-24 02:51:03,9,3.74,1,Free_feed,Pellet,Left,0,0,619,11.0,0,FED
2020-07-24 02:51:22,9,3.75,1,Free_feed,Pellet,Left,0,0,620,16.0,0,FED
2020-07-24 02:51:37,9,3.74,1,Free_feed,Pellet,Left,0,0,621,12.0,0,FED
2020-07-24 02:51:53,9,3.74,1,Free_feed,Pellet,Left,0,0,622,13.0,0,FED
2020-07-24 02:52:09,9,3.74,1,Free_feed,Pellet,Left,0,0,623,13.0,0,FED
2020-07-24 02:52:26,9,3.74,1,Free_feed,Pellet,Left,0,0,624,14.0,0,FED
2020-07-24 02:52:43,9,3.74,3,Free_feed,Pellet,Left,0,0,625,10.0,0,FED
2020-07-24 02:53:02,9,3.74,2,Free_feed,Pellet,Left,0,0,626,14.0,0,FED
2020-07-24 07:39:30,9,3.74,1,Free_feed,Pellet,Left,0,0,627,33.0,0,FED
2020-07-24 07:39:34,9,3.73,1,Free_feed,Pellet,Left,0,0,628,2.0,0,FED
2020-07-24 07:39:46,9,3.74,1,Free_feed,Pellet,Left,0,0,629,10.0,0,FED
2020-07-24 07:40:03,9,3.73,1,Free_feed,Pellet,Left,0,0,630,14.0,0,FED
2020-07-24 07:40:12,9,3.73,1,Free_feed,Pellet,Left,0,0,631,7.0,0,FED
2020-07-24 07:40:29,9,3.73,1,Free_feed,Pellet,Left,0,0,632,14.0,0,FED
2020-07-24 07:40:45,9,3.73,2,Free_feed,Pellet,Left,0,0,633,12.0,0,FED
2020-07-24 07:41:04,9,3.73,1,Free_feed,Pellet,Left,0,0,634,15.0,0,FED
2020-07-24 07:41:20,9,3.73,1,Free_feed,Pellet,Left,0,0,635,13.0,0,FED
2020-07-24 07:41:39,9,3.73,2,Free_feed,Pellet,Left,0,0,636,14.0,0,FED
2020-07-24 07:41:55,9,3.73,1,Free_feed,Pellet,Left,0,0,637,13.0,0,FED
2020-07-24 07:42:14,9,3.73,1,Free_feed,Pellet,Left,0,0,638,16.0,0,FED
2020-07-24 07:42:36,9,3.73,1,Free_feed,Pellet,Left,0,0,639,19.0,0,FED
2020-07-24 07:42:53,9,3.73,2,Free_feed,Pellet,Left,0,0,640,12.0,0,FED
2020-07-24 07:43:14,9,3.73,1,Free_feed,Pellet,Left,0,0,641,18.0,0,FED
2020-07-24 07:43:34,9,3.73,2,Free_feed,Pellet,Left,0,0,642,15.0,0,FED
2020-07-24 07:43:55,9,3.73,3,Free_feed,Pellet,Left,0,0,643,13.0,0,FED
2020-07-24 07:47:24,9,3.73,1,Free_feed,Pellet,Left,0,0,644,0.0,0,FED
2020-07-24 08:09:03,9,3.73,1,Free_feed,Pellet,Left,0,0,645,1.0,0,FED
2020-07-24 08:09:25,9,3.73,2,Free_feed,Pellet,Left,0,0,646,18.0,0,FED
2020-07-24 08:09:48,9,3.73,1,Free_feed,Pellet,Left,0,0,647,21.0,0,FED
2020-07-24 08:10:00,9,3.73,1,Free_feed,Pellet,Left,0,0,648,9.0,0,FED
2020-07-24 08:10:18,9,3.73,1,Free_feed,Pellet,Left,0,0,649,15.0,0,FED
2020-07-24 08:10:44,9,3.73,1,Free_feed,Pellet,Left,0,0,650,23.0,0,FED
2020-07-24 08:11:01,9,3.73,1,Free_feed,Pellet,Left,0,0,651,15.0,0,FED
2020-07-24 08:11:20,9,3.73,1,Free_feed,Pellet,Left,0,0,652,17.0,0,FED
2020-07-24 08:11:41,9,3.73,1,Free_feed,Pellet,Left,0,0,653,18.0,0,FED
2020-07-24 08:12:00,9,3.73,1,Free_feed,Pellet,Left,0,0,654,16.0,0,FED
2020-07-24 08:12:22,9,3.73,2,Free_feed,Pellet,Left,0,0,655,16.0,0,FED
2020-07-24 08:12:53,9,3.73,1,Free_feed,Pellet,Left,0,0,656,29.0,0,FED
2020-07-24 08:13:18,9,3.73,2,Free_feed,Pellet,Left,0,0,657,21.0,0,FED
2020-07-24 08:22:53,9,3.73,2,Free_feed,Pellet,Left,0,0,658,0.0,0,FED
2020-07-24 10:16:45,9,3.73,1,Free_feed,Pellet,Left,0,0,659,0.0,0,FED
2020-07-24 10:32:16,9,3.73,1,Free_feed,Pellet,Left,0,0,660,0.0,0,FED
2020-07-24 10:32:40,9,3.73,1,Free_feed,Pellet,Left,0,0,661,20.0,0,FED
2020-07-24 10:32:51,9,3.73,1,Free_feed,Pellet,Left,0,0,662,8.0,0,FED
2020-07-24 10:33:07,9,3.73,1,Free_feed,Pellet,Left,0,0,663,14.0,0,FED
2020-07-24 10:33:25,9,3.73,2,Free_feed,Pellet,Left,0,0,664,12.0,0,FED
2020-07-24 10:33:46,9,3.73,1,Free_feed,Pellet,Left,0,0,665,18.0,0,FED
2020-07-24 10:33:59,9,3.73,1,Free_feed,Pellet,Left,0,0,666,11.0,0,FED
2020-07-24 11:17:46,9,3.73,1,Free_feed,Pellet,Left,0,0,667,0.0,0,FED
2020-07-24 11:17:51,9,3.72,1,Free_feed,Pellet,Left,0,0,668,3.0,0,FED
2020-07-24 11:18:38,9,3.72,1,Free_feed,Pellet,Left,0,0,669,45.0,0,FED
2020-07-24 11:18:59,9,3.73,3,Free_feed,Pellet,Left,0,0,670,14.0,0,FED
2020-07-24 11:19:18,9,3.72,2,Free_feed,Pellet,Left,0,0,671,14.0,0,FED
2020-07-24 11:19:39,9,3.72,1,Free_feed,Pellet,Left,0,0,672,18.0,0,FED
2020-07-24 11:20:00,9,3.72,1,Free_feed,Pellet,Left,0,0,673,18.0,0,FED
2020-07-24 11:20:32,9,3.73,1,Free_feed,Pellet,Left,0,0,674,29.0,0,FED
2020-07-24 11:20:47,9,3.72,2,Free_feed,Pellet,Left,0,0,675,10.0,0,FED
2020-07-24 11:21:05,9,3.72,1,Free_feed,Pellet,Left,0,0,676,16.0,0,FED
2020-07-24 11:21:27,9,3.73,2,Free_feed,Pellet,Left,0,0,677,18.0,0,FED
2020-07-24 11:21:46,9,3.72,1,Free_feed,Pellet,Left,0,0,678,16.0,0,FED
2020-07-24 11:22:08,9,3.73,1,Free_feed,Pellet,Left,0,0,679,19.0,0,FED
2020-07-24 11:22:27,9,3.72,1,Free_feed,Pellet,Left,0,0,680,17.0,0,FED
2020-07-24 11:22:56,9,3.73,1,Free_feed,Pellet,Left,0,0,681,26.0,0,FED
2020-07-24 11:23:12,9,3.71,2,Free_feed,Pellet,Left,0,0,682,12.0,0,FED
2020-07-24 14:00:55,9,3.72,1,Free_feed,Pellet,Left,0,0,683,0.0,0,FED
2020-07-24 14:01:11,9,3.71,1,Free_feed,Pellet,Left,0,0,684,13.0,0,FED
2020-07-24 14:01:15,9,3.71,1,Free_feed,Pellet,Left,0,0,685,1.0,0,FED
2020-07-24 14:01:28,9,3.71,1,Free_feed,Pellet,Left,0,0,686,11.0,0,FED
2020-07-24 14:01:42,9,3.71,1,Free_feed,Pellet,Left,0,0,687,11.0,0,FED
2020-07-24 14:07:23,9,3.71,1,Free_feed,Pellet,Left,0,0,688,0.0,0,FED
2020-07-24 14:07:36,9,3.71,1,Free_feed,Pellet,Left,0,0,689,10.0,0,FED
2020-07-24 14:07:48,9,3.71,1,Free_feed,Pellet,Left,0,0,690,9.0,0,FED
2020-07-24 14:08:24,9,3.72,1,Free_feed,Pellet,Left,0,0,691,33.0,0,FED
2020-07-24 16:29:23,9,3.71,1,Free_feed,Pellet,Left,0,0,692,0.0,0,FED
2020-07-24 16:29:36,9,3.71,1,Free_feed,Pellet,Left,0,0,693,10.0,0,FED
2020-07-24 16:31:39,9,3.71,1,Free_feed,Pellet,Left,0,0,694,0.0,0,FED
2020-07-24 16:31:56,9,3.71,2,Free_feed,Pellet,Left,0,0,695,12.0,0,FED
2020-07-24 16:32:17,9,3.7,1,Free_feed,Pellet,Left,0,0,696,18.0,0,FED
2020-07-24 16:32:37,9,3.71,1,Free_feed,Pellet,Left,0,0,697,17.0,0,FED
2020-07-24 16:33:05,9,3.7,1,Free_feed,Pellet,Left,0,0,698,24.0,0,FED
2020-07-24 16:33:25,9,3.71,1,Free_feed,Pellet,Left,0,0,699,18.0,0,FED
2020-07-24 16:33:33,9,3.7,2,Free_feed,Pellet,Left,0,0,700,3.0,0,FED
2020-07-24 16:33:59,9,3.71,1,Free_feed,Pellet,Left,0,0,701,24.0,0,FED
2020-07-24 16:34:18,9,3.71,1,Free_feed,Pellet,Left,0,0,702,16.0,0,FED
2020-07-24 16:34:40,9,3.71,1,Free_feed,Pellet,Left,0,0,703,19.0,0,FED
2020-07-24 16:57:06,9,3.71,1,Free_feed,Pellet,Left,0,0,704,0.0,0,FED
2020-07-24 16:57:21,9,3.7,1,Free_feed,Pellet,Left,0,0,705,12.0,0,FED
2020-07-24 16:57:37,9,3.71,1,Free_feed,Pellet,Left,0,0,706,13.0,0,FED
2020-07-24 16:57:54,9,3.69,1,Free_feed,Pellet,Left,0,0,707,14.0,0,FED
2020-07-24 16:58:13,9,3.7,3,Free_feed,Pellet,Left,0,0,708,11.0,0,FED
2020-07-24 16:58:30,9,3.7,1,Free_feed,Pellet,Left,0,0,709,14.0,0,FED
2020-07-24 16:58:46,9,3.7,1,Free_feed,Pellet,Left,0,0,710,14.0,0,FED
2020-07-24 16:59:03,9,3.7,2,Free_feed,Pellet,Left,0,0,711,12.0,0,FED
2020-07-24 16:59:22,9,3.71,3,Free_feed,Pellet,Left,0,0,712,14.0,0,FED
2020-07-24 16:59:38,9,3.71,1,Free_feed,Pellet,Left,0,0,713,13.0,0,FED
2020-07-24 16:59:41,9,3.71,1,Free_feed,Pellet,Left,0,0,714,0.0,0,FED
2020-07-24 16:59:55,9,3.71,1,Free_feed,Pellet,Left,0,0,715,11.0,0,FED
2020-07-24 17:00:17,9,3.71,1,Free_feed,Pellet,Left,0,0,716,19.0,0,FED
2020-07-24 17:00:32,9,3.71,1,Free_feed,Pellet,Left,0,0,717,12.0,0,FED
2020-07-24 19:58:51,9,3.69,1,Free_feed,Pellet,Left,0,0,718,0.0,0,FED
2020-07-24 20:00:23,9,3.69,2,Free_feed,Pellet,Left,0,0,719,88.0,0,FED
2020-07-24 20:00:32,9,3.7,1,Free_feed,Pellet,Left,0,0,720,7.0,0,FED
2020-07-24 20:00:51,9,3.69,1,Free_feed,Pellet,Left,0,0,721,17.0,0,FED
2020-07-24 20:01:06,9,3.69,1,Free_feed,Pellet,Left,0,0,722,10.0,0,FED
2020-07-24 20:01:20,9,3.69,1,Free_feed,Pellet,Left,0,0,723,11.0,0,FED
2020-07-24 20:01:32,9,3.69,1,Free_feed,Pellet,Left,0,0,724,10.0,0,FED
2020-07-24 20:01:48,9,3.69,2,Free_feed,Pellet,Left,0,0,725,11.0,0,FED
2020-07-24 20:02:04,9,3.7,1,Free_feed,Pellet,Left,0,0,726,13.0,0,FED
2020-07-24 20:02:19,9,3.69,1,Free_feed,Pellet,Left,0,0,727,12.0,0,FED
2020-07-24 20:02:35,9,3.69,1,Free_feed,Pellet,Left,0,0,728,14.0,0,FED
2020-07-24 20:02:54,9,3.7,1,Free_feed,Pellet,Left,0,0,729,16.0,0,FED
2020-07-24 20:03:13,9,3.69,1,Free_feed,Pellet,Left,0,0,730,17.0,0,FED
2020-07-24 20:03:50,9,3.69,3,Free_feed,Pellet,Left,0,0,731,31.0,0,FED
2020-07-24 20:03:58,9,3.69,1,Free_feed,Pellet,Left,0,0,732,5.0,0,FED
2020-07-24 21:57:25,9,3.69,1,Free_feed,Pellet,Left,0,0,733,0.0,0,FED
2020-07-24 21:57:38,9,3.69,2,Free_feed,Pellet,Left,0,0,734,8.0,0,FED
2020-07-24 21:57:55,9,3.68,1,Free_feed,Pellet,Left,0,0,735,14.0,0,FED
2020-07-24 22:00:09,9,3.69,1,Free_feed,Pellet,Left,0,0,736,0.0,0,FED
2020-07-24 22:37:07,9,3.69,1,Free_feed,Pellet,Left,0,0,737,0.0,0,FED
2020-07-24 22:37:10,9,3.69,1,Free_feed,Pellet,Left,0,0,738,0.0,0,FED
2020-07-24 22:37:22,9,3.69,2,Free_feed,Pellet,Left,0,0,739,7.0,0,FED
2020-07-24 22:37:50,9,3.68,1,Free_feed,Pellet,Left,0,0,740,25.0,0,FED
2020-07-24 22:38:06,9,3.68,1,Free_feed,Pellet,Left,0,0,741,13.0,0,FED
2020-07-24 22:38:24,9,3.68,1,Free_feed,Pellet,Left,0,0,742,16.0,0,FED
2020-07-24 22:38:39,9,3.68,2,Free_feed,Pellet,Left,0,0,743,11.0,0,FED
2020-07-24 22:38:58,9,3.68,1,Free_feed,Pellet,Left,0,0,744,16.0,0,FED
2020-07-24 22:39:15,9,3.68,1,Free_feed,Pellet,Left,0,0,745,14.0,0,FED
2020-07-24 22:39:32,9,3.68,1,Free_feed,Pellet,Left,0,0,746,15.0,0,FED
2020-07-24 22:39:52,9,3.68,1,Free_feed,Pellet,Left,0,0,747,17.0,0,FED
2020-07-24 22:40:06,9,3.68,1,Free_feed,Pellet,Left,0,0,748,11.0,0,FED
2020-07-24 22:40:26,9,3.68,1,Free_feed,Pellet,Left,0,0,749,17.0,0,FED
2020-07-24 22:40:45,9,3.68,1,Free_feed,Pellet,Left,0,0,750,16.0,0,FED
2020-07-24 23:24:34,9,3.68,1,Free_feed,Pellet,Left,0,0,751,0.0,0,FED
2020-07-24 23:35:14,9,3.68,1,Free_feed,Pellet,Left,0,0,752,0.0,0,FED
2020-07-24 23:35:50,9,3.68,1,Free_feed,Pellet,Left,0,0,753,13.0,0,FED
2020-07-24 23:36:03,9,3.68,2,Free_feed,Pellet,Left,0,0,754,9.0,0,FED
2020-07-24 23:36:21,9,3.67,2,Free_feed,Pellet,Left,0,0,755,15.0,0,FED
2020-07-24 23:36:57,9,3.68,1,Free_feed,Pellet,Left,0,0,756,33.0,0,FED
2020-07-25 00:05:37,9,3.67,2,Free_feed,Pellet,Left,0,0,757,0.0,0,FED
2020-07-25 00:08:49,9,3.67,1,Free_feed,Pellet,Left,0,0,758,0.0,0,FED
2020-07-25 00:10:00,9,3.67,1,Free_feed,Pellet,Left,0,0,759,69.0,0,FED
2020-07-25 00:10:10,9,3.67,1,Free_feed,Pellet,Left,0,0,760,8.0,0,FED
2020-07-25 00:10:24,9,3.68,2,Free_feed,Pellet,Left,0,0,761,9.0,0,FED
2020-07-25 00:10:36,9,3.67,1,Free_feed,Pellet,Left,0,0,762,9.0,0,FED
2020-07-25 00:10:52,9,3.67,1,Free_feed,Pellet,Left,0,0,763,13.0,0,FED
2020-07-25 00:11:05,9,3.68,1,Free_feed,Pellet,Left,0,0,764,10.0,0,FED
2020-07-25 00:11:22,9,3.67,2,Free_feed,Pellet,Left,0,0,765,13.0,0,FED
2020-07-25 00:11:37,9,3.67,2,Free_feed,Pellet,Left,0,0,766,10.0,0,FED
2020-07-25 00:11:54,9,3.68,1,Free_feed,Pellet,Left,0,0,767,14.0,0,FED
2020-07-25 00:12:12,9,3.67,1,Free_feed,Pellet,Left,0,0,768,15.0,0,FED
2020-07-25 00:12:32,9,3.67,1,Free_feed,Pellet,Left,0,0,769,17.0,0,FED
2020-07-25 00:12:47,9,3.67,1,Free_feed,Pellet,Left,0,0,770,12.0,0,FED
2020-07-25 00:13:05,9,3.67,1,Free_feed,Pellet,Left,0,0,771,15.0,0,FED
2020-07-25 00:13:22,9,3.67,1,Free_feed,Pellet,Left,0,0,772,14.0,0,FED
2020-07-25 00:14:01,9,3.67,1,Free_feed,Pellet,Left,0,0,773,36.0,0,FED
2020-07-25 01:13:58,9,3.68,2,Free_feed,Pellet,Left,0,0,774,0.0,0,FED
2020-07-25 01:25:59,9,3.67,1,Free_feed,Pellet,Left,0,0,775,0.0,0,FED
2020-07-25 01:26:17,9,3.67,1,Free_feed,Pellet,Left,0,0,776,15.0,0,FED
2020-07-25 01:26:35,9,3.67,1,Free_feed,Pellet,Left,0,0,777,15.0,0,FED
2020-07-25 01:26:50,9,3.67,1,Free_feed,Pellet,Left,0,0,778,12.0,0,FED
2020-07-25 01:27:10,9,3.67,1,Free_feed,Pellet,Left,0,0,779,17.0,0,FED
2020-07-25 01:27:29,9,3.67,1,Free_feed,Pellet,Left,0,0,780,16.0,0,FED
2020-07-25 01:27:44,9,3.67,2,Free_feed,Pellet,Left,0,0,781,10.0,0,FED
2020-07-25 01:28:00,9,3.67,1,Free_feed,Pellet,Left,0,0,782,14.0,0,FED
2020-07-25 01:28:16,9,3.67,1,Free_feed,Pellet,Left,0,0,783,13.0,0,FED
2020-07-25 01:28:33,9,3.67,1,Free_feed,Pellet,Left,0,0,784,14.0,0,FED
2020-07-25 01:28:50,9,3.67,1,Free_feed,Pellet,Left,0,0,785,14.0,0,FED
2020-07-25 01:29:05,9,3.67,1,Free_feed,Pellet,Left,0,0,786,12.0,0,FED
2020-07-25 01:29:27,9,3.68,1,Free_feed,Pellet,Left,0,0,787,19.0,0,FED
2020-07-25 01:29:48,9,3.67,2,Free_feed,Pellet,Left,0,0,788,16.0,0,FED
2020-07-25 01:30:08,9,3.67,1,Free_feed,Pellet,Left,0,0,789,18.0,0,FED
2020-07-25 01:30:28,9,3.67,1,Free_feed,Pellet,Left,0,0,790,18.0,0,FED
2020-07-25 02:08:11,9,3.67,1,Free_feed,Pellet,Left,0,0,791,0.0,0,FED
2020-07-25 02:20:53,9,3.67,1,Free_feed,Pellet,Left,0,0,792,0.0,0,FED
2020-07-25 02:31:13,9,3.67,1,Free_feed,Pellet,Left,0,0,793,0.0,0,FED
2020-07-25 02:31:31,9,3.67,1,Free_feed,Pellet,Left,0,0,794,15.0,0,FED
2020-07-25 02:31:42,9,3.67,2,Free_feed,Pellet,Left,0,0,795,6.0,0,FED
2020-07-25 02:31:57,9,3.67,1,Free_feed,Pellet,Left,0,0,796,11.0,0,FED
2020-07-25 02:32:07,9,3.66,2,Free_feed,Pellet,Left,0,0,797,6.0,0,FED
2020-07-25 02:32:25,9,3.67,1,Free_feed,Pellet,Left,0,0,798,15.0,0,FED
2020-07-25 02:32:39,9,3.67,1,Free_feed,Pellet,Left,0,0,799,11.0,0,FED
2020-07-25 02:32:51,9,3.67,2,Free_feed,Pellet,Left,0,0,800,7.0,0,FED
2020-07-25 02:33:09,9,3.67,1,Free_feed,Pellet,Left,0,0,801,15.0,0,FED
2020-07-25 02:33:26,9,3.67,1,Free_feed,Pellet,Left,0,0,802,14.0,0,FED
2020-07-25 02:33:43,9,3.67,1,Free_feed,Pellet,Left,0,0,803,15.0,0,FED
2020-07-25 02:33:55,9,3.67,1,Free_feed,Pellet,Left,0,0,804,9.0,0,FED
2020-07-25 02:34:17,9,3.67,1,Free_feed,Pellet,Left,0,0,805,20.0,0,FED
2020-07-25 05:14:25,9,3.67,1,Free_feed,Pellet,Left,0,0,806,0.0,0,FED
2020-07-25 05:14:55,9,3.66,1,Free_feed,Pellet,Left,0,0,807,28.0,0,FED
2020-07-25 05:15:08,9,3.67,1,Free_feed,Pellet,Left,0,0,808,10.0,0,FED
2020-07-25 05:15:24,9,3.66,1,Free_feed,Pellet,Left,0,0,809,14.0,0,FED
2020-07-25 05:15:46,9,3.66,1,Free_feed,Pellet,Left,0,0,810,19.0,0,FED
2020-07-25 05:16:04,9,3.66,1,Free_feed,Pellet,Left,0,0,811,15.0,0,FED
2020-07-25 05:16:21,9,3.66,1,Free_feed,Pellet,Left,0,0,812,14.0,0,FED
2020-07-25 05:16:36,9,3.66,3,Free_feed,Pellet,Left,0,0,813,8.0,0,FED
2020-07-25 05:16:54,9,3.65,1,Free_feed,Pellet,Left,0,0,814,15.0,0,FED
2020-07-25 05:17:12,9,3.66,1,Free_feed,Pellet,Left,0,0,815,15.0,0,FED
2020-07-25 05:17:26,9,3.65,1,Free_feed,Pellet,Left,0,0,816,11.0,0,FED
2020-07-25 05:17:43,9,3.65,1,Free_feed,Pellet,Left,0,0,817,14.0,0,FED
2020-07-25 05:18:05,9,3.66,1,Free_feed,Pellet,Left,0,0,818,19.0,0,FED
2020-07-25 05:18:28,9,3.65,1,Free_feed,Pellet,Left,0,0,819,21.0,0,FED
2020-07-25 08:50:13,9,3.65,2,Free_feed,Pellet,Left,0,0,820,0.0,0,FED
2020-07-25 08:50:35,9,3.65,1,Free_feed,Pellet,Left,0,0,821,19.0,0,FED
2020-07-25 08:50:53,9,3.65,1,Free_feed,Pellet,Left,0,0,822,15.0,0,FED
2020-07-25 08:51:08,9,3.65,1,Free_feed,Pellet,Left,0,0,823,13.0,0,FED
2020-07-25 08:51:27,9,3.65,1,Free_feed,Pellet,Left,0,0,824,16.0,0,FED
2020-07-25 08:51:45,9,3.65,1,Free_feed,Pellet,Left,0,0,825,15.0,0,FED
2020-07-25 08:52:02,9,3.65,1,Free_feed,Pellet,Left,0,0,826,14.0,0,FED
2020-07-25 08:52:21,9,3.65,1,Free_feed,Pellet,Left,0,0,827,16.0,0,FED
2020-07-25 08:53:52,9,3.65,1,Free_feed,Pellet,Left,0,0,828,88.0,0,FED
2020-07-25 09:13:29,9,3.65,1,Free_feed,Pellet,Left,0,0,829,0.0,0,FED
2020-07-25 09:13:44,9,3.64,2,Free_feed,Pellet,Left,0,0,830,11.0,0,FED
2020-07-25 09:27:03,9,3.65,1,Free_feed,Pellet,Left,0,0,831,0.0,0,FED
2020-07-25 09:27:58,9,3.65,1,Free_feed,Pellet,Left,0,0,832,52.0,0,FED
2020-07-25 11:12:23,9,3.65,1,Free_feed,Pellet,Left,0,0,833,0.0,0,FED
2020-07-25 11:12:42,9,3.64,1,Free_feed,Pellet,Left,0,0,834,16.0,0,FED
2020-07-25 11:12:59,9,3.64,1,Free_feed,Pellet,Left,0,0,835,14.0,0,FED
2020-07-25 11:13:17,9,3.64,1,Free_feed,Pellet,Left,0,0,836,15.0,0,FED
2020-07-25 11:13:37,9,3.64,1,Free_feed,Pellet,Left,0,0,837,17.0,0,FED
2020-07-25 11:13:55,9,3.64,1,Free_feed,Pellet,Left,0,0,838,15.0,0,FED
2020-07-25 11:14:15,9,3.64,1,Free_feed,Pellet,Left,0,0,839,17.0,0,FED
2020-07-25 11:14:36,9,3.64,1,Free_feed,Pellet,Left,0,0,840,18.0,0,FED
2020-07-25 11:14:56,9,3.64,2,Free_feed,Pellet,Left,0,0,841,16.0,0,FED
2020-07-25 11:15:17,9,3.65,1,Free_feed,Pellet,Left,0,0,842,18.0,0,FED
2020-07-25 11:15:34,9,3.64,1,Free_feed,Pellet,Left,0,0,843,14.0,0,FED
2020-07-25 11:16:04,9,3.64,1,Free_feed,Pellet,Left,0,0,844,28.0,0,FED
2020-07-25 11:16:23,9,3.64,1,Free_feed,Pellet,Left,0,0,845,17.0,0,FED
2020-07-25 11:16:40,9,3.64,1,Free_feed,Pellet,Left,0,0,846,14.0,0,FED
2020-07-25 11:17:04,9,3.64,2,Free_feed,Pellet,Left,0,0,847,19.0,0,FED
2020-07-25 11:21:17,9,3.64,1,Free_feed,Pellet,Left,0,0,848,0.0,0,FED
2020-07-25 13:31:10,9,3.64,1,Free_feed,Pellet,Left,0,0,849,0.0,0,FED
2020-07-25 13:59:59,9,3.63,2,Free_feed,Pellet,Left,0,0,850,17.0,0,FED
2020-07-25 14:00:20,9,3.63,1,Free_feed,Pellet,Left,0,0,851,18.0,0,FED
2020-07-25 14:00:25,9,3.64,1,Free_feed,Pellet,Left,0,0,852,2.0,0,FED
2020-07-25 14:00:39,9,3.64,2,Free_feed,Pellet,Left,0,0,853,9.0,0,FED
2020-07-25 14:00:53,9,3.63,3,Free_feed,Pellet,Left,0,0,854,7.0,0,FED
2020-07-25 14:01:06,9,3.63,5,Free_feed,Pellet,Left,0,0,855,3.0,0,FED
2020-07-25 14:01:20,9,3.63,1,Free_feed,Pellet,Left,0,0,856,11.0,0,FED
2020-07-25 14:01:38,9,3.63,3,Free_feed,Pellet,Left,0,0,857,13.0,0,FED
2020-07-25 14:01:54,9,3.63,2,Free_feed,Pellet,Left,0,0,858,13.0,0,FED
2020-07-25 14:02:25,9,3.63,1,Free_feed,Pellet,Left,0,0,859,13.0,0,FED
2020-07-25 14:02:38,9,3.64,1,Free_feed,Pellet,Left,0,0,860,11.0,0,FED
2020-07-25 14:20:21,9,3.63,1,Free_feed,Pellet,Left,0,0,861,0.0,0,FED
2020-07-25 16:05:38,9,3.63,1,Free_feed,Pellet,Left,0,0,862,0.0,0,FED
2020-07-25 16:19:50,9,3.63,1,Free_feed,Pellet,Left,0,0,863,24.0,0,FED
2020-07-25 16:20:07,9,3.63,1,Free_feed,Pellet,Left,0,0,864,14.0,0,FED
2020-07-25 16:20:32,9,3.62,1,Free_feed,Pellet,Left,0,0,865,22.0,0,FED
2020-07-25 16:20:50,9,3.62,2,Free_feed,Pellet,Left,0,0,866,14.0,0,FED
2020-07-25 16:21:08,9,3.62,1,Free_feed,Pellet,Left,0,0,867,15.0,0,FED
2020-07-25 16:21:41,9,3.63,1,Free_feed,Pellet,Left,0,0,868,31.0,0,FED
2020-07-25 16:22:15,9,3.62,1,Free_feed,Pellet,Left,0,0,869,31.0,0,FED
2020-07-25 18:35:20,9,3.62,1,Free_feed,Pellet,Left,0,0,870,0.0,0,FED
2020-07-25 18:35:36,9,3.62,2,Free_feed,Pellet,Left,0,0,871,12.0,0,FED
2020-07-25 18:35:53,9,3.62,1,Free_feed,Pellet,Left,0,0,872,15.0,0,FED
2020-07-25 18:36:11,9,3.62,2,Free_feed,Pellet,Left,0,0,873,14.0,0,FED
2020-07-25 18:36:38,9,3.62,1,Free_feed,Pellet,Left,0,0,874,24.0,0,FED
2020-07-25 18:36:57,9,3.62,1,Free_feed,Pellet,Left,0,0,875,16.0,0,FED
2020-07-25 18:37:39,9,3.62,1,Free_feed,Pellet,Left,0,0,876,40.0,0,FED
2020-07-25 18:37:47,9,3.62,2,Free_feed,Pellet,Left,0,0,877,4.0,0,FED
2020-07-25 18:40:35,9,3.62,1,Free_feed,Pellet,Left,0,0,878,95.0,0,FED
2020-07-25 18:40:50,9,3.62,2,Free_feed,Pellet,Left,0,0,879,10.0,0,FED
2020-07-25 18:41:07,9,3.62,1,Free_feed,Pellet,Left,0,0,880,14.0,0,FED
2020-07-25 18:41:23,9,3.62,1,Free_feed,Pellet,Left,0,0,881,13.0,0,FED
2020-07-25 18:41:41,9,3.62,1,Free_feed,Pellet,Left,0,0,882,16.0,0,FED
2020-07-25 18:42:03,9,3.62,1,Free_feed,Pellet,Left,0,0,883,19.0,0,FED
2020-07-25 18:42:20,9,3.62,1,Free_feed,Pellet,Left,0,0,884,14.0,0,FED
2020-07-25 20:25:20,9,3.62,1,Free_feed,Pellet,Left,0,0,885,3.0,0,FED
2020-07-25 20:25:35,9,3.62,2,Free_feed,Pellet,Left,0,0,886,11.0,0,FED
2020-07-25 20:25:49,9,3.62,1,Free_feed,Pellet,Left,0,0,887,12.0,0,FED
2020-07-25 20:26:04,9,3.62,1,Free_feed,Pellet,Left,0,0,888,12.0,0,FED
2020-07-25 20:26:20,9,3.61,2,Free_feed,Pellet,Left,0,0,889,11.0,0,FED
2020-07-25 20:26:34,9,3.62,1,Free_feed,Pellet,Left,0,0,890,12.0,0,FED
2020-07-25 20:26:50,9,3.62,1,Free_feed,Pellet,Left,0,0,891,13.0,0,FED
2020-07-25 20:27:07,9,3.61,1,Free_feed,Pellet,Left,0,0,892,14.0,0,FED
2020-07-25 20:27:24,9,3.62,1,Free_feed,Pellet,Left,0,0,893,14.0,0,FED
2020-07-25 20:27:43,9,3.62,2,Free_feed,Pellet,Left,0,0,894,15.0,0,FED
2020-07-25 20:28:04,9,3.62,1,Free_feed,Pellet,Left,0,0,895,18.0,0,FED
2020-07-25 20:28:52,9,3.6,3,Free_feed,Pellet,Left,0,0,896,28.0,0,FED
2020-07-25 20:29:17,9,3.61,2,Free_feed,Pellet,Left,0,0,897,19.0,0,FED
2020-07-25 20:29:33,9,3.61,1,Free_feed,Pellet,Left,0,0,898,14.0,0,FED
2020-07-25 22:04:20,9,3.61,1,Free_feed,Pellet,Left,0,0,899,0.0,0,FED
2020-07-25 22:04:30,9,3.61,2,Free_feed,Pellet,Left,0,0,900,6.0,0,FED
2020-07-25 22:04:44,9,3.61,1,Free_feed,Pellet,Left,0,0,901,10.0,0,FED
2020-07-25 22:04:59,9,3.61,1,Free_feed,Pellet,Left,0,0,902,12.0,0,FED
2020-07-25 22:05:14,9,3.61,2,Free_feed,Pellet,Left,0,0,903,10.0,0,FED
2020-07-25 22:05:31,9,3.61,1,Free_feed,Pellet,Left,0,0,904,15.0,0,FED
2020-07-25 22:05:42,9,3.61,1,Free_feed,Pellet,Left,0,0,905,8.0,0,FED
2020-07-25 22:05:58,9,3.6,2,Free_feed,Pellet,Left,0,0,906,12.0,0,FED
2020-07-25 22:06:16,9,3.61,1,Free_feed,Pellet,Left,0,0,907,15.0,0,FED
2020-07-25 22:06:35,9,3.6,2,Free_feed,Pellet,Left,0,0,908,14.0,0,FED
2020-07-25 22:06:50,9,3.61,1,Free_feed,Pellet,Left,0,0,909,12.0,0,FED
2020-07-25 22:07:11,9,3.61,1,Free_feed,Pellet,Left,0,0,910,18.0,0,FED
2020-07-25 22:07:30,9,3.61,1,Free_feed,Pellet,Left,0,0,911,16.0,0,FED
2020-07-25 22:07:53,9,3.61,1,Free_feed,Pellet,Left,0,0,912,20.0,0,FED
2020-07-25 22:29:34,9,3.6,1,Free_feed,Pellet,Left,0,0,913,0.0,0,FED
2020-07-25 22:29:55,9,3.61,1,Free_feed,Pellet,Left,0,0,914,18.0,0,FED
2020-07-25 22:30:05,9,3.61,1,Free_feed,Pellet,Left,0,0,915,7.0,0,FED
2020-07-25 22:30:21,9,3.61,1,Free_feed,Pellet,Left,0,0,916,13.0,0,FED
2020-07-25 22:30:33,9,3.6,3,Free_feed,Pellet,Left,0,0,917,6.0,0,FED
2020-07-25 22:30:50,9,3.6,1,Free_feed,Pellet,Left,0,0,918,13.0,0,FED
2020-07-25 22:31:04,9,3.61,2,Free_feed,Pellet,Left,0,0,919,10.0,0,FED
2020-07-25 22:31:23,9,3.6,1,Free_feed,Pellet,Left,0,0,920,16.0,0,FED
2020-07-25 22:31:39,9,3.61,1,Free_feed,Pellet,Left,0,0,921,13.0,0,FED
2020-07-25 22:31:54,9,3.6,1,Free_feed,Pellet,Left,0,0,922,12.0,0,FED
2020-07-25 22:32:18,9,3.61,1,Free_feed,Pellet,Left,0,0,923,21.0,0,FED
2020-07-25 22:32:33,9,3.61,1,Free_feed,Pellet,Left,0,0,924,13.0,0,FED
2020-07-25 22:32:52,9,3.61,2,Free_feed,Pellet,Left,0,0,925,13.0,0,FED
2020-07-25 22:33:09,9,3.6,2,Free_feed,Pellet,Left,0,0,926,13.0,0,FED
2020-07-25 23:58:58,9,3.6,1,Free_feed,Pellet,Left,0,0,927,16.0,0,FED
2020-07-25 23:59:26,9,3.6,1,Free_feed,Pellet,Left,0,0,928,25.0,0,FED
2020-07-25 23:59:40,9,3.6,1,Free_feed,Pellet,Left,0,0,929,11.0,0,FED
2020-07-25 23:59:53,9,3.6,1,Free_feed,Pellet,Left,0,0,930,10.0,0,FED
2020-07-26 00:00:04,9,3.61,1,Free_feed,Pellet,Left,0,0,931,8.0,0,FED
2020-07-26 00:00:18,9,3.6,2,Free_feed,Pellet,Left,0,0,932,10.0,0,FED
2020-07-26 00:00:37,9,3.6,1,Free_feed,Pellet,Left,0,0,933,16.0,0,FED
2020-07-26 00:00:53,9,3.6,1,Free_feed,Pellet,Left,0,0,934,13.0,0,FED
2020-07-26 00:01:07,9,3.6,1,Free_feed,Pellet,Left,0,0,935,12.0,0,FED
2020-07-26 00:01:24,9,3.6,1,Free_feed,Pellet,Left,0,0,936,14.0,0,FED
2020-07-26 00:01:43,9,3.6,1,Free_feed,Pellet,Left,0,0,937,17.0,0,FED
2020-07-26 00:01:59,9,3.6,1,Free_feed,Pellet,Left,0,0,938,13.0,0,FED
2020-07-26 00:02:15,9,3.6,2,Free_feed,Pellet,Left,0,0,939,12.0,0,FED
2020-07-26 00:02:32,9,3.6,1,Free_feed,Pellet,Left,0,0,940,14.0,0,FED
2020-07-26 00:02:59,9,3.6,1,Free_feed,Pellet,Left,0,0,941,24.0,0,FED
2020-07-26 00:03:18,9,3.6,1,Free_feed,Pellet,Left,0,0,942,16.0,0,FED
2020-07-26 00:03:38,9,3.6,1,Free_feed,Pellet,Left,0,0,943,17.0,0,FED
2020-07-26 00:03:53,9,3.6,1,Free_feed,Pellet,Left,0,0,944,12.0,0,FED
2020-07-26 00:04:12,9,3.6,2,Free_feed,Pellet,Left,0,0,945,14.0,0,FED
2020-07-26 00:04:30,9,3.6,1,Free_feed,Pellet,Left,0,0,946,15.0,0,FED
2020-07-26 00:04:53,9,3.6,1,Free_feed,Pellet,Left,0,0,947,20.0,0,FED
2020-07-26 00:05:12,9,3.6,1,Free_feed,Pellet,Left,0,0,948,16.0,0,FED
2020-07-26 01:21:11,9,3.6,1,Free_feed,Pellet,Left,0,0,949,0.0,0,FED
2020-07-26 01:25:58,9,3.6,1,Free_feed,Pellet,Left,0,0,950,13.0,0,FED
2020-07-26 01:26:11,9,3.6,1,Free_feed,Pellet,Left,0,0,951,11.0,0,FED
2020-07-26 01:26:28,9,3.6,2,Free_feed,Pellet,Left,0,0,952,12.0,0,FED
2020-07-26 01:26:41,9,3.6,1,Free_feed,Pellet,Left,0,0,953,11.0,0,FED
2020-07-26 01:26:54,9,3.6,1,Free_feed,Pellet,Left,0,0,954,10.0,0,FED
2020-07-26 01:27:08,9,3.6,1,Free_feed,Pellet,Left,0,0,955,11.0,0,FED
2020-07-26 01:27:21,9,3.6,1,Free_feed,Pellet,Left,0,0,956,10.0,0,FED
2020-07-26 01:27:38,9,3.6,1,Free_feed,Pellet,Left,0,0,957,14.0,0,FED
2020-07-26 01:27:52,9,3.6,1,Free_feed,Pellet,Left,0,0,958,11.0,0,FED
2020-07-26 01:28:10,9,3.6,2,Free_feed,Pellet,Left,0,0,959,14.0,0,FED
2020-07-26 01:28:27,9,3.6,1,Free_feed,Pellet,Left,0,0,960,14.0,0,FED
2020-07-26 01:28:48,9,3.6,1,Free_feed,Pellet,Left,0,0,961,18.0,0,FED
2020-07-26 01:29:00,9,3.6,1,Free_feed,Pellet,Left,0,0,962,8.0,0,FED
2020-07-26 01:29:12,9,3.6,1,Free_feed,Pellet,Left,0,0,963,10.0,0,FED
2020-07-26 01:29:25,9,3.6,3,Free_feed,Pellet,Left,0,0,964,6.0,0,FED
2020-07-26 01:29:42,9,3.6,1,Free_feed,Pellet,Left,0,0,965,15.0,0,FED
2020-07-26 01:30:05,9,3.6,1,Free_feed,Pellet,Left,0,0,966,20.0,0,FED
2020-07-26 01:42:56,9,3.6,1,Free_feed,Pellet,Left,0,0,967,0.0,0,FED
2020-07-26 02:02:50,9,3.6,1,Free_feed,Pellet,Left,0,0,968,0.0,0,FED
2020-07-26 04:30:01,9,3.59,1,Free_feed,Pellet,Left,0,0,969,13.0,0,FED
2020-07-26 04:30:16,9,3.59,2,Free_feed,Pellet,Left,0,0,970,10.0,0,FED
2020-07-26 04:30:30,9,3.59,1,Free_feed,Pellet,Left,0,0,971,11.0,0,FED
2020-07-26 04:30:45,9,3.59,1,Free_feed,Pellet,Left,0,0,972,12.0,0,FED
2020-07-26 04:31:03,9,3.6,1,Free_feed,Pellet,Left,0,0,973,15.0,0,FED
2020-07-26 04:31:19,9,3.59,3,Free_feed,Pellet,Left,0,0,974,9.0,0,FED
2020-07-26 04:31:36,9,3.59,3,Free_feed,Pellet,Left,0,0,975,10.0,0,FED
2020-07-26 04:31:52,9,3.6,1,Free_feed,Pellet,Left,0,0,976,13.0,0,FED
2020-07-26 04:32:13,9,3.59,1,Free_feed,Pellet,Left,0,0,977,18.0,0,FED
2020-07-26 04:32:31,9,3.59,1,Free_feed,Pellet,Left,0,0,978,16.0,0,FED
2020-07-26 04:32:50,9,3.59,1,Free_feed,Pellet,Left,0,0,979,16.0,0,FED
2020-07-26 04:33:09,9,3.59,1,Free_feed,Pellet,Left,0,0,980,16.0,0,FED
2020-07-26 04:33:27,9,3.59,1,Free_feed,Pellet,Left,0,0,981,15.0,0,FED
2020-07-26 04:33:48,9,3.59,1,Free_feed,Pellet,Left,0,0,982,17.0,0,FED
2020-07-26 04:34:07,9,3.59,1,Free_feed,Pellet,Left,0,0,983,17.0,0,FED
2020-07-26 04:34:26,9,3.59,1,Free_feed,Pellet,Left,0,0,984,17.0,0,FED
2020-07-26 04:34:56,9,3.58,1,Free_feed,Pellet,Left,0,0,985,27.0,0,FED
2020-07-26 04:35:22,9,3.6,1,Free_feed,Pellet,Left,0,0,986,23.0,0,FED
2020-07-26 06:38:33,9,3.59,1,Free_feed,Pellet,Left,0,0,987,0.0,0,FED
2020-07-26 06:39:26,9,3.58,1,Free_feed,Pellet,Left,0,0,988,51.0,0,FED
2020-07-26 06:39:44,9,3.59,2,Free_feed,Pellet,Left,0,0,989,13.0,0,FED
2020-07-26 06:40:32,9,3.58,1,Free_feed,Pellet,Left,0,0,990,44.0,0,FED
2020-07-26 06:40:53,9,3.58,1,Free_feed,Pellet,Left,0,0,991,18.0,0,FED
2020-07-26 06:41:19,9,3.58,2,Free_feed,Pellet,Left,0,0,992,20.0,0,FED
2020-07-26 06:41:32,9,3.58,1,Free_feed,Pellet,Left,0,0,993,11.0,0,FED
2020-07-26 06:41:52,9,3.58,2,Free_feed,Pellet,Left,0,0,994,16.0,0,FED
2020-07-26 06:42:10,9,3.58,1,Free_feed,Pellet,Left,0,0,995,15.0,0,FED
2020-07-26 06:42:42,9,3.58,1,Free_feed,Pellet,Left,0,0,996,29.0,0,FED
2020-07-26 06:43:05,9,3.59,1,Free_feed,Pellet,Left,0,0,997,19.0,0,FED
2020-07-26 06:43:24,9,3.58,1,Free_feed,Pellet,Left,0,0,998,17.0,0,FED
2020-07-26 06:43:45,9,3.59,1,Free_feed,Pellet,Left,0,0,999,18.0,0,FED
2020-07-26 07:11:21,9,3.59,1,Free_feed,Pellet,Left,0,0,1000,4.0,0,FED
2020-07-26 07:11:38,9,3.58,1,Free_feed,Pellet,Left,0,0,1001,14.0,0,FED
2020-07-26 07:13:02,9,3.58,2,Free_feed,Pellet,Left,0,0,1002,79.0,0,FED
2020-07-26 07:15:53,9,3.58,2,Free_feed,Pellet,Left,0,0,1003,17.0,0,FED
2020-07-26 07:16:20,9,3.58,1,Free_feed,Pellet,Left,0,0,1004,24.0,0,FED
2020-07-26 07:16:39,9,3.58,1,Free_feed,Pellet,Left,0,0,1005,16.0,0,FED
2020-07-26 07:16:51,9,3.59,1,Free_feed,Pellet,Left,0,0,1006,9.0,0,FED
2020-07-26 07:17:06,9,3.58,1,Free_feed,Pellet,Left,0,0,1007,12.0,0,FED
2020-07-26 10:27:53,9,3.58,1,Free_feed,Pellet,Left,0,0,1008,0.0,0,FED
2020-07-26 10:28:09,9,3.58,1,Free_feed,Pellet,Left,0,0,1009,13.0,0,FED
2020-07-26 10:28:22,9,3.58,1,Free_feed,Pellet,Left,0,0,1010,11.0,0,FED
2020-07-26 10:28:39,9,3.58,2,Free_feed,Pellet,Left,0,0,1011,12.0,0,FED
2020-07-26 10:28:54,9,3.57,1,Free_feed,Pellet,Left,0,0,1012,12.0,0,FED
2020-07-26 10:29:12,9,3.58,1,Free_feed,Pellet,Left,0,0,1013,15.0,0,FED
2020-07-26 10:29:32,9,3.58,1,Free_feed,Pellet,Left,0,0,1014,17.0,0,FED
2020-07-26 10:29:50,9,3.58,1,Free_feed,Pellet,Left,0,0,1015,15.0,0,FED
2020-07-26 10:30:07,9,3.57,1,Free_feed,Pellet,Left,0,0,1016,15.0,0,FED
2020-07-26 10:44:37,9,3.58,3,Free_feed,Pellet,Left,0,0,1017,0.0,0,FED
2020-07-26 11:37:06,9,3.57,1,Free_feed,Pellet,Left,0,0,1018,0.0,0,FED
2020-07-26 11:40:10,9,4.16,23,Free_feed,Pellet,Left,0,0,1019,115.0,0,FED
2020-07-26 11:43:36,9,4.13,2,Free_feed,Pellet,Left,0,0,1020,0.0,0,FED
2020-07-26 11:49:44,9,4.13,1,Free_feed,Pellet,Left,0,0,1021,0.0,0,FED
2020-07-26 11:53:25,9,4.13,3,Free_feed,Pellet,Left,0,0,1022,7.0,0,FED
2020-07-26 11:53:40,9,4.12,1,Free_feed,Pellet,Left,0,0,1023,13.0,0,FED
2020-07-26 11:53:54,9,4.13,1,Free_feed,Pellet,Left,0,0,1024,11.0,0,FED
2020-07-26 11:54:09,9,4.13,3,Free_feed,Pellet,Left,0,0,1025,11.0,0,FED
2020-07-26 11:54:23,9,4.13,1,Free_feed,Pellet,Left,0,0,1026,10.0,0,FED
2020-07-26 11:54:45,9,4.13,1,Free_feed,Pellet,Left,0,0,1027,20.0,0,FED
2020-07-26 11:54:58,9,4.13,1,Free_feed,Pellet,Left,0,0,1028,10.0,0,FED
2020-07-26 11:55:12,9,4.14,1,Free_feed,Pellet,Left,0,0,1029,11.0,0,FED
2020-07-26 11:55:24,9,4.13,1,Free_feed,Pellet,Left,0,0,1030,10.0,0,FED
2020-07-26 11:55:41,9,4.13,1,Free_feed,Pellet,Left,0,0,1031,14.0,0,FED
2020-07-26 11:55:57,9,4.13,1,Free_feed,Pellet,Left,0,0,1032,13.0,0,FED
2020-07-26 11:56:15,9,4.12,3,Free_feed,Pellet,Left,0,0,1033,12.0,0,FED
2020-07-26 11:56:35,9,4.13,1,Free_feed,Pellet,Left,0,0,1034,17.0,0,FED
2020-07-26 11:56:51,9,4.13,1,Free_feed,Pellet,Left,0,0,1035,12.0,0,FED
2020-07-26 14:16:31,9,4.13,1,Free_feed,Pellet,Left,0,0,1036,0.0,0,FED
2020-07-26 14:17:33,9,4.12,1,Free_feed,Pellet,Left,0,0,1037,59.0,0,FED
2020-07-26 14:17:50,9,4.12,2,Free_feed,Pellet,Left,0,0,1038,12.0,0,FED
2020-07-26 14:18:07,9,4.12,3,Free_feed,Pellet,Left,0,0,1039,11.0,0,FED
2020-07-26 14:18:10,9,4.12,1,Free_feed,Pellet,Left,0,0,1040,1.0,0,FED
2020-07-26 14:18:13,9,4.12,1,Free_feed,Pellet,Left,0,0,1041,1.0,0,FED
2020-07-26 14:18:22,9,4.12,4,Free_feed,Pellet,Left,0,0,1042,0.0,0,FED
2020-07-26 14:18:25,9,4.12,2,Free_feed,Pellet,Left,0,0,1043,0.0,0,FED
2020-07-26 14:18:29,9,4.12,1,Free_feed,Pellet,Left,0,0,1044,0.0,0,FED
2020-07-26 14:18:34,9,4.12,2,Free_feed,Pellet,Left,0,0,1045,0.0,0,FED
2020-07-26 14:18:38,9,4.12,1,Free_feed,Pellet,Left,0,0,1046,0.0,0,FED
2020-07-26 14:18:42,9,4.12,1,Free_feed,Pellet,Left,0,0,1047,1.0,0,FED
2020-07-26 14:18:50,9,4.12,3,Free_feed,Pellet,Left,0,0,1048,0.0,0,FED
2020-07-26 14:19:00,9,4.12,4,Free_feed,Pellet,Left,0,0,1049,0.0,0,FED
2020-07-26 14:19:34,9,4.12,20,Free_feed,Pellet,Left,0,0,1050,3.0,0,FED
2020-07-26 14:19:49,9,4.11,4,Free_feed,Pellet,Left,0,0,1051,6.0,0,FED
2020-07-26 14:20:03,9,4.12,2,Free_feed,Pellet,Left,0,0,1052,10.0,0,FED
2020-07-26 14:20:18,9,4.12,1,Free_feed,Pellet,Left,0,0,1053,13.0,0,FED
2020-07-26 14:20:41,9,4.11,1,Free_feed,Pellet,Left,0,0,1054,21.0,0,FED
2020-07-26 14:20:46,9,4.11,1,Free_feed,Pellet,Left,0,0,1055,2.0,0,FED
2020-07-26 14:20:59,9,4.12,1,Free_feed,Pellet,Left,0,0,1056,11.0,0,FED
2020-07-26 14:21:20,9,4.12,3,Free_feed,Pellet,Left,0,0,1057,15.0,0,FED
2020-07-26 14:21:44,9,4.12,1,Free_feed,Pellet,Left,0,0,1058,22.0,0,FED
2020-07-26 14:21:58,9,4.12,1,Free_feed,Pellet,Left,0,0,1059,11.0,0,FED
2020-07-26 14:22:17,9,4.12,2,Free_feed,Pellet,Left,0,0,1060,14.0,0,FED
2020-07-26 14:22:44,9,4.11,1,Free_feed,Pellet,Left,0,0,1061,24.0,0,FED
2020-07-26 14:23:02,9,4.12,2,Free_feed,Pellet,Left,0,0,1062,13.0,0,FED
2020-07-26 14:23:20,9,4.12,1,Free_feed,Pellet,Left,0,0,1063,15.0,0,FED
2020-07-26 14:23:43,9,4.11,1,Free_feed,Pellet,Left,0,0,1064,20.0,0,FED
2020-07-26 14:51:14,9,4.12,1,Free_feed,Pellet,Left,0,0,1065,0.0,0,FED
2020-07-26 14:51:35,9,4.12,1,Free_feed,Pellet,Left,0,0,1066,18.0,0,FED
2020-07-26 14:51:49,9,4.11,1,Free_feed,Pellet,Left,0,0,1067,11.0,0,FED
2020-07-26 14:52:09,9,4.11,2,Free_feed,Pellet,Left,0,0,1068,16.0,0,FED
2020-07-26 17:40:03,9,4.12,2,Free_feed,Pellet,Left,0,0,1069,0.0,0,FED
2020-07-26 17:40:24,9,4.11,1,Free_feed,Pellet,Left,0,0,1070,19.0,0,FED
2020-07-26 17:40:39,9,4.11,1,Free_feed,Pellet,Left,0,0,1071,13.0,0,FED
2020-07-26 17:40:57,9,4.11,1,Free_feed,Pellet,Left,0,0,1072,15.0,0,FED
2020-07-26 17:41:21,9,4.1,2,Free_feed,Pellet,Left,0,0,1073,20.0,0,FED
2020-07-26 17:41:42,9,4.11,6,Free_feed,Pellet,Left,0,0,1074,7.0,0,FED
2020-07-26 17:42:02,9,4.11,2,Free_feed,Pellet,Left,0,0,1075,15.0,0,FED
2020-07-26 17:42:21,9,4.1,1,Free_feed,Pellet,Left,0,0,1076,17.0,0,FED
2020-07-26 17:42:35,9,4.11,1,Free_feed,Pellet,Left,0,0,1077,11.0,0,FED
2020-07-26 18:14:14,9,4.11,1,Free_feed,Pellet,Left,0,0,1078,0.0,0,FED
2020-07-26 18:30:04,9,4.11,1,Free_feed,Pellet,Left,0,0,1079,0.0,0,FED
2020-07-26 18:30:27,9,4.1,3,Free_feed,Pellet,Left,0,0,1080,16.0,0,FED
2020-07-26 18:30:39,9,4.11,1,Free_feed,Pellet,Left,0,0,1081,9.0,0,FED
2020-07-26 18:30:58,9,4.1,2,Free_feed,Pellet,Left,0,0,1082,14.0,0,FED
2020-07-26 18:31:19,9,4.1,1,Free_feed,Pellet,Left,0,0,1083,19.0,0,FED
2020-07-26 18:31:45,9,4.11,1,Free_feed,Pellet,Left,0,0,1084,23.0,0,FED
2020-07-26 18:32:02,9,4.1,2,Free_feed,Pellet,Left,0,0,1085,12.0,0,FED
2020-07-26 18:32:24,9,4.11,1,Free_feed,Pellet,Left,0,0,1086,19.0,0,FED
2020-07-26 18:32:44,9,4.11,3,Free_feed,Pellet,Left,0,0,1087,13.0,0,FED
2020-07-26 18:33:06,9,4.11,1,Free_feed,Pellet,Left,0,0,1088,19.0,0,FED
2020-07-26 18:33:23,9,4.1,1,Free_feed,Pellet,Left,0,0,1089,14.0,0,FED
2020-07-26 18:33:44,9,4.11,1,Free_feed,Pellet,Left,0,0,1090,19.0,0,FED
2020-07-26 20:12:30,9,4.1,1,Free_feed,Pellet,Left,0,0,1091,104.0,0,FED
2020-07-26 20:14:19,9,4.11,2,Free_feed,Pellet,Left,0,0,1092,104.0,0,FED
2020-07-26 20:14:35,9,4.1,1,Free_feed,Pellet,Left,0,0,1093,14.0,0,FED
2020-07-26 20:14:41,9,4.11,1,Free_feed,Pellet,Left,0,0,1094,3.0,0,FED
2020-07-26 20:14:58,9,4.1,2,Free_feed,Pellet,Left,0,0,1095,13.0,0,FED
2020-07-26 20:15:16,9,4.09,2,Free_feed,Pellet,Left,0,0,1096,13.0,0,FED
2020-07-26 20:15:36,9,4.1,1,Free_feed,Pellet,Left,0,0,1097,17.0,0,FED
2020-07-26 20:16:04,9,4.1,2,Free_feed,Pellet,Left,0,0,1098,24.0,0,FED
2020-07-26 20:16:17,9,4.1,1,Free_feed,Pellet,Left,0,0,1099,11.0,0,FED
2020-07-26 20:16:38,9,4.1,1,Free_feed,Pellet,Left,0,0,1100,18.0,0,FED
2020-07-26 20:16:54,9,4.1,2,Free_feed,Pellet,Left,0,0,1101,11.0,0,FED
2020-07-26 20:17:02,9,4.09,1,Free_feed,Pellet,Left,0,0,1102,5.0,0,FED
2020-07-26 22:10:18,9,4.09,1,Free_feed,Pellet,Left,0,0,1103,0.0,0,FED
2020-07-26 22:27:27,9,4.09,1,Free_feed,Pellet,Left,0,0,1104,6.0,0,FED
2020-07-26 22:27:39,9,4.09,1,Free_feed,Pellet,Left,0,0,1105,9.0,0,FED
2020-07-26 22:27:56,9,4.09,1,Free_feed,Pellet,Left,0,0,1106,15.0,0,FED
2020-07-26 22:28:07,9,4.09,2,Free_feed,Pellet,Left,0,0,1107,7.0,0,FED
2020-07-26 22:28:21,9,4.09,1,Free_feed,Pellet,Left,0,0,1108,12.0,0,FED
2020-07-26 22:28:37,9,4.09,1,Free_feed,Pellet,Left,0,0,1109,12.0,0,FED
2020-07-26 22:28:52,9,4.09,3,Free_feed,Pellet,Left,0,0,1110,9.0,0,FED
2020-07-26 22:29:08,9,4.09,2,Free_feed,Pellet,Left,0,0,1111,12.0,0,FED
2020-07-26 22:29:24,9,4.09,1,Free_feed,Pellet,Left,0,0,1112,13.0,0,FED
2020-07-26 22:29:42,9,4.09,1,Free_feed,Pellet,Left,0,0,1113,15.0,0,FED
2020-07-26 22:30:08,9,4.09,1,Free_feed,Pellet,Left,0,0,1114,23.0,0,FED
2020-07-26 22:30:23,9,4.09,1,Free_feed,Pellet,Left,0,0,1115,13.0,0,FED
2020-07-26 22:30:47,9,4.09,1,Free_feed,Pellet,Left,0,0,1116,21.0,0,FED
2020-07-26 22:31:04,9,4.09,1,Free_feed,Pellet,Left,0,0,1117,14.0,0,FED
2020-07-26 22:31:19,9,4.09,1,Free_feed,Pellet,Left,0,0,1118,12.0,0,FED
2020-07-26 22:31:43,9,4.09,1,Free_feed,Pellet,Left,0,0,1119,21.0,0,FED
2020-07-26 22:32:05,9,4.09,1,Free_feed,Pellet,Left,0,0,1120,19.0,0,FED
2020-07-26 22:32:26,9,4.09,1,Free_feed,Pellet,Left,0,0,1121,18.0,0,FED
2020-07-27 00:07:09,9,4.09,1,Free_feed,Pellet,Left,0,0,1122,0.0,0,FED
2020-07-27 00:09:16,9,4.08,1,Free_feed,Pellet,Left,0,0,1123,0.0,0,FED
2020-07-27 00:09:30,9,4.08,1,Free_feed,Pellet,Left,0,0,1124,12.0,0,FED
2020-07-27 00:09:44,9,4.09,1,Free_feed,Pellet,Left,0,0,1125,11.0,0,FED
2020-07-27 00:10:02,9,4.09,1,Free_feed,Pellet,Left,0,0,1126,15.0,0,FED
2020-07-27 00:10:22,9,4.09,1,Free_feed,Pellet,Left,0,0,1127,18.0,0,FED
2020-07-27 00:10:36,9,4.08,2,Free_feed,Pellet,Left,0,0,1128,10.0,0,FED
2020-07-27 00:10:51,9,4.09,1,Free_feed,Pellet,Left,0,0,1129,12.0,0,FED
2020-07-27 00:11:09,9,4.09,1,Free_feed,Pellet,Left,0,0,1130,16.0,0,FED
2020-07-27 00:11:30,9,4.09,1,Free_feed,Pellet,Left,0,0,1131,17.0,0,FED
2020-07-27 00:11:48,9,4.09,1,Free_feed,Pellet,Left,0,0,1132,16.0,0,FED
2020-07-27 01:28:34,9,4.09,1,Free_feed,Pellet,Left,0,0,1133,0.0,0,FED
2020-07-27 01:29:26,9,4.08,2,Free_feed,Pellet,Left,0,0,1134,48.0,0,FED
2020-07-27 01:29:43,9,4.08,1,Free_feed,Pellet,Left,0,0,1135,13.0,0,FED
2020-07-27 01:29:52,9,4.09,1,Free_feed,Pellet,Left,0,0,1136,7.0,0,FED
2020-07-27 01:30:05,9,4.09,1,Free_feed,Pellet,Left,0,0,1137,10.0,0,FED
2020-07-27 01:30:18,9,4.08,1,Free_feed,Pellet,Left,0,0,1138,9.0,0,FED
2020-07-27 01:30:31,9,4.08,1,Free_feed,Pellet,Left,0,0,1139,11.0,0,FED
2020-07-27 01:30:43,9,4.08,1,Free_feed,Pellet,Left,0,0,1140,10.0,0,FED
2020-07-27 01:31:00,9,4.08,1,Free_feed,Pellet,Left,0,0,1141,14.0,0,FED
2020-07-27 01:31:17,9,4.08,1,Free_feed,Pellet,Left,0,0,1142,14.0,0,FED
2020-07-27 01:31:32,9,4.08,1,Free_feed,Pellet,Left,0,0,1143,13.0,0,FED
2020-07-27 01:31:48,9,4.08,1,Free_feed,Pellet,Left,0,0,1144,13.0,0,FED
2020-07-27 01:32:03,9,4.08,1,Free_feed,Pellet,Left,0,0,1145,12.0,0,FED
2020-07-27 01:32:20,9,4.08,1,Free_feed,Pellet,Left,0,0,1146,14.0,0,FED
2020-07-27 01:32:37,9,4.08,1,Free_feed,Pellet,Left,0,0,1147,14.0,0,FED
2020-07-27 01:32:56,9,4.08,1,Free_feed,Pellet,Left,0,0,1148,17.0,0,FED
2020-07-27 01:33:14,9,4.08,1,Free_feed,Pellet,Left,0,0,1149,15.0,0,FED
2020-07-27 02:18:09,9,4.09,1,Free_feed,Pellet,Left,0,0,1150,0.0,0,FED
2020-07-27 02:18:25,9,4.08,1,Free_feed,Pellet,Left,0,0,1151,13.0,0,FED
2020-07-27 02:18:40,9,4.08,1,Free_feed,Pellet,Left,0,0,1152,12.0,0,FED
2020-07-27 02:19:00,9,4.07,1,Free_feed,Pellet,Left,0,0,1153,18.0,0,FED
2020-07-27 02:19:18,9,4.08,1,Free_feed,Pellet,Left,0,0,1154,15.0,0,FED
2020-07-27 02:19:35,9,4.07,1,Free_feed,Pellet,Left,0,0,1155,14.0,0,FED
2020-07-27 02:19:45,9,4.08,1,Free_feed,Pellet,Left,0,0,1156,7.0,0,FED
2020-07-27 02:20:04,9,4.07,1,Free_feed,Pellet,Left,0,0,1157,15.0,0,FED
2020-07-27 02:20:16,9,4.07,1,Free_feed,Pellet,Left,0,0,1158,10.0,0,FED
2020-07-27 02:20:38,9,4.08,1,Free_feed,Pellet,Left,0,0,1159,19.0,0,FED
2020-07-27 02:20:53,9,4.07,1,Free_feed,Pellet,Left,0,0,1160,12.0,0,FED
2020-07-27 02:21:10,9,4.07,1,Free_feed,Pellet,Left,0,0,1161,14.0,0,FED
2020-07-27 04:41:24,9,4.08,1,Free_feed,Pellet,Left,0,0,1162,0.0,0,FED
2020-07-27 04:41:44,9,4.07,1,Free_feed,Pellet,Left,0,0,1163,17.0,0,FED
2020-07-27 04:42:00,9,4.07,1,Free_feed,Pellet,Left,0,0,1164,13.0,0,FED
2020-07-27 04:42:14,9,4.07,1,Free_feed,Pellet,Left,0,0,1165,11.0,0,FED
2020-07-27 04:42:30,9,4.07,1,Free_feed,Pellet,Left,0,0,1166,13.0,0,FED
2020-07-27 04:42:45,9,4.07,1,Free_feed,Pellet,Left,0,0,1167,12.0,0,FED
2020-07-27 04:43:03,9,4.07,1,Free_feed,Pellet,Left,0,0,1168,15.0,0,FED
2020-07-27 04:43:20,9,4.07,1,Free_feed,Pellet,Left,0,0,1169,14.0,0,FED
2020-07-27 04:43:36,9,4.07,2,Free_feed,Pellet,Left,0,0,1170,12.0,0,FED
2020-07-27 04:43:54,9,4.07,1,Free_feed,Pellet,Left,0,0,1171,15.0,0,FED
2020-07-27 04:44:13,9,4.07,1,Free_feed,Pellet,Left,0,0,1172,16.0,0,FED
2020-07-27 04:44:37,9,4.07,1,Free_feed,Pellet,Left,0,0,1173,21.0,0,FED
2020-07-27 04:44:54,9,4.07,1,Free_feed,Pellet,Left,0,0,1174,14.0,0,FED
2020-07-27 06:35:18,9,4.07,1,Free_feed,Pellet,Left,0,0,1175,0.0,0,FED
2020-07-27 07:34:53,9,4.07,2,Free_feed,Pellet,Left,0,0,1176,0.0,0,FED
2020-07-27 07:35:12,9,4.06,1,Free_feed,Pellet,Left,0,0,1177,16.0,0,FED
2020-07-27 07:35:28,9,4.07,1,Free_feed,Pellet,Left,0,0,1178,13.0,0,FED
2020-07-27 07:35:48,9,4.06,1,Free_feed,Pellet,Left,0,0,1179,17.0,0,FED
2020-07-27 07:36:04,9,4.07,1,Free_feed,Pellet,Left,0,0,1180,13.0,0,FED
2020-07-27 07:36:23,9,4.06,1,Free_feed,Pellet,Left,0,0,1181,15.0,0,FED
2020-07-27 07:36:38,9,4.06,3,Free_feed,Pellet,Left,0,0,1182,9.0,0,FED
2020-07-27 07:36:59,9,4.06,9,Free_feed,Pellet,Left,0,0,1183,2.0,0,FED
2020-07-27 09:06:43,9,4.06,1,Free_feed,Pellet,Left,0,0,1184,0.0,0,FED
2020-07-27 09:07:04,9,4.06,1,Free_feed,Pellet,Left,0,0,1185,18.0,0,FED
2020-07-27 09:07:11,9,4.05,1,Free_feed,Pellet,Left,0,0,1186,5.0,0,FED
2020-07-27 09:07:30,9,4.06,1,Free_feed,Pellet,Left,0,0,1187,16.0,0,FED
2020-07-27 09:07:44,9,4.05,1,Free_feed,Pellet,Left,0,0,1188,11.0,0,FED
2020-07-27 09:08:06,9,4.05,2,Free_feed,Pellet,Left,0,0,1189,16.0,0,FED
2020-07-27 09:08:24,9,4.06,1,Free_feed,Pellet,Left,0,0,1190,16.0,0,FED
2020-07-27 09:08:44,9,4.06,1,Free_feed,Pellet,Left,0,0,1191,17.0,0,FED
2020-07-27 09:09:56,9,4.06,1,Free_feed,Pellet,Left,0,0,1192,69.0,0,FED
2020-07-27 09:10:10,9,4.06,1,Free_feed,Pellet,Left,0,0,1193,11.0,0,FED
2020-07-27 10:51:58,9,4.05,1,Free_feed,Pellet,Left,0,0,1194,0.0,1,FED
2020-07-27 10:52:11,9,4.05,2,Free_feed,Pellet,Left,0,0,1195,9.0,1,FED
2020-07-27 10:52:32,9,4.05,1,Free_feed,Pellet,Left,0,0,1196,18.0,1,FED
2020-07-27 10:54:01,9,4.05,1,Free_feed,Pellet,Left,0,0,1197,86.0,1,FED
2020-07-27 10:54:14,9,4.05,1,Free_feed,Pellet,Left,0,0,1198,10.0,1,FED
2020-07-27 10:54:28,9,4.06,1,Free_feed,Pellet,Left,0,0,1199,12.0,1,FED
2020-07-27 10:54:48,9,4.06,2,Free_feed,Pellet,Left,0,0,1200,16.0,1,FED
2020-07-27 10:55:07,9,4.05,1,Free_feed,Pellet,Left,0,0,1201,16.0,1,FED
2020-07-27 10:55:23,9,4.05,1,Free_feed,Pellet,Left,0,0,1202,14.0,1,FED
2020-07-27 10:55:38,9,4.05,1,Free_feed,Pellet,Left,0,0,1203,12.0,1,FED
2020-07-27 10:55:55,9,4.06,1,Free_feed,Pellet,Left,0,0,1204,13.0,1,FED
2020-07-27 10:56:10,9,4.05,1,Free_feed,Pellet,Left,0,0,1205,13.0,1,FED
2020-07-27 10:56:30,9,4.05,1,Free_feed,Pellet,Left,0,0,1206,17.0,1,FED
2020-07-27 10:56:58,9,4.06,1,Free_feed,Pellet,Left,0,0,1207,25.0,1,FED
2020-07-27 10:57:13,9,4.05,1,Free_feed,Pellet,Left,0,0,1208,12.0,1,FED
2020-07-27 10:57:34,9,4.06,1,Free_feed,Pellet,Left,0,0,1209,19.0,1,FED
2020-07-27 10:57:58,9,4.05,1,Free_feed,Pellet,Left,0,0,1210,21.0,1,FED
2020-07-27 10:58:19,9,4.05,1,Free_feed,Pellet,Left,0,0,1211,19.0,1,FED
2020-07-27 10:58:36,9,4.05,1,Free_feed,Pellet,Left,0,0,1212,14.0,1,FED
2020-07-27 10:58:58,9,4.05,1,Free_feed,Pellet,Left,0,0,1213,19.0,1,FED
2020-07-27 13:40:39,9,4.05,1,Free_feed,Pellet,Left,0,0,1214,0.0,1,FED
2020-07-27 13:40:52,9,4.05,1,Free_feed,Pellet,Left,0,0,1215,11.0,1,FED
2020-07-27 13:41:11,9,4.05,1,Free_feed,Pellet,Left,0,0,1216,16.0,1,FED
2020-07-27 13:41:15,9,4.05,1,Free_feed,Pellet,Left,0,0,1217,1.0,1,FED
2020-07-27 13:41:30,9,4.05,1,Free_feed,Pellet,Left,0,0,1218,13.0,1,FED
2020-07-27 13:41:44,9,4.05,1,Free_feed,Pellet,Left,0,0,1219,11.0,1,FED
2020-07-27 13:42:02,9,4.05,1,Free_feed,Pellet,Left,0,0,1220,15.0,1,FED
2020-07-27 13:42:18,9,4.05,2,Free_feed,Pellet,Left,0,0,1221,12.0,1,FED
2020-07-27 13:42:34,9,4.05,3,Free_feed,Pellet,Left,0,0,1222,9.0,1,FED
2020-07-27 13:42:49,9,4.05,1,Free_feed,Pellet,Left,0,0,1223,12.0,1,FED
2020-07-27 13:43:08,9,4.05,1,Free_feed,Pellet,Left,0,0,1224,16.0,1,FED
2020-07-27 13:43:23,9,4.05,1,Free_feed,Pellet,Left,0,0,1225,12.0,1,FED
2020-07-27 13:43:40,9,4.05,1,Free_feed,Pellet,Left,0,0,1226,14.0,1,FED
2020-07-27 13:44:04,9,4.05,1,Free_feed,Pellet,Left,0,0,1227,22.0,1,FED
2020-07-27 13:51:04,9,4.05,1,Free_feed,Pellet,Left,0,0,1228,0.0,1,FED
2020-07-27 13:51:18,9,4.05,2,Free_feed,Pellet,Left,0,0,1229,10.0,1,FED
2020-07-27 13:51:35,9,4.05,1,Free_feed,Pellet,Left,0,0,1230,14.0,1,FED
2020-07-27 13:51:51,9,4.05,1,Free_feed,Pellet,Left,0,0,1231,14.0,1,FED
2020-07-27 13:52:08,9,4.05,2,Free_feed,Pellet,Left,0,0,1232,12.0,1,FED
2020-07-27 13:52:24,9,4.05,1,Free_feed,Pellet,Left,0,0,1233,13.0,1,FED
