MM:DD:YYYY hh:mm:ss,Library_Version,Session_type,Device_Number,Battery_Voltage,Motor_Turns,FR,Event,Active_Poke,Left_Poke_Count,Right_Poke_Count,Pellet_Count,Block_Pellet_Count,Retrieval_Time,InterPelletInterval,Poke_Time
3/29/2023 10:35:42,1.14.0,Free_feed,7,4.09,nan,1,RightWithPellet,Left,0,1,0,0,nan,nan,0.39
3/29/2023 10:36:40,1.14.0,Free_feed,7,4.09,nan,1,LeftWithPellet,Left,1,1,0,0,nan,nan,0.02
3/29/2023 10:36:43,1.14.0,Free_feed,7,4.09,nan,1,LeftWithPellet,Left,2,1,0,0,nan,nan,0.23
3/29/2023 10:36:52,1.14.0,Free_feed,7,4.09,nan,1,LeftWithPellet,Left,3,1,0,0,nan,nan,0.04
3/29/2023 10:37:14,1.14.0,Free_feed,7,4.09,nan,1,LeftWithPellet,Left,4,1,0,0,nan,nan,0.21
3/29/2023 10:38:39,1.14.0,Free_feed,7,4.09,33,1,Pellet,Left,4,1,1,0,Timed_out,nan,nan
3/29/2023 10:38:40,1.14.0,Free_feed,7,4.09,1,1,Pellet,Left,4,1,2,0,0.06,2,nan
3/29/2023 10:39:06,1.14.0,Free_feed,7,4.09,2,1,Pellet,Left,4,1,3,0,17.36,26,nan
3/29/2023 10:40:04,1.14.0,Free_feed,7,4.09,nan,1,LeftWithPellet,Left,5,1,3,0,nan,nan,0.01
3/29/2023 10:40:06,1.14.0,Free_feed,7,4.09,nan,1,LeftWithPellet,Left,6,1,3,0,nan,nan,0.72
3/29/2023 10:40:07,1.14.0,Free_feed,7,4.09,nan,1,LeftWithPellet,Left,7,1,3,0,nan,nan,0.60
3/29/2023 10:40:07,1.14.0,Free_feed,7,4.09,nan,1,LeftWithPellet,Left,8,1,3,0,nan,nan,0.35
3/29/2023 10:40:08,1.14.0,Free_feed,7,4.09,nan,1,LeftWithPellet,Left,9,1,3,0,nan,nan,0.83
3/29/2023 10:40:09,1.14.0,Free_feed,7,4.09,nan,1,LeftWithPellet,Left,10,1,3,0,nan,nan,0.10
3/29/2023 10:40:09,1.14.0,Free_feed,7,4.09,nan,1,LeftWithPellet,Left,11,1,3,0,nan,nan,0.04
3/29/2023 10:40:18,1.14.0,Free_feed,7,4.09,nan,1,RightWithPellet,Left,11,2,3,0,nan,nan,0.31
3/29/2023 10:40:25,1.14.0,Free_feed,7,4.09,nan,1,RightWithPellet,Left,11,3,3,0,nan,nan,0.02
3/29/2023 10:42:28,1.14.0,Free_feed,7,4.09,nan,1,RightWithPellet,Left,11,4,3,0,nan,nan,0.07
3/29/2023 10:42:30,1.14.0,Free_feed,7,4.09,nan,1,RightWithPellet,Left,11,5,3,0,nan,nan,0.49
3/29/2023 10:42:32,1.14.0,Free_feed,7,4.09,nan,1,RightWithPellet,Left,11,6,3,0,nan,nan,0.61
3/29/2023 10:42:33,1.14.0,Free_feed,7,4.09,nan,1,RightWithPellet,Left,11,7,3,0,nan,nan,0.21
3/29/2023 10:42:34,1.14.0,Free_feed,7,4.09,nan,1,RightWithPellet,Left,11,8,3,0,nan,nan,0.01
3/29/2023 10:42:37,1.14.0,Free_feed,7,4.09,nan,1,RightWithPellet,Left,11,9,3,0,nan,nan,0.15
3/29/2023 10:44:46,1.14.0,Free_feed,7,4.09,nan,1,RightWithPellet,Left,11,10,3,0,nan,nan,0.04
3/29/2023 10:44:49,1.14.0,Free_feed,7,4.09,nan,1,LeftWithPellet,Left,12,10,3,0,nan,nan,0.06
3/29/2023 10:45:51,1.14.0,Free_feed,7,4.09,nan,1,LeftWithPellet,Left,13,10,3,0,nan,nan,0.05
3/29/2023 10:46:45,1.14.0,Free_feed,7,4.09,nan,1,RightWithPellet,Left,13,11,3,0,nan,nan,0.34
3/29/2023 10:46:51,1.14.0,Free_feed,7,4.09,1,1,Pellet,Left,13,11,4,0,Timed_out,465,nan
3/29/2023 10:47:06,1.14.0,Free_feed,7,4.09,1,1,Pellet,Left,13,11,5,0,7.96,15,nan
3/29/2023 10:47:13,1.14.0,Free_feed,7,4.09,2,1,Pellet,Left,13,11,6,0,2.01,7,nan
3/29/2023 10:47:23,1.14.0,Free_feed,7,4.09,2,1,Pellet,Left,13,11,7,0,3.12,10,nan
3/29/2023 10:47:27,1.14.0,Free_feed,7,4.09,nan,1,LeftWithPellet,Left,14,11,7,0,nan,nan,0.06
3/29/2023 10:47:56,1.14.0,Free_feed,7,4.09,nan,1,RightWithPellet,Left,14,12,7,0,nan,nan,0.09
3/29/2023 10:48:56,1.14.0,Free_feed,7,4.09,nan,1,RightWithPellet,Left,14,13,7,0,nan,nan,0.13
3/29/2023 10:53:13,1.14.0,Free_feed,7,4.09,nan,1,LeftWithPellet,Left,15,13,7,0,nan,nan,0.08
3/29/2023 10:53:45,1.14.0,Free_feed,7,4.09,nan,1,RightWithPellet,Left,15,14,7,0,nan,nan,0.16
3/29/2023 10:53:48,1.14.0,Free_feed,7,4.09,nan,1,RightWithPellet,Left,15,15,7,0,nan,nan,0.17
3/29/2023 10:53:56,1.14.0,Free_feed,7,4.09,nan,1,RightWithPellet,Left,15,16,7,0,nan,nan,0.35
3/29/2023 10:56:41,1.14.0,Free_feed,7,4.09,nan,1,RightWithPellet,Left,15,17,7,0,nan,nan,0.13
3/29/2023 10:56:42,1.14.0,Free_feed,7,4.09,nan,1,RightWithPellet,Left,15,18,7,0,nan,nan,0.24
3/29/2023 10:57:45,1.14.0,Free_feed,7,4.09,nan,1,LeftWithPellet,Left,16,18,7,0,nan,nan,0.18
3/29/2023 10:58:02,1.14.0,Free_feed,7,4.09,nan,1,RightWithPellet,Left,16,19,7,0,nan,nan,0.18
3/29/2023 10:58:06,1.14.0,Free_feed,7,4.09,nan,1,RightWithPellet,Left,16,20,7,0,nan,nan,0.01
3/29/2023 10:58:16,1.14.0,Free_feed,7,4.09,nan,1,LeftWithPellet,Left,17,20,7,0,nan,nan,0.03
3/29/2023 10:58:17,1.14.0,Free_feed,7,4.09,nan,1,LeftWithPellet,Left,18,20,7,0,nan,nan,0.04
3/29/2023 10:58:18,1.14.0,Free_feed,7,4.09,nan,1,LeftWithPellet,Left,19,20,7,0,nan,nan,0.27
3/29/2023 10:58:19,1.14.0,Free_feed,7,4.09,nan,1,LeftWithPellet,Left,20,20,7,0,nan,nan,0.17
3/29/2023 10:58:20,1.14.0,Free_feed,7,4.09,nan,1,LeftWithPellet,Left,21,20,7,0,nan,nan,0.11
3/29/2023 10:58:22,1.14.0,Free_feed,7,4.09,nan,1,LeftWithPellet,Left,22,20,7,0,nan,nan,0.76
3/29/2023 10:58:24,1.14.0,Free_feed,7,4.09,nan,1,LeftWithPellet,Left,23,20,7,0,nan,nan,0.66
3/29/2023 10:58:25,1.14.0,Free_feed,7,4.09,nan,1,LeftWithPellet,Left,24,20,7,0,nan,nan,0.79
3/29/2023 10:58:27,1.14.0,Free_feed,7,4.09,nan,1,LeftWithPellet,Left,25,20,7,0,nan,nan,0.40
3/29/2023 10:58:28,1.14.0,Free_feed,7,4.09,nan,1,LeftWithPellet,Left,26,20,7,0,nan,nan,0.18
3/29/2023 10:58:29,1.14.0,Free_feed,7,4.09,nan,1,LeftWithPellet,Left,27,20,7,0,nan,nan,0.05
3/29/2023 10:58:30,1.14.0,Free_feed,7,4.09,nan,1,LeftWithPellet,Left,28,20,7,0,nan,nan,0.01
3/29/2023 10:58:31,1.14.0,Free_feed,7,4.09,nan,1,LeftWithPellet,Left,29,20,7,0,nan,nan,0.16
3/29/2023 10:58:35,1.14.0,Free_feed,7,4.09,nan,1,LeftWithPellet,Left,30,20,7,0,nan,nan,0.10
3/29/2023 10:58:44,1.14.0,Free_feed,7,4.09,nan,1,RightWithPellet,Left,30,21,7,0,nan,nan,0.14
3/29/2023 10:58:51,1.14.0,Free_feed,7,4.09,nan,1,LeftWithPellet,Left,31,21,7,0,nan,nan,0.23
3/29/2023 10:58:54,1.14.0,Free_feed,7,4.09,nan,1,LeftWithPellet,Left,32,21,7,0,nan,nan,0.01
3/29/2023 11:02:37,1.14.0,Free_feed,7,4.09,nan,1,RightWithPellet,Left,32,22,7,0,nan,nan,0.16
3/29/2023 11:02:43,1.14.0,Free_feed,7,4.09,1,1,Pellet,Left,32,22,8,0,Timed_out,920,nan
3/29/2023 11:02:49,1.14.0,Free_feed,7,4.09,nan,1,LeftWithPellet,Left,33,22,8,0,nan,nan,0.18
3/29/2023 11:02:53,1.14.0,Free_feed,7,4.09,1,1,Pellet,Left,33,22,9,0,4.75,10,nan
3/29/2023 11:03:40,1.14.0,Free_feed,7,4.08,2,1,Pellet,Left,33,22,10,0,37.60,46,nan
3/29/2023 11:03:47,1.14.0,Free_feed,7,4.09,nan,1,RightWithPellet,Left,33,23,10,0,nan,nan,0.15
3/29/2023 11:04:00,1.14.0,Free_feed,7,4.09,1,1,Pellet,Left,33,23,11,0,16.45,21,nan
3/29/2023 11:04:01,1.14.0,Free_feed,7,4.09,1,1,Pellet,Left,33,23,12,0,0.06,1,nan
3/29/2023 11:04:13,1.14.0,Free_feed,7,4.09,1,1,Pellet,Left,33,23,13,0,5.08,12,nan
3/29/2023 11:04:26,1.14.0,Free_feed,7,4.09,nan,1,RightWithPellet,Left,33,24,13,0,nan,nan,0.03
3/29/2023 11:04:32,1.14.0,Free_feed,7,4.09,nan,1,LeftWithPellet,Left,34,24,13,0,nan,nan,0.09
3/29/2023 11:04:32,1.14.0,Free_feed,7,4.09,nan,1,LeftWithPellet,Left,35,24,13,0,nan,nan,0.00
3/29/2023 11:04:33,1.14.0,Free_feed,7,4.09,nan,1,LeftWithPellet,Left,36,24,13,0,nan,nan,0.15
3/29/2023 11:04:33,1.14.0,Free_feed,7,4.09,nan,1,LeftWithPellet,Left,37,24,13,0,nan,nan,0.30
3/29/2023 11:04:34,1.14.0,Free_feed,7,4.09,nan,1,LeftWithPellet,Left,38,24,13,0,nan,nan,0.54
3/29/2023 11:04:35,1.14.0,Free_feed,7,4.09,nan,1,LeftWithPellet,Left,39,24,13,0,nan,nan,0.35
3/29/2023 11:05:18,1.14.0,Free_feed,7,4.09,1,1,Pellet,Left,39,24,14,0,57.66,65,nan
3/29/2023 11:05:21,1.14.0,Free_feed,7,4.09,nan,1,RightWithPellet,Left,39,25,14,0,nan,nan,0.47
3/29/2023 11:05:21,1.14.0,Free_feed,7,4.09,nan,1,RightWithPellet,Left,39,26,14,0,nan,nan,0.14
3/29/2023 11:05:28,1.14.0,Free_feed,7,4.09,nan,1,RightWithPellet,Left,39,27,14,0,nan,nan,0.00
3/29/2023 11:05:28,1.14.0,Free_feed,7,4.09,nan,1,RightWithPellet,Left,39,28,14,0,nan,nan,0.03
3/29/2023 11:05:30,1.14.0,Free_feed,7,4.09,nan,1,RightWithPellet,Left,39,29,14,0,nan,nan,0.11
3/29/2023 11:05:30,1.14.0,Free_feed,7,4.09,nan,1,RightWithPellet,Left,39,30,14,0,nan,nan,0.05
3/29/2023 11:05:37,1.14.0,Free_feed,7,4.08,nan,1,RightWithPellet,Left,39,31,14,0,nan,nan,0.10
3/29/2023 11:05:37,1.14.0,Free_feed,7,4.09,nan,1,RightWithPellet,Left,39,32,14,0,nan,nan,0.03
3/29/2023 11:05:38,1.14.0,Free_feed,7,4.09,nan,1,RightWithPellet,Left,39,33,14,0,nan,nan,0.23
3/29/2023 11:05:39,1.14.0,Free_feed,7,4.09,nan,1,RightWithPellet,Left,39,34,14,0,nan,nan,0.05
3/29/2023 11:05:41,1.14.0,Free_feed,7,4.09,nan,1,RightWithPellet,Left,39,35,14,0,nan,nan,0.33
3/29/2023 11:06:13,1.14.0,Free_feed,7,4.09,nan,1,LeftWithPellet,Left,40,35,14,0,nan,nan,0.05
3/29/2023 11:06:14,1.14.0,Free_feed,7,4.09,nan,1,LeftWithPellet,Left,41,35,14,0,nan,nan,0.27
3/29/2023 11:06:21,1.14.0,Free_feed,7,4.09,nan,1,LeftWithPellet,Left,42,35,14,0,nan,nan,0.08
3/29/2023 11:06:24,1.14.0,Free_feed,7,4.09,nan,1,LeftWithPellet,Left,43,35,14,0,nan,nan,0.11
3/29/2023 11:06:27,1.14.0,Free_feed,7,4.09,nan,1,LeftWithPellet,Left,44,35,14,0,nan,nan,0.56
3/29/2023 11:06:28,1.14.0,Free_feed,7,4.09,nan,1,LeftWithPellet,Left,45,35,14,0,nan,nan,0.02
3/29/2023 11:06:29,1.14.0,Free_feed,7,4.09,nan,1,LeftWithPellet,Left,46,35,14,0,nan,nan,0.15
3/29/2023 11:06:32,1.14.0,Free_feed,7,4.09,nan,1,LeftWithPellet,Left,47,35,14,0,nan,nan,0.08
3/29/2023 11:06:33,1.14.0,Free_feed,7,4.09,nan,1,LeftWithPellet,Left,48,35,14,0,nan,nan,0.01
3/29/2023 11:06:34,1.14.0,Free_feed,7,4.09,nan,1,LeftWithPellet,Left,49,35,14,0,nan,nan,0.09
3/29/2023 11:06:34,1.14.0,Free_feed,7,4.09,nan,1,LeftWithPellet,Left,50,35,14,0,nan,nan,0.03
3/29/2023 11:06:40,1.14.0,Free_feed,7,4.09,nan,1,LeftWithPellet,Left,51,35,14,0,nan,nan,0.21
3/29/2023 11:06:43,1.14.0,Free_feed,7,4.09,nan,1,LeftWithPellet,Left,52,35,14,0,nan,nan,0.01
3/29/2023 11:06:46,1.14.0,Free_feed,7,4.09,nan,1,LeftWithPellet,Left,53,35,14,0,nan,nan,0.43
3/29/2023 11:06:51,1.14.0,Free_feed,7,4.09,nan,1,LeftWithPellet,Left,54,35,14,0,nan,nan,1.29
3/29/2023 11:06:54,1.14.0,Free_feed,7,4.09,nan,1,LeftWithPellet,Left,55,35,14,0,nan,nan,0.03
3/29/2023 11:06:59,1.14.0,Free_feed,7,4.09,1,1,Pellet,Left,55,35,15,0,Timed_out,101,nan
3/29/2023 11:07:03,1.14.0,Free_feed,7,4.09,nan,1,RightWithPellet,Left,55,36,15,0,nan,nan,0.45
3/29/2023 11:07:04,1.14.0,Free_feed,7,4.09,nan,1,RightWithPellet,Left,55,37,15,0,nan,nan,0.89
3/29/2023 11:07:05,1.14.0,Free_feed,7,4.09,nan,1,RightWithPellet,Left,55,38,15,0,nan,nan,0.08
3/29/2023 11:07:19,1.14.0,Free_feed,7,4.09,nan,1,RightWithPellet,Left,55,39,15,0,nan,nan,0.04
3/29/2023 11:07:23,1.14.0,Free_feed,7,4.09,nan,1,RightWithPellet,Left,55,40,15,0,nan,nan,0.02
3/29/2023 11:10:40,1.14.0,Free_feed,7,4.09,nan,1,RightWithPellet,Left,55,41,15,0,nan,nan,0.15
3/29/2023 11:10:42,1.14.0,Free_feed,7,4.09,nan,1,RightWithPellet,Left,55,42,15,0,nan,nan,0.37
3/29/2023 11:10:43,1.14.0,Free_feed,7,4.09,nan,1,RightWithPellet,Left,55,43,15,0,nan,nan,0.06
3/29/2023 11:10:45,1.14.0,Free_feed,7,4.09,nan,1,RightWithPellet,Left,55,44,15,0,nan,nan,0.00
3/29/2023 11:11:02,1.14.0,Free_feed,7,4.09,nan,1,RightWithPellet,Left,55,45,15,0,nan,nan,0.23
3/29/2023 11:12:08,1.14.0,Free_feed,7,4.09,nan,1,RightWithPellet,Left,55,46,15,0,nan,nan,0.06
3/29/2023 11:12:32,1.14.0,Free_feed,7,4.09,nan,1,LeftWithPellet,Left,56,46,15,0,nan,nan,0.00
3/29/2023 11:14:57,1.14.0,Free_feed,7,4.09,nan,1,LeftWithPellet,Left,57,46,15,0,nan,nan,0.18
3/29/2023 11:16:51,1.14.0,Free_feed,7,4.09,nan,1,LeftWithPellet,Left,58,46,15,0,nan,nan,0.04
3/29/2023 11:17:03,1.14.0,Free_feed,7,4.09,nan,1,LeftWithPellet,Left,59,46,15,0,nan,nan,0.30
3/29/2023 11:17:05,1.14.0,Free_feed,7,4.09,nan,1,LeftWithPellet,Left,60,46,15,0,nan,nan,0.06
3/29/2023 11:17:09,1.14.0,Free_feed,7,4.09,nan,1,RightWithPellet,Left,60,47,15,0,nan,nan,0.02
3/29/2023 11:17:32,1.14.0,Free_feed,7,4.09,nan,1,RightWithPellet,Left,60,48,15,0,nan,nan,0.66
3/29/2023 11:19:15,1.14.0,Free_feed,7,4.09,nan,1,LeftWithPellet,Left,61,48,15,0,nan,nan,0.35
3/29/2023 11:19:20,1.14.0,Free_feed,7,4.09,1,1,Pellet,Left,61,48,16,0,Timed_out,741,nan
3/29/2023 11:19:33,1.14.0,Free_feed,7,4.09,1,1,Pellet,Left,61,48,17,0,8.14,13,nan
3/29/2023 11:19:44,1.14.0,Free_feed,7,4.09,nan,1,RightWithPellet,Left,61,49,17,0,nan,nan,0.05
3/29/2023 11:20:05,1.14.0,Free_feed,7,4.09,1,1,Pellet,Left,61,49,18,0,30.01,32,nan
3/29/2023 11:20:21,1.14.0,Free_feed,7,4.09,nan,1,LeftWithPellet,Left,62,49,18,0,nan,nan,0.18
3/29/2023 11:20:23,1.14.0,Free_feed,7,4.09,nan,1,RightWithPellet,Left,62,50,18,0,nan,nan,0.03
3/29/2023 11:20:27,1.14.0,Free_feed,7,4.09,nan,1,LeftWithPellet,Left,63,50,18,0,nan,nan,0.32
3/29/2023 11:20:30,1.14.0,Free_feed,7,4.09,2,1,Pellet,Left,63,50,19,0,18.19,25,nan
3/29/2023 11:20:32,1.14.0,Free_feed,7,4.09,1,1,Pellet,Left,63,50,20,0,0.06,2,nan
3/29/2023 11:23:02,1.14.0,Free_feed,7,4.09,nan,1,RightWithPellet,Left,63,51,20,0,nan,nan,0.12
3/29/2023 11:23:11,1.14.0,Free_feed,7,4.09,nan,1,LeftWithPellet,Left,64,51,20,0,nan,nan,0.20
3/29/2023 11:23:16,1.14.0,Free_feed,7,4.09,nan,1,RightWithPellet,Left,64,52,20,0,nan,nan,0.05
3/29/2023 11:23:29,1.14.0,Free_feed,7,4.09,1,1,Pellet,Left,64,52,21,0,Timed_out,177,nan
3/29/2023 11:23:46,1.14.0,Free_feed,7,4.09,nan,1,LeftWithPellet,Left,65,52,21,0,nan,nan,0.62
3/29/2023 11:24:51,1.14.0,Free_feed,7,4.09,nan,1,RightWithPellet,Left,65,53,21,0,nan,nan,0.01
3/29/2023 11:26:59,1.14.0,Free_feed,7,4.09,nan,1,RightWithPellet,Left,65,54,21,0,nan,nan,0.08
3/29/2023 11:28:59,1.14.0,Free_feed,7,4.09,nan,1,LeftWithPellet,Left,66,54,21,0,nan,nan,0.54
3/29/2023 11:29:18,1.14.0,Free_feed,7,4.09,nan,1,LeftWithPellet,Left,67,54,21,0,nan,nan,0.51
3/29/2023 11:30:18,1.14.0,Free_feed,7,4.09,nan,1,RightWithPellet,Left,67,55,21,0,nan,nan,0.11
3/29/2023 11:30:22,1.14.0,Free_feed,7,4.09,nan,1,LeftWithPellet,Left,68,55,21,0,nan,nan,0.02
3/29/2023 11:32:30,1.14.0,Free_feed,7,4.09,nan,1,LeftWithPellet,Left,69,55,21,0,nan,nan,0.13
3/29/2023 11:32:31,1.14.0,Free_feed,7,4.09,nan,1,LeftWithPellet,Left,70,55,21,0,nan,nan,0.33
3/29/2023 11:32:35,1.14.0,Free_feed,7,4.09,1,1,Pellet,Left,70,55,22,0,Timed_out,545,nan
3/29/2023 11:32:40,1.14.0,Free_feed,7,4.09,nan,1,RightWithPellet,Left,70,56,22,0,nan,nan,0.15
3/29/2023 11:32:44,1.14.0,Free_feed,7,4.08,nan,1,RightWithPellet,Left,70,57,22,0,nan,nan,0.15
3/29/2023 11:32:44,1.14.0,Free_feed,7,4.09,nan,1,RightWithPellet,Left,70,58,22,0,nan,nan,0.16
3/29/2023 11:32:45,1.14.0,Free_feed,7,4.09,nan,1,RightWithPellet,Left,70,59,22,0,nan,nan,0.15
3/29/2023 11:32:53,1.14.0,Free_feed,7,4.09,nan,1,LeftWithPellet,Left,71,59,22,0,nan,nan,0.07
3/29/2023 11:33:47,1.14.0,Free_feed,7,4.09,nan,1,LeftWithPellet,Left,72,59,22,0,nan,nan,0.15
3/29/2023 11:33:59,1.14.0,Free_feed,7,4.09,nan,1,RightWithPellet,Left,72,60,22,0,nan,nan,0.01
3/29/2023 11:34:01,1.14.0,Free_feed,7,4.09,nan,1,RightWithPellet,Left,72,61,22,0,nan,nan,0.47
3/29/2023 11:34:07,1.14.0,Free_feed,7,4.09,1,1,Pellet,Left,72,61,23,0,Timed_out,93,nan
3/29/2023 11:34:19,1.14.0,Free_feed,7,4.09,1,1,Pellet,Left,72,61,24,0,8.27,12,nan
3/29/2023 11:34:21,1.14.0,Free_feed,7,4.09,1,1,Pellet,Left,72,61,25,0,0.06,1,nan
3/29/2023 11:35:04,1.14.0,Free_feed,7,4.09,nan,1,LeftWithPellet,Left,73,61,25,0,nan,nan,0.71
3/29/2023 11:35:13,1.14.0,Free_feed,7,4.08,nan,1,LeftWithPellet,Left,74,61,25,0,nan,nan,0.12
3/29/2023 11:35:14,1.14.0,Free_feed,7,4.09,nan,1,LeftWithPellet,Left,75,61,25,0,nan,nan,0.34
3/29/2023 11:35:21,1.14.0,Free_feed,7,4.09,1,1,Pellet,Left,75,61,26,0,53.29,61,nan
3/29/2023 11:35:23,1.14.0,Free_feed,7,4.09,1,1,Pellet,Left,75,61,27,0,0.12,2,nan
3/29/2023 11:35:53,1.14.0,Free_feed,7,4.09,nan,1,RightWithPellet,Left,75,62,27,0,nan,nan,0.61
3/29/2023 11:36:43,1.14.0,Free_feed,7,4.09,nan,1,LeftWithPellet,Left,76,62,27,0,nan,nan,0.14
3/29/2023 11:36:44,1.14.0,Free_feed,7,4.09,nan,1,LeftWithPellet,Left,77,62,27,0,nan,nan,0.22
3/29/2023 11:36:47,1.14.0,Free_feed,7,4.09,nan,1,LeftWithPellet,Left,78,62,27,0,nan,nan,0.11
3/29/2023 11:36:52,1.14.0,Free_feed,7,4.09,nan,1,LeftWithPellet,Left,79,62,27,0,nan,nan,0.15
3/29/2023 11:36:55,1.14.0,Free_feed,7,4.09,nan,1,LeftWithPellet,Left,80,62,27,0,nan,nan,0.02
3/29/2023 11:37:15,1.14.0,Free_feed,7,4.08,nan,1,RightWithPellet,Left,80,63,27,0,nan,nan,0.12
3/29/2023 11:37:22,1.14.0,Free_feed,7,4.09,nan,1,RightWithPellet,Left,80,64,27,0,nan,nan,0.04
3/29/2023 11:38:14,1.14.0,Free_feed,7,4.08,nan,1,RightWithPellet,Left,80,65,27,0,nan,nan,0.20
3/29/2023 11:40:15,1.14.0,Free_feed,7,4.08,nan,1,LeftWithPellet,Left,81,65,27,0,nan,nan,0.02
3/29/2023 11:43:08,1.14.0,Free_feed,7,4.09,nan,1,RightWithPellet,Left,81,66,27,0,nan,nan,0.03
3/29/2023 11:43:21,1.14.0,Free_feed,7,4.09,nan,1,LeftWithPellet,Left,82,66,27,0,nan,nan,0.01
3/29/2023 11:43:24,1.14.0,Free_feed,7,4.08,nan,1,LeftWithPellet,Left,83,66,27,0,nan,nan,0.06
3/29/2023 11:43:27,1.14.0,Free_feed,7,4.09,nan,1,LeftWithPellet,Left,84,66,27,0,nan,nan,0.12
3/29/2023 11:43:29,1.14.0,Free_feed,7,4.09,1,1,Pellet,Left,84,66,28,0,Timed_out,486,nan
3/29/2023 11:44:26,1.14.0,Free_feed,7,4.09,nan,1,RightWithPellet,Left,84,67,28,0,nan,nan,0.13
3/29/2023 11:44:41,1.14.0,Free_feed,7,4.09,nan,1,RightWithPellet,Left,84,68,28,0,nan,nan,0.07
3/29/2023 11:46:33,1.14.0,Free_feed,7,4.09,nan,1,LeftWithPellet,Left,85,68,28,0,nan,nan,0.24
3/29/2023 11:46:49,1.14.0,Free_feed,7,4.09,nan,1,LeftWithPellet,Left,86,68,28,0,nan,nan,0.16
3/29/2023 11:48:15,1.14.0,Free_feed,7,4.09,nan,1,LeftWithPellet,Left,87,68,28,0,nan,nan,0.39
3/29/2023 11:48:21,1.14.0,Free_feed,7,4.09,nan,1,LeftWithPellet,Left,88,68,28,0,nan,nan,0.15
3/29/2023 11:48:28,1.14.0,Free_feed,7,4.09,2,1,Pellet,Left,88,68,29,0,Timed_out,299,nan
3/29/2023 11:50:09,1.14.0,Free_feed,7,4.09,nan,1,RightWithPellet,Left,88,69,29,0,nan,nan,0.33
3/29/2023 11:50:17,1.14.0,Free_feed,7,4.09,nan,1,RightWithPellet,Left,88,70,29,0,nan,nan,0.28
3/29/2023 11:52:01,1.14.0,Free_feed,7,4.09,nan,1,LeftWithPellet,Left,89,70,29,0,nan,nan,0.04
3/29/2023 11:52:02,1.14.0,Free_feed,7,4.09,nan,1,LeftWithPellet,Left,90,70,29,0,nan,nan,0.05
3/29/2023 11:52:06,1.14.0,Free_feed,7,4.09,nan,1,RightWithPellet,Left,90,71,29,0,nan,nan,0.73
3/29/2023 11:52:09,1.14.0,Free_feed,7,4.09,nan,1,RightWithPellet,Left,90,72,29,0,nan,nan,0.14
3/29/2023 11:53:15,1.14.0,Free_feed,7,4.08,nan,1,RightWithPellet,Left,90,73,29,0,nan,nan,0.31
3/29/2023 11:53:54,1.14.0,Free_feed,7,4.09,1,1,Pellet,Left,90,73,30,0,Timed_out,326,nan
3/29/2023 11:54:01,1.14.0,Free_feed,7,4.08,2,1,Pellet,Left,90,73,31,0,0.18,7,nan
3/29/2023 11:56:11,1.14.0,Free_feed,7,4.09,nan,1,RightWithPellet,Left,90,74,31,0,nan,nan,0.15
3/29/2023 11:56:15,1.14.0,Free_feed,7,4.09,nan,1,RightWithPellet,Left,90,75,31,0,nan,nan,0.42
3/29/2023 11:56:16,1.14.0,Free_feed,7,4.09,nan,1,RightWithPellet,Left,90,76,31,0,nan,nan,0.40
3/29/2023 11:56:19,1.14.0,Free_feed,7,4.09,nan,1,RightWithPellet,Left,90,77,31,0,nan,nan,0.54
3/29/2023 11:56:21,1.14.0,Free_feed,7,4.08,nan,1,RightWithPellet,Left,90,78,31,0,nan,nan,0.11
3/29/2023 11:56:22,1.14.0,Free_feed,7,4.08,nan,1,RightWithPellet,Left,90,79,31,0,nan,nan,0.05
3/29/2023 11:56:24,1.14.0,Free_feed,7,4.08,nan,1,RightWithPellet,Left,90,80,31,0,nan,nan,0.29
3/29/2023 11:56:26,1.14.0,Free_feed,7,4.09,nan,1,RightWithPellet,Left,90,81,31,0,nan,nan,1.40
3/29/2023 11:56:30,1.14.0,Free_feed,7,4.09,nan,1,RightWithPellet,Left,90,82,31,0,nan,nan,0.28
3/29/2023 11:56:31,1.14.0,Free_feed,7,4.08,nan,1,RightWithPellet,Left,90,83,31,0,nan,nan,0.27
3/29/2023 11:57:18,1.14.0,Free_feed,7,4.09,nan,1,LeftWithPellet,Left,91,83,31,0,nan,nan,0.15
3/29/2023 11:57:19,1.14.0,Free_feed,7,4.09,1,1,Pellet,Left,91,83,32,0,Timed_out,198,nan
3/29/2023 11:57:21,1.14.0,Free_feed,7,4.09,1,1,Pellet,Left,91,83,33,0,0.06,2,nan
3/29/2023 11:58:46,1.14.0,Free_feed,7,4.09,nan,1,RightWithPellet,Left,91,84,33,0,nan,nan,0.37
3/29/2023 11:58:46,1.14.0,Free_feed,7,4.09,nan,1,RightWithPellet,Left,91,85,33,0,nan,nan,0.08
3/29/2023 11:58:51,1.14.0,Free_feed,7,4.09,nan,1,RightWithPellet,Left,91,86,33,0,nan,nan,0.30
3/29/2023 11:58:52,1.14.0,Free_feed,7,4.09,nan,1,RightWithPellet,Left,91,87,33,0,nan,nan,0.01
3/29/2023 11:58:53,1.14.0,Free_feed,7,4.09,nan,1,RightWithPellet,Left,91,88,33,0,nan,nan,0.05
3/29/2023 11:59:02,1.14.0,Free_feed,7,4.09,nan,1,RightWithPellet,Left,91,89,33,0,nan,nan,0.02
3/29/2023 11:59:05,1.14.0,Free_feed,7,4.09,nan,1,RightWithPellet,Left,91,90,33,0,nan,nan,0.12
3/29/2023 11:59:21,1.14.0,Free_feed,7,4.08,nan,1,LeftWithPellet,Left,92,90,33,0,nan,nan,0.01
3/29/2023 12:00:00,1.14.0,Free_feed,7,4.09,nan,1,RightWithPellet,Left,92,91,33,0,nan,nan,0.11
3/29/2023 12:01:22,1.14.0,Free_feed,7,4.09,nan,1,RightWithPellet,Left,92,92,33,0,nan,nan,0.29
3/29/2023 12:01:23,1.14.0,Free_feed,7,4.09,nan,1,RightWithPellet,Left,92,93,33,0,nan,nan,0.31
3/29/2023 12:02:22,1.14.0,Free_feed,7,4.09,nan,1,RightWithPellet,Left,92,94,33,0,nan,nan,0.79
3/29/2023 12:02:38,1.14.0,Free_feed,7,4.08,nan,1,LeftWithPellet,Left,93,94,33,0,nan,nan,0.22
3/29/2023 12:02:40,1.14.0,Free_feed,7,4.09,nan,1,LeftWithPellet,Left,94,94,33,0,nan,nan,0.13
3/29/2023 12:02:42,1.14.0,Free_feed,7,4.09,nan,1,LeftWithPellet,Left,95,94,33,0,nan,nan,0.56
3/29/2023 12:03:16,1.14.0,Free_feed,7,4.09,nan,1,RightWithPellet,Left,95,95,33,0,nan,nan,0.07
3/29/2023 12:07:11,1.14.0,Free_feed,7,4.08,nan,1,RightWithPellet,Left,95,96,33,0,nan,nan,0.12
3/29/2023 12:07:30,1.14.0,Free_feed,7,4.09,1,1,Pellet,Left,95,96,34,0,Timed_out,609,nan
3/29/2023 12:07:33,1.14.0,Free_feed,7,4.08,1,1,Pellet,Left,95,96,35,0,0.06,3,nan
3/29/2023 12:07:55,1.14.0,Free_feed,7,4.09,nan,1,LeftWithPellet,Left,96,96,35,0,nan,nan,0.03
3/29/2023 12:07:57,1.14.0,Free_feed,7,4.09,1,1,Pellet,Left,96,96,36,0,16.59,24,nan
3/29/2023 12:08:14,1.14.0,Free_feed,7,4.09,1,1,Pellet,Left,96,96,37,0,9.81,17,nan
3/29/2023 12:08:29,1.14.0,Free_feed,7,4.08,1,1,Pellet,Left,96,96,38,0,7.53,15,nan
3/29/2023 12:08:30,1.14.0,Free_feed,7,4.09,1,1,Pellet,Left,96,96,39,0,0.06,1,nan
3/29/2023 12:08:31,1.14.0,Free_feed,7,4.09,1,1,Pellet,Left,96,96,40,0,0.06,1,nan
3/29/2023 12:08:59,1.14.0,Free_feed,7,4.09,nan,1,LeftWithPellet,Left,97,96,40,0,nan,nan,0.11
3/29/2023 12:09:01,1.14.0,Free_feed,7,4.09,nan,1,RightWithPellet,Left,97,97,40,0,nan,nan,0.12
3/29/2023 12:09:07,1.14.0,Free_feed,7,4.09,nan,1,RightWithPellet,Left,97,98,40,0,nan,nan,0.04
3/29/2023 12:10:11,1.14.0,Free_feed,7,4.09,nan,1,RightWithPellet,Left,97,99,40,0,nan,nan,0.07
3/29/2023 12:10:18,1.14.0,Free_feed,7,4.09,nan,1,LeftWithPellet,Left,98,99,40,0,nan,nan,0.25
3/29/2023 12:10:27,1.14.0,Free_feed,7,4.09,nan,1,RightWithPellet,Left,98,100,40,0,nan,nan,0.16
3/29/2023 12:10:28,1.14.0,Free_feed,7,4.08,nan,1,LeftWithPellet,Left,99,100,40,0,nan,nan,0.04
3/29/2023 12:10:29,1.14.0,Free_feed,7,4.09,nan,1,LeftWithPellet,Left,100,100,40,0,nan,nan,0.05
3/29/2023 12:10:31,1.14.0,Free_feed,7,4.09,nan,1,LeftWithPellet,Left,101,100,40,0,nan,nan,0.60
3/29/2023 12:10:33,1.14.0,Free_feed,7,4.09,nan,1,LeftWithPellet,Left,102,100,40,0,nan,nan,0.19
3/29/2023 12:10:40,1.14.0,Free_feed,7,4.08,nan,1,LeftWithPellet,Left,103,100,40,0,nan,nan,0.82
3/29/2023 12:10:46,1.14.0,Free_feed,7,4.09,nan,1,LeftWithPellet,Left,104,100,40,0,nan,nan,0.25
3/29/2023 12:10:55,1.14.0,Free_feed,7,4.09,nan,1,LeftWithPellet,Left,105,100,40,0,nan,nan,0.40
3/29/2023 12:11:05,1.14.0,Free_feed,7,4.09,nan,1,RightWithPellet,Left,105,101,40,0,nan,nan,0.11
3/29/2023 12:11:07,1.14.0,Free_feed,7,4.08,nan,1,LeftWithPellet,Left,106,101,40,0,nan,nan,0.09
3/29/2023 12:11:11,1.14.0,Free_feed,7,4.09,nan,1,LeftWithPellet,Left,107,101,40,0,nan,nan,0.28
3/29/2023 12:11:13,1.14.0,Free_feed,7,4.09,nan,1,LeftWithPellet,Left,108,101,40,0,nan,nan,0.38
3/29/2023 12:11:14,1.14.0,Free_feed,7,4.08,nan,1,LeftWithPellet,Left,109,101,40,0,nan,nan,0.12
3/29/2023 12:11:15,1.14.0,Free_feed,7,4.09,nan,1,LeftWithPellet,Left,110,101,40,0,nan,nan,0.05
3/29/2023 12:11:24,1.14.0,Free_feed,7,4.09,1,1,Pellet,Left,110,101,41,0,Timed_out,173,nan
3/29/2023 12:14:11,1.14.0,Free_feed,7,4.09,nan,1,LeftWithPellet,Left,111,101,41,0,nan,nan,0.53
3/29/2023 12:16:42,1.14.0,Free_feed,7,4.09,nan,1,LeftWithPellet,Left,112,101,41,0,nan,nan,0.00
3/29/2023 12:16:44,1.14.0,Free_feed,7,4.09,1,1,Pellet,Left,112,101,42,0,Timed_out,320,nan
3/29/2023 12:17:07,1.14.0,Free_feed,7,4.09,1,1,Pellet,Left,112,101,43,0,16.25,23,nan
3/29/2023 12:17:16,1.14.0,Free_feed,7,4.08,1,1,Pellet,Left,112,101,44,0,1.83,9,nan
3/29/2023 12:17:24,1.14.0,Free_feed,7,4.09,2,1,Pellet,Left,112,101,45,0,0.06,8,nan
3/29/2023 12:23:24,1.14.0,Free_feed,7,4.08,nan,1,LeftWithPellet,Left,113,101,45,0,nan,nan,0.19
3/29/2023 12:25:36,1.14.0,Free_feed,7,4.09,nan,1,RightWithPellet,Left,113,102,45,0,nan,nan,0.11
3/29/2023 12:25:40,1.14.0,Free_feed,7,4.09,nan,1,RightWithPellet,Left,113,103,45,0,nan,nan,3.09
3/29/2023 12:25:45,1.14.0,Free_feed,7,4.09,nan,1,RightWithPellet,Left,113,104,45,0,nan,nan,1.09
3/29/2023 12:25:47,1.14.0,Free_feed,7,4.09,nan,1,RightWithPellet,Left,113,105,45,0,nan,nan,0.53
3/29/2023 12:26:26,1.14.0,Free_feed,7,4.09,nan,1,LeftWithPellet,Left,114,105,45,0,nan,nan,0.07
3/29/2023 12:26:31,1.14.0,Free_feed,7,4.09,nan,1,LeftWithPellet,Left,115,105,45,0,nan,nan,0.08
3/29/2023 12:26:33,1.14.0,Free_feed,7,4.09,nan,1,LeftWithPellet,Left,116,105,45,0,nan,nan,0.22
3/29/2023 12:26:41,1.14.0,Free_feed,7,4.08,nan,1,RightWithPellet,Left,116,106,45,0,nan,nan,0.31
3/29/2023 12:28:02,1.14.0,Free_feed,7,4.09,1,1,Pellet,Left,116,106,46,0,Timed_out,638,nan
3/29/2023 12:28:10,1.14.0,Free_feed,7,4.09,1,1,Pellet,Left,116,106,47,0,1.16,8,nan
3/29/2023 12:28:59,1.14.0,Free_feed,7,4.09,1,1,Pellet,Left,116,106,48,0,43.90,49,nan
3/29/2023 12:29:14,1.14.0,Free_feed,7,4.09,1,1,Pellet,Left,116,106,49,0,7.96,15,nan
3/29/2023 12:31:50,1.14.0,Free_feed,7,4.09,nan,1,LeftWithPellet,Left,117,106,49,0,nan,nan,0.04
3/29/2023 12:32:06,1.14.0,Free_feed,7,4.08,nan,1,RightWithPellet,Left,117,107,49,0,nan,nan,0.20
3/29/2023 12:35:33,1.14.0,Free_feed,7,4.09,nan,1,RightWithPellet,Left,117,108,49,0,nan,nan,0.03
3/29/2023 12:35:35,1.14.0,Free_feed,7,4.08,1,1,Pellet,Left,117,108,50,0,Timed_out,381,nan
3/29/2023 12:36:01,1.14.0,Free_feed,7,4.09,1,1,Pellet,Left,117,108,51,0,19.21,26,nan
3/29/2023 12:36:23,1.14.0,Free_feed,7,4.09,1,1,Pellet,Left,117,108,52,0,14.60,22,nan
3/29/2023 12:36:35,1.14.0,Free_feed,7,4.08,1,1,Pellet,Left,117,108,53,0,5.14,12,nan
3/29/2023 12:36:54,1.14.0,Free_feed,7,4.08,1,1,Pellet,Left,117,108,54,0,11.59,19,nan
3/29/2023 12:37:09,1.14.0,Free_feed,7,4.08,1,1,Pellet,Left,117,108,55,0,13.06,15,nan
3/29/2023 12:37:29,1.14.0,Free_feed,7,4.09,1,1,Pellet,Left,117,108,56,0,12.69,20,nan
3/29/2023 12:37:44,1.14.0,Free_feed,7,4.08,nan,1,LeftWithPellet,Left,118,108,56,0,nan,nan,0.07
3/29/2023 12:37:44,1.14.0,Free_feed,7,4.09,nan,1,LeftWithPellet,Left,119,108,56,0,nan,nan,0.08
3/29/2023 12:42:19,1.14.0,Free_feed,7,4.08,nan,1,RightWithPellet,Left,119,109,56,0,nan,nan,0.03
3/29/2023 12:55:11,1.14.0,Free_feed,7,4.08,1,1,Pellet,Left,119,109,57,0,Timed_out,1062,nan
3/29/2023 12:55:26,1.14.0,Free_feed,7,4.08,nan,1,RightWithPellet,Left,119,110,57,0,nan,nan,0.37
3/29/2023 12:55:32,1.14.0,Free_feed,7,4.09,1,1,Pellet,Left,119,110,58,0,14.17,21,nan
3/29/2023 12:55:56,1.14.0,Free_feed,7,4.08,nan,1,LeftWithPellet,Left,120,110,58,0,nan,nan,0.33
3/29/2023 12:57:51,1.14.0,Free_feed,7,4.08,1,1,Pellet,Left,120,110,59,0,Timed_out,139,nan
3/29/2023 12:58:20,1.14.0,Free_feed,7,4.09,nan,1,RightWithPellet,Left,120,111,59,0,nan,nan,0.04
3/29/2023 12:58:23,1.14.0,Free_feed,7,4.08,1,1,Pellet,Left,120,111,60,0,24.66,32,nan
3/29/2023 13:09:14,1.14.0,Free_feed,7,4.08,nan,1,RightWithPellet,Left,120,112,60,0,nan,nan,0.37
3/29/2023 13:09:15,1.14.0,Free_feed,7,4.08,nan,1,RightWithPellet,Left,120,113,60,0,nan,nan,0.04
3/29/2023 13:10:42,1.14.0,Free_feed,7,4.08,nan,1,RightWithPellet,Left,120,114,60,0,nan,nan,0.26
3/29/2023 13:10:43,1.14.0,Free_feed,7,4.08,nan,1,RightWithPellet,Left,120,115,60,0,nan,nan,0.10
3/29/2023 13:10:51,1.14.0,Free_feed,7,4.08,nan,1,LeftWithPellet,Left,121,115,60,0,nan,nan,0.09
3/29/2023 13:10:55,1.14.0,Free_feed,7,4.08,nan,1,LeftWithPellet,Left,122,115,60,0,nan,nan,0.08
3/29/2023 13:11:34,1.14.0,Free_feed,7,4.08,nan,1,LeftWithPellet,Left,123,115,60,0,nan,nan,0.29
3/29/2023 13:11:35,1.14.0,Free_feed,7,4.08,1,1,Pellet,Left,123,115,61,0,Timed_out,792,nan
3/29/2023 13:14:11,1.14.0,Free_feed,7,4.08,nan,1,RightWithPellet,Left,123,116,61,0,nan,nan,0.63
3/29/2023 13:14:12,1.14.0,Free_feed,7,4.08,nan,1,RightWithPellet,Left,123,117,61,0,nan,nan,0.03
3/29/2023 13:14:13,1.14.0,Free_feed,7,4.09,nan,1,RightWithPellet,Left,123,118,61,0,nan,nan,0.10
3/29/2023 13:14:16,1.14.0,Free_feed,7,4.08,nan,1,RightWithPellet,Left,123,119,61,0,nan,nan,1.52
3/29/2023 13:14:17,1.14.0,Free_feed,7,4.08,nan,1,RightWithPellet,Left,123,120,61,0,nan,nan,0.06
3/29/2023 13:14:56,1.14.0,Free_feed,7,4.08,nan,1,RightWithPellet,Left,123,121,61,0,nan,nan,0.11
3/29/2023 13:15:03,1.14.0,Free_feed,7,4.08,nan,1,RightWithPellet,Left,123,122,61,0,nan,nan,0.35
3/29/2023 13:15:21,1.14.0,Free_feed,7,4.07,nan,1,LeftWithPellet,Left,124,122,61,0,nan,nan,0.39
3/29/2023 13:15:23,1.14.0,Free_feed,7,4.07,nan,1,LeftWithPellet,Left,125,122,61,0,nan,nan,0.14
3/29/2023 13:15:25,1.14.0,Free_feed,7,4.08,nan,1,LeftWithPellet,Left,126,122,61,0,nan,nan,0.17
3/29/2023 13:15:27,1.14.0,Free_feed,7,4.08,nan,1,LeftWithPellet,Left,127,122,61,0,nan,nan,0.08
3/29/2023 13:15:29,1.14.0,Free_feed,7,4.08,nan,1,LeftWithPellet,Left,128,122,61,0,nan,nan,0.03
3/29/2023 13:17:09,1.14.0,Free_feed,7,4.08,1,1,Pellet,Left,128,122,62,0,Timed_out,334,nan
3/29/2023 13:17:10,1.14.0,Free_feed,7,4.08,1,1,Pellet,Left,128,122,63,0,0.06,1,nan
3/29/2023 13:17:28,1.14.0,Free_feed,7,4.08,1,1,Pellet,Left,128,122,64,0,10.66,18,nan
3/29/2023 13:32:04,1.14.0,Free_feed,7,4.08,1,1,Pellet,Left,128,122,65,0,Timed_out,876,nan
3/29/2023 13:33:23,1.14.0,Free_feed,7,4.09,1,1,Pellet,Left,128,122,66,0,Timed_out,79,nan
3/29/2023 13:34:13,1.14.0,Free_feed,7,4.08,nan,1,RightWithPellet,Left,128,123,66,0,nan,nan,0.42
3/29/2023 13:53:12,1.14.0,Free_feed,7,4.08,1,1,Pellet,Left,128,123,67,0,Timed_out,1189,nan
3/29/2023 13:53:35,1.14.0,Free_feed,7,4.08,1,1,Pellet,Left,128,123,68,0,15.70,23,nan
3/29/2023 13:53:47,1.14.0,Free_feed,7,4.08,1,1,Pellet,Left,128,123,69,0,4.84,12,nan
3/29/2023 13:54:04,1.14.0,Free_feed,7,4.08,2,1,Pellet,Left,128,123,70,0,8.02,17,nan
3/29/2023 13:54:23,1.14.0,Free_feed,7,4.09,2,1,Pellet,Left,128,123,71,0,11.64,19,nan
3/29/2023 13:54:39,1.14.0,Free_feed,7,4.07,1,1,Pellet,Left,128,123,72,0,8.88,16,nan
3/29/2023 13:55:00,1.14.0,Free_feed,7,4.08,1,1,Pellet,Left,128,123,73,0,13.12,21,nan
3/29/2023 13:55:44,1.14.0,Free_feed,7,4.08,1,1,Pellet,Left,128,123,74,0,37.20,44,nan
3/29/2023 13:56:00,1.14.0,Free_feed,7,4.08,nan,1,RightWithPellet,Left,128,124,74,0,nan,nan,0.14
3/29/2023 14:09:19,1.14.0,Free_feed,7,4.08,1,1,Pellet,Left,128,124,75,0,Timed_out,815,nan
3/29/2023 14:09:46,1.14.0,Free_feed,7,4.08,1,1,Pellet,Left,128,124,76,0,19.63,27,nan
3/29/2023 14:10:06,1.14.0,Free_feed,7,4.07,2,1,Pellet,Left,128,124,77,0,15.88,20,nan
3/29/2023 14:10:27,1.14.0,Free_feed,7,4.07,2,1,Pellet,Left,128,124,78,0,13.24,21,nan
3/29/2023 14:10:50,1.14.0,Free_feed,7,4.07,1,1,Pellet,Left,128,124,79,0,15.33,23,nan
3/29/2023 14:11:13,1.14.0,Free_feed,7,4.08,1,1,Pellet,Left,128,124,80,0,16.12,23,nan
3/29/2023 14:11:30,1.14.0,Free_feed,7,4.08,1,1,Pellet,Left,128,124,81,0,10.04,17,nan
3/29/2023 14:11:56,1.14.0,Free_feed,7,4.08,nan,1,RightWithPellet,Left,128,125,81,0,nan,nan,0.01
3/29/2023 14:11:56,1.14.0,Free_feed,7,4.07,nan,1,RightWithPellet,Left,128,126,81,0,nan,nan,0.13
3/29/2023 14:13:09,1.14.0,Free_feed,7,4.08,1,1,Pellet,Left,128,126,82,0,Timed_out,99,nan
3/29/2023 14:13:29,1.14.0,Free_feed,7,4.08,nan,1,LeftWithPellet,Left,129,126,82,0,nan,nan,0.02
3/29/2023 14:13:38,1.14.0,Free_feed,7,4.08,nan,1,RightWithPellet,Left,129,127,82,0,nan,nan,0.01
3/29/2023 14:13:39,1.14.0,Free_feed,7,4.08,nan,1,RightWithPellet,Left,129,128,82,0,nan,nan,0.21
3/29/2023 14:13:40,1.14.0,Free_feed,7,4.07,nan,1,RightWithPellet,Left,129,129,82,0,nan,nan,0.46
3/29/2023 14:13:40,1.14.0,Free_feed,7,4.08,nan,1,RightWithPellet,Left,129,130,82,0,nan,nan,0.31
3/29/2023 14:14:08,1.14.0,Free_feed,7,4.08,nan,1,RightWithPellet,Left,129,131,82,0,nan,nan,0.06
3/29/2023 14:56:00,1.14.0,Free_feed,7,4.08,1,1,Pellet,Left,129,131,83,0,Timed_out,2571,nan
3/29/2023 14:56:18,1.14.0,Free_feed,7,4.07,1,1,Pellet,Left,129,131,84,0,11.59,18,nan
3/29/2023 14:56:39,1.14.0,Free_feed,7,4.07,2,1,Pellet,Left,129,131,85,0,11.83,21,nan
3/29/2023 14:56:58,1.14.0,Free_feed,7,4.07,1,1,Pellet,Left,129,131,86,0,11.59,19,nan
3/29/2023 14:57:15,1.14.0,Free_feed,7,4.07,2,1,Pellet,Left,129,131,87,0,9.44,17,nan
3/29/2023 14:57:32,1.14.0,Free_feed,7,4.08,1,1,Pellet,Left,129,131,88,0,9.80,17,nan
3/29/2023 14:57:49,1.14.0,Free_feed,7,4.08,1,1,Pellet,Left,129,131,89,0,9.68,17,nan
3/29/2023 14:58:10,1.14.0,Free_feed,7,4.07,1,1,Pellet,Left,129,131,90,0,18.84,21,nan
3/29/2023 14:58:29,1.14.0,Free_feed,7,4.07,1,1,Pellet,Left,129,131,91,0,11.40,19,nan
3/29/2023 14:58:49,1.14.0,Free_feed,7,4.07,1,1,Pellet,Left,129,131,92,0,12.50,20,nan
3/29/2023 14:59:09,1.14.0,Free_feed,7,4.07,1,1,Pellet,Left,129,131,93,0,12.45,20,nan
3/29/2023 14:59:25,1.14.0,Free_feed,7,4.08,1,1,Pellet,Left,129,131,94,0,8.39,16,nan
3/29/2023 15:49:28,1.14.0,Free_feed,7,4.07,1,1,Pellet,Left,129,131,95,0,Timed_out,3003,nan
3/29/2023 15:49:42,1.14.0,Free_feed,7,4.07,1,1,Pellet,Left,129,131,96,0,5.94,14,nan
3/29/2023 15:51:16,1.14.0,Free_feed,7,4.07,1,1,Pellet,Left,129,131,97,0,Timed_out,94,nan
3/29/2023 15:51:30,1.14.0,Free_feed,7,4.07,1,1,Pellet,Left,129,131,98,0,12.01,14,nan
3/29/2023 15:51:50,1.14.0,Free_feed,7,4.07,1,1,Pellet,Left,129,131,99,0,12.38,20,nan
3/29/2023 15:52:13,1.14.0,Free_feed,7,4.07,1,1,Pellet,Left,129,131,100,0,15.21,23,nan
3/29/2023 15:52:29,1.14.0,Free_feed,7,4.07,1,1,Pellet,Left,129,131,101,0,9.19,16,nan
3/29/2023 15:52:49,1.14.0,Free_feed,7,4.07,1,1,Pellet,Left,129,131,102,0,13.61,20,nan
3/29/2023 15:53:05,1.14.0,Free_feed,7,4.07,1,1,Pellet,Left,129,131,103,0,8.76,16,nan
3/29/2023 15:53:17,1.14.0,Free_feed,7,4.07,1,1,Pellet,Left,129,131,104,0,4.10,12,nan
3/29/2023 15:53:35,1.14.0,Free_feed,7,4.07,1,1,Pellet,Left,129,131,105,0,11.77,18,nan
3/29/2023 15:53:50,1.14.0,Free_feed,7,4.07,1,1,Pellet,Left,129,131,106,0,7.54,15,nan
3/29/2023 15:53:52,1.14.0,Free_feed,7,4.07,1,1,Pellet,Left,129,131,107,0,0.06,2,nan
3/29/2023 16:37:43,1.14.0,Free_feed,7,4.07,1,1,Pellet,Left,129,131,108,0,Timed_out,2631,nan
3/29/2023 16:38:02,1.14.0,Free_feed,7,4.07,1,1,Pellet,Left,129,131,109,0,11.95,19,nan
3/29/2023 16:38:23,1.14.0,Free_feed,7,4.07,1,1,Pellet,Left,129,131,110,0,13.80,21,nan
3/29/2023 16:38:42,1.14.0,Free_feed,7,4.07,1,1,Pellet,Left,129,131,111,0,12.01,19,nan
3/29/2023 16:39:05,1.14.0,Free_feed,7,4.07,1,1,Pellet,Left,129,131,112,0,15.82,23,nan
3/29/2023 16:42:08,1.14.0,Free_feed,7,4.07,1,1,Pellet,Left,129,131,113,0,Timed_out,183,nan
3/29/2023 17:24:01,1.14.0,Free_feed,7,4.07,1,1,Pellet,Left,129,131,114,0,Timed_out,2513,nan
3/29/2023 17:24:19,1.14.0,Free_feed,7,4.07,1,1,Pellet,Left,129,131,115,0,9.68,18,nan
3/29/2023 17:24:39,1.14.0,Free_feed,7,4.07,1,1,Pellet,Left,129,131,116,0,13.36,20,nan
3/29/2023 17:24:58,1.14.0,Free_feed,7,4.07,1,1,Pellet,Left,129,131,117,0,11.46,19,nan
3/29/2023 17:25:18,1.14.0,Free_feed,7,4.07,1,1,Pellet,Left,129,131,118,0,11.77,20,nan
3/29/2023 17:25:41,1.14.0,Free_feed,7,4.07,1,1,Pellet,Left,129,131,119,0,16.44,23,nan
3/29/2023 17:56:01,1.14.0,Free_feed,7,4.07,1,1,Pellet,Left,129,131,120,0,Timed_out,1820,nan
3/29/2023 17:56:20,1.14.0,Free_feed,7,4.07,1,1,Pellet,Left,129,131,121,0,11.95,19,nan
3/29/2023 17:56:42,1.14.0,Free_feed,7,4.07,1,1,Pellet,Left,129,131,122,0,14.41,21,nan
3/29/2023 17:57:04,1.14.0,Free_feed,7,4.07,1,1,Pellet,Left,129,131,123,0,15.09,23,nan
3/29/2023 17:57:27,1.14.0,Free_feed,7,4.07,2,1,Pellet,Left,129,131,124,0,15.40,23,nan
3/29/2023 17:57:49,1.14.0,Free_feed,7,4.07,1,1,Pellet,Left,129,131,125,0,14.66,22,nan
3/29/2023 17:58:08,1.14.0,Free_feed,7,4.06,1,1,Pellet,Left,129,131,126,0,11.95,19,nan
3/29/2023 18:38:37,1.14.0,Free_feed,7,4.07,1,1,Pellet,Left,129,131,127,0,Timed_out,2429,nan
3/29/2023 18:38:58,1.14.0,Free_feed,7,4.07,1,1,Pellet,Left,129,131,128,0,13.68,21,nan
3/29/2023 18:39:17,1.14.0,Free_feed,7,4.07,1,1,Pellet,Left,129,131,129,0,12.14,19,nan
3/29/2023 18:39:33,1.14.0,Free_feed,7,4.07,1,1,Pellet,Left,129,131,130,0,9.13,16,nan
3/29/2023 18:39:53,1.14.0,Free_feed,7,4.07,1,1,Pellet,Left,129,131,131,0,13.18,20,nan
3/29/2023 18:40:17,1.14.0,Free_feed,7,4.07,1,1,Pellet,Left,129,131,132,0,21.98,24,nan
3/29/2023 18:40:38,1.14.0,Free_feed,7,4.07,1,1,Pellet,Left,129,131,133,0,14.10,21,nan
3/29/2023 18:40:58,1.14.0,Free_feed,7,4.07,2,1,Pellet,Left,129,131,134,0,10.60,20,nan
3/29/2023 18:41:17,1.14.0,Free_feed,7,4.07,1,1,Pellet,Left,129,131,135,0,11.58,19,nan
3/29/2023 19:22:57,1.14.0,Free_feed,7,4.06,1,1,Pellet,Left,129,131,136,0,Timed_out,2500,nan
3/29/2023 19:31:02,1.14.0,Free_feed,7,4.06,1,1,Pellet,Left,129,131,137,0,Timed_out,485,nan
3/29/2023 19:31:26,1.14.0,Free_feed,7,4.07,2,1,Pellet,Left,129,131,138,0,14.84,24,nan
3/29/2023 19:31:43,1.14.0,Free_feed,7,4.06,1,1,Pellet,Left,129,131,139,0,9.99,17,nan
3/29/2023 19:32:02,1.14.0,Free_feed,7,4.06,2,1,Pellet,Left,129,131,140,0,9.31,19,nan
3/29/2023 19:32:21,1.14.0,Free_feed,7,4.07,2,1,Pellet,Left,129,131,141,0,12.57,19,nan
3/29/2023 19:32:40,1.14.0,Free_feed,7,4.06,1,1,Pellet,Left,129,131,142,0,11.77,19,nan
3/29/2023 19:33:00,1.14.0,Free_feed,7,4.07,1,1,Pellet,Left,129,131,143,0,12.75,20,nan
3/29/2023 19:33:19,1.14.0,Free_feed,7,4.06,2,1,Pellet,Left,129,131,144,0,11.83,19,nan
3/29/2023 19:34:31,1.14.0,Free_feed,7,4.06,nan,1,RightWithPellet,Left,129,132,144,0,nan,nan,0.64
3/29/2023 19:34:32,1.14.0,Free_feed,7,4.06,nan,1,RightWithPellet,Left,129,133,144,0,nan,nan,0.26
3/29/2023 19:59:40,1.14.0,Free_feed,7,4.06,1,1,Pellet,Left,129,133,145,0,Timed_out,1581,nan
3/29/2023 20:00:24,1.14.0,Free_feed,7,4.06,2,1,Pellet,Left,129,133,146,0,36.46,44,nan
3/29/2023 20:00:46,1.14.0,Free_feed,7,4.06,1,1,Pellet,Left,129,133,147,0,14.47,22,nan
3/29/2023 20:01:04,1.14.0,Free_feed,7,4.06,1,1,Pellet,Left,129,133,148,0,10.23,18,nan
3/29/2023 20:01:25,1.14.0,Free_feed,7,4.06,1,1,Pellet,Left,129,133,149,0,13.98,21,nan
3/29/2023 20:02:48,1.14.0,Free_feed,7,4.06,nan,1,RightWithPellet,Left,129,134,149,0,nan,nan,0.87
3/29/2023 20:27:56,1.14.0,Free_feed,7,4.06,1,1,Pellet,Left,129,134,150,0,Timed_out,1591,nan
3/29/2023 20:28:14,1.14.0,Free_feed,7,4.06,1,1,Pellet,Left,129,134,151,0,10.30,18,nan
3/29/2023 20:28:34,1.14.0,Free_feed,7,4.07,1,1,Pellet,Left,129,134,152,0,12.39,20,nan
3/29/2023 20:28:51,1.14.0,Free_feed,7,4.06,1,1,Pellet,Left,129,134,153,0,9.99,16,nan
3/29/2023 20:29:09,1.14.0,Free_feed,7,4.06,1,1,Pellet,Left,129,134,154,0,11.90,19,nan
3/29/2023 20:29:30,1.14.0,Free_feed,7,4.06,1,1,Pellet,Left,129,134,155,0,13.68,21,nan
3/29/2023 20:43:02,1.14.0,Free_feed,7,4.06,nan,1,RightWithPellet,Left,129,135,155,0,nan,nan,0.06
3/29/2023 20:43:08,1.14.0,Free_feed,7,4.06,nan,1,LeftWithPellet,Left,130,135,155,0,nan,nan,0.02
3/29/2023 20:43:09,1.14.0,Free_feed,7,4.06,nan,1,LeftWithPellet,Left,131,135,155,0,nan,nan,0.69
3/29/2023 20:53:01,1.14.0,Free_feed,7,4.06,nan,1,LeftWithPellet,Left,132,135,155,0,nan,nan,0.22
3/29/2023 20:53:02,1.14.0,Free_feed,7,4.05,nan,1,LeftWithPellet,Left,133,135,155,0,nan,nan,0.00
3/29/2023 20:53:05,1.14.0,Free_feed,7,4.06,nan,1,LeftWithPellet,Left,134,135,155,0,nan,nan,0.26
3/29/2023 20:53:06,1.14.0,Free_feed,7,4.06,nan,1,LeftWithPellet,Left,135,135,155,0,nan,nan,0.32
3/29/2023 20:53:08,1.14.0,Free_feed,7,4.06,nan,1,LeftWithPellet,Left,136,135,155,0,nan,nan,0.12
3/29/2023 20:53:10,1.14.0,Free_feed,7,4.06,nan,1,LeftWithPellet,Left,137,135,155,0,nan,nan,0.07
3/29/2023 20:53:21,1.14.0,Free_feed,7,4.06,nan,1,LeftWithPellet,Left,138,135,155,0,nan,nan,0.36
3/29/2023 20:53:24,1.14.0,Free_feed,7,4.06,nan,1,LeftWithPellet,Left,139,135,155,0,nan,nan,0.04
3/29/2023 20:53:27,1.14.0,Free_feed,7,4.06,nan,1,LeftWithPellet,Left,140,135,155,0,nan,nan,0.09
3/29/2023 20:53:31,1.14.0,Free_feed,7,4.06,nan,1,LeftWithPellet,Left,141,135,155,0,nan,nan,0.03
3/29/2023 20:53:37,1.14.0,Free_feed,7,4.06,nan,1,LeftWithPellet,Left,142,135,155,0,nan,nan,0.08
3/29/2023 20:53:41,1.14.0,Free_feed,7,4.07,nan,1,LeftWithPellet,Left,143,135,155,0,nan,nan,0.07
3/29/2023 20:53:43,1.14.0,Free_feed,7,4.05,nan,1,LeftWithPellet,Left,144,135,155,0,nan,nan,0.05
3/29/2023 20:53:45,1.14.0,Free_feed,7,4.06,nan,1,LeftWithPellet,Left,145,135,155,0,nan,nan,0.08
3/29/2023 20:53:46,1.14.0,Free_feed,7,4.06,nan,1,LeftWithPellet,Left,146,135,155,0,nan,nan,0.13
3/29/2023 20:53:47,1.14.0,Free_feed,7,4.06,nan,1,LeftWithPellet,Left,147,135,155,0,nan,nan,0.03
3/29/2023 20:53:58,1.14.0,Free_feed,7,4.05,nan,1,LeftWithPellet,Left,148,135,155,0,nan,nan,0.00
3/29/2023 20:58:05,1.14.0,Free_feed,7,4.06,nan,1,RightWithPellet,Left,148,136,155,0,nan,nan,0.02
3/29/2023 20:58:10,1.14.0,Free_feed,7,4.06,nan,1,LeftWithPellet,Left,149,136,155,0,nan,nan,0.03
3/29/2023 21:00:14,1.14.0,Free_feed,7,4.06,nan,1,LeftWithPellet,Left,150,136,155,0,nan,nan,0.04
3/29/2023 21:00:16,1.14.0,Free_feed,7,4.06,nan,1,LeftWithPellet,Left,151,136,155,0,nan,nan,0.09
3/29/2023 21:00:17,1.14.0,Free_feed,7,4.06,nan,1,LeftWithPellet,Left,152,136,155,0,nan,nan,0.54
3/29/2023 21:00:19,1.14.0,Free_feed,7,4.06,nan,1,LeftWithPellet,Left,153,136,155,0,nan,nan,0.48
3/29/2023 21:00:19,1.14.0,Free_feed,7,4.06,nan,1,LeftWithPellet,Left,154,136,155,0,nan,nan,0.14
3/29/2023 21:01:11,1.14.0,Free_feed,7,4.06,nan,1,RightWithPellet,Left,154,137,155,0,nan,nan,0.01
3/29/2023 21:01:12,1.14.0,Free_feed,7,4.05,nan,1,RightWithPellet,Left,154,138,155,0,nan,nan,0.00
3/29/2023 21:08:17,1.14.0,Free_feed,7,4.06,1,1,Pellet,Left,154,138,156,0,Timed_out,2327,nan
3/29/2023 21:08:23,1.14.0,Free_feed,7,4.05,1,1,Pellet,Left,154,138,157,0,0.06,6,nan
3/29/2023 21:08:43,1.14.0,Free_feed,7,4.06,1,1,Pellet,Left,154,138,158,0,13.80,20,nan
3/29/2023 21:09:05,1.14.0,Free_feed,7,4.05,1,1,Pellet,Left,154,138,159,0,14.11,22,nan
3/29/2023 21:09:20,1.14.0,Free_feed,7,4.06,1,1,Pellet,Left,154,138,160,0,8.27,15,nan
3/29/2023 21:09:40,1.14.0,Free_feed,7,4.06,1,1,Pellet,Left,154,138,161,0,12.44,20,nan
3/29/2023 21:09:55,1.14.0,Free_feed,7,4.06,1,1,Pellet,Left,154,138,162,0,6.92,15,nan
3/29/2023 21:17:40,1.14.0,Free_feed,7,4.05,nan,1,LeftWithPellet,Left,155,138,162,0,nan,nan,0.06
3/29/2023 21:23:19,1.14.0,Free_feed,7,4.06,nan,1,LeftWithPellet,Left,156,138,162,0,nan,nan,0.02
3/29/2023 21:23:25,1.14.0,Free_feed,7,4.06,nan,1,RightWithPellet,Left,156,139,162,0,nan,nan,0.79
3/29/2023 21:23:26,1.14.0,Free_feed,7,4.06,nan,1,RightWithPellet,Left,156,140,162,0,nan,nan,0.25
3/29/2023 21:27:32,1.14.0,Free_feed,7,4.05,1,1,Pellet,Left,156,140,163,0,Timed_out,1057,nan
3/29/2023 21:27:51,1.14.0,Free_feed,7,4.05,1,1,Pellet,Left,156,140,164,0,12.02,19,nan
3/29/2023 21:28:11,1.14.0,Free_feed,7,4.05,1,1,Pellet,Left,156,140,165,0,13.37,20,nan
3/29/2023 21:28:32,1.14.0,Free_feed,7,4.06,1,1,Pellet,Left,156,140,166,0,13.43,21,nan
3/29/2023 21:28:49,1.14.0,Free_feed,7,4.06,1,1,Pellet,Left,156,140,167,0,9.50,17,nan
3/29/2023 21:29:09,1.14.0,Free_feed,7,4.06,1,1,Pellet,Left,156,140,168,0,12.57,20,nan
3/29/2023 21:29:29,1.14.0,Free_feed,7,4.05,2,1,Pellet,Left,156,140,169,0,12.27,20,nan
3/29/2023 21:29:49,1.14.0,Free_feed,7,4.06,1,1,Pellet,Left,156,140,170,0,12.51,20,nan
3/29/2023 21:46:33,1.14.0,Free_feed,7,4.06,1,1,Pellet,Left,156,140,171,0,Timed_out,1004,nan
3/29/2023 21:46:34,1.14.0,Free_feed,7,4.05,1,1,Pellet,Left,156,140,172,0,0.06,1,nan
3/29/2023 21:46:50,1.14.0,Free_feed,7,4.06,2,1,Pellet,Left,156,140,173,0,8.33,16,nan
3/29/2023 21:47:06,1.14.0,Free_feed,7,4.05,2,1,Pellet,Left,156,140,174,0,7.59,16,nan
3/29/2023 21:47:23,1.14.0,Free_feed,7,4.06,2,1,Pellet,Left,156,140,175,0,9.74,17,nan
3/29/2023 21:47:41,1.14.0,Free_feed,7,4.06,2,1,Pellet,Left,156,140,176,0,11.65,18,nan
3/29/2023 21:48:00,1.14.0,Free_feed,7,4.05,1,1,Pellet,Left,156,140,177,0,10.85,19,nan
3/29/2023 21:48:18,1.14.0,Free_feed,7,4.05,1,1,Pellet,Left,156,140,178,0,11.65,18,nan
3/29/2023 22:02:33,1.14.0,Free_feed,7,4.05,2,1,Pellet,Left,156,140,179,0,Timed_out,855,nan
3/29/2023 22:14:34,1.14.0,Free_feed,7,4.06,1,1,Pellet,Left,156,140,180,0,Timed_out,721,nan
3/29/2023 22:14:53,1.14.0,Free_feed,7,4.06,1,1,Pellet,Left,156,140,181,0,12.26,19,nan
3/29/2023 22:15:10,1.14.0,Free_feed,7,4.05,1,1,Pellet,Left,156,140,182,0,9.74,17,nan
3/29/2023 22:15:26,1.14.0,Free_feed,7,4.06,1,1,Pellet,Left,156,140,183,0,8.89,16,nan
3/29/2023 22:15:42,1.14.0,Free_feed,7,4.05,1,1,Pellet,Left,156,140,184,0,8.70,15,nan
3/29/2023 22:15:58,1.14.0,Free_feed,7,4.05,1,1,Pellet,Left,156,140,185,0,9.56,17,nan
3/29/2023 22:16:20,1.14.0,Free_feed,7,4.05,1,1,Pellet,Left,156,140,186,0,13.87,22,nan
3/29/2023 22:16:38,1.14.0,Free_feed,7,4.05,2,1,Pellet,Left,156,140,187,0,11.35,18,nan
3/29/2023 22:16:56,1.14.0,Free_feed,7,4.05,1,1,Pellet,Left,156,140,188,0,10.48,18,nan
3/29/2023 22:55:52,1.14.0,Free_feed,7,4.05,nan,1,RightWithPellet,Left,156,141,188,0,nan,nan,0.61
3/29/2023 22:55:56,1.14.0,Free_feed,7,4.05,nan,1,RightWithPellet,Left,156,142,188,0,nan,nan,0.08
3/29/2023 22:55:59,1.14.0,Free_feed,7,4.06,nan,1,RightWithPellet,Left,156,143,188,0,nan,nan,1.11
3/29/2023 22:56:00,1.14.0,Free_feed,7,4.05,nan,1,RightWithPellet,Left,156,144,188,0,nan,nan,0.44
3/29/2023 22:56:02,1.14.0,Free_feed,7,4.05,nan,1,RightWithPellet,Left,156,145,188,0,nan,nan,0.27
3/29/2023 22:56:03,1.14.0,Free_feed,7,4.05,nan,1,RightWithPellet,Left,156,146,188,0,nan,nan,0.39
3/29/2023 22:56:04,1.14.0,Free_feed,7,4.05,nan,1,RightWithPellet,Left,156,147,188,0,nan,nan,0.05
3/29/2023 22:56:05,1.14.0,Free_feed,7,4.05,nan,1,RightWithPellet,Left,156,148,188,0,nan,nan,0.33
3/29/2023 22:56:07,1.14.0,Free_feed,7,4.06,nan,1,RightWithPellet,Left,156,149,188,0,nan,nan,0.22
3/29/2023 22:56:11,1.14.0,Free_feed,7,4.05,nan,1,RightWithPellet,Left,156,150,188,0,nan,nan,0.09
3/29/2023 22:56:30,1.14.0,Free_feed,7,4.05,nan,1,RightWithPellet,Left,156,151,188,0,nan,nan,0.27
3/29/2023 22:56:45,1.14.0,Free_feed,7,4.05,1,1,Pellet,Left,156,151,189,0,Timed_out,2389,nan
3/29/2023 22:56:47,1.14.0,Free_feed,7,4.05,nan,1,RightWithPellet,Left,156,152,189,0,nan,nan,0.11
3/29/2023 22:57:08,1.14.0,Free_feed,7,4.05,1,1,Pellet,Left,156,152,190,0,20.75,23,nan
3/29/2023 22:57:30,1.14.0,Free_feed,7,4.05,1,1,Pellet,Left,156,152,191,0,15.04,22,nan
3/29/2023 22:57:50,1.14.0,Free_feed,7,4.05,1,1,Pellet,Left,156,152,192,0,13.43,20,nan
3/29/2023 22:58:07,1.14.0,Free_feed,7,4.05,2,1,Pellet,Left,156,152,193,0,9.93,17,nan
3/29/2023 22:58:24,1.14.0,Free_feed,7,4.05,1,1,Pellet,Left,156,152,194,0,9.99,17,nan
3/29/2023 22:58:50,1.14.0,Free_feed,7,4.05,2,1,Pellet,Left,156,152,195,0,16.76,26,nan
3/29/2023 23:01:02,1.14.0,Free_feed,7,4.05,nan,1,LeftWithPellet,Left,157,152,195,0,nan,nan,0.42
3/29/2023 23:01:18,1.14.0,Free_feed,7,4.05,nan,1,RightWithPellet,Left,157,153,195,0,nan,nan,0.42
3/29/2023 23:01:23,1.14.0,Free_feed,7,4.05,nan,1,RightWithPellet,Left,157,154,195,0,nan,nan,0.31
3/29/2023 23:01:24,1.14.0,Free_feed,7,4.06,nan,1,RightWithPellet,Left,157,155,195,0,nan,nan,0.01
3/29/2023 23:02:46,1.14.0,Free_feed,7,4.05,nan,1,RightWithPellet,Left,157,156,195,0,nan,nan,0.25
3/29/2023 23:02:51,1.14.0,Free_feed,7,4.06,nan,1,RightWithPellet,Left,157,157,195,0,nan,nan,0.11
3/29/2023 23:08:40,1.14.0,Free_feed,7,4.05,1,1,Pellet,Left,157,157,196,0,Timed_out,590,nan
3/29/2023 23:08:57,1.14.0,Free_feed,7,4.05,1,1,Pellet,Left,157,157,197,0,10.43,17,nan
3/29/2023 23:09:16,1.14.0,Free_feed,7,4.05,1,1,Pellet,Left,157,157,198,0,11.28,19,nan
3/29/2023 23:09:33,1.14.0,Free_feed,7,4.05,1,1,Pellet,Left,157,157,199,0,9.62,17,nan
3/29/2023 23:09:48,1.14.0,Free_feed,7,4.05,1,1,Pellet,Left,157,157,200,0,8.52,15,nan
3/29/2023 23:11:29,1.14.0,Free_feed,7,4.06,nan,1,LeftWithPellet,Left,158,157,200,0,nan,nan,0.57
3/29/2023 23:11:31,1.14.0,Free_feed,7,4.05,nan,1,LeftWithPellet,Left,159,157,200,0,nan,nan,0.41
3/29/2023 23:11:34,1.14.0,Free_feed,7,4.06,nan,1,LeftWithPellet,Left,160,157,200,0,nan,nan,0.02
3/29/2023 23:12:33,1.14.0,Free_feed,7,4.05,1,1,Pellet,Left,160,157,201,0,Timed_out,165,nan
3/29/2023 23:27:59,1.14.0,Free_feed,7,4.05,1,1,Pellet,Left,160,157,202,0,Timed_out,926,nan
3/29/2023 23:28:18,1.14.0,Free_feed,7,4.05,1,1,Pellet,Left,160,157,203,0,11.84,19,nan
3/29/2023 23:28:33,1.14.0,Free_feed,7,4.05,1,1,Pellet,Left,160,157,204,0,8.21,15,nan
3/29/2023 23:28:52,1.14.0,Free_feed,7,4.06,2,1,Pellet,Left,160,157,205,0,11.53,19,nan
3/29/2023 23:29:09,1.14.0,Free_feed,7,4.05,1,1,Pellet,Left,160,157,206,0,10.49,17,nan
3/29/2023 23:29:27,1.14.0,Free_feed,7,4.05,1,1,Pellet,Left,160,157,207,0,9.81,18,nan
3/29/2023 23:29:45,1.14.0,Free_feed,7,4.05,1,1,Pellet,Left,160,157,208,0,10.98,18,nan
3/29/2023 23:30:06,1.14.0,Free_feed,7,4.05,1,1,Pellet,Left,160,157,209,0,14.30,21,nan
3/29/2023 23:30:25,1.14.0,Free_feed,7,4.05,1,1,Pellet,Left,160,157,210,0,12.39,19,nan
3/29/2023 23:30:43,1.14.0,Free_feed,7,4.05,1,1,Pellet,Left,160,157,211,0,10.30,18,nan
3/29/2023 23:40:07,1.14.0,Free_feed,7,4.05,nan,1,RightWithPellet,Left,160,158,211,0,nan,nan,0.06
3/29/2023 23:40:09,1.14.0,Free_feed,7,4.05,nan,1,RightWithPellet,Left,160,159,211,0,nan,nan,0.29
3/29/2023 23:52:01,1.14.0,Free_feed,7,4.05,1,1,Pellet,Left,160,159,212,0,Timed_out,1278,nan
3/29/2023 23:52:22,1.14.0,Free_feed,7,4.05,2,1,Pellet,Left,160,159,213,0,12.09,21,nan
3/29/2023 23:52:38,1.14.0,Free_feed,7,4.05,1,1,Pellet,Left,160,159,214,0,8.77,16,nan
3/29/2023 23:52:55,1.14.0,Free_feed,7,4.05,1,1,Pellet,Left,160,159,215,0,9.56,17,nan
3/29/2023 23:53:12,1.14.0,Free_feed,7,4.05,1,1,Pellet,Left,160,159,216,0,9.93,17,nan
3/29/2023 23:53:30,1.14.0,Free_feed,7,4.05,1,1,Pellet,Left,160,159,217,0,11.10,18,nan
3/29/2023 23:53:48,1.14.0,Free_feed,7,4.05,1,1,Pellet,Left,160,159,218,0,10.85,18,nan
3/29/2023 23:54:10,1.14.0,Free_feed,7,4.05,1,1,Pellet,Left,160,159,219,0,14.73,22,nan
3/30/2023 0:21:56,1.14.0,Free_feed,7,4.05,1,1,Pellet,Left,160,159,220,0,Timed_out,1666,nan
3/30/2023 0:22:14,1.14.0,Free_feed,7,4.05,2,1,Pellet,Left,160,159,221,0,10.85,18,nan
3/30/2023 0:22:33,1.14.0,Free_feed,7,4.05,1,1,Pellet,Left,160,159,222,0,11.65,19,nan
3/30/2023 0:22:54,1.14.0,Free_feed,7,4.05,2,1,Pellet,Left,160,159,223,0,13.13,20,nan
3/30/2023 0:23:15,1.14.0,Free_feed,7,4.05,2,1,Pellet,Left,160,159,224,0,13.31,22,nan
3/30/2023 0:23:31,1.14.0,Free_feed,7,4.05,1,1,Pellet,Left,160,159,225,0,9.13,16,nan
3/30/2023 0:23:40,1.14.0,Free_feed,7,4.05,nan,1,LeftWithPellet,Left,161,159,225,0,nan,nan,0.74
3/30/2023 1:25:26,1.14.0,Free_feed,7,4.05,1,1,Pellet,Left,161,159,226,0,Timed_out,3715,nan
3/30/2023 1:25:33,1.14.0,Free_feed,7,4.05,1,1,Pellet,Left,161,159,227,0,0.61,7,nan
3/30/2023 1:25:50,1.14.0,Free_feed,7,4.05,2,1,Pellet,Left,161,159,228,0,9.56,17,nan
3/30/2023 1:26:09,1.14.0,Free_feed,7,4.05,1,1,Pellet,Left,161,159,229,0,12.08,19,nan
3/30/2023 1:26:29,1.14.0,Free_feed,7,4.05,1,1,Pellet,Left,161,159,230,0,12.45,20,nan
3/30/2023 1:26:48,1.14.0,Free_feed,7,4.05,1,1,Pellet,Left,161,159,231,0,11.53,19,nan
3/30/2023 1:27:05,1.14.0,Free_feed,7,4.05,1,1,Pellet,Left,161,159,232,0,9.62,17,nan
3/30/2023 1:27:24,1.14.0,Free_feed,7,4.05,1,1,Pellet,Left,161,159,233,0,11.96,19,nan
3/30/2023 1:27:45,1.14.0,Free_feed,7,4.05,1,1,Pellet,Left,161,159,234,0,13.56,21,nan
3/30/2023 1:28:06,1.14.0,Free_feed,7,4.05,1,1,Pellet,Left,161,159,235,0,13.25,21,nan
3/30/2023 1:28:31,1.14.0,Free_feed,7,4.05,1,1,Pellet,Left,161,159,236,0,17.86,25,nan
3/30/2023 1:28:48,1.14.0,Free_feed,7,4.05,2,1,Pellet,Left,161,159,237,0,7.48,17,nan
3/30/2023 1:50:34,1.14.0,Free_feed,7,4.05,1,1,Pellet,Left,161,159,238,0,Timed_out,1306,nan
3/30/2023 1:50:53,1.14.0,Free_feed,7,4.05,1,1,Pellet,Left,161,159,239,0,11.90,19,nan
3/30/2023 1:51:09,1.14.0,Free_feed,7,4.05,1,1,Pellet,Left,161,159,240,0,8.46,16,nan
3/30/2023 1:51:26,1.14.0,Free_feed,7,4.05,1,1,Pellet,Left,161,159,241,0,9.62,17,nan
3/30/2023 1:51:48,1.14.0,Free_feed,7,4.05,2,1,Pellet,Left,161,159,242,0,14.53,22,nan
3/30/2023 1:52:07,1.14.0,Free_feed,7,4.04,1,1,Pellet,Left,161,159,243,0,11.95,19,nan
3/30/2023 1:52:24,1.14.0,Free_feed,7,4.05,1,1,Pellet,Left,161,159,244,0,9.62,17,nan
3/30/2023 1:52:43,1.14.0,Free_feed,7,4.05,1,1,Pellet,Left,161,159,245,0,11.77,19,nan
3/30/2023 1:53:04,1.14.0,Free_feed,7,4.05,1,1,Pellet,Left,161,159,246,0,13.74,21,nan
3/30/2023 1:53:22,1.14.0,Free_feed,7,4.05,1,1,Pellet,Left,161,159,247,0,10.36,18,nan
3/30/2023 1:53:39,1.14.0,Free_feed,7,4.05,1,1,Pellet,Left,161,159,248,0,9.87,17,nan
3/30/2023 2:29:09,1.14.0,Free_feed,7,4.05,1,1,Pellet,Left,161,159,249,0,Timed_out,2130,nan
3/30/2023 2:29:30,1.14.0,Free_feed,7,4.05,1,1,Pellet,Left,161,159,250,0,13.87,21,nan
3/30/2023 2:29:51,1.14.0,Free_feed,7,4.04,1,1,Pellet,Left,161,159,251,0,13.69,21,nan
3/30/2023 2:30:12,1.14.0,Free_feed,7,4.05,1,1,Pellet,Left,161,159,252,0,13.19,21,nan
3/30/2023 2:30:32,1.14.0,Free_feed,7,4.04,1,1,Pellet,Left,161,159,253,0,13.56,20,nan
3/30/2023 3:17:59,1.14.0,Free_feed,7,4.05,1,1,Pellet,Left,161,159,254,0,Timed_out,2847,nan
3/30/2023 3:18:23,1.14.0,Free_feed,7,4.05,1,1,Pellet,Left,161,159,255,0,17.62,24,nan
3/30/2023 3:18:43,1.14.0,Free_feed,7,4.05,2,1,Pellet,Left,161,159,256,0,12.08,20,nan
3/30/2023 3:18:44,1.14.0,Free_feed,7,4.05,1,1,Pellet,Left,161,159,257,0,0.06,1,nan
3/30/2023 3:19:03,1.14.0,Free_feed,7,4.04,1,1,Pellet,Left,161,159,258,0,11.53,19,nan
3/30/2023 3:19:24,1.14.0,Free_feed,7,4.05,1,1,Pellet,Left,161,159,259,0,13.31,21,nan
3/30/2023 3:19:44,1.14.0,Free_feed,7,4.04,1,1,Pellet,Left,161,159,260,0,12.21,20,nan
3/30/2023 3:20:01,1.14.0,Free_feed,7,4.05,1,1,Pellet,Left,161,159,261,0,9.93,17,nan
3/30/2023 3:20:21,1.14.0,Free_feed,7,4.05,1,1,Pellet,Left,161,159,262,0,13.19,20,nan
3/30/2023 4:09:06,1.14.0,Free_feed,7,4.05,1,1,Pellet,Left,161,159,263,0,Timed_out,2925,nan
3/30/2023 4:09:24,1.14.0,Free_feed,7,4.04,1,1,Pellet,Left,161,159,264,0,10.48,18,nan
3/30/2023 4:09:42,1.14.0,Free_feed,7,4.04,1,1,Pellet,Left,161,159,265,0,9.93,18,nan
3/30/2023 4:09:59,1.14.0,Free_feed,7,4.04,1,1,Pellet,Left,161,159,266,0,9.93,17,nan
3/30/2023 4:10:17,1.14.0,Free_feed,7,4.04,1,1,Pellet,Left,161,159,267,0,11.34,18,nan
3/30/2023 4:10:35,1.14.0,Free_feed,7,4.04,1,1,Pellet,Left,161,159,268,0,9.99,18,nan
3/30/2023 4:11:01,1.14.0,Free_feed,7,4.03,1,1,Pellet,Left,161,159,269,0,18.85,26,nan
3/30/2023 4:12:02,1.14.0,Free_feed,7,4.04,nan,1,LeftWithPellet,Left,162,159,269,0,nan,nan,0.05
3/30/2023 5:24:51,1.14.0,Free_feed,7,4.04,nan,1,RightWithPellet,Left,162,160,269,0,nan,nan,0.52
3/30/2023 5:40:07,1.14.0,Free_feed,7,4.04,1,1,Pellet,Left,162,160,270,0,Timed_out,5346,nan
3/30/2023 5:40:27,1.14.0,Free_feed,7,4.04,1,1,Pellet,Left,162,160,271,0,13.31,20,nan
3/30/2023 5:40:47,1.14.0,Free_feed,7,4.04,1,1,Pellet,Left,162,160,272,0,13.12,20,nan
3/30/2023 5:41:13,1.14.0,Free_feed,7,4.04,2,1,Pellet,Left,162,160,273,0,18.97,26,nan
3/30/2023 5:41:34,1.14.0,Free_feed,7,4.04,1,1,Pellet,Left,162,160,274,0,13.99,21,nan
3/30/2023 5:41:55,1.14.0,Free_feed,7,4.04,1,1,Pellet,Left,162,160,275,0,14.29,21,nan
3/30/2023 6:27:47,1.14.0,Free_feed,7,4.03,nan,1,RightWithPellet,Left,162,161,275,0,nan,nan,0.20
3/30/2023 6:27:53,1.14.0,Free_feed,7,4.04,nan,1,RightWithPellet,Left,162,162,275,0,nan,nan,0.16
3/30/2023 6:27:58,1.14.0,Free_feed,7,4.04,nan,1,RightWithPellet,Left,162,163,275,0,nan,nan,0.72
3/30/2023 6:28:02,1.14.0,Free_feed,7,4.03,nan,1,RightWithPellet,Left,162,164,275,0,nan,nan,0.17
3/30/2023 6:28:40,1.14.0,Free_feed,7,4.03,nan,1,LeftWithPellet,Left,163,164,275,0,nan,nan,0.23
3/30/2023 6:28:41,1.14.0,Free_feed,7,4.03,nan,1,LeftWithPellet,Left,164,164,275,0,nan,nan,0.23
3/30/2023 6:28:43,1.14.0,Free_feed,7,4.03,nan,1,LeftWithPellet,Left,165,164,275,0,nan,nan,0.13
3/30/2023 6:28:44,1.14.0,Free_feed,7,4.04,nan,1,LeftWithPellet,Left,166,164,275,0,nan,nan,0.32
3/30/2023 6:28:49,1.14.0,Free_feed,7,4.03,2,1,Pellet,Left,166,164,276,0,Timed_out,2814,nan
3/30/2023 6:29:11,1.14.0,Free_feed,7,4.03,1,1,Pellet,Left,166,164,277,0,14.61,22,nan
3/30/2023 6:29:31,1.14.0,Free_feed,7,4.04,1,1,Pellet,Left,166,164,278,0,18.48,20,nan
3/30/2023 6:29:39,1.14.0,Free_feed,7,4.03,2,1,Pellet,Left,166,164,279,0,0.79,8,nan
3/30/2023 6:29:57,1.14.0,Free_feed,7,4.03,1,1,Pellet,Left,166,164,280,0,10.49,18,nan
3/30/2023 6:30:14,1.14.0,Free_feed,7,4.04,1,1,Pellet,Left,166,164,281,0,9.44,17,nan
3/30/2023 6:30:31,1.14.0,Free_feed,7,4.04,1,1,Pellet,Left,166,164,282,0,9.62,17,nan
3/30/2023 6:31:10,1.14.0,Free_feed,7,4.03,1,1,Pellet,Left,166,164,283,0,31.67,39,nan
3/30/2023 6:31:43,1.14.0,Free_feed,7,4.03,nan,1,LeftWithPellet,Left,167,164,283,0,nan,nan,0.07
3/30/2023 6:31:43,1.14.0,Free_feed,7,4.03,nan,1,LeftWithPellet,Left,168,164,283,0,nan,nan,0.36
3/30/2023 6:31:44,1.14.0,Free_feed,7,4.04,nan,1,LeftWithPellet,Left,169,164,283,0,nan,nan,0.69
3/30/2023 6:43:49,1.14.0,Free_feed,7,4.03,nan,1,LeftWithPellet,Left,170,164,283,0,nan,nan,0.23
3/30/2023 6:43:52,1.14.0,Free_feed,7,4.03,1,1,Pellet,Left,170,164,284,0,Timed_out,762,nan
3/30/2023 6:43:59,1.14.0,Free_feed,7,4.03,nan,1,RightWithPellet,Left,170,165,284,0,nan,nan,0.79
3/30/2023 6:52:54,1.14.0,Free_feed,7,4.03,nan,1,LeftWithPellet,Left,171,165,284,0,nan,nan,0.15
3/30/2023 6:52:56,1.14.0,Free_feed,7,4.03,nan,1,LeftWithPellet,Left,172,165,284,0,nan,nan,0.28
3/30/2023 6:52:57,1.14.0,Free_feed,7,4.03,nan,1,LeftWithPellet,Left,173,165,284,0,nan,nan,1.13
3/30/2023 6:56:16,1.14.0,Free_feed,7,4.04,nan,1,LeftWithPellet,Left,174,165,284,0,nan,nan,0.39
3/30/2023 6:56:17,1.14.0,Free_feed,7,4.03,nan,1,LeftWithPellet,Left,175,165,284,0,nan,nan,0.03
3/30/2023 6:56:22,1.14.0,Free_feed,7,4.03,1,1,Pellet,Left,175,165,285,0,Timed_out,750,nan
3/30/2023 6:57:27,1.14.0,Free_feed,7,4.03,1,1,Pellet,Left,175,165,286,0,58.50,65,nan
3/30/2023 6:57:45,1.14.0,Free_feed,7,4.03,2,1,Pellet,Left,175,165,287,0,10.18,18,nan
3/30/2023 6:57:59,1.14.0,Free_feed,7,4.03,1,1,Pellet,Left,175,165,288,0,8.15,14,nan
3/30/2023 6:58:16,1.14.0,Free_feed,7,4.04,1,1,Pellet,Left,175,165,289,0,9.94,17,nan
3/30/2023 6:58:34,1.14.0,Free_feed,7,4.04,1,1,Pellet,Left,175,165,290,0,10.67,18,nan
3/30/2023 7:07:10,1.14.0,Free_feed,7,4.03,nan,1,RightWithPellet,Left,175,166,290,0,nan,nan,0.03
3/30/2023 7:07:34,1.14.0,Free_feed,7,4.03,nan,1,LeftWithPellet,Left,176,166,290,0,nan,nan,0.91
3/30/2023 7:08:08,1.14.0,Free_feed,7,4.04,2,1,Pellet,Left,176,166,291,0,Timed_out,574,nan
3/30/2023 7:08:33,1.14.0,Free_feed,7,4.03,1,1,Pellet,Left,176,166,292,0,17.25,25,nan
3/30/2023 7:08:59,1.14.0,Free_feed,7,4.04,1,1,Pellet,Left,176,166,293,0,19.77,26,nan
3/30/2023 7:09:25,1.14.0,Free_feed,7,4.03,1,1,Pellet,Left,176,166,294,0,18.17,25,nan
3/30/2023 7:10:17,1.14.0,Free_feed,7,4.04,1,1,Pellet,Left,176,166,295,0,45.27,53,nan
3/30/2023 7:10:51,1.14.0,Free_feed,7,4.04,nan,1,LeftWithPellet,Left,177,166,295,0,nan,nan,0.32
3/30/2023 7:15:04,1.14.0,Free_feed,7,4.03,1,1,Pellet,Left,177,166,296,0,Timed_out,287,nan
3/30/2023 7:15:31,1.14.0,Free_feed,7,4.03,1,1,Pellet,Left,177,166,297,0,19.83,27,nan
3/30/2023 7:15:54,1.14.0,Free_feed,7,4.03,1,1,Pellet,Left,177,166,298,0,15.83,23,nan
3/30/2023 7:16:25,1.14.0,Free_feed,7,4.03,1,1,Pellet,Left,177,166,299,0,23.59,31,nan
3/30/2023 7:23:20,1.14.0,Free_feed,7,4.03,nan,1,RightWithPellet,Left,177,167,299,0,nan,nan,0.20
3/30/2023 7:30:01,1.14.0,Free_feed,7,4.04,1,1,Pellet,Left,177,167,300,0,Timed_out,816,nan
3/30/2023 7:30:18,1.14.0,Free_feed,7,4.03,1,1,Pellet,Left,177,167,301,0,10.23,17,nan
3/30/2023 7:30:34,1.14.0,Free_feed,7,4.04,1,1,Pellet,Left,177,167,302,0,9.99,16,nan
3/30/2023 7:30:49,1.14.0,Free_feed,7,4.03,3,1,Pellet,Left,177,167,303,0,3.55,15,nan
3/30/2023 7:31:06,1.14.0,Free_feed,7,4.04,1,1,Pellet,Left,177,167,304,0,9.38,17,nan
3/30/2023 7:31:24,1.14.0,Free_feed,7,4.03,1,1,Pellet,Left,177,167,305,0,10.91,18,nan
3/30/2023 7:31:26,1.14.0,Free_feed,7,4.03,1,1,Pellet,Left,177,167,306,0,0.42,2,nan
3/30/2023 7:32:10,1.14.0,Free_feed,7,4.03,nan,1,RightWithPellet,Left,177,168,306,0,nan,nan,0.32
3/30/2023 7:32:17,1.14.0,Free_feed,7,4.03,nan,1,RightWithPellet,Left,177,169,306,0,nan,nan,0.15
3/30/2023 7:32:34,1.14.0,Free_feed,7,4.03,1,1,Pellet,Left,177,169,307,0,Timed_out,68,nan
3/30/2023 7:32:39,1.14.0,Free_feed,7,4.03,nan,1,LeftWithPellet,Left,178,169,307,0,nan,nan,0.12
3/30/2023 7:32:44,1.14.0,Free_feed,7,4.03,nan,1,LeftWithPellet,Left,179,169,307,0,nan,nan,0.07
3/30/2023 7:33:54,1.14.0,Free_feed,7,4.03,nan,1,RightWithPellet,Left,179,170,307,0,nan,nan,1.76
3/30/2023 7:33:58,1.14.0,Free_feed,7,4.03,nan,1,LeftWithPellet,Left,180,170,307,0,nan,nan,0.07
3/30/2023 7:33:59,1.14.0,Free_feed,7,4.03,nan,1,LeftWithPellet,Left,181,170,307,0,nan,nan,0.07
3/30/2023 7:34:00,1.14.0,Free_feed,7,4.03,nan,1,LeftWithPellet,Left,182,170,307,0,nan,nan,0.06
3/30/2023 7:34:03,1.14.0,Free_feed,7,4.03,nan,1,LeftWithPellet,Left,183,170,307,0,nan,nan,0.03
3/30/2023 7:34:04,1.14.0,Free_feed,7,4.04,nan,1,LeftWithPellet,Left,184,170,307,0,nan,nan,0.02
3/30/2023 7:34:07,1.14.0,Free_feed,7,4.03,nan,1,LeftWithPellet,Left,185,170,307,0,nan,nan,0.13
3/30/2023 7:41:22,1.14.0,Free_feed,7,4.03,2,1,Pellet,Left,185,170,308,0,Timed_out,528,nan
3/30/2023 8:46:23,1.14.0,Free_feed,7,4.03,1,1,Pellet,Left,185,170,309,0,Timed_out,3901,nan
3/30/2023 8:46:32,1.14.0,Free_feed,7,4.03,1,1,Pellet,Left,185,170,310,0,1.16,9,nan
3/30/2023 8:47:01,1.14.0,Free_feed,7,4.03,1,1,Pellet,Left,185,170,311,0,21.86,28,nan
3/30/2023 8:47:24,1.14.0,Free_feed,7,4.03,1,1,Pellet,Left,185,170,312,0,16.01,24,nan
3/30/2023 8:47:56,1.14.0,Free_feed,7,4.03,1,1,Pellet,Left,185,170,313,0,25.19,32,nan
3/30/2023 8:48:21,1.14.0,Free_feed,7,4.03,1,1,Pellet,Left,185,170,314,0,17.86,24,nan
3/30/2023 8:48:41,1.14.0,Free_feed,7,4.03,1,1,Pellet,Left,185,170,315,0,13.62,21,nan
3/30/2023 8:49:04,1.14.0,Free_feed,7,4.03,1,1,Pellet,Left,185,170,316,0,14.79,22,nan
3/30/2023 8:49:37,1.14.0,Free_feed,7,4.03,1,1,Pellet,Left,185,170,317,0,26.48,34,nan
3/30/2023 8:49:57,1.14.0,Free_feed,7,4.03,1,1,Pellet,Left,185,170,318,0,12.02,19,nan
3/30/2023 8:50:19,1.14.0,Free_feed,7,4.03,1,1,Pellet,Left,185,170,319,0,15.40,23,nan
3/30/2023 8:50:39,1.14.0,Free_feed,7,4.03,1,1,Pellet,Left,185,170,320,0,11.90,20,nan
3/30/2023 9:37:32,1.14.0,Free_feed,7,4.03,1,1,Pellet,Left,185,170,321,0,Timed_out,2813,nan
3/30/2023 9:37:59,1.14.0,Free_feed,7,4.03,1,1,Pellet,Left,185,170,322,0,20.51,27,nan
3/30/2023 9:38:08,1.14.0,Free_feed,7,4.03,2,1,Pellet,Left,185,170,323,0,0.36,9,nan
3/30/2023 9:38:29,1.14.0,Free_feed,7,4.03,1,1,Pellet,Left,185,170,324,0,14.61,21,nan
3/30/2023 9:38:51,1.14.0,Free_feed,7,4.03,2,1,Pellet,Left,185,170,325,0,12.02,22,nan
3/30/2023 9:39:10,1.14.0,Free_feed,7,4.03,2,1,Pellet,Left,185,170,326,0,9.69,18,nan
3/30/2023 9:39:27,1.14.0,Free_feed,7,4.03,1,1,Pellet,Left,185,170,327,0,9.87,18,nan
3/30/2023 9:39:46,1.14.0,Free_feed,7,4.03,1,1,Pellet,Left,185,170,328,0,11.65,18,nan
3/30/2023 9:45:20,1.14.0,Free_feed,7,4.03,1,1,Pellet,Left,185,170,329,0,Timed_out,335,nan
