MM:DD:YYYY hh:mm:ss,Library_Version,Session_type,Device_Number,Battery_Voltage,Motor_Turns,FR,Event,Active_Poke,Left_Poke_Count,Right_Poke_Count,Pellet_Count,Block_Pellet_Count,Retrieval_Time,InterPelletInterval,Poke_Time
3/29/2023 10:57:09,1.14.0,Free_feed,16,4.19,nan,1,LeftWithPellet,Left,1,0,0,0,nan,nan,0.02
3/29/2023 10:58:04,1.14.0,Free_feed,16,4.18,20,1,Pellet,Left,1,0,1,0,Timed_out,nan,nan
3/29/2023 11:00:16,1.14.0,Free_feed,16,4.18,3,1,Pellet,Left,1,0,2,0,Timed_out,132,nan
3/29/2023 11:00:24,1.14.0,Free_feed,16,4.19,2,1,Pellet,Left,1,0,3,0,1.22,8,nan
3/29/2023 11:07:44,1.14.0,Free_feed,16,4.18,nan,1,RightWithPellet,Left,1,1,3,0,nan,nan,0.05
3/29/2023 11:07:54,1.14.0,Free_feed,16,4.18,nan,1,RightWithPellet,Left,1,2,3,0,nan,nan,0.22
3/29/2023 11:08:03,1.14.0,Free_feed,16,4.18,nan,1,RightWithPellet,Left,1,3,3,0,nan,nan,0.04
3/29/2023 11:08:10,1.14.0,Free_feed,16,4.18,nan,1,RightWithPellet,Left,1,4,3,0,nan,nan,0.19
3/29/2023 11:11:23,1.14.0,Free_feed,16,4.18,nan,1,RightWithPellet,Left,1,5,3,0,nan,nan,0.01
3/29/2023 11:12:10,1.14.0,Free_feed,16,4.19,nan,1,LeftWithPellet,Left,2,5,3,0,nan,nan,1.57
3/29/2023 11:12:14,1.14.0,Free_feed,16,4.19,nan,1,RightWithPellet,Left,2,6,3,0,nan,nan,0.10
3/29/2023 11:12:31,1.14.0,Free_feed,16,4.18,nan,1,RightWithPellet,Left,2,7,3,0,nan,nan,0.67
3/29/2023 11:13:48,1.14.0,Free_feed,16,4.19,nan,1,LeftWithPellet,Left,3,7,3,0,nan,nan,0.01
3/29/2023 11:15:34,1.14.0,Free_feed,16,4.18,nan,1,LeftWithPellet,Left,4,7,3,0,nan,nan,0.06
3/29/2023 11:16:55,1.14.0,Free_feed,16,4.18,nan,1,LeftWithPellet,Left,5,7,3,0,nan,nan,0.09
3/29/2023 11:20:23,1.14.0,Free_feed,16,4.18,nan,1,RightWithPellet,Left,5,8,3,0,nan,nan,0.27
3/29/2023 11:20:42,1.14.0,Free_feed,16,4.18,nan,1,RightWithPellet,Left,5,9,3,0,nan,nan,0.68
3/29/2023 11:20:47,1.14.0,Free_feed,16,4.18,1,1,Pellet,Left,5,9,4,0,Timed_out,1223,nan
3/29/2023 11:21:37,1.14.0,Free_feed,16,4.18,1,1,Pellet,Left,5,9,5,0,43.28,50,nan
3/29/2023 11:21:47,1.14.0,Free_feed,16,4.18,1,1,Pellet,Left,5,9,6,0,2.75,10,nan
3/29/2023 11:21:57,1.14.0,Free_feed,16,4.18,1,1,Pellet,Left,5,9,7,0,3.42,10,nan
3/29/2023 11:22:05,1.14.0,Free_feed,16,4.19,nan,1,RightWithPellet,Left,5,10,7,0,nan,nan,0.01
3/29/2023 11:23:07,1.14.0,Free_feed,16,4.18,1,1,Pellet,Left,5,10,8,0,Timed_out,70,nan
3/29/2023 11:23:53,1.14.0,Free_feed,16,4.18,nan,1,RightWithPellet,Left,5,11,8,0,nan,nan,0.15
3/29/2023 11:24:48,1.14.0,Free_feed,16,4.18,nan,1,LeftWithPellet,Left,6,11,8,0,nan,nan,0.18
3/29/2023 11:24:55,1.14.0,Free_feed,16,4.18,nan,1,RightWithPellet,Left,6,12,8,0,nan,nan,0.16
3/29/2023 11:25:05,1.14.0,Free_feed,16,4.19,nan,1,LeftWithPellet,Left,7,12,8,0,nan,nan,0.13
3/29/2023 11:25:08,1.14.0,Free_feed,16,4.18,1,1,Pellet,Left,7,12,9,0,Timed_out,121,nan
3/29/2023 11:25:09,1.14.0,Free_feed,16,4.18,1,1,Pellet,Left,7,12,10,0,0.06,1,nan
3/29/2023 11:25:59,1.14.0,Free_feed,16,4.18,1,1,Pellet,Left,7,12,11,0,43.30,50,nan
3/29/2023 11:26:48,1.14.0,Free_feed,16,4.19,nan,1,LeftWithPellet,Left,8,12,11,0,nan,nan,0.10
3/29/2023 11:26:59,1.14.0,Free_feed,16,4.19,nan,1,RightWithPellet,Left,8,13,11,0,nan,nan,0.00
3/29/2023 11:27:00,1.14.0,Free_feed,16,4.19,nan,1,RightWithPellet,Left,8,14,11,0,nan,nan,0.12
3/29/2023 11:27:07,1.14.0,Free_feed,16,4.18,nan,1,RightWithPellet,Left,8,15,11,0,nan,nan,0.34
3/29/2023 11:28:05,1.14.0,Free_feed,16,4.18,nan,1,LeftWithPellet,Left,9,15,11,0,nan,nan,0.00
3/29/2023 11:28:22,1.14.0,Free_feed,16,4.18,1,1,Pellet,Left,9,15,12,0,Timed_out,143,nan
3/29/2023 11:31:05,1.14.0,Free_feed,16,4.18,nan,1,LeftWithPellet,Left,10,15,12,0,nan,nan,0.26
3/29/2023 11:31:23,1.14.0,Free_feed,16,4.18,nan,1,RightWithPellet,Left,10,16,12,0,nan,nan,0.11
3/29/2023 11:31:24,1.14.0,Free_feed,16,4.18,nan,1,RightWithPellet,Left,10,17,12,0,nan,nan,0.00
3/29/2023 11:32:51,1.14.0,Free_feed,16,4.18,nan,1,RightWithPellet,Left,10,18,12,0,nan,nan,0.05
3/29/2023 11:36:25,1.14.0,Free_feed,16,4.18,nan,1,RightWithPellet,Left,10,19,12,0,nan,nan,0.12
3/29/2023 11:36:27,1.14.0,Free_feed,16,4.18,1,1,Pellet,Left,10,19,13,0,Timed_out,485,nan
3/29/2023 11:36:35,1.14.0,Free_feed,16,4.18,1,1,Pellet,Left,10,19,14,0,1.03,8,nan
3/29/2023 11:41:14,1.14.0,Free_feed,16,4.18,nan,1,LeftWithPellet,Left,11,19,14,0,nan,nan,0.21
3/29/2023 11:41:17,1.14.0,Free_feed,16,4.18,1,1,Pellet,Left,11,19,15,0,Timed_out,282,nan
3/29/2023 11:41:41,1.14.0,Free_feed,16,4.18,nan,1,RightWithPellet,Left,11,20,15,0,nan,nan,0.02
3/29/2023 11:45:23,1.14.0,Free_feed,16,4.18,nan,1,LeftWithPellet,Left,12,20,15,0,nan,nan,0.39
3/29/2023 11:46:31,1.14.0,Free_feed,16,4.19,nan,1,LeftWithPellet,Left,13,20,15,0,nan,nan,0.02
3/29/2023 11:46:34,1.14.0,Free_feed,16,4.18,nan,1,LeftWithPellet,Left,14,20,15,0,nan,nan,1.44
3/29/2023 11:46:41,1.14.0,Free_feed,16,4.18,nan,1,LeftWithPellet,Left,15,20,15,0,nan,nan,0.11
3/29/2023 11:46:43,1.14.0,Free_feed,16,4.18,nan,1,LeftWithPellet,Left,16,20,15,0,nan,nan,0.03
3/29/2023 11:46:46,1.14.0,Free_feed,16,4.18,nan,1,LeftWithPellet,Left,17,20,15,0,nan,nan,0.12
3/29/2023 11:47:02,1.14.0,Free_feed,16,4.18,nan,1,LeftWithPellet,Left,18,20,15,0,nan,nan,0.17
3/29/2023 11:47:10,1.14.0,Free_feed,16,4.19,nan,1,RightWithPellet,Left,18,21,15,0,nan,nan,0.04
3/29/2023 11:47:11,1.14.0,Free_feed,16,4.18,nan,1,RightWithPellet,Left,18,22,15,0,nan,nan,0.04
3/29/2023 11:47:22,1.14.0,Free_feed,16,4.18,nan,1,LeftWithPellet,Left,19,22,15,0,nan,nan,0.19
3/29/2023 11:47:29,1.14.0,Free_feed,16,4.18,nan,1,RightWithPellet,Left,19,23,15,0,nan,nan,0.07
3/29/2023 11:48:12,1.14.0,Free_feed,16,4.18,nan,1,LeftWithPellet,Left,20,23,15,0,nan,nan,0.04
3/29/2023 11:48:44,1.14.0,Free_feed,16,4.18,nan,1,LeftWithPellet,Left,21,23,15,0,nan,nan,0.24
3/29/2023 11:48:46,1.14.0,Free_feed,16,4.18,nan,1,RightWithPellet,Left,21,24,15,0,nan,nan,0.26
3/29/2023 11:48:56,1.14.0,Free_feed,16,4.18,nan,1,LeftWithPellet,Left,22,24,15,0,nan,nan,0.06
3/29/2023 11:52:05,1.14.0,Free_feed,16,4.19,nan,1,LeftWithPellet,Left,23,24,15,0,nan,nan,0.06
3/29/2023 11:53:41,1.14.0,Free_feed,16,4.18,nan,1,RightWithPellet,Left,23,25,15,0,nan,nan,0.22
3/29/2023 11:53:46,1.14.0,Free_feed,16,4.18,nan,1,RightWithPellet,Left,23,26,15,0,nan,nan,0.04
3/29/2023 11:54:09,1.14.0,Free_feed,16,4.18,nan,1,RightWithPellet,Left,23,27,15,0,nan,nan,0.01
3/29/2023 11:58:17,1.14.0,Free_feed,16,4.18,nan,1,RightWithPellet,Left,23,28,15,0,nan,nan,0.05
3/29/2023 12:00:56,1.14.0,Free_feed,16,4.19,nan,1,LeftWithPellet,Left,24,28,15,0,nan,nan,0.20
3/29/2023 12:01:33,1.14.0,Free_feed,16,4.18,1,1,Pellet,Left,24,28,16,0,Timed_out,1216,nan
3/29/2023 12:01:35,1.14.0,Free_feed,16,4.18,1,1,Pellet,Left,24,28,17,0,0.18,2,nan
3/29/2023 12:01:42,1.14.0,Free_feed,16,4.18,1,1,Pellet,Left,24,28,18,0,0.42,7,nan
3/29/2023 12:01:49,1.14.0,Free_feed,16,4.19,nan,1,LeftWithPellet,Left,25,28,18,0,nan,nan,0.11
3/29/2023 12:01:51,1.14.0,Free_feed,16,4.18,1,1,Pellet,Left,25,28,19,0,6.41,9,nan
3/29/2023 12:02:08,1.14.0,Free_feed,16,4.18,1,1,Pellet,Left,25,28,20,0,9.93,17,nan
3/29/2023 12:02:26,1.14.0,Free_feed,16,4.18,1,1,Pellet,Left,25,28,21,0,15.78,18,nan
3/29/2023 12:02:48,1.14.0,Free_feed,16,4.19,nan,1,LeftWithPellet,Left,26,28,21,0,nan,nan,0.05
3/29/2023 12:04:31,1.14.0,Free_feed,16,4.19,nan,1,RightWithPellet,Left,26,29,21,0,nan,nan,0.21
3/29/2023 12:04:37,1.14.0,Free_feed,16,4.18,nan,1,RightWithPellet,Left,26,30,21,0,nan,nan,0.12
3/29/2023 12:08:44,1.14.0,Free_feed,16,4.18,nan,1,RightWithPellet,Left,26,31,21,0,nan,nan,0.24
3/29/2023 12:13:29,1.14.0,Free_feed,16,4.18,nan,1,LeftWithPellet,Left,27,31,21,0,nan,nan,0.02
3/29/2023 12:15:03,1.14.0,Free_feed,16,4.18,nan,1,LeftWithPellet,Left,28,31,21,0,nan,nan,0.09
3/29/2023 12:15:18,1.14.0,Free_feed,16,4.18,nan,1,RightWithPellet,Left,28,32,21,0,nan,nan,0.03
3/29/2023 12:15:20,1.14.0,Free_feed,16,4.18,1,1,Pellet,Left,28,32,22,0,Timed_out,774,nan
3/29/2023 12:17:31,1.14.0,Free_feed,16,4.18,nan,1,RightWithPellet,Left,28,33,22,0,nan,nan,0.04
3/29/2023 12:18:45,1.14.0,Free_feed,16,4.18,nan,1,LeftWithPellet,Left,29,33,22,0,nan,nan,0.13
3/29/2023 12:19:04,1.14.0,Free_feed,16,4.18,1,1,Pellet,Left,29,33,23,0,Timed_out,224,nan
3/29/2023 12:19:27,1.14.0,Free_feed,16,4.18,1,1,Pellet,Left,29,33,24,0,15.53,23,nan
3/29/2023 12:19:40,1.14.0,Free_feed,16,4.18,1,1,Pellet,Left,29,33,25,0,6.12,13,nan
3/29/2023 12:19:59,1.14.0,Free_feed,16,4.18,nan,1,LeftWithPellet,Left,30,33,25,0,nan,nan,0.49
3/29/2023 12:20:00,1.14.0,Free_feed,16,4.18,1,1,Pellet,Left,30,33,26,0,12.65,20,nan
3/29/2023 12:20:16,1.14.0,Free_feed,16,4.18,1,1,Pellet,Left,30,33,27,0,8.89,16,nan
3/29/2023 12:20:18,1.14.0,Free_feed,16,4.18,1,1,Pellet,Left,30,33,28,0,0.67,2,nan
3/29/2023 12:20:33,1.14.0,Free_feed,16,4.18,1,1,Pellet,Left,30,33,29,0,7.91,15,nan
3/29/2023 12:20:41,1.14.0,Free_feed,16,4.18,1,1,Pellet,Left,30,33,30,0,1.58,8,nan
3/29/2023 12:22:20,1.14.0,Free_feed,16,4.18,nan,1,RightWithPellet,Left,30,34,30,0,nan,nan,0.08
3/29/2023 12:22:25,1.14.0,Free_feed,16,4.18,nan,1,RightWithPellet,Left,30,35,30,0,nan,nan,0.17
3/29/2023 12:22:34,1.14.0,Free_feed,16,4.18,nan,1,LeftWithPellet,Left,31,35,30,0,nan,nan,0.06
3/29/2023 12:27:00,1.14.0,Free_feed,16,4.18,nan,1,LeftWithPellet,Left,32,35,30,0,nan,nan,0.10
3/29/2023 12:27:25,1.14.0,Free_feed,16,4.18,nan,1,RightWithPellet,Left,32,36,30,0,nan,nan,0.03
3/29/2023 12:31:07,1.14.0,Free_feed,16,4.18,nan,1,RightWithPellet,Left,32,37,30,0,nan,nan,0.31
3/29/2023 12:34:58,1.14.0,Free_feed,16,4.18,nan,1,LeftWithPellet,Left,33,37,30,0,nan,nan,0.06
3/29/2023 12:39:11,1.14.0,Free_feed,16,4.18,nan,1,RightWithPellet,Left,33,38,30,0,nan,nan,0.02
3/29/2023 12:39:16,1.14.0,Free_feed,16,4.18,2,1,Pellet,Left,33,38,31,0,Timed_out,1115,nan
3/29/2023 12:39:54,1.14.0,Free_feed,16,4.18,1,1,Pellet,Left,33,38,32,0,31.11,38,nan
3/29/2023 12:44:23,1.14.0,Free_feed,16,4.18,nan,1,RightWithPellet,Left,33,39,32,0,nan,nan,0.04
3/29/2023 12:44:36,1.14.0,Free_feed,16,4.18,nan,1,RightWithPellet,Left,33,40,32,0,nan,nan,0.00
3/29/2023 12:47:06,1.14.0,Free_feed,16,4.18,nan,1,RightWithPellet,Left,33,41,32,0,nan,nan,0.26
3/29/2023 12:47:09,1.14.0,Free_feed,16,4.18,nan,1,LeftWithPellet,Left,34,41,32,0,nan,nan,0.01
3/29/2023 12:47:12,1.14.0,Free_feed,16,4.18,nan,1,LeftWithPellet,Left,35,41,32,0,nan,nan,0.00
3/29/2023 12:48:35,1.14.0,Free_feed,16,4.18,1,1,Pellet,Left,35,41,33,0,Timed_out,521,nan
3/29/2023 12:52:58,1.14.0,Free_feed,16,4.18,nan,1,RightWithPellet,Left,35,42,33,0,nan,nan,0.49
3/29/2023 12:53:50,1.14.0,Free_feed,16,4.18,1,1,Pellet,Left,35,42,34,0,Timed_out,315,nan
3/29/2023 12:54:02,1.14.0,Free_feed,16,4.18,1,1,Pellet,Left,35,42,35,0,4.84,12,nan
3/29/2023 12:56:15,1.14.0,Free_feed,16,4.18,nan,1,LeftWithPellet,Left,36,42,35,0,nan,nan,0.06
3/29/2023 12:58:28,1.14.0,Free_feed,16,4.18,nan,1,LeftWithPellet,Left,37,42,35,0,nan,nan,0.39
3/29/2023 12:59:05,1.14.0,Free_feed,16,4.18,nan,1,RightWithPellet,Left,37,43,35,0,nan,nan,0.02
3/29/2023 13:07:27,1.14.0,Free_feed,16,4.18,nan,1,RightWithPellet,Left,37,44,35,0,nan,nan,0.04
3/29/2023 13:07:35,1.14.0,Free_feed,16,4.18,1,1,Pellet,Left,37,44,36,0,Timed_out,813,nan
3/29/2023 13:07:50,1.14.0,Free_feed,16,4.18,1,1,Pellet,Left,37,44,37,0,7.29,15,nan
3/29/2023 13:08:04,1.14.0,Free_feed,16,4.18,1,1,Pellet,Left,37,44,38,0,6.98,14,nan
3/29/2023 13:08:20,1.14.0,Free_feed,16,4.18,1,1,Pellet,Left,37,44,39,0,8.03,15,nan
3/29/2023 13:08:33,1.14.0,Free_feed,16,4.18,1,1,Pellet,Left,37,44,40,0,6.62,14,nan
3/29/2023 13:08:35,1.14.0,Free_feed,16,4.18,1,1,Pellet,Left,37,44,41,0,0.18,2,nan
3/29/2023 13:08:55,1.14.0,Free_feed,16,4.18,1,1,Pellet,Left,37,44,42,0,13.62,20,nan
3/29/2023 13:09:09,1.14.0,Free_feed,16,4.18,1,1,Pellet,Left,37,44,43,0,6.19,14,nan
3/29/2023 13:09:24,1.14.0,Free_feed,16,4.18,1,1,Pellet,Left,37,44,44,0,8.46,15,nan
3/29/2023 13:09:50,1.14.0,Free_feed,16,4.18,nan,1,RightWithPellet,Left,37,45,44,0,nan,nan,0.28
3/29/2023 13:09:54,1.14.0,Free_feed,16,4.18,nan,1,RightWithPellet,Left,37,46,44,0,nan,nan,0.01
3/29/2023 13:09:56,1.14.0,Free_feed,16,4.18,nan,1,LeftWithPellet,Left,38,46,44,0,nan,nan,0.35
3/29/2023 13:09:59,1.14.0,Free_feed,16,4.18,nan,1,LeftWithPellet,Left,39,46,44,0,nan,nan,0.04
3/29/2023 13:11:40,1.14.0,Free_feed,16,4.18,nan,1,LeftWithPellet,Left,40,46,44,0,nan,nan,0.03
3/29/2023 13:17:43,1.14.0,Free_feed,16,4.18,nan,1,LeftWithPellet,Left,41,46,44,0,nan,nan,0.19
3/29/2023 13:17:48,1.14.0,Free_feed,16,4.18,nan,1,LeftWithPellet,Left,42,46,44,0,nan,nan,0.03
3/29/2023 13:18:06,1.14.0,Free_feed,16,4.18,nan,1,RightWithPellet,Left,42,47,44,0,nan,nan,0.20
3/29/2023 13:18:44,1.14.0,Free_feed,16,4.18,nan,1,RightWithPellet,Left,42,48,44,0,nan,nan,0.36
3/29/2023 13:22:38,1.14.0,Free_feed,16,4.18,nan,1,LeftWithPellet,Left,43,48,44,0,nan,nan,0.01
3/29/2023 13:24:54,1.14.0,Free_feed,16,4.17,2,1,Pellet,Left,43,48,45,0,Timed_out,930,nan
3/29/2023 13:25:15,1.14.0,Free_feed,16,4.18,1,1,Pellet,Left,43,48,46,0,13.44,21,nan
3/29/2023 13:25:28,1.14.0,Free_feed,16,4.18,1,1,Pellet,Left,43,48,47,0,5.39,13,nan
3/29/2023 13:25:45,1.14.0,Free_feed,16,4.18,1,1,Pellet,Left,43,48,48,0,8.95,17,nan
3/29/2023 13:26:01,1.14.0,Free_feed,16,4.18,1,1,Pellet,Left,43,48,49,0,9.26,16,nan
3/29/2023 13:26:24,1.14.0,Free_feed,16,4.18,nan,1,RightWithPellet,Left,43,49,49,0,nan,nan,0.06
3/29/2023 13:26:57,1.14.0,Free_feed,16,4.18,nan,1,LeftWithPellet,Left,44,49,49,0,nan,nan,0.05
3/29/2023 13:29:03,1.14.0,Free_feed,16,4.18,nan,1,RightWithPellet,Left,44,50,49,0,nan,nan,0.19
3/29/2023 13:30:57,1.14.0,Free_feed,16,4.18,nan,1,RightWithPellet,Left,44,51,49,0,nan,nan,0.09
3/29/2023 13:31:04,1.14.0,Free_feed,16,4.18,nan,1,RightWithPellet,Left,44,52,49,0,nan,nan,0.12
3/29/2023 13:34:32,1.14.0,Free_feed,16,4.18,nan,1,RightWithPellet,Left,44,53,49,0,nan,nan,0.20
3/29/2023 13:34:53,1.14.0,Free_feed,16,4.18,1,1,Pellet,Left,44,53,50,0,Timed_out,532,nan
3/29/2023 13:34:54,1.14.0,Free_feed,16,4.18,1,1,Pellet,Left,44,53,51,0,0.06,1,nan
3/29/2023 13:35:15,1.14.0,Free_feed,16,4.18,1,1,Pellet,Left,44,53,52,0,13.75,21,nan
3/29/2023 13:47:46,1.14.0,Free_feed,16,4.18,nan,1,RightWithPellet,Left,44,54,52,0,nan,nan,0.03
3/29/2023 14:24:23,1.14.0,Free_feed,16,4.18,1,1,Pellet,Left,44,54,53,0,Timed_out,2948,nan
3/29/2023 14:25:19,1.14.0,Free_feed,16,4.17,1,1,Pellet,Left,44,54,54,0,47.69,55,nan
3/29/2023 14:25:41,1.14.0,Free_feed,16,4.18,1,1,Pellet,Left,44,54,55,0,15.65,23,nan
3/29/2023 14:26:07,1.14.0,Free_feed,16,4.18,nan,1,RightWithPellet,Left,44,55,55,0,nan,nan,0.18
3/29/2023 14:27:13,1.14.0,Free_feed,16,4.18,1,1,Pellet,Left,44,55,56,0,Timed_out,92,nan
3/29/2023 14:27:34,1.14.0,Free_feed,16,4.18,nan,1,LeftWithPellet,Left,45,55,56,0,nan,nan,0.30
3/29/2023 14:31:46,1.14.0,Free_feed,16,4.18,1,1,Pellet,Left,45,55,57,0,Timed_out,273,nan
3/29/2023 14:32:09,1.14.0,Free_feed,16,4.18,nan,1,RightWithPellet,Left,45,56,57,0,nan,nan,0.32
3/29/2023 14:32:50,1.14.0,Free_feed,16,4.18,nan,1,RightWithPellet,Left,45,57,57,0,nan,nan,0.02
3/29/2023 14:33:16,1.14.0,Free_feed,16,4.18,nan,1,RightWithPellet,Left,45,58,57,0,nan,nan,0.04
3/29/2023 14:35:28,1.14.0,Free_feed,16,4.18,nan,1,LeftWithPellet,Left,46,58,57,0,nan,nan,0.48
3/29/2023 14:38:07,1.14.0,Free_feed,16,4.18,1,1,Pellet,Left,46,58,58,0,Timed_out,381,nan
3/29/2023 14:39:13,1.14.0,Free_feed,16,4.18,1,1,Pellet,Left,46,58,59,0,58.24,66,nan
3/29/2023 14:40:29,1.14.0,Free_feed,16,4.17,nan,1,LeftWithPellet,Left,47,58,59,0,nan,nan,0.05
3/29/2023 14:41:45,1.14.0,Free_feed,16,4.18,1,1,Pellet,Left,47,58,60,0,Timed_out,152,nan
3/29/2023 14:42:03,1.14.0,Free_feed,16,4.18,1,1,Pellet,Left,47,58,61,0,10.66,17,nan
3/29/2023 14:42:20,1.14.0,Free_feed,16,4.18,1,1,Pellet,Left,47,58,62,0,9.56,17,nan
3/29/2023 14:42:21,1.14.0,Free_feed,16,4.18,1,1,Pellet,Left,47,58,63,0,0.18,2,nan
3/29/2023 14:42:23,1.14.0,Free_feed,16,4.18,1,1,Pellet,Left,47,58,64,0,0.06,2,nan
3/29/2023 14:42:41,1.14.0,Free_feed,16,4.18,1,1,Pellet,Left,47,58,65,0,11.28,18,nan
3/29/2023 14:42:43,1.14.0,Free_feed,16,4.18,1,1,Pellet,Left,47,58,66,0,0.06,2,nan
3/29/2023 14:42:58,1.14.0,Free_feed,16,4.17,1,1,Pellet,Left,47,58,67,0,8.52,15,nan
3/29/2023 15:34:44,1.14.0,Free_feed,16,4.18,1,1,Pellet,Left,47,58,68,0,Timed_out,3106,nan
3/29/2023 15:35:06,1.14.0,Free_feed,16,4.18,1,1,Pellet,Left,47,58,69,0,14.42,21,nan
3/29/2023 15:35:32,1.14.0,Free_feed,16,4.17,1,1,Pellet,Left,47,58,70,0,19.35,27,nan
3/29/2023 15:35:42,1.14.0,Free_feed,16,4.17,1,1,Pellet,Left,47,58,71,0,1.52,10,nan
3/29/2023 15:36:03,1.14.0,Free_feed,16,4.17,1,1,Pellet,Left,47,58,72,0,13.62,21,nan
3/29/2023 15:36:27,1.14.0,Free_feed,16,4.18,1,1,Pellet,Left,47,58,73,0,17.01,24,nan
3/29/2023 15:36:49,1.14.0,Free_feed,16,4.18,nan,1,RightWithPellet,Left,47,59,73,0,nan,nan,0.31
3/29/2023 16:24:03,1.14.0,Free_feed,16,4.17,1,1,Pellet,Left,47,59,74,0,Timed_out,2856,nan
3/29/2023 16:24:05,1.14.0,Free_feed,16,4.17,1,1,Pellet,Left,47,59,75,0,0.06,2,nan
3/29/2023 16:24:30,1.14.0,Free_feed,16,4.17,1,1,Pellet,Left,47,59,76,0,17.25,25,nan
3/29/2023 16:24:53,1.14.0,Free_feed,16,4.17,1,1,Pellet,Left,47,59,77,0,15.16,22,nan
3/29/2023 16:25:13,1.14.0,Free_feed,16,4.17,1,1,Pellet,Left,47,59,78,0,13.99,21,nan
3/29/2023 16:25:41,1.14.0,Free_feed,16,4.18,1,1,Pellet,Left,47,59,79,0,20.58,28,nan
3/29/2023 16:30:21,1.14.0,Free_feed,16,4.17,1,1,Pellet,Left,47,59,80,0,Timed_out,280,nan
3/29/2023 16:30:39,1.14.0,Free_feed,16,4.17,1,1,Pellet,Left,47,59,81,0,10.98,18,nan
3/29/2023 16:31:01,1.14.0,Free_feed,16,4.17,1,1,Pellet,Left,47,59,82,0,14.17,22,nan
3/29/2023 16:31:20,1.14.0,Free_feed,16,4.17,1,1,Pellet,Left,47,59,83,0,12.21,19,nan
3/29/2023 16:31:38,1.14.0,Free_feed,16,4.17,1,1,Pellet,Left,47,59,84,0,11.10,17,nan
3/29/2023 16:31:58,1.14.0,Free_feed,16,4.17,1,1,Pellet,Left,47,59,85,0,13.25,21,nan
3/29/2023 16:32:17,1.14.0,Free_feed,16,4.17,1,1,Pellet,Left,47,59,86,0,11.97,19,nan
3/29/2023 16:32:32,1.14.0,Free_feed,16,4.17,1,1,Pellet,Left,47,59,87,0,7.79,15,nan
3/29/2023 17:51:34,1.14.0,Free_feed,16,4.17,1,1,Pellet,Left,47,59,88,0,Timed_out,4742,nan
3/29/2023 17:51:55,1.14.0,Free_feed,16,4.17,1,1,Pellet,Left,47,59,89,0,13.44,21,nan
3/29/2023 17:52:15,1.14.0,Free_feed,16,4.16,1,1,Pellet,Left,47,59,90,0,12.33,20,nan
3/29/2023 17:52:36,1.14.0,Free_feed,16,4.16,2,1,Pellet,Left,47,59,91,0,11.10,21,nan
3/29/2023 17:52:56,1.14.0,Free_feed,16,4.17,1,1,Pellet,Left,47,59,92,0,13.37,20,nan
3/29/2023 18:00:48,1.14.0,Free_feed,16,4.16,nan,1,RightWithPellet,Left,47,60,92,0,nan,nan,0.70
3/29/2023 18:00:48,1.14.0,Free_feed,16,4.16,nan,1,RightWithPellet,Left,47,61,92,0,nan,nan,0.05
3/29/2023 18:43:30,1.14.0,Free_feed,16,4.16,91,1,Pellet,Left,47,61,93,0,Timed_out,3033,nan
3/29/2023 19:10:29,1.14.0,Free_feed,16,4.15,531,1,Pellet,Left,47,61,94,0,0.06,1620,nan
3/29/2023 19:11:13,1.14.0,Free_feed,16,4.14,13,1,Pellet,Left,47,61,95,0,0.06,44,nan
3/30/2023 6:52:05,1.14.0,Free_feed,16,3.81,13883,1,Pellet,Left,47,61,96,0,0.06,42052,nan
3/30/2023 6:52:06,1.14.0,Free_feed,16,3.81,1,1,Pellet,Left,47,61,97,0,0.06,1,nan
3/30/2023 6:52:10,1.14.0,Free_feed,16,3.81,1,1,Pellet,Left,47,61,98,0,0.06,4,nan
