MM:DD:YYYY hh:mm:ss,Library_Version,Session_type,Device_Number,Battery_Voltage,Motor_Turns,FR,Event,Active_Poke,Left_Poke_Count,Right_Poke_Count,Pellet_Count,Block_Pellet_Count,Retrieval_Time,InterPelletInterval,Poke_Time
3/29/2023 10:56:48,1.14.0,Free_feed,17,4.11,nan,1,RightWithPellet,Left,0,1,0,0,nan,nan,0.45
3/29/2023 10:56:49,1.14.0,Free_feed,17,4.10,nan,1,RightWithPellet,Left,0,2,0,0,nan,nan,0.15
3/29/2023 10:59:47,1.14.0,Free_feed,17,4.10,nan,1,RightWithPellet,Left,0,3,0,0,nan,nan,0.44
3/29/2023 10:59:49,1.14.0,Free_feed,17,4.10,nan,1,RightWithPellet,Left,0,4,0,0,nan,nan,0.80
3/29/2023 10:59:52,1.14.0,Free_feed,17,4.10,nan,1,RightWithPellet,Left,0,5,0,0,nan,nan,0.33
3/29/2023 11:04:42,1.14.0,Free_feed,17,4.10,nan,1,RightWithPellet,Left,0,6,0,0,nan,nan,0.10
3/29/2023 11:05:00,1.14.0,Free_feed,17,4.10,nan,1,RightWithPellet,Left,0,7,0,0,nan,nan,0.06
3/29/2023 11:05:39,1.14.0,Free_feed,17,4.10,338,1,Pellet,Left,0,7,1,0,Timed_out,nan,nan
3/29/2023 11:06:16,1.14.0,Free_feed,17,4.11,3,1,Pellet,Left,0,7,2,0,27.25,37,nan
3/29/2023 11:07:24,1.14.0,Free_feed,17,4.10,2,1,Pellet,Left,0,7,3,0,Timed_out,68,nan
3/29/2023 11:07:25,1.14.0,Free_feed,17,4.11,1,1,Pellet,Left,0,7,4,0,0.06,1,nan
3/29/2023 11:07:27,1.14.0,Free_feed,17,4.10,1,1,Pellet,Left,0,7,5,0,0.06,2,nan
3/29/2023 11:07:29,1.14.0,Free_feed,17,4.11,1,1,Pellet,Left,0,7,6,0,0.73,2,nan
3/29/2023 11:09:32,1.14.0,Free_feed,17,4.10,2,1,Pellet,Left,0,7,7,0,Timed_out,123,nan
3/29/2023 11:09:34,1.14.0,Free_feed,17,4.10,1,1,Pellet,Left,0,7,8,0,0.18,2,nan
3/29/2023 11:10:09,1.14.0,Free_feed,17,4.10,nan,1,LeftWithPellet,Left,1,7,8,0,nan,nan,0.02
3/29/2023 11:11:24,1.14.0,Free_feed,17,4.10,nan,1,RightWithPellet,Left,1,8,8,0,nan,nan,0.03
3/29/2023 11:13:08,1.14.0,Free_feed,17,4.10,nan,1,RightWithPellet,Left,1,9,8,0,nan,nan,0.16
3/29/2023 11:13:10,1.14.0,Free_feed,17,4.10,nan,1,RightWithPellet,Left,1,10,8,0,nan,nan,0.47
3/29/2023 11:13:11,1.14.0,Free_feed,17,4.10,nan,1,RightWithPellet,Left,1,11,8,0,nan,nan,0.10
3/29/2023 11:13:13,1.14.0,Free_feed,17,4.10,nan,1,RightWithPellet,Left,1,12,8,0,nan,nan,0.41
3/29/2023 11:13:17,1.14.0,Free_feed,17,4.10,nan,1,LeftWithPellet,Left,2,12,8,0,nan,nan,0.22
3/29/2023 11:13:20,1.14.0,Free_feed,17,4.10,nan,1,LeftWithPellet,Left,3,12,8,0,nan,nan,2.27
3/29/2023 11:13:24,1.14.0,Free_feed,17,4.10,1,1,Pellet,Left,3,12,9,0,Timed_out,230,nan
3/29/2023 11:13:43,1.14.0,Free_feed,17,4.09,2,1,Pellet,Left,3,12,10,0,11.15,19,nan
3/29/2023 11:14:04,1.14.0,Free_feed,17,4.10,1,1,Pellet,Left,3,12,11,0,14.09,20,nan
3/29/2023 11:14:16,1.14.0,Free_feed,17,4.10,1,1,Pellet,Left,3,12,12,0,10.53,13,nan
3/29/2023 11:15:06,1.14.0,Free_feed,17,4.09,1,1,Pellet,Left,3,12,13,0,45.59,50,nan
3/29/2023 11:15:14,1.14.0,Free_feed,17,4.10,nan,1,LeftWithPellet,Left,4,12,13,0,nan,nan,0.22
3/29/2023 11:15:15,1.14.0,Free_feed,17,4.10,1,1,Pellet,Left,4,12,14,0,1.96,9,nan
3/29/2023 11:16:48,1.14.0,Free_feed,17,4.10,nan,1,LeftWithPellet,Left,5,12,14,0,nan,nan,0.14
3/29/2023 11:16:55,1.14.0,Free_feed,17,4.10,nan,1,RightWithPellet,Left,5,13,14,0,nan,nan,0.13
3/29/2023 11:17:39,1.14.0,Free_feed,17,4.10,nan,1,RightWithPellet,Left,5,14,14,0,nan,nan,0.15
3/29/2023 11:17:46,1.14.0,Free_feed,17,4.10,1,1,Pellet,Left,5,14,15,0,Timed_out,151,nan
3/29/2023 11:17:48,1.14.0,Free_feed,17,4.10,nan,1,RightWithPellet,Left,5,15,15,0,nan,nan,0.06
3/29/2023 11:17:55,1.14.0,Free_feed,17,4.10,nan,1,RightWithPellet,Left,5,16,15,0,nan,nan,0.07
3/29/2023 11:18:27,1.14.0,Free_feed,17,4.10,1,1,Pellet,Left,5,16,16,0,39.47,41,nan
3/29/2023 11:20:04,1.14.0,Free_feed,17,4.10,1,1,Pellet,Left,5,16,17,0,Timed_out,97,nan
3/29/2023 11:21:55,1.14.0,Free_feed,17,4.10,1,1,Pellet,Left,5,16,18,0,Timed_out,111,nan
3/29/2023 11:21:57,1.14.0,Free_feed,17,4.10,nan,1,RightWithPellet,Left,5,17,18,0,nan,nan,0.11
3/29/2023 11:21:58,1.14.0,Free_feed,17,4.10,nan,1,RightWithPellet,Left,5,18,18,0,nan,nan,0.12
3/29/2023 11:22:02,1.14.0,Free_feed,17,4.10,nan,1,RightWithPellet,Left,5,19,18,0,nan,nan,0.94
3/29/2023 11:22:51,1.14.0,Free_feed,17,4.09,nan,1,RightWithPellet,Left,5,20,18,0,nan,nan,0.27
3/29/2023 11:22:52,1.14.0,Free_feed,17,4.10,nan,1,RightWithPellet,Left,5,21,18,0,nan,nan,0.07
3/29/2023 11:22:53,1.14.0,Free_feed,17,4.10,nan,1,RightWithPellet,Left,5,22,18,0,nan,nan,0.26
3/29/2023 11:23:11,1.14.0,Free_feed,17,4.10,nan,1,LeftWithPellet,Left,6,22,18,0,nan,nan,0.02
3/29/2023 11:23:12,1.14.0,Free_feed,17,4.10,nan,1,LeftWithPellet,Left,7,22,18,0,nan,nan,0.10
3/29/2023 11:24:32,1.14.0,Free_feed,17,4.10,nan,1,LeftWithPellet,Left,8,22,18,0,nan,nan,0.01
3/29/2023 11:26:27,1.14.0,Free_feed,17,4.10,1,1,Pellet,Left,8,22,19,0,Timed_out,272,nan
3/29/2023 11:27:20,1.14.0,Free_feed,17,4.10,1,1,Pellet,Left,8,22,20,0,45.98,53,nan
3/29/2023 11:29:08,1.14.0,Free_feed,17,4.10,nan,1,LeftWithPellet,Left,9,22,20,0,nan,nan,0.05
3/29/2023 11:32:49,1.14.0,Free_feed,17,4.10,nan,1,LeftWithPellet,Left,10,22,20,0,nan,nan,1.06
3/29/2023 11:32:51,1.14.0,Free_feed,17,4.10,nan,1,LeftWithPellet,Left,11,22,20,0,nan,nan,0.67
3/29/2023 11:32:53,1.14.0,Free_feed,17,4.10,nan,1,LeftWithPellet,Left,12,22,20,0,nan,nan,0.05
3/29/2023 11:32:57,1.14.0,Free_feed,17,4.10,nan,1,LeftWithPellet,Left,13,22,20,0,nan,nan,0.02
3/29/2023 11:33:02,1.14.0,Free_feed,17,4.10,nan,1,LeftWithPellet,Left,14,22,20,0,nan,nan,0.05
3/29/2023 11:33:04,1.14.0,Free_feed,17,4.10,nan,1,LeftWithPellet,Left,15,22,20,0,nan,nan,0.01
3/29/2023 11:33:08,1.14.0,Free_feed,17,4.10,nan,1,RightWithPellet,Left,15,23,20,0,nan,nan,0.05
3/29/2023 11:33:33,1.14.0,Free_feed,17,4.10,nan,1,RightWithPellet,Left,15,24,20,0,nan,nan,0.20
3/29/2023 11:33:33,1.14.0,Free_feed,17,4.10,nan,1,RightWithPellet,Left,15,25,20,0,nan,nan,0.16
3/29/2023 11:33:54,1.14.0,Free_feed,17,4.10,nan,1,LeftWithPellet,Left,16,25,20,0,nan,nan,0.06
3/29/2023 11:38:29,1.14.0,Free_feed,17,4.10,nan,1,LeftWithPellet,Left,17,25,20,0,nan,nan,0.02
3/29/2023 11:38:38,1.14.0,Free_feed,17,4.10,1,1,Pellet,Left,17,25,21,0,Timed_out,678,nan
3/29/2023 11:38:51,1.14.0,Free_feed,17,4.10,1,1,Pellet,Left,17,25,22,0,5.69,13,nan
3/29/2023 11:38:59,1.14.0,Free_feed,17,4.10,1,1,Pellet,Left,17,25,23,0,0.97,8,nan
3/29/2023 11:39:08,1.14.0,Free_feed,17,4.10,2,1,Pellet,Left,17,25,24,0,1.16,9,nan
3/29/2023 11:39:22,1.14.0,Free_feed,17,4.10,nan,1,LeftWithPellet,Left,18,25,24,0,nan,nan,0.08
3/29/2023 11:39:53,1.14.0,Free_feed,17,4.10,1,1,Pellet,Left,18,25,25,0,37.31,45,nan
3/29/2023 11:40:08,1.14.0,Free_feed,17,4.10,nan,1,RightWithPellet,Left,18,26,25,0,nan,nan,0.49
3/29/2023 11:40:13,1.14.0,Free_feed,17,4.10,nan,1,RightWithPellet,Left,18,27,25,0,nan,nan,0.21
3/29/2023 11:40:25,1.14.0,Free_feed,17,4.10,nan,1,LeftWithPellet,Left,19,27,25,0,nan,nan,0.01
3/29/2023 11:40:30,1.14.0,Free_feed,17,4.10,nan,1,RightWithPellet,Left,19,28,25,0,nan,nan,0.10
3/29/2023 11:40:31,1.14.0,Free_feed,17,4.10,nan,1,RightWithPellet,Left,19,29,25,0,nan,nan,0.90
3/29/2023 11:40:33,1.14.0,Free_feed,17,4.09,nan,1,RightWithPellet,Left,19,30,25,0,nan,nan,1.04
3/29/2023 11:40:33,1.14.0,Free_feed,17,4.10,nan,1,RightWithPellet,Left,19,31,25,0,nan,nan,0.27
3/29/2023 11:40:34,1.14.0,Free_feed,17,4.10,nan,1,RightWithPellet,Left,19,32,25,0,nan,nan,0.22
3/29/2023 11:40:35,1.14.0,Free_feed,17,4.10,nan,1,RightWithPellet,Left,19,33,25,0,nan,nan,0.13
3/29/2023 11:40:35,1.14.0,Free_feed,17,4.10,nan,1,RightWithPellet,Left,19,34,25,0,nan,nan,0.14
3/29/2023 11:40:47,1.14.0,Free_feed,17,4.09,nan,1,RightWithPellet,Left,19,35,25,0,nan,nan,0.04
3/29/2023 11:41:06,1.14.0,Free_feed,17,4.10,nan,1,RightWithPellet,Left,19,36,25,0,nan,nan,0.03
3/29/2023 11:41:09,1.14.0,Free_feed,17,4.10,nan,1,RightWithPellet,Left,19,37,25,0,nan,nan,0.08
3/29/2023 11:41:11,1.14.0,Free_feed,17,4.10,nan,1,RightWithPellet,Left,19,38,25,0,nan,nan,0.41
3/29/2023 11:41:12,1.14.0,Free_feed,17,4.10,nan,1,RightWithPellet,Left,19,39,25,0,nan,nan,0.17
3/29/2023 11:41:15,1.14.0,Free_feed,17,4.10,nan,1,RightWithPellet,Left,19,40,25,0,nan,nan,1.31
3/29/2023 11:41:16,1.14.0,Free_feed,17,4.10,nan,1,RightWithPellet,Left,19,41,25,0,nan,nan,0.03
3/29/2023 11:41:20,1.14.0,Free_feed,17,4.10,nan,1,RightWithPellet,Left,19,42,25,0,nan,nan,0.12
3/29/2023 11:41:21,1.14.0,Free_feed,17,4.10,nan,1,RightWithPellet,Left,19,43,25,0,nan,nan,0.19
3/29/2023 11:41:23,1.14.0,Free_feed,17,4.10,nan,1,RightWithPellet,Left,19,44,25,0,nan,nan,0.63
3/29/2023 11:41:32,1.14.0,Free_feed,17,4.09,nan,1,RightWithPellet,Left,19,45,25,0,nan,nan,0.02
3/29/2023 11:42:08,1.14.0,Free_feed,17,4.10,nan,1,RightWithPellet,Left,19,46,25,0,nan,nan,0.65
3/29/2023 11:45:42,1.14.0,Free_feed,17,4.10,1,1,Pellet,Left,19,46,26,0,Timed_out,349,nan
3/29/2023 11:46:05,1.14.0,Free_feed,17,4.10,2,1,Pellet,Left,19,46,27,0,15.46,23,nan
3/29/2023 11:47:02,1.14.0,Free_feed,17,4.10,nan,1,LeftWithPellet,Left,20,46,27,0,nan,nan,0.03
3/29/2023 11:47:38,1.14.0,Free_feed,17,4.09,nan,1,RightWithPellet,Left,20,47,27,0,nan,nan,0.06
3/29/2023 11:48:03,1.14.0,Free_feed,17,4.10,nan,1,LeftWithPellet,Left,21,47,27,0,nan,nan,0.12
3/29/2023 11:51:05,1.14.0,Free_feed,17,4.10,1,1,Pellet,Left,21,47,28,0,Timed_out,300,nan
3/29/2023 11:51:24,1.14.0,Free_feed,17,4.09,1,1,Pellet,Left,21,47,29,0,11.89,19,nan
3/29/2023 11:52:13,1.14.0,Free_feed,17,4.10,nan,1,RightWithPellet,Left,21,48,29,0,nan,nan,0.13
3/29/2023 11:56:25,1.14.0,Free_feed,17,4.10,1,1,Pellet,Left,21,48,30,0,Timed_out,301,nan
3/29/2023 11:56:43,1.14.0,Free_feed,17,4.10,1,1,Pellet,Left,21,48,31,0,16.38,18,nan
3/29/2023 11:56:57,1.14.0,Free_feed,17,4.10,2,1,Pellet,Left,21,48,32,0,6.49,14,nan
3/29/2023 11:56:58,1.14.0,Free_feed,17,4.10,1,1,Pellet,Left,21,48,33,0,0.06,1,nan
3/29/2023 11:57:22,1.14.0,Free_feed,17,4.10,1,1,Pellet,Left,21,48,34,0,16.62,24,nan
3/29/2023 11:57:47,1.14.0,Free_feed,17,4.10,nan,1,LeftWithPellet,Left,22,48,34,0,nan,nan,0.06
3/29/2023 11:57:48,1.14.0,Free_feed,17,4.10,nan,1,LeftWithPellet,Left,23,48,34,0,nan,nan,0.21
3/29/2023 11:57:54,1.14.0,Free_feed,17,4.10,nan,1,LeftWithPellet,Left,24,48,34,0,nan,nan,0.72
3/29/2023 11:57:55,1.14.0,Free_feed,17,4.09,nan,1,LeftWithPellet,Left,25,48,34,0,nan,nan,0.46
3/29/2023 11:57:57,1.14.0,Free_feed,17,4.10,nan,1,LeftWithPellet,Left,26,48,34,0,nan,nan,1.32
3/29/2023 11:57:58,1.14.0,Free_feed,17,4.10,nan,1,LeftWithPellet,Left,27,48,34,0,nan,nan,1.28
3/29/2023 11:57:59,1.14.0,Free_feed,17,4.10,nan,1,LeftWithPellet,Left,28,48,34,0,nan,nan,0.71
3/29/2023 11:58:00,1.14.0,Free_feed,17,4.10,nan,1,LeftWithPellet,Left,29,48,34,0,nan,nan,0.60
3/29/2023 11:58:01,1.14.0,Free_feed,17,4.10,nan,1,LeftWithPellet,Left,30,48,34,0,nan,nan,0.09
3/29/2023 11:58:02,1.14.0,Free_feed,17,4.10,nan,1,LeftWithPellet,Left,31,48,34,0,nan,nan,0.29
3/29/2023 11:58:03,1.14.0,Free_feed,17,4.10,nan,1,LeftWithPellet,Left,32,48,34,0,nan,nan,0.93
3/29/2023 11:58:05,1.14.0,Free_feed,17,4.10,nan,1,LeftWithPellet,Left,33,48,34,0,nan,nan,1.26
3/29/2023 11:58:06,1.14.0,Free_feed,17,4.10,nan,1,LeftWithPellet,Left,34,48,34,0,nan,nan,1.07
3/29/2023 11:58:08,1.14.0,Free_feed,17,4.09,nan,1,LeftWithPellet,Left,35,48,34,0,nan,nan,0.93
3/29/2023 11:58:10,1.14.0,Free_feed,17,4.09,nan,1,LeftWithPellet,Left,36,48,34,0,nan,nan,0.22
3/29/2023 11:58:11,1.14.0,Free_feed,17,4.09,nan,1,LeftWithPellet,Left,37,48,34,0,nan,nan,0.50
3/29/2023 11:58:12,1.14.0,Free_feed,17,4.09,nan,1,LeftWithPellet,Left,38,48,34,0,nan,nan,0.19
3/29/2023 11:58:15,1.14.0,Free_feed,17,4.10,nan,1,LeftWithPellet,Left,39,48,34,0,nan,nan,0.00
3/29/2023 11:58:31,1.14.0,Free_feed,17,4.09,nan,1,LeftWithPellet,Left,40,48,34,0,nan,nan,0.51
3/29/2023 11:59:41,1.14.0,Free_feed,17,4.10,nan,1,LeftWithPellet,Left,41,48,34,0,nan,nan,0.51
3/29/2023 11:59:42,1.14.0,Free_feed,17,4.10,nan,1,LeftWithPellet,Left,42,48,34,0,nan,nan,0.59
3/29/2023 11:59:56,1.14.0,Free_feed,17,4.10,nan,1,LeftWithPellet,Left,43,48,34,0,nan,nan,0.43
3/29/2023 11:59:58,1.14.0,Free_feed,17,4.09,nan,1,LeftWithPellet,Left,44,48,34,0,nan,nan,0.86
3/29/2023 12:00:00,1.14.0,Free_feed,17,4.10,nan,1,LeftWithPellet,Left,45,48,34,0,nan,nan,0.02
3/29/2023 12:00:08,1.14.0,Free_feed,17,4.09,nan,1,LeftWithPellet,Left,46,48,34,0,nan,nan,0.01
3/29/2023 12:00:09,1.14.0,Free_feed,17,4.10,nan,1,LeftWithPellet,Left,47,48,34,0,nan,nan,0.05
3/29/2023 12:00:12,1.14.0,Free_feed,17,4.10,1,1,Pellet,Left,47,48,35,0,Timed_out,170,nan
3/29/2023 12:00:16,1.14.0,Free_feed,17,4.10,nan,1,RightWithPellet,Left,47,49,35,0,nan,nan,0.35
3/29/2023 12:00:18,1.14.0,Free_feed,17,4.10,nan,1,RightWithPellet,Left,47,50,35,0,nan,nan,0.83
3/29/2023 12:00:20,1.14.0,Free_feed,17,4.09,nan,1,RightWithPellet,Left,47,51,35,0,nan,nan,0.95
3/29/2023 12:00:21,1.14.0,Free_feed,17,4.10,nan,1,RightWithPellet,Left,47,52,35,0,nan,nan,0.03
3/29/2023 12:00:22,1.14.0,Free_feed,17,4.10,nan,1,RightWithPellet,Left,47,53,35,0,nan,nan,0.81
3/29/2023 12:00:39,1.14.0,Free_feed,17,4.10,1,1,Pellet,Left,47,53,36,0,24.02,27,nan
3/29/2023 12:00:48,1.14.0,Free_feed,17,4.09,nan,1,RightWithPellet,Left,47,54,36,0,nan,nan,0.01
3/29/2023 12:00:49,1.14.0,Free_feed,17,4.09,nan,1,RightWithPellet,Left,47,55,36,0,nan,nan,0.46
3/29/2023 12:00:58,1.14.0,Free_feed,17,4.10,nan,1,LeftWithPellet,Left,48,55,36,0,nan,nan,0.04
3/29/2023 12:08:16,1.14.0,Free_feed,17,4.09,1,1,Pellet,Left,48,55,37,0,Timed_out,457,nan
3/29/2023 12:08:35,1.14.0,Free_feed,17,4.09,1,1,Pellet,Left,48,55,38,0,11.40,19,nan
3/29/2023 12:08:55,1.14.0,Free_feed,17,4.09,1,1,Pellet,Left,48,55,39,0,13.06,20,nan
3/29/2023 12:09:23,1.14.0,Free_feed,17,4.10,1,1,Pellet,Left,48,55,40,0,20.69,28,nan
3/29/2023 12:09:34,1.14.0,Free_feed,17,4.10,nan,1,LeftWithPellet,Left,49,55,40,0,nan,nan,0.02
3/29/2023 12:09:36,1.14.0,Free_feed,17,4.10,nan,1,LeftWithPellet,Left,50,55,40,0,nan,nan,0.27
3/29/2023 12:09:37,1.14.0,Free_feed,17,4.09,nan,1,LeftWithPellet,Left,51,55,40,0,nan,nan,0.47
3/29/2023 12:09:38,1.14.0,Free_feed,17,4.10,nan,1,LeftWithPellet,Left,52,55,40,0,nan,nan,0.05
3/29/2023 12:09:39,1.14.0,Free_feed,17,4.09,nan,1,LeftWithPellet,Left,53,55,40,0,nan,nan,0.02
3/29/2023 12:09:39,1.14.0,Free_feed,17,4.10,nan,1,LeftWithPellet,Left,54,55,40,0,nan,nan,0.16
3/29/2023 12:09:50,1.14.0,Free_feed,17,4.09,nan,1,LeftWithPellet,Left,55,55,40,0,nan,nan,0.10
3/29/2023 12:09:55,1.14.0,Free_feed,17,4.10,nan,1,RightWithPellet,Left,55,56,40,0,nan,nan,0.01
3/29/2023 12:09:55,1.14.0,Free_feed,17,4.10,nan,1,RightWithPellet,Left,55,57,40,0,nan,nan,0.06
3/29/2023 12:09:58,1.14.0,Free_feed,17,4.09,nan,1,RightWithPellet,Left,55,58,40,0,nan,nan,0.08
3/29/2023 12:09:59,1.14.0,Free_feed,17,4.09,nan,1,RightWithPellet,Left,55,59,40,0,nan,nan,0.13
3/29/2023 12:10:00,1.14.0,Free_feed,17,4.09,nan,1,RightWithPellet,Left,55,60,40,0,nan,nan,0.55
3/29/2023 12:10:20,1.14.0,Free_feed,17,4.10,nan,1,RightWithPellet,Left,55,61,40,0,nan,nan,0.03
3/29/2023 12:17:30,1.14.0,Free_feed,17,4.10,1,1,Pellet,Left,55,61,41,0,Timed_out,487,nan
3/29/2023 12:17:41,1.14.0,Free_feed,17,4.09,1,1,Pellet,Left,55,61,42,0,4.22,11,nan
3/29/2023 12:21:39,1.14.0,Free_feed,17,4.09,1,1,Pellet,Left,55,61,43,0,Timed_out,238,nan
3/29/2023 12:25:00,1.14.0,Free_feed,17,4.10,nan,1,RightWithPellet,Left,55,62,43,0,nan,nan,0.16
3/29/2023 12:27:31,1.14.0,Free_feed,17,4.10,nan,1,RightWithPellet,Left,55,63,43,0,nan,nan,0.07
3/29/2023 12:27:34,1.14.0,Free_feed,17,4.09,nan,1,LeftWithPellet,Left,56,63,43,0,nan,nan,0.48
3/29/2023 12:31:14,1.14.0,Free_feed,17,4.09,1,1,Pellet,Left,56,63,44,0,Timed_out,575,nan
3/29/2023 12:31:28,1.14.0,Free_feed,17,4.09,1,1,Pellet,Left,56,63,45,0,6.61,14,nan
3/29/2023 12:31:42,1.14.0,Free_feed,17,4.10,nan,1,LeftWithPellet,Left,57,63,45,0,nan,nan,0.27
3/29/2023 12:31:44,1.14.0,Free_feed,17,4.09,1,1,Pellet,Left,57,63,46,0,7.84,15,nan
3/29/2023 12:31:45,1.14.0,Free_feed,17,4.10,1,1,Pellet,Left,57,63,47,0,0.06,2,nan
3/29/2023 12:31:58,1.14.0,Free_feed,17,4.09,nan,1,RightWithPellet,Left,57,64,47,0,nan,nan,0.52
3/29/2023 12:36:28,1.14.0,Free_feed,17,4.09,nan,1,RightWithPellet,Left,57,65,47,0,nan,nan,0.07
3/29/2023 12:36:29,1.14.0,Free_feed,17,4.10,nan,1,RightWithPellet,Left,57,66,47,0,nan,nan,0.34
3/29/2023 12:36:30,1.14.0,Free_feed,17,4.09,nan,1,RightWithPellet,Left,57,67,47,0,nan,nan,0.13
3/29/2023 12:36:36,1.14.0,Free_feed,17,4.09,nan,1,RightWithPellet,Left,57,68,47,0,nan,nan,0.00
3/29/2023 12:38:22,1.14.0,Free_feed,17,4.09,nan,1,RightWithPellet,Left,57,69,47,0,nan,nan,0.18
3/29/2023 12:41:48,1.14.0,Free_feed,17,4.10,1,1,Pellet,Left,57,69,48,0,Timed_out,603,nan
3/29/2023 12:42:56,1.14.0,Free_feed,17,4.09,nan,1,RightWithPellet,Left,57,70,48,0,nan,nan,0.14
3/29/2023 12:42:57,1.14.0,Free_feed,17,4.09,nan,1,RightWithPellet,Left,57,71,48,0,nan,nan,0.06
3/29/2023 12:43:00,1.14.0,Free_feed,17,4.09,nan,1,RightWithPellet,Left,57,72,48,0,nan,nan,2.01
3/29/2023 12:43:01,1.14.0,Free_feed,17,4.09,nan,1,RightWithPellet,Left,57,73,48,0,nan,nan,0.08
3/29/2023 12:53:42,1.14.0,Free_feed,17,4.09,1,1,Pellet,Left,57,73,49,0,Timed_out,714,nan
3/29/2023 12:54:02,1.14.0,Free_feed,17,4.09,1,1,Pellet,Left,57,73,50,0,12.75,20,nan
3/29/2023 12:54:24,1.14.0,Free_feed,17,4.09,1,1,Pellet,Left,57,73,51,0,15.27,22,nan
3/29/2023 12:56:23,1.14.0,Free_feed,17,4.09,1,1,Pellet,Left,57,73,52,0,Timed_out,119,nan
3/29/2023 12:56:38,1.14.0,Free_feed,17,4.09,1,1,Pellet,Left,57,73,53,0,8.15,15,nan
3/29/2023 13:02:34,1.14.0,Free_feed,17,4.09,nan,1,LeftWithPellet,Left,58,73,53,0,nan,nan,0.05
3/29/2023 13:04:25,1.14.0,Free_feed,17,4.09,nan,1,RightWithPellet,Left,58,74,53,0,nan,nan,0.03
3/29/2023 13:08:09,1.14.0,Free_feed,17,4.09,1,1,Pellet,Left,58,74,54,0,Timed_out,691,nan
3/29/2023 13:08:19,1.14.0,Free_feed,17,4.10,nan,1,LeftWithPellet,Left,59,74,54,0,nan,nan,0.14
3/29/2023 14:23:09,1.14.0,Free_feed,17,4.09,1,1,Pellet,Left,59,74,55,0,Timed_out,4500,nan
3/29/2023 14:23:29,1.14.0,Free_feed,17,4.09,1,1,Pellet,Left,59,74,56,0,13.06,20,nan
3/29/2023 14:24:11,1.14.0,Free_feed,17,4.09,1,1,Pellet,Left,59,74,57,0,35.10,42,nan
3/29/2023 14:24:30,1.14.0,Free_feed,17,4.09,1,1,Pellet,Left,59,74,58,0,11.58,19,nan
3/29/2023 14:24:49,1.14.0,Free_feed,17,4.09,1,1,Pellet,Left,59,74,59,0,14.23,19,nan
3/29/2023 14:25:11,1.14.0,Free_feed,17,4.09,2,1,Pellet,Left,59,74,60,0,14.97,22,nan
3/29/2023 14:59:38,1.14.0,Free_feed,17,4.09,1,1,Pellet,Left,59,74,61,0,Timed_out,2067,nan
3/29/2023 14:59:59,1.14.0,Free_feed,17,4.09,1,1,Pellet,Left,59,74,62,0,13.43,21,nan
3/29/2023 15:00:23,1.14.0,Free_feed,17,4.09,1,1,Pellet,Left,59,74,63,0,21.36,24,nan
3/29/2023 15:00:44,1.14.0,Free_feed,17,4.09,2,1,Pellet,Left,59,74,64,0,13.49,21,nan
3/29/2023 15:01:02,1.14.0,Free_feed,17,4.09,1,1,Pellet,Left,59,74,65,0,10.85,18,nan
3/29/2023 15:01:04,1.14.0,Free_feed,17,4.09,1,1,Pellet,Left,59,74,66,0,0.12,2,nan
3/29/2023 15:01:20,1.14.0,Free_feed,17,4.09,1,1,Pellet,Left,59,74,67,0,9.50,16,nan
3/29/2023 15:01:39,1.14.0,Free_feed,17,4.09,1,1,Pellet,Left,59,74,68,0,11.34,19,nan
3/29/2023 15:01:58,1.14.0,Free_feed,17,4.09,1,1,Pellet,Left,59,74,69,0,11.71,19,nan
3/29/2023 15:02:00,1.14.0,Free_feed,17,4.09,1,1,Pellet,Left,59,74,70,0,0.06,2,nan
3/29/2023 15:02:26,1.14.0,Free_feed,17,4.09,1,1,Pellet,Left,59,74,71,0,21.05,25,nan
3/29/2023 15:02:32,1.14.0,Free_feed,17,4.09,nan,1,LeftWithPellet,Left,60,74,71,0,nan,nan,0.32
3/29/2023 15:34:50,1.14.0,Free_feed,17,4.09,1,1,Pellet,Left,60,74,72,0,Timed_out,1945,nan
3/29/2023 16:10:34,1.14.0,Free_feed,17,4.09,2,1,Pellet,Left,60,74,73,0,Timed_out,2144,nan
3/29/2023 16:10:51,1.14.0,Free_feed,17,4.09,1,1,Pellet,Left,60,74,74,0,9.06,17,nan
3/29/2023 16:11:10,1.14.0,Free_feed,17,4.09,1,1,Pellet,Left,60,74,75,0,12.13,19,nan
3/29/2023 16:41:02,1.14.0,Free_feed,17,4.08,1,1,Pellet,Left,60,74,76,0,Timed_out,1791,nan
3/29/2023 16:41:26,1.14.0,Free_feed,17,4.09,1,1,Pellet,Left,60,74,77,0,17.30,25,nan
3/29/2023 16:41:55,1.14.0,Free_feed,17,4.08,1,1,Pellet,Left,60,74,78,0,22.52,29,nan
3/29/2023 16:42:14,1.14.0,Free_feed,17,4.09,1,1,Pellet,Left,60,74,79,0,11.52,19,nan
3/29/2023 16:42:26,1.14.0,Free_feed,17,4.09,nan,1,RightWithPellet,Left,60,75,79,0,nan,nan,0.12
3/29/2023 16:42:26,1.14.0,Free_feed,17,4.08,nan,1,RightWithPellet,Left,60,76,79,0,nan,nan,0.12
3/29/2023 16:43:57,1.14.0,Free_feed,17,4.08,1,1,Pellet,Left,60,76,80,0,Timed_out,103,nan
3/29/2023 16:46:24,1.14.0,Free_feed,17,4.08,1,1,Pellet,Left,60,76,81,0,Timed_out,147,nan
3/29/2023 16:46:40,1.14.0,Free_feed,17,4.08,1,1,Pellet,Left,60,76,82,0,9.25,16,nan
3/29/2023 16:47:04,1.14.0,Free_feed,17,4.08,1,1,Pellet,Left,60,76,83,0,16.69,23,nan
3/29/2023 16:55:12,1.14.0,Free_feed,17,4.08,1,1,Pellet,Left,60,76,84,0,Timed_out,489,nan
3/29/2023 16:56:04,1.14.0,Free_feed,17,4.08,1,1,Pellet,Left,60,76,85,0,43.73,52,nan
3/29/2023 16:56:21,1.14.0,Free_feed,17,4.08,1,1,Pellet,Left,60,76,86,0,9.75,17,nan
3/29/2023 16:56:38,1.14.0,Free_feed,17,4.09,1,1,Pellet,Left,60,76,87,0,9.99,17,nan
3/29/2023 16:56:59,1.14.0,Free_feed,17,4.09,nan,1,LeftWithPellet,Left,61,76,87,0,nan,nan,0.10
3/29/2023 17:11:17,1.14.0,Free_feed,17,4.08,1,1,Pellet,Left,61,76,88,0,Timed_out,879,nan
3/29/2023 17:56:19,1.14.0,Free_feed,17,4.08,1,1,Pellet,Left,61,76,89,0,Timed_out,2702,nan
3/29/2023 17:56:40,1.14.0,Free_feed,17,4.08,1,1,Pellet,Left,61,76,90,0,13.37,21,nan
3/29/2023 17:56:59,1.14.0,Free_feed,17,4.08,1,1,Pellet,Left,61,76,91,0,11.95,19,nan
3/29/2023 17:57:19,1.14.0,Free_feed,17,4.08,1,1,Pellet,Left,61,76,92,0,13.06,20,nan
3/29/2023 17:57:42,1.14.0,Free_feed,17,4.08,1,1,Pellet,Left,61,76,93,0,15.33,22,nan
3/29/2023 17:58:01,1.14.0,Free_feed,17,4.08,1,1,Pellet,Left,61,76,94,0,11.95,20,nan
3/29/2023 17:58:22,1.14.0,Free_feed,17,4.08,1,1,Pellet,Left,61,76,95,0,14.10,21,nan
3/29/2023 17:58:49,1.14.0,Free_feed,17,4.08,1,1,Pellet,Left,61,76,96,0,19.58,27,nan
3/29/2023 18:00:10,1.14.0,Free_feed,17,4.08,1,1,Pellet,Left,61,76,97,0,Timed_out,81,nan
3/29/2023 18:00:32,1.14.0,Free_feed,17,4.08,1,1,Pellet,Left,61,76,98,0,14.78,22,nan
3/29/2023 18:00:33,1.14.0,Free_feed,17,4.08,1,1,Pellet,Left,61,76,99,0,0.06,1,nan
3/29/2023 18:20:31,1.14.0,Free_feed,17,4.08,1,1,Pellet,Left,61,76,100,0,Timed_out,1198,nan
3/29/2023 18:21:50,1.14.0,Free_feed,17,4.08,2,1,Pellet,Left,61,76,101,0,Timed_out,79,nan
3/29/2023 18:22:36,1.14.0,Free_feed,17,4.07,1,1,Pellet,Left,61,76,102,0,39.77,46,nan
3/29/2023 18:22:49,1.14.0,Free_feed,17,4.08,1,1,Pellet,Left,61,76,103,0,6.06,13,nan
3/29/2023 18:23:10,1.14.0,Free_feed,17,4.08,1,1,Pellet,Left,61,76,104,0,18.29,21,nan
3/29/2023 18:33:18,1.14.0,Free_feed,17,4.08,1,1,Pellet,Left,61,76,105,0,Timed_out,608,nan
3/29/2023 18:33:19,1.14.0,Free_feed,17,4.08,1,1,Pellet,Left,61,76,106,0,0.06,1,nan
3/29/2023 18:54:21,1.14.0,Free_feed,17,4.08,1,1,Pellet,Left,61,76,107,0,Timed_out,1262,nan
3/29/2023 18:54:42,1.14.0,Free_feed,17,4.07,1,1,Pellet,Left,61,76,108,0,13.12,21,nan
3/29/2023 18:55:01,1.14.0,Free_feed,17,4.08,1,1,Pellet,Left,61,76,109,0,12.39,19,nan
3/29/2023 18:55:20,1.14.0,Free_feed,17,4.07,1,1,Pellet,Left,61,76,110,0,11.59,19,nan
3/29/2023 18:55:29,1.14.0,Free_feed,17,4.08,1,1,Pellet,Left,61,76,111,0,1.52,9,nan
3/29/2023 18:55:44,1.14.0,Free_feed,17,4.08,1,1,Pellet,Left,61,76,112,0,8.02,15,nan
3/29/2023 18:56:28,1.14.0,Free_feed,17,4.08,1,1,Pellet,Left,61,76,113,0,36.83,44,nan
3/29/2023 18:56:30,1.14.0,Free_feed,17,4.08,1,1,Pellet,Left,61,76,114,0,0.12,2,nan
3/29/2023 19:28:39,1.14.0,Free_feed,17,4.08,1,1,Pellet,Left,61,76,115,0,Timed_out,1929,nan
3/29/2023 19:34:55,1.14.0,Free_feed,17,4.07,2,1,Pellet,Left,61,76,116,0,Timed_out,376,nan
3/29/2023 19:35:21,1.14.0,Free_feed,17,4.08,1,1,Pellet,Left,61,76,117,0,18.47,26,nan
3/29/2023 19:35:43,1.14.0,Free_feed,17,4.08,nan,1,LeftWithPellet,Left,62,76,117,0,nan,nan,0.33
3/29/2023 19:35:48,1.14.0,Free_feed,17,4.08,1,1,Pellet,Left,62,76,118,0,19.29,27,nan
3/29/2023 19:56:47,1.14.0,Free_feed,17,4.07,nan,1,LeftWithPellet,Left,63,76,118,0,nan,nan,0.10
3/29/2023 19:56:50,1.14.0,Free_feed,17,4.07,1,1,Pellet,Left,63,76,119,0,Timed_out,1262,nan
3/29/2023 20:00:08,1.14.0,Free_feed,17,4.07,1,1,Pellet,Left,63,76,120,0,Timed_out,198,nan
3/29/2023 20:00:37,1.14.0,Free_feed,17,4.08,1,1,Pellet,Left,63,76,121,0,22.35,29,nan
3/29/2023 20:01:01,1.14.0,Free_feed,17,4.08,1,1,Pellet,Left,63,76,122,0,17.12,24,nan
3/29/2023 20:01:22,1.14.0,Free_feed,17,4.07,1,1,Pellet,Left,63,76,123,0,14.23,21,nan
3/29/2023 20:01:42,1.14.0,Free_feed,17,4.07,1,1,Pellet,Left,63,76,124,0,13.06,20,nan
3/29/2023 20:02:03,1.14.0,Free_feed,17,4.07,1,1,Pellet,Left,63,76,125,0,14.23,21,nan
3/29/2023 20:02:24,1.14.0,Free_feed,17,4.07,1,1,Pellet,Left,63,76,126,0,13.99,21,nan
3/29/2023 20:04:06,1.14.0,Free_feed,17,4.07,nan,1,RightWithPellet,Left,63,77,126,0,nan,nan,0.45
3/29/2023 20:04:10,1.14.0,Free_feed,17,4.07,nan,1,RightWithPellet,Left,63,78,126,0,nan,nan,0.16
3/29/2023 20:04:11,1.14.0,Free_feed,17,4.07,nan,1,RightWithPellet,Left,63,79,126,0,nan,nan,0.15
3/29/2023 20:05:35,1.14.0,Free_feed,17,4.07,1,1,Pellet,Left,63,79,127,0,Timed_out,191,nan
3/29/2023 20:05:47,1.14.0,Free_feed,17,4.07,1,1,Pellet,Left,63,79,128,0,5.63,12,nan
3/29/2023 20:06:06,1.14.0,Free_feed,17,4.07,1,1,Pellet,Left,63,79,129,0,11.78,19,nan
3/29/2023 20:06:28,1.14.0,Free_feed,17,4.07,1,1,Pellet,Left,63,79,130,0,14.30,22,nan
3/29/2023 20:16:16,1.14.0,Free_feed,17,4.07,1,1,Pellet,Left,63,79,131,0,Timed_out,588,nan
3/29/2023 20:16:35,1.14.0,Free_feed,17,4.07,1,1,Pellet,Left,63,79,132,0,12.08,19,nan
3/29/2023 20:16:55,1.14.0,Free_feed,17,4.07,1,1,Pellet,Left,63,79,133,0,12.82,20,nan
3/29/2023 20:17:13,1.14.0,Free_feed,17,4.07,1,1,Pellet,Left,63,79,134,0,11.52,18,nan
3/29/2023 20:17:32,1.14.0,Free_feed,17,4.07,1,1,Pellet,Left,63,79,135,0,11.58,19,nan
3/29/2023 20:24:18,1.14.0,Free_feed,17,4.07,2,1,Pellet,Left,63,79,136,0,Timed_out,406,nan
3/29/2023 20:25:06,1.14.0,Free_feed,17,4.07,1,1,Pellet,Left,63,79,137,0,39.86,48,nan
3/29/2023 20:48:26,1.14.0,Free_feed,17,4.07,nan,1,RightWithPellet,Left,63,80,137,0,nan,nan,0.03
3/29/2023 20:48:29,1.14.0,Free_feed,17,4.07,nan,1,RightWithPellet,Left,63,81,137,0,nan,nan,0.57
3/29/2023 20:48:33,1.14.0,Free_feed,17,4.07,nan,1,RightWithPellet,Left,63,82,137,0,nan,nan,0.08
3/29/2023 20:48:37,1.14.0,Free_feed,17,4.07,nan,1,RightWithPellet,Left,63,83,137,0,nan,nan,0.59
3/29/2023 20:48:41,1.14.0,Free_feed,17,4.07,nan,1,RightWithPellet,Left,63,84,137,0,nan,nan,0.02
3/29/2023 20:48:42,1.14.0,Free_feed,17,4.07,nan,1,RightWithPellet,Left,63,85,137,0,nan,nan,0.12
3/29/2023 20:48:44,1.14.0,Free_feed,17,4.07,nan,1,RightWithPellet,Left,63,86,137,0,nan,nan,0.02
3/29/2023 20:48:46,1.14.0,Free_feed,17,4.07,nan,1,RightWithPellet,Left,63,87,137,0,nan,nan,0.82
3/29/2023 20:48:46,1.14.0,Free_feed,17,4.07,nan,1,RightWithPellet,Left,63,88,137,0,nan,nan,0.09
3/29/2023 20:48:50,1.14.0,Free_feed,17,4.07,nan,1,RightWithPellet,Left,63,89,137,0,nan,nan,1.06
3/29/2023 20:48:52,1.14.0,Free_feed,17,4.07,nan,1,RightWithPellet,Left,63,90,137,0,nan,nan,0.16
3/29/2023 20:48:56,1.14.0,Free_feed,17,4.07,nan,1,RightWithPellet,Left,63,91,137,0,nan,nan,0.49
3/29/2023 20:49:01,1.14.0,Free_feed,17,4.07,nan,1,RightWithPellet,Left,63,92,137,0,nan,nan,1.02
3/29/2023 20:49:03,1.14.0,Free_feed,17,4.07,nan,1,RightWithPellet,Left,63,93,137,0,nan,nan,0.07
3/29/2023 20:49:10,1.14.0,Free_feed,17,4.07,1,1,Pellet,Left,63,93,138,0,Timed_out,1444,nan
3/29/2023 20:49:35,1.14.0,Free_feed,17,4.07,1,1,Pellet,Left,63,93,139,0,18.11,25,nan
3/29/2023 20:50:04,1.14.0,Free_feed,17,4.07,nan,1,RightWithPellet,Left,63,94,139,0,nan,nan,0.30
3/29/2023 20:52:33,1.14.0,Free_feed,17,4.07,1,1,Pellet,Left,63,94,140,0,Timed_out,178,nan
3/29/2023 20:52:50,1.14.0,Free_feed,17,4.07,1,1,Pellet,Left,63,94,141,0,10.48,17,nan
3/29/2023 20:59:01,1.14.0,Free_feed,17,4.07,nan,1,LeftWithPellet,Left,64,94,141,0,nan,nan,0.06
3/29/2023 20:59:05,1.14.0,Free_feed,17,4.07,1,1,Pellet,Left,64,94,142,0,Timed_out,375,nan
3/29/2023 20:59:24,1.14.0,Free_feed,17,4.07,1,1,Pellet,Left,64,94,143,0,12.20,19,nan
3/29/2023 21:02:38,1.14.0,Free_feed,17,4.07,1,1,Pellet,Left,64,94,144,0,Timed_out,194,nan
3/29/2023 21:02:54,1.14.0,Free_feed,17,4.07,1,1,Pellet,Left,64,94,145,0,8.64,16,nan
3/29/2023 21:03:10,1.14.0,Free_feed,17,4.07,1,1,Pellet,Left,64,94,146,0,9.31,16,nan
3/29/2023 21:07:01,1.14.0,Free_feed,17,4.07,1,1,Pellet,Left,64,94,147,0,Timed_out,231,nan
3/29/2023 21:07:17,1.14.0,Free_feed,17,4.07,1,1,Pellet,Left,64,94,148,0,8.76,16,nan
3/29/2023 21:07:32,1.14.0,Free_feed,17,4.07,2,1,Pellet,Left,64,94,149,0,7.78,15,nan
3/29/2023 21:12:23,1.14.0,Free_feed,17,4.07,nan,1,LeftWithPellet,Left,65,94,149,0,nan,nan,0.26
3/29/2023 21:12:27,1.14.0,Free_feed,17,4.07,nan,1,LeftWithPellet,Left,66,94,149,0,nan,nan,0.68
3/29/2023 21:12:30,1.14.0,Free_feed,17,4.07,1,1,Pellet,Left,66,94,150,0,Timed_out,298,nan
3/29/2023 21:24:39,1.14.0,Free_feed,17,4.07,1,1,Pellet,Left,66,94,151,0,Timed_out,729,nan
3/29/2023 21:25:36,1.14.0,Free_feed,17,4.07,2,1,Pellet,Left,66,94,152,0,48.09,57,nan
3/29/2023 21:25:55,1.14.0,Free_feed,17,4.07,1,1,Pellet,Left,66,94,153,0,11.59,19,nan
3/29/2023 21:26:12,1.14.0,Free_feed,17,4.07,1,1,Pellet,Left,66,94,154,0,9.69,17,nan
3/29/2023 21:26:33,1.14.0,Free_feed,17,4.07,1,1,Pellet,Left,66,94,155,0,13.68,21,nan
3/29/2023 21:29:14,1.14.0,Free_feed,17,4.07,1,1,Pellet,Left,66,94,156,0,Timed_out,161,nan
3/29/2023 21:50:24,1.14.0,Free_feed,17,4.07,1,1,Pellet,Left,66,94,157,0,Timed_out,1270,nan
3/29/2023 21:51:04,1.14.0,Free_feed,17,4.07,1,1,Pellet,Left,66,94,158,0,32.64,40,nan
3/29/2023 21:51:18,1.14.0,Free_feed,17,4.07,1,1,Pellet,Left,66,94,159,0,7.23,14,nan
3/29/2023 21:51:20,1.14.0,Free_feed,17,4.07,1,1,Pellet,Left,66,94,160,0,0.06,2,nan
3/29/2023 21:51:49,1.14.0,Free_feed,17,4.07,nan,1,LeftWithPellet,Left,67,94,160,0,nan,nan,0.08
3/29/2023 22:04:17,1.14.0,Free_feed,17,4.07,1,1,Pellet,Left,67,94,161,0,Timed_out,777,nan
3/29/2023 22:04:20,1.14.0,Free_feed,17,4.07,1,1,Pellet,Left,67,94,162,0,0.06,3,nan
3/29/2023 22:05:02,1.14.0,Free_feed,17,4.07,1,1,Pellet,Left,67,94,163,0,34.80,42,nan
3/29/2023 22:20:09,1.14.0,Free_feed,17,4.07,1,1,Pellet,Left,67,94,164,0,Timed_out,906,nan
3/29/2023 22:20:15,1.14.0,Free_feed,17,4.07,1,1,Pellet,Left,67,94,165,0,2.75,7,nan
3/29/2023 22:21:14,1.14.0,Free_feed,17,4.07,1,1,Pellet,Left,67,94,166,0,52.13,59,nan
3/29/2023 22:21:35,1.14.0,Free_feed,17,4.07,1,1,Pellet,Left,67,94,167,0,13.62,21,nan
3/29/2023 22:22:01,1.14.0,Free_feed,17,4.07,1,1,Pellet,Left,67,94,168,0,18.84,26,nan
3/29/2023 22:57:16,1.14.0,Free_feed,17,4.07,1,1,Pellet,Left,67,94,169,0,Timed_out,2115,nan
3/29/2023 22:57:30,1.14.0,Free_feed,17,4.07,1,1,Pellet,Left,67,94,170,0,6.80,14,nan
3/29/2023 23:06:36,1.14.0,Free_feed,17,4.07,1,1,Pellet,Left,67,94,171,0,Timed_out,546,nan
3/29/2023 23:06:55,1.14.0,Free_feed,17,4.07,1,1,Pellet,Left,67,94,172,0,12.14,19,nan
3/29/2023 23:07:13,1.14.0,Free_feed,17,4.07,1,1,Pellet,Left,67,94,173,0,11.53,18,nan
3/29/2023 23:07:30,1.14.0,Free_feed,17,4.07,1,1,Pellet,Left,67,94,174,0,9.80,17,nan
3/29/2023 23:23:09,1.14.0,Free_feed,17,4.07,nan,1,LeftWithPellet,Left,68,94,174,0,nan,nan,0.07
3/29/2023 23:23:10,1.14.0,Free_feed,17,4.07,nan,1,LeftWithPellet,Left,69,94,174,0,nan,nan,0.07
3/29/2023 23:23:11,1.14.0,Free_feed,17,4.06,nan,1,LeftWithPellet,Left,70,94,174,0,nan,nan,0.14
3/29/2023 23:23:12,1.14.0,Free_feed,17,4.06,nan,1,LeftWithPellet,Left,71,94,174,0,nan,nan,0.02
3/29/2023 23:23:13,1.14.0,Free_feed,17,4.07,nan,1,LeftWithPellet,Left,72,94,174,0,nan,nan,0.30
3/29/2023 23:23:14,1.14.0,Free_feed,17,4.07,nan,1,LeftWithPellet,Left,73,94,174,0,nan,nan,0.23
3/29/2023 23:23:24,1.14.0,Free_feed,17,4.07,nan,1,LeftWithPellet,Left,74,94,174,0,nan,nan,0.19
3/29/2023 23:23:31,1.14.0,Free_feed,17,4.07,nan,1,LeftWithPellet,Left,75,94,174,0,nan,nan,0.21
3/29/2023 23:23:32,1.14.0,Free_feed,17,4.07,nan,1,LeftWithPellet,Left,76,94,174,0,nan,nan,0.11
3/29/2023 23:23:37,1.14.0,Free_feed,17,4.07,1,1,Pellet,Left,76,94,175,0,Timed_out,967,nan
3/29/2023 23:23:58,1.14.0,Free_feed,17,4.07,1,1,Pellet,Left,76,94,176,0,14.05,21,nan
3/29/2023 23:25:52,1.14.0,Free_feed,17,4.07,2,1,Pellet,Left,76,94,177,0,Timed_out,114,nan
3/29/2023 23:26:22,1.14.0,Free_feed,17,4.07,nan,1,RightWithPellet,Left,76,95,177,0,nan,nan,0.26
3/29/2023 23:26:23,1.14.0,Free_feed,17,4.07,nan,1,RightWithPellet,Left,76,96,177,0,nan,nan,0.21
3/29/2023 23:26:26,1.14.0,Free_feed,17,4.06,nan,1,LeftWithPellet,Left,77,96,177,0,nan,nan,0.35
3/29/2023 23:29:06,1.14.0,Free_feed,17,4.06,1,1,Pellet,Left,77,96,178,0,Timed_out,194,nan
3/29/2023 23:29:08,1.14.0,Free_feed,17,4.06,1,1,Pellet,Left,77,96,179,0,0.06,2,nan
3/29/2023 23:29:26,1.14.0,Free_feed,17,4.07,1,1,Pellet,Left,77,96,180,0,11.41,18,nan
3/29/2023 23:29:42,1.14.0,Free_feed,17,4.07,1,1,Pellet,Left,77,96,181,0,9.81,16,nan
3/29/2023 23:30:06,1.14.0,Free_feed,17,4.07,1,1,Pellet,Left,77,96,182,0,16.32,24,nan
3/29/2023 23:30:24,1.14.0,Free_feed,17,4.07,1,1,Pellet,Left,77,96,183,0,10.30,18,nan
3/29/2023 23:30:41,1.14.0,Free_feed,17,4.06,1,1,Pellet,Left,77,96,184,0,9.99,17,nan
3/29/2023 23:30:42,1.14.0,Free_feed,17,4.05,1,1,Pellet,Left,77,96,185,0,0.06,1,nan
3/29/2023 23:31:04,1.14.0,Free_feed,17,4.07,nan,1,LeftWithPellet,Left,78,96,185,0,nan,nan,0.40
3/29/2023 23:31:06,1.14.0,Free_feed,17,4.07,nan,1,LeftWithPellet,Left,79,96,185,0,nan,nan,0.56
3/29/2023 23:31:11,1.14.0,Free_feed,17,4.07,nan,1,LeftWithPellet,Left,80,96,185,0,nan,nan,0.16
3/29/2023 23:31:12,1.14.0,Free_feed,17,4.07,nan,1,LeftWithPellet,Left,81,96,185,0,nan,nan,0.25
3/29/2023 23:31:13,1.14.0,Free_feed,17,4.06,nan,1,LeftWithPellet,Left,82,96,185,0,nan,nan,0.01
3/29/2023 23:33:27,1.14.0,Free_feed,17,4.07,2,1,Pellet,Left,82,96,186,0,Timed_out,165,nan
3/29/2023 23:40:23,1.14.0,Free_feed,17,4.07,1,1,Pellet,Left,82,96,187,0,Timed_out,416,nan
3/29/2023 23:40:45,1.14.0,Free_feed,17,4.07,1,1,Pellet,Left,82,96,188,0,14.72,22,nan
3/29/2023 23:41:13,1.14.0,Free_feed,17,4.07,nan,1,RightWithPellet,Left,82,97,188,0,nan,nan,0.39
3/29/2023 23:45:26,1.14.0,Free_feed,17,4.07,1,1,Pellet,Left,82,97,189,0,Timed_out,281,nan
3/29/2023 23:45:41,1.14.0,Free_feed,17,4.07,1,1,Pellet,Left,82,97,190,0,8.52,15,nan
3/29/2023 23:46:02,1.14.0,Free_feed,17,4.07,nan,1,LeftWithPellet,Left,83,97,190,0,nan,nan,0.10
3/29/2023 23:46:04,1.14.0,Free_feed,17,4.07,nan,1,LeftWithPellet,Left,84,97,190,0,nan,nan,0.16
3/29/2023 23:46:05,1.14.0,Free_feed,17,4.06,nan,1,LeftWithPellet,Left,85,97,190,0,nan,nan,0.56
3/29/2023 23:55:13,1.14.0,Free_feed,17,4.07,1,1,Pellet,Left,85,97,191,0,Timed_out,571,nan
3/30/2023 0:01:46,1.14.0,Free_feed,17,4.06,2,1,Pellet,Left,85,97,192,0,Timed_out,393,nan
3/30/2023 0:02:06,1.14.0,Free_feed,17,4.07,1,1,Pellet,Left,85,97,193,0,13.49,21,nan
3/30/2023 0:08:27,1.14.0,Free_feed,17,4.06,nan,1,LeftWithPellet,Left,86,97,193,0,nan,nan,0.25
3/30/2023 0:08:29,1.14.0,Free_feed,17,4.07,1,1,Pellet,Left,86,97,194,0,Timed_out,383,nan
3/30/2023 0:10:10,1.14.0,Free_feed,17,4.07,1,1,Pellet,Left,86,97,195,0,Timed_out,101,nan
3/30/2023 0:12:14,1.14.0,Free_feed,17,4.07,1,1,Pellet,Left,86,97,196,0,Timed_out,123,nan
3/30/2023 0:12:36,1.14.0,Free_feed,17,4.07,1,1,Pellet,Left,86,97,197,0,15.03,23,nan
3/30/2023 0:12:43,1.14.0,Free_feed,17,4.06,1,1,Pellet,Left,86,97,198,0,1.58,7,nan
3/30/2023 0:13:39,1.14.0,Free_feed,17,4.07,2,1,Pellet,Left,86,97,199,0,47.41,56,nan
3/30/2023 0:13:59,1.14.0,Free_feed,17,4.07,1,1,Pellet,Left,86,97,200,0,12.38,20,nan
3/30/2023 0:14:21,1.14.0,Free_feed,17,4.07,1,1,Pellet,Left,86,97,201,0,14.53,22,nan
3/30/2023 0:24:56,1.14.0,Free_feed,17,4.07,nan,1,RightWithPellet,Left,86,98,201,0,nan,nan,0.29
3/30/2023 0:25:00,1.14.0,Free_feed,17,4.06,1,1,Pellet,Left,86,98,202,0,Timed_out,639,nan
3/30/2023 0:40:26,1.14.0,Free_feed,17,4.07,1,1,Pellet,Left,86,98,203,0,Timed_out,926,nan
3/30/2023 0:41:02,1.14.0,Free_feed,17,4.07,1,1,Pellet,Left,86,98,204,0,27.95,36,nan
3/30/2023 0:41:33,1.14.0,Free_feed,17,4.06,1,1,Pellet,Left,86,98,205,0,23.82,31,nan
3/30/2023 0:41:51,1.14.0,Free_feed,17,4.06,1,1,Pellet,Left,86,98,206,0,10.79,18,nan
3/30/2023 0:42:14,1.14.0,Free_feed,17,4.05,1,1,Pellet,Left,86,98,207,0,15.89,23,nan
3/30/2023 0:42:34,1.14.0,Free_feed,17,4.06,1,1,Pellet,Left,86,98,208,0,13.06,20,nan
3/30/2023 0:58:43,1.14.0,Free_feed,17,4.06,3,1,Pellet,Left,86,98,209,0,Timed_out,969,nan
3/30/2023 0:59:43,1.14.0,Free_feed,17,4.06,2,1,Pellet,Left,86,98,210,0,52.73,60,nan
3/30/2023 1:08:34,1.14.0,Free_feed,17,4.06,2,1,Pellet,Left,86,98,211,0,Timed_out,531,nan
3/30/2023 1:09:10,1.14.0,Free_feed,17,4.06,2,1,Pellet,Left,86,98,212,0,28.37,36,nan
3/30/2023 1:09:25,1.14.0,Free_feed,17,4.06,1,1,Pellet,Left,86,98,213,0,8.15,15,nan
3/30/2023 1:09:46,1.14.0,Free_feed,17,4.07,2,1,Pellet,Left,86,98,214,0,14.29,21,nan
3/30/2023 1:10:01,1.14.0,Free_feed,17,4.06,1,1,Pellet,Left,86,98,215,0,7.41,15,nan
3/30/2023 1:34:18,1.14.0,Free_feed,17,4.06,1,1,Pellet,Left,86,98,216,0,Timed_out,1457,nan
3/30/2023 1:34:34,1.14.0,Free_feed,17,4.06,1,1,Pellet,Left,86,98,217,0,8.82,16,nan
3/30/2023 1:34:54,1.14.0,Free_feed,17,4.06,1,1,Pellet,Left,86,98,218,0,12.32,20,nan
3/30/2023 1:35:13,1.14.0,Free_feed,17,4.06,1,1,Pellet,Left,86,98,219,0,12.02,19,nan
3/30/2023 1:35:30,1.14.0,Free_feed,17,4.06,1,1,Pellet,Left,86,98,220,0,9.68,17,nan
3/30/2023 1:35:56,1.14.0,Free_feed,17,4.06,1,1,Pellet,Left,86,98,221,0,18.29,25,nan
3/30/2023 2:10:43,1.14.0,Free_feed,17,4.06,1,1,Pellet,Left,86,98,222,0,Timed_out,2088,nan
3/30/2023 2:11:21,1.14.0,Free_feed,17,4.06,3,1,Pellet,Left,86,98,223,0,28.39,38,nan
3/30/2023 2:11:53,1.14.0,Free_feed,17,4.06,2,1,Pellet,Left,86,98,224,0,24.20,32,nan
3/30/2023 2:12:13,1.14.0,Free_feed,17,4.06,2,1,Pellet,Left,86,98,225,0,12.57,20,nan
3/30/2023 2:12:32,1.14.0,Free_feed,17,4.06,2,1,Pellet,Left,86,98,226,0,9.81,19,nan
3/30/2023 2:12:53,1.14.0,Free_feed,17,4.06,1,1,Pellet,Left,86,98,227,0,13.99,21,nan
3/30/2023 2:13:13,1.14.0,Free_feed,17,4.06,1,1,Pellet,Left,86,98,228,0,13.06,20,nan
3/30/2023 3:04:17,1.14.0,Free_feed,17,4.05,1,1,Pellet,Left,86,98,229,0,Timed_out,3064,nan
3/30/2023 3:04:19,1.14.0,Free_feed,17,4.06,1,1,Pellet,Left,86,98,230,0,0.06,2,nan
3/30/2023 3:04:41,1.14.0,Free_feed,17,4.06,2,1,Pellet,Left,86,98,231,0,13.00,22,nan
3/30/2023 3:04:57,1.14.0,Free_feed,17,4.06,1,1,Pellet,Left,86,98,232,0,9.68,16,nan
3/30/2023 3:05:16,1.14.0,Free_feed,17,4.05,1,1,Pellet,Left,86,98,233,0,11.65,19,nan
3/30/2023 3:05:36,1.14.0,Free_feed,17,4.05,1,1,Pellet,Left,86,98,234,0,12.64,20,nan
3/30/2023 3:05:44,1.14.0,Free_feed,17,4.05,2,1,Pellet,Left,86,98,235,0,2.26,8,nan
3/30/2023 3:06:00,1.14.0,Free_feed,17,4.05,1,1,Pellet,Left,86,98,236,0,8.58,16,nan
3/30/2023 3:06:21,1.14.0,Free_feed,17,4.06,1,1,Pellet,Left,86,98,237,0,13.74,21,nan
3/30/2023 3:27:39,1.14.0,Free_feed,17,4.05,2,1,Pellet,Left,86,98,238,0,Timed_out,1278,nan
3/30/2023 3:28:09,1.14.0,Free_feed,17,4.05,nan,1,RightWithPellet,Left,86,99,238,0,nan,nan,0.25
3/30/2023 3:42:44,1.14.0,Free_feed,17,4.05,1,1,Pellet,Left,86,99,239,0,Timed_out,905,nan
3/30/2023 3:43:07,1.14.0,Free_feed,17,4.05,1,1,Pellet,Left,86,99,240,0,15.59,23,nan
3/30/2023 3:43:31,1.14.0,Free_feed,17,4.06,1,1,Pellet,Left,86,99,241,0,15.77,24,nan
3/30/2023 3:43:50,1.14.0,Free_feed,17,4.05,1,1,Pellet,Left,86,99,242,0,12.69,19,nan
3/30/2023 3:44:11,1.14.0,Free_feed,17,4.05,nan,1,LeftWithPellet,Left,87,99,242,0,nan,nan,0.28
3/30/2023 3:46:45,1.14.0,Free_feed,17,4.05,2,1,Pellet,Left,87,99,243,0,Timed_out,175,nan
3/30/2023 4:02:15,1.14.0,Free_feed,17,4.05,1,1,Pellet,Left,87,99,244,0,Timed_out,930,nan
3/30/2023 4:02:43,1.14.0,Free_feed,17,4.05,1,1,Pellet,Left,87,99,245,0,20.69,28,nan
3/30/2023 4:03:03,1.14.0,Free_feed,17,4.05,1,1,Pellet,Left,87,99,246,0,12.82,20,nan
3/30/2023 4:03:26,1.14.0,Free_feed,17,4.05,1,1,Pellet,Left,87,99,247,0,16.01,23,nan
3/30/2023 4:03:47,1.14.0,Free_feed,17,4.05,1,1,Pellet,Left,87,99,248,0,14.35,21,nan
3/30/2023 4:30:35,1.14.0,Free_feed,17,4.05,nan,1,RightWithPellet,Left,87,100,248,0,nan,nan,0.05
3/30/2023 4:31:07,1.14.0,Free_feed,17,4.05,nan,1,RightWithPellet,Left,87,101,248,0,nan,nan,0.10
3/30/2023 4:31:35,1.14.0,Free_feed,17,4.05,2,1,Pellet,Left,87,101,249,0,Timed_out,1668,nan
3/30/2023 4:36:21,1.14.0,Free_feed,17,4.05,1,1,Pellet,Left,87,101,250,0,Timed_out,286,nan
3/30/2023 4:36:40,1.14.0,Free_feed,17,4.05,1,1,Pellet,Left,87,101,251,0,11.59,19,nan
3/30/2023 4:36:56,1.14.0,Free_feed,17,4.05,2,1,Pellet,Left,87,101,252,0,8.76,16,nan
3/30/2023 4:37:15,1.14.0,Free_feed,17,4.06,1,1,Pellet,Left,87,101,253,0,12.39,19,nan
3/30/2023 4:37:31,1.14.0,Free_feed,17,4.06,1,1,Pellet,Left,87,101,254,0,7.96,16,nan
3/30/2023 4:52:18,1.14.0,Free_feed,17,4.05,1,1,Pellet,Left,87,101,255,0,Timed_out,887,nan
3/30/2023 4:52:36,1.14.0,Free_feed,17,4.05,2,1,Pellet,Left,87,101,256,0,10.18,18,nan
3/30/2023 4:52:54,1.14.0,Free_feed,17,4.05,2,1,Pellet,Left,87,101,257,0,7.41,18,nan
3/30/2023 4:53:19,1.14.0,Free_feed,17,4.05,1,1,Pellet,Left,87,101,258,0,17.55,24,nan
3/30/2023 4:53:40,1.14.0,Free_feed,17,4.05,1,1,Pellet,Left,87,101,259,0,13.62,22,nan
3/30/2023 5:13:27,1.14.0,Free_feed,17,4.05,1,1,Pellet,Left,87,101,260,0,Timed_out,1187,nan
3/30/2023 5:13:48,1.14.0,Free_feed,17,4.05,1,1,Pellet,Left,87,101,261,0,13.86,21,nan
3/30/2023 5:14:09,1.14.0,Free_feed,17,4.05,1,1,Pellet,Left,87,101,262,0,14.17,21,nan
3/30/2023 5:14:30,1.14.0,Free_feed,17,4.05,1,1,Pellet,Left,87,101,263,0,13.99,21,nan
3/30/2023 5:14:54,1.14.0,Free_feed,17,4.05,1,1,Pellet,Left,87,101,264,0,16.39,24,nan
3/30/2023 5:15:54,1.14.0,Free_feed,17,4.05,nan,1,RightWithPellet,Left,87,102,264,0,nan,nan,0.76
3/30/2023 5:15:56,1.14.0,Free_feed,17,4.05,nan,1,RightWithPellet,Left,87,103,264,0,nan,nan,0.09
3/30/2023 5:15:58,1.14.0,Free_feed,17,4.05,nan,1,RightWithPellet,Left,87,104,264,0,nan,nan,0.26
3/30/2023 5:15:59,1.14.0,Free_feed,17,4.05,nan,1,RightWithPellet,Left,87,105,264,0,nan,nan,0.18
3/30/2023 5:16:20,1.14.0,Free_feed,17,4.05,nan,1,RightWithPellet,Left,87,106,264,0,nan,nan,0.21
3/30/2023 5:17:12,1.14.0,Free_feed,17,4.05,nan,1,RightWithPellet,Left,87,107,264,0,nan,nan,0.22
3/30/2023 5:17:17,1.14.0,Free_feed,17,4.05,nan,1,RightWithPellet,Left,87,108,264,0,nan,nan,1.25
3/30/2023 5:17:23,1.14.0,Free_feed,17,4.05,nan,1,LeftWithPellet,Left,88,108,264,0,nan,nan,0.40
3/30/2023 5:17:41,1.14.0,Free_feed,17,4.05,nan,1,RightWithPellet,Left,88,109,264,0,nan,nan,0.50
3/30/2023 5:18:44,1.14.0,Free_feed,17,4.05,nan,1,RightWithPellet,Left,88,110,264,0,nan,nan,0.03
3/30/2023 5:23:57,1.14.0,Free_feed,17,4.05,2,1,Pellet,Left,88,110,265,0,Timed_out,543,nan
3/30/2023 5:24:10,1.14.0,Free_feed,17,4.05,nan,1,RightWithPellet,Left,88,111,265,0,nan,nan,0.00
3/30/2023 5:24:11,1.14.0,Free_feed,17,4.05,nan,1,RightWithPellet,Left,88,112,265,0,nan,nan,0.50
3/30/2023 5:25:09,1.14.0,Free_feed,17,4.05,1,1,Pellet,Left,88,112,266,0,Timed_out,72,nan
3/30/2023 5:28:26,1.14.0,Free_feed,17,4.05,nan,1,LeftWithPellet,Left,89,112,266,0,nan,nan,0.20
3/30/2023 5:28:29,1.14.0,Free_feed,17,4.05,nan,1,LeftWithPellet,Left,90,112,266,0,nan,nan,0.38
3/30/2023 6:06:53,1.14.0,Free_feed,17,4.05,1,1,Pellet,Left,90,112,267,0,Timed_out,2504,nan
3/30/2023 6:13:45,1.14.0,Free_feed,17,4.05,1,1,Pellet,Left,90,112,268,0,Timed_out,412,nan
3/30/2023 6:14:04,1.14.0,Free_feed,17,4.05,1,1,Pellet,Left,90,112,269,0,11.29,19,nan
3/30/2023 6:14:05,1.14.0,Free_feed,17,4.05,1,1,Pellet,Left,90,112,270,0,0.06,1,nan
3/30/2023 6:14:24,1.14.0,Free_feed,17,4.05,1,1,Pellet,Left,90,112,271,0,11.58,19,nan
3/30/2023 6:14:43,1.14.0,Free_feed,17,4.05,1,1,Pellet,Left,90,112,272,0,11.95,19,nan
3/30/2023 6:15:06,1.14.0,Free_feed,17,4.05,2,1,Pellet,Left,90,112,273,0,13.43,23,nan
3/30/2023 6:15:26,1.14.0,Free_feed,17,4.05,1,1,Pellet,Left,90,112,274,0,12.39,20,nan
3/30/2023 6:15:45,1.14.0,Free_feed,17,4.05,2,1,Pellet,Left,90,112,275,0,11.40,19,nan
3/30/2023 6:16:06,1.14.0,Free_feed,17,4.05,1,1,Pellet,Left,90,112,276,0,13.50,21,nan
3/30/2023 6:16:32,1.14.0,Free_feed,17,4.05,1,1,Pellet,Left,90,112,277,0,18.42,26,nan
3/30/2023 6:37:41,1.14.0,Free_feed,17,4.05,1,1,Pellet,Left,90,112,278,0,Timed_out,1269,nan
3/30/2023 6:50:23,1.14.0,Free_feed,17,4.05,nan,1,RightWithPellet,Left,90,113,278,0,nan,nan,0.15
3/30/2023 6:50:26,1.14.0,Free_feed,17,4.05,nan,1,RightWithPellet,Left,90,114,278,0,nan,nan,0.08
3/30/2023 6:52:32,1.14.0,Free_feed,17,4.05,1,1,Pellet,Left,90,114,279,0,Timed_out,891,nan
3/30/2023 6:52:50,1.14.0,Free_feed,17,4.05,1,1,Pellet,Left,90,114,280,0,11.23,18,nan
3/30/2023 6:53:57,1.14.0,Free_feed,17,4.05,1,1,Pellet,Left,90,114,281,0,Timed_out,67,nan
3/30/2023 6:54:16,1.14.0,Free_feed,17,4.05,2,1,Pellet,Left,90,114,282,0,10.24,19,nan
3/30/2023 7:00:08,1.14.0,Free_feed,17,4.05,1,1,Pellet,Left,90,114,283,0,Timed_out,352,nan
3/30/2023 7:00:30,1.14.0,Free_feed,17,4.05,nan,1,RightWithPellet,Left,90,115,283,0,nan,nan,0.61
3/30/2023 7:06:09,1.14.0,Free_feed,17,4.05,1,1,Pellet,Left,90,115,284,0,Timed_out,361,nan
3/30/2023 7:06:31,1.14.0,Free_feed,17,4.05,1,1,Pellet,Left,90,115,285,0,14.79,21,nan
3/30/2023 7:10:37,1.14.0,Free_feed,17,4.05,1,1,Pellet,Left,90,115,286,0,Timed_out,247,nan
3/30/2023 7:11:31,1.14.0,Free_feed,17,4.05,nan,1,RightWithPellet,Left,90,116,286,0,nan,nan,0.12
3/30/2023 7:15:15,1.14.0,Free_feed,17,4.05,1,1,Pellet,Left,90,116,287,0,Timed_out,278,nan
3/30/2023 7:16:05,1.14.0,Free_feed,17,4.05,nan,1,RightWithPellet,Left,90,117,287,0,nan,nan,0.06
3/30/2023 7:16:08,1.14.0,Free_feed,17,4.05,nan,1,RightWithPellet,Left,90,118,287,0,nan,nan,0.06
3/30/2023 7:19:34,1.14.0,Free_feed,17,4.05,nan,1,RightWithPellet,Left,90,119,287,0,nan,nan,0.75
3/30/2023 7:19:37,1.14.0,Free_feed,17,4.05,nan,1,RightWithPellet,Left,90,120,287,0,nan,nan,0.02
3/30/2023 7:19:42,1.14.0,Free_feed,17,4.05,nan,1,RightWithPellet,Left,90,121,287,0,nan,nan,0.13
3/30/2023 7:19:43,1.14.0,Free_feed,17,4.05,nan,1,RightWithPellet,Left,90,122,287,0,nan,nan,0.04
3/30/2023 7:20:02,1.14.0,Free_feed,17,4.05,nan,1,RightWithPellet,Left,90,123,287,0,nan,nan,0.05
3/30/2023 7:20:11,1.14.0,Free_feed,17,4.05,nan,1,RightWithPellet,Left,90,124,287,0,nan,nan,0.20
3/30/2023 7:20:15,1.14.0,Free_feed,17,4.05,nan,1,LeftWithPellet,Left,91,124,287,0,nan,nan,0.41
3/30/2023 7:20:19,1.14.0,Free_feed,17,4.05,nan,1,LeftWithPellet,Left,92,124,287,0,nan,nan,0.47
3/30/2023 7:20:24,1.14.0,Free_feed,17,4.05,nan,1,LeftWithPellet,Left,93,124,287,0,nan,nan,0.34
3/30/2023 7:20:33,1.14.0,Free_feed,17,4.05,nan,1,LeftWithPellet,Left,94,124,287,0,nan,nan,0.81
3/30/2023 7:28:43,1.14.0,Free_feed,17,4.05,1,1,Pellet,Left,94,124,288,0,Timed_out,808,nan
3/30/2023 7:29:02,1.14.0,Free_feed,17,4.05,1,1,Pellet,Left,94,124,289,0,11.96,19,nan
3/30/2023 7:29:35,1.14.0,Free_feed,17,4.05,nan,1,LeftWithPellet,Left,95,124,289,0,nan,nan,0.18
3/30/2023 7:30:16,1.14.0,Free_feed,17,4.05,1,1,Pellet,Left,95,124,290,0,Timed_out,74,nan
3/30/2023 7:30:26,1.14.0,Free_feed,17,4.05,nan,1,RightWithPellet,Left,95,125,290,0,nan,nan,0.04
3/30/2023 8:31:45,1.14.0,Free_feed,17,4.05,1,1,Pellet,Left,95,125,291,0,Timed_out,3688,nan
3/30/2023 8:32:06,1.14.0,Free_feed,17,4.05,1,1,Pellet,Left,95,125,292,0,13.86,22,nan
3/30/2023 8:32:08,1.14.0,Free_feed,17,4.05,1,1,Pellet,Left,95,125,293,0,0.18,2,nan
3/30/2023 8:32:28,1.14.0,Free_feed,17,4.05,1,1,Pellet,Left,95,125,294,0,13.07,20,nan
3/30/2023 8:32:50,1.14.0,Free_feed,17,4.05,2,1,Pellet,Left,95,125,295,0,15.16,22,nan
3/30/2023 8:33:26,1.14.0,Free_feed,17,4.05,1,1,Pellet,Left,95,125,296,0,28.78,36,nan
3/30/2023 8:33:48,1.14.0,Free_feed,17,4.05,2,1,Pellet,Left,95,125,297,0,12.89,22,nan
3/30/2023 8:34:18,1.14.0,Free_feed,17,4.05,1,1,Pellet,Left,95,125,298,0,27.85,30,nan
3/30/2023 8:34:39,1.14.0,Free_feed,17,4.05,1,1,Pellet,Left,95,125,299,0,13.75,21,nan
3/30/2023 8:35:08,1.14.0,Free_feed,17,4.05,1,1,Pellet,Left,95,125,300,0,22.30,29,nan
3/30/2023 8:35:29,1.14.0,Free_feed,17,4.05,1,1,Pellet,Left,95,125,301,0,12.64,21,nan
3/30/2023 8:35:53,1.14.0,Free_feed,17,4.05,2,1,Pellet,Left,95,125,302,0,14.73,24,nan
3/30/2023 8:36:12,1.14.0,Free_feed,17,4.04,3,1,Pellet,Left,95,125,303,0,8.83,18,nan
3/30/2023 9:04:51,1.14.0,Free_feed,17,4.05,2,1,Pellet,Left,95,125,304,0,Timed_out,1720,nan
3/30/2023 9:25:33,1.14.0,Free_feed,17,4.04,2,1,Pellet,Left,95,125,305,0,Timed_out,1242,nan
3/30/2023 9:25:53,1.14.0,Free_feed,17,4.04,2,1,Pellet,Left,95,125,306,0,12.52,20,nan
3/30/2023 9:26:02,1.14.0,Free_feed,17,4.05,2,1,Pellet,Left,95,125,307,0,1.95,9,nan
3/30/2023 9:27:57,1.14.0,Free_feed,17,4.05,1,1,Pellet,Left,95,125,308,0,Timed_out,115,nan
3/30/2023 9:29:38,1.14.0,Free_feed,17,4.05,nan,1,RightWithPellet,Left,95,126,308,0,nan,nan,0.03
