MM:DD:YYYY hh:mm:ss,Library_Version,Session_type,Device_Number,Battery_Voltage,Motor_Turns,FR,Event,Active_Poke,Left_Poke_Count,Right_Poke_Count,Pellet_Count,Block_Pellet_Count,Retrieval_Time,InterPelletInterval,Poke_Time
3/29/2023 10:58:41,1.14.0,Free_feed,19,4.12,nan,1,LeftWithPellet,Left,1,0,0,0,nan,nan,0.00
3/29/2023 11:05:12,1.14.0,Free_feed,19,4.12,nan,1,LeftWithPellet,Left,2,0,0,0,nan,nan,0.34
3/29/2023 11:05:13,1.14.0,Free_feed,19,4.12,nan,1,LeftWithPellet,Left,3,0,0,0,nan,nan,0.09
3/29/2023 11:09:56,1.14.0,Free_feed,19,4.12,nan,1,RightWithPellet,Left,3,1,0,0,nan,nan,0.45
3/29/2023 11:12:16,1.14.0,Free_feed,19,4.12,479,1,Pellet,Left,3,1,1,0,Timed_out,nan,nan
3/29/2023 11:19:56,1.14.0,Free_feed,19,4.12,nan,1,LeftWithPellet,Left,4,1,1,0,nan,nan,0.04
3/29/2023 11:38:30,1.14.0,Free_feed,19,4.11,nan,1,RightWithPellet,Left,4,2,1,0,nan,nan,0.09
3/29/2023 11:42:01,1.14.0,Free_feed,19,4.12,nan,1,RightWithPellet,Left,4,3,1,0,nan,nan,0.38
3/29/2023 11:43:21,1.14.0,Free_feed,19,4.11,nan,1,LeftWithPellet,Left,5,3,1,0,nan,nan,0.10
3/29/2023 11:43:51,1.14.0,Free_feed,19,4.12,nan,1,RightWithPellet,Left,5,4,1,0,nan,nan,0.12
3/29/2023 11:44:00,1.14.0,Free_feed,19,4.12,1,1,Pellet,Left,5,4,2,0,Timed_out,1904,nan
3/29/2023 11:47:23,1.14.0,Free_feed,19,4.11,3,1,Pellet,Left,5,4,3,0,Timed_out,203,nan
3/29/2023 11:49:23,1.14.0,Free_feed,19,4.12,nan,1,LeftWithPellet,Left,6,4,3,0,nan,nan,0.22
3/29/2023 11:49:25,1.14.0,Free_feed,19,4.12,2,1,Pellet,Left,6,4,4,0,Timed_out,122,nan
3/29/2023 11:49:27,1.14.0,Free_feed,19,4.12,1,1,Pellet,Left,6,4,5,0,0.06,2,nan
3/29/2023 11:49:28,1.14.0,Free_feed,19,4.11,1,1,Pellet,Left,6,4,6,0,0.06,1,nan
3/29/2023 11:50:27,1.14.0,Free_feed,19,4.11,2,1,Pellet,Left,6,4,7,0,51.45,59,nan
3/29/2023 11:50:29,1.14.0,Free_feed,19,4.11,1,1,Pellet,Left,6,4,8,0,0.06,2,nan
3/29/2023 11:52:16,1.14.0,Free_feed,19,4.12,2,1,Pellet,Left,6,4,9,0,Timed_out,107,nan
3/29/2023 11:54:02,1.14.0,Free_feed,19,4.11,2,1,Pellet,Left,6,4,10,0,Timed_out,106,nan
3/29/2023 11:54:03,1.14.0,Free_feed,19,4.12,1,1,Pellet,Left,6,4,11,0,0.12,1,nan
3/29/2023 11:54:08,1.14.0,Free_feed,19,4.12,1,1,Pellet,Left,6,4,12,0,0.36,5,nan
3/29/2023 11:58:28,1.14.0,Free_feed,19,4.11,1,1,Pellet,Left,6,4,13,0,Timed_out,260,nan
3/29/2023 11:58:45,1.14.0,Free_feed,19,4.11,1,1,Pellet,Left,6,4,14,0,10.60,17,nan
3/29/2023 11:59:06,1.14.0,Free_feed,19,4.11,1,1,Pellet,Left,6,4,15,0,14.47,21,nan
3/29/2023 12:01:08,1.14.0,Free_feed,19,4.11,1,1,Pellet,Left,6,4,16,0,Timed_out,122,nan
3/29/2023 12:01:10,1.14.0,Free_feed,19,4.12,1,1,Pellet,Left,6,4,17,0,0.12,2,nan
3/29/2023 12:02:10,1.14.0,Free_feed,19,4.12,1,1,Pellet,Left,6,4,18,0,52.19,60,nan
3/29/2023 12:02:41,1.14.0,Free_feed,19,4.11,1,1,Pellet,Left,6,4,19,0,23.89,31,nan
3/29/2023 12:04:56,1.14.0,Free_feed,19,4.11,1,1,Pellet,Left,6,4,20,0,Timed_out,135,nan
3/29/2023 12:04:58,1.14.0,Free_feed,19,4.12,1,1,Pellet,Left,6,4,21,0,0.12,2,nan
3/29/2023 12:05:28,1.14.0,Free_feed,19,4.12,1,1,Pellet,Left,6,4,22,0,23.15,30,nan
3/29/2023 12:05:29,1.14.0,Free_feed,19,4.11,1,1,Pellet,Left,6,4,23,0,0.06,1,nan
3/29/2023 12:05:53,1.14.0,Free_feed,19,4.12,1,1,Pellet,Left,6,4,24,0,16.51,24,nan
3/29/2023 12:09:12,1.14.0,Free_feed,19,4.11,1,1,Pellet,Left,6,4,25,0,Timed_out,198,nan
3/29/2023 12:11:28,1.14.0,Free_feed,19,4.12,1,1,Pellet,Left,6,4,26,0,Timed_out,136,nan
3/29/2023 12:11:58,1.14.0,Free_feed,19,4.11,nan,1,RightWithPellet,Left,6,5,26,0,nan,nan,1.89
3/29/2023 12:11:58,1.14.0,Free_feed,19,4.11,nan,1,RightWithPellet,Left,6,6,26,0,nan,nan,0.05
3/29/2023 12:12:04,1.14.0,Free_feed,19,4.12,nan,1,RightWithPellet,Left,6,7,26,0,nan,nan,0.00
3/29/2023 12:12:05,1.14.0,Free_feed,19,4.11,nan,1,RightWithPellet,Left,6,8,26,0,nan,nan,0.47
3/29/2023 12:14:13,1.14.0,Free_feed,19,4.11,1,1,Pellet,Left,6,8,27,0,Timed_out,166,nan
3/29/2023 12:16:59,1.14.0,Free_feed,19,4.11,1,1,Pellet,Left,6,8,28,0,Timed_out,166,nan
3/29/2023 12:17:30,1.14.0,Free_feed,19,4.11,1,1,Pellet,Left,6,8,29,0,23.03,31,nan
3/29/2023 12:17:41,1.14.0,Free_feed,19,4.12,1,1,Pellet,Left,6,8,30,0,4.71,11,nan
3/29/2023 12:18:59,1.14.0,Free_feed,19,4.11,1,1,Pellet,Left,6,8,31,0,Timed_out,78,nan
3/29/2023 12:20:12,1.14.0,Free_feed,19,4.11,nan,1,LeftWithPellet,Left,7,8,31,0,nan,nan,0.02
3/29/2023 12:20:18,1.14.0,Free_feed,19,4.11,2,1,Pellet,Left,7,8,32,0,Timed_out,79,nan
3/29/2023 12:21:24,1.14.0,Free_feed,19,4.11,1,1,Pellet,Left,7,8,33,0,Timed_out,66,nan
3/29/2023 12:21:30,1.14.0,Free_feed,19,4.11,nan,1,RightWithPellet,Left,7,9,33,0,nan,nan,0.19
3/29/2023 12:21:33,1.14.0,Free_feed,19,4.12,1,1,Pellet,Left,7,9,34,0,3.05,9,nan
3/29/2023 12:23:58,1.14.0,Free_feed,19,4.12,nan,1,RightWithPellet,Left,7,10,34,0,nan,nan,0.00
3/29/2023 12:25:24,1.14.0,Free_feed,19,4.11,nan,1,LeftWithPellet,Left,8,10,34,0,nan,nan,0.03
3/29/2023 12:25:25,1.14.0,Free_feed,19,4.11,1,1,Pellet,Left,8,10,35,0,Timed_out,232,nan
3/29/2023 12:32:58,1.14.0,Free_feed,19,4.11,1,1,Pellet,Left,8,10,36,0,Timed_out,453,nan
3/29/2023 12:43:02,1.14.0,Free_feed,19,4.11,nan,1,LeftWithPellet,Left,9,10,36,0,nan,nan,0.01
3/29/2023 12:43:23,1.14.0,Free_feed,19,4.11,3,1,Pellet,Left,9,10,37,0,Timed_out,625,nan
3/29/2023 12:45:25,1.14.0,Free_feed,19,4.11,1,1,Pellet,Left,9,10,38,0,Timed_out,122,nan
3/29/2023 12:53:03,1.14.0,Free_feed,19,4.12,1,1,Pellet,Left,9,10,39,0,Timed_out,457,nan
3/29/2023 12:55:27,1.14.0,Free_feed,19,4.11,1,1,Pellet,Left,9,10,40,0,Timed_out,145,nan
3/29/2023 12:55:47,1.14.0,Free_feed,19,4.11,1,1,Pellet,Left,9,10,41,0,12.63,20,nan
3/29/2023 12:56:09,1.14.0,Free_feed,19,4.11,1,1,Pellet,Left,9,10,42,0,14.35,21,nan
3/29/2023 12:56:18,1.14.0,Free_feed,19,4.11,1,1,Pellet,Left,9,10,43,0,2.01,10,nan
3/29/2023 13:01:02,1.14.0,Free_feed,19,4.11,2,1,Pellet,Left,9,10,44,0,Timed_out,284,nan
3/29/2023 13:04:03,1.14.0,Free_feed,19,4.11,nan,1,LeftWithPellet,Left,10,10,44,0,nan,nan,0.06
3/29/2023 13:04:47,1.14.0,Free_feed,19,4.11,nan,1,RightWithPellet,Left,10,11,44,0,nan,nan,0.03
3/29/2023 13:04:52,1.14.0,Free_feed,19,4.11,nan,1,RightWithPellet,Left,10,12,44,0,nan,nan,0.00
3/29/2023 13:05:01,1.14.0,Free_feed,19,4.11,nan,1,LeftWithPellet,Left,11,12,44,0,nan,nan,0.19
3/29/2023 13:05:58,1.14.0,Free_feed,19,4.11,1,1,Pellet,Left,11,12,45,0,Timed_out,296,nan
3/29/2023 13:06:06,1.14.0,Free_feed,19,4.11,nan,1,RightWithPellet,Left,11,13,45,0,nan,nan,0.17
3/29/2023 13:08:11,1.14.0,Free_feed,19,4.11,nan,1,LeftWithPellet,Left,12,13,45,0,nan,nan,0.05
3/29/2023 13:10:38,1.14.0,Free_feed,19,4.11,1,1,Pellet,Left,12,13,46,0,Timed_out,279,nan
3/29/2023 13:22:10,1.14.0,Free_feed,19,4.11,nan,1,RightWithPellet,Left,12,14,46,0,nan,nan,0.02
3/29/2023 13:27:46,1.14.0,Free_feed,19,4.10,1,1,Pellet,Left,12,14,47,0,Timed_out,1029,nan
3/29/2023 13:27:48,1.14.0,Free_feed,19,4.11,1,1,Pellet,Left,12,14,48,0,0.18,2,nan
3/29/2023 13:28:22,1.14.0,Free_feed,19,4.11,1,1,Pellet,Left,12,14,49,0,26.66,34,nan
3/29/2023 13:28:44,1.14.0,Free_feed,19,4.11,1,1,Pellet,Left,12,14,50,0,14.29,21,nan
3/29/2023 13:29:06,1.14.0,Free_feed,19,4.11,1,1,Pellet,Left,12,14,51,0,14.48,23,nan
3/29/2023 13:29:07,1.14.0,Free_feed,19,4.11,1,1,Pellet,Left,12,14,52,0,0.12,1,nan
3/29/2023 13:46:56,1.14.0,Free_feed,19,4.11,1,1,Pellet,Left,12,14,53,0,Timed_out,1069,nan
3/29/2023 13:47:27,1.14.0,Free_feed,19,4.11,1,1,Pellet,Left,12,14,54,0,23.76,31,nan
3/29/2023 13:47:46,1.14.0,Free_feed,19,4.11,1,1,Pellet,Left,12,14,55,0,11.28,18,nan
3/29/2023 13:48:10,1.14.0,Free_feed,19,4.11,1,1,Pellet,Left,12,14,56,0,16.87,25,nan
3/29/2023 13:48:34,1.14.0,Free_feed,19,4.11,1,1,Pellet,Left,12,14,57,0,17.06,24,nan
3/29/2023 14:08:24,1.14.0,Free_feed,19,4.11,1,1,Pellet,Left,12,14,58,0,Timed_out,1189,nan
3/29/2023 14:54:01,1.14.0,Free_feed,19,4.11,2,1,Pellet,Left,12,14,59,0,Timed_out,2738,nan
3/29/2023 14:55:14,1.14.0,Free_feed,19,4.11,1,1,Pellet,Left,12,14,60,0,Timed_out,73,nan
3/29/2023 14:56:09,1.14.0,Free_feed,19,4.11,1,1,Pellet,Left,12,14,61,0,52.78,55,nan
3/29/2023 14:56:36,1.14.0,Free_feed,19,4.11,1,1,Pellet,Left,12,14,62,0,25.98,27,nan
3/29/2023 14:57:10,1.14.0,Free_feed,19,4.11,1,1,Pellet,Left,12,14,63,0,26.05,34,nan
3/29/2023 14:57:53,1.14.0,Free_feed,19,4.11,1,1,Pellet,Left,12,14,64,0,40.71,43,nan
3/29/2023 14:58:12,1.14.0,Free_feed,19,4.11,1,1,Pellet,Left,12,14,65,0,11.40,19,nan
3/29/2023 14:58:30,1.14.0,Free_feed,19,4.11,2,1,Pellet,Left,12,14,66,0,8.33,18,nan
3/29/2023 14:59:06,1.14.0,Free_feed,19,4.11,nan,1,RightWithPellet,Left,12,15,66,0,nan,nan,0.23
3/29/2023 15:34:02,1.14.0,Free_feed,19,4.11,1,1,Pellet,Left,12,15,67,0,Timed_out,2132,nan
3/29/2023 15:36:19,1.14.0,Free_feed,19,4.11,1,1,Pellet,Left,12,15,68,0,Timed_out,137,nan
3/29/2023 15:36:43,1.14.0,Free_feed,19,4.11,1,1,Pellet,Left,12,15,69,0,17.62,24,nan
3/29/2023 15:36:46,1.14.0,Free_feed,19,4.11,1,1,Pellet,Left,12,15,70,0,0.06,3,nan
3/29/2023 15:37:06,1.14.0,Free_feed,19,4.11,1,1,Pellet,Left,12,15,71,0,12.20,20,nan
3/29/2023 15:37:08,1.14.0,Free_feed,19,4.11,1,1,Pellet,Left,12,15,72,0,0.60,2,nan
3/29/2023 15:37:31,1.14.0,Free_feed,19,4.11,1,1,Pellet,Left,12,15,73,0,16.26,23,nan
3/29/2023 15:37:54,1.14.0,Free_feed,19,4.11,1,1,Pellet,Left,12,15,74,0,16.69,23,nan
3/29/2023 16:31:22,1.14.0,Free_feed,19,4.11,1,1,Pellet,Left,12,15,75,0,Timed_out,3207,nan
3/29/2023 16:40:08,1.14.0,Free_feed,19,4.11,2,1,Pellet,Left,12,15,76,0,Timed_out,527,nan
3/29/2023 16:40:11,1.14.0,Free_feed,19,4.10,1,1,Pellet,Left,12,15,77,0,0.67,3,nan
3/29/2023 16:40:58,1.14.0,Free_feed,19,4.11,2,1,Pellet,Left,12,15,78,0,39.90,47,nan
3/29/2023 16:41:20,1.14.0,Free_feed,19,4.10,1,1,Pellet,Left,12,15,79,0,14.59,22,nan
3/29/2023 16:41:22,1.14.0,Free_feed,19,4.11,1,1,Pellet,Left,12,15,80,0,0.06,1,nan
3/29/2023 16:41:42,1.14.0,Free_feed,19,4.11,1,1,Pellet,Left,12,15,81,0,12.81,21,nan
3/29/2023 16:42:06,1.14.0,Free_feed,19,4.11,1,1,Pellet,Left,12,15,82,0,16.37,23,nan
3/29/2023 16:42:07,1.14.0,Free_feed,19,4.11,1,1,Pellet,Left,12,15,83,0,0.06,2,nan
3/29/2023 16:42:33,1.14.0,Free_feed,19,4.11,3,1,Pellet,Left,12,15,84,0,14.35,26,nan
3/29/2023 16:42:57,1.14.0,Free_feed,19,4.11,1,1,Pellet,Left,12,15,85,0,17.24,24,nan
3/29/2023 16:43:17,1.14.0,Free_feed,19,4.11,1,1,Pellet,Left,12,15,86,0,12.94,20,nan
3/29/2023 16:43:20,1.14.0,Free_feed,19,4.11,1,1,Pellet,Left,12,15,87,0,0.12,3,nan
3/29/2023 16:43:46,1.14.0,Free_feed,19,4.10,1,1,Pellet,Left,12,15,88,0,19.03,26,nan
3/29/2023 16:49:17,1.14.0,Free_feed,19,4.10,2,1,Pellet,Left,12,15,89,0,Timed_out,331,nan
3/29/2023 16:49:40,1.14.0,Free_feed,19,4.10,1,1,Pellet,Left,12,15,90,0,15.77,23,nan
3/29/2023 16:50:00,1.14.0,Free_feed,19,4.10,2,1,Pellet,Left,12,15,91,0,10.29,20,nan
3/29/2023 16:50:22,1.14.0,Free_feed,19,4.11,1,1,Pellet,Left,12,15,92,0,15.09,22,nan
3/29/2023 16:50:46,1.14.0,Free_feed,19,4.10,2,1,Pellet,Left,12,15,93,0,16.32,24,nan
3/29/2023 17:56:18,1.14.0,Free_feed,19,4.10,2,1,Pellet,Left,12,15,94,0,Timed_out,3932,nan
3/29/2023 17:57:15,1.14.0,Free_feed,19,4.10,1,1,Pellet,Left,12,15,95,0,49.33,57,nan
3/29/2023 17:57:22,1.14.0,Free_feed,19,4.10,1,1,Pellet,Left,12,15,96,0,0.06,7,nan
3/29/2023 18:03:27,1.14.0,Free_feed,19,4.10,2,1,Pellet,Left,12,15,97,0,Timed_out,365,nan
3/29/2023 18:04:08,1.14.0,Free_feed,19,4.11,1,1,Pellet,Left,12,15,98,0,33.07,41,nan
3/29/2023 18:04:23,1.14.0,Free_feed,19,4.09,1,1,Pellet,Left,12,15,99,0,8.52,15,nan
3/29/2023 18:04:46,1.14.0,Free_feed,19,4.10,1,1,Pellet,Left,12,15,100,0,16.07,23,nan
3/29/2023 18:05:09,1.14.0,Free_feed,19,4.10,1,1,Pellet,Left,12,15,101,0,15.76,23,nan
3/29/2023 18:05:35,1.14.0,Free_feed,19,4.10,1,1,Pellet,Left,12,15,102,0,17.98,25,nan
3/29/2023 18:05:37,1.14.0,Free_feed,19,4.10,1,1,Pellet,Left,12,15,103,0,0.24,2,nan
3/29/2023 18:51:15,1.14.0,Free_feed,19,4.10,1,1,Pellet,Left,12,15,104,0,Timed_out,2738,nan
3/29/2023 19:09:55,1.14.0,Free_feed,19,4.10,1,1,Pellet,Left,12,15,105,0,Timed_out,1121,nan
3/29/2023 19:09:56,1.14.0,Free_feed,19,4.10,1,1,Pellet,Left,12,15,106,0,0.18,1,nan
3/29/2023 19:20:34,1.14.0,Free_feed,19,4.10,1,1,Pellet,Left,12,15,107,0,Timed_out,638,nan
3/29/2023 19:20:36,1.14.0,Free_feed,19,4.09,1,1,Pellet,Left,12,15,108,0,0.30,2,nan
3/29/2023 19:20:37,1.14.0,Free_feed,19,4.09,1,1,Pellet,Left,12,15,109,0,0.12,1,nan
3/29/2023 19:21:43,1.14.0,Free_feed,19,4.09,1,1,Pellet,Left,12,15,110,0,58.51,66,nan
3/29/2023 19:21:45,1.14.0,Free_feed,19,4.10,1,1,Pellet,Left,12,15,111,0,0.12,2,nan
3/29/2023 19:22:13,1.14.0,Free_feed,19,4.09,1,1,Pellet,Left,12,15,112,0,20.98,28,nan
3/29/2023 19:23:45,1.14.0,Free_feed,19,4.09,1,1,Pellet,Left,12,15,113,0,Timed_out,92,nan
3/29/2023 19:27:21,1.14.0,Free_feed,19,4.10,1,1,Pellet,Left,12,15,114,0,Timed_out,216,nan
3/29/2023 19:27:40,1.14.0,Free_feed,19,4.09,2,1,Pellet,Left,12,15,115,0,9.37,18,nan
3/29/2023 19:27:59,1.14.0,Free_feed,19,4.09,2,1,Pellet,Left,12,15,116,0,16.81,19,nan
3/29/2023 19:28:01,1.14.0,Free_feed,19,4.09,1,1,Pellet,Left,12,15,117,0,0.79,3,nan
3/29/2023 19:28:24,1.14.0,Free_feed,19,4.10,1,1,Pellet,Left,12,15,118,0,16.14,23,nan
3/29/2023 19:33:54,1.14.0,Free_feed,19,4.09,1,1,Pellet,Left,12,15,119,0,Timed_out,330,nan
3/29/2023 19:33:56,1.14.0,Free_feed,19,4.09,1,1,Pellet,Left,12,15,120,0,0.12,2,nan
3/29/2023 19:34:26,1.14.0,Free_feed,19,4.09,1,1,Pellet,Left,12,15,121,0,22.84,30,nan
3/29/2023 20:16:42,1.14.0,Free_feed,19,4.09,1,1,Pellet,Left,12,15,122,0,Timed_out,2536,nan
3/29/2023 20:17:18,1.14.0,Free_feed,19,4.10,1,1,Pellet,Left,12,15,123,0,28.89,36,nan
3/29/2023 20:17:33,1.14.0,Free_feed,19,4.09,1,1,Pellet,Left,12,15,124,0,7.84,15,nan
3/29/2023 20:18:14,1.14.0,Free_feed,19,4.09,1,1,Pellet,Left,12,15,125,0,33.25,41,nan
3/29/2023 20:18:29,1.14.0,Free_feed,19,4.09,1,1,Pellet,Left,12,15,126,0,7.97,15,nan
3/29/2023 20:18:50,1.14.0,Free_feed,19,4.09,2,1,Pellet,Left,12,15,127,0,13.62,21,nan
3/29/2023 20:24:56,1.14.0,Free_feed,19,4.09,1,1,Pellet,Left,12,15,128,0,Timed_out,366,nan
3/29/2023 20:39:39,1.14.0,Free_feed,19,4.09,1,1,Pellet,Left,12,15,129,0,Timed_out,883,nan
3/29/2023 20:40:16,1.14.0,Free_feed,19,4.09,1,1,Pellet,Left,12,15,130,0,29.51,37,nan
3/29/2023 20:40:35,1.14.0,Free_feed,19,4.09,1,1,Pellet,Left,12,15,131,0,17.61,19,nan
3/29/2023 20:40:42,1.14.0,Free_feed,19,4.09,1,1,Pellet,Left,12,15,132,0,5.45,7,nan
3/29/2023 20:40:58,1.14.0,Free_feed,19,4.09,1,1,Pellet,Left,12,15,133,0,8.40,16,nan
3/29/2023 20:41:37,1.14.0,Free_feed,19,4.09,1,1,Pellet,Left,12,15,134,0,31.34,39,nan
3/29/2023 20:41:58,1.14.0,Free_feed,19,4.09,1,1,Pellet,Left,12,15,135,0,13.43,21,nan
3/29/2023 20:42:19,1.14.0,Free_feed,19,4.09,1,1,Pellet,Left,12,15,136,0,13.81,21,nan
3/29/2023 21:02:00,1.14.0,Free_feed,19,4.09,1,1,Pellet,Left,12,15,137,0,Timed_out,1181,nan
3/29/2023 21:02:37,1.14.0,Free_feed,19,4.09,1,1,Pellet,Left,12,15,138,0,29.01,36,nan
3/29/2023 21:03:06,1.14.0,Free_feed,19,4.09,1,1,Pellet,Left,12,15,139,0,22.60,30,nan
3/29/2023 21:03:23,1.14.0,Free_feed,19,4.09,1,1,Pellet,Left,12,15,140,0,9.68,17,nan
3/29/2023 21:03:47,1.14.0,Free_feed,19,4.09,1,1,Pellet,Left,12,15,141,0,16.38,24,nan
3/29/2023 21:10:42,1.14.0,Free_feed,19,4.09,1,1,Pellet,Left,12,15,142,0,Timed_out,415,nan
3/29/2023 21:20:46,1.14.0,Free_feed,19,4.09,1,1,Pellet,Left,12,15,143,0,Timed_out,604,nan
3/29/2023 21:26:21,1.14.0,Free_feed,19,4.09,1,1,Pellet,Left,12,15,144,0,Timed_out,335,nan
3/29/2023 21:26:22,1.14.0,Free_feed,19,4.09,1,1,Pellet,Left,12,15,145,0,0.06,1,nan
3/29/2023 21:26:24,1.14.0,Free_feed,19,4.09,1,1,Pellet,Left,12,15,146,0,0.06,2,nan
3/29/2023 21:26:52,1.14.0,Free_feed,19,4.09,1,1,Pellet,Left,12,15,147,0,21.31,28,nan
3/29/2023 21:36:25,1.14.0,Free_feed,19,4.09,2,1,Pellet,Left,12,15,148,0,Timed_out,572,nan
3/29/2023 21:36:44,1.14.0,Free_feed,19,4.09,2,1,Pellet,Left,12,15,149,0,12.26,20,nan
3/29/2023 21:36:46,1.14.0,Free_feed,19,4.09,1,1,Pellet,Left,12,15,150,0,0.06,2,nan
3/29/2023 21:37:12,1.14.0,Free_feed,19,4.09,2,1,Pellet,Left,12,15,151,0,18.97,26,nan
3/29/2023 21:37:38,1.14.0,Free_feed,19,4.08,1,1,Pellet,Left,12,15,152,0,19.21,26,nan
3/29/2023 21:37:59,1.14.0,Free_feed,19,4.09,1,1,Pellet,Left,12,15,153,0,19.15,21,nan
3/29/2023 21:38:03,1.14.0,Free_feed,19,4.09,nan,1,RightWithPellet,Left,12,16,153,0,nan,nan,0.70
3/29/2023 21:38:11,1.14.0,Free_feed,19,4.08,nan,1,RightWithPellet,Left,12,17,153,0,nan,nan,0.29
3/29/2023 21:38:12,1.14.0,Free_feed,19,4.09,nan,1,RightWithPellet,Left,12,18,153,0,nan,nan,0.13
3/29/2023 21:38:16,1.14.0,Free_feed,19,4.09,nan,1,RightWithPellet,Left,12,19,153,0,nan,nan,0.13
3/29/2023 21:40:53,1.14.0,Free_feed,19,4.09,1,1,Pellet,Left,12,19,154,0,Timed_out,174,nan
3/29/2023 21:47:55,1.14.0,Free_feed,19,4.09,nan,1,RightWithPellet,Left,12,20,154,0,nan,nan,0.60
3/29/2023 21:47:56,1.14.0,Free_feed,19,4.09,nan,1,RightWithPellet,Left,12,21,154,0,nan,nan,0.77
3/29/2023 21:48:01,1.14.0,Free_feed,19,4.09,1,1,Pellet,Left,12,21,155,0,Timed_out,427,nan
3/29/2023 21:48:08,1.14.0,Free_feed,19,4.09,2,1,Pellet,Left,12,21,156,0,0.42,8,nan
3/29/2023 21:48:31,1.14.0,Free_feed,19,4.09,1,1,Pellet,Left,12,21,157,0,15.16,23,nan
3/29/2023 21:48:53,1.14.0,Free_feed,19,4.09,2,1,Pellet,Left,12,21,158,0,15.46,22,nan
3/29/2023 21:49:15,1.14.0,Free_feed,19,4.09,1,1,Pellet,Left,12,21,159,0,14.05,22,nan
3/29/2023 21:49:40,1.14.0,Free_feed,19,4.09,1,1,Pellet,Left,12,21,160,0,18.04,25,nan
3/29/2023 21:49:47,1.14.0,Free_feed,19,4.09,1,1,Pellet,Left,12,21,161,0,0.97,7,nan
3/29/2023 22:20:02,1.14.0,Free_feed,19,4.09,1,1,Pellet,Left,12,21,162,0,Timed_out,1814,nan
3/29/2023 22:20:03,1.14.0,Free_feed,19,4.09,1,1,Pellet,Left,12,21,163,0,0.55,2,nan
3/29/2023 22:20:22,1.14.0,Free_feed,19,4.09,2,1,Pellet,Left,12,21,164,0,10.55,18,nan
3/29/2023 22:20:23,1.14.0,Free_feed,19,4.09,1,1,Pellet,Left,12,21,165,0,0.06,2,nan
3/29/2023 22:21:02,1.14.0,Free_feed,19,4.09,1,1,Pellet,Left,12,21,166,0,31.80,39,nan
3/29/2023 22:21:34,1.14.0,Free_feed,19,4.09,1,1,Pellet,Left,12,21,167,0,25.50,32,nan
3/29/2023 22:26:58,1.14.0,Free_feed,19,4.09,1,1,Pellet,Left,12,21,168,0,Timed_out,324,nan
3/29/2023 22:34:46,1.14.0,Free_feed,19,4.09,nan,1,RightWithPellet,Left,12,22,168,0,nan,nan,0.07
3/29/2023 22:34:49,1.14.0,Free_feed,19,4.09,2,1,Pellet,Left,12,22,169,0,Timed_out,471,nan
3/29/2023 22:35:14,1.14.0,Free_feed,19,4.09,2,1,Pellet,Left,12,22,170,0,17.56,25,nan
3/29/2023 22:44:50,1.14.0,Free_feed,19,4.09,3,1,Pellet,Left,12,22,171,0,Timed_out,576,nan
3/29/2023 22:45:11,1.14.0,Free_feed,19,4.09,2,1,Pellet,Left,12,22,172,0,13.98,21,nan
3/29/2023 22:45:32,1.14.0,Free_feed,19,4.09,2,1,Pellet,Left,12,22,173,0,13.01,21,nan
3/29/2023 22:45:56,1.14.0,Free_feed,19,4.09,1,1,Pellet,Left,12,22,174,0,22.17,24,nan
3/29/2023 22:46:19,1.14.0,Free_feed,19,4.09,1,1,Pellet,Left,12,22,175,0,16.01,23,nan
3/29/2023 22:46:41,1.14.0,Free_feed,19,4.09,2,1,Pellet,Left,12,22,176,0,12.45,21,nan
3/29/2023 22:48:47,1.14.0,Free_feed,19,4.09,nan,1,RightWithPellet,Left,12,23,176,0,nan,nan,0.03
3/29/2023 23:08:48,1.14.0,Free_feed,19,4.09,1,1,Pellet,Left,12,23,177,0,Timed_out,1328,nan
3/29/2023 23:09:27,1.14.0,Free_feed,19,4.09,1,1,Pellet,Left,12,23,178,0,31.78,39,nan
3/29/2023 23:09:47,1.14.0,Free_feed,19,4.09,1,1,Pellet,Left,12,23,179,0,12.45,19,nan
3/29/2023 23:11:14,1.14.0,Free_feed,19,4.09,2,1,Pellet,Left,12,23,180,0,Timed_out,88,nan
3/29/2023 23:11:34,1.14.0,Free_feed,19,4.09,1,1,Pellet,Left,12,23,181,0,13.06,20,nan
3/29/2023 23:11:36,1.14.0,Free_feed,19,4.09,1,1,Pellet,Left,12,23,182,0,0.06,2,nan
3/29/2023 23:11:59,1.14.0,Free_feed,19,4.09,1,1,Pellet,Left,12,23,183,0,15.77,23,nan
3/29/2023 23:27:56,1.14.0,Free_feed,19,4.09,1,1,Pellet,Left,12,23,184,0,Timed_out,957,nan
3/29/2023 23:28:27,1.14.0,Free_feed,19,4.09,1,1,Pellet,Left,12,23,185,0,23.53,31,nan
3/29/2023 23:28:52,1.14.0,Free_feed,19,4.09,1,1,Pellet,Left,12,23,186,0,17.44,25,nan
3/29/2023 23:29:14,1.14.0,Free_feed,19,4.08,1,1,Pellet,Left,12,23,187,0,15.04,22,nan
3/29/2023 23:29:22,1.14.0,Free_feed,19,4.09,1,1,Pellet,Left,12,23,188,0,0.91,8,nan
3/29/2023 23:51:27,1.14.0,Free_feed,19,4.09,1,1,Pellet,Left,12,23,189,0,Timed_out,1325,nan
3/29/2023 23:51:56,1.14.0,Free_feed,19,4.09,1,1,Pellet,Left,12,23,190,0,21.87,29,nan
3/29/2023 23:52:15,1.14.0,Free_feed,19,4.09,2,1,Pellet,Left,12,23,191,0,9.75,19,nan
3/29/2023 23:52:17,1.14.0,Free_feed,19,4.09,1,1,Pellet,Left,12,23,192,0,0.24,2,nan
3/29/2023 23:52:42,1.14.0,Free_feed,19,4.09,1,1,Pellet,Left,12,23,193,0,17.87,25,nan
3/29/2023 23:52:44,1.14.0,Free_feed,19,4.08,1,1,Pellet,Left,12,23,194,0,0.06,2,nan
3/29/2023 23:52:45,1.14.0,Free_feed,19,4.09,1,1,Pellet,Left,12,23,195,0,0.06,1,nan
3/29/2023 23:52:46,1.14.0,Free_feed,19,4.09,1,1,Pellet,Left,12,23,196,0,0.06,1,nan
3/29/2023 23:53:12,1.14.0,Free_feed,19,4.09,1,1,Pellet,Left,12,23,197,0,19.10,26,nan
3/30/2023 0:01:03,1.14.0,Free_feed,19,4.08,1,1,Pellet,Left,12,23,198,0,Timed_out,471,nan
3/30/2023 0:01:37,1.14.0,Free_feed,19,4.09,2,1,Pellet,Left,12,23,199,0,26.23,34,nan
3/30/2023 0:01:48,1.14.0,Free_feed,19,4.08,1,1,Pellet,Left,12,23,200,0,3.42,11,nan
3/30/2023 0:02:10,1.14.0,Free_feed,19,4.09,1,1,Pellet,Left,12,23,201,0,14.84,22,nan
3/30/2023 0:02:55,1.14.0,Free_feed,19,4.08,2,1,Pellet,Left,12,23,202,0,40.95,45,nan
3/30/2023 0:03:33,1.14.0,Free_feed,19,4.08,1,1,Pellet,Left,12,23,203,0,30.86,38,nan
3/30/2023 0:03:57,1.14.0,Free_feed,19,4.08,1,1,Pellet,Left,12,23,204,0,16.51,24,nan
3/30/2023 0:06:49,1.14.0,Free_feed,19,4.09,1,1,Pellet,Left,12,23,205,0,Timed_out,172,nan
3/30/2023 0:18:53,1.14.0,Free_feed,19,4.09,1,1,Pellet,Left,12,23,206,0,Timed_out,724,nan
3/30/2023 0:18:54,1.14.0,Free_feed,19,4.08,1,1,Pellet,Left,12,23,207,0,0.06,1,nan
3/30/2023 0:24:59,1.14.0,Free_feed,19,4.09,nan,1,RightWithPellet,Left,12,24,207,0,nan,nan,0.01
3/30/2023 0:25:53,1.14.0,Free_feed,19,4.08,nan,1,LeftWithPellet,Left,13,24,207,0,nan,nan,0.17
3/30/2023 0:25:55,1.14.0,Free_feed,19,4.08,nan,1,LeftWithPellet,Left,14,24,207,0,nan,nan,0.17
3/30/2023 0:25:56,1.14.0,Free_feed,19,4.08,nan,1,LeftWithPellet,Left,15,24,207,0,nan,nan,0.08
3/30/2023 0:27:09,1.14.0,Free_feed,19,4.08,1,1,Pellet,Left,15,24,208,0,Timed_out,495,nan
3/30/2023 0:27:10,1.14.0,Free_feed,19,4.08,1,1,Pellet,Left,15,24,209,0,0.06,1,nan
3/30/2023 0:27:33,1.14.0,Free_feed,19,4.08,1,1,Pellet,Left,15,24,210,0,15.96,23,nan
3/30/2023 0:34:48,1.14.0,Free_feed,19,4.09,1,1,Pellet,Left,15,24,211,0,Timed_out,435,nan
3/30/2023 0:34:50,1.14.0,Free_feed,19,4.09,1,1,Pellet,Left,15,24,212,0,0.06,2,nan
3/30/2023 0:34:52,1.14.0,Free_feed,19,4.08,1,1,Pellet,Left,15,24,213,0,0.36,2,nan
3/30/2023 0:35:15,1.14.0,Free_feed,19,4.08,1,1,Pellet,Left,15,24,214,0,16.20,23,nan
3/30/2023 0:40:47,1.14.0,Free_feed,19,4.08,2,1,Pellet,Left,15,24,215,0,Timed_out,332,nan
3/30/2023 0:41:16,1.14.0,Free_feed,19,4.08,1,1,Pellet,Left,15,24,216,0,26.11,29,nan
3/30/2023 0:41:23,1.14.0,Free_feed,19,4.08,1,1,Pellet,Left,15,24,217,0,0.06,7,nan
3/30/2023 0:46:03,1.14.0,Free_feed,19,4.08,1,1,Pellet,Left,15,24,218,0,Timed_out,280,nan
3/30/2023 0:46:26,1.14.0,Free_feed,19,4.08,1,1,Pellet,Left,15,24,219,0,15.21,23,nan
3/30/2023 0:56:32,1.14.0,Free_feed,19,4.08,nan,1,RightWithPellet,Left,15,25,219,0,nan,nan,0.18
3/30/2023 0:56:34,1.14.0,Free_feed,19,4.09,1,1,Pellet,Left,15,25,220,0,Timed_out,608,nan
3/30/2023 0:56:53,1.14.0,Free_feed,19,4.08,1,1,Pellet,Left,15,25,221,0,11.53,19,nan
3/30/2023 0:57:14,1.14.0,Free_feed,19,4.08,1,1,Pellet,Left,15,25,222,0,12.88,21,nan
3/30/2023 0:57:33,1.14.0,Free_feed,19,4.09,2,1,Pellet,Left,15,25,223,0,10.55,19,nan
3/30/2023 0:57:57,1.14.0,Free_feed,19,4.09,2,1,Pellet,Left,15,25,224,0,16.45,24,nan
3/30/2023 0:58:24,1.14.0,Free_feed,19,4.08,1,1,Pellet,Left,15,25,225,0,19.16,27,nan
3/30/2023 0:58:40,1.14.0,Free_feed,19,4.09,1,1,Pellet,Left,15,25,226,0,9.75,16,nan
3/30/2023 0:58:42,1.14.0,Free_feed,19,4.08,1,1,Pellet,Left,15,25,227,0,0.24,2,nan
3/30/2023 0:59:04,1.14.0,Free_feed,19,4.09,2,1,Pellet,Left,15,25,228,0,14.98,22,nan
3/30/2023 0:59:33,1.14.0,Free_feed,19,4.09,1,1,Pellet,Left,15,25,229,0,20.89,29,nan
3/30/2023 1:06:59,1.14.0,Free_feed,19,4.08,1,1,Pellet,Left,15,25,230,0,Timed_out,446,nan
3/30/2023 1:07:16,1.14.0,Free_feed,19,4.08,1,1,Pellet,Left,15,25,231,0,10.11,17,nan
3/30/2023 1:07:41,1.14.0,Free_feed,19,4.08,nan,1,RightWithPellet,Left,15,26,231,0,nan,nan,0.06
3/30/2023 1:16:27,1.14.0,Free_feed,19,4.08,nan,1,LeftWithPellet,Left,16,26,231,0,nan,nan,0.01
3/30/2023 1:16:30,1.14.0,Free_feed,19,4.08,1,1,Pellet,Left,16,26,232,0,Timed_out,554,nan
3/30/2023 1:16:47,1.14.0,Free_feed,19,4.07,1,1,Pellet,Left,16,26,233,0,10.60,17,nan
3/30/2023 1:17:06,1.14.0,Free_feed,19,4.08,1,1,Pellet,Left,16,26,234,0,10.73,18,nan
3/30/2023 1:22:40,1.14.0,Free_feed,19,4.08,1,1,Pellet,Left,16,26,235,0,Timed_out,335,nan
3/30/2023 1:22:58,1.14.0,Free_feed,19,4.08,1,1,Pellet,Left,16,26,236,0,10.48,18,nan
3/30/2023 1:25:18,1.14.0,Free_feed,19,4.08,1,1,Pellet,Left,16,26,237,0,Timed_out,140,nan
3/30/2023 1:25:50,1.14.0,Free_feed,19,4.08,1,1,Pellet,Left,16,26,238,0,23.96,32,nan
3/30/2023 1:33:46,1.14.0,Free_feed,19,4.08,1,1,Pellet,Left,16,26,239,0,Timed_out,476,nan
3/30/2023 1:34:09,1.14.0,Free_feed,19,4.07,1,1,Pellet,Left,16,26,240,0,15.89,23,nan
3/30/2023 1:36:24,1.14.0,Free_feed,19,4.08,1,1,Pellet,Left,16,26,241,0,Timed_out,135,nan
3/30/2023 1:36:26,1.14.0,Free_feed,19,4.08,1,1,Pellet,Left,16,26,242,0,0.06,2,nan
3/30/2023 1:46:52,1.14.0,Free_feed,19,4.08,1,1,Pellet,Left,16,26,243,0,Timed_out,626,nan
3/30/2023 1:50:08,1.14.0,Free_feed,19,4.07,1,1,Pellet,Left,16,26,244,0,Timed_out,196,nan
3/30/2023 1:50:10,1.14.0,Free_feed,19,4.08,1,1,Pellet,Left,16,26,245,0,0.61,1,nan
3/30/2023 1:50:29,1.14.0,Free_feed,19,4.07,1,1,Pellet,Left,16,26,246,0,12.26,20,nan
3/30/2023 2:09:14,1.14.0,Free_feed,19,4.07,2,1,Pellet,Left,16,26,247,0,Timed_out,1125,nan
3/30/2023 2:09:56,1.14.0,Free_feed,19,4.08,1,1,Pellet,Left,16,26,248,0,35.11,42,nan
3/30/2023 2:10:15,1.14.0,Free_feed,19,4.07,1,1,Pellet,Left,16,26,249,0,12.08,19,nan
3/30/2023 2:10:34,1.14.0,Free_feed,19,4.08,1,1,Pellet,Left,16,26,250,0,11.40,18,nan
3/30/2023 2:10:55,1.14.0,Free_feed,19,4.08,1,1,Pellet,Left,16,26,251,0,13.49,22,nan
3/30/2023 3:13:12,1.14.0,Free_feed,19,4.07,1,1,Pellet,Left,16,26,252,0,Timed_out,3736,nan
3/30/2023 3:39:12,1.14.0,Free_feed,19,4.07,1,1,Pellet,Left,16,26,253,0,Timed_out,1561,nan
3/30/2023 3:47:01,1.14.0,Free_feed,19,4.07,1,1,Pellet,Left,16,26,254,0,Timed_out,468,nan
3/30/2023 3:47:40,1.14.0,Free_feed,19,4.07,1,1,Pellet,Left,16,26,255,0,32.15,40,nan
3/30/2023 3:47:42,1.14.0,Free_feed,19,4.07,1,1,Pellet,Left,16,26,256,0,0.55,2,nan
3/30/2023 3:48:28,1.14.0,Free_feed,19,4.07,1,1,Pellet,Left,16,26,257,0,39.80,46,nan
3/30/2023 3:48:30,1.14.0,Free_feed,19,4.07,1,1,Pellet,Left,16,26,258,0,0.06,2,nan
3/30/2023 3:48:54,1.14.0,Free_feed,19,4.07,1,1,Pellet,Left,16,26,259,0,17.13,24,nan
3/30/2023 3:48:55,1.14.0,Free_feed,19,4.07,1,1,Pellet,Left,16,26,260,0,0.06,1,nan
3/30/2023 4:33:17,1.14.0,Free_feed,19,4.07,1,1,Pellet,Left,16,26,261,0,Timed_out,2661,nan
3/30/2023 4:33:18,1.14.0,Free_feed,19,4.07,1,1,Pellet,Left,16,26,262,0,0.06,2,nan
3/30/2023 4:33:39,1.14.0,Free_feed,19,4.07,1,1,Pellet,Left,16,26,263,0,12.58,20,nan
3/30/2023 4:33:40,1.14.0,Free_feed,19,4.07,1,1,Pellet,Left,16,26,264,0,0.24,2,nan
3/30/2023 4:34:05,1.14.0,Free_feed,19,4.07,nan,1,RightWithPellet,Left,16,27,264,0,nan,nan,0.01
3/30/2023 5:09:26,1.14.0,Free_feed,19,4.07,1,1,Pellet,Left,16,27,265,0,Timed_out,2146,nan
3/30/2023 5:09:57,1.14.0,Free_feed,19,4.07,1,1,Pellet,Left,16,27,266,0,24.40,31,nan
3/30/2023 5:10:15,1.14.0,Free_feed,19,4.07,1,1,Pellet,Left,16,27,267,0,9.93,18,nan
3/30/2023 5:10:37,1.14.0,Free_feed,19,4.07,2,1,Pellet,Left,16,27,268,0,13.25,22,nan
3/30/2023 5:11:04,1.14.0,Free_feed,19,4.07,2,1,Pellet,Left,16,27,269,0,18.79,27,nan
3/30/2023 5:11:05,1.14.0,Free_feed,19,4.07,1,1,Pellet,Left,16,27,270,0,0.18,1,nan
3/30/2023 5:11:28,1.14.0,Free_feed,19,4.07,1,1,Pellet,Left,16,27,271,0,15.46,23,nan
3/30/2023 5:41:15,1.14.0,Free_feed,19,4.07,2,1,Pellet,Left,16,27,272,0,Timed_out,1786,nan
3/30/2023 5:50:19,1.14.0,Free_feed,19,4.07,1,1,Pellet,Left,16,27,273,0,Timed_out,545,nan
3/30/2023 6:00:55,1.14.0,Free_feed,19,4.07,1,1,Pellet,Left,16,27,274,0,Timed_out,636,nan
3/30/2023 6:01:15,1.14.0,Free_feed,19,4.07,1,1,Pellet,Left,16,27,275,0,17.80,19,nan
3/30/2023 6:01:36,1.14.0,Free_feed,19,4.07,1,1,Pellet,Left,16,27,276,0,18.29,22,nan
3/30/2023 6:01:58,1.14.0,Free_feed,19,4.07,1,1,Pellet,Left,16,27,277,0,14.48,22,nan
3/30/2023 6:02:06,1.14.0,Free_feed,19,4.07,1,1,Pellet,Left,16,27,278,0,0.85,8,nan
3/30/2023 6:02:33,1.14.0,Free_feed,19,4.07,1,1,Pellet,Left,16,27,279,0,19.71,27,nan
3/30/2023 6:02:56,1.14.0,Free_feed,19,4.07,2,1,Pellet,Left,16,27,280,0,13.87,23,nan
3/30/2023 6:23:54,1.14.0,Free_feed,19,4.07,1,1,Pellet,Left,16,27,281,0,Timed_out,1258,nan
3/30/2023 6:23:56,1.14.0,Free_feed,19,4.07,1,1,Pellet,Left,16,27,282,0,0.06,2,nan
3/30/2023 6:24:13,1.14.0,Free_feed,19,4.07,2,1,Pellet,Left,16,27,283,0,7.97,17,nan
3/30/2023 6:24:38,1.14.0,Free_feed,19,4.07,1,1,Pellet,Left,16,27,284,0,17.68,25,nan
3/30/2023 6:24:57,1.14.0,Free_feed,19,4.07,1,1,Pellet,Left,16,27,285,0,11.28,19,nan
3/30/2023 6:25:25,1.14.0,Free_feed,19,4.07,1,1,Pellet,Left,16,27,286,0,20.15,27,nan
3/30/2023 6:25:48,1.14.0,Free_feed,19,4.07,1,1,Pellet,Left,16,27,287,0,16.95,24,nan
3/30/2023 6:27:39,1.14.0,Free_feed,19,4.07,nan,1,RightWithPellet,Left,16,28,287,0,nan,nan,0.19
3/30/2023 6:27:42,1.14.0,Free_feed,19,4.07,1,1,Pellet,Left,16,28,288,0,Timed_out,114,nan
3/30/2023 6:35:22,1.14.0,Free_feed,19,4.07,nan,1,LeftWithPellet,Left,17,28,288,0,nan,nan,1.06
3/30/2023 6:37:08,1.14.0,Free_feed,19,4.07,1,1,Pellet,Left,17,28,289,0,Timed_out,566,nan
3/30/2023 6:37:09,1.14.0,Free_feed,19,4.07,1,1,Pellet,Left,17,28,290,0,0.06,1,nan
3/30/2023 6:37:59,1.14.0,Free_feed,19,4.07,1,1,Pellet,Left,17,28,291,0,42.94,50,nan
3/30/2023 6:50:07,1.14.0,Free_feed,19,4.07,1,1,Pellet,Left,17,28,292,0,Timed_out,728,nan
3/30/2023 6:53:49,1.14.0,Free_feed,19,4.07,1,1,Pellet,Left,17,28,293,0,Timed_out,222,nan
3/30/2023 6:54:17,1.14.0,Free_feed,19,4.06,2,1,Pellet,Left,17,28,294,0,21.44,28,nan
3/30/2023 6:54:38,1.14.0,Free_feed,19,4.07,2,1,Pellet,Left,17,28,295,0,11.10,21,nan
3/30/2023 6:55:02,1.14.0,Free_feed,19,4.07,1,1,Pellet,Left,17,28,296,0,16.88,23,nan
3/30/2023 6:55:24,1.14.0,Free_feed,19,4.07,1,1,Pellet,Left,17,28,297,0,15.28,23,nan
3/30/2023 6:59:29,1.14.0,Free_feed,19,4.07,nan,1,LeftWithPellet,Left,18,28,297,0,nan,nan,1.09
3/30/2023 6:59:30,1.14.0,Free_feed,19,4.07,nan,1,LeftWithPellet,Left,19,28,297,0,nan,nan,0.03
3/30/2023 6:59:35,1.14.0,Free_feed,19,4.06,nan,1,LeftWithPellet,Left,20,28,297,0,nan,nan,0.63
3/30/2023 6:59:35,1.14.0,Free_feed,19,4.07,nan,1,LeftWithPellet,Left,21,28,297,0,nan,nan,0.12
3/30/2023 6:59:40,1.14.0,Free_feed,19,4.07,nan,1,LeftWithPellet,Left,22,28,297,0,nan,nan,0.12
3/30/2023 6:59:41,1.14.0,Free_feed,19,4.07,nan,1,LeftWithPellet,Left,23,28,297,0,nan,nan,0.07
3/30/2023 6:59:47,1.14.0,Free_feed,19,4.06,nan,1,LeftWithPellet,Left,24,28,297,0,nan,nan,0.30
3/30/2023 6:59:47,1.14.0,Free_feed,19,4.06,nan,1,LeftWithPellet,Left,25,28,297,0,nan,nan,0.19
3/30/2023 7:02:50,1.14.0,Free_feed,19,4.07,1,1,Pellet,Left,25,28,298,0,Timed_out,446,nan
3/30/2023 7:03:12,1.14.0,Free_feed,19,4.07,2,1,Pellet,Left,25,28,299,0,11.84,22,nan
3/30/2023 7:03:43,1.14.0,Free_feed,19,4.07,nan,1,LeftWithPellet,Left,26,28,299,0,nan,nan,0.35
3/30/2023 7:09:10,1.14.0,Free_feed,19,4.07,1,1,Pellet,Left,26,28,300,0,Timed_out,357,nan
3/30/2023 7:09:11,1.14.0,Free_feed,19,4.07,1,1,Pellet,Left,26,28,301,0,0.06,2,nan
3/30/2023 7:10:43,1.14.0,Free_feed,19,4.07,1,1,Pellet,Left,26,28,302,0,Timed_out,92,nan
3/30/2023 7:11:06,1.14.0,Free_feed,19,4.07,1,1,Pellet,Left,26,28,303,0,16.81,23,nan
3/30/2023 7:11:28,1.14.0,Free_feed,19,4.07,2,1,Pellet,Left,26,28,304,0,14.29,22,nan
3/30/2023 7:11:29,1.14.0,Free_feed,19,4.06,1,1,Pellet,Left,26,28,305,0,0.06,1,nan
3/30/2023 7:11:58,1.14.0,Free_feed,19,4.06,1,1,Pellet,Left,26,28,306,0,21.67,29,nan
3/30/2023 7:12:00,1.14.0,Free_feed,19,4.06,1,1,Pellet,Left,26,28,307,0,0.06,2,nan
3/30/2023 7:12:20,1.14.0,Free_feed,19,4.07,3,1,Pellet,Left,26,28,308,0,9.44,20,nan
3/30/2023 7:18:04,1.14.0,Free_feed,19,4.06,nan,1,LeftWithPellet,Left,27,28,308,0,nan,nan,0.16
3/30/2023 7:18:05,1.14.0,Free_feed,19,4.07,nan,1,LeftWithPellet,Left,28,28,308,0,nan,nan,0.12
3/30/2023 7:18:07,1.14.0,Free_feed,19,4.07,nan,1,LeftWithPellet,Left,29,28,308,0,nan,nan,0.41
3/30/2023 7:24:11,1.14.0,Free_feed,19,4.06,1,1,Pellet,Left,29,28,309,0,Timed_out,711,nan
3/30/2023 7:24:31,1.14.0,Free_feed,19,4.06,1,1,Pellet,Left,29,28,310,0,13.37,20,nan
3/30/2023 7:33:54,1.14.0,Free_feed,19,4.06,nan,1,LeftWithPellet,Left,30,28,310,0,nan,nan,0.01
3/30/2023 7:35:06,1.14.0,Free_feed,19,4.06,1,1,Pellet,Left,30,28,311,0,Timed_out,635,nan
3/30/2023 7:35:08,1.14.0,Free_feed,19,4.06,1,1,Pellet,Left,30,28,312,0,0.06,2,nan
3/30/2023 7:35:14,1.14.0,Free_feed,19,4.06,1,1,Pellet,Left,30,28,313,0,0.12,6,nan
3/30/2023 7:35:45,1.14.0,Free_feed,19,4.06,2,1,Pellet,Left,30,28,314,0,22.91,31,nan
3/30/2023 7:36:02,1.14.0,Free_feed,19,4.06,nan,1,LeftWithPellet,Left,31,28,314,0,nan,nan,0.04
3/30/2023 7:36:03,1.14.0,Free_feed,19,4.07,nan,1,LeftWithPellet,Left,32,28,314,0,nan,nan,0.70
3/30/2023 7:36:08,1.14.0,Free_feed,19,4.07,2,1,Pellet,Left,32,28,315,0,14.02,23,nan
3/30/2023 8:57:42,1.14.0,Free_feed,19,4.06,1,1,Pellet,Left,32,28,316,0,Timed_out,4893,nan
3/30/2023 8:58:03,1.14.0,Free_feed,19,4.06,1,1,Pellet,Left,32,28,317,0,14.11,22,nan
3/30/2023 8:58:26,1.14.0,Free_feed,19,4.06,1,1,Pellet,Left,32,28,318,0,15.03,23,nan
3/30/2023 8:58:49,1.14.0,Free_feed,19,4.06,1,1,Pellet,Left,32,28,319,0,16.02,23,nan
3/30/2023 8:59:11,1.14.0,Free_feed,19,4.05,1,1,Pellet,Left,32,28,320,0,15.10,22,nan
3/30/2023 8:59:39,1.14.0,Free_feed,19,4.06,1,1,Pellet,Left,32,28,321,0,20.58,28,nan
3/30/2023 9:00:16,1.14.0,Free_feed,19,4.05,nan,1,RightWithPellet,Left,32,29,321,0,nan,nan,0.02
3/30/2023 9:00:18,1.14.0,Free_feed,19,4.06,nan,1,RightWithPellet,Left,32,30,321,0,nan,nan,0.84
3/30/2023 9:05:25,1.14.0,Free_feed,19,4.05,nan,1,RightWithPellet,Left,32,31,321,0,nan,nan,0.01
3/30/2023 10:04:17,1.14.0,Free_feed,19,4.06,1,1,Pellet,Left,32,31,322,0,Timed_out,3878,nan
