MM:DD:YYYY hh:mm:ss,Library_Version,Session_type,Device_Number,Battery_Voltage,Motor_Turns,FR,Event,Active_Poke,Left_Poke_Count,Right_Poke_Count,Pellet_Count,Block_Pellet_Count,Retrieval_Time,InterPelletInterval,Poke_Time
7/8/2022 15:31:10,1.12.0,Free_feed,1,4.08,5,1,Pellet,Left,0,0,1,0,14.77,nan,nan
7/8/2022 15:36:15,1.12.0,Free_feed,1,4.08,3,1,Pellet,Left,0,0,2,0,Timed_out,306,nan
7/8/2022 16:31:55,1.12.0,Free_feed,1,4.08,nan,1,LeftWithPellet,Left,1,0,2,0,nan,nan,0.04
7/8/2022 16:32:42,1.12.0,Free_feed,1,4.08,nan,1,LeftWithPellet,Left,2,0,2,0,nan,nan,0.09
7/8/2022 16:34:46,1.12.0,Free_feed,1,4.08,nan,1,RightWithPellet,Left,2,1,2,0,nan,nan,0.48
7/8/2022 16:37:37,1.12.0,Free_feed,1,4.07,nan,1,LeftWithPellet,Left,3,1,2,0,nan,nan,0.17
7/8/2022 16:43:32,1.12.0,Free_feed,1,4.08,nan,1,RightWithPellet,Left,3,2,2,0,nan,nan,0.29
7/8/2022 16:44:41,1.12.0,Free_feed,1,4.08,nan,1,LeftWithPellet,Left,4,2,2,0,nan,nan,0.02
7/8/2022 16:53:23,1.12.0,Free_feed,1,4.08,nan,1,LeftWithPellet,Left,5,2,2,0,nan,nan,0.03
7/8/2022 16:56:18,1.12.0,Free_feed,1,4.08,nan,1,RightWithPellet,Left,5,3,2,0,nan,nan,0.50
7/8/2022 16:58:45,1.12.0,Free_feed,1,4.08,nan,1,RightWithPellet,Left,5,4,2,0,nan,nan,0.02
7/8/2022 16:58:57,1.12.0,Free_feed,1,4.07,nan,1,LeftWithPellet,Left,6,4,2,0,nan,nan,0.45
7/8/2022 17:07:30,1.12.0,Free_feed,1,4.07,nan,1,RightWithPellet,Left,6,5,2,0,nan,nan,0.06
7/8/2022 17:07:46,1.12.0,Free_feed,1,4.08,nan,1,LeftWithPellet,Left,7,5,2,0,nan,nan,0.27
7/8/2022 17:08:05,1.12.0,Free_feed,1,4.07,nan,1,RightWithPellet,Left,7,6,2,0,nan,nan,0.12
7/8/2022 17:35:41,1.12.0,Free_feed,1,4.07,2,1,Pellet,Left,7,6,3,0,Timed_out,7166,nan
7/8/2022 17:35:44,1.12.0,Free_feed,1,4.07,1,1,Pellet,Left,7,6,4,0,1.17,2,nan
7/8/2022 17:36:54,1.12.0,Free_feed,1,4.07,3,1,Pellet,Left,7,6,5,0,Timed_out,71,nan
7/8/2022 17:41:11,1.12.0,Free_feed,1,4.07,2,1,Pellet,Left,7,6,6,0,Timed_out,257,nan
7/8/2022 17:43:51,1.12.0,Free_feed,1,4.07,2,1,Pellet,Left,7,6,7,0,Timed_out,160,nan
7/8/2022 17:46:04,1.12.0,Free_feed,1,4.08,2,1,Pellet,Left,7,6,8,0,Timed_out,132,nan
7/8/2022 17:50:04,1.12.0,Free_feed,1,4.08,2,1,Pellet,Left,7,6,9,0,Timed_out,241,nan
7/8/2022 18:46:43,1.12.0,Free_feed,1,4.07,1,1,Pellet,Left,7,6,10,0,Timed_out,3399,nan
7/8/2022 18:48:44,1.12.0,Free_feed,1,4.07,1,1,Pellet,Left,7,6,11,0,Timed_out,121,nan
7/8/2022 18:49:31,1.12.0,Free_feed,1,4.07,1,1,Pellet,Left,7,6,12,0,40.04,47,nan
7/8/2022 18:50:31,1.12.0,Free_feed,1,4.07,nan,1,LeftWithPellet,Left,8,6,12,0,nan,nan,0.05
7/8/2022 18:55:05,1.12.0,Free_feed,1,4.07,3,1,Pellet,Left,8,6,13,0,Timed_out,334,nan
7/8/2022 18:57:05,1.12.0,Free_feed,1,4.07,2,1,Pellet,Left,8,6,14,0,Timed_out,120,nan
7/8/2022 19:03:07,1.12.0,Free_feed,1,4.07,2,1,Pellet,Left,8,6,15,0,Timed_out,362,nan
7/8/2022 19:05:34,1.12.0,Free_feed,1,4.07,2,1,Pellet,Left,8,6,16,0,Timed_out,147,nan
7/8/2022 19:08:56,1.12.0,Free_feed,1,4.07,nan,1,RightWithPellet,Left,8,7,16,0,nan,nan,0.88
7/8/2022 19:12:02,1.12.0,Free_feed,1,4.07,1,1,Pellet,Left,8,7,17,0,Timed_out,387,nan
7/8/2022 19:13:25,1.12.0,Free_feed,1,4.07,1,1,Pellet,Left,8,7,18,0,Timed_out,84,nan
7/8/2022 19:14:21,1.12.0,Free_feed,1,4.07,1,1,Pellet,Left,8,7,19,0,48.23,56,nan
7/8/2022 19:17:30,1.12.0,Free_feed,1,4.07,nan,1,LeftWithPellet,Left,9,7,19,0,nan,nan,0.04
7/8/2022 19:19:39,1.12.0,Free_feed,1,4.07,1,1,Pellet,Left,9,7,20,0,Timed_out,318,nan
7/8/2022 19:27:19,1.12.0,Free_feed,1,4.07,1,1,Pellet,Left,9,7,21,0,Timed_out,459,nan
7/8/2022 19:28:19,1.12.0,Free_feed,1,4.07,1,1,Pellet,Left,9,7,22,0,53.70,61,nan
7/8/2022 19:29:37,1.12.0,Free_feed,1,4.07,nan,1,RightWithPellet,Left,9,8,22,0,nan,nan,0.05
7/8/2022 19:32:30,1.12.0,Free_feed,1,4.07,1,1,Pellet,Left,9,8,23,0,Timed_out,251,nan
7/8/2022 19:33:05,1.12.0,Free_feed,1,4.07,2,1,Pellet,Left,9,8,24,0,27.55,35,nan
7/8/2022 19:36:14,1.12.0,Free_feed,1,4.07,1,1,Pellet,Left,9,8,25,0,Timed_out,189,nan
7/8/2022 19:38:37,1.12.0,Free_feed,1,4.07,2,1,Pellet,Left,9,8,26,0,Timed_out,143,nan
7/8/2022 19:38:38,1.12.0,Free_feed,1,4.07,1,1,Pellet,Left,9,8,27,0,0.16,1,nan
7/8/2022 19:40:40,1.12.0,Free_feed,1,4.07,2,1,Pellet,Left,9,8,28,0,Timed_out,122,nan
7/8/2022 19:47:37,1.12.0,Free_feed,1,4.07,1,1,Pellet,Left,9,8,29,0,Timed_out,417,nan
7/8/2022 19:48:07,1.12.0,Free_feed,1,4.07,1,1,Pellet,Left,9,8,30,0,27.67,30,nan
7/8/2022 19:48:35,1.12.0,Free_feed,1,4.07,2,1,Pellet,Left,9,8,31,0,20.30,28,nan
7/8/2022 19:48:59,1.12.0,Free_feed,1,4.07,1,1,Pellet,Left,9,8,32,0,16.11,24,nan
7/8/2022 19:52:21,1.12.0,Free_feed,1,4.07,1,1,Pellet,Left,9,8,33,0,Timed_out,202,nan
7/8/2022 19:52:44,1.12.0,Free_feed,1,4.07,1,1,Pellet,Left,9,8,34,0,16.75,23,nan
7/8/2022 20:03:39,1.12.0,Free_feed,1,4.07,1,1,Pellet,Left,9,8,35,0,Timed_out,655,nan
7/8/2022 20:04:48,1.12.0,Free_feed,1,4.07,1,1,Pellet,Left,9,8,36,0,Timed_out,69,nan
7/8/2022 20:05:35,1.12.0,Free_feed,1,4.07,nan,1,RightWithPellet,Left,9,9,36,0,nan,nan,0.47
7/8/2022 20:07:52,1.12.0,Free_feed,1,4.07,nan,1,RightWithPellet,Left,9,10,36,0,nan,nan,0.10
7/8/2022 20:07:59,1.12.0,Free_feed,1,4.07,1,1,Pellet,Left,9,10,37,0,Timed_out,191,nan
7/8/2022 20:16:41,1.12.0,Free_feed,1,4.07,1,1,Pellet,Left,9,10,38,0,Timed_out,522,nan
7/8/2022 20:17:28,1.12.0,Free_feed,1,4.07,2,1,Pellet,Left,9,10,39,0,39.36,47,nan
7/8/2022 20:17:36,1.12.0,Free_feed,1,4.07,1,1,Pellet,Left,9,10,40,0,0.16,8,nan
7/8/2022 20:18:11,1.12.0,Free_feed,1,4.07,1,1,Pellet,Left,9,10,41,0,28.10,35,nan
7/8/2022 20:19:38,1.12.0,Free_feed,1,4.07,nan,1,RightWithPellet,Left,9,11,41,0,nan,nan,0.10
7/8/2022 20:25:16,1.12.0,Free_feed,1,4.07,nan,1,LeftWithPellet,Left,10,11,41,0,nan,nan,0.60
7/8/2022 20:25:18,1.12.0,Free_feed,1,4.07,nan,1,LeftWithPellet,Left,11,11,41,0,nan,nan,0.52
7/8/2022 20:25:28,1.12.0,Free_feed,1,4.07,nan,1,LeftWithPellet,Left,12,11,41,0,nan,nan,0.07
7/8/2022 20:25:29,1.12.0,Free_feed,1,4.07,nan,1,LeftWithPellet,Left,13,11,41,0,nan,nan,0.60
7/8/2022 20:25:32,1.12.0,Free_feed,1,4.06,nan,1,LeftWithPellet,Left,14,11,41,0,nan,nan,1.42
7/8/2022 20:25:34,1.12.0,Free_feed,1,4.07,nan,1,LeftWithPellet,Left,15,11,41,0,nan,nan,0.07
7/8/2022 20:25:38,1.12.0,Free_feed,1,4.07,nan,1,LeftWithPellet,Left,16,11,41,0,nan,nan,0.03
7/8/2022 20:25:41,1.12.0,Free_feed,1,4.07,nan,1,LeftWithPellet,Left,17,11,41,0,nan,nan,1.22
7/8/2022 20:25:44,1.12.0,Free_feed,1,4.07,nan,1,LeftWithPellet,Left,18,11,41,0,nan,nan,1.50
7/8/2022 20:25:48,1.12.0,Free_feed,1,4.07,nan,1,LeftWithPellet,Left,19,11,41,0,nan,nan,0.05
7/8/2022 20:25:52,1.12.0,Free_feed,1,4.07,nan,1,LeftWithPellet,Left,20,11,41,0,nan,nan,0.32
7/8/2022 20:25:58,1.12.0,Free_feed,1,4.07,1,1,Pellet,Left,20,11,42,0,Timed_out,466,nan
7/8/2022 20:26:12,1.12.0,Free_feed,1,4.07,nan,1,RightWithPellet,Left,20,12,42,0,nan,nan,0.67
7/8/2022 20:26:13,1.12.0,Free_feed,1,4.07,nan,1,RightWithPellet,Left,20,13,42,0,nan,nan,0.64
7/8/2022 20:26:38,1.12.0,Free_feed,1,4.07,nan,1,RightWithPellet,Left,20,14,42,0,nan,nan,0.20
7/8/2022 20:26:44,1.12.0,Free_feed,1,4.07,nan,1,LeftWithPellet,Left,21,14,42,0,nan,nan,0.15
7/8/2022 20:26:45,1.12.0,Free_feed,1,4.07,nan,1,LeftWithPellet,Left,22,14,42,0,nan,nan,0.12
7/8/2022 20:26:45,1.12.0,Free_feed,1,4.07,nan,1,LeftWithPellet,Left,23,14,42,0,nan,nan,0.22
7/8/2022 20:26:46,1.12.0,Free_feed,1,4.07,nan,1,LeftWithPellet,Left,24,14,42,0,nan,nan,0.32
7/8/2022 20:26:47,1.12.0,Free_feed,1,4.06,nan,1,LeftWithPellet,Left,25,14,42,0,nan,nan,0.08
7/8/2022 20:26:49,1.12.0,Free_feed,1,4.07,nan,1,LeftWithPellet,Left,26,14,42,0,nan,nan,0.83
7/8/2022 20:26:49,1.12.0,Free_feed,1,4.07,nan,1,LeftWithPellet,Left,27,14,42,0,nan,nan,0.03
7/8/2022 20:26:50,1.12.0,Free_feed,1,4.07,nan,1,LeftWithPellet,Left,28,14,42,0,nan,nan,0.06
7/8/2022 20:26:51,1.12.0,Free_feed,1,4.07,nan,1,LeftWithPellet,Left,29,14,42,0,nan,nan,0.39
7/8/2022 20:27:23,1.12.0,Free_feed,1,4.07,1,1,Pellet,Left,29,14,43,0,Timed_out,86,nan
7/8/2022 20:29:52,1.12.0,Free_feed,1,4.07,nan,1,LeftWithPellet,Left,30,14,43,0,nan,nan,0.02
7/8/2022 20:32:21,1.12.0,Free_feed,1,4.07,nan,1,RightWithPellet,Left,30,15,43,0,nan,nan,0.14
7/8/2022 20:37:02,1.12.0,Free_feed,1,4.07,1,1,Pellet,Left,30,15,44,0,Timed_out,579,nan
7/8/2022 20:40:47,1.12.0,Free_feed,1,4.07,nan,1,LeftWithPellet,Left,31,15,44,0,nan,nan,0.01
7/8/2022 20:41:04,1.12.0,Free_feed,1,4.07,nan,1,LeftWithPellet,Left,32,15,44,0,nan,nan,0.21
7/8/2022 20:41:10,1.12.0,Free_feed,1,4.07,nan,1,RightWithPellet,Left,32,16,44,0,nan,nan,1.11
7/8/2022 20:42:01,1.12.0,Free_feed,1,4.07,nan,1,RightWithPellet,Left,32,17,44,0,nan,nan,0.53
7/8/2022 20:43:44,1.12.0,Free_feed,1,4.07,nan,1,LeftWithPellet,Left,33,17,44,0,nan,nan,0.07
7/8/2022 20:46:35,1.12.0,Free_feed,1,4.07,nan,1,RightWithPellet,Left,33,18,44,0,nan,nan,0.44
7/8/2022 20:47:05,1.12.0,Free_feed,1,4.06,nan,1,RightWithPellet,Left,33,19,44,0,nan,nan,0.11
7/8/2022 20:48:29,1.12.0,Free_feed,1,4.06,2,1,Pellet,Left,33,19,45,0,Timed_out,687,nan
7/8/2022 20:49:17,1.12.0,Free_feed,1,4.07,1,1,Pellet,Left,33,19,46,0,41.65,48,nan
7/8/2022 20:49:43,1.12.0,Free_feed,1,4.07,nan,1,RightWithPellet,Left,33,20,46,0,nan,nan,0.01
7/8/2022 20:49:54,1.12.0,Free_feed,1,4.07,1,1,Pellet,Left,33,20,47,0,28.90,37,nan
7/8/2022 20:50:22,1.12.0,Free_feed,1,4.07,1,1,Pellet,Left,33,20,48,0,21.25,28,nan
7/8/2022 20:50:39,1.12.0,Free_feed,1,4.07,1,1,Pellet,Left,33,20,49,0,10.35,17,nan
7/8/2022 20:50:51,1.12.0,Free_feed,1,4.07,1,1,Pellet,Left,33,20,50,0,3.76,12,nan
7/8/2022 20:50:58,1.12.0,Free_feed,1,4.07,2,1,Pellet,Left,33,20,51,0,0.16,7,nan
7/8/2022 20:51:01,1.12.0,Free_feed,1,4.06,1,1,Pellet,Left,33,20,52,0,0.16,3,nan
7/8/2022 20:51:15,1.12.0,Free_feed,1,4.06,nan,1,LeftWithPellet,Left,34,20,52,0,nan,nan,0.77
7/8/2022 20:51:16,1.12.0,Free_feed,1,4.07,nan,1,LeftWithPellet,Left,35,20,52,0,nan,nan,0.40
7/8/2022 20:51:18,1.12.0,Free_feed,1,4.07,1,1,Pellet,Left,35,20,53,0,11.49,17,nan
7/8/2022 20:57:16,1.12.0,Free_feed,1,4.07,1,1,Pellet,Left,35,20,54,0,Timed_out,358,nan
7/8/2022 21:05:13,1.12.0,Free_feed,1,4.07,1,1,Pellet,Left,35,20,55,0,Timed_out,477,nan
7/8/2022 21:07:38,1.12.0,Free_feed,1,4.07,1,1,Pellet,Left,35,20,56,0,Timed_out,144,nan
7/8/2022 21:09:12,1.12.0,Free_feed,1,4.07,1,1,Pellet,Left,35,20,57,0,Timed_out,95,nan
7/8/2022 21:20:46,1.12.0,Free_feed,1,4.06,1,1,Pellet,Left,35,20,58,0,Timed_out,694,nan
7/8/2022 21:22:45,1.12.0,Free_feed,1,4.06,1,1,Pellet,Left,35,20,59,0,Timed_out,119,nan
7/8/2022 21:24:18,1.12.0,Free_feed,1,4.06,nan,1,RightWithPellet,Left,35,21,59,0,nan,nan,0.05
7/8/2022 21:25:47,1.12.0,Free_feed,1,4.06,nan,1,RightWithPellet,Left,35,22,59,0,nan,nan,0.92
7/8/2022 21:26:46,1.12.0,Free_feed,1,4.06,nan,1,LeftWithPellet,Left,36,22,59,0,nan,nan,0.37
7/8/2022 21:26:49,1.12.0,Free_feed,1,4.07,nan,1,RightWithPellet,Left,36,23,59,0,nan,nan,0.28
7/8/2022 21:26:52,1.12.0,Free_feed,1,4.06,nan,1,LeftWithPellet,Left,37,23,59,0,nan,nan,0.96
7/8/2022 21:34:07,1.12.0,Free_feed,1,4.07,nan,1,LeftWithPellet,Left,38,23,59,0,nan,nan,0.06
7/8/2022 21:35:43,1.12.0,Free_feed,1,4.06,nan,1,RightWithPellet,Left,38,24,59,0,nan,nan,0.34
7/8/2022 21:36:02,1.12.0,Free_feed,1,4.06,nan,1,LeftWithPellet,Left,39,24,59,0,nan,nan,0.16
7/8/2022 21:36:17,1.12.0,Free_feed,1,4.07,1,1,Pellet,Left,39,24,60,0,Timed_out,812,nan
7/8/2022 21:37:52,1.12.0,Free_feed,1,4.07,nan,1,LeftWithPellet,Left,40,24,60,0,nan,nan,0.17
7/8/2022 21:37:55,1.12.0,Free_feed,1,4.06,1,1,Pellet,Left,40,24,61,0,Timed_out,98,nan
7/8/2022 21:41:15,1.12.0,Free_feed,1,4.06,1,1,Pellet,Left,40,24,62,0,Timed_out,199,nan
7/8/2022 21:47:35,1.12.0,Free_feed,1,4.06,1,1,Pellet,Left,40,24,63,0,Timed_out,381,nan
7/8/2022 21:51:06,1.12.0,Free_feed,1,4.06,1,1,Pellet,Left,40,24,64,0,Timed_out,211,nan
7/8/2022 21:51:16,1.12.0,Free_feed,1,4.06,2,1,Pellet,Left,40,24,65,0,0.16,9,nan
7/8/2022 21:53:09,1.12.0,Free_feed,1,4.06,nan,1,RightWithPellet,Left,40,25,65,0,nan,nan,0.19
7/8/2022 21:53:10,1.12.0,Free_feed,1,4.05,nan,1,RightWithPellet,Left,40,26,65,0,nan,nan,0.23
7/8/2022 21:53:12,1.12.0,Free_feed,1,4.06,nan,1,RightWithPellet,Left,40,27,65,0,nan,nan,0.25
7/8/2022 21:53:29,1.12.0,Free_feed,1,4.06,1,1,Pellet,Left,40,27,66,0,Timed_out,134,nan
7/8/2022 21:54:09,1.12.0,Free_feed,1,4.07,nan,1,RightWithPellet,Left,40,28,66,0,nan,nan,0.15
7/8/2022 21:54:09,1.12.0,Free_feed,1,4.06,nan,1,RightWithPellet,Left,40,29,66,0,nan,nan,0.20
7/8/2022 21:54:14,1.12.0,Free_feed,1,4.05,nan,1,LeftWithPellet,Left,41,29,66,0,nan,nan,0.04
7/8/2022 21:54:15,1.12.0,Free_feed,1,4.07,nan,1,LeftWithPellet,Left,42,29,66,0,nan,nan,0.01
7/8/2022 21:54:15,1.12.0,Free_feed,1,4.06,nan,1,LeftWithPellet,Left,43,29,66,0,nan,nan,0.08
7/8/2022 21:54:16,1.12.0,Free_feed,1,4.06,nan,1,LeftWithPellet,Left,44,29,66,0,nan,nan,0.09
7/8/2022 21:54:17,1.12.0,Free_feed,1,4.06,nan,1,LeftWithPellet,Left,45,29,66,0,nan,nan,0.47
7/8/2022 21:54:19,1.12.0,Free_feed,1,4.07,nan,1,LeftWithPellet,Left,46,29,66,0,nan,nan,0.08
7/8/2022 21:54:20,1.12.0,Free_feed,1,4.06,nan,1,LeftWithPellet,Left,47,29,66,0,nan,nan,0.12
7/8/2022 21:54:21,1.12.0,Free_feed,1,4.06,nan,1,LeftWithPellet,Left,48,29,66,0,nan,nan,0.22
7/8/2022 21:54:21,1.12.0,Free_feed,1,4.06,nan,1,LeftWithPellet,Left,49,29,66,0,nan,nan,0.01
7/8/2022 22:00:29,1.12.0,Free_feed,1,4.06,1,1,Pellet,Left,49,29,67,0,Timed_out,419,nan
7/8/2022 22:00:36,1.12.0,Free_feed,1,4.06,1,1,Pellet,Left,49,29,68,0,0.16,8,nan
7/8/2022 22:14:02,1.12.0,Free_feed,1,4.06,1,1,Pellet,Left,49,29,69,0,Timed_out,806,nan
7/8/2022 22:20:16,1.12.0,Free_feed,1,4.06,1,1,Pellet,Left,49,29,70,0,Timed_out,374,nan
7/8/2022 22:21:14,1.12.0,Free_feed,1,4.06,1,1,Pellet,Left,49,29,71,0,50.99,58,nan
7/8/2022 22:24:32,1.12.0,Free_feed,1,4.06,nan,1,RightWithPellet,Left,49,30,71,0,nan,nan,0.04
7/8/2022 22:24:32,1.12.0,Free_feed,1,4.07,nan,1,RightWithPellet,Left,49,31,71,0,nan,nan,0.01
7/8/2022 22:24:33,1.12.0,Free_feed,1,4.06,nan,1,RightWithPellet,Left,49,32,71,0,nan,nan,0.08
7/8/2022 22:24:34,1.12.0,Free_feed,1,4.06,nan,1,RightWithPellet,Left,49,33,71,0,nan,nan,0.13
7/8/2022 22:24:35,1.12.0,Free_feed,1,4.05,nan,1,RightWithPellet,Left,49,34,71,0,nan,nan,0.15
7/8/2022 22:24:38,1.12.0,Free_feed,1,4.06,nan,1,RightWithPellet,Left,49,35,71,0,nan,nan,0.65
7/8/2022 22:24:39,1.12.0,Free_feed,1,4.06,nan,1,RightWithPellet,Left,49,36,71,0,nan,nan,0.02
7/8/2022 22:24:40,1.12.0,Free_feed,1,4.06,1,1,Pellet,Left,49,36,72,0,Timed_out,205,nan
7/8/2022 22:24:52,1.12.0,Free_feed,1,4.07,nan,1,LeftWithPellet,Left,50,36,72,0,nan,nan,0.02
7/8/2022 22:30:14,1.12.0,Free_feed,1,4.05,1,1,Pellet,Left,50,36,73,0,Timed_out,335,nan
7/8/2022 22:30:47,1.12.0,Free_feed,1,4.05,nan,1,LeftWithPellet,Left,51,36,73,0,nan,nan,0.04
7/8/2022 22:30:48,1.12.0,Free_feed,1,4.06,nan,1,LeftWithPellet,Left,52,36,73,0,nan,nan,0.11
7/8/2022 22:30:49,1.12.0,Free_feed,1,4.06,nan,1,LeftWithPellet,Left,53,36,73,0,nan,nan,0.26
7/8/2022 22:30:50,1.12.0,Free_feed,1,4.06,nan,1,LeftWithPellet,Left,54,36,73,0,nan,nan,0.80
7/8/2022 22:30:51,1.12.0,Free_feed,1,4.06,nan,1,LeftWithPellet,Left,55,36,73,0,nan,nan,0.01
7/8/2022 22:31:25,1.12.0,Free_feed,1,4.05,nan,1,LeftWithPellet,Left,56,36,73,0,nan,nan,0.50
7/8/2022 22:33:46,1.12.0,Free_feed,1,4.06,nan,1,RightWithPellet,Left,56,37,73,0,nan,nan,0.02
7/8/2022 22:33:48,1.12.0,Free_feed,1,4.06,2,1,Pellet,Left,56,37,74,0,Timed_out,214,nan
7/8/2022 22:37:13,1.12.0,Free_feed,1,4.05,1,1,Pellet,Left,56,37,75,0,Timed_out,205,nan
7/8/2022 22:40:22,1.12.0,Free_feed,1,4.06,nan,1,RightWithPellet,Left,56,38,75,0,nan,nan,0.07
7/8/2022 22:40:24,1.12.0,Free_feed,1,4.05,1,1,Pellet,Left,56,38,76,0,Timed_out,191,nan
7/8/2022 22:47:27,1.12.0,Free_feed,1,4.06,1,1,Pellet,Left,56,38,77,0,Timed_out,423,nan
7/8/2022 22:48:20,1.12.0,Free_feed,1,4.05,1,1,Pellet,Left,56,38,78,0,45.07,52,nan
7/8/2022 22:48:36,1.12.0,Free_feed,1,4.05,1,1,Pellet,Left,56,38,79,0,9.08,16,nan
7/8/2022 22:48:40,1.12.0,Free_feed,1,4.06,1,1,Pellet,Left,56,38,80,0,0.16,4,nan
7/8/2022 22:48:56,1.12.0,Free_feed,1,4.06,nan,1,LeftWithPellet,Left,57,38,80,0,nan,nan,0.28
7/8/2022 22:50:24,1.12.0,Free_feed,1,4.05,1,1,Pellet,Left,57,38,81,0,Timed_out,104,nan
7/8/2022 22:50:25,1.12.0,Free_feed,1,4.06,1,1,Pellet,Left,57,38,82,0,0.16,2,nan
7/8/2022 22:50:58,1.12.0,Free_feed,1,4.06,nan,1,LeftWithPellet,Left,58,38,82,0,nan,nan,0.11
7/8/2022 23:34:56,1.12.0,Free_feed,1,4.05,1,1,Pellet,Left,58,38,83,0,Timed_out,2671,nan
7/8/2022 23:42:01,1.12.0,Free_feed,1,4.06,1,1,Pellet,Left,58,38,84,0,Timed_out,425,nan
7/8/2022 23:42:50,1.12.0,Free_feed,1,4.06,nan,1,LeftWithPellet,Left,59,38,84,0,nan,nan,0.09
7/8/2022 23:43:20,1.12.0,Free_feed,1,4.05,1,1,Pellet,Left,59,38,85,0,Timed_out,79,nan
7/8/2022 23:45:24,1.12.0,Free_feed,1,4.05,nan,1,LeftWithPellet,Left,60,38,85,0,nan,nan,0.22
7/8/2022 23:47:21,1.12.0,Free_feed,1,4.05,nan,1,RightWithPellet,Left,60,39,85,0,nan,nan,0.16
7/8/2022 23:50:06,1.12.0,Free_feed,1,4.06,1,1,Pellet,Left,60,39,86,0,Timed_out,405,nan
7/8/2022 23:50:07,1.12.0,Free_feed,1,4.05,1,1,Pellet,Left,60,39,87,0,0.16,2,nan
7/8/2022 23:50:17,1.12.0,Free_feed,1,4.06,1,1,Pellet,Left,60,39,88,0,8.51,10,nan
7/8/2022 23:50:40,1.12.0,Free_feed,1,4.05,1,1,Pellet,Left,60,39,89,0,15.36,23,nan
7/8/2022 23:51:45,1.12.0,Free_feed,1,4.05,1,1,Pellet,Left,60,39,90,0,57.29,65,nan
7/8/2022 23:52:27,1.12.0,Free_feed,1,4.05,nan,1,LeftWithPellet,Left,61,39,90,0,nan,nan,0.15
7/8/2022 23:52:56,1.12.0,Free_feed,1,4.05,1,1,Pellet,Left,61,39,91,0,Timed_out,71,nan
7/8/2022 23:53:47,1.12.0,Free_feed,1,4.05,1,1,Pellet,Left,61,39,92,0,42.80,51,nan
7/8/2022 23:54:55,1.12.0,Free_feed,1,4.06,1,1,Pellet,Left,61,39,93,0,Timed_out,68,nan
7/8/2022 23:58:14,1.12.0,Free_feed,1,4.05,1,1,Pellet,Left,61,39,94,0,Timed_out,199,nan
7/8/2022 23:58:48,1.12.0,Free_feed,1,4.05,nan,1,RightWithPellet,Left,61,40,94,0,nan,nan,0.05
7/8/2022 23:59:39,1.12.0,Free_feed,1,4.05,1,1,Pellet,Left,61,40,95,0,Timed_out,85,nan
7/9/2022 0:03:19,1.12.0,Free_feed,1,4.05,1,1,Pellet,Left,61,40,96,0,Timed_out,219,nan
7/9/2022 0:04:16,1.12.0,Free_feed,1,4.06,nan,1,RightWithPellet,Left,61,41,96,0,nan,nan,0.07
7/9/2022 0:04:25,1.12.0,Free_feed,1,4.05,nan,1,RightWithPellet,Left,61,42,96,0,nan,nan,0.23
7/9/2022 0:13:35,1.12.0,Free_feed,1,4.05,nan,1,LeftWithPellet,Left,62,42,96,0,nan,nan,0.08
7/9/2022 0:19:11,1.12.0,Free_feed,1,4.05,nan,1,LeftWithPellet,Left,63,42,96,0,nan,nan,0.29
7/9/2022 0:21:31,1.12.0,Free_feed,1,4.05,nan,1,RightWithPellet,Left,63,43,96,0,nan,nan,0.17
7/9/2022 1:32:57,1.12.0,Free_feed,1,4.05,nan,1,RightWithPellet,Left,63,44,96,0,nan,nan,0.04
7/9/2022 1:32:58,1.12.0,Free_feed,1,4.05,nan,1,RightWithPellet,Left,63,45,96,0,nan,nan,0.29
7/9/2022 1:33:03,1.12.0,Free_feed,1,4.05,1,1,Pellet,Left,63,45,97,0,Timed_out,5385,nan
7/9/2022 1:33:29,1.12.0,Free_feed,1,4.05,1,1,Pellet,Left,63,45,98,0,18.96,26,nan
7/9/2022 1:33:53,1.12.0,Free_feed,1,4.05,3,1,Pellet,Left,63,45,99,0,12.24,24,nan
7/9/2022 1:34:19,1.12.0,Free_feed,1,4.05,2,1,Pellet,Left,63,45,100,0,16.93,26,nan
7/9/2022 1:34:57,1.12.0,Free_feed,1,4.05,1,1,Pellet,Left,63,45,101,0,30.26,38,nan
7/9/2022 1:35:31,1.12.0,Free_feed,1,4.05,2,1,Pellet,Left,63,45,102,0,24.74,34,nan
7/9/2022 1:35:46,1.12.0,Free_feed,1,4.05,1,1,Pellet,Left,63,45,103,0,7.81,15,nan
7/9/2022 1:36:35,1.12.0,Free_feed,1,4.05,1,1,Pellet,Left,63,45,104,0,41.59,49,nan
7/9/2022 1:37:36,1.12.0,Free_feed,1,4.05,1,1,Pellet,Left,63,45,105,0,53.14,60,nan
7/9/2022 1:37:43,1.12.0,Free_feed,1,4.05,1,1,Pellet,Left,63,45,106,0,0.16,7,nan
7/9/2022 1:38:03,1.12.0,Free_feed,1,4.05,1,1,Pellet,Left,63,45,107,0,13.95,21,nan
7/9/2022 1:38:41,1.12.0,Free_feed,1,4.05,1,1,Pellet,Left,63,45,108,0,30.27,38,nan
7/9/2022 1:43:59,1.12.0,Free_feed,1,4.05,1,1,Pellet,Left,63,45,109,0,Timed_out,318,nan
7/9/2022 1:44:26,1.12.0,Free_feed,1,4.05,1,1,Pellet,Left,63,45,110,0,19.91,27,nan
7/9/2022 3:02:59,1.12.0,Free_feed,1,4.05,1,1,Pellet,Left,63,45,111,0,Timed_out,4713,nan
7/9/2022 3:03:25,1.12.0,Free_feed,1,4.05,1,1,Pellet,Left,63,45,112,0,18.77,26,nan
7/9/2022 3:03:49,1.12.0,Free_feed,1,4.05,1,1,Pellet,Left,63,45,113,0,17.51,24,nan
7/9/2022 3:05:49,1.12.0,Free_feed,1,4.04,1,1,Pellet,Left,63,45,114,0,Timed_out,120,nan
7/9/2022 3:10:06,1.12.0,Free_feed,1,4.05,1,1,Pellet,Left,63,45,115,0,Timed_out,257,nan
7/9/2022 3:11:31,1.12.0,Free_feed,1,4.05,2,1,Pellet,Left,63,45,116,0,Timed_out,85,nan
7/9/2022 3:13:56,1.12.0,Free_feed,1,4.03,1,1,Pellet,Left,63,45,117,0,Timed_out,145,nan
7/9/2022 3:14:00,1.12.0,Free_feed,1,4.05,1,1,Pellet,Left,63,45,118,0,0.16,4,nan
7/9/2022 3:14:53,1.12.0,Free_feed,1,4.05,2,1,Pellet,Left,63,45,119,0,49.88,53,nan
7/9/2022 3:15:30,1.12.0,Free_feed,1,4.05,1,1,Pellet,Left,63,45,120,0,29.64,37,nan
7/9/2022 3:20:29,1.12.0,Free_feed,1,4.04,1,1,Pellet,Left,63,45,121,0,Timed_out,299,nan
7/9/2022 4:13:26,1.12.0,Free_feed,1,4.04,1,1,Pellet,Left,63,45,122,0,Timed_out,3176,nan
7/9/2022 4:16:51,1.12.0,Free_feed,1,4.04,1,1,Pellet,Left,63,45,123,0,Timed_out,206,nan
7/9/2022 4:17:22,1.12.0,Free_feed,1,4.04,1,1,Pellet,Left,63,45,124,0,28.75,31,nan
7/9/2022 4:17:49,1.12.0,Free_feed,1,4.05,1,1,Pellet,Left,63,45,125,0,19.54,27,nan
7/9/2022 4:22:36,1.12.0,Free_feed,1,4.04,1,1,Pellet,Left,63,45,126,0,Timed_out,287,nan
7/9/2022 4:22:47,1.12.0,Free_feed,1,4.04,1,1,Pellet,Left,63,45,127,0,4.14,11,nan
7/9/2022 4:23:18,1.12.0,Free_feed,1,4.05,1,1,Pellet,Left,63,45,128,0,24.18,31,nan
7/9/2022 4:23:50,1.12.0,Free_feed,1,4.05,1,1,Pellet,Left,63,45,129,0,23.99,32,nan
7/9/2022 4:24:14,1.12.0,Free_feed,1,4.04,1,1,Pellet,Left,63,45,130,0,17.01,24,nan
7/9/2022 4:24:49,1.12.0,Free_feed,1,4.05,1,1,Pellet,Left,63,45,131,0,27.48,35,nan
7/9/2022 4:41:43,1.12.0,Free_feed,1,4.04,nan,1,RightWithPellet,Left,63,46,131,0,nan,nan,0.42
7/9/2022 4:45:19,1.12.0,Free_feed,1,4.04,1,1,Pellet,Left,63,46,132,0,Timed_out,1230,nan
7/9/2022 4:45:52,1.12.0,Free_feed,1,4.04,1,1,Pellet,Left,63,46,133,0,25.77,33,nan
7/9/2022 4:46:24,1.12.0,Free_feed,1,4.04,1,1,Pellet,Left,63,46,134,0,24.81,32,nan
7/9/2022 4:46:58,1.12.0,Free_feed,1,4.04,1,1,Pellet,Left,63,46,135,0,27.03,34,nan
7/9/2022 4:47:41,1.12.0,Free_feed,1,4.04,1,1,Pellet,Left,63,46,136,0,35.10,42,nan
7/9/2022 4:57:10,1.12.0,Free_feed,1,4.04,nan,1,RightWithPellet,Left,63,47,136,0,nan,nan,0.40
7/9/2022 5:00:58,1.12.0,Free_feed,1,4.04,nan,1,RightWithPellet,Left,63,48,136,0,nan,nan,0.82
7/9/2022 5:03:26,1.12.0,Free_feed,1,4.04,1,1,Pellet,Left,63,48,137,0,Timed_out,946,nan
7/9/2022 5:03:48,1.12.0,Free_feed,1,4.04,1,1,Pellet,Left,63,48,138,0,14.59,22,nan
7/9/2022 5:04:23,1.12.0,Free_feed,1,4.04,1,1,Pellet,Left,63,48,139,0,27.37,35,nan
7/9/2022 5:04:50,1.12.0,Free_feed,1,4.05,1,1,Pellet,Left,63,48,140,0,19.48,27,nan
7/9/2022 5:05:21,1.12.0,Free_feed,1,4.04,1,1,Pellet,Left,63,48,141,0,23.79,31,nan
7/9/2022 5:07:52,1.12.0,Free_feed,1,4.03,1,1,Pellet,Left,63,48,142,0,Timed_out,151,nan
7/9/2022 5:08:10,1.12.0,Free_feed,1,4.04,1,1,Pellet,Left,63,48,143,0,10.09,17,nan
7/9/2022 5:08:45,1.12.0,Free_feed,1,4.04,1,1,Pellet,Left,63,48,144,0,28.89,36,nan
7/9/2022 5:09:17,1.12.0,Free_feed,1,4.04,1,1,Pellet,Left,63,48,145,0,24.11,31,nan
7/9/2022 5:09:50,1.12.0,Free_feed,1,4.04,1,1,Pellet,Left,63,48,146,0,26.85,34,nan
7/9/2022 5:11:33,1.12.0,Free_feed,1,4.04,nan,1,RightWithPellet,Left,63,49,146,0,nan,nan,0.18
7/9/2022 6:29:11,1.12.0,Free_feed,1,4.03,1,1,Pellet,Left,63,49,147,0,Timed_out,4761,nan
7/9/2022 6:33:08,1.12.0,Free_feed,1,4.03,2,1,Pellet,Left,63,49,148,0,Timed_out,237,nan
7/9/2022 6:33:35,1.12.0,Free_feed,1,4.04,2,1,Pellet,Left,63,49,149,0,18.34,27,nan
7/9/2022 6:34:18,1.12.0,Free_feed,1,4.03,1,1,Pellet,Left,63,49,150,0,34.92,43,nan
7/9/2022 6:37:27,1.12.0,Free_feed,1,4.03,1,1,Pellet,Left,63,49,151,0,Timed_out,189,nan
7/9/2022 6:39:52,1.12.0,Free_feed,1,4.04,nan,1,LeftWithPellet,Left,64,49,151,0,nan,nan,0.21
7/9/2022 6:41:12,1.12.0,Free_feed,1,4.03,1,1,Pellet,Left,64,49,152,0,Timed_out,225,nan
7/9/2022 6:45:19,1.12.0,Free_feed,1,4.04,1,1,Pellet,Left,64,49,153,0,Timed_out,247,nan
7/9/2022 6:48:55,1.12.0,Free_feed,1,4.03,1,1,Pellet,Left,64,49,154,0,Timed_out,216,nan
7/9/2022 6:49:24,1.12.0,Free_feed,1,4.03,1,1,Pellet,Left,64,49,155,0,21.95,29,nan
7/9/2022 6:57:32,1.12.0,Free_feed,1,4.03,nan,1,RightWithPellet,Left,64,50,155,0,nan,nan,0.30
7/9/2022 7:01:34,1.12.0,Free_feed,1,4.03,nan,1,RightWithPellet,Left,64,51,155,0,nan,nan,0.19
7/9/2022 7:05:28,1.12.0,Free_feed,1,4.03,1,1,Pellet,Left,64,51,156,0,Timed_out,964,nan
7/9/2022 7:06:03,1.12.0,Free_feed,1,4.03,1,1,Pellet,Left,64,51,157,0,27.87,35,nan
7/9/2022 7:07:24,1.12.0,Free_feed,1,4.03,1,1,Pellet,Left,64,51,158,0,Timed_out,81,nan
7/9/2022 7:07:57,1.12.0,Free_feed,1,4.03,1,1,Pellet,Left,64,51,159,0,25.89,33,nan
7/9/2022 7:17:06,1.12.0,Free_feed,1,4.03,1,1,Pellet,Left,64,51,160,0,Timed_out,549,nan
7/9/2022 7:18:54,1.12.0,Free_feed,1,4.03,nan,1,RightWithPellet,Left,64,52,160,0,nan,nan,0.72
7/9/2022 7:18:57,1.12.0,Free_feed,1,4.03,nan,1,LeftWithPellet,Left,65,52,160,0,nan,nan,0.91
7/9/2022 7:18:59,1.12.0,Free_feed,1,4.04,nan,1,LeftWithPellet,Left,66,52,160,0,nan,nan,0.06
7/9/2022 7:19:04,1.12.0,Free_feed,1,4.03,nan,1,LeftWithPellet,Left,67,52,160,0,nan,nan,0.23
7/9/2022 7:23:34,1.12.0,Free_feed,1,4.04,1,1,Pellet,Left,67,52,161,0,Timed_out,388,nan
7/9/2022 7:28:15,1.12.0,Free_feed,1,4.03,nan,1,LeftWithPellet,Left,68,52,161,0,nan,nan,0.17
7/9/2022 7:37:07,1.12.0,Free_feed,1,4.04,1,1,Pellet,Left,68,52,162,0,Timed_out,813,nan
7/9/2022 7:37:48,1.12.0,Free_feed,1,4.03,1,1,Pellet,Left,68,52,163,0,32.63,41,nan
7/9/2022 7:38:40,1.12.0,Free_feed,1,4.03,nan,1,RightWithPellet,Left,68,53,163,0,nan,nan,0.61
7/9/2022 7:38:41,1.12.0,Free_feed,1,4.03,nan,1,RightWithPellet,Left,68,54,163,0,nan,nan,0.33
7/9/2022 7:38:42,1.12.0,Free_feed,1,4.04,nan,1,RightWithPellet,Left,68,55,163,0,nan,nan,0.29
7/9/2022 7:38:43,1.12.0,Free_feed,1,4.03,nan,1,RightWithPellet,Left,68,56,163,0,nan,nan,0.21
7/9/2022 9:33:46,1.12.0,Free_feed,1,4.03,1,1,Pellet,Left,68,56,164,0,Timed_out,6958,nan
7/9/2022 9:34:15,1.12.0,Free_feed,1,4.03,2,1,Pellet,Left,68,56,165,0,19.86,29,nan
7/9/2022 9:34:47,1.12.0,Free_feed,1,4.03,1,1,Pellet,Left,68,56,166,0,25.52,32,nan
7/9/2022 9:36:55,1.12.0,Free_feed,1,4.03,1,1,Pellet,Left,68,56,167,0,Timed_out,128,nan
7/9/2022 9:37:22,1.12.0,Free_feed,1,4.03,1,1,Pellet,Left,68,56,168,0,18.78,27,nan
7/9/2022 9:38:28,1.12.0,Free_feed,1,4.03,1,1,Pellet,Left,68,56,169,0,58.95,66,nan
7/9/2022 9:39:57,1.12.0,Free_feed,1,4.03,2,1,Pellet,Left,68,56,170,0,Timed_out,89,nan
7/9/2022 9:40:33,1.12.0,Free_feed,1,4.02,1,1,Pellet,Left,68,56,171,0,28.62,36,nan
7/9/2022 9:42:10,1.12.0,Free_feed,1,4.03,nan,1,LeftWithPellet,Left,69,56,171,0,nan,nan,0.14
7/9/2022 9:42:17,1.12.0,Free_feed,1,4.03,1,1,Pellet,Left,69,56,172,0,Timed_out,104,nan
7/9/2022 9:46:55,1.12.0,Free_feed,1,4.03,1,1,Pellet,Left,69,56,173,0,Timed_out,278,nan
7/9/2022 9:47:23,1.12.0,Free_feed,1,4.03,1,1,Pellet,Left,69,56,174,0,20.36,28,nan
7/9/2022 10:08:33,1.12.0,Free_feed,1,4.03,1,1,Pellet,Left,69,56,175,0,Timed_out,1270,nan
7/9/2022 10:08:36,1.12.0,Free_feed,1,4.03,2,1,Pellet,Left,69,56,176,0,0.16,3,nan
7/9/2022 11:53:37,1.12.0,Free_feed,1,4.03,2,1,Pellet,Left,69,56,177,0,Timed_out,6301,nan
7/9/2022 12:59:08,1.12.0,Free_feed,1,4.02,2,1,Pellet,Left,69,56,178,0,Timed_out,3931,nan
7/9/2022 12:59:59,1.12.0,Free_feed,1,4.02,2,1,Pellet,Left,69,56,179,0,42.87,51,nan
7/9/2022 13:01:44,1.12.0,Free_feed,1,4.02,2,1,Pellet,Left,69,56,180,0,Timed_out,104,nan
7/9/2022 13:02:54,1.12.0,Free_feed,1,4.02,1,1,Pellet,Left,69,56,181,0,Timed_out,71,nan
7/9/2022 13:03:50,1.12.0,Free_feed,1,4.02,1,1,Pellet,Left,69,56,182,0,48.06,56,nan
7/9/2022 13:07:12,1.12.0,Free_feed,1,4.02,1,1,Pellet,Left,69,56,183,0,Timed_out,202,nan
7/9/2022 13:08:14,1.12.0,Free_feed,1,4.03,nan,1,RightWithPellet,Left,69,57,183,0,nan,nan,0.03
7/9/2022 13:09:10,1.12.0,Free_feed,1,4.03,nan,1,LeftWithPellet,Left,70,57,183,0,nan,nan,0.75
7/9/2022 13:09:12,1.12.0,Free_feed,1,4.02,nan,1,LeftWithPellet,Left,71,57,183,0,nan,nan,0.24
7/9/2022 13:28:48,1.12.0,Free_feed,1,4.02,2,1,Pellet,Left,71,57,184,0,Timed_out,1296,nan
7/9/2022 13:29:02,1.12.0,Free_feed,1,4.02,1,1,Pellet,Left,71,57,185,0,5.91,14,nan
7/9/2022 13:29:38,1.12.0,Free_feed,1,4.02,1,1,Pellet,Left,71,57,186,0,29.02,36,nan
7/9/2022 13:30:07,1.12.0,Free_feed,1,4.02,1,1,Pellet,Left,71,57,187,0,27.17,29,nan
7/9/2022 13:36:49,1.12.0,Free_feed,1,4.02,1,1,Pellet,Left,71,57,188,0,Timed_out,402,nan
7/9/2022 14:38:18,1.12.0,Free_feed,1,4.02,1,1,Pellet,Left,71,57,189,0,Timed_out,3689,nan
7/9/2022 14:40:46,1.12.0,Free_feed,1,4.02,1,1,Pellet,Left,71,57,190,0,Timed_out,148,nan
7/9/2022 14:41:12,1.12.0,Free_feed,1,4.02,1,1,Pellet,Left,71,57,191,0,18.33,26,nan
7/9/2022 14:41:39,1.12.0,Free_feed,1,4.02,2,1,Pellet,Left,71,57,192,0,19.72,27,nan
7/9/2022 14:43:46,1.12.0,Free_feed,1,4.02,1,1,Pellet,Left,71,57,193,0,Timed_out,127,nan
7/9/2022 14:44:11,1.12.0,Free_feed,1,4.02,1,1,Pellet,Left,71,57,194,0,17.95,25,nan
7/9/2022 16:04:16,1.12.0,Free_feed,1,4.02,1,1,Pellet,Left,71,57,195,0,Timed_out,4805,nan
7/9/2022 16:04:39,1.12.0,Free_feed,1,4.02,1,1,Pellet,Left,71,57,196,0,15.48,23,nan
7/9/2022 16:33:09,1.12.0,Free_feed,1,4.02,1,1,Pellet,Left,71,57,197,0,Timed_out,1710,nan
7/9/2022 16:33:42,1.12.0,Free_feed,1,4.02,1,1,Pellet,Left,71,57,198,0,25.83,33,nan
7/9/2022 16:33:43,1.12.0,Free_feed,1,4.01,1,1,Pellet,Left,71,57,199,0,0.22,1,nan
7/9/2022 16:34:13,1.12.0,Free_feed,1,4.02,1,1,Pellet,Left,71,57,200,0,22.21,30,nan
7/9/2022 16:34:43,1.12.0,Free_feed,1,4.02,2,1,Pellet,Left,71,57,201,0,22.84,30,nan
7/9/2022 16:35:13,1.12.0,Free_feed,1,4.02,1,1,Pellet,Left,71,57,202,0,23.22,30,nan
7/9/2022 16:35:44,1.12.0,Free_feed,1,4.02,1,1,Pellet,Left,71,57,203,0,23.81,31,nan
7/9/2022 16:36:12,1.12.0,Free_feed,1,4.02,1,1,Pellet,Left,71,57,204,0,20.76,28,nan
7/9/2022 16:38:51,1.12.0,Free_feed,1,4.02,1,1,Pellet,Left,71,57,205,0,Timed_out,158,nan
7/9/2022 16:38:58,1.12.0,Free_feed,1,4.02,1,1,Pellet,Left,71,57,206,0,0.16,7,nan
7/9/2022 16:39:06,1.12.0,Free_feed,1,4.01,1,1,Pellet,Left,71,57,207,0,6.61,9,nan
7/9/2022 16:39:54,1.12.0,Free_feed,1,4.02,1,1,Pellet,Left,71,57,208,0,41.15,48,nan
7/9/2022 16:40:27,1.12.0,Free_feed,1,4.02,1,1,Pellet,Left,71,57,209,0,26.09,33,nan
7/9/2022 16:41:41,1.12.0,Free_feed,1,4.02,nan,1,RightWithPellet,Left,71,58,209,0,nan,nan,0.35
7/9/2022 16:41:48,1.12.0,Free_feed,1,4.02,nan,1,RightWithPellet,Left,71,59,209,0,nan,nan,0.31
7/9/2022 17:59:09,1.12.0,Free_feed,1,4.01,2,1,Pellet,Left,71,59,210,0,Timed_out,4721,nan
7/9/2022 17:59:54,1.12.0,Free_feed,1,4.02,1,1,Pellet,Left,71,59,211,0,38.41,46,nan
7/9/2022 18:00:14,1.12.0,Free_feed,1,4.02,1,1,Pellet,Left,71,59,212,0,12.69,20,nan
7/9/2022 18:00:42,1.12.0,Free_feed,1,4.01,2,1,Pellet,Left,71,59,213,0,20.88,28,nan
7/9/2022 18:01:09,1.12.0,Free_feed,1,4.01,1,1,Pellet,Left,71,59,214,0,19.60,27,nan
7/9/2022 18:41:15,1.12.0,Free_feed,1,4.01,1,1,Pellet,Left,71,59,215,0,Timed_out,2406,nan
7/9/2022 18:58:03,1.12.0,Free_feed,1,4.01,nan,1,RightWithPellet,Left,71,60,215,0,nan,nan,0.23
7/9/2022 19:03:37,1.12.0,Free_feed,1,4.00,2,1,Pellet,Left,71,60,216,0,Timed_out,1342,nan
7/9/2022 19:04:01,1.12.0,Free_feed,1,4.01,1,1,Pellet,Left,71,60,217,0,17.26,24,nan
7/9/2022 19:04:23,1.12.0,Free_feed,1,4.01,1,1,Pellet,Left,71,60,218,0,14.46,22,nan
7/9/2022 19:12:17,1.12.0,Free_feed,1,4.01,1,1,Pellet,Left,71,60,219,0,Timed_out,474,nan
