MM:DD:YYYY hh:mm:ss,Device_Number,Battery_Voltage,Motor_Turns,Session_Type,Event,Active_Poke,Left_Poke_Count,Right_Poke_Count,Pellet_Count,Retrieval_Time,Concat_#,Mode
2020-07-21 18:09:42,2,3.68,4,Free_feed,Pellet,Left,0,0,1,0.0,0,FED
2020-07-21 18:11:36,2,3.68,1,Free_feed,Pellet,Left,0,0,2,111.0,0,FED
2020-07-21 18:13:41,2,3.68,1,Free_feed,Pellet,Left,0,0,3,0.0,0,FED
2020-07-21 18:15:45,2,3.68,1,Free_feed,Pellet,Left,0,0,4,0.0,0,FED
2020-07-21 18:18:22,2,3.68,1,Free_feed,Pellet,Left,0,0,5,0.0,0,FED
2020-07-21 18:21:53,2,3.67,1,Free_feed,Pellet,Left,0,0,6,0.0,0,FED
2020-07-21 18:24:30,2,3.68,1,Free_feed,Pellet,Left,0,0,7,0.0,0,FED
2020-07-21 18:31:03,2,3.68,1,Free_feed,Pellet,Left,0,0,8,0.0,0,FED
2020-07-21 18:37:18,2,3.67,1,Free_feed,Pellet,Left,0,0,9,22.0,0,FED
2020-07-21 18:44:00,2,3.67,6,Free_feed,Pellet,Left,0,0,10,0.0,0,FED
2020-07-21 18:47:22,2,3.67,1,Free_feed,Pellet,Left,0,0,11,0.0,0,FED
2020-07-21 18:52:57,2,3.67,1,Free_feed,Pellet,Left,0,0,12,0.0,0,FED
2020-07-21 18:58:13,2,3.67,1,Free_feed,Pellet,Left,0,0,13,0.0,0,FED
2020-07-21 19:05:01,2,3.67,1,Free_feed,Pellet,Left,0,0,14,48.0,0,FED
2020-07-21 19:06:42,2,3.67,1,Free_feed,Pellet,Left,0,0,15,50.0,0,FED
2020-07-21 19:11:06,2,3.67,1,Free_feed,Pellet,Left,0,0,16,0.0,0,FED
2020-07-21 19:17:03,2,3.67,6,Free_feed,Pellet,Left,0,0,17,0.0,0,FED
2020-07-21 19:17:31,2,3.67,1,Free_feed,Pellet,Left,0,0,18,26.0,0,FED
2020-07-21 19:37:16,2,3.67,1,Free_feed,Pellet,Left,0,0,19,0.0,0,FED
2020-07-21 19:45:06,2,3.68,1,Free_feed,Pellet,Left,0,0,20,0.0,0,FED
2020-07-21 19:45:40,2,3.67,1,Free_feed,Pellet,Left,0,0,21,31.0,0,FED
2020-07-21 19:49:26,2,3.67,1,Free_feed,Pellet,Left,0,0,22,0.0,0,FED
2020-07-21 19:50:00,2,3.67,1,Free_feed,Pellet,Left,0,0,23,31.0,0,FED
2020-07-21 19:50:12,2,3.67,1,Free_feed,Pellet,Left,0,0,24,10.0,0,FED
2020-07-21 19:50:49,2,3.67,1,Free_feed,Pellet,Left,0,0,25,34.0,0,FED
2020-07-21 19:51:21,2,3.67,1,Free_feed,Pellet,Left,0,0,26,1.0,0,FED
2020-07-21 19:51:39,2,3.67,1,Free_feed,Pellet,Left,0,0,27,15.0,0,FED
2020-07-21 19:53:02,2,3.68,1,Free_feed,Pellet,Left,0,0,28,27.0,0,FED
2020-07-21 19:54:11,2,3.68,1,Free_feed,Pellet,Left,0,0,29,66.0,0,FED
2020-07-21 19:54:25,2,3.67,1,Free_feed,Pellet,Left,0,0,30,12.0,0,FED
2020-07-21 19:54:42,2,3.68,2,Free_feed,Pellet,Left,0,0,31,2.0,0,FED
2020-07-21 19:56:42,2,3.68,1,Free_feed,Pellet,Left,0,0,32,117.0,0,FED
2020-07-21 19:57:17,2,3.67,1,Free_feed,Pellet,Left,0,0,33,32.0,0,FED
2020-07-21 19:57:54,2,3.67,1,Free_feed,Pellet,Left,0,0,34,34.0,0,FED
2020-07-21 19:58:06,2,3.67,1,Free_feed,Pellet,Left,0,0,35,9.0,0,FED
2020-07-21 19:58:34,2,3.67,1,Free_feed,Pellet,Left,0,0,36,25.0,0,FED
2020-07-21 19:58:53,2,3.67,1,Free_feed,Pellet,Left,0,0,37,16.0,0,FED
2020-07-21 20:02:58,2,3.67,1,Free_feed,Pellet,Left,0,0,38,0.0,0,FED
2020-07-21 20:05:14,2,3.67,1,Free_feed,Pellet,Left,0,0,39,0.0,0,FED
2020-07-21 20:07:24,2,3.67,1,Free_feed,Pellet,Left,0,0,40,0.0,0,FED
2020-07-21 20:08:42,2,3.67,1,Free_feed,Pellet,Left,0,0,41,75.0,0,FED
2020-07-21 20:09:23,2,3.68,1,Free_feed,Pellet,Left,0,0,42,39.0,0,FED
2020-07-21 20:09:48,2,3.67,1,Free_feed,Pellet,Left,0,0,43,22.0,0,FED
2020-07-21 20:09:59,2,3.68,1,Free_feed,Pellet,Left,0,0,44,8.0,0,FED
2020-07-21 20:12:54,2,3.67,1,Free_feed,Pellet,Left,0,0,45,0.0,0,FED
2020-07-21 20:14:37,2,3.67,1,Free_feed,Pellet,Left,0,0,46,101.0,0,FED
2020-07-21 20:17:59,2,3.67,1,Free_feed,Pellet,Left,0,0,47,0.0,0,FED
2020-07-21 20:23:01,2,3.67,1,Free_feed,Pellet,Left,0,0,48,24.0,0,FED
2020-07-21 20:28:01,2,3.68,1,Free_feed,Pellet,Left,0,0,49,0.0,0,FED
2020-07-21 20:28:47,2,3.67,1,Free_feed,Pellet,Left,0,0,50,43.0,0,FED
2020-07-21 20:31:43,2,3.68,1,Free_feed,Pellet,Left,0,0,51,0.0,0,FED
2020-07-21 20:37:24,2,3.67,1,Free_feed,Pellet,Left,0,0,52,0.0,0,FED
2020-07-21 20:38:30,2,3.67,1,Free_feed,Pellet,Left,0,0,53,63.0,0,FED
2020-07-21 20:48:04,2,3.67,1,Free_feed,Pellet,Left,0,0,54,0.0,0,FED
2020-07-21 20:49:10,2,3.67,1,Free_feed,Pellet,Left,0,0,55,63.0,0,FED
2020-07-21 20:56:58,2,3.67,1,Free_feed,Pellet,Left,0,0,56,0.0,0,FED
2020-07-21 20:58:19,2,3.67,1,Free_feed,Pellet,Left,0,0,57,78.0,0,FED
2020-07-21 20:58:56,2,3.67,1,Free_feed,Pellet,Left,0,0,58,35.0,0,FED
2020-07-21 20:59:23,2,3.67,1,Free_feed,Pellet,Left,0,0,59,24.0,0,FED
2020-07-21 21:04:09,2,3.67,1,Free_feed,Pellet,Left,0,0,60,0.0,0,FED
2020-07-21 21:07:05,2,3.67,1,Free_feed,Pellet,Left,0,0,61,0.0,0,FED
2020-07-21 21:07:44,2,3.67,1,Free_feed,Pellet,Left,0,0,62,36.0,0,FED
2020-07-21 21:11:04,2,3.67,1,Free_feed,Pellet,Left,0,0,63,0.0,0,FED
2020-07-21 21:21:33,2,3.67,1,Free_feed,Pellet,Left,0,0,64,0.0,0,FED
2020-07-21 21:22:18,2,3.67,1,Free_feed,Pellet,Left,0,0,65,11.0,0,FED
2020-07-21 21:27:59,2,3.67,1,Free_feed,Pellet,Left,0,0,66,0.0,0,FED
2020-07-21 21:30:00,2,3.67,1,Free_feed,Pellet,Left,0,0,67,118.0,0,FED
2020-07-21 21:30:20,2,3.67,1,Free_feed,Pellet,Left,0,0,68,18.0,0,FED
2020-07-21 21:30:36,2,3.68,1,Free_feed,Pellet,Left,0,0,69,12.0,0,FED
2020-07-21 21:30:53,2,3.67,1,Free_feed,Pellet,Left,0,0,70,15.0,0,FED
2020-07-21 21:31:10,2,3.67,1,Free_feed,Pellet,Left,0,0,71,14.0,0,FED
2020-07-21 21:31:32,2,3.67,1,Free_feed,Pellet,Left,0,0,72,19.0,0,FED
2020-07-21 21:31:54,2,3.67,1,Free_feed,Pellet,Left,0,0,73,20.0,0,FED
2020-07-21 21:32:49,2,3.67,1,Free_feed,Pellet,Left,0,0,74,52.0,0,FED
2020-07-21 21:48:58,2,3.67,1,Free_feed,Pellet,Left,0,0,75,0.0,0,FED
2020-07-21 21:49:19,2,3.67,1,Free_feed,Pellet,Left,0,0,76,18.0,0,FED
2020-07-21 21:50:22,2,3.67,1,Free_feed,Pellet,Left,0,0,77,61.0,0,FED
2020-07-21 21:50:51,2,3.67,1,Free_feed,Pellet,Left,0,0,78,26.0,0,FED
2020-07-21 21:51:02,2,3.67,1,Free_feed,Pellet,Left,0,0,79,8.0,0,FED
2020-07-21 21:51:26,2,3.67,1,Free_feed,Pellet,Left,0,0,80,21.0,0,FED
2020-07-21 21:51:49,2,3.67,1,Free_feed,Pellet,Left,0,0,81,20.0,0,FED
2020-07-21 21:52:03,2,3.68,1,Free_feed,Pellet,Left,0,0,82,12.0,0,FED
2020-07-21 21:52:26,2,3.67,1,Free_feed,Pellet,Left,0,0,83,20.0,0,FED
2020-07-21 21:52:40,2,3.67,1,Free_feed,Pellet,Left,0,0,84,12.0,0,FED
2020-07-21 22:05:19,2,3.67,1,Free_feed,Pellet,Left,0,0,85,0.0,0,FED
2020-07-21 22:05:27,2,3.67,1,Free_feed,Pellet,Left,0,0,86,5.0,0,FED
2020-07-21 22:05:32,2,3.67,1,Free_feed,Pellet,Left,0,0,87,2.0,0,FED
2020-07-21 22:12:41,2,3.67,1,Free_feed,Pellet,Left,0,0,88,0.0,0,FED
2020-07-21 22:16:38,2,3.67,1,Free_feed,Pellet,Left,0,0,89,0.0,0,FED
2020-07-21 22:24:15,2,3.67,1,Free_feed,Pellet,Left,0,0,90,10.0,0,FED
2020-07-21 22:34:04,2,3.67,1,Free_feed,Pellet,Left,0,0,91,0.0,0,FED
2020-07-21 22:35:17,2,3.67,1,Free_feed,Pellet,Left,0,0,92,70.0,0,FED
2020-07-21 22:35:42,2,3.67,1,Free_feed,Pellet,Left,0,0,93,23.0,0,FED
2020-07-21 22:35:56,2,3.67,1,Free_feed,Pellet,Left,0,0,94,10.0,0,FED
2020-07-21 22:36:15,2,3.67,1,Free_feed,Pellet,Left,0,0,95,17.0,0,FED
2020-07-21 22:36:33,2,3.67,1,Free_feed,Pellet,Left,0,0,96,15.0,0,FED
2020-07-21 22:36:56,2,3.67,1,Free_feed,Pellet,Left,0,0,97,20.0,0,FED
2020-07-21 22:37:03,2,3.67,1,Free_feed,Pellet,Left,0,0,98,4.0,0,FED
2020-07-21 22:43:20,2,3.67,1,Free_feed,Pellet,Left,0,0,99,0.0,0,FED
2020-07-21 23:00:16,2,3.67,1,Free_feed,Pellet,Left,0,0,100,0.0,0,FED
2020-07-21 23:01:07,2,3.67,1,Free_feed,Pellet,Left,0,0,101,48.0,0,FED
2020-07-21 23:01:20,2,3.67,1,Free_feed,Pellet,Left,0,0,102,10.0,0,FED
2020-07-21 23:01:25,2,3.67,1,Free_feed,Pellet,Left,0,0,103,2.0,0,FED
2020-07-21 23:01:36,2,3.67,1,Free_feed,Pellet,Left,0,0,104,9.0,0,FED
2020-07-21 23:02:28,2,3.67,1,Free_feed,Pellet,Left,0,0,105,49.0,0,FED
2020-07-21 23:02:41,2,3.67,1,Free_feed,Pellet,Left,0,0,106,10.0,0,FED
2020-07-21 23:02:55,2,3.67,1,Free_feed,Pellet,Left,0,0,107,11.0,0,FED
2020-07-21 23:03:16,2,3.67,1,Free_feed,Pellet,Left,0,0,108,18.0,0,FED
2020-07-21 23:03:19,2,3.67,1,Free_feed,Pellet,Left,0,0,109,0.0,0,FED
2020-07-21 23:03:29,2,3.67,1,Free_feed,Pellet,Left,0,0,110,7.0,0,FED
2020-07-21 23:19:49,2,3.67,1,Free_feed,Pellet,Left,0,0,111,0.0,0,FED
2020-07-21 23:21:00,2,3.67,1,Free_feed,Pellet,Left,0,0,112,69.0,0,FED
2020-07-21 23:21:55,2,3.67,1,Free_feed,Pellet,Left,0,0,113,52.0,0,FED
2020-07-21 23:22:01,2,3.67,1,Free_feed,Pellet,Left,0,0,114,3.0,0,FED
2020-07-21 23:32:47,2,3.67,1,Free_feed,Pellet,Left,0,0,115,0.0,0,FED
2020-07-21 23:33:09,2,3.67,1,Free_feed,Pellet,Left,0,0,116,0.0,0,FED
2020-07-21 23:36:24,2,3.67,1,Free_feed,Pellet,Left,0,0,117,0.0,0,FED
2020-07-21 23:43:19,2,3.67,1,Free_feed,Pellet,Left,0,0,118,0.0,0,FED
2020-07-21 23:44:14,2,3.67,1,Free_feed,Pellet,Left,0,0,119,52.0,0,FED
2020-07-21 23:44:18,2,3.67,1,Free_feed,Pellet,Left,0,0,120,1.0,0,FED
2020-07-21 23:48:56,2,3.67,1,Free_feed,Pellet,Left,0,0,121,0.0,0,FED
2020-07-21 23:49:06,2,3.67,1,Free_feed,Pellet,Left,0,0,122,7.0,0,FED
2020-07-21 23:49:10,2,3.67,1,Free_feed,Pellet,Left,0,0,123,2.0,0,FED
2020-07-21 23:54:16,2,3.67,1,Free_feed,Pellet,Left,0,0,124,0.0,0,FED
2020-07-21 23:54:42,2,3.67,1,Free_feed,Pellet,Left,0,0,125,24.0,0,FED
2020-07-21 23:54:49,2,3.67,1,Free_feed,Pellet,Left,0,0,126,4.0,0,FED
2020-07-22 00:31:48,2,3.67,1,Free_feed,Pellet,Left,0,0,127,51.0,0,FED
2020-07-22 00:32:05,2,3.67,1,Free_feed,Pellet,Left,0,0,128,14.0,0,FED
2020-07-22 00:32:10,2,3.67,1,Free_feed,Pellet,Left,0,0,129,3.0,0,FED
2020-07-22 00:32:14,2,3.66,1,Free_feed,Pellet,Left,0,0,130,1.0,0,FED
2020-07-22 00:32:28,2,3.67,1,Free_feed,Pellet,Left,0,0,131,11.0,0,FED
2020-07-22 00:33:32,2,3.67,1,Free_feed,Pellet,Left,0,0,132,61.0,0,FED
2020-07-22 00:33:45,2,3.67,1,Free_feed,Pellet,Left,0,0,133,11.0,0,FED
2020-07-22 01:06:14,2,3.67,1,Free_feed,Pellet,Left,0,0,134,0.0,0,FED
2020-07-22 01:08:39,2,3.67,1,Free_feed,Pellet,Left,0,0,135,38.0,0,FED
2020-07-22 01:08:56,2,3.67,1,Free_feed,Pellet,Left,0,0,136,14.0,0,FED
2020-07-22 01:09:18,2,3.67,1,Free_feed,Pellet,Left,0,0,137,19.0,0,FED
2020-07-22 01:18:57,2,3.67,1,Free_feed,Pellet,Left,0,0,138,0.0,0,FED
2020-07-22 01:19:03,2,3.67,1,Free_feed,Pellet,Left,0,0,139,4.0,0,FED
2020-07-22 02:17:11,2,3.67,1,Free_feed,Pellet,Left,0,0,140,0.0,0,FED
2020-07-22 02:17:15,2,3.67,1,Free_feed,Pellet,Left,0,0,141,2.0,0,FED
2020-07-22 02:17:50,2,3.67,1,Free_feed,Pellet,Left,0,0,142,32.0,0,FED
2020-07-22 02:18:13,2,3.67,1,Free_feed,Pellet,Left,0,0,143,20.0,0,FED
2020-07-22 02:20:06,2,3.66,1,Free_feed,Pellet,Left,0,0,144,110.0,0,FED
2020-07-22 02:32:08,2,3.66,1,Free_feed,Pellet,Left,0,0,145,0.0,0,FED
2020-07-22 02:32:39,2,3.66,1,Free_feed,Pellet,Left,0,0,146,28.0,0,FED
2020-07-22 02:33:02,2,3.67,1,Free_feed,Pellet,Left,0,0,147,20.0,0,FED
2020-07-22 02:33:26,2,3.67,1,Free_feed,Pellet,Left,0,0,148,21.0,0,FED
2020-07-22 02:33:50,2,3.67,1,Free_feed,Pellet,Left,0,0,149,21.0,0,FED
2020-07-22 02:56:54,2,3.67,1,Free_feed,Pellet,Left,0,0,150,0.0,0,FED
2020-07-22 02:57:40,2,3.66,1,Free_feed,Pellet,Left,0,0,151,43.0,0,FED
2020-07-22 02:57:58,2,3.67,1,Free_feed,Pellet,Left,0,0,152,15.0,0,FED
2020-07-22 02:58:28,2,3.66,1,Free_feed,Pellet,Left,0,0,153,27.0,0,FED
2020-07-22 02:58:42,2,3.67,1,Free_feed,Pellet,Left,0,0,154,11.0,0,FED
2020-07-22 02:59:05,2,3.67,1,Free_feed,Pellet,Left,0,0,155,20.0,0,FED
2020-07-22 02:59:47,2,3.67,1,Free_feed,Pellet,Left,0,0,156,40.0,0,FED
2020-07-22 03:49:52,2,3.66,1,Free_feed,Pellet,Left,0,0,157,22.0,0,FED
2020-07-22 03:50:19,2,3.66,1,Free_feed,Pellet,Left,0,0,158,24.0,0,FED
2020-07-22 03:50:52,2,3.67,1,Free_feed,Pellet,Left,0,0,159,30.0,0,FED
2020-07-22 03:51:03,2,3.67,1,Free_feed,Pellet,Left,0,0,160,8.0,0,FED
2020-07-22 03:51:34,2,3.67,1,Free_feed,Pellet,Left,0,0,161,29.0,0,FED
2020-07-22 03:51:42,2,3.66,1,Free_feed,Pellet,Left,0,0,162,6.0,0,FED
2020-07-22 03:51:55,2,3.67,1,Free_feed,Pellet,Left,0,0,163,9.0,0,FED
2020-07-22 05:08:18,2,3.67,1,Free_feed,Pellet,Left,0,0,164,0.0,0,FED
2020-07-22 05:08:52,2,3.66,1,Free_feed,Pellet,Left,0,0,165,31.0,0,FED
2020-07-22 05:09:16,2,3.66,1,Free_feed,Pellet,Left,0,0,166,21.0,0,FED
2020-07-22 05:09:36,2,3.67,1,Free_feed,Pellet,Left,0,0,167,18.0,0,FED
2020-07-22 05:10:06,2,3.66,1,Free_feed,Pellet,Left,0,0,168,27.0,0,FED
2020-07-22 05:10:29,2,3.67,1,Free_feed,Pellet,Left,0,0,169,21.0,0,FED
2020-07-22 05:10:53,2,3.67,1,Free_feed,Pellet,Left,0,0,170,21.0,0,FED
2020-07-22 05:11:15,2,3.66,1,Free_feed,Pellet,Left,0,0,171,19.0,0,FED
2020-07-22 05:12:11,2,3.67,1,Free_feed,Pellet,Left,0,0,172,54.0,0,FED
2020-07-22 05:34:46,2,3.67,1,Free_feed,Pellet,Left,0,0,173,35.0,0,FED
2020-07-22 05:35:11,2,3.66,1,Free_feed,Pellet,Left,0,0,174,23.0,0,FED
2020-07-22 05:35:28,2,3.67,1,Free_feed,Pellet,Left,0,0,175,15.0,0,FED
2020-07-22 05:36:05,2,3.66,1,Free_feed,Pellet,Left,0,0,176,34.0,0,FED
2020-07-22 05:36:30,2,3.66,1,Free_feed,Pellet,Left,0,0,177,22.0,0,FED
2020-07-22 05:41:23,2,3.67,1,Free_feed,Pellet,Left,0,0,178,0.0,0,FED
2020-07-22 06:25:14,2,3.66,1,Free_feed,Pellet,Left,0,0,179,0.0,0,FED
2020-07-22 06:25:18,2,3.66,1,Free_feed,Pellet,Left,0,0,180,2.0,0,FED
2020-07-22 06:25:36,2,3.66,1,Free_feed,Pellet,Left,0,0,181,14.0,0,FED
2020-07-22 06:26:02,2,3.66,1,Free_feed,Pellet,Left,0,0,182,24.0,0,FED
2020-07-22 06:26:16,2,3.66,1,Free_feed,Pellet,Left,0,0,183,11.0,0,FED
2020-07-22 06:27:17,2,3.66,1,Free_feed,Pellet,Left,0,0,184,58.0,0,FED
2020-07-22 06:41:40,2,3.66,1,Free_feed,Pellet,Left,0,0,185,0.0,0,FED
2020-07-22 06:45:32,2,3.66,1,Free_feed,Pellet,Left,0,0,186,0.0,0,FED
2020-07-22 06:46:12,2,3.66,1,Free_feed,Pellet,Left,0,0,187,37.0,0,FED
2020-07-22 06:46:26,2,3.67,1,Free_feed,Pellet,Left,0,0,188,11.0,0,FED
2020-07-22 06:46:47,2,3.65,1,Free_feed,Pellet,Left,0,0,189,19.0,0,FED
2020-07-22 07:05:13,2,3.66,1,Free_feed,Pellet,Left,0,0,190,0.0,0,FED
2020-07-22 08:04:13,2,3.66,1,Free_feed,Pellet,Left,0,0,191,2.0,0,FED
2020-07-22 08:04:23,2,3.65,1,Free_feed,Pellet,Left,0,0,192,8.0,0,FED
2020-07-22 08:04:40,2,3.66,1,Free_feed,Pellet,Left,0,0,193,14.0,0,FED
2020-07-22 08:05:00,2,3.66,1,Free_feed,Pellet,Left,0,0,194,18.0,0,FED
2020-07-22 08:05:15,2,3.65,1,Free_feed,Pellet,Left,0,0,195,12.0,0,FED
2020-07-22 08:05:35,2,3.65,1,Free_feed,Pellet,Left,0,0,196,18.0,0,FED
2020-07-22 08:05:51,2,3.65,1,Free_feed,Pellet,Left,0,0,197,13.0,0,FED
2020-07-22 08:06:17,2,3.66,1,Free_feed,Pellet,Left,0,0,198,24.0,0,FED
2020-07-22 08:06:38,2,3.66,1,Free_feed,Pellet,Left,0,0,199,18.0,0,FED
2020-07-22 08:40:35,2,3.65,1,Free_feed,Pellet,Left,0,0,200,26.0,0,FED
2020-07-22 08:40:52,2,3.66,1,Free_feed,Pellet,Left,0,0,201,14.0,0,FED
2020-07-22 08:41:09,2,3.66,1,Free_feed,Pellet,Left,0,0,202,14.0,0,FED
2020-07-22 08:41:31,2,3.65,1,Free_feed,Pellet,Left,0,0,203,19.0,0,FED
2020-07-22 08:42:20,2,3.65,1,Free_feed,Pellet,Left,0,0,204,47.0,0,FED
2020-07-22 08:42:31,2,3.66,1,Free_feed,Pellet,Left,0,0,205,8.0,0,FED
2020-07-22 08:42:50,2,3.66,1,Free_feed,Pellet,Left,0,0,206,15.0,0,FED
2020-07-22 08:43:42,2,3.66,1,Free_feed,Pellet,Left,0,0,207,50.0,0,FED
2020-07-22 08:44:00,2,3.66,1,Free_feed,Pellet,Left,0,0,208,15.0,0,FED
2020-07-22 10:09:08,2,3.66,4,Free_feed,Pellet,Left,0,0,209,113.0,0,FED
2020-07-22 10:09:27,2,3.65,1,Free_feed,Pellet,Left,0,0,210,16.0,0,FED
2020-07-22 10:09:39,2,3.65,1,Free_feed,Pellet,Left,0,0,211,9.0,0,FED
2020-07-22 10:09:54,2,3.65,1,Free_feed,Pellet,Left,0,0,212,12.0,0,FED
2020-07-22 10:10:09,2,3.65,1,Free_feed,Pellet,Left,0,0,213,12.0,0,FED
2020-07-22 10:10:25,2,3.65,1,Free_feed,Pellet,Left,0,0,214,13.0,0,FED
2020-07-22 10:10:41,2,3.65,1,Free_feed,Pellet,Left,0,0,215,13.0,0,FED
2020-07-22 10:10:57,2,3.65,1,Free_feed,Pellet,Left,0,0,216,14.0,0,FED
2020-07-22 10:27:20,2,3.65,1,Free_feed,Pellet,Left,0,0,217,0.0,0,FED
2020-07-22 11:22:16,2,4.23,20,Free_feed,Pellet,Left,0,0,218,0.0,0,FED
2020-07-22 11:22:37,2,4.2,3,Free_feed,Pellet,Left,0,0,219,15.0,0,FED
2020-07-22 11:22:55,2,4.2,1,Free_feed,Pellet,Left,0,0,220,14.0,0,FED
2020-07-22 11:23:14,2,4.2,1,Free_feed,Pellet,Left,0,0,221,17.0,0,FED
2020-07-22 11:23:33,2,4.2,1,Free_feed,Pellet,Left,0,0,222,17.0,0,FED
2020-07-22 11:50:38,2,4.2,1,Free_feed,Pellet,Left,0,0,223,0.0,0,FED
2020-07-22 11:50:42,2,4.2,1,Free_feed,Pellet,Left,0,0,224,1.0,0,FED
2020-07-22 11:51:16,2,4.2,1,Free_feed,Pellet,Left,0,0,225,31.0,0,FED
2020-07-22 11:51:32,2,4.2,1,Free_feed,Pellet,Left,0,0,226,14.0,0,FED
2020-07-22 11:52:07,2,4.2,1,Free_feed,Pellet,Left,0,0,227,33.0,0,FED
2020-07-22 11:54:27,2,4.2,1,Free_feed,Pellet,Left,0,0,228,0.0,0,FED
2020-07-22 11:54:47,2,4.2,1,Free_feed,Pellet,Left,0,0,229,17.0,0,FED
2020-07-22 12:46:59,2,4.2,1,Free_feed,Pellet,Left,0,0,230,0.0,0,FED
2020-07-22 12:47:24,2,4.19,1,Free_feed,Pellet,Left,0,0,231,22.0,0,FED
2020-07-22 12:47:41,2,4.19,1,Free_feed,Pellet,Left,0,0,232,14.0,0,FED
2020-07-22 12:47:58,2,4.2,1,Free_feed,Pellet,Left,0,0,233,13.0,0,FED
2020-07-22 12:51:00,2,4.19,1,Free_feed,Pellet,Left,0,0,234,0.0,0,FED
2020-07-22 12:51:24,2,4.19,1,Free_feed,Pellet,Left,0,0,235,21.0,0,FED
2020-07-22 12:52:07,2,4.2,1,Free_feed,Pellet,Left,0,0,236,40.0,0,FED
2020-07-22 12:52:29,2,4.19,1,Free_feed,Pellet,Left,0,0,237,20.0,0,FED
2020-07-22 12:53:01,2,4.2,1,Free_feed,Pellet,Left,0,0,238,29.0,0,FED
2020-07-22 12:53:29,2,4.19,1,Free_feed,Pellet,Left,0,0,239,25.0,0,FED
2020-07-22 12:53:51,2,4.19,1,Free_feed,Pellet,Left,0,0,240,19.0,0,FED
2020-07-22 14:08:13,2,4.19,1,Free_feed,Pellet,Left,0,0,241,0.0,0,FED
2020-07-22 14:08:31,2,4.18,1,Free_feed,Pellet,Left,0,0,242,15.0,0,FED
2020-07-22 14:08:44,2,4.18,1,Free_feed,Pellet,Left,0,0,243,11.0,0,FED
2020-07-22 14:09:04,2,4.18,1,Free_feed,Pellet,Left,0,0,244,15.0,0,FED
2020-07-22 14:09:20,2,4.19,1,Free_feed,Pellet,Left,0,0,245,13.0,0,FED
2020-07-22 14:09:34,2,4.19,1,Free_feed,Pellet,Left,0,0,246,12.0,0,FED
2020-07-22 14:09:37,2,4.19,1,Free_feed,Pellet,Left,0,0,247,0.0,0,FED
2020-07-22 14:09:48,2,4.18,2,Free_feed,Pellet,Left,0,0,248,6.0,0,FED
2020-07-22 14:10:11,2,4.18,1,Free_feed,Pellet,Left,0,0,249,20.0,0,FED
2020-07-22 15:13:40,2,4.18,1,Free_feed,Pellet,Left,0,0,250,0.0,0,FED
2020-07-22 15:14:03,2,4.18,1,Free_feed,Pellet,Left,0,0,251,21.0,0,FED
2020-07-22 15:14:42,2,4.18,1,Free_feed,Pellet,Left,0,0,252,36.0,0,FED
2020-07-22 15:15:01,2,4.18,1,Free_feed,Pellet,Left,0,0,253,16.0,0,FED
2020-07-22 15:15:19,2,4.18,1,Free_feed,Pellet,Left,0,0,254,14.0,0,FED
2020-07-22 15:15:36,2,4.18,1,Free_feed,Pellet,Left,0,0,255,15.0,0,FED
2020-07-22 15:15:56,2,4.18,1,Free_feed,Pellet,Left,0,0,256,17.0,0,FED
2020-07-22 15:52:49,2,4.18,1,Free_feed,Pellet,Left,0,0,257,0.0,0,FED
2020-07-22 15:53:06,2,4.18,1,Free_feed,Pellet,Left,0,0,258,14.0,0,FED
2020-07-22 15:53:27,2,4.18,1,Free_feed,Pellet,Left,0,0,259,18.0,0,FED
2020-07-22 15:53:55,2,4.18,1,Free_feed,Pellet,Left,0,0,260,25.0,0,FED
2020-07-22 15:53:59,2,4.18,1,Free_feed,Pellet,Left,0,0,261,2.0,0,FED
2020-07-22 15:54:04,2,4.18,1,Free_feed,Pellet,Left,0,0,262,2.0,0,FED
2020-07-22 15:54:20,2,4.18,1,Free_feed,Pellet,Left,0,0,263,13.0,0,FED
2020-07-22 15:54:40,2,4.18,1,Free_feed,Pellet,Left,0,0,264,17.0,0,FED
2020-07-22 16:54:43,2,4.17,1,Free_feed,Pellet,Left,0,0,265,0.0,0,FED
2020-07-22 16:54:59,2,4.17,1,Free_feed,Pellet,Left,0,0,266,13.0,0,FED
2020-07-22 16:55:13,2,4.18,1,Free_feed,Pellet,Left,0,0,267,11.0,0,FED
2020-07-22 16:55:30,2,4.17,1,Free_feed,Pellet,Left,0,0,268,14.0,0,FED
2020-07-22 16:56:11,2,4.17,1,Free_feed,Pellet,Left,0,0,269,38.0,0,FED
2020-07-22 18:20:17,2,4.16,1,Free_feed,Pellet,Left,0,0,270,23.0,0,FED
2020-07-22 18:20:30,2,4.16,1,Free_feed,Pellet,Left,0,0,271,10.0,0,FED
2020-07-22 18:20:56,2,4.16,1,Free_feed,Pellet,Left,0,0,272,23.0,0,FED
2020-07-22 18:21:16,2,4.16,1,Free_feed,Pellet,Left,0,0,273,18.0,0,FED
2020-07-22 18:21:46,2,4.16,1,Free_feed,Pellet,Left,0,0,274,27.0,0,FED
2020-07-22 18:22:09,2,4.16,1,Free_feed,Pellet,Left,0,0,275,20.0,0,FED
2020-07-22 18:22:15,2,4.16,1,Free_feed,Pellet,Left,0,0,276,2.0,0,FED
2020-07-22 19:13:24,2,4.17,1,Free_feed,Pellet,Left,0,0,277,0.0,0,FED
2020-07-22 19:13:43,2,4.16,1,Free_feed,Pellet,Left,0,0,278,16.0,0,FED
2020-07-22 19:13:59,2,4.17,1,Free_feed,Pellet,Left,0,0,279,13.0,0,FED
2020-07-22 19:14:13,2,4.16,1,Free_feed,Pellet,Left,0,0,280,12.0,0,FED
2020-07-22 19:14:31,2,4.16,1,Free_feed,Pellet,Left,0,0,281,16.0,0,FED
2020-07-22 19:14:54,2,4.16,1,Free_feed,Pellet,Left,0,0,282,21.0,0,FED
2020-07-22 19:37:03,2,4.16,1,Free_feed,Pellet,Left,0,0,283,14.0,0,FED
2020-07-22 19:37:30,2,4.16,1,Free_feed,Pellet,Left,0,0,284,24.0,0,FED
2020-07-22 19:37:40,2,4.16,1,Free_feed,Pellet,Left,0,0,285,8.0,0,FED
2020-07-22 19:37:57,2,4.16,1,Free_feed,Pellet,Left,0,0,286,14.0,0,FED
2020-07-22 19:38:17,2,4.16,1,Free_feed,Pellet,Left,0,0,287,16.0,0,FED
2020-07-22 19:38:27,2,4.16,1,Free_feed,Pellet,Left,0,0,288,8.0,0,FED
2020-07-22 19:38:31,2,4.16,1,Free_feed,Pellet,Left,0,0,289,1.0,0,FED
2020-07-22 19:38:38,2,4.16,1,Free_feed,Pellet,Left,0,0,290,4.0,0,FED
2020-07-22 19:38:57,2,4.16,1,Free_feed,Pellet,Left,0,0,291,17.0,0,FED
2020-07-22 19:39:16,2,4.16,1,Free_feed,Pellet,Left,0,0,292,16.0,0,FED
2020-07-22 19:39:35,2,4.16,1,Free_feed,Pellet,Left,0,0,293,16.0,0,FED
2020-07-22 19:39:54,2,4.16,1,Free_feed,Pellet,Left,0,0,294,16.0,0,FED
2020-07-22 19:40:10,2,4.16,1,Free_feed,Pellet,Left,0,0,295,14.0,0,FED
2020-07-22 19:40:34,2,4.16,1,Free_feed,Pellet,Left,0,0,296,21.0,0,FED
2020-07-22 19:41:59,2,4.16,1,Free_feed,Pellet,Left,0,0,297,81.0,0,FED
2020-07-22 19:52:32,2,4.15,1,Free_feed,Pellet,Left,0,0,298,0.0,0,FED
2020-07-22 20:11:45,2,4.16,1,Free_feed,Pellet,Left,0,0,299,0.0,0,FED
2020-07-22 20:12:03,2,4.16,1,Free_feed,Pellet,Left,0,0,300,15.0,0,FED
2020-07-22 20:21:15,2,4.15,1,Free_feed,Pellet,Left,0,0,301,0.0,0,FED
2020-07-22 20:21:22,2,4.16,1,Free_feed,Pellet,Left,0,0,302,4.0,0,FED
2020-07-22 20:21:39,2,4.16,1,Free_feed,Pellet,Left,0,0,303,14.0,0,FED
2020-07-22 20:21:45,2,4.16,1,Free_feed,Pellet,Left,0,0,304,3.0,0,FED
2020-07-22 20:21:59,2,4.15,2,Free_feed,Pellet,Left,0,0,305,9.0,0,FED
2020-07-22 20:22:14,2,4.15,1,Free_feed,Pellet,Left,0,0,306,12.0,0,FED
2020-07-22 20:22:19,2,4.16,1,Free_feed,Pellet,Left,0,0,307,2.0,0,FED
2020-07-22 20:23:18,2,4.16,1,Free_feed,Pellet,Left,0,0,308,57.0,0,FED
2020-07-22 20:23:24,2,4.16,1,Free_feed,Pellet,Left,0,0,309,3.0,0,FED
2020-07-22 20:23:33,2,4.15,1,Free_feed,Pellet,Left,0,0,310,6.0,0,FED
2020-07-22 20:23:46,2,4.15,1,Free_feed,Pellet,Left,0,0,311,10.0,0,FED
2020-07-22 20:24:01,2,4.16,1,Free_feed,Pellet,Left,0,0,312,13.0,0,FED
2020-07-22 20:24:21,2,4.16,1,Free_feed,Pellet,Left,0,0,313,17.0,0,FED
2020-07-22 20:56:11,2,4.15,1,Free_feed,Pellet,Left,0,0,314,0.0,0,FED
2020-07-22 20:56:16,2,4.16,1,Free_feed,Pellet,Left,0,0,315,3.0,0,FED
2020-07-22 20:56:32,2,4.15,1,Free_feed,Pellet,Left,0,0,316,13.0,0,FED
2020-07-22 20:56:47,2,4.16,1,Free_feed,Pellet,Left,0,0,317,13.0,0,FED
2020-07-22 20:57:02,2,4.15,1,Free_feed,Pellet,Left,0,0,318,12.0,0,FED
2020-07-22 20:57:18,2,4.15,1,Free_feed,Pellet,Left,0,0,319,14.0,0,FED
2020-07-22 20:57:35,2,4.15,1,Free_feed,Pellet,Left,0,0,320,14.0,0,FED
2020-07-22 20:57:50,2,4.15,1,Free_feed,Pellet,Left,0,0,321,12.0,0,FED
2020-07-22 20:58:12,2,4.16,1,Free_feed,Pellet,Left,0,0,322,19.0,0,FED
2020-07-22 20:58:34,2,4.15,1,Free_feed,Pellet,Left,0,0,323,19.0,0,FED
2020-07-22 21:35:22,2,4.15,1,Free_feed,Pellet,Left,0,0,324,10.0,0,FED
2020-07-22 21:35:29,2,4.15,1,Free_feed,Pellet,Left,0,0,325,4.0,0,FED
2020-07-22 21:35:40,2,4.15,1,Free_feed,Pellet,Left,0,0,326,7.0,0,FED
2020-07-22 21:36:03,2,4.14,1,Free_feed,Pellet,Left,0,0,327,20.0,0,FED
2020-07-22 21:36:51,2,4.15,1,Free_feed,Pellet,Left,0,0,328,46.0,0,FED
2020-07-22 21:36:56,2,4.15,1,Free_feed,Pellet,Left,0,0,329,2.0,0,FED
2020-07-22 21:37:04,2,4.15,1,Free_feed,Pellet,Left,0,0,330,6.0,0,FED
2020-07-22 21:37:15,2,4.15,1,Free_feed,Pellet,Left,0,0,331,8.0,0,FED
2020-07-22 21:37:20,2,4.15,1,Free_feed,Pellet,Left,0,0,332,3.0,0,FED
2020-07-22 21:37:42,2,4.15,1,Free_feed,Pellet,Left,0,0,333,20.0,0,FED
2020-07-22 21:37:50,2,4.15,2,Free_feed,Pellet,Left,0,0,334,3.0,0,FED
2020-07-22 21:38:15,2,4.16,1,Free_feed,Pellet,Left,0,0,335,23.0,0,FED
2020-07-22 21:46:46,2,4.15,1,Free_feed,Pellet,Left,0,0,336,0.0,0,FED
2020-07-22 22:07:57,2,4.15,1,Free_feed,Pellet,Left,0,0,337,13.0,0,FED
2020-07-22 22:08:05,2,4.14,1,Free_feed,Pellet,Left,0,0,338,5.0,0,FED
2020-07-22 22:08:21,2,4.15,1,Free_feed,Pellet,Left,0,0,339,13.0,0,FED
2020-07-22 22:34:59,2,4.14,1,Free_feed,Pellet,Left,0,0,340,30.0,0,FED
2020-07-22 22:35:03,2,4.14,1,Free_feed,Pellet,Left,0,0,341,2.0,0,FED
2020-07-22 22:35:11,2,4.14,2,Free_feed,Pellet,Left,0,0,342,3.0,0,FED
2020-07-22 22:35:30,2,4.14,1,Free_feed,Pellet,Left,0,0,343,16.0,0,FED
2020-07-22 23:46:15,2,4.14,1,Free_feed,Pellet,Left,0,0,344,0.0,0,FED
2020-07-22 23:47:06,2,4.14,1,Free_feed,Pellet,Left,0,0,345,48.0,0,FED
2020-07-22 23:47:10,2,4.14,1,Free_feed,Pellet,Left,0,0,346,2.0,0,FED
2020-07-22 23:47:28,2,4.14,1,Free_feed,Pellet,Left,0,0,347,16.0,0,FED
2020-07-22 23:48:47,2,4.14,1,Free_feed,Pellet,Left,0,0,348,76.0,0,FED
2020-07-22 23:48:53,2,4.14,1,Free_feed,Pellet,Left,0,0,349,3.0,0,FED
2020-07-22 23:49:03,2,4.14,1,Free_feed,Pellet,Left,0,0,350,7.0,0,FED
2020-07-22 23:49:38,2,4.14,1,Free_feed,Pellet,Left,0,0,351,32.0,0,FED
2020-07-22 23:49:44,2,4.14,1,Free_feed,Pellet,Left,0,0,352,3.0,0,FED
2020-07-23 02:53:44,2,4.13,1,Free_feed,Pellet,Left,0,0,353,0.0,0,FED
2020-07-23 02:53:58,2,4.12,1,Free_feed,Pellet,Left,0,0,354,10.0,0,FED
2020-07-23 02:54:10,2,4.13,1,Free_feed,Pellet,Left,0,0,355,10.0,0,FED
2020-07-23 02:54:19,2,4.13,1,Free_feed,Pellet,Left,0,0,356,6.0,0,FED
2020-07-23 02:54:35,2,4.13,1,Free_feed,Pellet,Left,0,0,357,14.0,0,FED
2020-07-23 02:54:49,2,4.12,1,Free_feed,Pellet,Left,0,0,358,11.0,0,FED
2020-07-23 02:55:04,2,4.13,1,Free_feed,Pellet,Left,0,0,359,12.0,0,FED
2020-07-23 02:55:23,2,4.12,1,Free_feed,Pellet,Left,0,0,360,16.0,0,FED
2020-07-23 02:55:35,2,4.13,1,Free_feed,Pellet,Left,0,0,361,10.0,0,FED
2020-07-23 02:56:13,2,4.13,1,Free_feed,Pellet,Left,0,0,362,35.0,0,FED
2020-07-23 02:56:27,2,4.13,1,Free_feed,Pellet,Left,0,0,363,11.0,0,FED
2020-07-23 02:56:32,2,4.13,1,Free_feed,Pellet,Left,0,0,364,2.0,0,FED
2020-07-23 02:56:37,2,4.12,1,Free_feed,Pellet,Left,0,0,365,2.0,0,FED
2020-07-23 02:56:47,2,4.13,1,Free_feed,Pellet,Left,0,0,366,7.0,0,FED
2020-07-23 02:57:29,2,4.12,1,Free_feed,Pellet,Left,0,0,367,39.0,0,FED
2020-07-23 02:57:34,2,4.13,1,Free_feed,Pellet,Left,0,0,368,2.0,0,FED
2020-07-23 02:57:46,2,4.12,1,Free_feed,Pellet,Left,0,0,369,9.0,0,FED
2020-07-23 02:58:00,2,4.13,1,Free_feed,Pellet,Left,0,0,370,11.0,0,FED
2020-07-23 02:58:21,2,4.13,1,Free_feed,Pellet,Left,0,0,371,18.0,0,FED
2020-07-23 02:58:41,2,4.13,1,Free_feed,Pellet,Left,0,0,372,18.0,0,FED
2020-07-23 04:59:05,2,4.12,1,Free_feed,Pellet,Left,0,0,373,0.0,0,FED
2020-07-23 04:59:27,2,4.12,1,Free_feed,Pellet,Left,0,0,374,19.0,0,FED
2020-07-23 05:00:11,2,4.12,1,Free_feed,Pellet,Left,0,0,375,41.0,0,FED
2020-07-23 05:00:17,2,4.12,1,Free_feed,Pellet,Left,0,0,376,3.0,0,FED
2020-07-23 05:00:34,2,4.12,1,Free_feed,Pellet,Left,0,0,377,15.0,0,FED
2020-07-23 05:01:33,2,4.12,1,Free_feed,Pellet,Left,0,0,378,55.0,0,FED
2020-07-23 05:01:37,2,4.12,1,Free_feed,Pellet,Left,0,0,379,2.0,0,FED
2020-07-23 05:01:52,2,4.12,1,Free_feed,Pellet,Left,0,0,380,12.0,0,FED
2020-07-23 05:02:08,2,4.12,1,Free_feed,Pellet,Left,0,0,381,14.0,0,FED
2020-07-23 05:02:32,2,4.12,1,Free_feed,Pellet,Left,0,0,382,20.0,0,FED
2020-07-23 05:03:07,2,4.12,1,Free_feed,Pellet,Left,0,0,383,33.0,0,FED
2020-07-23 05:03:11,2,4.12,1,Free_feed,Pellet,Left,0,0,384,2.0,0,FED
2020-07-23 05:03:21,2,4.12,1,Free_feed,Pellet,Left,0,0,385,7.0,0,FED
2020-07-23 05:03:40,2,4.12,1,Free_feed,Pellet,Left,0,0,386,17.0,0,FED
2020-07-23 06:40:44,2,4.12,1,Free_feed,Pellet,Left,0,0,387,0.0,0,FED
2020-07-23 06:40:50,2,4.11,1,Free_feed,Pellet,Left,0,0,388,4.0,0,FED
2020-07-23 06:41:11,2,4.12,1,Free_feed,Pellet,Left,0,0,389,18.0,0,FED
2020-07-23 06:41:14,2,4.12,1,Free_feed,Pellet,Left,0,0,390,1.0,0,FED
2020-07-23 06:41:25,2,4.12,1,Free_feed,Pellet,Left,0,0,391,8.0,0,FED
2020-07-23 06:41:58,2,4.12,1,Free_feed,Pellet,Left,0,0,392,30.0,0,FED
2020-07-23 06:42:04,2,4.12,1,Free_feed,Pellet,Left,0,0,393,3.0,0,FED
2020-07-23 06:42:19,2,4.12,1,Free_feed,Pellet,Left,0,0,394,13.0,0,FED
2020-07-23 06:42:26,2,4.12,1,Free_feed,Pellet,Left,0,0,395,4.0,0,FED
2020-07-23 06:43:40,2,4.12,1,Free_feed,Pellet,Left,0,0,396,71.0,0,FED
2020-07-23 06:43:55,2,4.12,1,Free_feed,Pellet,Left,0,0,397,13.0,0,FED
2020-07-23 06:44:17,2,4.12,1,Free_feed,Pellet,Left,0,0,398,19.0,0,FED
2020-07-23 06:44:38,2,4.12,1,Free_feed,Pellet,Left,0,0,399,19.0,0,FED
2020-07-23 06:44:55,2,4.11,1,Free_feed,Pellet,Left,0,0,400,14.0,0,FED
2020-07-23 06:45:00,2,4.11,1,Free_feed,Pellet,Left,0,0,401,2.0,0,FED
2020-07-23 06:45:07,2,4.12,1,Free_feed,Pellet,Left,0,0,402,5.0,0,FED
2020-07-23 06:45:27,2,4.12,1,Free_feed,Pellet,Left,0,0,403,17.0,0,FED
2020-07-23 07:56:32,2,4.11,1,Free_feed,Pellet,Left,0,0,404,47.0,0,FED
2020-07-23 07:56:56,2,4.11,1,Free_feed,Pellet,Left,0,0,405,21.0,0,FED
2020-07-23 07:57:08,2,4.12,1,Free_feed,Pellet,Left,0,0,406,9.0,0,FED
2020-07-23 07:57:27,2,4.11,1,Free_feed,Pellet,Left,0,0,407,16.0,0,FED
2020-07-23 07:59:27,2,4.11,1,Free_feed,Pellet,Left,0,0,408,99.0,0,FED
2020-07-23 08:59:30,2,4.11,1,Free_feed,Pellet,Left,0,0,409,0.0,0,FED
2020-07-23 09:00:06,2,4.11,1,Free_feed,Pellet,Left,0,0,410,32.0,0,FED
2020-07-23 09:00:14,2,4.11,1,Free_feed,Pellet,Left,0,0,411,6.0,0,FED
2020-07-23 09:00:19,2,4.11,1,Free_feed,Pellet,Left,0,0,412,2.0,0,FED
2020-07-23 09:00:37,2,4.11,1,Free_feed,Pellet,Left,0,0,413,16.0,0,FED
2020-07-23 09:00:58,2,4.11,1,Free_feed,Pellet,Left,0,0,414,18.0,0,FED
2020-07-23 09:01:30,2,4.11,1,Free_feed,Pellet,Left,0,0,415,29.0,0,FED
2020-07-23 09:01:43,2,4.11,1,Free_feed,Pellet,Left,0,0,416,10.0,0,FED
2020-07-23 09:02:29,2,4.11,1,Free_feed,Pellet,Left,0,0,417,43.0,0,FED
2020-07-23 09:02:41,2,4.11,1,Free_feed,Pellet,Left,0,0,418,9.0,0,FED
2020-07-23 09:02:45,2,4.11,1,Free_feed,Pellet,Left,0,0,419,1.0,0,FED
2020-07-23 09:03:12,2,4.11,1,Free_feed,Pellet,Left,0,0,420,24.0,0,FED
2020-07-23 09:03:31,2,4.11,1,Free_feed,Pellet,Left,0,0,421,17.0,0,FED
2020-07-23 09:03:50,2,4.11,1,Free_feed,Pellet,Left,0,0,422,17.0,0,FED
2020-07-23 09:04:10,2,4.11,1,Free_feed,Pellet,Left,0,0,423,18.0,0,FED
2020-07-23 09:04:31,2,4.11,1,Free_feed,Pellet,Left,0,0,424,18.0,0,FED
2020-07-23 09:04:57,2,4.11,1,Free_feed,Pellet,Left,0,0,425,24.0,0,FED
2020-07-23 09:42:29,2,4.11,1,Free_feed,Pellet,Left,0,0,426,0.0,0,FED
2020-07-23 09:42:49,2,4.11,1,Free_feed,Pellet,Left,0,0,427,18.0,0,FED
2020-07-23 09:53:45,2,4.11,1,Free_feed,Pellet,Left,0,0,428,0.0,0,FED
2020-07-23 09:53:58,2,4.11,1,Free_feed,Pellet,Left,0,0,429,3.0,0,FED
2020-07-23 09:54:16,2,4.11,1,Free_feed,Pellet,Left,0,0,430,15.0,0,FED
2020-07-23 09:54:20,2,4.1,1,Free_feed,Pellet,Left,0,0,431,1.0,0,FED
2020-07-23 09:54:32,2,4.1,1,Free_feed,Pellet,Left,0,0,432,9.0,0,FED
2020-07-23 09:55:15,2,4.11,1,Free_feed,Pellet,Left,0,0,433,40.0,0,FED
2020-07-23 10:32:55,2,4.1,1,Free_feed,Pellet,Left,0,0,434,53.0,0,FED
2020-07-23 10:33:23,2,4.11,1,Free_feed,Pellet,Left,0,0,435,25.0,0,FED
2020-07-23 10:33:29,2,4.11,1,Free_feed,Pellet,Left,0,0,436,3.0,0,FED
2020-07-23 10:33:45,2,4.11,1,Free_feed,Pellet,Left,0,0,437,12.0,0,FED
2020-07-23 10:34:06,2,4.11,1,Free_feed,Pellet,Left,0,0,438,19.0,0,FED
2020-07-23 10:34:24,2,4.1,1,Free_feed,Pellet,Left,0,0,439,16.0,0,FED
2020-07-23 10:59:05,2,4.1,1,Free_feed,Pellet,Left,0,0,440,3.0,0,FED
2020-07-23 10:59:25,2,4.1,1,Free_feed,Pellet,Left,0,0,441,18.0,0,FED
2020-07-23 10:59:43,2,4.1,1,Free_feed,Pellet,Left,0,0,442,14.0,0,FED
2020-07-23 10:59:59,2,4.1,1,Free_feed,Pellet,Left,0,0,443,14.0,0,FED
2020-07-23 11:00:13,2,4.1,1,Free_feed,Pellet,Left,0,0,444,11.0,0,FED
2020-07-23 11:00:31,2,4.1,1,Free_feed,Pellet,Left,0,0,445,15.0,0,FED
2020-07-23 11:00:48,2,4.1,1,Free_feed,Pellet,Left,0,0,446,14.0,0,FED
2020-07-23 11:01:05,2,4.1,1,Free_feed,Pellet,Left,0,0,447,15.0,0,FED
2020-07-23 11:01:24,2,4.1,1,Free_feed,Pellet,Left,0,0,448,16.0,0,FED
2020-07-23 11:01:39,2,4.1,1,Free_feed,Pellet,Left,0,0,449,12.0,0,FED
2020-07-23 11:01:59,2,4.11,1,Free_feed,Pellet,Left,0,0,450,17.0,0,FED
2020-07-23 11:46:39,2,4.11,1,Free_feed,Pellet,Left,0,0,451,0.0,0,FED
2020-07-23 11:47:01,2,4.1,1,Free_feed,Pellet,Left,0,0,452,19.0,0,FED
2020-07-23 11:47:18,2,4.1,1,Free_feed,Pellet,Left,0,0,453,14.0,0,FED
2020-07-23 11:47:38,2,4.1,1,Free_feed,Pellet,Left,0,0,454,16.0,0,FED
2020-07-23 11:47:56,2,4.1,1,Free_feed,Pellet,Left,0,0,455,16.0,0,FED
2020-07-23 11:48:22,2,4.1,1,Free_feed,Pellet,Left,0,0,456,23.0,0,FED
2020-07-23 12:05:25,2,4.11,1,Free_feed,Pellet,Left,0,0,457,1.0,0,FED
2020-07-23 12:05:37,2,4.09,1,Free_feed,Pellet,Left,0,0,458,9.0,0,FED
2020-07-23 12:05:59,2,4.1,1,Free_feed,Pellet,Left,0,0,459,19.0,0,FED
2020-07-23 12:06:19,2,4.1,2,Free_feed,Pellet,Left,0,0,460,16.0,0,FED
2020-07-23 12:06:34,2,4.1,1,Free_feed,Pellet,Left,0,0,461,12.0,0,FED
2020-07-23 12:06:58,2,4.1,1,Free_feed,Pellet,Left,0,0,462,22.0,0,FED
2020-07-23 12:07:08,2,4.1,1,Free_feed,Pellet,Left,0,0,463,7.0,0,FED
2020-07-23 12:07:50,2,4.09,1,Free_feed,Pellet,Left,0,0,464,2.0,0,FED
2020-07-23 12:08:03,2,4.1,1,Free_feed,Pellet,Left,0,0,465,11.0,0,FED
2020-07-23 12:08:22,2,4.1,1,Free_feed,Pellet,Left,0,0,466,16.0,0,FED
2020-07-23 12:08:41,2,4.1,1,Free_feed,Pellet,Left,0,0,467,17.0,0,FED
2020-07-23 12:09:05,2,4.11,1,Free_feed,Pellet,Left,0,0,468,21.0,0,FED
2020-07-23 12:09:30,2,4.09,1,Free_feed,Pellet,Left,0,0,469,22.0,0,FED
2020-07-23 12:09:55,2,4.1,1,Free_feed,Pellet,Left,0,0,470,23.0,0,FED
2020-07-23 12:10:21,2,4.1,1,Free_feed,Pellet,Left,0,0,471,23.0,0,FED
2020-07-23 12:10:45,2,4.1,1,Free_feed,Pellet,Left,0,0,472,21.0,0,FED
2020-07-23 12:28:44,2,4.1,1,Free_feed,Pellet,Left,0,0,473,0.0,0,FED
2020-07-23 12:29:05,2,4.1,1,Free_feed,Pellet,Left,0,0,474,19.0,0,FED
2020-07-23 12:30:47,2,4.1,1,Free_feed,Pellet,Left,0,0,475,99.0,0,FED
2020-07-23 12:30:51,2,4.09,1,Free_feed,Pellet,Left,0,0,476,1.0,0,FED
2020-07-23 12:31:03,2,4.1,1,Free_feed,Pellet,Left,0,0,477,10.0,0,FED
2020-07-23 12:31:23,2,4.09,1,Free_feed,Pellet,Left,0,0,478,17.0,0,FED
2020-07-23 12:31:40,2,4.09,1,Free_feed,Pellet,Left,0,0,479,14.0,0,FED
2020-07-23 12:32:10,2,4.1,1,Free_feed,Pellet,Left,0,0,480,27.0,0,FED
2020-07-23 12:32:29,2,4.1,1,Free_feed,Pellet,Left,0,0,481,16.0,0,FED
2020-07-23 14:29:36,2,4.1,1,Free_feed,Pellet,Left,0,0,482,0.0,0,FED
2020-07-23 14:56:52,2,4.09,1,Free_feed,Pellet,Left,0,0,483,2.0,0,FED
2020-07-23 14:56:56,2,4.09,1,Free_feed,Pellet,Left,0,0,484,1.0,0,FED
2020-07-23 14:57:02,2,4.09,1,Free_feed,Pellet,Left,0,0,485,3.0,0,FED
2020-07-23 14:57:17,2,4.09,1,Free_feed,Pellet,Left,0,0,486,13.0,0,FED
2020-07-23 14:57:42,2,4.09,1,Free_feed,Pellet,Left,0,0,487,21.0,0,FED
2020-07-23 14:58:11,2,4.09,1,Free_feed,Pellet,Left,0,0,488,27.0,0,FED
2020-07-23 16:15:29,2,4.09,1,Free_feed,Pellet,Left,0,0,489,0.0,0,FED
2020-07-23 16:15:33,2,4.09,1,Free_feed,Pellet,Left,0,0,490,1.0,0,FED
2020-07-23 16:15:52,2,4.08,1,Free_feed,Pellet,Left,0,0,491,15.0,0,FED
2020-07-23 16:16:06,2,4.09,1,Free_feed,Pellet,Left,0,0,492,12.0,0,FED
2020-07-23 16:16:25,2,4.09,1,Free_feed,Pellet,Left,0,0,493,16.0,0,FED
2020-07-23 16:23:36,2,4.08,1,Free_feed,Pellet,Left,0,0,494,0.0,0,FED
2020-07-23 16:23:41,2,4.09,1,Free_feed,Pellet,Left,0,0,495,2.0,0,FED
2020-07-23 16:23:54,2,4.09,1,Free_feed,Pellet,Left,0,0,496,11.0,0,FED
2020-07-23 16:24:10,2,4.08,1,Free_feed,Pellet,Left,0,0,497,13.0,0,FED
2020-07-23 16:24:39,2,4.09,1,Free_feed,Pellet,Left,0,0,498,26.0,0,FED
2020-07-23 16:24:43,2,4.09,1,Free_feed,Pellet,Left,0,0,499,1.0,0,FED
2020-07-23 16:24:53,2,4.09,1,Free_feed,Pellet,Left,0,0,500,7.0,0,FED
2020-07-23 16:25:15,2,4.08,2,Free_feed,Pellet,Left,0,0,501,17.0,0,FED
2020-07-23 16:25:34,2,4.08,1,Free_feed,Pellet,Left,0,0,502,16.0,0,FED
2020-07-23 16:25:52,2,4.08,1,Free_feed,Pellet,Left,0,0,503,14.0,0,FED
2020-07-23 16:26:13,2,4.09,1,Free_feed,Pellet,Left,0,0,504,18.0,0,FED
2020-07-23 16:26:32,2,4.08,1,Free_feed,Pellet,Left,0,0,505,16.0,0,FED
2020-07-23 16:26:50,2,4.08,1,Free_feed,Pellet,Left,0,0,506,15.0,0,FED
2020-07-23 17:03:56,2,4.08,1,Free_feed,Pellet,Left,0,0,507,0.0,0,FED
2020-07-23 17:04:00,2,4.09,1,Free_feed,Pellet,Left,0,0,508,1.0,0,FED
2020-07-23 17:04:15,2,4.09,1,Free_feed,Pellet,Left,0,0,509,12.0,0,FED
2020-07-23 17:04:33,2,4.08,1,Free_feed,Pellet,Left,0,0,510,14.0,0,FED
2020-07-23 17:04:55,2,4.08,1,Free_feed,Pellet,Left,0,0,511,20.0,0,FED
2020-07-23 17:05:20,2,4.09,1,Free_feed,Pellet,Left,0,0,512,21.0,0,FED
2020-07-23 17:05:39,2,4.08,1,Free_feed,Pellet,Left,0,0,513,17.0,0,FED
2020-07-23 17:06:00,2,4.09,1,Free_feed,Pellet,Left,0,0,514,18.0,0,FED
2020-07-23 17:06:26,2,4.08,1,Free_feed,Pellet,Left,0,0,515,22.0,0,FED
2020-07-23 17:06:48,2,4.08,1,Free_feed,Pellet,Left,0,0,516,19.0,0,FED
2020-07-23 17:07:10,2,4.09,1,Free_feed,Pellet,Left,0,0,517,20.0,0,FED
2020-07-23 17:07:48,2,4.08,1,Free_feed,Pellet,Left,0,0,518,35.0,0,FED
2020-07-23 17:08:12,2,4.09,1,Free_feed,Pellet,Left,0,0,519,21.0,0,FED
2020-07-23 18:04:56,2,4.08,1,Free_feed,Pellet,Left,0,0,520,0.0,0,FED
2020-07-23 18:05:19,2,4.08,1,Free_feed,Pellet,Left,0,0,521,20.0,0,FED
2020-07-23 18:05:35,2,4.08,1,Free_feed,Pellet,Left,0,0,522,13.0,0,FED
2020-07-23 18:06:02,2,4.09,1,Free_feed,Pellet,Left,0,0,523,25.0,0,FED
2020-07-23 18:06:22,2,4.09,1,Free_feed,Pellet,Left,0,0,524,18.0,0,FED
2020-07-23 19:07:16,2,4.08,1,Free_feed,Pellet,Left,0,0,525,0.0,0,FED
2020-07-23 19:11:39,2,4.08,1,Free_feed,Pellet,Left,0,0,526,2.0,0,FED
2020-07-23 19:11:55,2,4.08,1,Free_feed,Pellet,Left,0,0,527,13.0,0,FED
2020-07-23 19:12:09,2,4.08,1,Free_feed,Pellet,Left,0,0,528,11.0,0,FED
2020-07-23 19:12:26,2,4.09,1,Free_feed,Pellet,Left,0,0,529,15.0,0,FED
2020-07-23 19:12:46,2,4.07,1,Free_feed,Pellet,Left,0,0,530,17.0,0,FED
2020-07-23 19:13:03,2,4.07,1,Free_feed,Pellet,Left,0,0,531,13.0,0,FED
2020-07-23 19:13:20,2,4.07,1,Free_feed,Pellet,Left,0,0,532,15.0,0,FED
2020-07-23 19:13:45,2,4.08,1,Free_feed,Pellet,Left,0,0,533,22.0,0,FED
2020-07-23 19:40:33,2,4.07,1,Free_feed,Pellet,Left,0,0,534,4.0,0,FED
2020-07-23 19:40:44,2,4.08,1,Free_feed,Pellet,Left,0,0,535,8.0,0,FED
2020-07-23 19:40:50,2,4.07,1,Free_feed,Pellet,Left,0,0,536,4.0,0,FED
2020-07-23 19:40:54,2,4.08,1,Free_feed,Pellet,Left,0,0,537,1.0,0,FED
2020-07-23 19:41:05,2,4.08,1,Free_feed,Pellet,Left,0,0,538,9.0,0,FED
2020-07-23 19:41:22,2,4.08,1,Free_feed,Pellet,Left,0,0,539,14.0,0,FED
2020-07-23 19:41:43,2,4.07,1,Free_feed,Pellet,Left,0,0,540,19.0,0,FED
2020-07-23 19:42:01,2,4.08,1,Free_feed,Pellet,Left,0,0,541,15.0,0,FED
2020-07-23 19:42:05,2,4.08,1,Free_feed,Pellet,Left,0,0,542,1.0,0,FED
2020-07-23 19:42:20,2,4.07,2,Free_feed,Pellet,Left,0,0,543,12.0,0,FED
2020-07-23 19:42:24,2,4.07,1,Free_feed,Pellet,Left,0,0,544,1.0,0,FED
2020-07-23 19:42:45,2,4.07,1,Free_feed,Pellet,Left,0,0,545,19.0,0,FED
2020-07-23 19:43:00,2,4.07,1,Free_feed,Pellet,Left,0,0,546,12.0,0,FED
2020-07-23 20:14:46,2,4.07,1,Free_feed,Pellet,Left,0,0,547,0.0,0,FED
2020-07-23 20:14:51,2,4.07,1,Free_feed,Pellet,Left,0,0,548,2.0,0,FED
2020-07-23 20:15:10,2,4.07,2,Free_feed,Pellet,Left,0,0,549,16.0,0,FED
2020-07-23 20:15:51,2,4.07,2,Free_feed,Pellet,Left,0,0,550,37.0,0,FED
2020-07-23 20:15:53,2,4.07,1,Free_feed,Pellet,Left,0,0,551,0.0,0,FED
2020-07-23 20:16:11,2,4.07,1,Free_feed,Pellet,Left,0,0,552,15.0,0,FED
2020-07-23 20:16:33,2,4.07,1,Free_feed,Pellet,Left,0,0,553,19.0,0,FED
2020-07-23 20:16:50,2,4.08,1,Free_feed,Pellet,Left,0,0,554,15.0,0,FED
2020-07-23 20:17:13,2,4.07,1,Free_feed,Pellet,Left,0,0,555,20.0,0,FED
2020-07-23 20:17:33,2,4.07,1,Free_feed,Pellet,Left,0,0,556,17.0,0,FED
2020-07-23 20:17:41,2,4.07,1,Free_feed,Pellet,Left,0,0,557,5.0,0,FED
2020-07-23 20:17:59,2,4.07,1,Free_feed,Pellet,Left,0,0,558,15.0,0,FED
2020-07-23 20:45:17,2,4.07,1,Free_feed,Pellet,Left,0,0,559,0.0,0,FED
2020-07-23 21:07:15,2,4.07,1,Free_feed,Pellet,Left,0,0,560,1.0,0,FED
2020-07-23 21:07:31,2,4.07,1,Free_feed,Pellet,Left,0,0,561,13.0,0,FED
2020-07-23 21:07:47,2,4.07,1,Free_feed,Pellet,Left,0,0,562,13.0,0,FED
2020-07-23 21:08:09,2,4.07,1,Free_feed,Pellet,Left,0,0,563,19.0,0,FED
2020-07-23 21:08:13,2,4.07,1,Free_feed,Pellet,Left,0,0,564,1.0,0,FED
2020-07-23 21:08:36,2,4.08,1,Free_feed,Pellet,Left,0,0,565,20.0,0,FED
2020-07-23 21:08:53,2,4.07,1,Free_feed,Pellet,Left,0,0,566,14.0,0,FED
2020-07-23 21:09:17,2,4.07,1,Free_feed,Pellet,Left,0,0,567,22.0,0,FED
2020-07-23 21:37:55,2,4.07,1,Free_feed,Pellet,Left,0,0,568,0.0,0,FED
2020-07-23 21:37:59,2,4.07,1,Free_feed,Pellet,Left,0,0,569,1.0,0,FED
2020-07-23 21:38:17,2,4.07,1,Free_feed,Pellet,Left,0,0,570,15.0,0,FED
2020-07-23 21:38:36,2,4.07,1,Free_feed,Pellet,Left,0,0,571,16.0,0,FED
2020-07-23 21:39:01,2,4.07,1,Free_feed,Pellet,Left,0,0,572,21.0,0,FED
2020-07-23 21:39:23,2,4.07,1,Free_feed,Pellet,Left,0,0,573,20.0,0,FED
2020-07-23 21:39:29,2,4.07,1,Free_feed,Pellet,Left,0,0,574,3.0,0,FED
2020-07-23 21:39:33,2,4.07,1,Free_feed,Pellet,Left,0,0,575,1.0,0,FED
2020-07-23 21:40:14,2,4.07,1,Free_feed,Pellet,Left,0,0,576,20.0,0,FED
2020-07-23 21:40:38,2,4.07,1,Free_feed,Pellet,Left,0,0,577,21.0,0,FED
2020-07-23 21:41:02,2,4.07,1,Free_feed,Pellet,Left,0,0,578,20.0,0,FED
2020-07-23 21:41:34,2,4.07,1,Free_feed,Pellet,Left,0,0,579,30.0,0,FED
2020-07-23 21:41:56,2,4.07,1,Free_feed,Pellet,Left,0,0,580,19.0,0,FED
2020-07-23 22:15:10,2,4.07,1,Free_feed,Pellet,Left,0,0,581,0.0,0,FED
2020-07-23 22:15:14,2,4.07,1,Free_feed,Pellet,Left,0,0,582,1.0,0,FED
2020-07-23 22:15:39,2,4.07,1,Free_feed,Pellet,Left,0,0,583,22.0,0,FED
2020-07-23 22:15:43,2,4.07,1,Free_feed,Pellet,Left,0,0,584,2.0,0,FED
2020-07-23 22:15:56,2,4.07,1,Free_feed,Pellet,Left,0,0,585,11.0,0,FED
2020-07-23 22:16:27,2,4.07,1,Free_feed,Pellet,Left,0,0,586,27.0,0,FED
2020-07-23 22:16:30,2,4.07,1,Free_feed,Pellet,Left,0,0,587,1.0,0,FED
2020-07-23 22:17:31,2,4.07,1,Free_feed,Pellet,Left,0,0,588,58.0,0,FED
2020-07-23 22:17:35,2,4.07,1,Free_feed,Pellet,Left,0,0,589,1.0,0,FED
2020-07-23 22:17:44,2,4.07,1,Free_feed,Pellet,Left,0,0,590,6.0,0,FED
2020-07-23 22:18:06,2,4.07,1,Free_feed,Pellet,Left,0,0,591,20.0,0,FED
2020-07-23 22:18:22,2,4.07,1,Free_feed,Pellet,Left,0,0,592,14.0,0,FED
2020-07-23 22:18:48,2,4.07,1,Free_feed,Pellet,Left,0,0,593,23.0,0,FED
2020-07-23 22:19:07,2,4.07,1,Free_feed,Pellet,Left,0,0,594,17.0,0,FED
2020-07-23 23:18:34,2,4.07,1,Free_feed,Pellet,Left,0,0,595,0.0,0,FED
2020-07-23 23:39:10,2,4.07,1,Free_feed,Pellet,Left,0,0,596,2.0,0,FED
2020-07-23 23:39:21,2,4.07,1,Free_feed,Pellet,Left,0,0,597,8.0,0,FED
2020-07-23 23:39:36,2,4.07,1,Free_feed,Pellet,Left,0,0,598,12.0,0,FED
2020-07-23 23:39:54,2,4.07,1,Free_feed,Pellet,Left,0,0,599,15.0,0,FED
2020-07-23 23:40:09,2,4.07,1,Free_feed,Pellet,Left,0,0,600,12.0,0,FED
2020-07-23 23:40:24,2,4.07,1,Free_feed,Pellet,Left,0,0,601,13.0,0,FED
2020-07-23 23:40:37,2,4.07,1,Free_feed,Pellet,Left,0,0,602,10.0,0,FED
2020-07-23 23:40:55,2,4.07,1,Free_feed,Pellet,Left,0,0,603,15.0,0,FED
2020-07-23 23:41:12,2,4.07,1,Free_feed,Pellet,Left,0,0,604,15.0,0,FED
2020-07-23 23:41:34,2,4.07,1,Free_feed,Pellet,Left,0,0,605,19.0,0,FED
2020-07-23 23:41:49,2,4.07,1,Free_feed,Pellet,Left,0,0,606,13.0,0,FED
2020-07-23 23:42:07,2,4.07,1,Free_feed,Pellet,Left,0,0,607,15.0,0,FED
2020-07-23 23:42:28,2,4.07,1,Free_feed,Pellet,Left,0,0,608,18.0,0,FED
2020-07-23 23:42:40,2,4.07,1,Free_feed,Pellet,Left,0,0,609,9.0,0,FED
2020-07-23 23:43:01,2,4.07,1,Free_feed,Pellet,Left,0,0,610,19.0,0,FED
2020-07-23 23:43:26,2,4.07,1,Free_feed,Pellet,Left,0,0,611,22.0,0,FED
2020-07-23 23:43:41,2,4.07,1,Free_feed,Pellet,Left,0,0,612,12.0,0,FED
2020-07-23 23:44:07,2,4.07,2,Free_feed,Pellet,Left,0,0,613,22.0,0,FED
2020-07-24 02:19:27,2,4.06,1,Free_feed,Pellet,Left,0,0,614,56.0,0,FED
2020-07-24 02:19:32,2,4.06,1,Free_feed,Pellet,Left,0,0,615,2.0,0,FED
2020-07-24 02:19:48,2,4.06,1,Free_feed,Pellet,Left,0,0,616,13.0,0,FED
2020-07-24 02:20:03,2,4.07,1,Free_feed,Pellet,Left,0,0,617,12.0,0,FED
2020-07-24 03:19:52,2,4.06,1,Free_feed,Pellet,Left,0,0,618,0.0,0,FED
2020-07-24 03:19:56,2,4.05,1,Free_feed,Pellet,Left,0,0,619,1.0,0,FED
2020-07-24 03:21:12,2,4.07,1,Free_feed,Pellet,Left,0,0,620,73.0,0,FED
2020-07-24 03:21:15,2,4.07,1,Free_feed,Pellet,Left,0,0,621,0.0,0,FED
2020-07-24 03:21:23,2,4.06,1,Free_feed,Pellet,Left,0,0,622,5.0,0,FED
2020-07-24 03:21:26,2,4.06,1,Free_feed,Pellet,Left,0,0,623,0.0,0,FED
2020-07-24 03:22:23,2,4.07,1,Free_feed,Pellet,Left,0,0,624,54.0,0,FED
2020-07-24 03:22:36,2,4.06,1,Free_feed,Pellet,Left,0,0,625,10.0,0,FED
2020-07-24 03:22:56,2,4.06,1,Free_feed,Pellet,Left,0,0,626,17.0,0,FED
2020-07-24 03:23:16,2,4.06,1,Free_feed,Pellet,Left,0,0,627,17.0,0,FED
2020-07-24 03:24:02,2,4.06,1,Free_feed,Pellet,Left,0,0,628,43.0,0,FED
2020-07-24 03:24:23,2,4.06,1,Free_feed,Pellet,Left,0,0,629,18.0,0,FED
2020-07-24 03:24:41,2,4.05,1,Free_feed,Pellet,Left,0,0,630,15.0,0,FED
2020-07-24 03:25:03,2,4.06,2,Free_feed,Pellet,Left,0,0,631,18.0,0,FED
2020-07-24 03:52:15,2,4.06,1,Free_feed,Pellet,Left,0,0,632,0.0,0,FED
2020-07-24 03:52:19,2,4.06,1,Free_feed,Pellet,Left,0,0,633,2.0,0,FED
2020-07-24 03:52:36,2,4.06,1,Free_feed,Pellet,Left,0,0,634,15.0,0,FED
2020-07-24 03:53:02,2,4.05,1,Free_feed,Pellet,Left,0,0,635,22.0,0,FED
2020-07-24 03:55:52,2,4.05,1,Free_feed,Pellet,Left,0,0,636,0.0,0,FED
2020-07-24 03:56:13,2,4.06,1,Free_feed,Pellet,Left,0,0,637,18.0,0,FED
2020-07-24 03:56:32,2,4.06,1,Free_feed,Pellet,Left,0,0,638,15.0,0,FED
2020-07-24 03:56:52,2,4.05,1,Free_feed,Pellet,Left,0,0,639,18.0,0,FED
2020-07-24 03:56:56,2,4.05,1,Free_feed,Pellet,Left,0,0,640,1.0,0,FED
2020-07-24 03:57:16,2,4.06,1,Free_feed,Pellet,Left,0,0,641,18.0,0,FED
2020-07-24 04:38:17,2,4.06,1,Free_feed,Pellet,Left,0,0,642,0.0,0,FED
2020-07-24 04:38:32,2,4.05,1,Free_feed,Pellet,Left,0,0,643,12.0,0,FED
2020-07-24 04:38:41,2,4.06,1,Free_feed,Pellet,Left,0,0,644,5.0,0,FED
2020-07-24 04:39:02,2,4.06,1,Free_feed,Pellet,Left,0,0,645,19.0,0,FED
2020-07-24 04:39:21,2,4.06,1,Free_feed,Pellet,Left,0,0,646,16.0,0,FED
2020-07-24 04:40:04,2,4.06,1,Free_feed,Pellet,Left,0,0,647,40.0,0,FED
2020-07-24 04:40:26,2,4.07,1,Free_feed,Pellet,Left,0,0,648,20.0,0,FED
2020-07-24 04:40:49,2,4.05,1,Free_feed,Pellet,Left,0,0,649,19.0,0,FED
2020-07-24 04:41:16,2,4.06,1,Free_feed,Pellet,Left,0,0,650,25.0,0,FED
2020-07-24 04:41:42,2,4.06,1,Free_feed,Pellet,Left,0,0,651,23.0,0,FED
2020-07-24 04:42:02,2,4.06,1,Free_feed,Pellet,Left,0,0,652,17.0,0,FED
2020-07-24 04:42:29,2,4.05,1,Free_feed,Pellet,Left,0,0,653,24.0,0,FED
2020-07-24 04:42:34,2,4.06,1,Free_feed,Pellet,Left,0,0,654,3.0,0,FED
2020-07-24 04:42:51,2,4.06,1,Free_feed,Pellet,Left,0,0,655,14.0,0,FED
2020-07-24 04:43:23,2,4.05,1,Free_feed,Pellet,Left,0,0,656,28.0,0,FED
2020-07-24 04:43:42,2,4.06,1,Free_feed,Pellet,Left,0,0,657,17.0,0,FED
2020-07-24 04:44:16,2,4.06,1,Free_feed,Pellet,Left,0,0,658,30.0,0,FED
2020-07-24 04:44:34,2,4.05,1,Free_feed,Pellet,Left,0,0,659,16.0,0,FED
2020-07-24 05:49:45,2,4.06,1,Free_feed,Pellet,Left,0,0,660,0.0,0,FED
2020-07-24 05:50:06,2,4.06,1,Free_feed,Pellet,Left,0,0,661,18.0,0,FED
2020-07-24 05:50:37,2,4.05,1,Free_feed,Pellet,Left,0,0,662,29.0,0,FED
2020-07-24 05:50:57,2,4.05,1,Free_feed,Pellet,Left,0,0,663,17.0,0,FED
2020-07-24 06:21:26,2,4.05,1,Free_feed,Pellet,Left,0,0,664,0.0,0,FED
2020-07-24 06:25:27,2,4.06,1,Free_feed,Pellet,Left,0,0,665,0.0,0,FED
2020-07-24 06:25:31,2,4.06,1,Free_feed,Pellet,Left,0,0,666,2.0,0,FED
2020-07-24 06:25:35,2,4.06,1,Free_feed,Pellet,Left,0,0,667,1.0,0,FED
2020-07-24 06:26:46,2,4.06,1,Free_feed,Pellet,Left,0,0,668,68.0,0,FED
2020-07-24 06:27:07,2,4.05,1,Free_feed,Pellet,Left,0,0,669,18.0,0,FED
2020-07-24 06:27:28,2,4.06,1,Free_feed,Pellet,Left,0,0,670,19.0,0,FED
2020-07-24 06:27:46,2,4.05,1,Free_feed,Pellet,Left,0,0,671,16.0,0,FED
2020-07-24 06:28:13,2,4.05,1,Free_feed,Pellet,Left,0,0,672,25.0,0,FED
2020-07-24 07:20:49,2,4.05,1,Free_feed,Pellet,Left,0,0,673,0.0,0,FED
2020-07-24 07:20:54,2,4.05,1,Free_feed,Pellet,Left,0,0,674,1.0,0,FED
2020-07-24 07:21:15,2,4.05,1,Free_feed,Pellet,Left,0,0,675,19.0,0,FED
2020-07-24 07:21:32,2,4.05,1,Free_feed,Pellet,Left,0,0,676,14.0,0,FED
2020-07-24 07:21:54,2,4.05,1,Free_feed,Pellet,Left,0,0,677,20.0,0,FED
2020-07-24 07:22:17,2,4.05,1,Free_feed,Pellet,Left,0,0,678,20.0,0,FED
2020-07-24 07:22:41,2,4.05,1,Free_feed,Pellet,Left,0,0,679,21.0,0,FED
2020-07-24 07:23:05,2,4.05,1,Free_feed,Pellet,Left,0,0,680,20.0,0,FED
2020-07-24 09:39:22,2,4.05,1,Free_feed,Pellet,Left,0,0,681,0.0,0,FED
2020-07-24 09:40:02,2,4.05,1,Free_feed,Pellet,Left,0,0,682,37.0,0,FED
2020-07-24 09:49:24,2,4.05,1,Free_feed,Pellet,Left,0,0,683,2.0,0,FED
2020-07-24 09:55:11,2,4.05,1,Free_feed,Pellet,Left,0,0,684,0.0,0,FED
2020-07-24 10:27:01,2,4.05,1,Free_feed,Pellet,Left,0,0,685,0.0,0,FED
2020-07-24 10:27:09,2,4.05,1,Free_feed,Pellet,Left,0,0,686,5.0,0,FED
2020-07-24 10:27:12,2,4.05,1,Free_feed,Pellet,Left,0,0,687,0.0,0,FED
2020-07-24 10:27:30,2,4.05,1,Free_feed,Pellet,Left,0,0,688,15.0,0,FED
2020-07-24 10:27:47,2,4.05,1,Free_feed,Pellet,Left,0,0,689,14.0,0,FED
2020-07-24 10:28:08,2,4.05,1,Free_feed,Pellet,Left,0,0,690,19.0,0,FED
2020-07-24 10:28:24,2,4.05,1,Free_feed,Pellet,Left,0,0,691,13.0,0,FED
2020-07-24 10:28:46,2,4.05,1,Free_feed,Pellet,Left,0,0,692,19.0,0,FED
2020-07-24 10:29:01,2,4.05,1,Free_feed,Pellet,Left,0,0,693,12.0,0,FED
2020-07-24 10:29:20,2,4.05,1,Free_feed,Pellet,Left,0,0,694,15.0,0,FED
2020-07-24 10:29:38,2,4.05,1,Free_feed,Pellet,Left,0,0,695,16.0,0,FED
2020-07-24 11:21:00,2,4.05,1,Free_feed,Pellet,Left,0,0,696,0.0,0,FED
2020-07-24 11:21:16,2,4.05,1,Free_feed,Pellet,Left,0,0,697,10.0,0,FED
2020-07-24 11:21:19,2,4.05,1,Free_feed,Pellet,Left,0,0,698,0.0,0,FED
2020-07-24 11:21:38,2,4.05,1,Free_feed,Pellet,Left,0,0,699,16.0,0,FED
2020-07-24 11:21:53,2,4.05,1,Free_feed,Pellet,Left,0,0,700,12.0,0,FED
2020-07-24 11:22:14,2,4.05,1,Free_feed,Pellet,Left,0,0,701,18.0,0,FED
2020-07-24 11:22:18,2,4.05,1,Free_feed,Pellet,Left,0,0,702,1.0,0,FED
2020-07-24 11:22:47,2,4.04,1,Free_feed,Pellet,Left,0,0,703,26.0,0,FED
2020-07-24 11:22:51,2,4.05,1,Free_feed,Pellet,Left,0,0,704,1.0,0,FED
2020-07-24 11:22:55,2,4.05,1,Free_feed,Pellet,Left,0,0,705,1.0,0,FED
2020-07-24 11:23:12,2,4.05,1,Free_feed,Pellet,Left,0,0,706,15.0,0,FED
2020-07-24 11:23:33,2,4.05,1,Free_feed,Pellet,Left,0,0,707,18.0,0,FED
2020-07-24 11:23:55,2,4.04,1,Free_feed,Pellet,Left,0,0,708,19.0,0,FED
2020-07-24 11:24:17,2,4.05,1,Free_feed,Pellet,Left,0,0,709,19.0,0,FED
2020-07-24 11:24:38,2,4.05,1,Free_feed,Pellet,Left,0,0,710,18.0,0,FED
2020-07-24 11:55:34,2,4.05,1,Free_feed,Pellet,Left,0,0,711,0.0,0,FED
2020-07-24 11:57:40,2,4.05,1,Free_feed,Pellet,Left,0,0,712,0.0,0,FED
2020-07-24 11:57:44,2,4.05,1,Free_feed,Pellet,Left,0,0,713,1.0,0,FED
2020-07-24 11:58:08,2,4.05,1,Free_feed,Pellet,Left,0,0,714,21.0,0,FED
2020-07-24 11:58:30,2,4.04,2,Free_feed,Pellet,Left,0,0,715,18.0,0,FED
2020-07-24 11:58:47,2,4.05,1,Free_feed,Pellet,Left,0,0,716,14.0,0,FED
2020-07-24 11:58:54,2,4.04,1,Free_feed,Pellet,Left,0,0,717,4.0,0,FED
2020-07-24 11:58:58,2,4.05,1,Free_feed,Pellet,Left,0,0,718,1.0,0,FED
2020-07-24 11:59:14,2,4.04,1,Free_feed,Pellet,Left,0,0,719,13.0,0,FED
2020-07-24 11:59:36,2,4.04,1,Free_feed,Pellet,Left,0,0,720,19.0,0,FED
2020-07-24 11:59:54,2,4.05,1,Free_feed,Pellet,Left,0,0,721,16.0,0,FED
2020-07-24 13:10:19,2,4.05,1,Free_feed,Pellet,Left,0,0,722,0.0,0,FED
2020-07-24 13:10:24,2,4.04,1,Free_feed,Pellet,Left,0,0,723,2.0,0,FED
2020-07-24 13:10:41,2,4.05,1,Free_feed,Pellet,Left,0,0,724,14.0,0,FED
2020-07-24 13:11:00,2,4.05,1,Free_feed,Pellet,Left,0,0,725,16.0,0,FED
2020-07-24 13:58:31,2,4.04,1,Free_feed,Pellet,Left,0,0,726,0.0,0,FED
2020-07-24 13:58:50,2,4.04,1,Free_feed,Pellet,Left,0,0,727,16.0,0,FED
2020-07-24 13:58:58,2,4.05,1,Free_feed,Pellet,Left,0,0,728,5.0,0,FED
2020-07-24 13:59:13,2,4.04,1,Free_feed,Pellet,Left,0,0,729,12.0,0,FED
2020-07-24 13:59:30,2,4.04,1,Free_feed,Pellet,Left,0,0,730,14.0,0,FED
2020-07-24 14:00:34,2,4.05,1,Free_feed,Pellet,Left,0,0,731,61.0,0,FED
2020-07-24 14:00:39,2,4.05,1,Free_feed,Pellet,Left,0,0,732,2.0,0,FED
2020-07-24 14:00:58,2,4.04,1,Free_feed,Pellet,Left,0,0,733,16.0,0,FED
2020-07-24 14:01:02,2,4.05,1,Free_feed,Pellet,Left,0,0,734,1.0,0,FED
2020-07-24 14:01:21,2,4.04,1,Free_feed,Pellet,Left,0,0,735,15.0,0,FED
2020-07-24 14:01:25,2,4.04,1,Free_feed,Pellet,Left,0,0,736,1.0,0,FED
2020-07-24 14:01:28,2,4.04,1,Free_feed,Pellet,Left,0,0,737,1.0,0,FED
2020-07-24 14:01:43,2,4.05,1,Free_feed,Pellet,Left,0,0,738,11.0,0,FED
2020-07-24 15:19:41,2,4.04,2,Free_feed,Pellet,Left,0,0,739,0.0,0,FED
2020-07-24 15:19:45,2,4.04,1,Free_feed,Pellet,Left,0,0,740,1.0,0,FED
2020-07-24 15:20:01,2,4.04,1,Free_feed,Pellet,Left,0,0,741,14.0,0,FED
2020-07-24 15:20:22,2,4.04,1,Free_feed,Pellet,Left,0,0,742,19.0,0,FED
2020-07-24 15:20:37,2,4.03,1,Free_feed,Pellet,Left,0,0,743,13.0,0,FED
2020-07-24 15:20:56,2,4.03,1,Free_feed,Pellet,Left,0,0,744,16.0,0,FED
2020-07-24 15:21:19,2,4.04,1,Free_feed,Pellet,Left,0,0,745,20.0,0,FED
2020-07-24 15:21:43,2,4.03,1,Free_feed,Pellet,Left,0,0,746,21.0,0,FED
2020-07-24 15:22:07,2,4.04,1,Free_feed,Pellet,Left,0,0,747,21.0,0,FED
2020-07-24 15:22:35,2,4.05,1,Free_feed,Pellet,Left,0,0,748,25.0,0,FED
2020-07-24 15:22:53,2,4.05,1,Free_feed,Pellet,Left,0,0,749,15.0,0,FED
2020-07-24 15:23:24,2,4.05,1,Free_feed,Pellet,Left,0,0,750,28.0,0,FED
2020-07-24 15:23:39,2,4.04,1,Free_feed,Pellet,Left,0,0,751,12.0,0,FED
2020-07-24 16:26:10,2,4.04,1,Free_feed,Pellet,Left,0,0,752,0.0,0,FED
2020-07-24 16:28:24,2,4.03,1,Free_feed,Pellet,Left,0,0,753,0.0,0,FED
2020-07-24 16:28:39,2,4.03,2,Free_feed,Pellet,Left,0,0,754,10.0,0,FED
2020-07-24 16:29:02,2,4.03,1,Free_feed,Pellet,Left,0,0,755,20.0,0,FED
2020-07-24 16:29:05,2,4.03,1,Free_feed,Pellet,Left,0,0,756,1.0,0,FED
2020-07-24 16:29:15,2,4.04,1,Free_feed,Pellet,Left,0,0,757,7.0,0,FED
2020-07-24 16:29:33,2,4.04,1,Free_feed,Pellet,Left,0,0,758,14.0,0,FED
2020-07-24 16:29:56,2,4.03,1,Free_feed,Pellet,Left,0,0,759,21.0,0,FED
2020-07-24 16:30:14,2,4.03,1,Free_feed,Pellet,Left,0,0,760,15.0,0,FED
2020-07-24 16:30:35,2,4.03,1,Free_feed,Pellet,Left,0,0,761,18.0,0,FED
2020-07-24 16:30:57,2,4.03,1,Free_feed,Pellet,Left,0,0,762,19.0,0,FED
2020-07-24 16:31:13,2,4.03,1,Free_feed,Pellet,Left,0,0,763,13.0,0,FED
2020-07-24 17:22:41,2,4.03,1,Free_feed,Pellet,Left,0,0,764,0.0,0,FED
2020-07-24 17:22:57,2,4.03,1,Free_feed,Pellet,Left,0,0,765,14.0,0,FED
2020-07-24 17:23:20,2,4.03,1,Free_feed,Pellet,Left,0,0,766,20.0,0,FED
2020-07-24 17:23:48,2,4.03,1,Free_feed,Pellet,Left,0,0,767,25.0,0,FED
2020-07-24 17:24:10,2,4.03,1,Free_feed,Pellet,Left,0,0,768,19.0,0,FED
2020-07-24 17:24:14,2,4.03,1,Free_feed,Pellet,Left,0,0,769,0.0,0,FED
2020-07-24 17:24:33,2,4.03,1,Free_feed,Pellet,Left,0,0,770,17.0,0,FED
2020-07-24 17:24:37,2,4.03,1,Free_feed,Pellet,Left,0,0,771,1.0,0,FED
2020-07-24 17:24:44,2,4.03,1,Free_feed,Pellet,Left,0,0,772,4.0,0,FED
2020-07-24 17:24:48,2,4.03,1,Free_feed,Pellet,Left,0,0,773,1.0,0,FED
2020-07-24 17:25:01,2,4.03,1,Free_feed,Pellet,Left,0,0,774,10.0,0,FED
2020-07-24 17:25:27,2,4.03,1,Free_feed,Pellet,Left,0,0,775,23.0,0,FED
2020-07-24 17:25:47,2,4.03,1,Free_feed,Pellet,Left,0,0,776,17.0,0,FED
2020-07-24 17:26:21,2,4.03,1,Free_feed,Pellet,Left,0,0,777,30.0,0,FED
2020-07-24 17:26:42,2,4.04,1,Free_feed,Pellet,Left,0,0,778,19.0,0,FED
2020-07-24 17:27:05,2,4.03,1,Free_feed,Pellet,Left,0,0,779,21.0,0,FED
2020-07-24 17:27:40,2,4.03,1,Free_feed,Pellet,Left,0,0,780,33.0,0,FED
2020-07-24 17:27:54,2,4.04,1,Free_feed,Pellet,Left,0,0,781,11.0,0,FED
2020-07-24 18:50:05,2,4.03,1,Free_feed,Pellet,Left,0,0,782,0.0,0,FED
2020-07-24 19:29:41,2,4.03,1,Free_feed,Pellet,Left,0,0,783,1.0,0,FED
2020-07-24 19:29:56,2,4.03,1,Free_feed,Pellet,Left,0,0,784,12.0,0,FED
2020-07-24 19:30:11,2,4.03,2,Free_feed,Pellet,Left,0,0,785,11.0,0,FED
2020-07-24 19:30:29,2,4.03,1,Free_feed,Pellet,Left,0,0,786,16.0,0,FED
2020-07-24 19:30:42,2,4.03,2,Free_feed,Pellet,Left,0,0,787,8.0,0,FED
2020-07-24 19:31:03,2,4.03,1,Free_feed,Pellet,Left,0,0,788,18.0,0,FED
2020-07-24 19:31:18,2,4.03,1,Free_feed,Pellet,Left,0,0,789,13.0,0,FED
2020-07-24 19:31:35,2,4.03,1,Free_feed,Pellet,Left,0,0,790,15.0,0,FED
2020-07-24 20:13:56,2,4.03,1,Free_feed,Pellet,Left,0,0,791,0.0,0,FED
2020-07-24 20:14:00,2,4.03,1,Free_feed,Pellet,Left,0,0,792,1.0,0,FED
2020-07-24 20:14:15,2,4.03,1,Free_feed,Pellet,Left,0,0,793,12.0,0,FED
2020-07-24 20:14:39,2,4.03,1,Free_feed,Pellet,Left,0,0,794,20.0,0,FED
2020-07-24 20:14:42,2,4.03,1,Free_feed,Pellet,Left,0,0,795,1.0,0,FED
2020-07-24 20:14:50,2,4.03,3,Free_feed,Pellet,Left,0,0,796,1.0,0,FED
2020-07-24 20:15:12,2,4.03,1,Free_feed,Pellet,Left,0,0,797,19.0,0,FED
2020-07-24 20:15:43,2,4.03,1,Free_feed,Pellet,Left,0,0,798,27.0,0,FED
2020-07-24 20:15:46,2,4.03,1,Free_feed,Pellet,Left,0,0,799,1.0,0,FED
2020-07-24 20:15:58,2,4.03,1,Free_feed,Pellet,Left,0,0,800,9.0,0,FED
2020-07-24 20:16:18,2,4.03,1,Free_feed,Pellet,Left,0,0,801,17.0,0,FED
2020-07-24 20:16:39,2,4.03,1,Free_feed,Pellet,Left,0,0,802,18.0,0,FED
2020-07-24 20:17:04,2,4.03,1,Free_feed,Pellet,Left,0,0,803,22.0,0,FED
2020-07-24 20:17:10,2,4.03,2,Free_feed,Pellet,Left,0,0,804,1.0,0,FED
2020-07-24 20:17:14,2,4.03,1,Free_feed,Pellet,Left,0,0,805,0.0,0,FED
2020-07-24 21:14:36,2,4.03,1,Free_feed,Pellet,Left,0,0,806,0.0,0,FED
2020-07-24 21:14:39,2,4.03,1,Free_feed,Pellet,Left,0,0,807,1.0,0,FED
2020-07-24 21:15:08,2,4.03,1,Free_feed,Pellet,Left,0,0,808,26.0,0,FED
2020-07-24 21:15:12,2,4.03,1,Free_feed,Pellet,Left,0,0,809,1.0,0,FED
2020-07-24 21:15:25,2,4.02,1,Free_feed,Pellet,Left,0,0,810,10.0,0,FED
2020-07-24 21:15:37,2,4.02,1,Free_feed,Pellet,Left,0,0,811,10.0,0,FED
2020-07-24 21:15:53,2,4.02,1,Free_feed,Pellet,Left,0,0,812,14.0,0,FED
2020-07-24 22:07:21,2,4.03,1,Free_feed,Pellet,Left,0,0,813,0.0,0,FED
2020-07-24 22:07:38,2,4.02,1,Free_feed,Pellet,Left,0,0,814,2.0,0,FED
2020-07-24 22:07:50,2,4.02,1,Free_feed,Pellet,Left,0,0,815,9.0,0,FED
2020-07-24 22:08:09,2,4.02,2,Free_feed,Pellet,Left,0,0,816,15.0,0,FED
2020-07-24 22:08:25,2,4.02,1,Free_feed,Pellet,Left,0,0,817,14.0,0,FED
2020-07-24 22:08:43,2,4.02,1,Free_feed,Pellet,Left,0,0,818,15.0,0,FED
2020-07-24 22:09:13,2,4.02,2,Free_feed,Pellet,Left,0,0,819,25.0,0,FED
2020-07-24 22:09:17,2,4.02,1,Free_feed,Pellet,Left,0,0,820,0.0,0,FED
2020-07-24 22:09:31,2,4.02,1,Free_feed,Pellet,Left,0,0,821,12.0,0,FED
2020-07-24 22:09:50,2,4.03,1,Free_feed,Pellet,Left,0,0,822,16.0,0,FED
2020-07-24 22:10:15,2,4.03,1,Free_feed,Pellet,Left,0,0,823,22.0,0,FED
2020-07-24 22:10:18,2,4.03,1,Free_feed,Pellet,Left,0,0,824,0.0,0,FED
2020-07-24 22:10:34,2,4.02,1,Free_feed,Pellet,Left,0,0,825,13.0,0,FED
2020-07-24 22:10:56,2,4.02,1,Free_feed,Pellet,Left,0,0,826,19.0,0,FED
2020-07-24 22:11:17,2,4.02,1,Free_feed,Pellet,Left,0,0,827,18.0,0,FED
2020-07-24 22:11:21,2,4.03,1,Free_feed,Pellet,Left,0,0,828,1.0,0,FED
2020-07-24 22:48:12,2,4.03,1,Free_feed,Pellet,Left,0,0,829,0.0,0,FED
2020-07-24 22:54:59,2,4.02,7,Free_feed,Pellet,Left,0,0,830,4.0,0,FED
2020-07-24 22:55:04,2,4.02,1,Free_feed,Pellet,Left,0,0,831,2.0,0,FED
2020-07-24 22:55:59,2,4.02,2,Free_feed,Pellet,Left,0,0,832,50.0,0,FED
2020-07-24 22:56:03,2,4.02,1,Free_feed,Pellet,Left,0,0,833,1.0,0,FED
2020-07-24 22:56:18,2,4.02,1,Free_feed,Pellet,Left,0,0,834,12.0,0,FED
2020-07-24 22:56:54,2,4.03,1,Free_feed,Pellet,Left,0,0,835,34.0,0,FED
2020-07-24 22:56:58,2,4.03,1,Free_feed,Pellet,Left,0,0,836,1.0,0,FED
2020-07-24 23:15:44,2,4.02,1,Free_feed,Pellet,Left,0,0,837,0.0,0,FED
2020-07-24 23:15:47,2,4.02,1,Free_feed,Pellet,Left,0,0,838,1.0,0,FED
2020-07-24 23:16:07,2,4.02,1,Free_feed,Pellet,Left,0,0,839,17.0,0,FED
2020-07-24 23:16:15,2,4.02,1,Free_feed,Pellet,Left,0,0,840,5.0,0,FED
2020-07-24 23:16:19,2,4.02,1,Free_feed,Pellet,Left,0,0,841,1.0,0,FED
2020-07-24 23:16:39,2,4.02,1,Free_feed,Pellet,Left,0,0,842,17.0,0,FED
2020-07-24 23:16:43,2,4.02,1,Free_feed,Pellet,Left,0,0,843,1.0,0,FED
2020-07-24 23:16:59,2,4.02,1,Free_feed,Pellet,Left,0,0,844,13.0,0,FED
2020-07-24 23:17:19,2,4.02,1,Free_feed,Pellet,Left,0,0,845,16.0,0,FED
2020-07-24 23:17:41,2,4.02,1,Free_feed,Pellet,Left,0,0,846,20.0,0,FED
2020-07-24 23:18:00,2,4.02,2,Free_feed,Pellet,Left,0,0,847,13.0,0,FED
2020-07-24 23:18:06,2,4.02,1,Free_feed,Pellet,Left,0,0,848,4.0,0,FED
2020-07-24 23:18:27,2,4.02,1,Free_feed,Pellet,Left,0,0,849,19.0,0,FED
2020-07-25 02:04:40,2,4.02,1,Free_feed,Pellet,Left,0,0,850,40.0,0,FED
2020-07-25 02:05:07,2,4.02,1,Free_feed,Pellet,Left,0,0,851,1.0,0,FED
2020-07-25 02:05:23,2,4.02,1,Free_feed,Pellet,Left,0,0,852,13.0,0,FED
2020-07-25 02:05:43,2,4.02,1,Free_feed,Pellet,Left,0,0,853,17.0,0,FED
2020-07-25 02:06:11,2,4.01,1,Free_feed,Pellet,Left,0,0,854,25.0,0,FED
2020-07-25 02:06:31,2,4.02,1,Free_feed,Pellet,Left,0,0,855,1.0,0,FED
2020-07-25 02:06:50,2,4.01,1,Free_feed,Pellet,Left,0,0,856,16.0,0,FED
2020-07-25 02:07:10,2,4.02,1,Free_feed,Pellet,Left,0,0,857,17.0,0,FED
2020-07-25 02:07:33,2,4.02,2,Free_feed,Pellet,Left,0,0,858,19.0,0,FED
2020-07-25 02:07:37,2,4.02,1,Free_feed,Pellet,Left,0,0,859,2.0,0,FED
2020-07-25 02:07:54,2,4.02,1,Free_feed,Pellet,Left,0,0,860,14.0,0,FED
2020-07-25 02:08:17,2,4.02,1,Free_feed,Pellet,Left,0,0,861,20.0,0,FED
2020-07-25 02:08:37,2,4.02,2,Free_feed,Pellet,Left,0,0,862,16.0,0,FED
2020-07-25 02:09:01,2,4.02,1,Free_feed,Pellet,Left,0,0,863,21.0,0,FED
2020-07-25 02:09:25,2,4.02,1,Free_feed,Pellet,Left,0,0,864,21.0,0,FED
2020-07-25 02:09:49,2,4.01,1,Free_feed,Pellet,Left,0,0,865,21.0,0,FED
2020-07-25 02:10:14,2,4.02,1,Free_feed,Pellet,Left,0,0,866,22.0,0,FED
2020-07-25 02:10:57,2,4.02,1,Free_feed,Pellet,Left,0,0,867,40.0,0,FED
2020-07-25 06:33:00,2,4.0,1,Free_feed,Pellet,Left,0,0,868,0.0,0,FED
2020-07-25 06:33:05,2,4.0,2,Free_feed,Pellet,Left,0,0,869,1.0,0,FED
2020-07-25 06:33:18,2,4.0,1,Free_feed,Pellet,Left,0,0,870,10.0,0,FED
2020-07-25 06:33:47,2,4.0,1,Free_feed,Pellet,Left,0,0,871,26.0,0,FED
2020-07-25 06:33:53,2,4.0,1,Free_feed,Pellet,Left,0,0,872,3.0,0,FED
2020-07-25 06:34:19,2,4.01,1,Free_feed,Pellet,Left,0,0,873,23.0,0,FED
2020-07-25 06:34:35,2,4.0,1,Free_feed,Pellet,Left,0,0,874,14.0,0,FED
2020-07-25 06:34:50,2,4.0,1,Free_feed,Pellet,Left,0,0,875,12.0,0,FED
2020-07-25 06:35:08,2,4.0,1,Free_feed,Pellet,Left,0,0,876,15.0,0,FED
2020-07-25 06:35:26,2,4.0,1,Free_feed,Pellet,Left,0,0,877,15.0,0,FED
2020-07-25 06:35:44,2,4.0,1,Free_feed,Pellet,Left,0,0,878,15.0,0,FED
2020-07-25 07:47:03,2,4.0,1,Free_feed,Pellet,Left,0,0,879,0.0,0,FED
2020-07-25 07:47:09,2,4.0,1,Free_feed,Pellet,Left,0,0,880,4.0,0,FED
2020-07-25 07:47:28,2,4.0,2,Free_feed,Pellet,Left,0,0,881,14.0,0,FED
2020-07-25 07:47:56,2,4.0,1,Free_feed,Pellet,Left,0,0,882,25.0,0,FED
2020-07-25 07:48:00,2,4.0,1,Free_feed,Pellet,Left,0,0,883,1.0,0,FED
2020-07-25 07:48:03,2,4.0,1,Free_feed,Pellet,Left,0,0,884,0.0,0,FED
2020-07-25 07:48:17,2,4.0,1,Free_feed,Pellet,Left,0,0,885,11.0,0,FED
2020-07-25 07:48:53,2,4.0,1,Free_feed,Pellet,Left,0,0,886,33.0,0,FED
2020-07-25 07:48:57,2,4.0,1,Free_feed,Pellet,Left,0,0,887,1.0,0,FED
2020-07-25 07:49:02,2,4.0,1,Free_feed,Pellet,Left,0,0,888,2.0,0,FED
2020-07-25 07:49:26,2,4.0,1,Free_feed,Pellet,Left,0,0,889,22.0,0,FED
2020-07-25 07:49:32,2,4.0,1,Free_feed,Pellet,Left,0,0,890,1.0,0,FED
2020-07-25 07:49:45,2,4.0,1,Free_feed,Pellet,Left,0,0,891,10.0,0,FED
2020-07-25 07:51:27,2,4.0,1,Free_feed,Pellet,Left,0,0,892,100.0,0,FED
2020-07-25 07:51:30,2,4.0,1,Free_feed,Pellet,Left,0,0,893,0.0,0,FED
2020-07-25 07:51:47,2,4.0,1,Free_feed,Pellet,Left,0,0,894,13.0,0,FED
2020-07-25 07:52:06,2,4.0,1,Free_feed,Pellet,Left,0,0,895,17.0,0,FED
2020-07-25 07:52:23,2,4.0,1,Free_feed,Pellet,Left,0,0,896,14.0,0,FED
2020-07-25 07:52:44,2,4.0,1,Free_feed,Pellet,Left,0,0,897,19.0,0,FED
2020-07-25 07:53:11,2,4.0,1,Free_feed,Pellet,Left,0,0,898,25.0,0,FED
2020-07-25 07:53:15,2,4.0,1,Free_feed,Pellet,Left,0,0,899,1.0,0,FED
2020-07-25 07:53:29,2,4.0,1,Free_feed,Pellet,Left,0,0,900,11.0,0,FED
2020-07-25 07:53:46,2,4.0,1,Free_feed,Pellet,Left,0,0,901,15.0,0,FED
2020-07-25 07:54:06,2,4.0,1,Free_feed,Pellet,Left,0,0,902,17.0,0,FED
2020-07-25 07:54:31,2,4.0,1,Free_feed,Pellet,Left,0,0,903,22.0,0,FED
2020-07-25 13:09:31,2,4.0,1,Free_feed,Pellet,Left,0,0,904,0.0,0,FED
2020-07-25 13:09:35,2,3.99,1,Free_feed,Pellet,Left,0,0,905,1.0,0,FED
2020-07-25 13:39:20,2,3.99,1,Free_feed,Pellet,Left,0,0,906,0.0,0,FED
2020-07-25 13:39:24,2,3.99,1,Free_feed,Pellet,Left,0,0,907,1.0,0,FED
2020-07-25 13:39:37,2,3.98,1,Free_feed,Pellet,Left,0,0,908,10.0,0,FED
2020-07-25 13:39:51,2,3.98,2,Free_feed,Pellet,Left,0,0,909,9.0,0,FED
2020-07-25 13:40:07,2,3.98,1,Free_feed,Pellet,Left,0,0,910,13.0,0,FED
2020-07-25 13:41:04,2,3.98,1,Free_feed,Pellet,Left,0,0,911,53.0,0,FED
2020-07-25 13:41:07,2,3.98,1,Free_feed,Pellet,Left,0,0,912,1.0,0,FED
2020-07-25 13:41:20,2,3.99,1,Free_feed,Pellet,Left,0,0,913,10.0,0,FED
2020-07-25 13:41:37,2,3.99,1,Free_feed,Pellet,Left,0,0,914,15.0,0,FED
2020-07-25 14:27:13,2,3.98,1,Free_feed,Pellet,Left,0,0,915,0.0,0,FED
2020-07-25 14:27:17,2,3.98,1,Free_feed,Pellet,Left,0,0,916,1.0,0,FED
2020-07-25 14:27:39,2,3.98,1,Free_feed,Pellet,Left,0,0,917,19.0,0,FED
2020-07-25 14:27:42,2,3.98,1,Free_feed,Pellet,Left,0,0,918,1.0,0,FED
2020-07-25 14:28:02,2,3.98,1,Free_feed,Pellet,Left,0,0,919,17.0,0,FED
2020-07-25 14:28:19,2,3.98,1,Free_feed,Pellet,Left,0,0,920,15.0,0,FED
2020-07-25 14:28:46,2,3.98,1,Free_feed,Pellet,Left,0,0,921,24.0,0,FED
2020-07-25 14:29:01,2,3.98,1,Free_feed,Pellet,Left,0,0,922,11.0,0,FED
2020-07-25 14:29:22,2,3.98,1,Free_feed,Pellet,Left,0,0,923,19.0,0,FED
2020-07-25 14:29:45,2,3.98,1,Free_feed,Pellet,Left,0,0,924,20.0,0,FED
2020-07-25 14:30:05,2,3.98,1,Free_feed,Pellet,Left,0,0,925,17.0,0,FED
2020-07-25 14:30:24,2,3.98,1,Free_feed,Pellet,Left,0,0,926,17.0,0,FED
2020-07-25 14:30:46,2,3.98,1,Free_feed,Pellet,Left,0,0,927,19.0,0,FED
2020-07-25 14:31:08,2,3.98,1,Free_feed,Pellet,Left,0,0,928,19.0,0,FED
2020-07-25 15:21:07,2,3.98,1,Free_feed,Pellet,Left,0,0,929,0.0,0,FED
2020-07-25 15:21:11,2,3.98,1,Free_feed,Pellet,Left,0,0,930,2.0,0,FED
2020-07-25 15:21:33,2,3.98,1,Free_feed,Pellet,Left,0,0,931,19.0,0,FED
2020-07-25 15:21:50,2,3.98,2,Free_feed,Pellet,Left,0,0,932,12.0,0,FED
2020-07-25 15:22:12,2,3.98,1,Free_feed,Pellet,Left,0,0,933,19.0,0,FED
2020-07-25 15:22:41,2,3.98,1,Free_feed,Pellet,Left,0,0,934,26.0,0,FED
2020-07-25 15:22:45,2,3.98,1,Free_feed,Pellet,Left,0,0,935,0.0,0,FED
2020-07-25 15:22:48,2,3.98,1,Free_feed,Pellet,Left,0,0,936,1.0,0,FED
2020-07-25 15:23:05,2,3.98,1,Free_feed,Pellet,Left,0,0,937,14.0,0,FED
2020-07-25 15:23:22,2,3.98,1,Free_feed,Pellet,Left,0,0,938,15.0,0,FED
2020-07-25 15:23:48,2,3.98,1,Free_feed,Pellet,Left,0,0,939,23.0,0,FED
2020-07-25 15:24:07,2,3.98,1,Free_feed,Pellet,Left,0,0,940,16.0,0,FED
2020-07-25 16:07:50,2,3.98,1,Free_feed,Pellet,Left,0,0,941,0.0,0,FED
2020-07-25 16:22:43,2,3.98,1,Free_feed,Pellet,Left,0,0,942,1.0,0,FED
2020-07-25 16:22:47,2,3.97,1,Free_feed,Pellet,Left,0,0,943,1.0,0,FED
2020-07-25 16:23:06,2,3.98,1,Free_feed,Pellet,Left,0,0,944,16.0,0,FED
2020-07-25 16:23:25,2,3.98,2,Free_feed,Pellet,Left,0,0,945,15.0,0,FED
2020-07-25 16:23:49,2,3.98,1,Free_feed,Pellet,Left,0,0,946,21.0,0,FED
2020-07-25 16:23:54,2,3.98,1,Free_feed,Pellet,Left,0,0,947,2.0,0,FED
2020-07-25 16:24:16,2,3.98,1,Free_feed,Pellet,Left,0,0,948,18.0,0,FED
2020-07-25 16:24:40,2,3.98,1,Free_feed,Pellet,Left,0,0,949,22.0,0,FED
2020-07-25 16:25:04,2,3.98,1,Free_feed,Pellet,Left,0,0,950,21.0,0,FED
2020-07-25 17:31:08,2,3.98,1,Free_feed,Pellet,Left,0,0,951,0.0,0,FED
2020-07-25 17:31:12,2,3.98,1,Free_feed,Pellet,Left,0,0,952,1.0,0,FED
2020-07-25 17:31:31,2,3.98,1,Free_feed,Pellet,Left,0,0,953,17.0,0,FED
2020-07-25 17:31:49,2,3.97,1,Free_feed,Pellet,Left,0,0,954,15.0,0,FED
2020-07-25 17:32:01,2,3.97,1,Free_feed,Pellet,Left,0,0,955,9.0,0,FED
2020-07-25 17:32:23,2,3.98,1,Free_feed,Pellet,Left,0,0,956,19.0,0,FED
2020-07-25 17:32:45,2,3.98,1,Free_feed,Pellet,Left,0,0,957,18.0,0,FED
2020-07-25 17:33:07,2,3.98,1,Free_feed,Pellet,Left,0,0,958,20.0,0,FED
2020-07-25 17:33:31,2,3.98,1,Free_feed,Pellet,Left,0,0,959,21.0,0,FED
2020-07-25 17:34:01,2,3.97,1,Free_feed,Pellet,Left,0,0,960,27.0,0,FED
2020-07-25 17:34:33,2,3.98,2,Free_feed,Pellet,Left,0,0,961,28.0,0,FED
2020-07-25 17:34:50,2,3.98,1,Free_feed,Pellet,Left,0,0,962,15.0,0,FED
2020-07-25 18:20:07,2,3.97,1,Free_feed,Pellet,Left,0,0,963,8.0,0,FED
2020-07-25 18:20:32,2,3.97,1,Free_feed,Pellet,Left,0,0,964,22.0,0,FED
2020-07-25 18:20:36,2,3.98,1,Free_feed,Pellet,Left,0,0,965,1.0,0,FED
2020-07-25 18:20:48,2,3.97,1,Free_feed,Pellet,Left,0,0,966,9.0,0,FED
2020-07-25 18:21:03,2,3.97,1,Free_feed,Pellet,Left,0,0,967,12.0,0,FED
2020-07-25 18:21:28,2,3.98,1,Free_feed,Pellet,Left,0,0,968,22.0,0,FED
2020-07-25 18:21:32,2,3.98,1,Free_feed,Pellet,Left,0,0,969,1.0,0,FED
2020-07-25 18:21:49,2,3.97,1,Free_feed,Pellet,Left,0,0,970,15.0,0,FED
2020-07-25 18:22:03,2,3.97,1,Free_feed,Pellet,Left,0,0,971,11.0,0,FED
2020-07-25 18:22:24,2,3.97,1,Free_feed,Pellet,Left,0,0,972,19.0,0,FED
2020-07-25 18:22:45,2,3.97,1,Free_feed,Pellet,Left,0,0,973,18.0,0,FED
2020-07-25 18:23:08,2,3.98,1,Free_feed,Pellet,Left,0,0,974,21.0,0,FED
2020-07-25 19:32:18,2,3.97,1,Free_feed,Pellet,Left,0,0,975,0.0,0,FED
2020-07-25 19:32:38,2,3.98,2,Free_feed,Pellet,Left,0,0,976,15.0,0,FED
2020-07-25 19:32:54,2,3.97,1,Free_feed,Pellet,Left,0,0,977,13.0,0,FED
2020-07-25 19:33:13,2,3.97,1,Free_feed,Pellet,Left,0,0,978,16.0,0,FED
2020-07-25 19:33:42,2,3.97,1,Free_feed,Pellet,Left,0,0,979,26.0,0,FED
2020-07-25 19:34:06,2,3.97,1,Free_feed,Pellet,Left,0,0,980,21.0,0,FED
2020-07-25 19:34:25,2,3.97,1,Free_feed,Pellet,Left,0,0,981,1.0,0,FED
2020-07-25 19:34:41,2,3.97,1,Free_feed,Pellet,Left,0,0,982,13.0,0,FED
2020-07-25 19:34:56,2,3.97,1,Free_feed,Pellet,Left,0,0,983,12.0,0,FED
2020-07-25 19:35:16,2,3.97,2,Free_feed,Pellet,Left,0,0,984,16.0,0,FED
2020-07-25 19:53:00,2,3.97,1,Free_feed,Pellet,Left,0,0,985,0.0,0,FED
2020-07-25 19:53:12,2,3.97,1,Free_feed,Pellet,Left,0,0,986,9.0,0,FED
2020-07-25 19:53:30,2,3.97,1,Free_feed,Pellet,Left,0,0,987,15.0,0,FED
2020-07-25 19:53:36,2,3.97,1,Free_feed,Pellet,Left,0,0,988,3.0,0,FED
2020-07-25 20:16:01,2,3.97,1,Free_feed,Pellet,Left,0,0,989,0.0,0,FED
2020-07-25 20:16:05,2,3.97,1,Free_feed,Pellet,Left,0,0,990,0.0,0,FED
2020-07-25 20:16:19,2,3.97,1,Free_feed,Pellet,Left,0,0,991,12.0,0,FED
2020-07-25 20:16:34,2,3.96,1,Free_feed,Pellet,Left,0,0,992,12.0,0,FED
2020-07-25 20:16:39,2,3.97,1,Free_feed,Pellet,Left,0,0,993,0.0,0,FED
2020-07-25 20:16:43,2,3.97,1,Free_feed,Pellet,Left,0,0,994,1.0,0,FED
2020-07-25 20:16:58,2,3.97,1,Free_feed,Pellet,Left,0,0,995,13.0,0,FED
2020-07-25 20:17:01,2,3.97,1,Free_feed,Pellet,Left,0,0,996,0.0,0,FED
2020-07-25 20:17:19,2,3.97,1,Free_feed,Pellet,Left,0,0,997,15.0,0,FED
2020-07-25 20:17:34,2,3.96,1,Free_feed,Pellet,Left,0,0,998,12.0,0,FED
2020-07-25 20:17:56,2,3.97,1,Free_feed,Pellet,Left,0,0,999,19.0,0,FED
2020-07-25 20:18:13,2,3.97,1,Free_feed,Pellet,Left,0,0,1000,14.0,0,FED
2020-07-25 20:18:20,2,3.97,2,Free_feed,Pellet,Left,0,0,1001,1.0,0,FED
2020-07-25 20:18:40,2,3.97,2,Free_feed,Pellet,Left,0,0,1002,17.0,0,FED
2020-07-25 20:18:44,2,3.96,1,Free_feed,Pellet,Left,0,0,1003,1.0,0,FED
2020-07-25 20:19:01,2,3.96,2,Free_feed,Pellet,Left,0,0,1004,12.0,0,FED
2020-07-25 20:19:24,2,3.97,1,Free_feed,Pellet,Left,0,0,1005,20.0,0,FED
2020-07-25 20:19:44,2,3.96,2,Free_feed,Pellet,Left,0,0,1006,16.0,0,FED
2020-07-25 20:20:03,2,3.97,1,Free_feed,Pellet,Left,0,0,1007,16.0,0,FED
2020-07-25 22:16:19,2,3.96,1,Free_feed,Pellet,Left,0,0,1008,0.0,0,FED
2020-07-25 22:16:42,2,3.96,1,Free_feed,Pellet,Left,0,0,1009,20.0,0,FED
2020-07-25 22:16:46,2,3.96,1,Free_feed,Pellet,Left,0,0,1010,1.0,0,FED
2020-07-25 22:16:50,2,3.96,1,Free_feed,Pellet,Left,0,0,1011,1.0,0,FED
2020-07-25 22:17:03,2,3.96,1,Free_feed,Pellet,Left,0,0,1012,10.0,0,FED
2020-07-25 22:17:23,2,3.96,1,Free_feed,Pellet,Left,0,0,1013,17.0,0,FED
2020-07-25 22:17:31,2,3.96,1,Free_feed,Pellet,Left,0,0,1014,1.0,0,FED
2020-07-25 22:17:45,2,3.96,1,Free_feed,Pellet,Left,0,0,1015,11.0,0,FED
2020-07-25 22:18:24,2,3.96,1,Free_feed,Pellet,Left,0,0,1016,37.0,0,FED
2020-07-25 22:18:47,2,3.96,1,Free_feed,Pellet,Left,0,0,1017,19.0,0,FED
2020-07-25 22:18:50,2,3.96,1,Free_feed,Pellet,Left,0,0,1018,1.0,0,FED
2020-07-25 22:19:04,2,3.96,1,Free_feed,Pellet,Left,0,0,1019,10.0,0,FED
2020-07-25 22:19:24,2,3.96,1,Free_feed,Pellet,Left,0,0,1020,18.0,0,FED
2020-07-25 22:19:45,2,3.96,1,Free_feed,Pellet,Left,0,0,1021,18.0,0,FED
2020-07-25 22:19:49,2,3.96,1,Free_feed,Pellet,Left,0,0,1022,2.0,0,FED
2020-07-25 22:19:52,2,3.96,1,Free_feed,Pellet,Left,0,0,1023,0.0,0,FED
2020-07-25 22:20:26,2,3.96,1,Free_feed,Pellet,Left,0,0,1024,31.0,0,FED
2020-07-25 22:25:49,2,3.96,1,Free_feed,Pellet,Left,0,0,1025,0.0,0,FED
2020-07-25 23:39:22,2,3.96,1,Free_feed,Pellet,Left,0,0,1026,1.0,0,FED
2020-07-25 23:39:45,2,3.96,1,Free_feed,Pellet,Left,0,0,1027,19.0,0,FED
2020-07-25 23:39:49,2,3.96,1,Free_feed,Pellet,Left,0,0,1028,1.0,0,FED
2020-07-25 23:40:03,2,3.96,1,Free_feed,Pellet,Left,0,0,1029,12.0,0,FED
2020-07-25 23:40:09,2,3.96,2,Free_feed,Pellet,Left,0,0,1030,0.0,0,FED
2020-07-25 23:40:18,2,3.96,1,Free_feed,Pellet,Left,0,0,1031,7.0,0,FED
2020-07-25 23:40:22,2,3.96,1,Free_feed,Pellet,Left,0,0,1032,1.0,0,FED
2020-07-25 23:40:38,2,3.96,1,Free_feed,Pellet,Left,0,0,1033,13.0,0,FED
2020-07-25 23:40:42,2,3.96,1,Free_feed,Pellet,Left,0,0,1034,0.0,0,FED
2020-07-25 23:40:57,2,3.96,1,Free_feed,Pellet,Left,0,0,1035,13.0,0,FED
2020-07-25 23:41:01,2,3.96,1,Free_feed,Pellet,Left,0,0,1036,1.0,0,FED
2020-07-25 23:41:12,2,3.96,1,Free_feed,Pellet,Left,0,0,1037,9.0,0,FED
2020-07-26 00:30:35,2,3.95,1,Free_feed,Pellet,Left,0,0,1038,0.0,0,FED
2020-07-26 00:30:38,2,3.95,1,Free_feed,Pellet,Left,0,0,1039,0.0,0,FED
2020-07-26 00:30:57,2,3.95,1,Free_feed,Pellet,Left,0,0,1040,16.0,0,FED
2020-07-26 00:31:12,2,3.96,2,Free_feed,Pellet,Left,0,0,1041,11.0,0,FED
2020-07-26 00:31:33,2,3.96,1,Free_feed,Pellet,Left,0,0,1042,18.0,0,FED
2020-07-26 00:31:37,2,3.96,1,Free_feed,Pellet,Left,0,0,1043,1.0,0,FED
2020-07-26 00:31:41,2,3.96,1,Free_feed,Pellet,Left,0,0,1044,1.0,0,FED
2020-07-26 00:31:56,2,3.96,1,Free_feed,Pellet,Left,0,0,1045,11.0,0,FED
2020-07-26 00:32:12,2,3.96,1,Free_feed,Pellet,Left,0,0,1046,14.0,0,FED
2020-07-26 00:32:34,2,3.96,1,Free_feed,Pellet,Left,0,0,1047,19.0,0,FED
2020-07-26 00:32:52,2,3.96,1,Free_feed,Pellet,Left,0,0,1048,15.0,0,FED
2020-07-26 00:33:09,2,3.96,1,Free_feed,Pellet,Left,0,0,1049,15.0,0,FED
2020-07-26 00:33:46,2,3.96,1,Free_feed,Pellet,Left,0,0,1050,35.0,0,FED
2020-07-26 00:34:07,2,3.96,2,Free_feed,Pellet,Left,0,0,1051,16.0,0,FED
2020-07-26 00:34:24,2,3.96,1,Free_feed,Pellet,Left,0,0,1052,15.0,0,FED
2020-07-26 00:35:17,2,3.96,1,Free_feed,Pellet,Left,0,0,1053,50.0,0,FED
2020-07-26 00:35:21,2,3.96,1,Free_feed,Pellet,Left,0,0,1054,1.0,0,FED
2020-07-26 00:35:35,2,3.95,1,Free_feed,Pellet,Left,0,0,1055,12.0,0,FED
2020-07-26 00:35:53,2,3.95,1,Free_feed,Pellet,Left,0,0,1056,15.0,0,FED
2020-07-26 02:10:32,2,3.96,1,Free_feed,Pellet,Left,0,0,1057,0.0,0,FED
2020-07-26 02:10:38,2,3.96,1,Free_feed,Pellet,Left,0,0,1058,3.0,0,FED
2020-07-26 02:11:06,2,3.95,2,Free_feed,Pellet,Left,0,0,1059,23.0,0,FED
2020-07-26 02:11:21,2,3.95,1,Free_feed,Pellet,Left,0,0,1060,12.0,0,FED
2020-07-26 02:11:58,2,3.95,1,Free_feed,Pellet,Left,0,0,1061,35.0,0,FED
2020-07-26 02:12:02,2,3.95,1,Free_feed,Pellet,Left,0,0,1062,1.0,0,FED
2020-07-26 02:12:05,2,3.95,1,Free_feed,Pellet,Left,0,0,1063,1.0,0,FED
2020-07-26 02:12:23,2,3.95,1,Free_feed,Pellet,Left,0,0,1064,15.0,0,FED
2020-07-26 02:12:41,2,3.95,1,Free_feed,Pellet,Left,0,0,1065,15.0,0,FED
2020-07-26 02:12:47,2,3.96,1,Free_feed,Pellet,Left,0,0,1066,3.0,0,FED
2020-07-26 02:13:01,2,3.95,1,Free_feed,Pellet,Left,0,0,1067,11.0,0,FED
2020-07-26 03:43:38,2,3.96,1,Free_feed,Pellet,Left,0,0,1068,0.0,0,FED
2020-07-26 04:40:22,2,3.95,2,Free_feed,Pellet,Left,0,0,1069,1.0,0,FED
2020-07-26 04:40:42,2,3.95,1,Free_feed,Pellet,Left,0,0,1070,17.0,0,FED
2020-07-26 04:40:50,2,3.95,1,Free_feed,Pellet,Left,0,0,1071,5.0,0,FED
2020-07-26 04:41:14,2,3.95,1,Free_feed,Pellet,Left,0,0,1072,21.0,0,FED
2020-07-26 04:41:18,2,3.95,1,Free_feed,Pellet,Left,0,0,1073,1.0,0,FED
2020-07-26 04:41:38,2,3.95,1,Free_feed,Pellet,Left,0,0,1074,17.0,0,FED
2020-07-26 04:42:01,2,3.94,2,Free_feed,Pellet,Left,0,0,1075,19.0,0,FED
2020-07-26 04:42:29,2,3.94,1,Free_feed,Pellet,Left,0,0,1076,25.0,0,FED
2020-07-26 04:42:50,2,3.95,1,Free_feed,Pellet,Left,0,0,1077,18.0,0,FED
2020-07-26 04:42:53,2,3.95,1,Free_feed,Pellet,Left,0,0,1078,1.0,0,FED
2020-07-26 04:42:57,2,3.95,1,Free_feed,Pellet,Left,0,0,1079,1.0,0,FED
2020-07-26 04:43:22,2,3.94,1,Free_feed,Pellet,Left,0,0,1080,23.0,0,FED
2020-07-26 04:43:26,2,3.94,1,Free_feed,Pellet,Left,0,0,1081,1.0,0,FED
2020-07-26 04:43:51,2,3.94,1,Free_feed,Pellet,Left,0,0,1082,23.0,0,FED
2020-07-26 04:46:07,2,3.95,1,Free_feed,Pellet,Left,0,0,1083,0.0,0,FED
2020-07-26 04:46:13,2,3.95,1,Free_feed,Pellet,Left,0,0,1084,2.0,0,FED
2020-07-26 04:46:28,2,3.94,1,Free_feed,Pellet,Left,0,0,1085,12.0,0,FED
2020-07-26 04:46:51,2,3.94,1,Free_feed,Pellet,Left,0,0,1086,21.0,0,FED
2020-07-26 04:47:17,2,3.95,2,Free_feed,Pellet,Left,0,0,1087,21.0,0,FED
2020-07-26 04:47:41,2,3.95,1,Free_feed,Pellet,Left,0,0,1088,22.0,0,FED
2020-07-26 04:48:05,2,3.94,2,Free_feed,Pellet,Left,0,0,1089,19.0,0,FED
2020-07-26 04:48:33,2,3.94,1,Free_feed,Pellet,Left,0,0,1090,26.0,0,FED
2020-07-26 05:43:43,2,3.94,1,Free_feed,Pellet,Left,0,0,1091,0.0,0,FED
2020-07-26 05:47:04,2,3.94,1,Free_feed,Pellet,Left,0,0,1092,2.0,0,FED
2020-07-26 05:47:26,2,3.94,1,Free_feed,Pellet,Left,0,0,1093,18.0,0,FED
2020-07-26 05:47:50,2,3.94,1,Free_feed,Pellet,Left,0,0,1094,22.0,0,FED
2020-07-26 06:10:40,2,3.94,1,Free_feed,Pellet,Left,0,0,1095,0.0,0,FED
2020-07-26 06:10:48,2,3.94,1,Free_feed,Pellet,Left,0,0,1096,6.0,0,FED
2020-07-26 06:10:53,2,3.95,1,Free_feed,Pellet,Left,0,0,1097,2.0,0,FED
2020-07-26 06:10:56,2,3.95,1,Free_feed,Pellet,Left,0,0,1098,1.0,0,FED
2020-07-26 06:11:09,2,3.94,1,Free_feed,Pellet,Left,0,0,1099,10.0,0,FED
2020-07-26 06:11:29,2,3.94,1,Free_feed,Pellet,Left,0,0,1100,17.0,0,FED
2020-07-26 06:12:02,2,3.94,2,Free_feed,Pellet,Left,0,0,1101,29.0,0,FED
2020-07-26 06:12:05,2,3.94,1,Free_feed,Pellet,Left,0,0,1102,0.0,0,FED
2020-07-26 06:12:20,2,3.94,1,Free_feed,Pellet,Left,0,0,1103,12.0,0,FED
2020-07-26 10:36:39,2,3.94,1,Free_feed,Pellet,Left,0,0,1104,0.0,0,FED
2020-07-26 10:36:44,2,3.94,1,Free_feed,Pellet,Left,0,0,1105,2.0,0,FED
2020-07-26 10:37:06,2,3.94,2,Free_feed,Pellet,Left,0,0,1106,18.0,0,FED
2020-07-26 10:37:11,2,3.93,1,Free_feed,Pellet,Left,0,0,1107,2.0,0,FED
2020-07-26 10:37:31,2,3.94,1,Free_feed,Pellet,Left,0,0,1108,17.0,0,FED
2020-07-26 10:37:48,2,3.93,1,Free_feed,Pellet,Left,0,0,1109,14.0,0,FED
2020-07-26 10:38:16,2,3.93,1,Free_feed,Pellet,Left,0,0,1110,25.0,0,FED
2020-07-26 10:38:25,2,3.94,1,Free_feed,Pellet,Left,0,0,1111,6.0,0,FED
2020-07-26 10:38:29,2,3.94,1,Free_feed,Pellet,Left,0,0,1112,2.0,0,FED
2020-07-26 10:38:50,2,3.94,1,Free_feed,Pellet,Left,0,0,1113,19.0,0,FED
2020-07-26 10:39:11,2,3.94,1,Free_feed,Pellet,Left,0,0,1114,18.0,0,FED
2020-07-26 10:39:35,2,3.93,2,Free_feed,Pellet,Left,0,0,1115,19.0,0,FED
2020-07-26 10:39:58,2,3.93,1,Free_feed,Pellet,Left,0,0,1116,20.0,0,FED
2020-07-26 10:40:21,2,3.94,1,Free_feed,Pellet,Left,0,0,1117,20.0,0,FED
2020-07-26 10:40:51,2,3.93,1,Free_feed,Pellet,Left,0,0,1118,28.0,0,FED
2020-07-26 10:41:16,2,3.94,1,Free_feed,Pellet,Left,0,0,1119,23.0,0,FED
2020-07-26 10:58:50,2,3.93,1,Free_feed,Pellet,Left,0,0,1120,0.0,0,FED
2020-07-26 11:38:29,2,3.94,3,Free_feed,Pellet,Left,0,0,1121,0.0,0,FED
2020-07-26 12:15:33,2,3.93,1,Free_feed,Pellet,Left,0,0,1122,0.0,0,FED
2020-07-26 12:15:37,2,3.93,1,Free_feed,Pellet,Left,0,0,1123,2.0,0,FED
2020-07-26 12:15:52,2,3.93,1,Free_feed,Pellet,Left,0,0,1124,12.0,0,FED
2020-07-26 12:16:07,2,3.93,1,Free_feed,Pellet,Left,0,0,1125,12.0,0,FED
2020-07-26 12:16:23,2,3.93,1,Free_feed,Pellet,Left,0,0,1126,13.0,0,FED
2020-07-26 12:16:41,2,3.94,1,Free_feed,Pellet,Left,0,0,1127,16.0,0,FED
2020-07-26 12:17:00,2,3.93,1,Free_feed,Pellet,Left,0,0,1128,16.0,0,FED
2020-07-26 13:09:33,2,3.93,1,Free_feed,Pellet,Left,0,0,1129,0.0,0,FED
2020-07-26 13:11:52,2,3.93,1,Free_feed,Pellet,Left,0,0,1130,0.0,0,FED
2020-07-26 13:13:44,2,3.93,1,Free_feed,Pellet,Left,0,0,1131,109.0,0,FED
2020-07-26 13:13:50,2,3.93,1,Free_feed,Pellet,Left,0,0,1132,3.0,0,FED
2020-07-26 13:14:01,2,3.93,1,Free_feed,Pellet,Left,0,0,1133,9.0,0,FED
2020-07-26 13:15:20,2,3.93,1,Free_feed,Pellet,Left,0,0,1134,76.0,0,FED
2020-07-26 13:15:37,2,3.93,1,Free_feed,Pellet,Left,0,0,1135,14.0,0,FED
2020-07-26 13:15:52,2,3.93,1,Free_feed,Pellet,Left,0,0,1136,12.0,0,FED
2020-07-26 13:15:57,2,3.93,1,Free_feed,Pellet,Left,0,0,1137,2.0,0,FED
2020-07-26 13:16:13,2,3.93,1,Free_feed,Pellet,Left,0,0,1138,14.0,0,FED
2020-07-26 14:06:17,2,3.93,1,Free_feed,Pellet,Left,0,0,1139,0.0,0,FED
2020-07-26 14:06:58,2,3.93,1,Free_feed,Pellet,Left,0,0,1140,38.0,0,FED
2020-07-26 14:07:04,2,3.93,1,Free_feed,Pellet,Left,0,0,1141,3.0,0,FED
2020-07-26 14:07:20,2,3.93,1,Free_feed,Pellet,Left,0,0,1142,13.0,0,FED
2020-07-26 14:07:29,2,3.93,1,Free_feed,Pellet,Left,0,0,1143,7.0,0,FED
2020-07-26 14:07:51,2,3.93,1,Free_feed,Pellet,Left,0,0,1144,19.0,0,FED
2020-07-26 15:12:00,2,3.93,1,Free_feed,Pellet,Left,0,0,1145,0.0,0,FED
2020-07-26 15:12:13,2,3.93,1,Free_feed,Pellet,Left,0,0,1146,10.0,0,FED
2020-07-26 15:12:34,2,3.93,1,Free_feed,Pellet,Left,0,0,1147,18.0,0,FED
2020-07-26 15:12:50,2,3.93,1,Free_feed,Pellet,Left,0,0,1148,13.0,0,FED
2020-07-26 15:13:07,2,3.93,1,Free_feed,Pellet,Left,0,0,1149,13.0,0,FED
2020-07-26 15:13:25,2,3.93,1,Free_feed,Pellet,Left,0,0,1150,16.0,0,FED
2020-07-26 15:36:08,2,3.93,1,Free_feed,Pellet,Left,0,0,1151,0.0,0,FED
2020-07-26 16:33:36,2,3.92,1,Free_feed,Pellet,Left,0,0,1152,0.0,0,FED
2020-07-26 16:33:41,2,3.93,1,Free_feed,Pellet,Left,0,0,1153,2.0,0,FED
2020-07-26 16:33:55,2,3.93,1,Free_feed,Pellet,Left,0,0,1154,12.0,0,FED
2020-07-26 16:34:13,2,3.93,1,Free_feed,Pellet,Left,0,0,1155,15.0,0,FED
2020-07-26 16:34:32,2,3.93,1,Free_feed,Pellet,Left,0,0,1156,17.0,0,FED
2020-07-26 16:34:49,2,3.93,1,Free_feed,Pellet,Left,0,0,1157,14.0,0,FED
2020-07-26 16:36:03,2,3.93,1,Free_feed,Pellet,Left,0,0,1158,71.0,0,FED
2020-07-26 16:36:07,2,3.93,1,Free_feed,Pellet,Left,0,0,1159,1.0,0,FED
2020-07-26 16:36:24,2,3.93,2,Free_feed,Pellet,Left,0,0,1160,12.0,0,FED
2020-07-26 16:36:42,2,3.92,1,Free_feed,Pellet,Left,0,0,1161,15.0,0,FED
2020-07-26 16:36:59,2,3.93,1,Free_feed,Pellet,Left,0,0,1162,15.0,0,FED
2020-07-26 16:37:19,2,3.92,1,Free_feed,Pellet,Left,0,0,1163,18.0,0,FED
2020-07-26 16:37:41,2,3.93,1,Free_feed,Pellet,Left,0,0,1164,19.0,0,FED
2020-07-26 16:38:01,2,3.93,1,Free_feed,Pellet,Left,0,0,1165,18.0,0,FED
2020-07-26 18:08:07,2,3.92,1,Free_feed,Pellet,Left,0,0,1166,0.0,0,FED
2020-07-26 18:08:47,2,3.92,2,Free_feed,Pellet,Left,0,0,1167,36.0,0,FED
2020-07-26 18:09:25,2,3.93,1,Free_feed,Pellet,Left,0,0,1168,35.0,0,FED
2020-07-26 18:09:54,2,3.92,1,Free_feed,Pellet,Left,0,0,1169,26.0,0,FED
2020-07-26 18:10:28,2,3.93,1,Free_feed,Pellet,Left,0,0,1170,31.0,0,FED
2020-07-26 18:10:44,2,3.93,1,Free_feed,Pellet,Left,0,0,1171,13.0,0,FED
2020-07-26 18:11:06,2,3.93,1,Free_feed,Pellet,Left,0,0,1172,19.0,0,FED
2020-07-26 18:11:49,2,3.92,1,Free_feed,Pellet,Left,0,0,1173,40.0,0,FED
2020-07-26 18:31:42,2,3.93,1,Free_feed,Pellet,Left,0,0,1174,0.0,0,FED
2020-07-26 18:32:26,2,3.93,2,Free_feed,Pellet,Left,0,0,1175,40.0,0,FED
2020-07-26 18:32:40,2,3.92,1,Free_feed,Pellet,Left,0,0,1176,11.0,0,FED
2020-07-26 18:33:01,2,3.93,1,Free_feed,Pellet,Left,0,0,1177,17.0,0,FED
2020-07-26 18:57:56,2,3.93,1,Free_feed,Pellet,Left,0,0,1178,0.0,0,FED
2020-07-26 18:58:24,2,3.92,1,Free_feed,Pellet,Left,0,0,1179,25.0,0,FED
2020-07-26 19:03:25,2,3.92,2,Free_feed,Pellet,Left,0,0,1180,0.0,0,FED
2020-07-26 19:03:38,2,3.93,1,Free_feed,Pellet,Left,0,0,1181,10.0,0,FED
2020-07-26 19:03:53,2,3.93,1,Free_feed,Pellet,Left,0,0,1182,12.0,0,FED
2020-07-26 19:29:28,2,3.92,1,Free_feed,Pellet,Left,0,0,1183,0.0,0,FED
2020-07-26 19:29:48,2,3.92,1,Free_feed,Pellet,Left,0,0,1184,18.0,0,FED
2020-07-26 19:30:00,2,3.93,1,Free_feed,Pellet,Left,0,0,1185,9.0,0,FED
2020-07-26 19:30:17,2,3.93,1,Free_feed,Pellet,Left,0,0,1186,15.0,0,FED
2020-07-26 19:30:55,2,3.92,1,Free_feed,Pellet,Left,0,0,1187,35.0,0,FED
2020-07-26 19:31:00,2,3.92,2,Free_feed,Pellet,Left,0,0,1188,2.0,0,FED
2020-07-26 19:31:13,2,3.92,1,Free_feed,Pellet,Left,0,0,1189,10.0,0,FED
2020-07-26 19:56:41,2,3.92,1,Free_feed,Pellet,Left,0,0,1190,0.0,0,FED
2020-07-26 19:56:45,2,3.92,1,Free_feed,Pellet,Left,0,0,1191,0.0,0,FED
2020-07-26 19:56:58,2,3.92,1,Free_feed,Pellet,Left,0,0,1192,11.0,0,FED
2020-07-26 19:57:13,2,3.92,1,Free_feed,Pellet,Left,0,0,1193,12.0,0,FED
2020-07-26 19:57:31,2,3.92,1,Free_feed,Pellet,Left,0,0,1194,15.0,0,FED
2020-07-26 19:57:45,2,3.92,1,Free_feed,Pellet,Left,0,0,1195,11.0,0,FED
2020-07-26 19:58:01,2,3.92,1,Free_feed,Pellet,Left,0,0,1196,13.0,0,FED
2020-07-26 19:58:22,2,3.91,1,Free_feed,Pellet,Left,0,0,1197,18.0,0,FED
2020-07-26 19:58:43,2,3.92,1,Free_feed,Pellet,Left,0,0,1198,18.0,0,FED
2020-07-26 19:58:46,2,3.92,1,Free_feed,Pellet,Left,0,0,1199,1.0,0,FED
2020-07-26 19:59:02,2,3.92,1,Free_feed,Pellet,Left,0,0,1200,14.0,0,FED
2020-07-26 19:59:43,2,3.92,1,Free_feed,Pellet,Left,0,0,1201,39.0,0,FED
2020-07-26 19:59:48,2,3.93,1,Free_feed,Pellet,Left,0,0,1202,2.0,0,FED
2020-07-26 20:00:08,2,3.92,1,Free_feed,Pellet,Left,0,0,1203,17.0,0,FED
2020-07-26 20:00:26,2,3.92,1,Free_feed,Pellet,Left,0,0,1204,16.0,0,FED
2020-07-26 20:00:47,2,3.92,1,Free_feed,Pellet,Left,0,0,1205,17.0,0,FED
2020-07-26 20:56:38,2,3.92,1,Free_feed,Pellet,Left,0,0,1206,0.0,0,FED
2020-07-26 20:56:42,2,3.91,1,Free_feed,Pellet,Left,0,0,1207,1.0,0,FED
2020-07-26 20:57:11,2,3.92,1,Free_feed,Pellet,Left,0,0,1208,26.0,0,FED
2020-07-26 21:09:25,2,3.91,1,Free_feed,Pellet,Left,0,0,1209,0.0,0,FED
2020-07-26 21:26:08,2,3.92,1,Free_feed,Pellet,Left,0,0,1210,0.0,0,FED
2020-07-26 21:35:09,2,3.91,1,Free_feed,Pellet,Left,0,0,1211,0.0,0,FED
2020-07-26 21:35:26,2,3.92,1,Free_feed,Pellet,Left,0,0,1212,14.0,0,FED
2020-07-26 21:35:50,2,3.92,1,Free_feed,Pellet,Left,0,0,1213,21.0,0,FED
2020-07-26 21:36:13,2,3.91,1,Free_feed,Pellet,Left,0,0,1214,20.0,0,FED
2020-07-26 21:36:34,2,3.91,1,Free_feed,Pellet,Left,0,0,1215,18.0,0,FED
2020-07-26 21:36:49,2,3.91,1,Free_feed,Pellet,Left,0,0,1216,12.0,0,FED
2020-07-26 21:37:10,2,3.91,1,Free_feed,Pellet,Left,0,0,1217,19.0,0,FED
2020-07-26 21:37:31,2,3.92,1,Free_feed,Pellet,Left,0,0,1218,18.0,0,FED
2020-07-26 21:37:53,2,3.91,1,Free_feed,Pellet,Left,0,0,1219,18.0,0,FED
2020-07-26 21:38:09,2,3.92,1,Free_feed,Pellet,Left,0,0,1220,14.0,0,FED
2020-07-26 21:38:31,2,3.92,1,Free_feed,Pellet,Left,0,0,1221,18.0,0,FED
2020-07-26 22:53:42,2,3.91,1,Free_feed,Pellet,Left,0,0,1222,0.0,0,FED
2020-07-26 22:53:55,2,3.91,1,Free_feed,Pellet,Left,0,0,1223,10.0,0,FED
2020-07-26 22:54:14,2,3.91,1,Free_feed,Pellet,Left,0,0,1224,15.0,0,FED
2020-07-26 22:54:30,2,3.91,1,Free_feed,Pellet,Left,0,0,1225,14.0,0,FED
2020-07-26 23:47:04,2,3.91,1,Free_feed,Pellet,Left,0,0,1226,0.0,0,FED
2020-07-26 23:47:14,2,3.91,1,Free_feed,Pellet,Left,0,0,1227,1.0,0,FED
2020-07-26 23:48:06,2,3.91,1,Free_feed,Pellet,Left,0,0,1228,49.0,0,FED
2020-07-26 23:48:11,2,3.91,1,Free_feed,Pellet,Left,0,0,1229,2.0,0,FED
2020-07-26 23:48:25,2,3.91,1,Free_feed,Pellet,Left,0,0,1230,12.0,0,FED
2020-07-26 23:48:41,2,3.91,1,Free_feed,Pellet,Left,0,0,1231,14.0,0,FED
2020-07-26 23:48:48,2,3.91,3,Free_feed,Pellet,Left,0,0,1232,1.0,0,FED
2020-07-26 23:48:59,2,3.91,1,Free_feed,Pellet,Left,0,0,1233,8.0,0,FED
2020-07-26 23:49:13,2,3.91,1,Free_feed,Pellet,Left,0,0,1234,11.0,0,FED
2020-07-26 23:49:27,2,3.91,1,Free_feed,Pellet,Left,0,0,1235,11.0,0,FED
2020-07-26 23:50:52,2,3.91,1,Free_feed,Pellet,Left,0,0,1236,82.0,0,FED
2020-07-26 23:50:55,2,3.91,1,Free_feed,Pellet,Left,0,0,1237,1.0,0,FED
2020-07-27 00:49:54,2,3.91,1,Free_feed,Pellet,Left,0,0,1238,0.0,0,FED
2020-07-27 00:50:02,2,3.91,1,Free_feed,Pellet,Left,0,0,1239,2.0,0,FED
2020-07-27 00:50:17,2,3.91,1,Free_feed,Pellet,Left,0,0,1240,12.0,0,FED
2020-07-27 00:50:33,2,3.91,1,Free_feed,Pellet,Left,0,0,1241,13.0,0,FED
2020-07-27 00:50:45,2,3.91,1,Free_feed,Pellet,Left,0,0,1242,9.0,0,FED
2020-07-27 00:51:06,2,3.91,2,Free_feed,Pellet,Left,0,0,1243,18.0,0,FED
2020-07-27 00:51:26,2,3.91,1,Free_feed,Pellet,Left,0,0,1244,18.0,0,FED
2020-07-27 00:51:47,2,3.91,1,Free_feed,Pellet,Left,0,0,1245,18.0,0,FED
2020-07-27 00:52:00,2,3.91,1,Free_feed,Pellet,Left,0,0,1246,11.0,0,FED
2020-07-27 00:55:07,2,3.91,1,Free_feed,Pellet,Left,0,0,1247,0.0,0,FED
2020-07-27 01:03:43,2,3.91,1,Free_feed,Pellet,Left,0,0,1248,0.0,0,FED
2020-07-27 01:20:55,2,3.91,1,Free_feed,Pellet,Left,0,0,1249,0.0,0,FED
2020-07-27 04:00:55,2,3.91,1,Free_feed,Pellet,Left,0,0,1250,0.0,0,FED
2020-07-27 04:01:00,2,3.9,1,Free_feed,Pellet,Left,0,0,1251,3.0,0,FED
2020-07-27 04:01:20,2,3.9,1,Free_feed,Pellet,Left,0,0,1252,17.0,0,FED
2020-07-27 04:01:37,2,3.9,1,Free_feed,Pellet,Left,0,0,1253,15.0,0,FED
2020-07-27 04:01:57,2,3.9,1,Free_feed,Pellet,Left,0,0,1254,17.0,0,FED
2020-07-27 04:02:20,2,3.9,1,Free_feed,Pellet,Left,0,0,1255,20.0,0,FED
2020-07-27 04:02:41,2,3.9,1,Free_feed,Pellet,Left,0,0,1256,18.0,0,FED
2020-07-27 04:02:44,2,3.9,1,Free_feed,Pellet,Left,0,0,1257,0.0,0,FED
2020-07-27 04:03:03,2,3.91,1,Free_feed,Pellet,Left,0,0,1258,16.0,0,FED
2020-07-27 04:03:26,2,3.91,1,Free_feed,Pellet,Left,0,0,1259,20.0,0,FED
2020-07-27 04:03:44,2,3.91,1,Free_feed,Pellet,Left,0,0,1260,15.0,0,FED
2020-07-27 04:04:02,2,3.9,1,Free_feed,Pellet,Left,0,0,1261,16.0,0,FED
2020-07-27 04:04:34,2,3.9,1,Free_feed,Pellet,Left,0,0,1262,29.0,0,FED
2020-07-27 04:04:38,2,3.91,1,Free_feed,Pellet,Left,0,0,1263,1.0,0,FED
2020-07-27 04:04:53,2,3.9,1,Free_feed,Pellet,Left,0,0,1264,12.0,0,FED
2020-07-27 04:05:13,2,3.9,1,Free_feed,Pellet,Left,0,0,1265,17.0,0,FED
2020-07-27 04:05:34,2,3.91,1,Free_feed,Pellet,Left,0,0,1266,17.0,0,FED
2020-07-27 04:05:57,2,3.91,1,Free_feed,Pellet,Left,0,0,1267,21.0,0,FED
2020-07-27 04:06:18,2,3.9,1,Free_feed,Pellet,Left,0,0,1268,18.0,0,FED
2020-07-27 06:05:01,2,3.91,1,Free_feed,Pellet,Left,0,0,1269,0.0,0,FED
2020-07-27 06:05:05,2,3.89,1,Free_feed,Pellet,Left,0,0,1270,1.0,0,FED
2020-07-27 06:05:21,2,3.89,1,Free_feed,Pellet,Left,0,0,1271,13.0,0,FED
2020-07-27 06:05:35,2,3.89,1,Free_feed,Pellet,Left,0,0,1272,11.0,0,FED
2020-07-27 06:05:54,2,3.89,1,Free_feed,Pellet,Left,0,0,1273,16.0,0,FED
2020-07-27 06:06:10,2,3.9,1,Free_feed,Pellet,Left,0,0,1274,13.0,0,FED
2020-07-27 06:06:29,2,3.9,1,Free_feed,Pellet,Left,0,0,1275,15.0,0,FED
2020-07-27 06:06:44,2,3.89,1,Free_feed,Pellet,Left,0,0,1276,13.0,0,FED
2020-07-27 06:32:17,2,3.9,1,Free_feed,Pellet,Left,0,0,1277,0.0,0,FED
2020-07-27 06:38:06,2,3.9,2,Free_feed,Pellet,Left,0,0,1278,2.0,0,FED
2020-07-27 06:38:21,2,3.89,1,Free_feed,Pellet,Left,0,0,1279,11.0,0,FED
2020-07-27 06:38:34,2,3.89,1,Free_feed,Pellet,Left,0,0,1280,11.0,0,FED
2020-07-27 06:38:49,2,3.89,1,Free_feed,Pellet,Left,0,0,1281,12.0,0,FED
2020-07-27 06:39:08,2,3.89,1,Free_feed,Pellet,Left,0,0,1282,16.0,0,FED
2020-07-27 06:39:26,2,3.9,1,Free_feed,Pellet,Left,0,0,1283,15.0,0,FED
2020-07-27 06:39:44,2,3.89,1,Free_feed,Pellet,Left,0,0,1284,15.0,0,FED
2020-07-27 06:40:02,2,3.9,1,Free_feed,Pellet,Left,0,0,1285,15.0,0,FED
2020-07-27 09:06:19,2,3.89,1,Free_feed,Pellet,Left,0,0,1286,0.0,0,FED
2020-07-27 09:06:23,2,3.89,1,Free_feed,Pellet,Left,0,0,1287,1.0,0,FED
2020-07-27 09:06:38,2,3.89,1,Free_feed,Pellet,Left,0,0,1288,12.0,0,FED
2020-07-27 09:06:56,2,3.89,1,Free_feed,Pellet,Left,0,0,1289,15.0,0,FED
2020-07-27 09:07:00,2,3.89,1,Free_feed,Pellet,Left,0,0,1290,1.0,0,FED
2020-07-27 09:07:13,2,3.89,1,Free_feed,Pellet,Left,0,0,1291,10.0,0,FED
2020-07-27 09:07:30,2,3.89,1,Free_feed,Pellet,Left,0,0,1292,14.0,0,FED
2020-07-27 09:07:47,2,3.89,1,Free_feed,Pellet,Left,0,0,1293,14.0,0,FED
2020-07-27 09:08:06,2,3.89,1,Free_feed,Pellet,Left,0,0,1294,16.0,0,FED
2020-07-27 09:08:38,2,3.89,1,Free_feed,Pellet,Left,0,0,1295,30.0,0,FED
2020-07-27 09:08:51,2,3.89,1,Free_feed,Pellet,Left,0,0,1296,10.0,0,FED
2020-07-27 09:09:09,2,3.89,1,Free_feed,Pellet,Left,0,0,1297,15.0,0,FED
2020-07-27 10:20:23,2,3.89,1,Free_feed,Pellet,Left,0,0,1298,0.0,1,FED
2020-07-27 10:20:28,2,3.89,1,Free_feed,Pellet,Left,0,0,1299,2.0,1,FED
2020-07-27 10:20:44,2,3.9,1,Free_feed,Pellet,Left,0,0,1300,14.0,1,FED
2020-07-27 10:21:00,2,3.89,1,Free_feed,Pellet,Left,0,0,1301,14.0,1,FED
2020-07-27 10:21:18,2,3.89,1,Free_feed,Pellet,Left,0,0,1302,15.0,1,FED
2020-07-27 10:21:33,2,3.89,1,Free_feed,Pellet,Left,0,0,1303,12.0,1,FED
2020-07-27 10:21:53,2,3.89,1,Free_feed,Pellet,Left,0,0,1304,17.0,1,FED
2020-07-27 10:22:11,2,3.89,2,Free_feed,Pellet,Left,0,0,1305,13.0,1,FED
2020-07-27 10:22:30,2,3.89,1,Free_feed,Pellet,Left,0,0,1306,16.0,1,FED
2020-07-27 11:34:56,2,3.89,1,Free_feed,Pellet,Left,0,0,1307,0.0,1,FED
2020-07-27 11:35:00,2,3.89,1,Free_feed,Pellet,Left,0,0,1308,1.0,1,FED
2020-07-27 11:36:36,2,3.89,2,Free_feed,Pellet,Left,0,0,1309,91.0,1,FED
2020-07-27 11:36:42,2,3.89,1,Free_feed,Pellet,Left,0,0,1310,3.0,1,FED
2020-07-27 11:36:54,2,3.89,1,Free_feed,Pellet,Left,0,0,1311,9.0,1,FED
2020-07-27 11:37:10,2,3.89,1,Free_feed,Pellet,Left,0,0,1312,12.0,1,FED
2020-07-27 11:37:25,2,3.89,1,Free_feed,Pellet,Left,0,0,1313,12.0,1,FED
2020-07-27 11:37:40,2,3.89,1,Free_feed,Pellet,Left,0,0,1314,13.0,1,FED
2020-07-27 11:37:55,2,3.89,1,Free_feed,Pellet,Left,0,0,1315,12.0,1,FED
2020-07-27 11:38:13,2,3.89,1,Free_feed,Pellet,Left,0,0,1316,15.0,1,FED
2020-07-27 11:38:33,2,3.89,1,Free_feed,Pellet,Left,0,0,1317,18.0,1,FED
2020-07-27 11:38:48,2,3.88,1,Free_feed,Pellet,Left,0,0,1318,13.0,1,FED
2020-07-27 11:39:06,2,3.89,1,Free_feed,Pellet,Left,0,0,1319,16.0,1,FED
2020-07-27 14:46:45,2,3.89,1,Free_feed,Pellet,Left,0,0,1320,0.0,1,FED
2020-07-27 14:47:48,2,3.88,1,Free_feed,Pellet,Left,0,0,1321,60.0,1,FED
2020-07-27 14:48:05,2,3.87,1,Free_feed,Pellet,Left,0,0,1322,14.0,1,FED
2020-07-27 14:48:22,2,3.88,1,Free_feed,Pellet,Left,0,0,1323,14.0,1,FED
2020-07-27 14:48:44,2,3.88,1,Free_feed,Pellet,Left,0,0,1324,19.0,1,FED
2020-07-27 14:49:00,2,3.87,1,Free_feed,Pellet,Left,0,0,1325,14.0,1,FED
2020-07-27 14:49:20,2,3.89,1,Free_feed,Pellet,Left,0,0,1326,17.0,1,FED
2020-07-27 15:04:41,2,3.87,1,Free_feed,Pellet,Left,0,0,1327,0.0,1,FED
2020-07-27 15:05:00,2,3.88,1,Free_feed,Pellet,Left,0,0,1328,17.0,1,FED
2020-07-27 15:05:18,2,3.88,1,Free_feed,Pellet,Left,0,0,1329,15.0,1,FED
2020-07-27 15:05:28,2,3.88,1,Free_feed,Pellet,Left,0,0,1330,7.0,1,FED
2020-07-27 15:05:46,2,3.88,1,Free_feed,Pellet,Left,0,0,1331,15.0,1,FED
2020-07-27 15:06:02,2,3.88,1,Free_feed,Pellet,Left,0,0,1332,13.0,1,FED
