MM:DD:YYYY hh:mm:ss,Device_Number,Battery_Voltage,Motor_Turns,Session_Type,Event,Active_Poke,Left_Poke_Count,Right_Poke_Count,Pellet_Count,Retrieval_Time,Concat_#,Mode
2020-07-21 18:29:08,5,4.1,2,Free_feed,Pellet,Left,0,0,1,18.0,0,FED
2020-07-21 18:30:10,5,4.1,3,Free_feed,Pellet,Left,0,0,2,55.0,0,FED
2020-07-21 18:32:32,5,4.09,1,Free_feed,Pellet,Left,0,0,3,0.0,0,FED
2020-07-21 18:33:40,5,4.1,1,Free_feed,Pellet,Left,0,0,4,65.0,0,FED
2020-07-21 18:34:57,5,4.09,2,Free_feed,Pellet,Left,0,0,5,73.0,0,FED
2020-07-21 18:35:48,5,4.1,1,Free_feed,Pellet,Left,0,0,6,49.0,0,FED
2020-07-21 18:45:47,5,4.09,1,Free_feed,Pellet,Left,0,0,7,79.0,0,FED
2020-07-21 18:46:23,5,4.09,1,Free_feed,Pellet,Left,0,0,8,33.0,0,FED
2020-07-21 18:46:45,5,4.09,1,Free_feed,Pellet,Left,0,0,9,19.0,0,FED
2020-07-21 18:47:58,5,4.1,1,Free_feed,Pellet,Left,0,0,10,3.0,0,FED
2020-07-21 18:48:09,5,4.1,1,Free_feed,Pellet,Left,0,0,11,8.0,0,FED
2020-07-21 18:58:12,5,4.09,1,Free_feed,Pellet,Left,0,0,12,0.0,0,FED
2020-07-21 18:58:45,5,4.1,1,Free_feed,Pellet,Left,0,0,13,3.0,0,FED
2020-07-21 18:59:03,5,4.09,1,Free_feed,Pellet,Left,0,0,14,15.0,0,FED
2020-07-21 19:00:05,5,4.1,1,Free_feed,Pellet,Left,0,0,15,13.0,0,FED
2020-07-21 19:00:19,5,4.09,1,Free_feed,Pellet,Left,0,0,16,11.0,0,FED
2020-07-21 19:00:53,5,4.1,1,Free_feed,Pellet,Left,0,0,17,31.0,0,FED
2020-07-21 19:01:00,5,4.1,1,Free_feed,Pellet,Left,0,0,18,4.0,0,FED
2020-07-21 19:03:02,5,4.09,1,Free_feed,Pellet,Left,0,0,19,11.0,0,FED
2020-07-21 19:06:26,5,4.09,3,Free_feed,Pellet,Left,0,0,20,0.0,0,FED
2020-07-21 19:10:53,5,4.09,1,Free_feed,Pellet,Left,0,0,21,0.0,0,FED
2020-07-21 19:11:57,5,4.09,1,Free_feed,Pellet,Left,0,0,22,61.0,0,FED
2020-07-21 19:12:27,5,4.09,1,Free_feed,Pellet,Left,0,0,23,28.0,0,FED
2020-07-21 19:12:52,5,4.1,1,Free_feed,Pellet,Left,0,0,24,22.0,0,FED
2020-07-21 19:13:12,5,4.09,1,Free_feed,Pellet,Left,0,0,25,17.0,0,FED
2020-07-21 19:13:32,5,4.1,1,Free_feed,Pellet,Left,0,0,26,18.0,0,FED
2020-07-21 19:29:47,5,4.1,1,Free_feed,Pellet,Left,0,0,27,0.0,0,FED
2020-07-21 19:30:03,5,4.09,2,Free_feed,Pellet,Left,0,0,28,11.0,0,FED
2020-07-21 19:30:27,5,4.09,1,Free_feed,Pellet,Left,0,0,29,21.0,0,FED
2020-07-21 19:31:06,5,4.09,1,Free_feed,Pellet,Left,0,0,30,36.0,0,FED
2020-07-21 19:32:02,5,4.09,1,Free_feed,Pellet,Left,0,0,31,54.0,0,FED
2020-07-21 19:34:57,5,4.1,1,Free_feed,Pellet,Left,0,0,32,0.0,0,FED
2020-07-21 19:35:34,5,4.09,1,Free_feed,Pellet,Left,0,0,33,34.0,0,FED
2020-07-21 19:36:03,5,4.09,1,Free_feed,Pellet,Left,0,0,34,26.0,0,FED
2020-07-21 19:36:07,5,4.09,1,Free_feed,Pellet,Left,0,0,35,1.0,0,FED
2020-07-21 19:36:20,5,4.1,1,Free_feed,Pellet,Left,0,0,36,9.0,0,FED
2020-07-21 19:36:36,5,4.1,1,Free_feed,Pellet,Left,0,0,37,14.0,0,FED
2020-07-21 19:36:56,5,4.09,1,Free_feed,Pellet,Left,0,0,38,17.0,0,FED
2020-07-21 19:37:02,5,4.1,2,Free_feed,Pellet,Left,0,0,39,2.0,0,FED
2020-07-21 19:37:16,5,4.09,1,Free_feed,Pellet,Left,0,0,40,3.0,0,FED
2020-07-21 19:37:25,5,4.09,1,Free_feed,Pellet,Left,0,0,41,7.0,0,FED
2020-07-21 19:37:45,5,4.09,1,Free_feed,Pellet,Left,0,0,42,17.0,0,FED
2020-07-21 19:37:57,5,4.1,1,Free_feed,Pellet,Left,0,0,43,9.0,0,FED
2020-07-21 19:40:20,5,4.09,1,Free_feed,Pellet,Left,0,0,44,0.0,0,FED
2020-07-21 19:54:47,5,4.09,1,Free_feed,Pellet,Left,0,0,45,0.0,0,FED
2020-07-21 19:54:54,5,4.09,1,Free_feed,Pellet,Left,0,0,46,4.0,0,FED
2020-07-21 19:55:12,5,4.09,1,Free_feed,Pellet,Left,0,0,47,15.0,0,FED
2020-07-21 19:55:27,5,4.09,1,Free_feed,Pellet,Left,0,0,48,12.0,0,FED
2020-07-21 19:55:31,5,4.09,1,Free_feed,Pellet,Left,0,0,49,0.0,0,FED
2020-07-21 19:55:39,5,4.09,1,Free_feed,Pellet,Left,0,0,50,6.0,0,FED
2020-07-21 19:55:56,5,4.1,1,Free_feed,Pellet,Left,0,0,51,14.0,0,FED
2020-07-21 19:56:14,5,4.09,1,Free_feed,Pellet,Left,0,0,52,15.0,0,FED
2020-07-21 19:56:19,5,4.1,1,Free_feed,Pellet,Left,0,0,53,2.0,0,FED
2020-07-21 19:56:30,5,4.1,1,Free_feed,Pellet,Left,0,0,54,8.0,0,FED
2020-07-21 19:57:08,5,4.1,1,Free_feed,Pellet,Left,0,0,55,15.0,0,FED
2020-07-21 20:06:08,5,4.1,1,Free_feed,Pellet,Left,0,0,56,0.0,0,FED
2020-07-21 20:08:18,5,4.09,1,Free_feed,Pellet,Left,0,0,57,0.0,0,FED
2020-07-21 20:10:15,5,4.09,1,Free_feed,Pellet,Left,0,0,58,1.0,0,FED
2020-07-21 20:10:27,5,4.1,1,Free_feed,Pellet,Left,0,0,59,9.0,0,FED
2020-07-21 20:10:31,5,4.09,1,Free_feed,Pellet,Left,0,0,60,2.0,0,FED
2020-07-21 20:10:38,5,4.1,1,Free_feed,Pellet,Left,0,0,61,5.0,0,FED
2020-07-21 20:10:42,5,4.09,1,Free_feed,Pellet,Left,0,0,62,1.0,0,FED
2020-07-21 20:10:47,5,4.09,1,Free_feed,Pellet,Left,0,0,63,2.0,0,FED
2020-07-21 20:10:55,5,4.09,1,Free_feed,Pellet,Left,0,0,64,5.0,0,FED
2020-07-21 20:11:00,5,4.09,1,Free_feed,Pellet,Left,0,0,65,2.0,0,FED
2020-07-21 20:11:06,5,4.09,1,Free_feed,Pellet,Left,0,0,66,4.0,0,FED
2020-07-21 20:11:30,5,4.09,1,Free_feed,Pellet,Left,0,0,67,21.0,0,FED
2020-07-21 20:11:34,5,4.09,1,Free_feed,Pellet,Left,0,0,68,1.0,0,FED
2020-07-21 20:11:38,5,4.09,1,Free_feed,Pellet,Left,0,0,69,1.0,0,FED
2020-07-21 20:11:45,5,4.09,1,Free_feed,Pellet,Left,0,0,70,3.0,0,FED
2020-07-21 20:11:59,5,4.09,1,Free_feed,Pellet,Left,0,0,71,11.0,0,FED
2020-07-21 20:12:16,5,4.09,1,Free_feed,Pellet,Left,0,0,72,15.0,0,FED
2020-07-21 20:12:31,5,4.09,1,Free_feed,Pellet,Left,0,0,73,12.0,0,FED
2020-07-21 20:17:03,5,4.09,1,Free_feed,Pellet,Left,0,0,74,0.0,0,FED
2020-07-21 20:23:35,5,4.09,1,Free_feed,Pellet,Left,0,0,75,0.0,0,FED
2020-07-21 20:23:49,5,4.09,1,Free_feed,Pellet,Left,0,0,76,11.0,0,FED
2020-07-21 20:33:22,5,4.09,1,Free_feed,Pellet,Left,0,0,77,63.0,0,FED
2020-07-21 20:33:31,5,4.09,1,Free_feed,Pellet,Left,0,0,78,6.0,0,FED
2020-07-21 20:33:38,5,4.09,1,Free_feed,Pellet,Left,0,0,79,3.0,0,FED
2020-07-21 20:33:49,5,4.09,1,Free_feed,Pellet,Left,0,0,80,9.0,0,FED
2020-07-21 20:33:54,5,4.09,1,Free_feed,Pellet,Left,0,0,81,3.0,0,FED
2020-07-21 20:33:59,5,4.09,1,Free_feed,Pellet,Left,0,0,82,2.0,0,FED
2020-07-21 20:34:04,5,4.09,1,Free_feed,Pellet,Left,0,0,83,2.0,0,FED
2020-07-21 20:34:08,5,4.09,1,Free_feed,Pellet,Left,0,0,84,1.0,0,FED
2020-07-21 20:34:15,5,4.09,1,Free_feed,Pellet,Left,0,0,85,4.0,0,FED
2020-07-21 20:34:33,5,4.09,1,Free_feed,Pellet,Left,0,0,86,15.0,0,FED
2020-07-21 20:34:37,5,4.09,1,Free_feed,Pellet,Left,0,0,87,1.0,0,FED
2020-07-21 20:34:41,5,4.09,1,Free_feed,Pellet,Left,0,0,88,1.0,0,FED
2020-07-21 20:34:46,5,4.09,1,Free_feed,Pellet,Left,0,0,89,2.0,0,FED
2020-07-21 20:34:55,5,4.09,1,Free_feed,Pellet,Left,0,0,90,6.0,0,FED
2020-07-21 20:47:50,5,4.09,1,Free_feed,Pellet,Left,0,0,91,0.0,0,FED
2020-07-21 20:47:55,5,4.09,1,Free_feed,Pellet,Left,0,0,92,2.0,0,FED
2020-07-21 20:48:06,5,4.09,1,Free_feed,Pellet,Left,0,0,93,8.0,0,FED
2020-07-21 20:48:56,5,4.09,1,Free_feed,Pellet,Left,0,0,94,17.0,0,FED
2020-07-21 20:49:18,5,4.09,1,Free_feed,Pellet,Left,0,0,95,1.0,0,FED
2020-07-21 20:49:23,5,4.09,1,Free_feed,Pellet,Left,0,0,96,1.0,0,FED
2020-07-21 20:49:33,5,4.1,1,Free_feed,Pellet,Left,0,0,97,7.0,0,FED
2020-07-21 20:49:37,5,4.09,1,Free_feed,Pellet,Left,0,0,98,2.0,0,FED
2020-07-21 20:49:45,5,4.09,1,Free_feed,Pellet,Left,0,0,99,5.0,0,FED
2020-07-21 20:50:42,5,4.09,1,Free_feed,Pellet,Left,0,0,100,53.0,0,FED
2020-07-21 20:50:51,5,4.09,2,Free_feed,Pellet,Left,0,0,101,5.0,0,FED
2020-07-21 20:50:55,5,4.09,1,Free_feed,Pellet,Left,0,0,102,1.0,0,FED
2020-07-21 20:51:02,5,4.09,1,Free_feed,Pellet,Left,0,0,103,4.0,0,FED
2020-07-21 20:51:06,5,4.09,1,Free_feed,Pellet,Left,0,0,104,2.0,0,FED
2020-07-21 20:59:06,5,4.09,1,Free_feed,Pellet,Left,0,0,105,0.0,0,FED
2020-07-21 20:59:11,5,4.09,1,Free_feed,Pellet,Left,0,0,106,2.0,0,FED
2020-07-21 20:59:17,5,4.09,1,Free_feed,Pellet,Left,0,0,107,3.0,0,FED
2020-07-21 20:59:25,5,4.09,1,Free_feed,Pellet,Left,0,0,108,5.0,0,FED
2020-07-21 20:59:44,5,4.09,1,Free_feed,Pellet,Left,0,0,109,16.0,0,FED
2020-07-21 20:59:53,5,4.09,1,Free_feed,Pellet,Left,0,0,110,7.0,0,FED
2020-07-21 21:10:44,5,4.09,1,Free_feed,Pellet,Left,0,0,111,0.0,0,FED
2020-07-21 21:10:49,5,4.09,1,Free_feed,Pellet,Left,0,0,112,2.0,0,FED
2020-07-21 21:11:00,5,4.09,2,Free_feed,Pellet,Left,0,0,113,6.0,0,FED
2020-07-21 21:11:05,5,4.09,1,Free_feed,Pellet,Left,0,0,114,3.0,0,FED
2020-07-21 21:11:11,5,4.09,1,Free_feed,Pellet,Left,0,0,115,4.0,0,FED
2020-07-21 21:11:17,5,4.09,1,Free_feed,Pellet,Left,0,0,116,3.0,0,FED
2020-07-21 21:11:24,5,4.09,1,Free_feed,Pellet,Left,0,0,117,4.0,0,FED
2020-07-21 21:11:29,5,4.09,1,Free_feed,Pellet,Left,0,0,118,2.0,0,FED
2020-07-21 21:11:34,5,4.09,1,Free_feed,Pellet,Left,0,0,119,1.0,0,FED
2020-07-21 21:11:45,5,4.09,1,Free_feed,Pellet,Left,0,0,120,8.0,0,FED
2020-07-21 21:11:59,5,4.09,1,Free_feed,Pellet,Left,0,0,121,12.0,0,FED
2020-07-21 21:12:13,5,4.09,2,Free_feed,Pellet,Left,0,0,122,10.0,0,FED
2020-07-21 21:21:41,5,4.09,1,Free_feed,Pellet,Left,0,0,123,0.0,0,FED
2020-07-21 21:21:47,5,4.09,1,Free_feed,Pellet,Left,0,0,124,2.0,0,FED
2020-07-21 21:21:55,5,4.09,1,Free_feed,Pellet,Left,0,0,125,6.0,0,FED
2020-07-21 21:22:12,5,4.09,1,Free_feed,Pellet,Left,0,0,126,15.0,0,FED
2020-07-21 21:23:21,5,4.09,1,Free_feed,Pellet,Left,0,0,127,29.0,0,FED
2020-07-21 21:23:25,5,4.09,1,Free_feed,Pellet,Left,0,0,128,1.0,0,FED
2020-07-21 21:23:30,5,4.09,1,Free_feed,Pellet,Left,0,0,129,2.0,0,FED
2020-07-21 21:23:34,5,4.09,1,Free_feed,Pellet,Left,0,0,130,2.0,0,FED
2020-07-21 21:24:01,5,4.09,1,Free_feed,Pellet,Left,0,0,131,24.0,0,FED
2020-07-21 21:24:06,5,4.09,1,Free_feed,Pellet,Left,0,0,132,3.0,0,FED
2020-07-21 21:37:49,5,4.09,2,Free_feed,Pellet,Left,0,0,133,0.0,0,FED
2020-07-21 21:37:54,5,4.09,1,Free_feed,Pellet,Left,0,0,134,2.0,0,FED
2020-07-21 21:38:05,5,4.09,1,Free_feed,Pellet,Left,0,0,135,8.0,0,FED
2020-07-21 21:40:46,5,4.09,3,Free_feed,Pellet,Left,0,0,136,0.0,0,FED
2020-07-21 21:48:18,5,4.09,1,Free_feed,Pellet,Left,0,0,137,0.0,0,FED
2020-07-21 21:56:35,5,4.09,1,Free_feed,Pellet,Left,0,0,138,0.0,0,FED
2020-07-21 22:11:42,5,4.09,1,Free_feed,Pellet,Left,0,0,139,0.0,0,FED
2020-07-21 22:11:50,5,4.09,1,Free_feed,Pellet,Left,0,0,140,6.0,0,FED
2020-07-21 22:12:21,5,4.09,1,Free_feed,Pellet,Left,0,0,141,28.0,0,FED
2020-07-21 22:12:29,5,4.09,1,Free_feed,Pellet,Left,0,0,142,5.0,0,FED
2020-07-21 22:12:33,5,4.09,1,Free_feed,Pellet,Left,0,0,143,1.0,0,FED
2020-07-21 22:12:40,5,4.09,1,Free_feed,Pellet,Left,0,0,144,4.0,0,FED
2020-07-21 22:14:37,5,4.09,1,Free_feed,Pellet,Left,0,0,145,81.0,0,FED
2020-07-21 22:14:41,5,4.09,1,Free_feed,Pellet,Left,0,0,146,1.0,0,FED
2020-07-21 22:14:45,5,4.09,1,Free_feed,Pellet,Left,0,0,147,1.0,0,FED
2020-07-21 22:14:50,5,4.09,1,Free_feed,Pellet,Left,0,0,148,2.0,0,FED
2020-07-21 22:14:59,5,4.09,1,Free_feed,Pellet,Left,0,0,149,6.0,0,FED
2020-07-21 22:15:06,5,4.09,1,Free_feed,Pellet,Left,0,0,150,5.0,0,FED
2020-07-21 22:15:12,5,4.09,1,Free_feed,Pellet,Left,0,0,151,3.0,0,FED
2020-07-21 22:15:29,5,4.09,1,Free_feed,Pellet,Left,0,0,152,14.0,0,FED
2020-07-21 22:15:33,5,4.09,1,Free_feed,Pellet,Left,0,0,153,1.0,0,FED
2020-07-21 22:15:38,5,4.09,1,Free_feed,Pellet,Left,0,0,154,2.0,0,FED
2020-07-21 22:15:43,5,4.09,1,Free_feed,Pellet,Left,0,0,155,3.0,0,FED
2020-07-21 22:15:57,5,4.09,1,Free_feed,Pellet,Left,0,0,156,11.0,0,FED
2020-07-21 22:16:14,5,4.09,1,Free_feed,Pellet,Left,0,0,157,14.0,0,FED
2020-07-21 22:16:46,5,4.09,1,Free_feed,Pellet,Left,0,0,158,9.0,0,FED
2020-07-21 22:17:03,5,4.09,1,Free_feed,Pellet,Left,0,0,159,14.0,0,FED
2020-07-21 22:17:12,5,4.09,1,Free_feed,Pellet,Left,0,0,160,6.0,0,FED
2020-07-21 22:24:58,5,4.09,1,Free_feed,Pellet,Left,0,0,161,0.0,0,FED
2020-07-21 22:50:00,5,4.09,1,Free_feed,Pellet,Left,0,0,162,0.0,0,FED
2020-07-21 22:50:05,5,4.09,1,Free_feed,Pellet,Left,0,0,163,2.0,0,FED
2020-07-21 22:50:15,5,4.09,1,Free_feed,Pellet,Left,0,0,164,7.0,0,FED
2020-07-21 22:50:31,5,4.09,1,Free_feed,Pellet,Left,0,0,165,13.0,0,FED
2020-07-21 22:50:48,5,4.09,2,Free_feed,Pellet,Left,0,0,166,13.0,0,FED
2020-07-21 22:51:01,5,4.09,1,Free_feed,Pellet,Left,0,0,167,10.0,0,FED
2020-07-21 23:30:17,5,4.09,1,Free_feed,Pellet,Left,0,0,168,0.0,0,FED
2020-07-21 23:31:33,5,4.09,1,Free_feed,Pellet,Left,0,0,169,73.0,0,FED
2020-07-21 23:31:38,5,4.09,1,Free_feed,Pellet,Left,0,0,170,3.0,0,FED
2020-07-21 23:34:39,5,4.09,2,Free_feed,Pellet,Left,0,0,171,0.0,0,FED
2020-07-21 23:34:50,5,4.09,1,Free_feed,Pellet,Left,0,0,172,2.0,0,FED
2020-07-21 23:34:55,5,4.09,1,Free_feed,Pellet,Left,0,0,173,2.0,0,FED
2020-07-21 23:35:01,5,4.09,1,Free_feed,Pellet,Left,0,0,174,3.0,0,FED
2020-07-21 23:56:46,5,4.08,1,Free_feed,Pellet,Left,0,0,175,0.0,0,FED
2020-07-21 23:58:22,5,4.08,1,Free_feed,Pellet,Left,0,0,176,94.0,0,FED
2020-07-21 23:58:45,5,4.09,1,Free_feed,Pellet,Left,0,0,177,20.0,0,FED
2020-07-21 23:59:02,5,4.09,1,Free_feed,Pellet,Left,0,0,178,14.0,0,FED
2020-07-21 23:59:17,5,4.09,1,Free_feed,Pellet,Left,0,0,179,12.0,0,FED
2020-07-21 23:59:35,5,4.09,3,Free_feed,Pellet,Left,0,0,180,12.0,0,FED
2020-07-21 23:59:50,5,4.09,1,Free_feed,Pellet,Left,0,0,181,12.0,0,FED
2020-07-22 00:00:07,5,4.09,1,Free_feed,Pellet,Left,0,0,182,15.0,0,FED
2020-07-22 00:00:25,5,4.09,1,Free_feed,Pellet,Left,0,0,183,15.0,0,FED
2020-07-22 00:00:37,5,4.09,1,Free_feed,Pellet,Left,0,0,184,9.0,0,FED
2020-07-22 00:00:44,5,4.09,1,Free_feed,Pellet,Left,0,0,185,4.0,0,FED
2020-07-22 02:29:32,5,4.09,2,Free_feed,Pellet,Left,0,0,186,0.0,0,FED
2020-07-22 02:29:37,5,4.08,1,Free_feed,Pellet,Left,0,0,187,2.0,0,FED
2020-07-22 02:30:07,5,4.09,1,Free_feed,Pellet,Left,0,0,188,27.0,0,FED
2020-07-22 02:30:20,5,4.08,1,Free_feed,Pellet,Left,0,0,189,11.0,0,FED
2020-07-22 02:31:04,5,4.08,2,Free_feed,Pellet,Left,0,0,190,40.0,0,FED
2020-07-22 02:31:09,5,4.08,1,Free_feed,Pellet,Left,0,0,191,2.0,0,FED
2020-07-22 02:31:28,5,4.08,1,Free_feed,Pellet,Left,0,0,192,16.0,0,FED
2020-07-22 02:31:50,5,4.08,1,Free_feed,Pellet,Left,0,0,193,19.0,0,FED
2020-07-22 02:31:56,5,4.08,1,Free_feed,Pellet,Left,0,0,194,3.0,0,FED
2020-07-22 03:35:05,5,4.09,1,Free_feed,Pellet,Left,0,0,195,0.0,0,FED
2020-07-22 03:35:18,5,4.08,1,Free_feed,Pellet,Left,0,0,196,11.0,0,FED
2020-07-22 03:35:27,5,4.07,1,Free_feed,Pellet,Left,0,0,197,6.0,0,FED
2020-07-22 03:35:52,5,4.08,1,Free_feed,Pellet,Left,0,0,198,22.0,0,FED
2020-07-22 03:35:59,5,4.08,1,Free_feed,Pellet,Left,0,0,199,4.0,0,FED
2020-07-22 03:36:06,5,4.07,1,Free_feed,Pellet,Left,0,0,200,4.0,0,FED
2020-07-22 03:36:38,5,4.07,1,Free_feed,Pellet,Left,0,0,201,29.0,0,FED
2020-07-22 03:36:45,5,4.07,2,Free_feed,Pellet,Left,0,0,202,2.0,0,FED
2020-07-22 03:37:08,5,4.08,1,Free_feed,Pellet,Left,0,0,203,20.0,0,FED
2020-07-22 04:08:20,5,4.08,1,Free_feed,Pellet,Left,0,0,204,0.0,0,FED
2020-07-22 04:08:26,5,4.07,2,Free_feed,Pellet,Left,0,0,205,1.0,0,FED
2020-07-22 04:08:33,5,4.08,1,Free_feed,Pellet,Left,0,0,206,4.0,0,FED
2020-07-22 04:09:16,5,4.07,1,Free_feed,Pellet,Left,0,0,207,15.0,0,FED
2020-07-22 04:09:26,5,4.07,2,Free_feed,Pellet,Left,0,0,208,5.0,0,FED
2020-07-22 04:09:39,5,4.07,1,Free_feed,Pellet,Left,0,0,209,10.0,0,FED
2020-07-22 04:10:18,5,4.08,1,Free_feed,Pellet,Left,0,0,210,37.0,0,FED
2020-07-22 04:10:27,5,4.07,1,Free_feed,Pellet,Left,0,0,211,6.0,0,FED
2020-07-22 04:10:44,5,4.07,1,Free_feed,Pellet,Left,0,0,212,14.0,0,FED
2020-07-22 04:10:58,5,4.08,1,Free_feed,Pellet,Left,0,0,213,11.0,0,FED
2020-07-22 04:11:13,5,4.07,1,Free_feed,Pellet,Left,0,0,214,13.0,0,FED
2020-07-22 04:11:18,5,4.08,1,Free_feed,Pellet,Left,0,0,215,1.0,0,FED
2020-07-22 04:11:35,5,4.08,1,Free_feed,Pellet,Left,0,0,216,14.0,0,FED
2020-07-22 04:18:45,5,4.08,1,Free_feed,Pellet,Left,0,0,217,0.0,0,FED
2020-07-22 04:18:49,5,4.07,1,Free_feed,Pellet,Left,0,0,218,2.0,0,FED
2020-07-22 04:18:59,5,4.07,2,Free_feed,Pellet,Left,0,0,219,6.0,0,FED
2020-07-22 04:19:16,5,4.08,1,Free_feed,Pellet,Left,0,0,220,14.0,0,FED
2020-07-22 05:21:57,5,4.08,1,Free_feed,Pellet,Left,0,0,221,0.0,0,FED
2020-07-22 05:22:06,5,4.07,1,Free_feed,Pellet,Left,0,0,222,7.0,0,FED
2020-07-22 05:22:26,5,4.07,1,Free_feed,Pellet,Left,0,0,223,17.0,0,FED
2020-07-22 05:23:13,5,4.07,1,Free_feed,Pellet,Left,0,0,224,44.0,0,FED
2020-07-22 05:23:23,5,4.07,1,Free_feed,Pellet,Left,0,0,225,7.0,0,FED
2020-07-22 05:23:27,5,4.07,1,Free_feed,Pellet,Left,0,0,226,2.0,0,FED
2020-07-22 05:25:01,5,4.08,1,Free_feed,Pellet,Left,0,0,227,92.0,0,FED
2020-07-22 05:25:09,5,4.08,1,Free_feed,Pellet,Left,0,0,228,6.0,0,FED
2020-07-22 05:25:15,5,4.07,1,Free_feed,Pellet,Left,0,0,229,3.0,0,FED
2020-07-22 05:25:31,5,4.08,1,Free_feed,Pellet,Left,0,0,230,14.0,0,FED
2020-07-22 05:25:37,5,4.07,1,Free_feed,Pellet,Left,0,0,231,3.0,0,FED
2020-07-22 06:31:00,5,4.08,1,Free_feed,Pellet,Left,0,0,232,0.0,0,FED
2020-07-22 06:31:43,5,4.07,1,Free_feed,Pellet,Left,0,0,233,40.0,0,FED
2020-07-22 06:32:37,5,4.07,1,Free_feed,Pellet,Left,0,0,234,1.0,0,FED
2020-07-22 06:32:45,5,4.07,1,Free_feed,Pellet,Left,0,0,235,5.0,0,FED
2020-07-22 06:34:49,5,4.07,1,Free_feed,Pellet,Left,0,0,236,0.0,0,FED
2020-07-22 06:34:55,5,4.07,1,Free_feed,Pellet,Left,0,0,237,4.0,0,FED
2020-07-22 06:34:59,5,4.07,1,Free_feed,Pellet,Left,0,0,238,1.0,0,FED
2020-07-22 06:35:16,5,4.08,1,Free_feed,Pellet,Left,0,0,239,14.0,0,FED
2020-07-22 06:35:27,5,4.07,1,Free_feed,Pellet,Left,0,0,240,8.0,0,FED
2020-07-22 07:02:18,5,4.07,2,Free_feed,Pellet,Left,0,0,241,0.0,0,FED
2020-07-22 07:04:16,5,4.07,1,Free_feed,Pellet,Left,0,0,242,116.0,0,FED
2020-07-22 07:04:21,5,4.07,1,Free_feed,Pellet,Left,0,0,243,1.0,0,FED
2020-07-22 07:04:27,5,4.07,1,Free_feed,Pellet,Left,0,0,244,4.0,0,FED
2020-07-22 07:04:46,5,4.07,1,Free_feed,Pellet,Left,0,0,245,16.0,0,FED
2020-07-22 07:48:58,5,4.07,1,Free_feed,Pellet,Left,0,0,246,0.0,0,FED
2020-07-22 07:49:17,5,4.07,1,Free_feed,Pellet,Left,0,0,247,16.0,0,FED
2020-07-22 07:49:31,5,4.07,1,Free_feed,Pellet,Left,0,0,248,11.0,0,FED
2020-07-22 07:50:01,5,4.07,1,Free_feed,Pellet,Left,0,0,249,26.0,0,FED
2020-07-22 07:51:06,5,4.07,1,Free_feed,Pellet,Left,0,0,250,63.0,0,FED
2020-07-22 09:19:59,5,4.07,1,Free_feed,Pellet,Left,0,0,251,36.0,0,FED
2020-07-22 09:20:09,5,4.07,2,Free_feed,Pellet,Left,0,0,252,5.0,0,FED
2020-07-22 09:20:32,5,4.07,1,Free_feed,Pellet,Left,0,0,253,20.0,0,FED
2020-07-22 09:20:39,5,4.07,1,Free_feed,Pellet,Left,0,0,254,5.0,0,FED
2020-07-22 09:21:25,5,4.07,1,Free_feed,Pellet,Left,0,0,255,44.0,0,FED
2020-07-22 09:21:50,5,4.07,1,Free_feed,Pellet,Left,0,0,256,22.0,0,FED
2020-07-22 09:22:22,5,4.07,1,Free_feed,Pellet,Left,0,0,257,28.0,0,FED
2020-07-22 09:22:29,5,4.07,1,Free_feed,Pellet,Left,0,0,258,5.0,0,FED
2020-07-22 09:22:35,5,4.07,2,Free_feed,Pellet,Left,0,0,259,1.0,0,FED
2020-07-22 10:06:40,5,4.07,1,Free_feed,Pellet,Left,0,0,260,0.0,0,FED
2020-07-22 12:09:37,5,4.07,2,Free_feed,Pellet,Left,0,0,261,0.0,0,FED
2020-07-22 12:09:43,5,4.06,2,Free_feed,Pellet,Left,0,0,262,1.0,0,FED
2020-07-22 12:09:59,5,4.06,1,Free_feed,Pellet,Left,0,0,263,13.0,0,FED
2020-07-22 12:10:09,5,4.07,3,Free_feed,Pellet,Left,0,0,264,3.0,0,FED
2020-07-22 12:10:26,5,4.07,1,Free_feed,Pellet,Left,0,0,265,15.0,0,FED
2020-07-22 12:10:46,5,4.06,1,Free_feed,Pellet,Left,0,0,266,17.0,0,FED
2020-07-22 12:29:17,5,4.06,2,Free_feed,Pellet,Left,0,0,267,10.0,0,FED
2020-07-22 12:29:35,5,4.06,1,Free_feed,Pellet,Left,0,0,268,14.0,0,FED
2020-07-22 12:29:42,5,4.07,3,Free_feed,Pellet,Left,0,0,269,1.0,0,FED
2020-07-22 12:30:02,5,4.06,1,Free_feed,Pellet,Left,0,0,270,17.0,0,FED
2020-07-22 12:30:06,5,4.06,1,Free_feed,Pellet,Left,0,0,271,2.0,0,FED
2020-07-22 12:30:18,5,4.06,1,Free_feed,Pellet,Left,0,0,272,9.0,0,FED
2020-07-22 12:30:32,5,4.07,1,Free_feed,Pellet,Left,0,0,273,11.0,0,FED
2020-07-22 12:30:52,5,4.06,1,Free_feed,Pellet,Left,0,0,274,17.0,0,FED
2020-07-22 12:30:59,5,4.07,1,Free_feed,Pellet,Left,0,0,275,4.0,0,FED
2020-07-22 12:31:16,5,4.05,1,Free_feed,Pellet,Left,0,0,276,14.0,0,FED
2020-07-22 12:31:31,5,4.06,1,Free_feed,Pellet,Left,0,0,277,12.0,0,FED
2020-07-22 12:31:52,5,4.07,1,Free_feed,Pellet,Left,0,0,278,18.0,0,FED
2020-07-22 12:32:07,5,4.06,1,Free_feed,Pellet,Left,0,0,279,13.0,0,FED
2020-07-22 12:32:21,5,4.06,1,Free_feed,Pellet,Left,0,0,280,11.0,0,FED
2020-07-22 12:32:39,5,4.06,1,Free_feed,Pellet,Left,0,0,281,15.0,0,FED
2020-07-22 12:32:58,5,4.06,2,Free_feed,Pellet,Left,0,0,282,15.0,0,FED
2020-07-22 14:09:44,5,4.06,1,Free_feed,Pellet,Left,0,0,283,0.0,0,FED
2020-07-22 14:09:49,5,4.05,2,Free_feed,Pellet,Left,0,0,284,1.0,0,FED
2020-07-22 14:09:57,5,4.05,1,Free_feed,Pellet,Left,0,0,285,5.0,0,FED
2020-07-22 14:10:01,5,4.05,1,Free_feed,Pellet,Left,0,0,286,2.0,0,FED
2020-07-22 14:10:12,5,4.06,1,Free_feed,Pellet,Left,0,0,287,8.0,0,FED
2020-07-22 14:10:22,5,4.06,1,Free_feed,Pellet,Left,0,0,288,8.0,0,FED
2020-07-22 14:10:35,5,4.06,1,Free_feed,Pellet,Left,0,0,289,10.0,0,FED
2020-07-22 14:10:47,5,4.06,1,Free_feed,Pellet,Left,0,0,290,9.0,0,FED
2020-07-22 14:11:01,5,4.06,2,Free_feed,Pellet,Left,0,0,291,9.0,0,FED
2020-07-22 16:08:07,5,4.05,2,Free_feed,Pellet,Left,0,0,292,16.0,0,FED
2020-07-22 16:08:12,5,4.06,1,Free_feed,Pellet,Left,0,0,293,3.0,0,FED
2020-07-22 16:08:19,5,4.05,1,Free_feed,Pellet,Left,0,0,294,4.0,0,FED
2020-07-22 16:08:35,5,4.05,1,Free_feed,Pellet,Left,0,0,295,13.0,0,FED
2020-07-22 16:08:50,5,4.05,2,Free_feed,Pellet,Left,0,0,296,10.0,0,FED
2020-07-22 16:09:09,5,4.05,1,Free_feed,Pellet,Left,0,0,297,16.0,0,FED
2020-07-22 16:09:14,5,4.06,2,Free_feed,Pellet,Left,0,0,298,1.0,0,FED
2020-07-22 16:09:29,5,4.05,1,Free_feed,Pellet,Left,0,0,299,12.0,0,FED
2020-07-22 16:09:33,5,4.05,1,Free_feed,Pellet,Left,0,0,300,1.0,0,FED
2020-07-22 16:09:43,5,4.05,1,Free_feed,Pellet,Left,0,0,301,6.0,0,FED
2020-07-22 16:09:59,5,4.05,7,Free_feed,Pellet,Left,0,0,302,1.0,0,FED
2020-07-22 16:10:14,5,4.05,1,Free_feed,Pellet,Left,0,0,303,12.0,0,FED
2020-07-22 16:10:32,5,4.05,1,Free_feed,Pellet,Left,0,0,304,15.0,0,FED
2020-07-22 16:10:46,5,4.05,1,Free_feed,Pellet,Left,0,0,305,11.0,0,FED
2020-07-22 17:32:58,5,4.05,1,Free_feed,Pellet,Left,0,0,306,0.0,0,FED
2020-07-22 17:39:15,5,4.05,1,Free_feed,Pellet,Left,0,0,307,0.0,0,FED
2020-07-22 17:39:19,5,4.05,1,Free_feed,Pellet,Left,0,0,308,1.0,0,FED
2020-07-22 17:39:26,5,4.05,1,Free_feed,Pellet,Left,0,0,309,3.0,0,FED
2020-07-22 17:39:42,5,4.05,1,Free_feed,Pellet,Left,0,0,310,14.0,0,FED
2020-07-22 17:40:01,5,4.05,1,Free_feed,Pellet,Left,0,0,311,16.0,0,FED
2020-07-22 17:40:05,5,4.05,1,Free_feed,Pellet,Left,0,0,312,1.0,0,FED
2020-07-22 17:40:15,5,4.05,1,Free_feed,Pellet,Left,0,0,313,6.0,0,FED
2020-07-22 17:40:33,5,4.05,1,Free_feed,Pellet,Left,0,0,314,16.0,0,FED
2020-07-22 17:40:42,5,4.05,1,Free_feed,Pellet,Left,0,0,315,6.0,0,FED
2020-07-22 17:40:51,5,4.05,1,Free_feed,Pellet,Left,0,0,316,5.0,0,FED
2020-07-22 17:41:05,5,4.05,1,Free_feed,Pellet,Left,0,0,317,12.0,0,FED
2020-07-22 17:41:26,5,4.05,1,Free_feed,Pellet,Left,0,0,318,18.0,0,FED
2020-07-22 17:41:39,5,4.05,1,Free_feed,Pellet,Left,0,0,319,10.0,0,FED
2020-07-22 17:41:54,5,4.05,1,Free_feed,Pellet,Left,0,0,320,11.0,0,FED
2020-07-22 19:05:04,5,4.05,1,Free_feed,Pellet,Left,0,0,321,0.0,0,FED
2020-07-22 19:05:22,5,4.05,1,Free_feed,Pellet,Left,0,0,322,15.0,0,FED
2020-07-22 19:06:24,5,4.05,2,Free_feed,Pellet,Left,0,0,323,58.0,0,FED
2020-07-22 19:06:28,5,4.05,1,Free_feed,Pellet,Left,0,0,324,2.0,0,FED
2020-07-22 19:06:32,5,4.05,1,Free_feed,Pellet,Left,0,0,325,1.0,0,FED
2020-07-22 19:06:39,5,4.05,1,Free_feed,Pellet,Left,0,0,326,5.0,0,FED
2020-07-22 19:06:42,5,4.05,1,Free_feed,Pellet,Left,0,0,327,0.0,0,FED
2020-07-22 19:06:52,5,4.05,1,Free_feed,Pellet,Left,0,0,328,7.0,0,FED
2020-07-22 19:07:04,5,4.05,1,Free_feed,Pellet,Left,0,0,329,9.0,0,FED
2020-07-22 19:07:21,5,4.05,1,Free_feed,Pellet,Left,0,0,330,13.0,0,FED
2020-07-22 19:07:35,5,4.05,1,Free_feed,Pellet,Left,0,0,331,12.0,0,FED
2020-07-22 19:07:47,5,4.05,1,Free_feed,Pellet,Left,0,0,332,9.0,0,FED
2020-07-22 19:08:04,5,4.05,1,Free_feed,Pellet,Left,0,0,333,14.0,0,FED
2020-07-22 19:51:40,5,4.05,1,Free_feed,Pellet,Left,0,0,334,0.0,0,FED
2020-07-22 19:56:18,5,4.05,1,Free_feed,Pellet,Left,0,0,335,0.0,0,FED
2020-07-22 19:56:22,5,4.05,1,Free_feed,Pellet,Left,0,0,336,1.0,0,FED
2020-07-22 19:56:38,5,4.05,1,Free_feed,Pellet,Left,0,0,337,13.0,0,FED
2020-07-22 19:56:42,5,4.05,1,Free_feed,Pellet,Left,0,0,338,1.0,0,FED
2020-07-22 19:56:48,5,4.05,1,Free_feed,Pellet,Left,0,0,339,4.0,0,FED
2020-07-22 19:57:01,5,4.05,1,Free_feed,Pellet,Left,0,0,340,10.0,0,FED
2020-07-22 19:57:12,5,4.05,1,Free_feed,Pellet,Left,0,0,341,8.0,0,FED
2020-07-22 19:57:31,5,4.05,1,Free_feed,Pellet,Left,0,0,342,16.0,0,FED
2020-07-22 19:57:35,5,4.05,1,Free_feed,Pellet,Left,0,0,343,1.0,0,FED
2020-07-22 19:57:45,5,4.04,1,Free_feed,Pellet,Left,0,0,344,8.0,0,FED
2020-07-22 19:57:59,5,4.05,1,Free_feed,Pellet,Left,0,0,345,11.0,0,FED
2020-07-22 19:58:04,5,4.05,2,Free_feed,Pellet,Left,0,0,346,0.0,0,FED
2020-07-22 19:58:16,5,4.05,1,Free_feed,Pellet,Left,0,0,347,9.0,0,FED
2020-07-22 19:58:32,5,4.05,2,Free_feed,Pellet,Left,0,0,348,12.0,0,FED
2020-07-22 19:58:46,5,4.05,1,Free_feed,Pellet,Left,0,0,349,11.0,0,FED
2020-07-22 19:59:01,5,4.05,1,Free_feed,Pellet,Left,0,0,350,12.0,0,FED
2020-07-22 19:59:19,5,4.05,1,Free_feed,Pellet,Left,0,0,351,15.0,0,FED
2020-07-22 19:59:35,5,4.05,1,Free_feed,Pellet,Left,0,0,352,13.0,0,FED
2020-07-22 19:59:50,5,4.04,1,Free_feed,Pellet,Left,0,0,353,12.0,0,FED
2020-07-22 20:00:46,5,4.05,1,Free_feed,Pellet,Left,0,0,354,54.0,0,FED
2020-07-22 20:19:59,5,4.05,1,Free_feed,Pellet,Left,0,0,355,0.0,0,FED
2020-07-22 20:20:03,5,4.05,1,Free_feed,Pellet,Left,0,0,356,1.0,0,FED
2020-07-22 20:20:13,5,4.05,1,Free_feed,Pellet,Left,0,0,357,7.0,0,FED
2020-07-22 20:20:32,5,4.05,1,Free_feed,Pellet,Left,0,0,358,16.0,0,FED
2020-07-22 20:20:36,5,4.05,1,Free_feed,Pellet,Left,0,0,359,1.0,0,FED
2020-07-22 20:31:08,5,4.05,2,Free_feed,Pellet,Left,0,0,360,0.0,0,FED
2020-07-22 20:31:14,5,4.04,1,Free_feed,Pellet,Left,0,0,361,1.0,0,FED
2020-07-22 20:31:26,5,4.04,1,Free_feed,Pellet,Left,0,0,362,9.0,0,FED
2020-07-22 20:31:40,5,4.05,1,Free_feed,Pellet,Left,0,0,363,11.0,0,FED
2020-07-22 20:31:53,5,4.04,1,Free_feed,Pellet,Left,0,0,364,8.0,0,FED
2020-07-22 20:32:10,5,4.04,2,Free_feed,Pellet,Left,0,0,365,13.0,0,FED
2020-07-22 20:32:25,5,4.05,2,Free_feed,Pellet,Left,0,0,366,0.0,0,FED
2020-07-22 20:32:33,5,4.05,1,Free_feed,Pellet,Left,0,0,367,5.0,0,FED
2020-07-22 20:43:15,5,4.05,1,Free_feed,Pellet,Left,0,0,368,0.0,0,FED
2020-07-22 20:43:19,5,4.05,1,Free_feed,Pellet,Left,0,0,369,1.0,0,FED
2020-07-22 20:43:26,5,4.05,1,Free_feed,Pellet,Left,0,0,370,3.0,0,FED
2020-07-22 20:43:30,5,4.05,1,Free_feed,Pellet,Left,0,0,371,1.0,0,FED
2020-07-22 20:43:42,5,4.04,2,Free_feed,Pellet,Left,0,0,372,8.0,0,FED
2020-07-22 20:43:46,5,4.04,1,Free_feed,Pellet,Left,0,0,373,1.0,0,FED
2020-07-22 20:43:55,5,4.04,1,Free_feed,Pellet,Left,0,0,374,7.0,0,FED
2020-07-22 20:44:09,5,4.05,2,Free_feed,Pellet,Left,0,0,375,9.0,0,FED
2020-07-22 20:44:13,5,4.04,1,Free_feed,Pellet,Left,0,0,376,1.0,0,FED
2020-07-22 20:44:26,5,4.04,1,Free_feed,Pellet,Left,0,0,377,10.0,0,FED
2020-07-22 20:45:28,5,4.04,1,Free_feed,Pellet,Left,0,0,378,60.0,0,FED
2020-07-22 20:45:32,5,4.04,1,Free_feed,Pellet,Left,0,0,379,0.0,0,FED
2020-07-22 20:45:38,5,4.05,1,Free_feed,Pellet,Left,0,0,380,4.0,0,FED
2020-07-22 20:45:54,5,4.04,1,Free_feed,Pellet,Left,0,0,381,13.0,0,FED
2020-07-22 20:46:11,5,4.05,1,Free_feed,Pellet,Left,0,0,382,13.0,0,FED
2020-07-22 20:46:31,5,4.05,1,Free_feed,Pellet,Left,0,0,383,18.0,0,FED
2020-07-22 20:46:44,5,4.05,1,Free_feed,Pellet,Left,0,0,384,10.0,0,FED
2020-07-22 21:13:04,5,4.04,1,Free_feed,Pellet,Left,0,0,385,0.0,0,FED
2020-07-22 22:08:05,5,4.04,1,Free_feed,Pellet,Left,0,0,386,1.0,0,FED
2020-07-22 22:08:11,5,4.04,1,Free_feed,Pellet,Left,0,0,387,3.0,0,FED
2020-07-22 22:08:25,5,4.04,1,Free_feed,Pellet,Left,0,0,388,11.0,0,FED
2020-07-22 22:08:43,5,4.05,1,Free_feed,Pellet,Left,0,0,389,15.0,0,FED
2020-07-22 22:08:47,5,4.04,1,Free_feed,Pellet,Left,0,0,390,2.0,0,FED
2020-07-22 22:08:53,5,4.04,2,Free_feed,Pellet,Left,0,0,391,2.0,0,FED
2020-07-22 22:24:25,5,4.04,1,Free_feed,Pellet,Left,0,0,392,0.0,0,FED
2020-07-22 22:24:29,5,4.04,1,Free_feed,Pellet,Left,0,0,393,2.0,0,FED
2020-07-22 22:24:33,5,4.04,1,Free_feed,Pellet,Left,0,0,394,2.0,0,FED
2020-07-22 22:24:42,5,4.04,1,Free_feed,Pellet,Left,0,0,395,7.0,0,FED
2020-07-22 22:24:48,5,4.03,1,Free_feed,Pellet,Left,0,0,396,3.0,0,FED
2020-07-22 22:24:54,5,4.04,2,Free_feed,Pellet,Left,0,0,397,2.0,0,FED
2020-07-22 22:25:00,5,4.04,1,Free_feed,Pellet,Left,0,0,398,3.0,0,FED
2020-07-22 22:25:09,5,4.04,1,Free_feed,Pellet,Left,0,0,399,6.0,0,FED
2020-07-22 22:25:20,5,4.04,1,Free_feed,Pellet,Left,0,0,400,9.0,0,FED
2020-07-22 22:57:51,5,4.04,2,Free_feed,Pellet,Left,0,0,401,35.0,0,FED
2020-07-22 22:57:55,5,4.04,1,Free_feed,Pellet,Left,0,0,402,1.0,0,FED
2020-07-22 22:58:06,5,4.04,1,Free_feed,Pellet,Left,0,0,403,8.0,0,FED
2020-07-22 22:58:09,5,4.04,1,Free_feed,Pellet,Left,0,0,404,0.0,0,FED
2020-07-22 22:58:18,5,4.04,1,Free_feed,Pellet,Left,0,0,405,6.0,0,FED
2020-07-22 22:58:30,5,4.04,2,Free_feed,Pellet,Left,0,0,406,8.0,0,FED
2020-07-22 22:59:03,5,4.03,1,Free_feed,Pellet,Left,0,0,407,30.0,0,FED
2020-07-22 22:59:20,5,4.03,1,Free_feed,Pellet,Left,0,0,408,14.0,0,FED
2020-07-22 22:59:31,5,4.03,1,Free_feed,Pellet,Left,0,0,409,8.0,0,FED
2020-07-22 22:59:35,5,4.03,1,Free_feed,Pellet,Left,0,0,410,1.0,0,FED
2020-07-22 22:59:45,5,4.04,1,Free_feed,Pellet,Left,0,0,411,8.0,0,FED
2020-07-22 23:00:02,5,4.03,1,Free_feed,Pellet,Left,0,0,412,15.0,0,FED
2020-07-22 23:00:06,5,4.04,1,Free_feed,Pellet,Left,0,0,413,2.0,0,FED
2020-07-23 01:33:33,5,4.04,1,Free_feed,Pellet,Left,0,0,414,0.0,0,FED
2020-07-23 01:33:36,5,4.03,1,Free_feed,Pellet,Left,0,0,415,1.0,0,FED
2020-07-23 01:34:07,5,4.03,1,Free_feed,Pellet,Left,0,0,416,28.0,0,FED
2020-07-23 01:34:33,5,4.03,1,Free_feed,Pellet,Left,0,0,417,22.0,0,FED
2020-07-23 01:34:36,5,4.03,1,Free_feed,Pellet,Left,0,0,418,1.0,0,FED
2020-07-23 02:00:03,5,4.03,1,Free_feed,Pellet,Left,0,0,419,0.0,0,FED
2020-07-23 02:00:06,5,4.03,1,Free_feed,Pellet,Left,0,0,420,0.0,0,FED
2020-07-23 02:01:12,5,4.03,1,Free_feed,Pellet,Left,0,0,421,63.0,0,FED
2020-07-23 02:01:30,5,4.03,1,Free_feed,Pellet,Left,0,0,422,14.0,0,FED
2020-07-23 02:01:51,5,4.03,1,Free_feed,Pellet,Left,0,0,423,19.0,0,FED
2020-07-23 02:01:55,5,4.03,1,Free_feed,Pellet,Left,0,0,424,1.0,0,FED
2020-07-23 02:01:59,5,4.03,1,Free_feed,Pellet,Left,0,0,425,1.0,0,FED
2020-07-23 02:02:07,5,4.03,1,Free_feed,Pellet,Left,0,0,426,6.0,0,FED
2020-07-23 02:02:23,5,4.03,1,Free_feed,Pellet,Left,0,0,427,13.0,0,FED
2020-07-23 02:04:45,5,4.03,1,Free_feed,Pellet,Left,0,0,428,0.0,0,FED
2020-07-23 02:04:50,5,4.03,1,Free_feed,Pellet,Left,0,0,429,2.0,0,FED
2020-07-23 02:04:57,5,4.03,1,Free_feed,Pellet,Left,0,0,430,4.0,0,FED
2020-07-23 02:05:09,5,4.03,1,Free_feed,Pellet,Left,0,0,431,9.0,0,FED
2020-07-23 02:05:24,5,4.03,1,Free_feed,Pellet,Left,0,0,432,12.0,0,FED
2020-07-23 02:05:39,5,4.03,1,Free_feed,Pellet,Left,0,0,433,12.0,0,FED
2020-07-23 03:26:23,5,4.03,2,Free_feed,Pellet,Left,0,0,434,0.0,0,FED
2020-07-23 03:27:24,5,4.03,1,Free_feed,Pellet,Left,0,0,435,58.0,0,FED
2020-07-23 04:51:59,5,4.03,2,Free_feed,Pellet,Left,0,0,436,0.0,0,FED
2020-07-23 04:53:33,5,4.03,1,Free_feed,Pellet,Left,0,0,437,91.0,0,FED
2020-07-23 04:53:37,5,4.02,1,Free_feed,Pellet,Left,0,0,438,2.0,0,FED
2020-07-23 04:53:51,5,4.03,1,Free_feed,Pellet,Left,0,0,439,12.0,0,FED
2020-07-23 04:54:03,5,4.02,1,Free_feed,Pellet,Left,0,0,440,9.0,0,FED
2020-07-23 04:54:35,5,4.02,2,Free_feed,Pellet,Left,0,0,441,28.0,0,FED
2020-07-23 04:54:39,5,4.02,1,Free_feed,Pellet,Left,0,0,442,1.0,0,FED
2020-07-23 04:55:23,5,4.02,1,Free_feed,Pellet,Left,0,0,443,41.0,0,FED
2020-07-23 04:55:27,5,4.02,1,Free_feed,Pellet,Left,0,0,444,1.0,0,FED
2020-07-23 04:55:43,5,4.02,1,Free_feed,Pellet,Left,0,0,445,13.0,0,FED
2020-07-23 04:55:47,5,4.02,1,Free_feed,Pellet,Left,0,0,446,1.0,0,FED
2020-07-23 04:55:50,5,4.03,1,Free_feed,Pellet,Left,0,0,447,1.0,0,FED
2020-07-23 04:57:33,5,4.02,1,Free_feed,Pellet,Left,0,0,448,99.0,0,FED
2020-07-23 05:38:56,5,4.02,1,Free_feed,Pellet,Left,0,0,449,0.0,0,FED
2020-07-23 05:39:05,5,4.02,1,Free_feed,Pellet,Left,0,0,450,6.0,0,FED
2020-07-23 05:40:18,5,4.02,1,Free_feed,Pellet,Left,0,0,451,71.0,0,FED
2020-07-23 05:40:22,5,4.02,1,Free_feed,Pellet,Left,0,0,452,2.0,0,FED
2020-07-23 05:40:30,5,4.02,2,Free_feed,Pellet,Left,0,0,453,3.0,0,FED
2020-07-23 05:40:45,5,4.02,1,Free_feed,Pellet,Left,0,0,454,12.0,0,FED
2020-07-23 05:41:00,5,4.03,1,Free_feed,Pellet,Left,0,0,455,12.0,0,FED
2020-07-23 05:41:34,5,4.02,1,Free_feed,Pellet,Left,0,0,456,31.0,0,FED
2020-07-23 05:41:38,5,4.02,1,Free_feed,Pellet,Left,0,0,457,1.0,0,FED
2020-07-23 05:41:50,5,4.02,1,Free_feed,Pellet,Left,0,0,458,9.0,0,FED
2020-07-23 05:42:08,5,4.02,1,Free_feed,Pellet,Left,0,0,459,16.0,0,FED
2020-07-23 05:42:11,5,4.02,1,Free_feed,Pellet,Left,0,0,460,0.0,0,FED
2020-07-23 05:42:22,5,4.02,1,Free_feed,Pellet,Left,0,0,461,8.0,0,FED
2020-07-23 05:42:40,5,4.02,1,Free_feed,Pellet,Left,0,0,462,15.0,0,FED
2020-07-23 05:42:44,5,4.02,1,Free_feed,Pellet,Left,0,0,463,1.0,0,FED
2020-07-23 05:42:53,5,4.02,1,Free_feed,Pellet,Left,0,0,464,6.0,0,FED
2020-07-23 05:43:10,5,4.02,1,Free_feed,Pellet,Left,0,0,465,15.0,0,FED
2020-07-23 05:44:44,5,4.02,1,Free_feed,Pellet,Left,0,0,466,92.0,0,FED
2020-07-23 06:39:54,5,4.02,1,Free_feed,Pellet,Left,0,0,467,1.0,0,FED
2020-07-23 06:39:58,5,4.02,1,Free_feed,Pellet,Left,0,0,468,1.0,0,FED
2020-07-23 06:40:09,5,4.02,1,Free_feed,Pellet,Left,0,0,469,8.0,0,FED
2020-07-23 06:40:50,5,4.02,1,Free_feed,Pellet,Left,0,0,470,38.0,0,FED
2020-07-23 06:41:02,5,4.02,1,Free_feed,Pellet,Left,0,0,471,10.0,0,FED
2020-07-23 06:41:19,5,4.02,1,Free_feed,Pellet,Left,0,0,472,14.0,0,FED
2020-07-23 06:42:13,5,4.02,1,Free_feed,Pellet,Left,0,0,473,51.0,0,FED
2020-07-23 06:42:58,5,4.02,1,Free_feed,Pellet,Left,0,0,474,1.0,0,FED
2020-07-23 06:43:02,5,4.02,1,Free_feed,Pellet,Left,0,0,475,1.0,0,FED
2020-07-23 06:44:23,5,4.02,1,Free_feed,Pellet,Left,0,0,476,78.0,0,FED
2020-07-23 06:44:30,5,4.02,1,Free_feed,Pellet,Left,0,0,477,4.0,0,FED
2020-07-23 06:44:48,5,4.02,1,Free_feed,Pellet,Left,0,0,478,15.0,0,FED
2020-07-23 06:45:04,5,4.02,1,Free_feed,Pellet,Left,0,0,479,13.0,0,FED
2020-07-23 06:45:21,5,4.02,1,Free_feed,Pellet,Left,0,0,480,14.0,0,FED
2020-07-23 06:45:36,5,4.02,1,Free_feed,Pellet,Left,0,0,481,12.0,0,FED
2020-07-23 06:45:51,5,4.02,1,Free_feed,Pellet,Left,0,0,482,13.0,0,FED
2020-07-23 06:46:10,5,4.02,1,Free_feed,Pellet,Left,0,0,483,16.0,0,FED
2020-07-23 06:47:01,5,4.02,1,Free_feed,Pellet,Left,0,0,484,49.0,0,FED
2020-07-23 06:47:08,5,4.02,1,Free_feed,Pellet,Left,0,0,485,4.0,0,FED
2020-07-23 06:47:19,5,4.02,1,Free_feed,Pellet,Left,0,0,486,8.0,0,FED
2020-07-23 06:47:45,5,4.02,1,Free_feed,Pellet,Left,0,0,487,23.0,0,FED
2020-07-23 06:47:58,5,4.02,1,Free_feed,Pellet,Left,0,0,488,11.0,0,FED
2020-07-23 06:48:14,5,4.02,1,Free_feed,Pellet,Left,0,0,489,13.0,0,FED
2020-07-23 06:48:32,5,4.02,1,Free_feed,Pellet,Left,0,0,490,15.0,0,FED
2020-07-23 07:48:14,5,4.02,1,Free_feed,Pellet,Left,0,0,491,0.0,0,FED
2020-07-23 07:48:56,5,4.02,1,Free_feed,Pellet,Left,0,0,492,39.0,0,FED
2020-07-23 07:49:04,5,4.01,1,Free_feed,Pellet,Left,0,0,493,5.0,0,FED
2020-07-23 07:49:21,5,4.02,1,Free_feed,Pellet,Left,0,0,494,14.0,0,FED
2020-07-23 07:51:11,5,4.02,2,Free_feed,Pellet,Left,0,0,495,105.0,0,FED
2020-07-23 07:51:26,5,4.02,1,Free_feed,Pellet,Left,0,0,496,11.0,0,FED
2020-07-23 07:51:38,5,4.02,1,Free_feed,Pellet,Left,0,0,497,9.0,0,FED
2020-07-23 07:51:54,5,4.02,1,Free_feed,Pellet,Left,0,0,498,14.0,0,FED
2020-07-23 09:06:06,5,4.02,1,Free_feed,Pellet,Left,0,0,499,0.0,0,FED
2020-07-23 09:06:24,5,4.02,1,Free_feed,Pellet,Left,0,0,500,16.0,0,FED
2020-07-23 09:06:34,5,4.02,1,Free_feed,Pellet,Left,0,0,501,8.0,0,FED
2020-07-23 11:03:54,5,4.01,2,Free_feed,Pellet,Left,0,0,502,0.0,0,FED
2020-07-23 11:04:07,5,4.01,2,Free_feed,Pellet,Left,0,0,503,9.0,0,FED
2020-07-23 11:04:23,5,4.01,1,Free_feed,Pellet,Left,0,0,504,13.0,0,FED
2020-07-23 11:04:36,5,4.01,1,Free_feed,Pellet,Left,0,0,505,10.0,0,FED
2020-07-23 11:04:52,5,4.0,1,Free_feed,Pellet,Left,0,0,506,14.0,0,FED
2020-07-23 11:05:04,5,4.01,1,Free_feed,Pellet,Left,0,0,507,9.0,0,FED
2020-07-23 11:05:08,5,4.01,1,Free_feed,Pellet,Left,0,0,508,0.0,0,FED
2020-07-23 11:05:23,5,4.0,1,Free_feed,Pellet,Left,0,0,509,13.0,0,FED
2020-07-23 12:26:11,5,4.0,1,Free_feed,Pellet,Left,0,0,510,0.0,0,FED
2020-07-23 12:26:15,5,4.0,1,Free_feed,Pellet,Left,0,0,511,1.0,0,FED
2020-07-23 12:26:30,5,4.0,1,Free_feed,Pellet,Left,0,0,512,12.0,0,FED
2020-07-23 12:27:19,5,4.0,1,Free_feed,Pellet,Left,0,0,513,46.0,0,FED
2020-07-23 12:27:29,5,4.0,1,Free_feed,Pellet,Left,0,0,514,7.0,0,FED
2020-07-23 12:27:43,5,4.0,1,Free_feed,Pellet,Left,0,0,515,11.0,0,FED
2020-07-23 12:27:58,5,4.0,1,Free_feed,Pellet,Left,0,0,516,12.0,0,FED
2020-07-23 12:28:11,5,4.01,1,Free_feed,Pellet,Left,0,0,517,11.0,0,FED
2020-07-23 12:28:26,5,4.0,1,Free_feed,Pellet,Left,0,0,518,12.0,0,FED
2020-07-23 12:28:42,5,4.0,1,Free_feed,Pellet,Left,0,0,519,13.0,0,FED
2020-07-23 12:29:00,5,4.0,1,Free_feed,Pellet,Left,0,0,520,16.0,0,FED
2020-07-23 12:29:17,5,4.0,1,Free_feed,Pellet,Left,0,0,521,14.0,0,FED
2020-07-23 12:29:33,5,4.0,1,Free_feed,Pellet,Left,0,0,522,14.0,0,FED
2020-07-23 12:30:01,5,4.01,1,Free_feed,Pellet,Left,0,0,523,25.0,0,FED
2020-07-23 12:30:14,5,4.0,1,Free_feed,Pellet,Left,0,0,524,11.0,0,FED
2020-07-23 12:30:30,5,4.0,1,Free_feed,Pellet,Left,0,0,525,13.0,0,FED
2020-07-23 12:30:45,5,4.0,1,Free_feed,Pellet,Left,0,0,526,13.0,0,FED
2020-07-23 14:58:47,5,4.0,1,Free_feed,Pellet,Left,0,0,527,0.0,0,FED
2020-07-23 15:03:33,5,4.0,1,Free_feed,Pellet,Left,0,0,528,17.0,0,FED
2020-07-23 15:03:47,5,4.0,1,Free_feed,Pellet,Left,0,0,529,11.0,0,FED
2020-07-23 15:04:02,5,4.0,1,Free_feed,Pellet,Left,0,0,530,12.0,0,FED
2020-07-23 15:04:17,5,4.0,1,Free_feed,Pellet,Left,0,0,531,13.0,0,FED
2020-07-23 15:04:33,5,4.0,1,Free_feed,Pellet,Left,0,0,532,13.0,0,FED
2020-07-23 16:30:31,5,4.0,1,Free_feed,Pellet,Left,0,0,533,0.0,0,FED
2020-07-23 16:30:37,5,3.99,2,Free_feed,Pellet,Left,0,0,534,1.0,0,FED
2020-07-23 16:31:10,5,3.99,1,Free_feed,Pellet,Left,0,0,535,30.0,0,FED
2020-07-23 16:31:26,5,4.0,1,Free_feed,Pellet,Left,0,0,536,13.0,0,FED
2020-07-23 16:31:41,5,3.99,1,Free_feed,Pellet,Left,0,0,537,12.0,0,FED
2020-07-23 16:31:57,5,3.99,1,Free_feed,Pellet,Left,0,0,538,13.0,0,FED
2020-07-23 16:32:15,5,3.99,1,Free_feed,Pellet,Left,0,0,539,14.0,0,FED
2020-07-23 16:32:33,5,4.0,1,Free_feed,Pellet,Left,0,0,540,16.0,0,FED
2020-07-23 16:32:51,5,3.99,1,Free_feed,Pellet,Left,0,0,541,15.0,0,FED
2020-07-23 16:33:09,5,3.99,2,Free_feed,Pellet,Left,0,0,542,13.0,0,FED
2020-07-23 16:33:27,5,3.99,1,Free_feed,Pellet,Left,0,0,543,14.0,0,FED
2020-07-23 16:33:45,5,3.99,1,Free_feed,Pellet,Left,0,0,544,16.0,0,FED
2020-07-23 16:38:28,5,4.0,2,Free_feed,Pellet,Left,0,0,545,0.0,0,FED
2020-07-23 16:39:03,5,3.99,1,Free_feed,Pellet,Left,0,0,546,32.0,0,FED
2020-07-23 18:06:28,5,3.99,1,Free_feed,Pellet,Left,0,0,547,0.0,0,FED
2020-07-23 18:06:45,5,3.98,1,Free_feed,Pellet,Left,0,0,548,14.0,0,FED
2020-07-23 18:06:57,5,3.98,1,Free_feed,Pellet,Left,0,0,549,10.0,0,FED
2020-07-23 18:07:13,5,3.98,1,Free_feed,Pellet,Left,0,0,550,13.0,0,FED
2020-07-23 18:07:27,5,3.99,1,Free_feed,Pellet,Left,0,0,551,11.0,0,FED
2020-07-23 18:56:26,5,3.98,1,Free_feed,Pellet,Left,0,0,552,0.0,0,FED
2020-07-23 18:56:42,5,3.99,1,Free_feed,Pellet,Left,0,0,553,13.0,0,FED
2020-07-23 18:56:57,5,3.99,1,Free_feed,Pellet,Left,0,0,554,13.0,0,FED
2020-07-23 18:57:15,5,3.98,1,Free_feed,Pellet,Left,0,0,555,16.0,0,FED
2020-07-23 18:57:18,5,3.99,1,Free_feed,Pellet,Left,0,0,556,1.0,0,FED
2020-07-23 18:57:52,5,3.99,1,Free_feed,Pellet,Left,0,0,557,31.0,0,FED
2020-07-23 18:58:04,5,3.98,1,Free_feed,Pellet,Left,0,0,558,10.0,0,FED
2020-07-23 18:58:20,5,3.98,1,Free_feed,Pellet,Left,0,0,559,13.0,0,FED
2020-07-23 18:58:34,5,3.99,1,Free_feed,Pellet,Left,0,0,560,11.0,0,FED
2020-07-23 18:58:51,5,3.98,1,Free_feed,Pellet,Left,0,0,561,14.0,0,FED
2020-07-23 18:59:06,5,3.98,1,Free_feed,Pellet,Left,0,0,562,12.0,0,FED
2020-07-23 19:31:16,5,3.98,1,Free_feed,Pellet,Left,0,0,563,0.0,0,FED
2020-07-23 19:31:22,5,3.98,2,Free_feed,Pellet,Left,0,0,564,1.0,0,FED
2020-07-23 19:31:37,5,3.98,1,Free_feed,Pellet,Left,0,0,565,12.0,0,FED
2020-07-23 19:31:49,5,3.98,1,Free_feed,Pellet,Left,0,0,566,10.0,0,FED
2020-07-23 19:32:01,5,3.98,1,Free_feed,Pellet,Left,0,0,567,9.0,0,FED
2020-07-23 19:32:15,5,3.98,1,Free_feed,Pellet,Left,0,0,568,11.0,0,FED
2020-07-23 19:32:30,5,3.98,1,Free_feed,Pellet,Left,0,0,569,11.0,0,FED
2020-07-23 19:32:50,5,3.98,1,Free_feed,Pellet,Left,0,0,570,18.0,0,FED
2020-07-23 19:32:55,5,3.98,1,Free_feed,Pellet,Left,0,0,571,2.0,0,FED
2020-07-23 19:33:03,5,3.98,1,Free_feed,Pellet,Left,0,0,572,6.0,0,FED
2020-07-23 19:33:19,5,3.98,1,Free_feed,Pellet,Left,0,0,573,13.0,0,FED
2020-07-23 19:33:35,5,3.98,1,Free_feed,Pellet,Left,0,0,574,12.0,0,FED
2020-07-23 19:38:45,5,3.98,1,Free_feed,Pellet,Left,0,0,575,0.0,0,FED
2020-07-23 19:39:01,5,3.98,1,Free_feed,Pellet,Left,0,0,576,13.0,0,FED
2020-07-23 20:04:22,5,3.98,1,Free_feed,Pellet,Left,0,0,577,0.0,0,FED
2020-07-23 20:04:36,5,3.98,3,Free_feed,Pellet,Left,0,0,578,7.0,0,FED
2020-07-23 20:04:48,5,3.98,1,Free_feed,Pellet,Left,0,0,579,9.0,0,FED
2020-07-23 20:05:01,5,3.98,1,Free_feed,Pellet,Left,0,0,580,10.0,0,FED
2020-07-23 20:05:12,5,3.98,1,Free_feed,Pellet,Left,0,0,581,8.0,0,FED
2020-07-23 20:05:25,5,3.98,1,Free_feed,Pellet,Left,0,0,582,10.0,0,FED
2020-07-23 20:05:37,5,3.98,1,Free_feed,Pellet,Left,0,0,583,9.0,0,FED
2020-07-23 20:05:50,5,3.98,2,Free_feed,Pellet,Left,0,0,584,8.0,0,FED
2020-07-23 20:06:20,5,3.98,1,Free_feed,Pellet,Left,0,0,585,14.0,0,FED
2020-07-23 20:06:34,5,3.98,1,Free_feed,Pellet,Left,0,0,586,11.0,0,FED
2020-07-23 20:09:28,5,3.98,3,Free_feed,Pellet,Left,0,0,587,0.0,0,FED
2020-07-23 20:14:35,5,3.98,2,Free_feed,Pellet,Left,0,0,588,0.0,0,FED
2020-07-23 20:14:39,5,3.98,1,Free_feed,Pellet,Left,0,0,589,1.0,0,FED
2020-07-23 20:14:47,5,3.98,3,Free_feed,Pellet,Left,0,0,590,2.0,0,FED
2020-07-23 20:15:05,5,3.98,1,Free_feed,Pellet,Left,0,0,591,15.0,0,FED
2020-07-23 20:15:18,5,3.98,1,Free_feed,Pellet,Left,0,0,592,9.0,0,FED
2020-07-23 20:15:30,5,3.98,1,Free_feed,Pellet,Left,0,0,593,9.0,0,FED
2020-07-23 20:15:43,5,3.98,1,Free_feed,Pellet,Left,0,0,594,10.0,0,FED
2020-07-23 20:16:01,5,3.98,5,Free_feed,Pellet,Left,0,0,595,5.0,0,FED
2020-07-23 20:16:19,5,3.98,2,Free_feed,Pellet,Left,0,0,596,14.0,0,FED
2020-07-23 20:40:55,5,3.97,4,Free_feed,Pellet,Left,0,0,597,0.0,0,FED
2020-07-23 20:41:00,5,3.97,2,Free_feed,Pellet,Left,0,0,598,1.0,0,FED
2020-07-23 20:41:24,5,3.98,1,Free_feed,Pellet,Left,0,0,599,21.0,0,FED
2020-07-23 20:41:35,5,3.98,1,Free_feed,Pellet,Left,0,0,600,9.0,0,FED
2020-07-23 20:41:50,5,3.98,1,Free_feed,Pellet,Left,0,0,601,12.0,0,FED
2020-07-23 20:42:02,5,3.98,1,Free_feed,Pellet,Left,0,0,602,9.0,0,FED
2020-07-23 20:42:16,5,3.98,1,Free_feed,Pellet,Left,0,0,603,11.0,0,FED
2020-07-23 20:42:29,5,3.98,1,Free_feed,Pellet,Left,0,0,604,10.0,0,FED
2020-07-23 20:43:12,5,3.98,1,Free_feed,Pellet,Left,0,0,605,41.0,0,FED
2020-07-23 20:43:26,5,3.98,1,Free_feed,Pellet,Left,0,0,606,11.0,0,FED
2020-07-23 21:31:00,5,3.98,1,Free_feed,Pellet,Left,0,0,607,0.0,0,FED
2020-07-23 21:31:10,5,3.98,1,Free_feed,Pellet,Left,0,0,608,7.0,0,FED
2020-07-23 21:31:23,5,3.97,1,Free_feed,Pellet,Left,0,0,609,10.0,0,FED
2020-07-23 21:31:34,5,3.97,3,Free_feed,Pellet,Left,0,0,610,5.0,0,FED
2020-07-23 21:31:45,5,3.98,1,Free_feed,Pellet,Left,0,0,611,8.0,0,FED
2020-07-23 21:32:00,5,3.97,3,Free_feed,Pellet,Left,0,0,612,10.0,0,FED
2020-07-23 21:32:11,5,3.98,1,Free_feed,Pellet,Left,0,0,613,8.0,0,FED
2020-07-23 21:32:25,5,3.97,3,Free_feed,Pellet,Left,0,0,614,7.0,0,FED
2020-07-23 21:32:38,5,3.97,1,Free_feed,Pellet,Left,0,0,615,10.0,0,FED
2020-07-23 21:32:51,5,3.98,1,Free_feed,Pellet,Left,0,0,616,9.0,0,FED
2020-07-23 21:33:07,5,3.98,2,Free_feed,Pellet,Left,0,0,617,12.0,0,FED
2020-07-23 21:33:18,5,3.98,1,Free_feed,Pellet,Left,0,0,618,8.0,0,FED
2020-07-23 21:54:56,5,3.98,2,Free_feed,Pellet,Left,0,0,619,0.0,0,FED
2020-07-23 21:55:33,5,3.98,2,Free_feed,Pellet,Left,0,0,620,31.0,0,FED
2020-07-23 21:55:43,5,3.98,1,Free_feed,Pellet,Left,0,0,621,7.0,0,FED
2020-07-23 21:55:56,5,3.97,1,Free_feed,Pellet,Left,0,0,622,10.0,0,FED
2020-07-23 21:56:06,5,3.97,1,Free_feed,Pellet,Left,0,0,623,7.0,0,FED
2020-07-23 21:56:21,5,3.98,1,Free_feed,Pellet,Left,0,0,624,13.0,0,FED
2020-07-23 21:56:33,5,3.97,2,Free_feed,Pellet,Left,0,0,625,8.0,0,FED
2020-07-23 21:57:15,5,3.97,1,Free_feed,Pellet,Left,0,0,626,39.0,0,FED
2020-07-23 21:57:56,5,3.98,1,Free_feed,Pellet,Left,0,0,627,39.0,0,FED
2020-07-23 21:58:03,5,3.97,2,Free_feed,Pellet,Left,0,0,628,2.0,0,FED
2020-07-23 21:58:19,5,3.98,2,Free_feed,Pellet,Left,0,0,629,11.0,0,FED
2020-07-23 21:58:23,5,3.98,1,Free_feed,Pellet,Left,0,0,630,1.0,0,FED
2020-07-23 21:58:33,5,3.98,1,Free_feed,Pellet,Left,0,0,631,7.0,0,FED
2020-07-23 21:58:45,5,3.98,1,Free_feed,Pellet,Left,0,0,632,9.0,0,FED
2020-07-23 21:58:59,5,3.98,1,Free_feed,Pellet,Left,0,0,633,11.0,0,FED
2020-07-23 22:40:04,5,3.97,1,Free_feed,Pellet,Left,0,0,634,83.0,0,FED
2020-07-23 22:40:22,5,3.97,1,Free_feed,Pellet,Left,0,0,635,15.0,0,FED
2020-07-23 22:41:00,5,3.97,1,Free_feed,Pellet,Left,0,0,636,35.0,0,FED
2020-07-23 22:41:14,5,3.97,1,Free_feed,Pellet,Left,0,0,637,11.0,0,FED
2020-07-23 22:41:25,5,3.97,1,Free_feed,Pellet,Left,0,0,638,8.0,0,FED
2020-07-23 22:41:42,5,3.97,1,Free_feed,Pellet,Left,0,0,639,13.0,0,FED
2020-07-24 00:04:18,5,3.98,1,Free_feed,Pellet,Left,0,0,640,0.0,0,FED
2020-07-24 00:04:26,5,3.97,1,Free_feed,Pellet,Left,0,0,641,5.0,0,FED
2020-07-24 00:04:46,5,3.96,1,Free_feed,Pellet,Left,0,0,642,18.0,0,FED
2020-07-24 00:05:30,5,3.97,1,Free_feed,Pellet,Left,0,0,643,41.0,0,FED
2020-07-24 00:05:47,5,3.97,1,Free_feed,Pellet,Left,0,0,644,14.0,0,FED
2020-07-24 00:05:58,5,3.97,1,Free_feed,Pellet,Left,0,0,645,9.0,0,FED
2020-07-24 00:06:12,5,3.97,1,Free_feed,Pellet,Left,0,0,646,11.0,0,FED
2020-07-24 00:06:26,5,3.96,1,Free_feed,Pellet,Left,0,0,647,11.0,0,FED
2020-07-24 00:06:47,5,3.96,1,Free_feed,Pellet,Left,0,0,648,18.0,0,FED
2020-07-24 00:06:59,5,3.97,1,Free_feed,Pellet,Left,0,0,649,9.0,0,FED
2020-07-24 00:07:37,5,3.96,1,Free_feed,Pellet,Left,0,0,650,36.0,0,FED
2020-07-24 00:07:47,5,3.97,1,Free_feed,Pellet,Left,0,0,651,7.0,0,FED
2020-07-24 00:08:02,5,3.96,2,Free_feed,Pellet,Left,0,0,652,10.0,0,FED
2020-07-24 00:12:55,5,3.97,1,Free_feed,Pellet,Left,0,0,653,0.0,0,FED
2020-07-24 00:52:40,5,3.97,1,Free_feed,Pellet,Left,0,0,654,0.0,0,FED
2020-07-24 00:52:57,5,3.96,1,Free_feed,Pellet,Left,0,0,655,14.0,0,FED
2020-07-24 00:53:08,5,3.96,1,Free_feed,Pellet,Left,0,0,656,8.0,0,FED
2020-07-24 00:53:20,5,3.96,1,Free_feed,Pellet,Left,0,0,657,9.0,0,FED
2020-07-24 00:54:08,5,3.96,1,Free_feed,Pellet,Left,0,0,658,45.0,0,FED
2020-07-24 00:54:17,5,3.96,1,Free_feed,Pellet,Left,0,0,659,7.0,0,FED
2020-07-24 00:54:32,5,3.96,1,Free_feed,Pellet,Left,0,0,660,12.0,0,FED
2020-07-24 00:54:43,5,3.96,1,Free_feed,Pellet,Left,0,0,661,8.0,0,FED
2020-07-24 00:54:58,5,3.96,1,Free_feed,Pellet,Left,0,0,662,11.0,0,FED
2020-07-24 00:55:59,5,3.96,2,Free_feed,Pellet,Left,0,0,663,57.0,0,FED
2020-07-24 00:56:20,5,3.96,1,Free_feed,Pellet,Left,0,0,664,18.0,0,FED
2020-07-24 00:56:35,5,3.96,1,Free_feed,Pellet,Left,0,0,665,12.0,0,FED
2020-07-24 02:24:09,5,3.97,1,Free_feed,Pellet,Left,0,0,666,0.0,0,FED
2020-07-24 02:24:28,5,3.96,1,Free_feed,Pellet,Left,0,0,667,17.0,0,FED
2020-07-24 02:25:01,5,3.96,1,Free_feed,Pellet,Left,0,0,668,30.0,0,FED
2020-07-24 02:25:26,5,3.96,2,Free_feed,Pellet,Left,0,0,669,20.0,0,FED
2020-07-24 02:25:30,5,3.96,1,Free_feed,Pellet,Left,0,0,670,1.0,0,FED
2020-07-24 02:26:05,5,3.96,1,Free_feed,Pellet,Left,0,0,671,32.0,0,FED
2020-07-24 02:26:18,5,3.96,1,Free_feed,Pellet,Left,0,0,672,10.0,0,FED
2020-07-24 02:26:34,5,3.96,1,Free_feed,Pellet,Left,0,0,673,13.0,0,FED
2020-07-24 02:26:57,5,3.96,1,Free_feed,Pellet,Left,0,0,674,20.0,0,FED
2020-07-24 02:27:07,5,3.96,2,Free_feed,Pellet,Left,0,0,675,5.0,0,FED
2020-07-24 02:46:46,5,3.96,1,Free_feed,Pellet,Left,0,0,676,2.0,0,FED
2020-07-24 04:00:31,5,3.96,2,Free_feed,Pellet,Left,0,0,677,0.0,0,FED
2020-07-24 04:00:46,5,3.95,1,Free_feed,Pellet,Left,0,0,678,12.0,0,FED
2020-07-24 04:01:04,5,3.96,1,Free_feed,Pellet,Left,0,0,679,14.0,0,FED
2020-07-24 04:01:19,5,3.95,1,Free_feed,Pellet,Left,0,0,680,13.0,0,FED
2020-07-24 04:01:37,5,3.95,1,Free_feed,Pellet,Left,0,0,681,15.0,0,FED
2020-07-24 04:01:54,5,3.96,1,Free_feed,Pellet,Left,0,0,682,14.0,0,FED
2020-07-24 04:02:24,5,3.96,1,Free_feed,Pellet,Left,0,0,683,27.0,0,FED
2020-07-24 04:03:02,5,3.95,2,Free_feed,Pellet,Left,0,0,684,33.0,0,FED
2020-07-24 04:03:21,5,3.96,1,Free_feed,Pellet,Left,0,0,685,16.0,0,FED
2020-07-24 04:03:39,5,3.95,1,Free_feed,Pellet,Left,0,0,686,15.0,0,FED
2020-07-24 04:03:53,5,3.96,1,Free_feed,Pellet,Left,0,0,687,11.0,0,FED
2020-07-24 04:04:20,5,3.96,2,Free_feed,Pellet,Left,0,0,688,22.0,0,FED
2020-07-24 04:04:24,5,3.95,1,Free_feed,Pellet,Left,0,0,689,1.0,0,FED
2020-07-24 05:32:42,5,3.95,1,Free_feed,Pellet,Left,0,0,690,0.0,0,FED
2020-07-24 05:32:58,5,3.94,1,Free_feed,Pellet,Left,0,0,691,13.0,0,FED
2020-07-24 05:33:16,5,3.95,1,Free_feed,Pellet,Left,0,0,692,14.0,0,FED
2020-07-24 05:33:30,5,3.94,1,Free_feed,Pellet,Left,0,0,693,12.0,0,FED
2020-07-24 05:33:45,5,3.95,1,Free_feed,Pellet,Left,0,0,694,13.0,0,FED
2020-07-24 05:33:54,5,3.94,1,Free_feed,Pellet,Left,0,0,695,7.0,0,FED
2020-07-24 05:34:20,5,3.95,1,Free_feed,Pellet,Left,0,0,696,24.0,0,FED
2020-07-24 05:34:42,5,3.96,1,Free_feed,Pellet,Left,0,0,697,19.0,0,FED
2020-07-24 05:34:49,5,3.95,1,Free_feed,Pellet,Left,0,0,698,5.0,0,FED
2020-07-24 05:34:53,5,3.95,1,Free_feed,Pellet,Left,0,0,699,1.0,0,FED
2020-07-24 05:35:01,5,3.94,3,Free_feed,Pellet,Left,0,0,700,2.0,0,FED
2020-07-24 05:35:18,5,3.95,1,Free_feed,Pellet,Left,0,0,701,15.0,0,FED
2020-07-24 05:35:36,5,3.95,1,Free_feed,Pellet,Left,0,0,702,15.0,0,FED
2020-07-24 05:35:52,5,3.95,1,Free_feed,Pellet,Left,0,0,703,13.0,0,FED
2020-07-24 05:36:12,5,3.94,1,Free_feed,Pellet,Left,0,0,704,18.0,0,FED
2020-07-24 05:36:30,5,3.95,1,Free_feed,Pellet,Left,0,0,705,15.0,0,FED
2020-07-24 05:36:34,5,3.94,1,Free_feed,Pellet,Left,0,0,706,1.0,0,FED
2020-07-24 05:36:51,5,3.94,1,Free_feed,Pellet,Left,0,0,707,14.0,0,FED
2020-07-24 05:37:06,5,3.94,1,Free_feed,Pellet,Left,0,0,708,12.0,0,FED
2020-07-24 05:37:24,5,3.94,1,Free_feed,Pellet,Left,0,0,709,15.0,0,FED
2020-07-24 08:05:49,5,3.94,1,Free_feed,Pellet,Left,0,0,710,0.0,0,FED
2020-07-24 08:06:25,5,3.94,1,Free_feed,Pellet,Left,0,0,711,33.0,0,FED
2020-07-24 08:06:43,5,3.94,1,Free_feed,Pellet,Left,0,0,712,15.0,0,FED
2020-07-24 08:46:36,5,3.94,1,Free_feed,Pellet,Left,0,0,713,104.0,0,FED
2020-07-24 08:46:42,5,3.93,2,Free_feed,Pellet,Left,0,0,714,1.0,0,FED
2020-07-24 08:46:55,5,3.93,1,Free_feed,Pellet,Left,0,0,715,10.0,0,FED
2020-07-24 08:48:11,5,3.94,1,Free_feed,Pellet,Left,0,0,716,72.0,0,FED
2020-07-24 09:52:23,5,3.93,1,Free_feed,Pellet,Left,0,0,717,0.0,0,FED
2020-07-24 10:35:40,5,3.93,2,Free_feed,Pellet,Left,0,0,718,0.0,0,FED
2020-07-24 10:36:07,5,3.93,1,Free_feed,Pellet,Left,0,0,719,23.0,0,FED
2020-07-24 10:36:26,5,3.93,1,Free_feed,Pellet,Left,0,0,720,17.0,0,FED
2020-07-24 10:36:30,5,3.93,1,Free_feed,Pellet,Left,0,0,721,1.0,0,FED
2020-07-24 10:36:41,5,3.93,1,Free_feed,Pellet,Left,0,0,722,8.0,0,FED
2020-07-24 10:36:59,5,3.93,1,Free_feed,Pellet,Left,0,0,723,16.0,0,FED
2020-07-24 15:08:18,5,3.93,1,Free_feed,Pellet,Left,0,0,724,0.0,0,FED
2020-07-24 15:08:35,5,3.91,1,Free_feed,Pellet,Left,0,0,725,15.0,0,FED
2020-07-24 15:09:00,5,3.91,1,Free_feed,Pellet,Left,0,0,726,22.0,0,FED
2020-07-24 15:09:16,5,3.91,1,Free_feed,Pellet,Left,0,0,727,13.0,0,FED
2020-07-24 15:09:20,5,3.91,1,Free_feed,Pellet,Left,0,0,728,1.0,0,FED
2020-07-24 15:09:33,5,3.92,1,Free_feed,Pellet,Left,0,0,729,10.0,0,FED
2020-07-24 15:09:51,5,3.91,1,Free_feed,Pellet,Left,0,0,730,15.0,0,FED
2020-07-24 15:10:08,5,3.92,1,Free_feed,Pellet,Left,0,0,731,13.0,0,FED
2020-07-24 15:10:28,5,3.92,1,Free_feed,Pellet,Left,0,0,732,18.0,0,FED
2020-07-24 15:10:47,5,3.91,1,Free_feed,Pellet,Left,0,0,733,15.0,0,FED
2020-07-24 15:10:50,5,3.91,1,Free_feed,Pellet,Left,0,0,734,0.0,0,FED
2020-07-24 15:10:55,5,3.92,1,Free_feed,Pellet,Left,0,0,735,2.0,0,FED
2020-07-24 15:11:05,5,3.91,1,Free_feed,Pellet,Left,0,0,736,8.0,0,FED
2020-07-24 15:11:29,5,3.91,1,Free_feed,Pellet,Left,0,0,737,21.0,0,FED
2020-07-24 15:11:40,5,3.91,1,Free_feed,Pellet,Left,0,0,738,8.0,0,FED
2020-07-24 15:11:52,5,3.91,2,Free_feed,Pellet,Left,0,0,739,8.0,0,FED
2020-07-24 17:37:31,5,3.91,2,Free_feed,Pellet,Left,0,0,740,0.0,0,FED
2020-07-24 17:37:47,5,3.91,1,Free_feed,Pellet,Left,0,0,741,13.0,0,FED
2020-07-24 17:38:02,5,3.9,1,Free_feed,Pellet,Left,0,0,742,12.0,0,FED
2020-07-24 17:38:24,5,3.91,1,Free_feed,Pellet,Left,0,0,743,19.0,0,FED
2020-07-24 17:38:52,5,3.91,1,Free_feed,Pellet,Left,0,0,744,26.0,0,FED
2020-07-24 17:39:05,5,3.91,1,Free_feed,Pellet,Left,0,0,745,9.0,0,FED
2020-07-24 17:42:42,5,3.91,1,Free_feed,Pellet,Left,0,0,746,0.0,0,FED
2020-07-24 17:42:56,5,3.91,1,Free_feed,Pellet,Left,0,0,747,12.0,0,FED
2020-07-24 17:43:09,5,3.91,1,Free_feed,Pellet,Left,0,0,748,10.0,0,FED
2020-07-24 18:35:11,5,3.91,1,Free_feed,Pellet,Left,0,0,749,0.0,0,FED
2020-07-24 18:35:15,5,3.91,1,Free_feed,Pellet,Left,0,0,750,1.0,0,FED
2020-07-24 18:35:31,5,3.91,1,Free_feed,Pellet,Left,0,0,751,13.0,0,FED
2020-07-24 18:35:44,5,3.91,1,Free_feed,Pellet,Left,0,0,752,10.0,0,FED
2020-07-24 18:35:59,5,3.9,1,Free_feed,Pellet,Left,0,0,753,12.0,0,FED
2020-07-24 18:36:14,5,3.91,1,Free_feed,Pellet,Left,0,0,754,12.0,0,FED
2020-07-24 18:36:30,5,3.91,1,Free_feed,Pellet,Left,0,0,755,13.0,0,FED
2020-07-24 18:36:44,5,3.91,1,Free_feed,Pellet,Left,0,0,756,11.0,0,FED
2020-07-24 18:37:03,5,3.91,1,Free_feed,Pellet,Left,0,0,757,16.0,0,FED
2020-07-24 18:37:19,5,3.91,2,Free_feed,Pellet,Left,0,0,758,12.0,0,FED
2020-07-24 19:26:40,5,3.91,1,Free_feed,Pellet,Left,0,0,759,0.0,0,FED
2020-07-24 19:37:35,5,3.91,1,Free_feed,Pellet,Left,0,0,760,12.0,0,FED
2020-07-24 19:37:45,5,3.91,1,Free_feed,Pellet,Left,0,0,761,7.0,0,FED
2020-07-24 19:37:59,5,3.91,1,Free_feed,Pellet,Left,0,0,762,11.0,0,FED
2020-07-24 19:38:10,5,3.91,2,Free_feed,Pellet,Left,0,0,763,6.0,0,FED
2020-07-24 19:38:25,5,3.91,1,Free_feed,Pellet,Left,0,0,764,11.0,0,FED
2020-07-24 19:38:41,5,3.91,1,Free_feed,Pellet,Left,0,0,765,13.0,0,FED
2020-07-24 19:38:54,5,3.9,1,Free_feed,Pellet,Left,0,0,766,10.0,0,FED
2020-07-24 19:57:18,5,3.91,1,Free_feed,Pellet,Left,0,0,767,0.0,0,FED
2020-07-24 19:57:26,5,3.9,1,Free_feed,Pellet,Left,0,0,768,5.0,0,FED
2020-07-24 19:57:38,5,3.9,1,Free_feed,Pellet,Left,0,0,769,9.0,0,FED
2020-07-24 19:57:52,5,3.91,1,Free_feed,Pellet,Left,0,0,770,11.0,0,FED
2020-07-24 19:58:03,5,3.91,1,Free_feed,Pellet,Left,0,0,771,9.0,0,FED
2020-07-24 19:58:18,5,3.9,1,Free_feed,Pellet,Left,0,0,772,11.0,0,FED
2020-07-24 19:58:21,5,3.9,1,Free_feed,Pellet,Left,0,0,773,1.0,0,FED
2020-07-24 19:58:49,5,3.9,1,Free_feed,Pellet,Left,0,0,774,25.0,0,FED
2020-07-24 19:58:53,5,3.9,1,Free_feed,Pellet,Left,0,0,775,1.0,0,FED
2020-07-24 19:59:53,5,3.9,1,Free_feed,Pellet,Left,0,0,776,58.0,0,FED
2020-07-24 19:59:57,5,3.91,1,Free_feed,Pellet,Left,0,0,777,1.0,0,FED
2020-07-24 20:00:05,5,3.91,2,Free_feed,Pellet,Left,0,0,778,3.0,0,FED
2020-07-24 20:54:50,5,3.9,1,Free_feed,Pellet,Left,0,0,779,0.0,0,FED
2020-07-24 20:54:55,5,3.9,1,Free_feed,Pellet,Left,0,0,780,1.0,0,FED
2020-07-24 20:55:03,5,3.9,1,Free_feed,Pellet,Left,0,0,781,6.0,0,FED
2020-07-24 20:55:20,5,3.9,1,Free_feed,Pellet,Left,0,0,782,14.0,0,FED
2020-07-24 20:55:30,5,3.9,1,Free_feed,Pellet,Left,0,0,783,7.0,0,FED
2020-07-24 20:55:46,5,3.9,1,Free_feed,Pellet,Left,0,0,784,13.0,0,FED
2020-07-24 20:56:01,5,3.89,1,Free_feed,Pellet,Left,0,0,785,12.0,0,FED
2020-07-24 20:56:16,5,3.89,2,Free_feed,Pellet,Left,0,0,786,10.0,0,FED
2020-07-24 20:56:35,5,3.9,1,Free_feed,Pellet,Left,0,0,787,17.0,0,FED
2020-07-24 20:58:03,5,3.9,1,Free_feed,Pellet,Left,0,0,788,85.0,0,FED
2020-07-24 20:58:18,5,3.9,1,Free_feed,Pellet,Left,0,0,789,13.0,0,FED
2020-07-24 20:58:31,5,3.9,1,Free_feed,Pellet,Left,0,0,790,9.0,0,FED
2020-07-24 20:58:49,5,3.9,1,Free_feed,Pellet,Left,0,0,791,16.0,0,FED
2020-07-24 20:59:03,5,3.89,1,Free_feed,Pellet,Left,0,0,792,11.0,0,FED
2020-07-24 20:59:21,5,3.9,1,Free_feed,Pellet,Left,0,0,793,15.0,0,FED
2020-07-24 20:59:38,5,3.9,1,Free_feed,Pellet,Left,0,0,794,14.0,0,FED
2020-07-24 21:34:43,5,3.9,1,Free_feed,Pellet,Left,0,0,795,0.0,0,FED
2020-07-24 21:34:59,5,3.89,1,Free_feed,Pellet,Left,0,0,796,9.0,0,FED
2020-07-24 21:35:28,5,3.9,2,Free_feed,Pellet,Left,0,0,797,24.0,0,FED
2020-07-24 21:36:20,5,3.89,1,Free_feed,Pellet,Left,0,0,798,1.0,0,FED
2020-07-24 21:36:27,5,3.9,1,Free_feed,Pellet,Left,0,0,799,4.0,0,FED
2020-07-24 21:36:30,5,3.9,1,Free_feed,Pellet,Left,0,0,800,1.0,0,FED
2020-07-24 21:36:41,5,3.89,1,Free_feed,Pellet,Left,0,0,801,8.0,0,FED
2020-07-24 21:36:53,5,3.89,1,Free_feed,Pellet,Left,0,0,802,10.0,0,FED
2020-07-24 21:37:03,5,3.9,1,Free_feed,Pellet,Left,0,0,803,6.0,0,FED
2020-07-24 21:37:27,5,3.89,1,Free_feed,Pellet,Left,0,0,804,22.0,0,FED
2020-07-24 21:37:42,5,3.89,1,Free_feed,Pellet,Left,0,0,805,12.0,0,FED
2020-07-24 21:37:50,5,3.9,1,Free_feed,Pellet,Left,0,0,806,5.0,0,FED
2020-07-24 21:38:23,5,3.9,2,Free_feed,Pellet,Left,0,0,807,16.0,0,FED
2020-07-24 21:38:38,5,3.89,1,Free_feed,Pellet,Left,0,0,808,11.0,0,FED
2020-07-24 21:38:53,5,3.89,1,Free_feed,Pellet,Left,0,0,809,13.0,0,FED
2020-07-24 21:39:06,5,3.9,1,Free_feed,Pellet,Left,0,0,810,11.0,0,FED
2020-07-24 22:05:39,5,3.9,1,Free_feed,Pellet,Left,0,0,811,0.0,0,FED
2020-07-24 22:06:30,5,3.9,1,Free_feed,Pellet,Left,0,0,812,48.0,0,FED
2020-07-24 22:06:41,5,3.89,1,Free_feed,Pellet,Left,0,0,813,9.0,0,FED
2020-07-24 22:06:58,5,3.89,1,Free_feed,Pellet,Left,0,0,814,13.0,0,FED
2020-07-24 22:07:10,5,3.9,1,Free_feed,Pellet,Left,0,0,815,10.0,0,FED
2020-07-24 22:07:25,5,3.9,3,Free_feed,Pellet,Left,0,0,816,8.0,0,FED
2020-07-24 22:07:38,5,3.89,1,Free_feed,Pellet,Left,0,0,817,11.0,0,FED
2020-07-24 22:07:56,5,3.9,2,Free_feed,Pellet,Left,0,0,818,13.0,0,FED
2020-07-24 22:08:08,5,3.9,1,Free_feed,Pellet,Left,0,0,819,10.0,0,FED
2020-07-24 22:08:21,5,3.9,1,Free_feed,Pellet,Left,0,0,820,11.0,0,FED
2020-07-24 22:08:30,5,3.9,2,Free_feed,Pellet,Left,0,0,821,4.0,0,FED
2020-07-24 22:24:48,5,3.89,1,Free_feed,Pellet,Left,0,0,822,0.0,0,FED
2020-07-24 22:25:10,5,3.89,1,Free_feed,Pellet,Left,0,0,823,19.0,0,FED
2020-07-24 22:25:20,5,3.89,1,Free_feed,Pellet,Left,0,0,824,7.0,0,FED
2020-07-24 22:25:33,5,3.9,1,Free_feed,Pellet,Left,0,0,825,10.0,0,FED
2020-07-24 22:25:46,5,3.9,1,Free_feed,Pellet,Left,0,0,826,10.0,0,FED
2020-07-24 22:25:51,5,3.89,1,Free_feed,Pellet,Left,0,0,827,1.0,0,FED
2020-07-24 22:26:04,5,3.9,1,Free_feed,Pellet,Left,0,0,828,11.0,0,FED
2020-07-24 23:46:06,5,3.89,1,Free_feed,Pellet,Left,0,0,829,0.0,0,FED
2020-07-24 23:50:14,5,3.89,1,Free_feed,Pellet,Left,0,0,830,11.0,0,FED
2020-07-24 23:50:39,5,3.89,2,Free_feed,Pellet,Left,0,0,831,20.0,0,FED
2020-07-24 23:50:55,5,3.89,1,Free_feed,Pellet,Left,0,0,832,13.0,0,FED
2020-07-24 23:51:09,5,3.89,2,Free_feed,Pellet,Left,0,0,833,10.0,0,FED
2020-07-25 02:17:22,5,3.89,1,Free_feed,Pellet,Left,0,0,834,0.0,0,FED
2020-07-25 02:17:51,5,3.89,1,Free_feed,Pellet,Left,0,0,835,25.0,0,FED
2020-07-25 02:18:01,5,3.89,1,Free_feed,Pellet,Left,0,0,836,8.0,0,FED
2020-07-25 02:18:15,5,3.89,2,Free_feed,Pellet,Left,0,0,837,9.0,0,FED
2020-07-25 02:18:27,5,3.89,1,Free_feed,Pellet,Left,0,0,838,10.0,0,FED
2020-07-25 02:18:41,5,3.89,1,Free_feed,Pellet,Left,0,0,839,11.0,0,FED
2020-07-25 02:19:01,5,3.89,2,Free_feed,Pellet,Left,0,0,840,15.0,0,FED
2020-07-25 02:19:12,5,3.89,1,Free_feed,Pellet,Left,0,0,841,8.0,0,FED
2020-07-25 02:19:45,5,3.89,1,Free_feed,Pellet,Left,0,0,842,29.0,0,FED
2020-07-25 02:19:48,5,3.89,1,Free_feed,Pellet,Left,0,0,843,1.0,0,FED
2020-07-25 02:20:26,5,3.89,3,Free_feed,Pellet,Left,0,0,844,31.0,0,FED
2020-07-25 02:21:17,5,3.89,1,Free_feed,Pellet,Left,0,0,845,49.0,0,FED
2020-07-25 02:21:32,5,3.89,1,Free_feed,Pellet,Left,0,0,846,12.0,0,FED
2020-07-25 02:31:21,5,3.89,1,Free_feed,Pellet,Left,0,0,847,1.0,0,FED
2020-07-25 02:31:28,5,3.89,1,Free_feed,Pellet,Left,0,0,848,4.0,0,FED
2020-07-25 02:31:43,5,3.89,1,Free_feed,Pellet,Left,0,0,849,11.0,0,FED
2020-07-25 02:32:02,5,3.89,1,Free_feed,Pellet,Left,0,0,850,17.0,0,FED
2020-07-25 02:32:07,5,3.89,1,Free_feed,Pellet,Left,0,0,851,2.0,0,FED
2020-07-25 02:32:15,5,3.89,1,Free_feed,Pellet,Left,0,0,852,5.0,0,FED
2020-07-25 02:32:31,5,3.89,1,Free_feed,Pellet,Left,0,0,853,14.0,0,FED
2020-07-25 02:32:43,5,3.89,1,Free_feed,Pellet,Left,0,0,854,9.0,0,FED
2020-07-25 02:33:00,5,3.88,2,Free_feed,Pellet,Left,0,0,855,13.0,0,FED
2020-07-25 02:33:13,5,3.89,1,Free_feed,Pellet,Left,0,0,856,11.0,0,FED
2020-07-25 02:33:30,5,3.88,2,Free_feed,Pellet,Left,0,0,857,13.0,0,FED
2020-07-25 02:33:39,5,3.88,1,Free_feed,Pellet,Left,0,0,858,6.0,0,FED
2020-07-25 04:14:59,5,3.89,2,Free_feed,Pellet,Left,0,0,859,0.0,0,FED
2020-07-25 04:15:14,5,3.88,1,Free_feed,Pellet,Left,0,0,860,12.0,0,FED
2020-07-25 04:15:28,5,3.88,1,Free_feed,Pellet,Left,0,0,861,11.0,0,FED
2020-07-25 04:15:49,5,3.88,2,Free_feed,Pellet,Left,0,0,862,17.0,0,FED
2020-07-25 04:16:04,5,3.89,1,Free_feed,Pellet,Left,0,0,863,12.0,0,FED
2020-07-25 04:16:22,5,3.87,2,Free_feed,Pellet,Left,0,0,864,12.0,0,FED
2020-07-25 05:47:53,5,3.88,1,Free_feed,Pellet,Left,0,0,865,0.0,0,FED
2020-07-25 05:49:07,5,3.88,1,Free_feed,Pellet,Left,0,0,866,59.0,0,FED
2020-07-25 05:49:11,5,3.88,1,Free_feed,Pellet,Left,0,0,867,2.0,0,FED
2020-07-25 05:49:19,5,3.88,1,Free_feed,Pellet,Left,0,0,868,6.0,0,FED
2020-07-25 05:49:35,5,3.87,1,Free_feed,Pellet,Left,0,0,869,14.0,0,FED
2020-07-25 05:49:51,5,3.88,1,Free_feed,Pellet,Left,0,0,870,13.0,0,FED
2020-07-25 05:50:03,5,3.87,2,Free_feed,Pellet,Left,0,0,871,7.0,0,FED
2020-07-25 05:50:20,5,3.87,3,Free_feed,Pellet,Left,0,0,872,10.0,0,FED
2020-07-25 05:50:36,5,3.87,1,Free_feed,Pellet,Left,0,0,873,14.0,0,FED
2020-07-25 05:50:50,5,3.87,1,Free_feed,Pellet,Left,0,0,874,12.0,0,FED
2020-07-25 05:51:04,5,3.87,1,Free_feed,Pellet,Left,0,0,875,11.0,0,FED
2020-07-25 05:51:35,5,3.88,2,Free_feed,Pellet,Left,0,0,876,26.0,0,FED
2020-07-25 05:51:55,5,3.87,1,Free_feed,Pellet,Left,0,0,877,17.0,0,FED
2020-07-25 05:52:12,5,3.88,1,Free_feed,Pellet,Left,0,0,878,14.0,0,FED
2020-07-25 06:07:30,5,3.88,1,Free_feed,Pellet,Left,0,0,879,0.0,0,FED
2020-07-25 06:09:23,5,3.87,1,Free_feed,Pellet,Left,0,0,880,110.0,0,FED
2020-07-25 06:09:39,5,3.87,1,Free_feed,Pellet,Left,0,0,881,13.0,0,FED
2020-07-25 06:09:52,5,3.88,1,Free_feed,Pellet,Left,0,0,882,10.0,0,FED
2020-07-25 06:10:07,5,3.87,2,Free_feed,Pellet,Left,0,0,883,10.0,0,FED
2020-07-25 06:10:44,5,3.88,1,Free_feed,Pellet,Left,0,0,884,35.0,0,FED
2020-07-25 06:11:28,5,3.88,1,Free_feed,Pellet,Left,0,0,885,40.0,0,FED
2020-07-25 06:11:45,5,3.88,2,Free_feed,Pellet,Left,0,0,886,13.0,0,FED
2020-07-25 06:11:57,5,3.87,1,Free_feed,Pellet,Left,0,0,887,9.0,0,FED
2020-07-25 06:12:13,5,3.88,1,Free_feed,Pellet,Left,0,0,888,13.0,0,FED
2020-07-25 06:12:30,5,3.88,1,Free_feed,Pellet,Left,0,0,889,14.0,0,FED
2020-07-25 08:35:00,5,3.88,1,Free_feed,Pellet,Left,0,0,890,0.0,0,FED
2020-07-25 08:35:04,5,3.87,1,Free_feed,Pellet,Left,0,0,891,1.0,0,FED
2020-07-25 08:35:12,5,3.87,2,Free_feed,Pellet,Left,0,0,892,3.0,0,FED
2020-07-25 08:35:28,5,3.87,2,Free_feed,Pellet,Left,0,0,893,11.0,0,FED
2020-07-25 08:35:45,5,3.87,1,Free_feed,Pellet,Left,0,0,894,14.0,0,FED
2020-07-25 08:35:57,5,3.87,1,Free_feed,Pellet,Left,0,0,895,10.0,0,FED
2020-07-25 08:36:12,5,3.87,1,Free_feed,Pellet,Left,0,0,896,12.0,0,FED
2020-07-25 08:36:19,5,3.87,1,Free_feed,Pellet,Left,0,0,897,5.0,0,FED
2020-07-25 08:36:33,5,3.87,1,Free_feed,Pellet,Left,0,0,898,11.0,0,FED
2020-07-25 08:36:52,5,3.87,1,Free_feed,Pellet,Left,0,0,899,15.0,0,FED
2020-07-25 08:37:05,5,3.87,1,Free_feed,Pellet,Left,0,0,900,11.0,0,FED
2020-07-25 08:37:21,5,3.88,1,Free_feed,Pellet,Left,0,0,901,13.0,0,FED
2020-07-25 08:37:35,5,3.87,1,Free_feed,Pellet,Left,0,0,902,11.0,0,FED
2020-07-25 08:37:52,5,3.87,1,Free_feed,Pellet,Left,0,0,903,15.0,0,FED
2020-07-25 12:56:57,5,3.87,1,Free_feed,Pellet,Left,0,0,904,0.0,0,FED
2020-07-25 12:57:18,5,3.86,1,Free_feed,Pellet,Left,0,0,905,19.0,0,FED
2020-07-25 12:57:39,5,3.86,2,Free_feed,Pellet,Left,0,0,906,17.0,0,FED
2020-07-25 12:58:05,5,3.86,2,Free_feed,Pellet,Left,0,0,907,22.0,0,FED
2020-07-25 12:58:09,5,3.87,1,Free_feed,Pellet,Left,0,0,908,1.0,0,FED
2020-07-25 12:58:23,5,3.86,1,Free_feed,Pellet,Left,0,0,909,11.0,0,FED
2020-07-25 12:58:39,5,3.86,1,Free_feed,Pellet,Left,0,0,910,13.0,0,FED
2020-07-25 12:59:00,5,3.86,1,Free_feed,Pellet,Left,0,0,911,18.0,0,FED
2020-07-25 12:59:03,5,3.86,1,Free_feed,Pellet,Left,0,0,912,1.0,0,FED
2020-07-25 12:59:07,5,3.86,1,Free_feed,Pellet,Left,0,0,913,1.0,0,FED
2020-07-25 12:59:26,5,3.85,2,Free_feed,Pellet,Left,0,0,914,14.0,0,FED
2020-07-25 12:59:44,5,3.86,1,Free_feed,Pellet,Left,0,0,915,16.0,0,FED
2020-07-25 13:00:01,5,3.86,1,Free_feed,Pellet,Left,0,0,916,14.0,0,FED
2020-07-25 13:26:10,5,3.86,1,Free_feed,Pellet,Left,0,0,917,0.0,0,FED
2020-07-25 15:46:36,5,3.85,2,Free_feed,Pellet,Left,0,0,918,20.0,0,FED
2020-07-25 15:47:07,5,3.85,2,Free_feed,Pellet,Left,0,0,919,25.0,0,FED
2020-07-25 15:47:21,5,3.85,1,Free_feed,Pellet,Left,0,0,920,11.0,0,FED
2020-07-25 15:47:37,5,3.85,1,Free_feed,Pellet,Left,0,0,921,13.0,0,FED
2020-07-25 15:47:53,5,3.85,1,Free_feed,Pellet,Left,0,0,922,14.0,0,FED
2020-07-25 15:48:17,5,3.85,1,Free_feed,Pellet,Left,0,0,923,21.0,0,FED
2020-07-25 15:48:30,5,3.85,1,Free_feed,Pellet,Left,0,0,924,10.0,0,FED
2020-07-25 15:48:47,5,3.85,1,Free_feed,Pellet,Left,0,0,925,14.0,0,FED
2020-07-25 15:49:03,5,3.86,2,Free_feed,Pellet,Left,0,0,926,11.0,0,FED
2020-07-25 15:49:19,5,3.85,1,Free_feed,Pellet,Left,0,0,927,13.0,0,FED
2020-07-25 15:49:39,5,3.85,1,Free_feed,Pellet,Left,0,0,928,17.0,0,FED
2020-07-25 15:49:53,5,3.85,1,Free_feed,Pellet,Left,0,0,929,12.0,0,FED
2020-07-25 15:50:08,5,3.86,1,Free_feed,Pellet,Left,0,0,930,11.0,0,FED
2020-07-25 17:15:35,5,3.85,1,Free_feed,Pellet,Left,0,0,931,0.0,0,FED
2020-07-25 17:15:58,5,3.85,1,Free_feed,Pellet,Left,0,0,932,20.0,0,FED
2020-07-25 17:16:07,5,3.85,1,Free_feed,Pellet,Left,0,0,933,6.0,0,FED
2020-07-25 17:16:19,5,3.85,1,Free_feed,Pellet,Left,0,0,934,9.0,0,FED
2020-07-25 17:16:35,5,3.85,2,Free_feed,Pellet,Left,0,0,935,12.0,0,FED
2020-07-25 17:16:48,5,3.85,1,Free_feed,Pellet,Left,0,0,936,10.0,0,FED
2020-07-25 17:17:06,5,3.85,1,Free_feed,Pellet,Left,0,0,937,15.0,0,FED
2020-07-25 17:17:22,5,3.85,1,Free_feed,Pellet,Left,0,0,938,13.0,0,FED
2020-07-25 17:17:34,5,3.85,1,Free_feed,Pellet,Left,0,0,939,9.0,0,FED
2020-07-25 17:17:50,5,3.85,1,Free_feed,Pellet,Left,0,0,940,13.0,0,FED
2020-07-25 17:18:32,5,3.85,1,Free_feed,Pellet,Left,0,0,941,39.0,0,FED
2020-07-25 18:42:56,5,3.85,1,Free_feed,Pellet,Left,0,0,942,0.0,0,FED
2020-07-25 18:43:22,5,3.85,1,Free_feed,Pellet,Left,0,0,943,18.0,0,FED
2020-07-25 18:43:34,5,3.85,1,Free_feed,Pellet,Left,0,0,944,10.0,0,FED
2020-07-25 18:43:47,5,3.85,1,Free_feed,Pellet,Left,0,0,945,11.0,0,FED
2020-07-25 18:44:01,5,3.85,1,Free_feed,Pellet,Left,0,0,946,12.0,0,FED
2020-07-25 18:44:14,5,3.85,3,Free_feed,Pellet,Left,0,0,947,6.0,0,FED
2020-07-25 18:44:31,5,3.85,1,Free_feed,Pellet,Left,0,0,948,14.0,0,FED
2020-07-25 19:47:24,5,3.84,1,Free_feed,Pellet,Left,0,0,949,0.0,0,FED
2020-07-25 19:48:32,5,3.85,1,Free_feed,Pellet,Left,0,0,950,66.0,0,FED
2020-07-25 19:48:58,5,3.85,1,Free_feed,Pellet,Left,0,0,951,24.0,0,FED
2020-07-25 20:17:20,5,3.85,1,Free_feed,Pellet,Left,0,0,952,114.0,0,FED
2020-07-25 20:17:28,5,3.85,1,Free_feed,Pellet,Left,0,0,953,5.0,0,FED
2020-07-25 20:17:42,5,3.84,1,Free_feed,Pellet,Left,0,0,954,12.0,0,FED
2020-07-25 20:18:04,5,3.85,1,Free_feed,Pellet,Left,0,0,955,19.0,0,FED
2020-07-25 20:18:13,5,3.84,1,Free_feed,Pellet,Left,0,0,956,6.0,0,FED
2020-07-25 20:18:27,5,3.85,1,Free_feed,Pellet,Left,0,0,957,11.0,0,FED
2020-07-25 20:18:41,5,3.85,2,Free_feed,Pellet,Left,0,0,958,9.0,0,FED
2020-07-25 20:18:59,5,3.84,1,Free_feed,Pellet,Left,0,0,959,15.0,0,FED
2020-07-25 20:55:27,5,3.84,1,Free_feed,Pellet,Left,0,0,960,0.0,0,FED
2020-07-25 20:55:36,5,3.84,1,Free_feed,Pellet,Left,0,0,961,6.0,0,FED
2020-07-25 20:55:51,5,3.84,1,Free_feed,Pellet,Left,0,0,962,12.0,0,FED
2020-07-25 20:56:04,5,3.85,1,Free_feed,Pellet,Left,0,0,963,10.0,0,FED
2020-07-25 20:56:18,5,3.84,1,Free_feed,Pellet,Left,0,0,964,11.0,0,FED
2020-07-25 20:56:30,5,3.84,1,Free_feed,Pellet,Left,0,0,965,9.0,0,FED
2020-07-25 20:56:46,5,3.84,2,Free_feed,Pellet,Left,0,0,966,12.0,0,FED
2020-07-25 20:56:56,5,3.84,1,Free_feed,Pellet,Left,0,0,967,7.0,0,FED
2020-07-25 20:57:26,5,3.84,1,Free_feed,Pellet,Left,0,0,968,28.0,0,FED
2020-07-25 20:57:43,5,3.84,1,Free_feed,Pellet,Left,0,0,969,14.0,0,FED
2020-07-25 20:57:59,5,3.84,1,Free_feed,Pellet,Left,0,0,970,13.0,0,FED
2020-07-25 20:58:15,5,3.84,1,Free_feed,Pellet,Left,0,0,971,14.0,0,FED
2020-07-25 20:58:31,5,3.84,1,Free_feed,Pellet,Left,0,0,972,12.0,0,FED
2020-07-25 20:59:18,5,3.84,1,Free_feed,Pellet,Left,0,0,973,45.0,0,FED
2020-07-25 20:59:24,5,3.84,2,Free_feed,Pellet,Left,0,0,974,1.0,0,FED
2020-07-25 20:59:36,5,3.84,1,Free_feed,Pellet,Left,0,0,975,8.0,0,FED
2020-07-25 21:08:42,5,3.85,1,Free_feed,Pellet,Left,0,0,976,0.0,0,FED
2020-07-25 21:08:57,5,3.84,1,Free_feed,Pellet,Left,0,0,977,13.0,0,FED
2020-07-25 21:09:11,5,3.84,1,Free_feed,Pellet,Left,0,0,978,11.0,0,FED
2020-07-25 21:09:21,5,3.84,1,Free_feed,Pellet,Left,0,0,979,8.0,0,FED
2020-07-25 21:09:45,5,3.84,1,Free_feed,Pellet,Left,0,0,980,21.0,0,FED
2020-07-25 21:09:55,5,3.84,1,Free_feed,Pellet,Left,0,0,981,7.0,0,FED
2020-07-25 21:10:09,5,3.84,1,Free_feed,Pellet,Left,0,0,982,12.0,0,FED
2020-07-25 21:10:22,5,3.83,1,Free_feed,Pellet,Left,0,0,983,10.0,0,FED
2020-07-25 21:10:40,5,3.84,1,Free_feed,Pellet,Left,0,0,984,16.0,0,FED
2020-07-25 21:10:50,5,3.84,1,Free_feed,Pellet,Left,0,0,985,8.0,0,FED
2020-07-25 22:47:20,5,3.84,1,Free_feed,Pellet,Left,0,0,986,0.0,0,FED
2020-07-25 22:47:56,5,3.84,1,Free_feed,Pellet,Left,0,0,987,0.0,0,FED
2020-07-25 23:03:37,5,3.84,1,Free_feed,Pellet,Left,0,0,988,1.0,0,FED
2020-07-25 23:03:49,5,3.84,1,Free_feed,Pellet,Left,0,0,989,9.0,0,FED
2020-07-25 23:04:01,5,3.84,1,Free_feed,Pellet,Left,0,0,990,9.0,0,FED
2020-07-25 23:04:12,5,3.84,1,Free_feed,Pellet,Left,0,0,991,8.0,0,FED
2020-07-25 23:04:23,5,3.83,1,Free_feed,Pellet,Left,0,0,992,8.0,0,FED
2020-07-25 23:04:36,5,3.83,1,Free_feed,Pellet,Left,0,0,993,10.0,0,FED
2020-07-25 23:04:49,5,3.84,1,Free_feed,Pellet,Left,0,0,994,10.0,0,FED
2020-07-25 23:05:02,5,3.83,1,Free_feed,Pellet,Left,0,0,995,10.0,0,FED
2020-07-25 23:05:15,5,3.84,1,Free_feed,Pellet,Left,0,0,996,9.0,0,FED
2020-07-25 23:05:32,5,3.83,1,Free_feed,Pellet,Left,0,0,997,15.0,0,FED
2020-07-25 23:05:44,5,3.83,2,Free_feed,Pellet,Left,0,0,998,7.0,0,FED
2020-07-25 23:05:58,5,3.83,1,Free_feed,Pellet,Left,0,0,999,12.0,0,FED
2020-07-25 23:06:12,5,3.83,1,Free_feed,Pellet,Left,0,0,1000,11.0,0,FED
2020-07-25 23:06:33,5,3.83,1,Free_feed,Pellet,Left,0,0,1001,18.0,0,FED
2020-07-25 23:06:46,5,3.84,1,Free_feed,Pellet,Left,0,0,1002,11.0,0,FED
2020-07-25 23:07:01,5,3.83,1,Free_feed,Pellet,Left,0,0,1003,12.0,0,FED
2020-07-25 23:07:15,5,3.84,1,Free_feed,Pellet,Left,0,0,1004,11.0,0,FED
2020-07-25 23:08:27,5,3.83,1,Free_feed,Pellet,Left,0,0,1005,70.0,0,FED
2020-07-26 02:39:21,5,3.83,2,Free_feed,Pellet,Left,0,0,1006,0.0,0,FED
2020-07-26 02:39:26,5,3.83,1,Free_feed,Pellet,Left,0,0,1007,3.0,0,FED
2020-07-26 02:39:30,5,3.83,1,Free_feed,Pellet,Left,0,0,1008,1.0,0,FED
2020-07-26 02:39:52,5,3.83,2,Free_feed,Pellet,Left,0,0,1009,18.0,0,FED
2020-07-26 02:40:22,5,3.82,1,Free_feed,Pellet,Left,0,0,1010,27.0,0,FED
2020-07-26 02:40:37,5,3.83,1,Free_feed,Pellet,Left,0,0,1011,13.0,0,FED
2020-07-26 02:40:54,5,3.83,1,Free_feed,Pellet,Left,0,0,1012,14.0,0,FED
2020-07-26 02:41:10,5,3.83,2,Free_feed,Pellet,Left,0,0,1013,11.0,0,FED
2020-07-26 02:41:26,5,3.83,1,Free_feed,Pellet,Left,0,0,1014,13.0,0,FED
2020-07-26 04:08:29,5,3.82,2,Free_feed,Pellet,Left,0,0,1015,112.0,0,FED
2020-07-26 04:08:33,5,3.82,1,Free_feed,Pellet,Left,0,0,1016,1.0,0,FED
2020-07-26 04:08:45,5,3.83,1,Free_feed,Pellet,Left,0,0,1017,9.0,0,FED
2020-07-26 04:08:51,5,3.82,1,Free_feed,Pellet,Left,0,0,1018,4.0,0,FED
2020-07-26 04:09:17,5,3.83,1,Free_feed,Pellet,Left,0,0,1019,23.0,0,FED
2020-07-26 04:09:45,5,3.83,1,Free_feed,Pellet,Left,0,0,1020,24.0,0,FED
2020-07-26 04:09:48,5,3.83,1,Free_feed,Pellet,Left,0,0,1021,1.0,0,FED
2020-07-26 04:09:59,5,3.83,2,Free_feed,Pellet,Left,0,0,1022,7.0,0,FED
2020-07-26 04:10:04,5,3.82,1,Free_feed,Pellet,Left,0,0,1023,1.0,0,FED
2020-07-26 04:10:14,5,3.83,1,Free_feed,Pellet,Left,0,0,1024,7.0,0,FED
2020-07-26 04:10:30,5,3.83,1,Free_feed,Pellet,Left,0,0,1025,14.0,0,FED
2020-07-26 05:29:47,5,3.82,1,Free_feed,Pellet,Left,0,0,1026,0.0,0,FED
2020-07-26 05:31:33,5,3.82,1,Free_feed,Pellet,Left,0,0,1027,2.0,0,FED
2020-07-26 05:31:42,5,3.82,1,Free_feed,Pellet,Left,0,0,1028,6.0,0,FED
2020-07-26 05:31:56,5,3.82,2,Free_feed,Pellet,Left,0,0,1029,9.0,0,FED
2020-07-26 05:32:36,5,3.82,1,Free_feed,Pellet,Left,0,0,1030,37.0,0,FED
2020-07-26 05:32:46,5,3.82,1,Free_feed,Pellet,Left,0,0,1031,7.0,0,FED
2020-07-26 05:34:50,5,3.82,1,Free_feed,Pellet,Left,0,0,1032,2.0,0,FED
2020-07-26 06:41:09,5,3.82,1,Free_feed,Pellet,Left,0,0,1033,0.0,0,FED
2020-07-26 06:41:13,5,3.82,1,Free_feed,Pellet,Left,0,0,1034,0.0,0,FED
2020-07-26 06:41:25,5,3.82,1,Free_feed,Pellet,Left,0,0,1035,10.0,0,FED
2020-07-26 06:42:09,5,3.82,1,Free_feed,Pellet,Left,0,0,1036,42.0,0,FED
2020-07-26 06:42:13,5,3.82,1,Free_feed,Pellet,Left,0,0,1037,1.0,0,FED
2020-07-26 06:42:27,5,3.82,1,Free_feed,Pellet,Left,0,0,1038,11.0,0,FED
2020-07-26 06:42:44,5,3.82,1,Free_feed,Pellet,Left,0,0,1039,14.0,0,FED
2020-07-26 06:43:00,5,3.82,1,Free_feed,Pellet,Left,0,0,1040,14.0,0,FED
2020-07-26 06:43:14,5,3.82,1,Free_feed,Pellet,Left,0,0,1041,11.0,0,FED
2020-07-26 06:43:32,5,3.82,1,Free_feed,Pellet,Left,0,0,1042,15.0,0,FED
2020-07-26 06:43:49,5,3.82,1,Free_feed,Pellet,Left,0,0,1043,15.0,0,FED
2020-07-26 06:44:09,5,3.82,1,Free_feed,Pellet,Left,0,0,1044,17.0,0,FED
2020-07-26 06:44:25,5,3.82,1,Free_feed,Pellet,Left,0,0,1045,13.0,0,FED
2020-07-26 09:15:08,5,3.82,1,Free_feed,Pellet,Left,0,0,1046,0.0,0,FED
2020-07-26 09:15:28,5,3.81,1,Free_feed,Pellet,Left,0,0,1047,17.0,0,FED
2020-07-26 09:15:54,5,3.81,1,Free_feed,Pellet,Left,0,0,1048,22.0,0,FED
2020-07-26 09:15:57,5,3.81,1,Free_feed,Pellet,Left,0,0,1049,1.0,0,FED
2020-07-26 09:16:09,5,3.81,1,Free_feed,Pellet,Left,0,0,1050,9.0,0,FED
2020-07-26 09:16:21,5,3.81,1,Free_feed,Pellet,Left,0,0,1051,9.0,0,FED
2020-07-26 09:17:24,5,3.81,1,Free_feed,Pellet,Left,0,0,1052,60.0,0,FED
2020-07-26 09:17:28,5,3.81,1,Free_feed,Pellet,Left,0,0,1053,0.0,0,FED
2020-07-26 09:17:40,5,3.81,1,Free_feed,Pellet,Left,0,0,1054,10.0,0,FED
2020-07-26 09:17:52,5,3.81,1,Free_feed,Pellet,Left,0,0,1055,9.0,0,FED
2020-07-26 09:18:06,5,3.81,1,Free_feed,Pellet,Left,0,0,1056,11.0,0,FED
2020-07-26 11:12:40,5,3.82,1,Free_feed,Pellet,Left,0,0,1057,0.0,0,FED
2020-07-26 11:20:32,5,3.81,1,Free_feed,Pellet,Left,0,0,1058,0.0,0,FED
2020-07-26 11:20:49,5,3.8,3,Free_feed,Pellet,Left,0,0,1059,11.0,0,FED
2020-07-26 11:21:02,5,3.8,1,Free_feed,Pellet,Left,0,0,1060,10.0,0,FED
2020-07-26 11:21:13,5,3.81,1,Free_feed,Pellet,Left,0,0,1061,9.0,0,FED
2020-07-26 11:21:26,5,3.8,1,Free_feed,Pellet,Left,0,0,1062,10.0,0,FED
2020-07-26 11:23:50,5,3.8,1,Free_feed,Pellet,Left,0,0,1063,0.0,0,FED
2020-07-26 13:12:44,5,3.8,1,Free_feed,Pellet,Left,0,0,1064,0.0,0,FED
2020-07-26 13:12:48,5,3.8,1,Free_feed,Pellet,Left,0,0,1065,1.0,0,FED
2020-07-26 13:12:53,5,3.8,1,Free_feed,Pellet,Left,0,0,1066,2.0,0,FED
2020-07-26 13:13:13,5,3.81,2,Free_feed,Pellet,Left,0,0,1067,15.0,0,FED
2020-07-26 13:13:25,5,3.8,1,Free_feed,Pellet,Left,0,0,1068,9.0,0,FED
2020-07-26 13:13:40,5,3.8,1,Free_feed,Pellet,Left,0,0,1069,12.0,0,FED
2020-07-26 13:13:54,5,3.8,1,Free_feed,Pellet,Left,0,0,1070,11.0,0,FED
2020-07-26 13:14:10,5,3.8,1,Free_feed,Pellet,Left,0,0,1071,14.0,0,FED
2020-07-26 13:14:23,5,3.8,1,Free_feed,Pellet,Left,0,0,1072,11.0,0,FED
2020-07-26 13:14:38,5,3.8,1,Free_feed,Pellet,Left,0,0,1073,12.0,0,FED
2020-07-26 13:14:55,5,3.8,1,Free_feed,Pellet,Left,0,0,1074,14.0,0,FED
2020-07-26 15:35:38,5,3.8,2,Free_feed,Pellet,Left,0,0,1075,0.0,0,FED
2020-07-26 15:35:42,5,3.8,1,Free_feed,Pellet,Left,0,0,1076,1.0,0,FED
2020-07-26 15:35:47,5,3.79,2,Free_feed,Pellet,Left,0,0,1077,2.0,0,FED
2020-07-26 15:36:04,5,3.8,1,Free_feed,Pellet,Left,0,0,1078,15.0,0,FED
2020-07-26 15:36:16,5,3.8,1,Free_feed,Pellet,Left,0,0,1079,10.0,0,FED
2020-07-26 15:36:31,5,3.8,1,Free_feed,Pellet,Left,0,0,1080,12.0,0,FED
2020-07-26 15:36:42,5,3.8,1,Free_feed,Pellet,Left,0,0,1081,8.0,0,FED
2020-07-26 15:36:55,5,3.79,1,Free_feed,Pellet,Left,0,0,1082,10.0,0,FED
2020-07-26 15:37:33,5,3.8,1,Free_feed,Pellet,Left,0,0,1083,35.0,0,FED
2020-07-26 15:37:40,5,3.79,1,Free_feed,Pellet,Left,0,0,1084,1.0,0,FED
2020-07-26 15:37:53,5,3.79,1,Free_feed,Pellet,Left,0,0,1085,10.0,0,FED
2020-07-26 15:38:08,5,3.79,1,Free_feed,Pellet,Left,0,0,1086,12.0,0,FED
2020-07-26 18:39:39,5,3.78,1,Free_feed,Pellet,Left,0,0,1087,34.0,0,FED
2020-07-26 18:39:43,5,3.78,1,Free_feed,Pellet,Left,0,0,1088,1.0,0,FED
2020-07-26 18:39:52,5,3.78,1,Free_feed,Pellet,Left,0,0,1089,6.0,0,FED
2020-07-26 18:40:08,5,3.79,1,Free_feed,Pellet,Left,0,0,1090,13.0,0,FED
2020-07-26 18:40:20,5,3.78,2,Free_feed,Pellet,Left,0,0,1091,8.0,0,FED
2020-07-26 18:40:36,5,3.78,1,Free_feed,Pellet,Left,0,0,1092,13.0,0,FED
2020-07-26 18:40:49,5,3.78,1,Free_feed,Pellet,Left,0,0,1093,9.0,0,FED
2020-07-26 18:41:01,5,3.79,1,Free_feed,Pellet,Left,0,0,1094,10.0,0,FED
2020-07-26 18:41:17,5,3.78,1,Free_feed,Pellet,Left,0,0,1095,13.0,0,FED
2020-07-26 19:03:10,5,3.78,1,Free_feed,Pellet,Left,0,0,1096,0.0,0,FED
2020-07-26 19:03:21,5,3.79,1,Free_feed,Pellet,Left,0,0,1097,8.0,0,FED
2020-07-26 19:03:34,5,3.78,1,Free_feed,Pellet,Left,0,0,1098,10.0,0,FED
2020-07-26 19:03:45,5,3.78,1,Free_feed,Pellet,Left,0,0,1099,8.0,0,FED
2020-07-26 19:03:57,5,3.78,1,Free_feed,Pellet,Left,0,0,1100,10.0,0,FED
2020-07-26 19:04:09,5,3.78,1,Free_feed,Pellet,Left,0,0,1101,10.0,0,FED
2020-07-26 19:04:26,5,3.78,1,Free_feed,Pellet,Left,0,0,1102,14.0,0,FED
2020-07-26 19:04:45,5,3.78,2,Free_feed,Pellet,Left,0,0,1103,14.0,0,FED
2020-07-26 19:05:00,5,3.78,1,Free_feed,Pellet,Left,0,0,1104,12.0,0,FED
2020-07-26 19:05:13,5,3.78,1,Free_feed,Pellet,Left,0,0,1105,10.0,0,FED
2020-07-26 19:05:30,5,3.78,1,Free_feed,Pellet,Left,0,0,1106,13.0,0,FED
2020-07-26 20:00:57,5,3.78,1,Free_feed,Pellet,Left,0,0,1107,78.0,0,FED
2020-07-26 20:11:23,5,3.78,1,Free_feed,Pellet,Left,0,0,1108,1.0,0,FED
2020-07-26 20:11:47,5,3.78,1,Free_feed,Pellet,Left,0,0,1109,21.0,0,FED
2020-07-26 20:12:01,5,3.78,1,Free_feed,Pellet,Left,0,0,1110,11.0,0,FED
2020-07-26 20:12:13,5,3.78,1,Free_feed,Pellet,Left,0,0,1111,9.0,0,FED
2020-07-26 20:12:26,5,3.78,1,Free_feed,Pellet,Left,0,0,1112,10.0,0,FED
2020-07-26 20:12:40,5,3.78,1,Free_feed,Pellet,Left,0,0,1113,11.0,0,FED
2020-07-26 20:12:59,5,3.78,1,Free_feed,Pellet,Left,0,0,1114,16.0,0,FED
2020-07-26 20:13:13,5,3.78,1,Free_feed,Pellet,Left,0,0,1115,11.0,0,FED
2020-07-26 20:13:30,5,3.78,1,Free_feed,Pellet,Left,0,0,1116,14.0,0,FED
2020-07-26 20:13:42,5,3.78,1,Free_feed,Pellet,Left,0,0,1117,10.0,0,FED
2020-07-26 20:13:57,5,3.78,1,Free_feed,Pellet,Left,0,0,1118,12.0,0,FED
2020-07-26 20:14:13,5,3.78,1,Free_feed,Pellet,Left,0,0,1119,13.0,0,FED
2020-07-26 20:14:27,5,3.78,1,Free_feed,Pellet,Left,0,0,1120,11.0,0,FED
2020-07-26 20:43:11,5,3.78,1,Free_feed,Pellet,Left,0,0,1121,0.0,0,FED
2020-07-26 20:43:15,5,3.78,1,Free_feed,Pellet,Left,0,0,1122,1.0,0,FED
2020-07-26 20:43:27,5,3.78,1,Free_feed,Pellet,Left,0,0,1123,10.0,0,FED
2020-07-26 20:43:38,5,3.78,1,Free_feed,Pellet,Left,0,0,1124,9.0,0,FED
2020-07-26 20:43:55,5,3.78,1,Free_feed,Pellet,Left,0,0,1125,14.0,0,FED
2020-07-26 20:44:10,5,3.78,1,Free_feed,Pellet,Left,0,0,1126,12.0,0,FED
2020-07-26 20:44:24,5,3.78,1,Free_feed,Pellet,Left,0,0,1127,11.0,0,FED
2020-07-26 20:44:40,5,3.78,1,Free_feed,Pellet,Left,0,0,1128,14.0,0,FED
2020-07-26 20:45:12,5,3.78,2,Free_feed,Pellet,Left,0,0,1129,27.0,0,FED
2020-07-26 20:45:17,5,3.78,1,Free_feed,Pellet,Left,0,0,1130,2.0,0,FED
2020-07-26 20:45:33,5,3.78,1,Free_feed,Pellet,Left,0,0,1131,13.0,0,FED
2020-07-26 20:45:47,5,3.78,1,Free_feed,Pellet,Left,0,0,1132,11.0,0,FED
2020-07-26 20:46:02,5,3.78,1,Free_feed,Pellet,Left,0,0,1133,13.0,0,FED
2020-07-26 20:46:23,5,3.78,1,Free_feed,Pellet,Left,0,0,1134,17.0,0,FED
2020-07-26 20:46:44,5,3.78,1,Free_feed,Pellet,Left,0,0,1135,18.0,0,FED
2020-07-26 20:47:14,5,3.78,1,Free_feed,Pellet,Left,0,0,1136,28.0,0,FED
2020-07-26 21:50:27,5,3.78,1,Free_feed,Pellet,Left,0,0,1137,0.0,0,FED
2020-07-26 21:51:10,5,3.78,1,Free_feed,Pellet,Left,0,0,1138,40.0,0,FED
2020-07-26 21:51:34,5,3.78,1,Free_feed,Pellet,Left,0,0,1139,21.0,0,FED
2020-07-26 21:51:40,5,3.78,3,Free_feed,Pellet,Left,0,0,1140,1.0,0,FED
2020-07-26 21:51:57,5,3.78,1,Free_feed,Pellet,Left,0,0,1141,14.0,0,FED
2020-07-26 21:52:11,5,3.77,1,Free_feed,Pellet,Left,0,0,1142,12.0,0,FED
2020-07-26 21:52:23,5,3.77,1,Free_feed,Pellet,Left,0,0,1143,10.0,0,FED
2020-07-26 21:52:39,5,3.78,1,Free_feed,Pellet,Left,0,0,1144,14.0,0,FED
2020-07-26 21:52:43,5,3.78,1,Free_feed,Pellet,Left,0,0,1145,2.0,0,FED
2020-07-26 21:52:57,5,3.78,1,Free_feed,Pellet,Left,0,0,1146,12.0,0,FED
2020-07-26 21:53:01,5,3.77,1,Free_feed,Pellet,Left,0,0,1147,1.0,0,FED
2020-07-26 21:53:14,5,3.78,1,Free_feed,Pellet,Left,0,0,1148,10.0,0,FED
2020-07-26 21:53:28,5,3.77,1,Free_feed,Pellet,Left,0,0,1149,10.0,0,FED
2020-07-26 21:53:43,5,3.78,1,Free_feed,Pellet,Left,0,0,1150,13.0,0,FED
2020-07-26 21:54:00,5,3.78,1,Free_feed,Pellet,Left,0,0,1151,14.0,0,FED
2020-07-26 21:54:17,5,3.77,1,Free_feed,Pellet,Left,0,0,1152,15.0,0,FED
2020-07-26 21:54:32,5,3.78,1,Free_feed,Pellet,Left,0,0,1153,12.0,0,FED
2020-07-26 21:54:45,5,3.78,1,Free_feed,Pellet,Left,0,0,1154,11.0,0,FED
2020-07-27 00:27:02,5,3.77,2,Free_feed,Pellet,Left,0,0,1155,0.0,0,FED
2020-07-27 00:27:14,5,3.77,1,Free_feed,Pellet,Left,0,0,1156,10.0,0,FED
2020-07-27 00:27:27,5,3.77,1,Free_feed,Pellet,Left,0,0,1157,10.0,0,FED
2020-07-27 00:27:39,5,3.77,1,Free_feed,Pellet,Left,0,0,1158,9.0,0,FED
2020-07-27 00:27:53,5,3.77,1,Free_feed,Pellet,Left,0,0,1159,11.0,0,FED
2020-07-27 00:28:07,5,3.77,1,Free_feed,Pellet,Left,0,0,1160,11.0,0,FED
2020-07-27 00:28:20,5,3.76,1,Free_feed,Pellet,Left,0,0,1161,11.0,0,FED
2020-07-27 00:28:34,5,3.77,1,Free_feed,Pellet,Left,0,0,1162,12.0,0,FED
2020-07-27 00:28:42,5,3.76,1,Free_feed,Pellet,Left,0,0,1163,5.0,0,FED
2020-07-27 00:29:01,5,3.76,1,Free_feed,Pellet,Left,0,0,1164,15.0,0,FED
2020-07-27 00:29:13,5,3.77,1,Free_feed,Pellet,Left,0,0,1165,10.0,0,FED
2020-07-27 00:29:25,5,3.77,1,Free_feed,Pellet,Left,0,0,1166,9.0,0,FED
2020-07-27 00:29:42,5,3.76,1,Free_feed,Pellet,Left,0,0,1167,14.0,0,FED
2020-07-27 00:29:56,5,3.76,1,Free_feed,Pellet,Left,0,0,1168,11.0,0,FED
2020-07-27 00:30:14,5,3.76,1,Free_feed,Pellet,Left,0,0,1169,16.0,0,FED
2020-07-27 00:30:36,5,3.76,1,Free_feed,Pellet,Left,0,0,1170,19.0,0,FED
2020-07-27 00:30:51,5,3.77,1,Free_feed,Pellet,Left,0,0,1171,13.0,0,FED
2020-07-27 00:31:06,5,3.76,1,Free_feed,Pellet,Left,0,0,1172,13.0,0,FED
2020-07-27 00:56:41,5,3.76,1,Free_feed,Pellet,Left,0,0,1173,0.0,0,FED
2020-07-27 01:36:19,5,3.77,1,Free_feed,Pellet,Left,0,0,1174,0.0,0,FED
2020-07-27 01:36:35,5,3.76,1,Free_feed,Pellet,Left,0,0,1175,13.0,0,FED
2020-07-27 01:36:50,5,3.76,1,Free_feed,Pellet,Left,0,0,1176,12.0,0,FED
2020-07-27 01:37:03,5,3.76,1,Free_feed,Pellet,Left,0,0,1177,11.0,0,FED
2020-07-27 01:37:25,5,3.76,1,Free_feed,Pellet,Left,0,0,1178,19.0,0,FED
2020-07-27 01:37:40,5,3.76,1,Free_feed,Pellet,Left,0,0,1179,12.0,0,FED
2020-07-27 01:37:54,5,3.76,1,Free_feed,Pellet,Left,0,0,1180,11.0,0,FED
2020-07-27 01:38:09,5,3.76,1,Free_feed,Pellet,Left,0,0,1181,13.0,0,FED
2020-07-27 01:38:25,5,3.76,1,Free_feed,Pellet,Left,0,0,1182,13.0,0,FED
2020-07-27 01:38:41,5,3.76,2,Free_feed,Pellet,Left,0,0,1183,12.0,0,FED
2020-07-27 01:39:02,5,3.76,1,Free_feed,Pellet,Left,0,0,1184,19.0,0,FED
2020-07-27 03:37:43,5,3.76,1,Free_feed,Pellet,Left,0,0,1185,0.0,0,FED
2020-07-27 03:37:57,5,3.76,1,Free_feed,Pellet,Left,0,0,1186,11.0,0,FED
2020-07-27 03:38:12,5,3.76,1,Free_feed,Pellet,Left,0,0,1187,13.0,0,FED
2020-07-27 03:38:28,5,3.76,1,Free_feed,Pellet,Left,0,0,1188,13.0,0,FED
2020-07-27 03:38:33,5,3.76,1,Free_feed,Pellet,Left,0,0,1189,2.0,0,FED
2020-07-27 03:38:50,5,3.75,2,Free_feed,Pellet,Left,0,0,1190,12.0,0,FED
2020-07-27 03:39:04,5,3.76,1,Free_feed,Pellet,Left,0,0,1191,11.0,0,FED
2020-07-27 03:39:20,5,3.75,1,Free_feed,Pellet,Left,0,0,1192,13.0,0,FED
2020-07-27 03:39:37,5,3.76,1,Free_feed,Pellet,Left,0,0,1193,14.0,0,FED
2020-07-27 03:39:54,5,3.76,1,Free_feed,Pellet,Left,0,0,1194,15.0,0,FED
2020-07-27 03:40:12,5,3.76,1,Free_feed,Pellet,Left,0,0,1195,15.0,0,FED
2020-07-27 03:40:31,5,3.76,1,Free_feed,Pellet,Left,0,0,1196,17.0,0,FED
2020-07-27 03:40:48,5,3.75,1,Free_feed,Pellet,Left,0,0,1197,14.0,0,FED
2020-07-27 05:12:42,5,3.76,1,Free_feed,Pellet,Left,0,0,1198,0.0,0,FED
2020-07-27 05:13:02,5,3.75,1,Free_feed,Pellet,Left,0,0,1199,4.0,0,FED
2020-07-27 05:13:06,5,3.75,1,Free_feed,Pellet,Left,0,0,1200,0.0,0,FED
2020-07-27 05:13:14,5,3.75,1,Free_feed,Pellet,Left,0,0,1201,6.0,0,FED
2020-07-27 05:13:48,5,3.76,1,Free_feed,Pellet,Left,0,0,1202,31.0,0,FED
2020-07-27 05:14:05,5,3.75,1,Free_feed,Pellet,Left,0,0,1203,15.0,0,FED
2020-07-27 05:14:26,5,3.75,1,Free_feed,Pellet,Left,0,0,1204,18.0,0,FED
2020-07-27 05:14:39,5,3.76,1,Free_feed,Pellet,Left,0,0,1205,11.0,0,FED
2020-07-27 05:14:55,5,3.75,1,Free_feed,Pellet,Left,0,0,1206,13.0,0,FED
2020-07-27 05:14:59,5,3.75,1,Free_feed,Pellet,Left,0,0,1207,2.0,0,FED
2020-07-27 05:15:17,5,3.75,1,Free_feed,Pellet,Left,0,0,1208,16.0,0,FED
2020-07-27 05:15:31,5,3.76,1,Free_feed,Pellet,Left,0,0,1209,12.0,0,FED
2020-07-27 05:15:48,5,3.76,1,Free_feed,Pellet,Left,0,0,1210,14.0,0,FED
2020-07-27 05:21:25,5,3.75,1,Free_feed,Pellet,Left,0,0,1211,0.0,0,FED
2020-07-27 06:48:37,5,3.74,1,Free_feed,Pellet,Left,0,0,1212,2.0,0,FED
2020-07-27 06:49:07,5,3.74,1,Free_feed,Pellet,Left,0,0,1213,28.0,0,FED
2020-07-27 06:49:24,5,3.75,1,Free_feed,Pellet,Left,0,0,1214,14.0,0,FED
2020-07-27 06:49:40,5,3.75,1,Free_feed,Pellet,Left,0,0,1215,13.0,0,FED
2020-07-27 06:49:45,5,3.75,1,Free_feed,Pellet,Left,0,0,1216,2.0,0,FED
2020-07-27 06:49:59,5,3.74,1,Free_feed,Pellet,Left,0,0,1217,11.0,0,FED
2020-07-27 06:50:13,5,3.74,1,Free_feed,Pellet,Left,0,0,1218,11.0,0,FED
2020-07-27 06:50:34,5,3.74,1,Free_feed,Pellet,Left,0,0,1219,19.0,0,FED
2020-07-27 06:50:51,5,3.74,3,Free_feed,Pellet,Left,0,0,1220,10.0,0,FED
2020-07-27 06:51:07,5,3.75,1,Free_feed,Pellet,Left,0,0,1221,13.0,0,FED
2020-07-27 06:51:25,5,3.74,1,Free_feed,Pellet,Left,0,0,1222,15.0,0,FED
2020-07-27 06:51:41,5,3.75,1,Free_feed,Pellet,Left,0,0,1223,13.0,0,FED
2020-07-27 06:52:04,5,3.75,1,Free_feed,Pellet,Left,0,0,1224,20.0,0,FED
2020-07-27 06:52:14,5,3.74,1,Free_feed,Pellet,Left,0,0,1225,6.0,0,FED
2020-07-27 06:52:30,5,3.74,1,Free_feed,Pellet,Left,0,0,1226,13.0,0,FED
2020-07-27 06:52:48,5,3.74,1,Free_feed,Pellet,Left,0,0,1227,16.0,0,FED
2020-07-27 06:53:43,5,3.75,1,Free_feed,Pellet,Left,0,0,1228,52.0,0,FED
2020-07-27 06:54:05,5,3.74,1,Free_feed,Pellet,Left,0,0,1229,19.0,0,FED
2020-07-27 09:29:41,5,3.74,1,Free_feed,Pellet,Left,0,0,1230,88.0,1,FED
2020-07-27 09:31:48,5,3.74,1,Free_feed,Pellet,Left,0,0,1231,0.0,1,FED
2020-07-27 09:35:32,5,3.74,1,Free_feed,Pellet,Left,0,0,1232,1.0,1,FED
2020-07-27 10:49:53,5,3.74,20,Free_feed,Pellet,Left,0,0,1233,0.0,1,FED
2020-07-27 10:49:59,5,3.74,2,Free_feed,Pellet,Left,0,0,1234,0.0,1,FED
2020-07-27 10:50:06,5,3.73,1,Free_feed,Pellet,Left,0,0,1235,4.0,1,FED
2020-07-27 10:50:37,5,3.73,4,Free_feed,Pellet,Left,0,0,1236,23.0,1,FED
2020-07-27 10:50:49,5,3.74,1,Free_feed,Pellet,Left,0,0,1237,6.0,1,FED
2020-07-27 10:51:05,5,3.74,3,Free_feed,Pellet,Left,0,0,1238,10.0,1,FED
2020-07-27 10:51:17,5,3.73,1,Free_feed,Pellet,Left,0,0,1239,9.0,1,FED
