MM:DD:YYYY hh:mm:ss,Device_Number,Battery_Voltage,Motor_Turns,Session_Type,Event,Active_Poke,Left_Poke_Count,Right_Poke_Count,Pellet_Count,Retrieval_Time,Concat_#,Mode
2020-07-21 19:15:51,8,4.09,3,Free_feed,Pellet,Left,0,0,1,0.0,0,FED
2020-07-21 19:17:24,8,4.09,1,Free_feed,Pellet,Left,0,0,2,89.0,0,FED
2020-07-21 19:27:49,8,4.09,1,Free_feed,Pellet,Left,0,0,3,0.0,0,FED
2020-07-21 19:28:27,8,4.08,1,Free_feed,Pellet,Left,0,0,4,35.0,0,FED
2020-07-21 19:30:56,8,4.09,2,Free_feed,Pellet,Left,0,0,5,0.0,0,FED
2020-07-21 19:33:50,8,4.09,2,Free_feed,Pellet,Left,0,0,6,0.0,0,FED
2020-07-21 19:35:32,8,4.08,1,Free_feed,Pellet,Left,0,0,7,5.0,0,FED
2020-07-21 19:36:10,8,4.09,1,Free_feed,Pellet,Left,0,0,8,36.0,0,FED
2020-07-21 19:36:22,8,4.09,2,Free_feed,Pellet,Left,0,0,9,7.0,0,FED
2020-07-21 19:36:59,8,4.08,1,Free_feed,Pellet,Left,0,0,10,33.0,0,FED
2020-07-21 19:37:08,8,4.09,1,Free_feed,Pellet,Left,0,0,11,7.0,0,FED
2020-07-21 19:37:12,8,4.09,1,Free_feed,Pellet,Left,0,0,12,1.0,0,FED
2020-07-21 19:37:58,8,4.09,3,Free_feed,Pellet,Left,0,0,13,39.0,0,FED
2020-07-21 19:39:08,8,4.08,1,Free_feed,Pellet,Left,0,0,14,67.0,0,FED
2020-07-21 19:41:45,8,4.09,1,Free_feed,Pellet,Left,0,0,15,0.0,0,FED
2020-07-21 19:42:32,8,4.08,3,Free_feed,Pellet,Left,0,0,16,41.0,0,FED
2020-07-21 19:43:10,8,4.08,1,Free_feed,Pellet,Left,0,0,17,35.0,0,FED
2020-07-21 19:45:53,8,4.08,1,Free_feed,Pellet,Left,0,0,18,0.0,0,FED
2020-07-21 19:46:16,8,4.09,1,Free_feed,Pellet,Left,0,0,19,21.0,0,FED
2020-07-21 19:49:08,8,4.08,1,Free_feed,Pellet,Left,0,0,20,0.0,0,FED
2020-07-21 19:50:55,8,4.09,2,Free_feed,Pellet,Left,0,0,21,103.0,0,FED
2020-07-21 19:51:36,8,4.08,3,Free_feed,Pellet,Left,0,0,22,34.0,0,FED
2020-07-21 19:52:11,8,4.09,1,Free_feed,Pellet,Left,0,0,23,33.0,0,FED
2020-07-21 19:52:52,8,4.09,1,Free_feed,Pellet,Left,0,0,24,38.0,0,FED
2020-07-21 20:02:44,8,4.08,1,Free_feed,Pellet,Left,0,0,25,0.0,0,FED
2020-07-21 20:04:20,8,4.08,2,Free_feed,Pellet,Left,0,0,26,92.0,0,FED
2020-07-21 20:05:00,8,4.08,3,Free_feed,Pellet,Left,0,0,27,33.0,0,FED
2020-07-21 20:08:43,8,4.08,2,Free_feed,Pellet,Left,0,0,28,0.0,0,FED
2020-07-21 20:09:26,8,4.08,2,Free_feed,Pellet,Left,0,0,29,38.0,0,FED
2020-07-21 20:10:17,8,4.08,2,Free_feed,Pellet,Left,0,0,30,46.0,0,FED
2020-07-21 20:11:07,8,4.09,1,Free_feed,Pellet,Left,0,0,31,47.0,0,FED
2020-07-21 20:17:36,8,4.09,1,Free_feed,Pellet,Left,0,0,32,0.0,0,FED
2020-07-21 20:18:40,8,4.08,3,Free_feed,Pellet,Left,0,0,33,58.0,0,FED
2020-07-21 20:19:43,8,4.08,1,Free_feed,Pellet,Left,0,0,34,60.0,0,FED
2020-07-21 20:22:25,8,4.08,1,Free_feed,Pellet,Left,0,0,35,0.0,0,FED
2020-07-21 20:23:43,8,4.09,1,Free_feed,Pellet,Left,0,0,36,76.0,0,FED
2020-07-21 20:25:28,8,4.09,1,Free_feed,Pellet,Left,0,0,37,102.0,0,FED
2020-07-21 20:37:46,8,4.08,1,Free_feed,Pellet,Left,0,0,38,0.0,0,FED
2020-07-21 20:38:27,8,4.09,1,Free_feed,Pellet,Left,0,0,39,38.0,0,FED
2020-07-21 20:39:36,8,4.08,2,Free_feed,Pellet,Left,0,0,40,65.0,0,FED
2020-07-21 20:40:22,8,4.08,2,Free_feed,Pellet,Left,0,0,41,41.0,0,FED
2020-07-21 20:40:26,8,4.08,1,Free_feed,Pellet,Left,0,0,42,1.0,0,FED
2020-07-21 20:40:51,8,4.09,1,Free_feed,Pellet,Left,0,0,43,5.0,0,FED
2020-07-21 20:45:19,8,4.08,3,Free_feed,Pellet,Left,0,0,44,36.0,0,FED
2020-07-21 20:50:04,8,4.09,1,Free_feed,Pellet,Left,0,0,45,0.0,0,FED
2020-07-21 20:51:04,8,4.08,1,Free_feed,Pellet,Left,0,0,46,57.0,0,FED
2020-07-21 20:51:56,8,4.08,1,Free_feed,Pellet,Left,0,0,47,49.0,0,FED
2020-07-21 20:54:32,8,4.08,1,Free_feed,Pellet,Left,0,0,48,64.0,0,FED
2020-07-21 20:55:28,8,4.09,1,Free_feed,Pellet,Left,0,0,49,53.0,0,FED
2020-07-21 21:08:41,8,4.09,5,Free_feed,Pellet,Left,0,0,50,0.0,0,FED
2020-07-21 21:12:21,8,4.08,2,Free_feed,Pellet,Left,0,0,51,0.0,0,FED
2020-07-21 21:14:11,8,4.09,1,Free_feed,Pellet,Left,0,0,52,107.0,0,FED
2020-07-21 21:14:49,8,4.08,2,Free_feed,Pellet,Left,0,0,53,34.0,0,FED
2020-07-21 21:18:31,8,4.08,2,Free_feed,Pellet,Left,0,0,54,0.0,0,FED
2020-07-21 21:18:40,8,4.09,1,Free_feed,Pellet,Left,0,0,55,6.0,0,FED
2020-07-21 21:19:11,8,4.08,1,Free_feed,Pellet,Left,0,0,56,29.0,0,FED
2020-07-21 21:19:40,8,4.08,1,Free_feed,Pellet,Left,0,0,57,26.0,0,FED
2020-07-21 21:20:13,8,4.08,2,Free_feed,Pellet,Left,0,0,58,28.0,0,FED
2020-07-21 21:21:39,8,4.08,2,Free_feed,Pellet,Left,0,0,59,81.0,0,FED
2020-07-21 21:34:44,8,4.08,1,Free_feed,Pellet,Left,0,0,60,0.0,0,FED
2020-07-21 21:35:08,8,4.08,1,Free_feed,Pellet,Left,0,0,61,21.0,0,FED
2020-07-21 21:36:34,8,4.08,1,Free_feed,Pellet,Left,0,0,62,84.0,0,FED
2020-07-21 21:37:41,8,4.09,1,Free_feed,Pellet,Left,0,0,63,64.0,0,FED
2020-07-21 21:38:17,8,4.09,3,Free_feed,Pellet,Left,0,0,64,30.0,0,FED
2020-07-21 21:38:46,8,4.08,1,Free_feed,Pellet,Left,0,0,65,26.0,0,FED
2020-07-21 21:45:59,8,4.08,1,Free_feed,Pellet,Left,0,0,66,3.0,0,FED
2020-07-21 21:46:13,8,4.08,1,Free_feed,Pellet,Left,0,0,67,2.0,0,FED
2020-07-21 21:46:39,8,4.09,1,Free_feed,Pellet,Left,0,0,68,22.0,0,FED
2020-07-21 21:47:02,8,4.08,2,Free_feed,Pellet,Left,0,0,69,19.0,0,FED
2020-07-21 21:47:33,8,4.08,2,Free_feed,Pellet,Left,0,0,70,26.0,0,FED
2020-07-21 21:51:49,8,4.08,2,Free_feed,Pellet,Left,0,0,71,0.0,0,FED
2020-07-21 21:55:06,8,4.08,1,Free_feed,Pellet,Left,0,0,72,7.0,0,FED
2020-07-21 21:55:10,8,4.08,1,Free_feed,Pellet,Left,0,0,73,1.0,0,FED
2020-07-21 22:06:18,8,4.08,1,Free_feed,Pellet,Left,0,0,74,0.0,0,FED
2020-07-21 22:06:33,8,4.08,4,Free_feed,Pellet,Left,0,0,75,6.0,0,FED
2020-07-21 22:06:44,8,4.08,2,Free_feed,Pellet,Left,0,0,76,7.0,0,FED
2020-07-21 22:08:32,8,4.08,1,Free_feed,Pellet,Left,0,0,77,105.0,0,FED
2020-07-21 22:12:47,8,4.08,2,Free_feed,Pellet,Left,0,0,78,52.0,0,FED
2020-07-21 22:14:40,8,4.08,1,Free_feed,Pellet,Left,0,0,79,7.0,0,FED
2020-07-21 22:15:15,8,4.08,2,Free_feed,Pellet,Left,0,0,80,31.0,0,FED
2020-07-21 22:15:33,8,4.08,1,Free_feed,Pellet,Left,0,0,81,15.0,0,FED
2020-07-21 22:16:31,8,4.08,2,Free_feed,Pellet,Left,0,0,82,54.0,0,FED
2020-07-21 22:17:09,8,4.08,2,Free_feed,Pellet,Left,0,0,83,33.0,0,FED
2020-07-21 22:19:23,8,4.08,3,Free_feed,Pellet,Left,0,0,84,0.0,0,FED
2020-07-21 22:38:14,8,4.09,1,Free_feed,Pellet,Left,0,0,85,2.0,0,FED
2020-07-21 22:38:39,8,4.08,1,Free_feed,Pellet,Left,0,0,86,22.0,0,FED
2020-07-21 22:39:06,8,4.08,1,Free_feed,Pellet,Left,0,0,87,25.0,0,FED
2020-07-21 22:39:27,8,4.08,2,Free_feed,Pellet,Left,0,0,88,16.0,0,FED
2020-07-21 22:39:42,8,4.08,1,Free_feed,Pellet,Left,0,0,89,11.0,0,FED
2020-07-21 23:07:24,8,4.09,1,Free_feed,Pellet,Left,0,0,90,0.0,0,FED
2020-07-21 23:19:14,8,4.07,1,Free_feed,Pellet,Left,0,0,91,0.0,0,FED
2020-07-21 23:20:03,8,4.08,2,Free_feed,Pellet,Left,0,0,92,44.0,0,FED
2020-07-21 23:59:10,8,4.08,2,Free_feed,Pellet,Left,0,0,93,0.0,0,FED
2020-07-21 23:59:36,8,4.08,1,Free_feed,Pellet,Left,0,0,94,23.0,0,FED
2020-07-21 23:59:55,8,4.08,2,Free_feed,Pellet,Left,0,0,95,14.0,0,FED
2020-07-22 00:02:50,8,4.08,20,Free_feed,Pellet,Left,0,0,96,0.0,0,FED
2020-07-22 00:03:05,8,4.07,3,Free_feed,Pellet,Left,0,0,97,9.0,0,FED
2020-07-22 00:03:22,8,4.07,1,Free_feed,Pellet,Left,0,0,98,14.0,0,FED
2020-07-22 00:04:23,8,4.07,1,Free_feed,Pellet,Left,0,0,99,58.0,0,FED
2020-07-22 00:16:21,8,4.08,1,Free_feed,Pellet,Left,0,0,100,0.0,0,FED
2020-07-22 00:16:44,8,4.07,1,Free_feed,Pellet,Left,0,0,101,19.0,0,FED
2020-07-22 00:19:05,8,4.08,1,Free_feed,Pellet,Left,0,0,102,15.0,0,FED
2020-07-22 00:19:20,8,4.07,4,Free_feed,Pellet,Left,0,0,103,6.0,0,FED
2020-07-22 00:19:25,8,4.07,1,Free_feed,Pellet,Left,0,0,104,3.0,0,FED
2020-07-22 00:38:28,8,4.07,2,Free_feed,Pellet,Left,0,0,105,0.0,0,FED
2020-07-22 00:39:31,8,4.07,1,Free_feed,Pellet,Left,0,0,106,60.0,0,FED
2020-07-22 00:40:33,8,4.07,1,Free_feed,Pellet,Left,0,0,107,59.0,0,FED
2020-07-22 00:40:46,8,4.08,1,Free_feed,Pellet,Left,0,0,108,10.0,0,FED
2020-07-22 00:48:18,8,4.07,1,Free_feed,Pellet,Left,0,0,109,0.0,0,FED
2020-07-22 00:48:55,8,4.07,1,Free_feed,Pellet,Left,0,0,110,33.0,0,FED
2020-07-22 00:50:01,8,4.07,1,Free_feed,Pellet,Left,0,0,111,64.0,0,FED
2020-07-22 01:02:04,8,4.08,2,Free_feed,Pellet,Left,0,0,112,0.0,0,FED
2020-07-22 01:04:24,8,4.08,1,Free_feed,Pellet,Left,0,0,113,16.0,0,FED
2020-07-22 01:04:44,8,4.07,1,Free_feed,Pellet,Left,0,0,114,17.0,0,FED
2020-07-22 01:05:07,8,4.08,1,Free_feed,Pellet,Left,0,0,115,21.0,0,FED
2020-07-22 01:05:11,8,4.07,1,Free_feed,Pellet,Left,0,0,116,1.0,0,FED
2020-07-22 01:05:49,8,4.08,1,Free_feed,Pellet,Left,0,0,117,35.0,0,FED
2020-07-22 01:06:09,8,4.08,2,Free_feed,Pellet,Left,0,0,118,15.0,0,FED
2020-07-22 01:06:32,8,4.07,2,Free_feed,Pellet,Left,0,0,119,19.0,0,FED
2020-07-22 01:07:23,8,4.07,20,Free_feed,Pellet,Left,0,0,120,22.0,0,FED
2020-07-22 02:54:07,8,4.07,3,Free_feed,Pellet,Left,0,0,121,7.0,0,FED
2020-07-22 02:54:13,8,4.07,1,Free_feed,Pellet,Left,0,0,122,4.0,0,FED
2020-07-22 02:54:27,8,4.07,1,Free_feed,Pellet,Left,0,0,123,11.0,0,FED
2020-07-22 02:54:46,8,4.07,1,Free_feed,Pellet,Left,0,0,124,17.0,0,FED
2020-07-22 02:55:01,8,4.07,2,Free_feed,Pellet,Left,0,0,125,10.0,0,FED
2020-07-22 02:55:23,8,4.07,3,Free_feed,Pellet,Left,0,0,126,15.0,0,FED
2020-07-22 02:59:49,8,4.07,1,Free_feed,Pellet,Left,0,0,127,0.0,0,FED
2020-07-22 02:59:58,8,4.07,1,Free_feed,Pellet,Left,0,0,128,7.0,0,FED
2020-07-22 03:00:21,8,4.07,3,Free_feed,Pellet,Left,0,0,129,15.0,0,FED
2020-07-22 03:00:25,8,4.07,1,Free_feed,Pellet,Left,0,0,130,2.0,0,FED
2020-07-22 03:00:37,8,4.07,1,Free_feed,Pellet,Left,0,0,131,9.0,0,FED
2020-07-22 03:00:58,8,4.07,1,Free_feed,Pellet,Left,0,0,132,18.0,0,FED
2020-07-22 04:38:40,8,4.07,1,Free_feed,Pellet,Left,0,0,133,0.0,0,FED
2020-07-22 04:39:04,8,4.07,2,Free_feed,Pellet,Left,0,0,134,19.0,0,FED
2020-07-22 04:39:16,8,4.07,5,Free_feed,Pellet,Left,0,0,135,0.0,0,FED
2020-07-22 04:39:34,8,4.07,2,Free_feed,Pellet,Left,0,0,136,13.0,0,FED
2020-07-22 04:40:11,8,4.07,1,Free_feed,Pellet,Left,0,0,137,34.0,0,FED
2020-07-22 04:40:15,8,4.07,1,Free_feed,Pellet,Left,0,0,138,1.0,0,FED
2020-07-22 04:40:26,8,4.06,2,Free_feed,Pellet,Left,0,0,139,6.0,0,FED
2020-07-22 04:40:55,8,4.07,1,Free_feed,Pellet,Left,0,0,140,27.0,0,FED
2020-07-22 04:41:14,8,4.07,1,Free_feed,Pellet,Left,0,0,141,16.0,0,FED
2020-07-22 04:45:01,8,4.07,1,Free_feed,Pellet,Left,0,0,142,0.0,0,FED
2020-07-22 04:45:59,8,4.07,1,Free_feed,Pellet,Left,0,0,143,1.0,0,FED
2020-07-22 04:46:03,8,4.07,1,Free_feed,Pellet,Left,0,0,144,1.0,0,FED
2020-07-22 04:46:14,8,4.07,1,Free_feed,Pellet,Left,0,0,145,8.0,0,FED
2020-07-22 04:46:38,8,4.07,2,Free_feed,Pellet,Left,0,0,146,20.0,0,FED
2020-07-22 04:46:46,8,4.07,2,Free_feed,Pellet,Left,0,0,147,1.0,0,FED
2020-07-22 04:47:57,8,4.07,2,Free_feed,Pellet,Left,0,0,148,67.0,0,FED
2020-07-22 04:48:45,8,4.07,1,Free_feed,Pellet,Left,0,0,149,1.0,0,FED
2020-07-22 05:56:14,8,4.07,3,Free_feed,Pellet,Left,0,0,150,0.0,0,FED
2020-07-22 05:56:30,8,4.06,2,Free_feed,Pellet,Left,0,0,151,11.0,0,FED
2020-07-22 05:56:45,8,4.06,1,Free_feed,Pellet,Left,0,0,152,12.0,0,FED
2020-07-22 05:56:59,8,4.06,1,Free_feed,Pellet,Left,0,0,153,10.0,0,FED
2020-07-22 05:57:18,8,4.06,1,Free_feed,Pellet,Left,0,0,154,17.0,0,FED
2020-07-22 05:57:54,8,4.07,2,Free_feed,Pellet,Left,0,0,155,32.0,0,FED
2020-07-22 05:58:19,8,4.06,4,Free_feed,Pellet,Left,0,0,156,17.0,0,FED
2020-07-22 05:58:30,8,4.06,1,Free_feed,Pellet,Left,0,0,157,8.0,0,FED
2020-07-22 05:58:43,8,4.07,3,Free_feed,Pellet,Left,0,0,158,7.0,0,FED
2020-07-22 05:59:03,8,4.07,1,Free_feed,Pellet,Left,0,0,159,16.0,0,FED
2020-07-22 06:16:53,8,4.06,1,Free_feed,Pellet,Left,0,0,160,0.0,0,FED
2020-07-22 06:17:09,8,4.05,1,Free_feed,Pellet,Left,0,0,161,13.0,0,FED
2020-07-22 06:17:26,8,4.07,1,Free_feed,Pellet,Left,0,0,162,14.0,0,FED
2020-07-22 06:17:44,8,4.06,1,Free_feed,Pellet,Left,0,0,163,15.0,0,FED
2020-07-22 06:18:02,8,4.07,2,Free_feed,Pellet,Left,0,0,164,13.0,0,FED
2020-07-22 06:18:20,8,4.06,3,Free_feed,Pellet,Left,0,0,165,11.0,0,FED
2020-07-22 06:18:36,8,4.07,1,Free_feed,Pellet,Left,0,0,166,13.0,0,FED
2020-07-22 06:18:54,8,4.06,2,Free_feed,Pellet,Left,0,0,167,13.0,0,FED
2020-07-22 06:38:55,8,4.06,2,Free_feed,Pellet,Left,0,0,168,0.0,0,FED
2020-07-22 06:44:07,8,4.06,3,Free_feed,Pellet,Left,0,0,169,0.0,0,FED
2020-07-22 06:44:22,8,4.07,1,Free_feed,Pellet,Left,0,0,170,13.0,0,FED
2020-07-22 06:44:38,8,4.06,1,Free_feed,Pellet,Left,0,0,171,13.0,0,FED
2020-07-22 06:45:10,8,4.05,2,Free_feed,Pellet,Left,0,0,172,28.0,0,FED
2020-07-22 06:45:30,8,4.05,1,Free_feed,Pellet,Left,0,0,173,17.0,0,FED
2020-07-22 06:45:46,8,4.06,1,Free_feed,Pellet,Left,0,0,174,13.0,0,FED
2020-07-22 08:28:38,8,4.06,1,Free_feed,Pellet,Left,0,0,175,0.0,0,FED
2020-07-22 08:28:59,8,4.06,1,Free_feed,Pellet,Left,0,0,176,17.0,0,FED
2020-07-22 08:29:15,8,4.05,1,Free_feed,Pellet,Left,0,0,177,14.0,0,FED
2020-07-22 08:29:32,8,4.07,1,Free_feed,Pellet,Left,0,0,178,14.0,0,FED
2020-07-22 08:29:57,8,4.05,1,Free_feed,Pellet,Left,0,0,179,22.0,0,FED
2020-07-22 08:30:23,8,4.06,2,Free_feed,Pellet,Left,0,0,180,21.0,0,FED
2020-07-22 08:30:39,8,4.05,1,Free_feed,Pellet,Left,0,0,181,13.0,0,FED
2020-07-22 08:30:58,8,4.05,1,Free_feed,Pellet,Left,0,0,182,16.0,0,FED
2020-07-22 08:31:31,8,4.06,3,Free_feed,Pellet,Left,0,0,183,26.0,0,FED
2020-07-22 08:31:44,8,4.05,1,Free_feed,Pellet,Left,0,0,184,10.0,0,FED
2020-07-22 10:10:48,8,4.05,2,Free_feed,Pellet,Left,0,0,185,0.0,0,FED
2020-07-22 10:11:04,8,4.05,1,Free_feed,Pellet,Left,0,0,186,13.0,0,FED
2020-07-22 10:11:51,8,4.05,1,Free_feed,Pellet,Left,0,0,187,44.0,0,FED
2020-07-22 10:12:01,8,4.04,2,Free_feed,Pellet,Left,0,0,188,5.0,0,FED
2020-07-22 10:12:56,8,4.05,1,Free_feed,Pellet,Left,0,0,189,52.0,0,FED
2020-07-22 10:13:08,8,4.06,2,Free_feed,Pellet,Left,0,0,190,6.0,0,FED
2020-07-22 10:58:49,8,4.05,1,Free_feed,Pellet,Left,0,0,191,0.0,0,FED
2020-07-22 10:59:04,8,4.05,3,Free_feed,Pellet,Left,0,0,192,8.0,0,FED
2020-07-22 10:59:19,8,4.05,1,Free_feed,Pellet,Left,0,0,193,13.0,0,FED
2020-07-22 10:59:35,8,4.05,1,Free_feed,Pellet,Left,0,0,194,13.0,0,FED
2020-07-22 10:59:50,8,4.05,1,Free_feed,Pellet,Left,0,0,195,12.0,0,FED
2020-07-22 11:00:05,8,4.05,1,Free_feed,Pellet,Left,0,0,196,13.0,0,FED
2020-07-22 11:01:17,8,4.05,3,Free_feed,Pellet,Left,0,0,197,66.0,0,FED
2020-07-22 11:01:32,8,4.05,2,Free_feed,Pellet,Left,0,0,198,10.0,0,FED
2020-07-22 11:37:05,8,4.05,1,Free_feed,Pellet,Left,0,0,199,0.0,0,FED
2020-07-22 11:37:10,8,4.05,1,Free_feed,Pellet,Left,0,0,200,2.0,0,FED
2020-07-22 11:37:30,8,4.05,1,Free_feed,Pellet,Left,0,0,201,17.0,0,FED
2020-07-22 11:37:36,8,4.05,1,Free_feed,Pellet,Left,0,0,202,4.0,0,FED
2020-07-22 11:38:08,8,4.04,3,Free_feed,Pellet,Left,0,0,203,25.0,0,FED
2020-07-22 11:38:24,8,4.04,1,Free_feed,Pellet,Left,0,0,204,13.0,0,FED
2020-07-22 11:38:41,8,4.05,2,Free_feed,Pellet,Left,0,0,205,12.0,0,FED
2020-07-22 11:39:04,8,4.05,1,Free_feed,Pellet,Left,0,0,206,20.0,0,FED
2020-07-22 12:12:18,8,4.05,2,Free_feed,Pellet,Left,0,0,207,0.0,0,FED
2020-07-22 12:12:35,8,4.04,2,Free_feed,Pellet,Left,0,0,208,13.0,0,FED
2020-07-22 12:12:49,8,4.04,1,Free_feed,Pellet,Left,0,0,209,11.0,0,FED
2020-07-22 12:13:11,8,4.05,1,Free_feed,Pellet,Left,0,0,210,19.0,0,FED
2020-07-22 12:13:18,8,4.04,1,Free_feed,Pellet,Left,0,0,211,4.0,0,FED
2020-07-22 12:13:25,8,4.04,2,Free_feed,Pellet,Left,0,0,212,2.0,0,FED
2020-07-22 12:13:44,8,4.05,1,Free_feed,Pellet,Left,0,0,213,16.0,0,FED
2020-07-22 12:14:00,8,4.05,1,Free_feed,Pellet,Left,0,0,214,13.0,0,FED
2020-07-22 12:14:19,8,4.04,1,Free_feed,Pellet,Left,0,0,215,17.0,0,FED
2020-07-22 12:15:04,8,4.05,1,Free_feed,Pellet,Left,0,0,216,42.0,0,FED
2020-07-22 12:15:09,8,4.05,1,Free_feed,Pellet,Left,0,0,217,3.0,0,FED
2020-07-22 12:15:20,8,4.05,1,Free_feed,Pellet,Left,0,0,218,9.0,0,FED
2020-07-22 12:15:37,8,4.04,1,Free_feed,Pellet,Left,0,0,219,13.0,0,FED
2020-07-22 12:16:01,8,4.05,1,Free_feed,Pellet,Left,0,0,220,21.0,0,FED
2020-07-22 12:16:23,8,4.04,2,Free_feed,Pellet,Left,0,0,221,17.0,0,FED
2020-07-22 12:16:44,8,4.04,3,Free_feed,Pellet,Left,0,0,222,14.0,0,FED
2020-07-22 12:17:03,8,4.04,2,Free_feed,Pellet,Left,0,0,223,14.0,0,FED
2020-07-22 12:17:27,8,4.05,1,Free_feed,Pellet,Left,0,0,224,22.0,0,FED
2020-07-22 14:32:20,8,4.05,2,Free_feed,Pellet,Left,0,0,225,0.0,0,FED
2020-07-22 14:32:24,8,4.04,1,Free_feed,Pellet,Left,0,0,226,2.0,0,FED
2020-07-22 14:32:29,8,4.04,2,Free_feed,Pellet,Left,0,0,227,1.0,0,FED
2020-07-22 14:32:59,8,4.04,2,Free_feed,Pellet,Left,0,0,228,25.0,0,FED
2020-07-22 14:33:15,8,4.04,1,Free_feed,Pellet,Left,0,0,229,14.0,0,FED
2020-07-22 14:33:34,8,4.03,1,Free_feed,Pellet,Left,0,0,230,16.0,0,FED
2020-07-22 14:33:56,8,4.03,1,Free_feed,Pellet,Left,0,0,231,19.0,0,FED
2020-07-22 14:34:16,8,4.03,3,Free_feed,Pellet,Left,0,0,232,13.0,0,FED
2020-07-22 14:34:29,8,4.04,4,Free_feed,Pellet,Left,0,0,233,6.0,0,FED
2020-07-22 14:34:34,8,4.04,2,Free_feed,Pellet,Left,0,0,234,1.0,0,FED
2020-07-22 14:34:48,8,4.03,1,Free_feed,Pellet,Left,0,0,235,11.0,0,FED
2020-07-22 14:35:07,8,4.03,1,Free_feed,Pellet,Left,0,0,236,17.0,0,FED
2020-07-22 14:35:23,8,4.03,2,Free_feed,Pellet,Left,0,0,237,11.0,0,FED
2020-07-22 14:41:08,8,4.03,1,Free_feed,Pellet,Left,0,0,238,0.0,0,FED
2020-07-22 16:24:53,8,4.03,1,Free_feed,Pellet,Left,0,0,239,0.0,0,FED
2020-07-22 16:25:21,8,4.03,1,Free_feed,Pellet,Left,0,0,240,25.0,0,FED
2020-07-22 16:25:42,8,4.03,1,Free_feed,Pellet,Left,0,0,241,19.0,0,FED
2020-07-22 16:25:48,8,4.03,1,Free_feed,Pellet,Left,0,0,242,2.0,0,FED
2020-07-22 16:26:02,8,4.03,2,Free_feed,Pellet,Left,0,0,243,8.0,0,FED
2020-07-22 16:26:20,8,4.03,1,Free_feed,Pellet,Left,0,0,244,15.0,0,FED
2020-07-22 16:26:44,8,4.03,1,Free_feed,Pellet,Left,0,0,245,21.0,0,FED
2020-07-22 16:27:06,8,4.03,1,Free_feed,Pellet,Left,0,0,246,19.0,0,FED
2020-07-22 16:27:24,8,4.03,1,Free_feed,Pellet,Left,0,0,247,15.0,0,FED
2020-07-22 17:56:53,8,4.03,1,Free_feed,Pellet,Left,0,0,248,0.0,0,FED
2020-07-22 17:57:57,8,4.03,1,Free_feed,Pellet,Left,0,0,249,25.0,0,FED
2020-07-22 17:58:11,8,4.03,2,Free_feed,Pellet,Left,0,0,250,10.0,0,FED
2020-07-22 17:58:29,8,4.03,1,Free_feed,Pellet,Left,0,0,251,16.0,0,FED
2020-07-22 17:58:49,8,4.03,1,Free_feed,Pellet,Left,0,0,252,18.0,0,FED
2020-07-22 17:58:54,8,4.03,1,Free_feed,Pellet,Left,0,0,253,2.0,0,FED
2020-07-22 17:59:07,8,4.03,1,Free_feed,Pellet,Left,0,0,254,10.0,0,FED
2020-07-22 17:59:39,8,4.03,1,Free_feed,Pellet,Left,0,0,255,29.0,0,FED
2020-07-22 17:59:45,8,4.03,2,Free_feed,Pellet,Left,0,0,256,1.0,0,FED
2020-07-22 18:00:02,8,4.03,4,Free_feed,Pellet,Left,0,0,257,8.0,0,FED
2020-07-22 18:00:47,8,4.03,1,Free_feed,Pellet,Left,0,0,258,42.0,0,FED
2020-07-22 18:01:01,8,4.03,3,Free_feed,Pellet,Left,0,0,259,7.0,0,FED
2020-07-22 18:01:20,8,4.02,2,Free_feed,Pellet,Left,0,0,260,15.0,0,FED
2020-07-22 18:01:40,8,4.03,1,Free_feed,Pellet,Left,0,0,261,17.0,0,FED
2020-07-22 18:01:58,8,4.03,1,Free_feed,Pellet,Left,0,0,262,15.0,0,FED
2020-07-22 18:02:13,8,4.02,1,Free_feed,Pellet,Left,0,0,263,13.0,0,FED
2020-07-22 18:02:36,8,4.02,1,Free_feed,Pellet,Left,0,0,264,21.0,0,FED
2020-07-22 18:03:04,8,4.03,2,Free_feed,Pellet,Left,0,0,265,23.0,0,FED
2020-07-22 18:03:23,8,4.03,1,Free_feed,Pellet,Left,0,0,266,17.0,0,FED
2020-07-22 18:15:56,8,4.03,2,Free_feed,Pellet,Left,0,0,267,0.0,0,FED
2020-07-22 19:54:47,8,4.03,1,Free_feed,Pellet,Left,0,0,268,0.0,0,FED
2020-07-22 20:09:17,8,4.02,1,Free_feed,Pellet,Left,0,0,269,36.0,0,FED
2020-07-22 20:09:37,8,4.02,1,Free_feed,Pellet,Left,0,0,270,17.0,0,FED
2020-07-22 20:10:51,8,4.02,1,Free_feed,Pellet,Left,0,0,271,71.0,0,FED
2020-07-22 20:11:13,8,4.02,2,Free_feed,Pellet,Left,0,0,272,17.0,0,FED
2020-07-22 20:11:38,8,4.02,1,Free_feed,Pellet,Left,0,0,273,22.0,0,FED
2020-07-22 20:11:58,8,4.02,1,Free_feed,Pellet,Left,0,0,274,17.0,0,FED
2020-07-22 20:36:17,8,4.02,1,Free_feed,Pellet,Left,0,0,275,0.0,0,FED
2020-07-22 20:36:32,8,4.02,1,Free_feed,Pellet,Left,0,0,276,12.0,0,FED
2020-07-22 20:37:05,8,4.02,2,Free_feed,Pellet,Left,0,0,277,29.0,0,FED
2020-07-22 20:37:32,8,4.02,1,Free_feed,Pellet,Left,0,0,278,25.0,0,FED
2020-07-22 20:37:44,8,4.02,2,Free_feed,Pellet,Left,0,0,279,8.0,0,FED
2020-07-22 20:38:04,8,4.02,1,Free_feed,Pellet,Left,0,0,280,17.0,0,FED
2020-07-22 20:38:25,8,4.02,1,Free_feed,Pellet,Left,0,0,281,19.0,0,FED
2020-07-22 20:38:41,8,4.02,2,Free_feed,Pellet,Left,0,0,282,11.0,0,FED
2020-07-22 20:53:28,8,4.02,2,Free_feed,Pellet,Left,0,0,283,0.0,0,FED
2020-07-22 21:14:15,8,4.02,1,Free_feed,Pellet,Left,0,0,284,0.0,0,FED
2020-07-22 21:14:20,8,4.02,1,Free_feed,Pellet,Left,0,0,285,2.0,0,FED
2020-07-22 21:14:34,8,4.02,1,Free_feed,Pellet,Left,0,0,286,11.0,0,FED
2020-07-22 21:14:49,8,4.02,4,Free_feed,Pellet,Left,0,0,287,6.0,0,FED
2020-07-22 21:15:08,8,4.02,1,Free_feed,Pellet,Left,0,0,288,17.0,0,FED
2020-07-22 21:15:12,8,4.02,1,Free_feed,Pellet,Left,0,0,289,0.0,0,FED
2020-07-22 21:17:58,8,4.02,1,Free_feed,Pellet,Left,0,0,290,0.0,0,FED
2020-07-22 21:18:04,8,4.02,2,Free_feed,Pellet,Left,0,0,291,1.0,0,FED
2020-07-22 21:18:11,8,4.02,2,Free_feed,Pellet,Left,0,0,292,1.0,0,FED
2020-07-22 21:18:21,8,4.02,1,Free_feed,Pellet,Left,0,0,293,8.0,0,FED
2020-07-22 21:18:38,8,4.02,1,Free_feed,Pellet,Left,0,0,294,14.0,0,FED
2020-07-22 21:20:52,8,4.02,1,Free_feed,Pellet,Left,0,0,295,0.0,0,FED
2020-07-22 21:20:56,8,4.02,1,Free_feed,Pellet,Left,0,0,296,1.0,0,FED
2020-07-22 21:21:10,8,4.02,4,Free_feed,Pellet,Left,0,0,297,6.0,0,FED
2020-07-22 21:21:29,8,4.02,1,Free_feed,Pellet,Left,0,0,298,16.0,0,FED
2020-07-22 21:21:49,8,4.02,1,Free_feed,Pellet,Left,0,0,299,18.0,0,FED
2020-07-22 21:22:10,8,4.02,2,Free_feed,Pellet,Left,0,0,300,16.0,0,FED
2020-07-22 21:22:33,8,4.02,3,Free_feed,Pellet,Left,0,0,301,17.0,0,FED
2020-07-22 21:22:54,8,4.02,1,Free_feed,Pellet,Left,0,0,302,18.0,0,FED
2020-07-22 21:23:14,8,4.02,1,Free_feed,Pellet,Left,0,0,303,17.0,0,FED
2020-07-22 21:46:17,8,4.02,1,Free_feed,Pellet,Left,0,0,304,0.0,0,FED
2020-07-22 21:46:29,8,4.02,2,Free_feed,Pellet,Left,0,0,305,8.0,0,FED
2020-07-22 21:47:24,8,4.02,4,Free_feed,Pellet,Left,0,0,306,46.0,0,FED
2020-07-22 21:47:30,8,4.02,1,Free_feed,Pellet,Left,0,0,307,3.0,0,FED
2020-07-22 21:47:46,8,4.02,2,Free_feed,Pellet,Left,0,0,308,12.0,0,FED
2020-07-22 21:48:02,8,4.02,2,Free_feed,Pellet,Left,0,0,309,11.0,0,FED
2020-07-22 21:48:30,8,4.02,1,Free_feed,Pellet,Left,0,0,310,25.0,0,FED
2020-07-22 22:08:08,8,4.02,1,Free_feed,Pellet,Left,0,0,311,0.0,0,FED
2020-07-22 22:08:15,8,4.02,1,Free_feed,Pellet,Left,0,0,312,4.0,0,FED
2020-07-22 22:08:44,8,4.02,2,Free_feed,Pellet,Left,0,0,313,23.0,0,FED
2020-07-22 22:09:36,8,4.02,2,Free_feed,Pellet,Left,0,0,314,48.0,0,FED
2020-07-22 22:10:04,8,4.02,1,Free_feed,Pellet,Left,0,0,315,23.0,0,FED
2020-07-22 22:10:48,8,4.02,2,Free_feed,Pellet,Left,0,0,316,13.0,0,FED
2020-07-22 22:11:09,8,4.02,1,Free_feed,Pellet,Left,0,0,317,18.0,0,FED
2020-07-22 22:48:19,8,4.01,1,Free_feed,Pellet,Left,0,0,318,0.0,0,FED
2020-07-22 22:48:25,8,4.02,1,Free_feed,Pellet,Left,0,0,319,3.0,0,FED
2020-07-22 22:48:31,8,4.02,2,Free_feed,Pellet,Left,0,0,320,1.0,0,FED
2020-07-22 22:48:45,8,4.02,1,Free_feed,Pellet,Left,0,0,321,11.0,0,FED
2020-07-22 22:49:21,8,4.01,20,Free_feed,Pellet,Left,0,0,322,6.0,0,FED
2020-07-22 22:49:43,8,4.0,6,Free_feed,Pellet,Left,0,0,323,8.0,0,FED
2020-07-22 22:50:18,8,4.01,20,Free_feed,Pellet,Left,0,0,324,4.0,0,FED
2020-07-22 22:50:26,8,4.01,3,Free_feed,Pellet,Left,0,0,325,1.0,0,FED
2020-07-22 22:50:58,8,4.0,20,Free_feed,Pellet,Left,0,0,326,1.0,0,FED
2020-07-22 22:52:37,8,4.01,3,Free_feed,Pellet,Left,0,0,327,92.0,0,FED
2020-07-22 22:53:09,8,4.0,20,Free_feed,Pellet,Left,0,0,328,1.0,0,FED
2020-07-22 22:55:41,8,4.02,1,Free_feed,Pellet,Left,0,0,329,87.0,0,FED
2020-07-22 22:57:46,8,4.01,20,Free_feed,Pellet,Left,0,0,330,83.0,0,FED
2020-07-22 22:58:01,8,4.01,3,Free_feed,Pellet,Left,0,0,331,8.0,0,FED
2020-07-22 22:58:18,8,4.01,3,Free_feed,Pellet,Left,0,0,332,11.0,0,FED
2020-07-22 22:58:36,8,4.01,1,Free_feed,Pellet,Left,0,0,333,14.0,0,FED
2020-07-22 22:58:56,8,4.01,1,Free_feed,Pellet,Left,0,0,334,17.0,0,FED
2020-07-22 22:59:14,8,4.01,2,Free_feed,Pellet,Left,0,0,335,14.0,0,FED
2020-07-22 22:59:17,8,4.01,1,Free_feed,Pellet,Left,0,0,336,0.0,0,FED
2020-07-22 23:50:31,8,4.01,3,Free_feed,Pellet,Left,0,0,337,0.0,0,FED
2020-07-22 23:50:35,8,4.0,1,Free_feed,Pellet,Left,0,0,338,1.0,0,FED
2020-07-22 23:50:45,8,4.01,1,Free_feed,Pellet,Left,0,0,339,7.0,0,FED
2020-07-22 23:50:57,8,4.01,1,Free_feed,Pellet,Left,0,0,340,9.0,0,FED
2020-07-22 23:51:53,8,4.0,20,Free_feed,Pellet,Left,0,0,341,23.0,0,FED
2020-07-22 23:52:09,8,4.0,3,Free_feed,Pellet,Left,0,0,342,10.0,0,FED
2020-07-22 23:52:27,8,4.0,1,Free_feed,Pellet,Left,0,0,343,15.0,0,FED
2020-07-22 23:52:46,8,4.01,2,Free_feed,Pellet,Left,0,0,344,14.0,0,FED
2020-07-22 23:52:50,8,4.01,1,Free_feed,Pellet,Left,0,0,345,1.0,0,FED
2020-07-22 23:53:09,8,4.01,1,Free_feed,Pellet,Left,0,0,346,17.0,0,FED
2020-07-22 23:53:28,8,4.01,3,Free_feed,Pellet,Left,0,0,347,13.0,0,FED
2020-07-22 23:53:50,8,4.01,2,Free_feed,Pellet,Left,0,0,348,17.0,0,FED
2020-07-22 23:54:11,8,4.01,1,Free_feed,Pellet,Left,0,0,349,18.0,0,FED
2020-07-23 00:55:42,8,4.01,1,Free_feed,Pellet,Left,0,0,350,0.0,0,FED
2020-07-23 00:55:49,8,4.01,3,Free_feed,Pellet,Left,0,0,351,0.0,0,FED
2020-07-23 00:56:03,8,4.01,2,Free_feed,Pellet,Left,0,0,352,9.0,0,FED
2020-07-23 00:56:19,8,4.0,1,Free_feed,Pellet,Left,0,0,353,13.0,0,FED
2020-07-23 00:56:36,8,4.01,1,Free_feed,Pellet,Left,0,0,354,14.0,0,FED
2020-07-23 00:57:04,8,4.0,1,Free_feed,Pellet,Left,0,0,355,25.0,0,FED
2020-07-23 00:57:08,8,4.0,1,Free_feed,Pellet,Left,0,0,356,1.0,0,FED
2020-07-23 01:28:07,8,4.0,2,Free_feed,Pellet,Left,0,0,357,0.0,0,FED
2020-07-23 01:28:16,8,4.0,1,Free_feed,Pellet,Left,0,0,358,5.0,0,FED
2020-07-23 01:28:36,8,4.0,1,Free_feed,Pellet,Left,0,0,359,18.0,0,FED
2020-07-23 01:28:53,8,4.0,2,Free_feed,Pellet,Left,0,0,360,12.0,0,FED
2020-07-23 01:29:21,8,4.0,2,Free_feed,Pellet,Left,0,0,361,23.0,0,FED
2020-07-23 01:29:41,8,4.0,1,Free_feed,Pellet,Left,0,0,362,17.0,0,FED
2020-07-23 03:09:20,8,4.0,1,Free_feed,Pellet,Left,0,0,363,0.0,0,FED
2020-07-23 03:14:40,8,4.0,1,Free_feed,Pellet,Left,0,0,364,16.0,0,FED
2020-07-23 03:15:02,8,4.0,2,Free_feed,Pellet,Left,0,0,365,16.0,0,FED
2020-07-23 03:15:38,8,3.99,5,Free_feed,Pellet,Left,0,0,366,25.0,0,FED
2020-07-23 03:15:54,8,4.0,1,Free_feed,Pellet,Left,0,0,367,13.0,0,FED
2020-07-23 03:17:54,8,4.0,2,Free_feed,Pellet,Left,0,0,368,115.0,0,FED
2020-07-23 03:18:00,8,4.0,2,Free_feed,Pellet,Left,0,0,369,1.0,0,FED
2020-07-23 03:18:15,8,4.0,1,Free_feed,Pellet,Left,0,0,370,11.0,0,FED
2020-07-23 03:18:35,8,4.0,4,Free_feed,Pellet,Left,0,0,371,12.0,0,FED
2020-07-23 03:18:52,8,4.0,1,Free_feed,Pellet,Left,0,0,372,14.0,0,FED
2020-07-23 03:19:12,8,4.0,2,Free_feed,Pellet,Left,0,0,373,15.0,0,FED
2020-07-23 03:19:35,8,4.0,2,Free_feed,Pellet,Left,0,0,374,17.0,0,FED
2020-07-23 03:19:52,8,4.0,2,Free_feed,Pellet,Left,0,0,375,12.0,0,FED
2020-07-23 05:12:18,8,4.0,2,Free_feed,Pellet,Left,0,0,376,0.0,0,FED
2020-07-23 05:13:04,8,3.99,1,Free_feed,Pellet,Left,0,0,377,1.0,0,FED
2020-07-23 05:13:20,8,3.99,2,Free_feed,Pellet,Left,0,0,378,10.0,0,FED
2020-07-23 05:13:36,8,3.99,3,Free_feed,Pellet,Left,0,0,379,10.0,0,FED
2020-07-23 05:16:29,8,3.99,68,Free_feed,Pellet,Left,0,0,380,0.0,0,FED
2020-07-23 05:17:48,8,3.99,28,Free_feed,Pellet,Left,0,0,381,0.0,0,FED
2020-07-23 05:17:51,8,3.99,1,Free_feed,Pellet,Left,0,0,382,0.0,0,FED
2020-07-23 05:18:03,8,3.99,6,Free_feed,Pellet,Left,0,0,383,0.0,0,FED
2020-07-23 05:18:53,8,3.99,27,Free_feed,Pellet,Left,0,0,384,1.0,0,FED
2020-07-23 05:54:27,8,3.94,700,Free_feed,Pellet,Left,0,0,385,40.0,0,FED
2020-07-23 06:04:13,8,3.94,203,Free_feed,Pellet,Left,0,0,386,1.0,0,FED
2020-07-23 06:04:28,8,3.94,7,Free_feed,Pellet,Left,0,0,387,0.0,0,FED
2020-07-23 06:04:50,8,3.94,20,Free_feed,Pellet,Left,0,0,388,0.0,0,FED
2020-07-23 06:04:57,8,3.94,3,Free_feed,Pellet,Left,0,0,389,0.0,0,FED
2020-07-23 06:06:13,8,3.94,27,Free_feed,Pellet,Left,0,0,390,0.0,0,FED
2020-07-23 06:12:50,8,3.94,140,Free_feed,Pellet,Left,0,0,391,0.0,0,FED
2020-07-23 06:14:10,8,3.94,28,Free_feed,Pellet,Left,0,0,392,0.0,0,FED
2020-07-23 06:14:24,8,3.94,7,Free_feed,Pellet,Left,0,0,393,0.0,0,FED
2020-07-23 06:28:56,8,3.94,289,Free_feed,Pellet,Left,0,0,394,1.0,0,FED
2020-07-23 07:48:15,8,3.85,1120,Free_feed,Pellet,Left,0,0,395,0.0,0,FED
2020-07-23 07:48:54,8,3.87,3,Free_feed,Pellet,Left,0,0,396,32.0,0,FED
2020-07-23 07:49:11,8,3.87,1,Free_feed,Pellet,Left,0,0,397,14.0,0,FED
2020-07-23 08:15:57,8,3.85,260,Free_feed,Pellet,Left,0,0,398,0.0,0,FED
2020-07-23 08:16:17,8,3.85,3,Free_feed,Pellet,Left,0,0,399,13.0,0,FED
2020-07-23 08:17:01,8,3.85,24,Free_feed,Pellet,Left,0,0,400,0.0,0,FED
2020-07-23 08:18:43,8,3.84,40,Free_feed,Pellet,Left,0,0,401,8.0,0,FED
2020-07-23 08:18:54,8,3.85,3,Free_feed,Pellet,Left,0,0,402,4.0,0,FED
2020-07-23 08:20:35,8,3.85,42,Free_feed,Pellet,Left,0,0,403,1.0,0,FED
2020-07-23 08:28:50,8,3.85,164,Free_feed,Pellet,Left,0,0,404,0.0,0,FED
2020-07-23 09:03:58,8,3.82,363,Free_feed,Pellet,Left,0,0,405,0.0,0,FED
2020-07-23 09:04:19,8,3.83,1,Free_feed,Pellet,Left,0,0,406,18.0,0,FED
2020-07-23 09:05:15,8,3.82,23,Free_feed,Pellet,Left,0,0,407,15.0,0,FED
2020-07-23 09:05:30,8,3.83,1,Free_feed,Pellet,Left,0,0,408,12.0,0,FED
2020-07-23 09:05:55,8,3.82,2,Free_feed,Pellet,Left,0,0,409,21.0,0,FED
2020-07-23 09:06:14,8,3.82,9,Free_feed,Pellet,Left,0,0,410,1.0,0,FED
2020-07-23 09:13:02,8,3.81,143,Free_feed,Pellet,Left,0,0,411,2.0,0,FED
2020-07-23 10:12:22,8,3.79,320,Free_feed,Pellet,Left,0,0,412,0.0,0,FED
2020-07-23 10:12:34,8,3.8,3,Free_feed,Pellet,Left,0,0,413,5.0,0,FED
2020-07-23 10:13:01,8,3.8,2,Free_feed,Pellet,Left,0,0,414,22.0,0,FED
2020-07-23 10:14:25,8,3.8,2,Free_feed,Pellet,Left,0,0,415,80.0,0,FED
2020-07-23 10:15:03,8,3.8,2,Free_feed,Pellet,Left,0,0,416,33.0,0,FED
2020-07-23 10:15:16,8,3.8,1,Free_feed,Pellet,Left,0,0,417,10.0,0,FED
2020-07-23 10:15:34,8,3.8,1,Free_feed,Pellet,Left,0,0,418,15.0,0,FED
2020-07-23 10:15:52,8,3.8,1,Free_feed,Pellet,Left,0,0,419,16.0,0,FED
2020-07-23 10:16:07,8,3.8,3,Free_feed,Pellet,Left,0,0,420,8.0,0,FED
2020-07-23 10:17:40,8,3.8,2,Free_feed,Pellet,Left,0,0,421,89.0,0,FED
2020-07-23 10:18:03,8,3.8,1,Free_feed,Pellet,Left,0,0,422,20.0,0,FED
2020-07-23 10:18:18,8,3.8,1,Free_feed,Pellet,Left,0,0,423,12.0,0,FED
2020-07-23 10:18:42,8,3.8,4,Free_feed,Pellet,Left,0,0,424,16.0,0,FED
2020-07-23 10:19:07,8,3.8,1,Free_feed,Pellet,Left,0,0,425,22.0,0,FED
2020-07-23 10:19:30,8,3.8,1,Free_feed,Pellet,Left,0,0,426,21.0,0,FED
2020-07-23 10:50:39,8,3.74,504,Free_feed,Pellet,Left,0,0,427,0.0,0,FED
2020-07-23 10:51:18,8,3.76,9,Free_feed,Pellet,Left,0,0,428,19.0,0,FED
2020-07-23 11:10:36,8,3.76,2,Free_feed,Pellet,Left,0,0,429,0.0,0,FED
2020-07-23 11:10:40,8,3.76,1,Free_feed,Pellet,Left,0,0,430,1.0,0,FED
2020-07-23 11:10:53,8,3.76,1,Free_feed,Pellet,Left,0,0,431,10.0,0,FED
2020-07-23 11:11:30,8,3.76,3,Free_feed,Pellet,Left,0,0,432,31.0,0,FED
2020-07-23 11:11:47,8,3.76,2,Free_feed,Pellet,Left,0,0,433,12.0,0,FED
2020-07-23 11:12:17,8,3.76,1,Free_feed,Pellet,Left,0,0,434,28.0,0,FED
2020-07-23 11:12:28,8,3.76,1,Free_feed,Pellet,Left,0,0,435,8.0,0,FED
2020-07-23 11:12:42,8,3.76,3,Free_feed,Pellet,Left,0,0,436,7.0,0,FED
2020-07-23 11:13:00,8,3.76,2,Free_feed,Pellet,Left,0,0,437,13.0,0,FED
2020-07-23 11:13:14,8,3.76,5,Free_feed,Pellet,Left,0,0,438,2.0,0,FED
2020-07-23 11:33:20,8,3.76,7,Free_feed,Pellet,Left,0,0,439,0.0,0,FED
2020-07-23 11:33:31,8,3.76,5,Free_feed,Pellet,Left,0,0,440,1.0,0,FED
2020-07-23 11:34:07,8,3.76,20,Free_feed,Pellet,Left,0,0,441,6.0,0,FED
2020-07-23 11:34:20,8,3.76,3,Free_feed,Pellet,Left,0,0,442,7.0,0,FED
2020-07-23 11:35:08,8,3.76,20,Free_feed,Pellet,Left,0,0,443,19.0,0,FED
2020-07-23 11:35:40,8,3.76,3,Free_feed,Pellet,Left,0,0,444,25.0,0,FED
2020-07-23 11:36:31,8,3.76,4,Free_feed,Pellet,Left,0,0,445,42.0,0,FED
2020-07-23 11:36:43,8,3.76,2,Free_feed,Pellet,Left,0,0,446,7.0,0,FED
2020-07-23 11:36:57,8,3.76,2,Free_feed,Pellet,Left,0,0,447,9.0,0,FED
2020-07-23 11:37:18,8,3.76,3,Free_feed,Pellet,Left,0,0,448,13.0,0,FED
2020-07-23 11:37:34,8,3.76,1,Free_feed,Pellet,Left,0,0,449,14.0,0,FED
2020-07-23 11:37:54,8,3.76,1,Free_feed,Pellet,Left,0,0,450,17.0,0,FED
2020-07-23 11:38:07,8,3.76,1,Free_feed,Pellet,Left,0,0,451,11.0,0,FED
2020-07-23 11:51:13,8,3.76,1,Free_feed,Pellet,Left,0,0,452,0.0,0,FED
2020-07-23 12:35:27,8,3.76,20,Free_feed,Pellet,Left,0,0,453,0.0,0,FED
2020-07-23 12:35:33,8,3.76,2,Free_feed,Pellet,Left,0,0,454,1.0,0,FED
2020-07-23 12:35:39,8,3.76,2,Free_feed,Pellet,Left,0,0,455,1.0,0,FED
2020-07-23 12:36:17,8,3.76,2,Free_feed,Pellet,Left,0,0,456,33.0,0,FED
2020-07-23 12:36:32,8,3.76,1,Free_feed,Pellet,Left,0,0,457,12.0,0,FED
2020-07-23 12:36:50,8,3.76,1,Free_feed,Pellet,Left,0,0,458,15.0,0,FED
2020-07-23 12:37:18,8,3.76,3,Free_feed,Pellet,Left,0,0,459,21.0,0,FED
2020-07-23 12:37:43,8,3.76,1,Free_feed,Pellet,Left,0,0,460,21.0,0,FED
2020-07-23 12:37:52,8,3.76,3,Free_feed,Pellet,Left,0,0,461,3.0,0,FED
2020-07-23 14:04:09,8,3.76,2,Free_feed,Pellet,Left,0,0,462,0.0,0,FED
2020-07-23 14:28:37,8,3.76,1,Free_feed,Pellet,Left,0,0,463,0.0,0,FED
2020-07-23 15:15:03,8,3.76,1,Free_feed,Pellet,Left,0,0,464,0.0,0,FED
2020-07-23 15:15:09,8,3.76,2,Free_feed,Pellet,Left,0,0,465,1.0,0,FED
2020-07-23 15:15:23,8,3.76,1,Free_feed,Pellet,Left,0,0,466,11.0,0,FED
2020-07-23 15:15:41,8,3.75,1,Free_feed,Pellet,Left,0,0,467,15.0,0,FED
2020-07-23 15:15:56,8,3.75,2,Free_feed,Pellet,Left,0,0,468,10.0,0,FED
2020-07-23 15:16:19,8,3.76,1,Free_feed,Pellet,Left,0,0,469,20.0,0,FED
2020-07-23 15:16:36,8,3.75,1,Free_feed,Pellet,Left,0,0,470,14.0,0,FED
2020-07-23 15:16:53,8,3.76,1,Free_feed,Pellet,Left,0,0,471,14.0,0,FED
2020-07-23 15:21:22,8,3.75,20,Free_feed,Pellet,Left,0,0,472,0.0,0,FED
2020-07-23 15:22:36,8,3.75,20,Free_feed,Pellet,Left,0,0,473,42.0,0,FED
2020-07-23 15:22:53,8,3.75,5,Free_feed,Pellet,Left,0,0,474,6.0,0,FED
2020-07-23 15:31:42,8,3.75,2,Free_feed,Pellet,Left,0,0,475,0.0,0,FED
2020-07-23 15:32:04,8,3.75,3,Free_feed,Pellet,Left,0,0,476,15.0,0,FED
2020-07-23 15:32:19,8,3.75,2,Free_feed,Pellet,Left,0,0,477,10.0,0,FED
2020-07-23 15:32:35,8,3.75,1,Free_feed,Pellet,Left,0,0,478,13.0,0,FED
2020-07-23 15:32:51,8,3.74,1,Free_feed,Pellet,Left,0,0,479,13.0,0,FED
2020-07-23 15:33:09,8,3.75,4,Free_feed,Pellet,Left,0,0,480,10.0,0,FED
2020-07-23 15:33:27,8,3.74,1,Free_feed,Pellet,Left,0,0,481,16.0,0,FED
2020-07-23 15:33:46,8,3.75,1,Free_feed,Pellet,Left,0,0,482,16.0,0,FED
2020-07-23 15:34:34,8,3.75,3,Free_feed,Pellet,Left,0,0,483,41.0,0,FED
2020-07-23 15:43:56,8,3.75,2,Free_feed,Pellet,Left,0,0,484,0.0,0,FED
2020-07-23 15:46:44,8,3.75,1,Free_feed,Pellet,Left,0,0,485,0.0,0,FED
2020-07-23 15:48:54,8,3.75,1,Free_feed,Pellet,Left,0,0,486,0.0,0,FED
2020-07-23 16:31:55,8,3.74,3,Free_feed,Pellet,Left,0,0,487,0.0,0,FED
2020-07-23 16:32:39,8,3.74,1,Free_feed,Pellet,Left,0,0,488,41.0,0,FED
2020-07-23 16:33:11,8,3.74,6,Free_feed,Pellet,Left,0,0,489,19.0,0,FED
2020-07-23 16:55:24,8,3.73,420,Free_feed,Pellet,Left,0,0,490,83.0,0,FED
2020-07-23 17:08:12,8,3.73,261,Free_feed,Pellet,Left,0,0,491,0.0,0,FED
2020-07-23 17:28:36,8,3.71,20,Free_feed,Pellet,Left,0,0,492,0.0,0,FED
2020-07-23 17:33:52,8,3.72,3,Free_feed,Pellet,Left,0,0,493,0.0,0,FED
2020-07-23 17:34:07,8,3.72,7,Free_feed,Pellet,Left,0,0,494,1.0,0,FED
2020-07-23 17:34:29,8,3.72,1,Free_feed,Pellet,Left,0,0,495,19.0,0,FED
2020-07-23 17:34:47,8,3.72,1,Free_feed,Pellet,Left,0,0,496,15.0,0,FED
2020-07-23 17:35:09,8,3.72,2,Free_feed,Pellet,Left,0,0,497,17.0,0,FED
2020-07-23 17:35:24,8,3.72,1,Free_feed,Pellet,Left,0,0,498,11.0,0,FED
2020-07-23 17:35:45,8,3.73,1,Free_feed,Pellet,Left,0,0,499,18.0,0,FED
2020-07-23 17:35:59,8,3.73,6,Free_feed,Pellet,Left,0,0,500,1.0,0,FED
2020-07-23 17:36:05,8,3.72,2,Free_feed,Pellet,Left,0,0,501,2.0,0,FED
2020-07-23 17:36:24,8,3.72,2,Free_feed,Pellet,Left,0,0,502,14.0,0,FED
2020-07-23 17:36:45,8,3.72,2,Free_feed,Pellet,Left,0,0,503,16.0,0,FED
2020-07-23 17:37:08,8,3.72,1,Free_feed,Pellet,Left,0,0,504,20.0,0,FED
2020-07-23 17:37:32,8,3.71,1,Free_feed,Pellet,Left,0,0,505,21.0,0,FED
2020-07-23 17:37:52,8,3.72,1,Free_feed,Pellet,Left,0,0,506,17.0,0,FED
2020-07-23 18:46:51,8,3.72,3,Free_feed,Pellet,Left,0,0,507,0.0,0,FED
2020-07-23 18:47:09,8,3.71,5,Free_feed,Pellet,Left,0,0,508,7.0,0,FED
2020-07-23 18:52:16,8,3.72,1,Free_feed,Pellet,Left,0,0,509,0.0,0,FED
2020-07-23 18:52:39,8,3.72,1,Free_feed,Pellet,Left,0,0,510,20.0,0,FED
2020-07-23 19:02:55,8,3.71,1,Free_feed,Pellet,Left,0,0,511,0.0,0,FED
2020-07-23 19:03:42,8,3.72,1,Free_feed,Pellet,Left,0,0,512,45.0,0,FED
2020-07-23 19:10:49,8,3.71,4,Free_feed,Pellet,Left,0,0,513,0.0,0,FED
2020-07-23 19:11:17,8,3.72,1,Free_feed,Pellet,Left,0,0,514,25.0,0,FED
2020-07-23 19:11:37,8,3.72,1,Free_feed,Pellet,Left,0,0,515,17.0,0,FED
2020-07-23 19:11:52,8,3.72,2,Free_feed,Pellet,Left,0,0,516,9.0,0,FED
2020-07-23 19:12:10,8,3.72,3,Free_feed,Pellet,Left,0,0,517,12.0,0,FED
2020-07-23 19:12:27,8,3.71,1,Free_feed,Pellet,Left,0,0,518,14.0,0,FED
2020-07-23 19:12:44,8,3.72,1,Free_feed,Pellet,Left,0,0,519,15.0,0,FED
2020-07-23 20:13:45,8,3.71,1,Free_feed,Pellet,Left,0,0,520,0.0,0,FED
2020-07-23 20:14:20,8,3.71,2,Free_feed,Pellet,Left,0,0,521,16.0,0,FED
2020-07-23 20:56:09,8,3.71,840,Free_feed,Pellet,Left,0,0,522,0.0,0,FED
2020-07-23 21:03:32,8,3.71,148,Free_feed,Pellet,Left,0,0,523,0.0,0,FED
2020-07-23 21:16:34,8,3.71,267,Free_feed,Pellet,Left,0,0,524,0.0,0,FED
2020-07-23 21:18:47,8,3.71,45,Free_feed,Pellet,Left,0,0,525,0.0,0,FED
2020-07-23 22:08:06,8,3.71,982,Free_feed,Pellet,Left,0,0,526,0.0,0,FED
2020-07-23 22:09:41,8,3.66,40,Free_feed,Pellet,Left,0,0,527,1.0,0,FED
2020-07-23 22:33:49,8,3.66,480,Free_feed,Pellet,Left,0,0,528,0.0,0,FED
2020-07-23 22:36:46,8,3.66,68,Free_feed,Pellet,Left,0,0,529,1.0,0,FED
2020-07-23 22:37:12,8,3.66,20,Free_feed,Pellet,Left,0,0,530,0.0,0,FED
2020-07-23 22:38:04,8,3.66,28,Free_feed,Pellet,Left,0,0,531,0.0,0,FED
2020-07-23 23:11:31,8,3.66,660,Free_feed,Pellet,Left,0,0,532,0.0,0,FED
2020-07-23 23:11:46,8,3.66,7,Free_feed,Pellet,Left,0,0,533,0.0,0,FED
2020-07-23 23:12:17,8,3.66,20,Free_feed,Pellet,Left,0,0,534,1.0,0,FED
2020-07-23 23:56:27,8,3.66,881,Free_feed,Pellet,Left,0,0,535,0.0,0,FED
2020-07-24 00:43:25,8,3.66,922,Free_feed,Pellet,Left,0,0,536,0.0,0,FED
2020-07-24 00:48:06,8,3.66,101,Free_feed,Pellet,Left,0,0,537,0.0,0,FED
2020-07-24 01:13:02,8,3.58,460,Free_feed,Pellet,Left,0,0,538,117.0,0,FED
2020-07-24 01:13:18,8,3.58,3,Free_feed,Pellet,Left,0,0,539,9.0,0,FED
2020-07-24 01:13:36,8,3.58,1,Free_feed,Pellet,Left,0,0,540,15.0,0,FED
2020-07-24 01:30:30,8,3.57,244,Free_feed,Pellet,Left,0,0,541,0.0,0,FED
2020-07-24 01:30:44,8,3.58,1,Free_feed,Pellet,Left,0,0,542,11.0,0,FED
2020-07-24 01:31:07,8,3.58,20,Free_feed,Pellet,Left,0,0,543,0.0,0,FED
2020-07-24 01:31:45,8,3.58,22,Free_feed,Pellet,Left,0,0,544,0.0,0,FED
2020-07-24 01:44:49,8,3.56,223,Free_feed,Pellet,Left,0,0,545,103.0,0,FED
2020-07-24 01:45:10,8,3.57,1,Free_feed,Pellet,Left,0,0,546,18.0,0,FED
2020-07-24 01:46:09,8,3.57,28,Free_feed,Pellet,Left,0,0,547,8.0,0,FED
2020-07-24 01:46:24,8,3.56,2,Free_feed,Pellet,Left,0,0,548,11.0,0,FED
2020-07-24 01:46:46,8,3.57,2,Free_feed,Pellet,Left,0,0,549,17.0,0,FED
2020-07-24 01:47:19,8,3.57,1,Free_feed,Pellet,Left,0,0,550,30.0,0,FED
2020-07-24 01:47:37,8,3.57,2,Free_feed,Pellet,Left,0,0,551,12.0,0,FED
2020-07-24 01:47:53,8,3.57,1,Free_feed,Pellet,Left,0,0,552,14.0,0,FED
2020-07-24 01:48:19,8,3.57,1,Free_feed,Pellet,Left,0,0,553,23.0,0,FED
2020-07-24 01:48:39,8,3.57,1,Free_feed,Pellet,Left,0,0,554,17.0,0,FED
2020-07-24 01:48:59,8,3.56,1,Free_feed,Pellet,Left,0,0,555,17.0,0,FED
2020-07-24 01:49:26,8,3.56,1,Free_feed,Pellet,Left,0,0,556,24.0,0,FED
2020-07-24 01:49:49,8,3.56,3,Free_feed,Pellet,Left,0,0,557,17.0,0,FED
2020-07-24 01:50:11,8,3.56,3,Free_feed,Pellet,Left,0,0,558,15.0,0,FED
2020-07-24 01:50:34,8,3.57,1,Free_feed,Pellet,Left,0,0,559,20.0,0,FED
2020-07-24 01:50:56,8,3.56,3,Free_feed,Pellet,Left,0,0,560,15.0,0,FED
2020-07-24 01:51:21,8,3.56,2,Free_feed,Pellet,Left,0,0,561,19.0,0,FED
2020-07-24 01:51:42,8,3.57,3,Free_feed,Pellet,Left,0,0,562,15.0,0,FED
2020-07-24 01:52:13,8,3.56,1,Free_feed,Pellet,Left,0,0,563,28.0,0,FED
2020-07-24 01:52:39,8,3.57,3,Free_feed,Pellet,Left,0,0,564,19.0,0,FED
2020-07-24 01:53:09,8,3.56,4,Free_feed,Pellet,Left,0,0,565,20.0,0,FED
2020-07-24 01:53:38,8,3.57,1,Free_feed,Pellet,Left,0,0,566,27.0,0,FED
2020-07-24 01:54:05,8,3.56,2,Free_feed,Pellet,Left,0,0,567,22.0,0,FED
2020-07-24 01:54:29,8,3.57,2,Free_feed,Pellet,Left,0,0,568,19.0,0,FED
2020-07-24 01:54:58,8,3.56,3,Free_feed,Pellet,Left,0,0,569,22.0,0,FED
2020-07-24 01:55:24,8,3.57,1,Free_feed,Pellet,Left,0,0,570,23.0,0,FED
2020-07-24 01:55:51,8,3.57,2,Free_feed,Pellet,Left,0,0,571,22.0,0,FED
2020-07-24 01:57:54,8,3.57,1,Free_feed,Pellet,Left,0,0,572,0.0,0,FED
2020-07-24 01:58:06,8,3.57,1,Free_feed,Pellet,Left,0,0,573,9.0,0,FED
2020-07-24 02:19:00,8,3.56,1,Free_feed,Pellet,Left,0,0,574,0.0,0,FED
2020-07-24 02:22:56,8,3.56,80,Free_feed,Pellet,Left,0,0,575,17.0,0,FED
2020-07-24 02:23:13,8,3.56,3,Free_feed,Pellet,Left,0,0,576,11.0,0,FED
2020-07-24 02:55:23,8,3.53,583,Free_feed,Pellet,Left,0,0,577,0.0,0,FED
2020-07-24 03:12:13,8,3.53,303,Free_feed,Pellet,Left,0,0,578,113.0,0,FED
2020-07-24 03:12:34,8,3.53,1,Free_feed,Pellet,Left,0,0,579,18.0,0,FED
2020-07-24 03:15:22,8,3.53,63,Free_feed,Pellet,Left,0,0,580,4.0,0,FED
2020-07-24 03:15:40,8,3.53,1,Free_feed,Pellet,Left,0,0,581,15.0,0,FED
2020-07-24 03:17:46,8,3.53,40,Free_feed,Pellet,Left,0,0,582,3.0,0,FED
2020-07-24 03:37:16,8,3.52,263,Free_feed,Pellet,Left,0,0,583,0.0,0,FED
2020-07-24 03:37:39,8,3.52,2,Free_feed,Pellet,Left,0,0,584,18.0,0,FED
2020-07-24 03:37:58,8,3.53,1,Free_feed,Pellet,Left,0,0,585,16.0,0,FED
2020-07-24 03:38:19,8,3.53,2,Free_feed,Pellet,Left,0,0,586,17.0,0,FED
2020-07-24 03:38:40,8,3.53,1,Free_feed,Pellet,Left,0,0,587,18.0,0,FED
2020-07-24 03:39:01,8,3.52,1,Free_feed,Pellet,Left,0,0,588,19.0,0,FED
2020-07-24 03:39:24,8,3.53,1,Free_feed,Pellet,Left,0,0,589,20.0,0,FED
2020-07-24 03:39:45,8,3.53,2,Free_feed,Pellet,Left,0,0,590,16.0,0,FED
2020-07-24 03:40:09,8,3.52,1,Free_feed,Pellet,Left,0,0,591,21.0,0,FED
2020-07-24 03:40:33,8,3.53,2,Free_feed,Pellet,Left,0,0,592,19.0,0,FED
2020-07-24 03:40:52,8,3.52,1,Free_feed,Pellet,Left,0,0,593,17.0,0,FED
2020-07-24 03:41:24,8,3.52,2,Free_feed,Pellet,Left,0,0,594,28.0,0,FED
2020-07-24 03:41:49,8,3.53,2,Free_feed,Pellet,Left,0,0,595,21.0,0,FED
2020-07-24 03:42:12,8,3.52,1,Free_feed,Pellet,Left,0,0,596,20.0,0,FED
2020-07-24 03:42:43,8,3.52,2,Free_feed,Pellet,Left,0,0,597,26.0,0,FED
2020-07-24 03:44:03,8,3.52,1,Free_feed,Pellet,Left,0,0,598,77.0,0,FED
2020-07-24 03:44:25,8,3.53,1,Free_feed,Pellet,Left,0,0,599,18.0,0,FED
2020-07-24 03:44:49,8,3.53,2,Free_feed,Pellet,Left,0,0,600,20.0,0,FED
2020-07-24 03:45:19,8,3.52,2,Free_feed,Pellet,Left,0,0,601,25.0,0,FED
2020-07-24 04:23:58,8,3.53,2,Free_feed,Pellet,Left,0,0,602,0.0,0,FED
2020-07-24 04:24:31,8,3.53,1,Free_feed,Pellet,Left,0,0,603,30.0,0,FED
2020-07-24 04:24:51,8,3.53,2,Free_feed,Pellet,Left,0,0,604,16.0,0,FED
2020-07-24 04:25:12,8,3.53,7,Free_feed,Pellet,Left,0,0,605,5.0,0,FED
2020-07-24 04:25:53,8,3.53,1,Free_feed,Pellet,Left,0,0,606,38.0,0,FED
2020-07-24 04:26:17,8,3.53,1,Free_feed,Pellet,Left,0,0,607,21.0,0,FED
2020-07-24 04:29:07,8,3.53,1,Free_feed,Pellet,Left,0,0,608,0.0,0,FED
2020-07-24 04:29:23,8,3.53,1,Free_feed,Pellet,Left,0,0,609,12.0,0,FED
2020-07-24 04:29:45,8,3.53,1,Free_feed,Pellet,Left,0,0,610,20.0,0,FED
2020-07-24 04:30:17,8,3.53,2,Free_feed,Pellet,Left,0,0,611,27.0,0,FED
2020-07-24 04:30:38,8,3.53,2,Free_feed,Pellet,Left,0,0,612,16.0,0,FED
2020-07-24 04:31:08,8,3.53,1,Free_feed,Pellet,Left,0,0,613,27.0,0,FED
2020-07-24 04:31:30,8,3.53,1,Free_feed,Pellet,Left,0,0,614,19.0,0,FED
2020-07-24 04:34:21,8,3.53,1,Free_feed,Pellet,Left,0,0,615,0.0,0,FED
2020-07-24 04:38:29,8,3.53,2,Free_feed,Pellet,Left,0,0,616,0.0,0,FED
2020-07-24 05:15:59,8,3.53,4,Free_feed,Pellet,Left,0,0,617,0.0,0,FED
2020-07-24 05:16:03,8,3.52,1,Free_feed,Pellet,Left,0,0,618,1.0,0,FED
2020-07-24 05:16:46,8,3.53,2,Free_feed,Pellet,Left,0,0,619,38.0,0,FED
2020-07-24 05:17:06,8,3.53,1,Free_feed,Pellet,Left,0,0,620,18.0,0,FED
2020-07-24 05:17:30,8,3.53,2,Free_feed,Pellet,Left,0,0,621,19.0,0,FED
2020-07-24 05:17:56,8,3.53,1,Free_feed,Pellet,Left,0,0,622,23.0,0,FED
2020-07-24 05:18:18,8,3.53,4,Free_feed,Pellet,Left,0,0,623,14.0,0,FED
2020-07-24 05:18:39,8,3.53,2,Free_feed,Pellet,Left,0,0,624,16.0,0,FED
2020-07-24 05:19:05,8,3.53,1,Free_feed,Pellet,Left,0,0,625,23.0,0,FED
2020-07-24 05:19:28,8,3.53,1,Free_feed,Pellet,Left,0,0,626,20.0,0,FED
2020-07-24 05:42:23,8,3.53,5,Free_feed,Pellet,Left,0,0,627,0.0,0,FED
2020-07-24 05:50:47,8,3.53,120,Free_feed,Pellet,Left,0,0,628,0.0,0,FED
2020-07-24 05:53:41,8,3.53,43,Free_feed,Pellet,Left,0,0,629,49.0,0,FED
2020-07-24 06:39:15,8,3.53,821,Free_feed,Pellet,Left,0,0,630,0.0,0,FED
2020-07-24 06:43:42,8,3.53,80,Free_feed,Pellet,Left,0,0,631,54.0,0,FED
2020-07-24 06:44:00,8,3.52,3,Free_feed,Pellet,Left,0,0,632,12.0,0,FED
2020-07-24 12:18:44,8,4.21,3,Free_feed,Pellet,Left,0,0,633,0.0,1,FED
2020-07-24 12:18:57,8,4.22,4,Free_feed,Pellet,Left,0,0,634,5.0,1,FED
2020-07-24 12:19:08,8,4.22,6,Free_feed,Pellet,Left,0,0,635,0.0,1,FED
2020-07-24 12:19:48,8,4.22,1,Free_feed,Pellet,Left,0,0,636,37.0,1,FED
2020-07-24 12:19:51,8,4.22,1,Free_feed,Pellet,Left,0,0,637,0.0,1,FED
2020-07-24 12:19:57,8,4.22,2,Free_feed,Pellet,Left,0,0,638,1.0,1,FED
2020-07-24 12:20:01,8,4.22,1,Free_feed,Pellet,Left,0,0,639,1.0,1,FED
2020-07-24 12:20:29,8,4.22,5,Free_feed,Pellet,Left,0,0,640,19.0,1,FED
2020-07-24 12:20:45,8,4.22,6,Free_feed,Pellet,Left,0,0,641,1.0,1,FED
2020-07-24 12:21:09,8,4.22,20,Free_feed,Pellet,Left,0,0,642,0.0,1,FED
2020-07-24 12:21:15,8,4.22,3,Free_feed,Pellet,Left,0,0,643,0.0,1,FED
2020-07-24 12:21:21,8,4.22,2,Free_feed,Pellet,Left,0,0,644,1.0,1,FED
2020-07-24 12:21:26,8,4.22,1,Free_feed,Pellet,Left,0,0,645,2.0,1,FED
2020-07-24 12:21:55,8,4.22,3,Free_feed,Pellet,Left,0,0,646,23.0,1,FED
2020-07-24 12:22:02,8,4.22,3,Free_feed,Pellet,Left,0,0,647,0.0,1,FED
2020-07-24 12:22:22,8,4.22,5,Free_feed,Pellet,Left,0,0,648,8.0,1,FED
2020-07-24 12:22:36,8,4.22,6,Free_feed,Pellet,Left,0,0,649,0.0,1,FED
2020-07-24 12:22:56,8,4.22,1,Free_feed,Pellet,Left,0,0,650,17.0,1,FED
2020-07-24 12:23:03,8,4.22,3,Free_feed,Pellet,Left,0,0,651,0.0,1,FED
2020-07-24 12:23:25,8,4.22,9,Free_feed,Pellet,Left,0,0,652,3.0,1,FED
2020-07-24 12:23:47,8,4.22,5,Free_feed,Pellet,Left,0,0,653,11.0,1,FED
2020-07-24 12:23:57,8,4.22,2,Free_feed,Pellet,Left,0,0,654,4.0,1,FED
2020-07-24 12:24:20,8,4.22,2,Free_feed,Pellet,Left,0,0,655,19.0,1,FED
2020-07-24 12:24:32,8,4.22,4,Free_feed,Pellet,Left,0,0,656,4.0,1,FED
2020-07-24 12:24:53,8,4.22,1,Free_feed,Pellet,Left,0,0,657,17.0,1,FED
2020-07-24 12:25:13,8,4.22,2,Free_feed,Pellet,Left,0,0,658,16.0,1,FED
2020-07-24 12:25:27,8,4.22,4,Free_feed,Pellet,Left,0,0,659,5.0,1,FED
2020-07-24 12:26:31,8,4.22,1,Free_feed,Pellet,Left,0,0,660,61.0,1,FED
2020-07-24 12:26:53,8,4.22,1,Free_feed,Pellet,Left,0,0,661,19.0,1,FED
2020-07-24 12:27:17,8,4.22,4,Free_feed,Pellet,Left,0,0,662,14.0,1,FED
2020-07-24 12:29:23,8,4.22,3,Free_feed,Pellet,Left,0,0,663,0.0,1,FED
2020-07-24 12:29:55,8,4.22,1,Free_feed,Pellet,Left,0,0,664,29.0,1,FED
2020-07-24 12:30:04,8,4.22,1,Free_feed,Pellet,Left,0,0,665,6.0,1,FED
2020-07-24 12:30:20,8,4.22,3,Free_feed,Pellet,Left,0,0,666,9.0,1,FED
2020-07-24 12:30:41,8,4.22,1,Free_feed,Pellet,Left,0,0,667,19.0,1,FED
2020-07-24 12:30:58,8,4.22,3,Free_feed,Pellet,Left,0,0,668,10.0,1,FED
2020-07-24 12:31:14,8,4.22,3,Free_feed,Pellet,Left,0,0,669,9.0,1,FED
2020-07-24 12:31:31,8,4.22,2,Free_feed,Pellet,Left,0,0,670,11.0,1,FED
2020-07-24 12:31:47,8,4.22,2,Free_feed,Pellet,Left,0,0,671,12.0,1,FED
2020-07-24 12:36:17,8,4.22,1,Free_feed,Pellet,Left,0,0,672,0.0,1,FED
2020-07-24 12:36:41,8,4.22,2,Free_feed,Pellet,Left,0,0,673,19.0,1,FED
2020-07-24 12:37:00,8,4.22,2,Free_feed,Pellet,Left,0,0,674,15.0,1,FED
2020-07-24 12:54:07,8,4.22,1,Free_feed,Pellet,Left,0,0,675,0.0,1,FED
2020-07-24 12:54:27,8,4.21,4,Free_feed,Pellet,Left,0,0,676,9.0,1,FED
2020-07-24 12:55:27,8,4.22,2,Free_feed,Pellet,Left,0,0,677,56.0,1,FED
2020-07-24 12:55:35,8,4.22,1,Free_feed,Pellet,Left,0,0,678,5.0,1,FED
2020-07-24 12:55:54,8,4.22,3,Free_feed,Pellet,Left,0,0,679,13.0,1,FED
2020-07-24 12:56:14,8,4.22,1,Free_feed,Pellet,Left,0,0,680,18.0,1,FED
2020-07-24 12:56:36,8,4.22,1,Free_feed,Pellet,Left,0,0,681,19.0,1,FED
2020-07-24 12:56:53,8,4.22,1,Free_feed,Pellet,Left,0,0,682,15.0,1,FED
2020-07-24 13:42:31,8,4.22,1,Free_feed,Pellet,Left,0,0,683,0.0,1,FED
2020-07-24 13:42:52,8,4.21,2,Free_feed,Pellet,Left,0,0,684,16.0,1,FED
2020-07-24 13:43:14,8,4.21,1,Free_feed,Pellet,Left,0,0,685,20.0,1,FED
2020-07-24 13:43:31,8,4.22,2,Free_feed,Pellet,Left,0,0,686,12.0,1,FED
2020-07-24 13:45:00,8,4.21,1,Free_feed,Pellet,Left,0,0,687,87.0,1,FED
2020-07-24 13:46:04,8,4.22,2,Free_feed,Pellet,Left,0,0,688,60.0,1,FED
2020-07-24 13:47:05,8,4.21,2,Free_feed,Pellet,Left,0,0,689,57.0,1,FED
2020-07-24 13:47:34,8,4.22,1,Free_feed,Pellet,Left,0,0,690,26.0,1,FED
2020-07-24 13:47:39,8,4.22,1,Free_feed,Pellet,Left,0,0,691,2.0,1,FED
2020-07-24 13:48:14,8,4.22,1,Free_feed,Pellet,Left,0,0,692,31.0,1,FED
2020-07-24 13:48:36,8,4.22,2,Free_feed,Pellet,Left,0,0,693,17.0,1,FED
2020-07-24 13:48:55,8,4.21,2,Free_feed,Pellet,Left,0,0,694,14.0,1,FED
2020-07-24 13:49:19,8,4.22,2,Free_feed,Pellet,Left,0,0,695,19.0,1,FED
2020-07-24 13:49:41,8,4.21,1,Free_feed,Pellet,Left,0,0,696,19.0,1,FED
2020-07-24 13:51:48,8,4.21,1,Free_feed,Pellet,Left,0,0,697,0.0,1,FED
2020-07-24 14:32:34,8,4.21,1,Free_feed,Pellet,Left,0,0,698,0.0,1,FED
2020-07-24 14:33:36,8,4.2,5,Free_feed,Pellet,Left,0,0,699,51.0,1,FED
2020-07-24 14:33:45,8,4.2,1,Free_feed,Pellet,Left,0,0,700,6.0,1,FED
2020-07-24 14:34:05,8,4.21,1,Free_feed,Pellet,Left,0,0,701,17.0,1,FED
2020-07-24 15:45:27,8,4.2,5,Free_feed,Pellet,Left,0,0,702,0.0,1,FED
2020-07-24 15:45:33,8,4.2,2,Free_feed,Pellet,Left,0,0,703,1.0,1,FED
2020-07-24 15:45:48,8,4.2,1,Free_feed,Pellet,Left,0,0,704,12.0,1,FED
2020-07-24 15:46:04,8,4.2,1,Free_feed,Pellet,Left,0,0,705,13.0,1,FED
2020-07-24 15:46:17,8,4.2,1,Free_feed,Pellet,Left,0,0,706,10.0,1,FED
2020-07-24 15:46:35,8,4.2,2,Free_feed,Pellet,Left,0,0,707,14.0,1,FED
2020-07-24 15:46:49,8,4.2,1,Free_feed,Pellet,Left,0,0,708,11.0,1,FED
2020-07-24 15:47:06,8,4.2,1,Free_feed,Pellet,Left,0,0,709,14.0,1,FED
2020-07-24 15:47:23,8,4.2,1,Free_feed,Pellet,Left,0,0,710,14.0,1,FED
2020-07-24 15:47:42,8,4.2,1,Free_feed,Pellet,Left,0,0,711,16.0,1,FED
2020-07-24 15:48:04,8,4.2,1,Free_feed,Pellet,Left,0,0,712,19.0,1,FED
2020-07-24 15:48:19,8,4.2,2,Free_feed,Pellet,Left,0,0,713,10.0,1,FED
2020-07-24 15:50:51,8,4.2,1,Free_feed,Pellet,Left,0,0,714,0.0,1,FED
2020-07-24 15:51:12,8,4.2,2,Free_feed,Pellet,Left,0,0,715,16.0,1,FED
2020-07-24 15:51:30,8,4.2,1,Free_feed,Pellet,Left,0,0,716,16.0,1,FED
2020-07-24 15:51:47,8,4.2,1,Free_feed,Pellet,Left,0,0,717,14.0,1,FED
2020-07-24 15:52:06,8,4.2,1,Free_feed,Pellet,Left,0,0,718,16.0,1,FED
2020-07-24 16:19:20,8,4.2,3,Free_feed,Pellet,Left,0,0,719,0.0,1,FED
2020-07-24 16:23:23,8,4.2,1,Free_feed,Pellet,Left,0,0,720,0.0,1,FED
2020-07-24 16:43:45,8,4.2,1,Free_feed,Pellet,Left,0,0,721,0.0,1,FED
2020-07-24 16:46:20,8,4.19,1,Free_feed,Pellet,Left,0,0,722,0.0,1,FED
2020-07-24 16:56:29,8,4.19,2,Free_feed,Pellet,Left,0,0,723,0.0,1,FED
2020-07-24 17:20:32,8,4.2,1,Free_feed,Pellet,Left,0,0,724,0.0,1,FED
2020-07-24 17:55:59,8,4.19,2,Free_feed,Pellet,Left,0,0,725,0.0,1,FED
2020-07-24 17:56:07,8,4.19,1,Free_feed,Pellet,Left,0,0,726,5.0,1,FED
2020-07-24 17:56:24,8,4.18,3,Free_feed,Pellet,Left,0,0,727,10.0,1,FED
2020-07-24 17:57:10,8,4.19,1,Free_feed,Pellet,Left,0,0,728,44.0,1,FED
2020-07-24 17:57:26,8,4.19,2,Free_feed,Pellet,Left,0,0,729,11.0,1,FED
2020-07-24 18:02:01,8,4.19,1,Free_feed,Pellet,Left,0,0,730,1.0,1,FED
2020-07-24 18:02:19,8,4.19,1,Free_feed,Pellet,Left,0,0,731,15.0,1,FED
2020-07-24 18:02:39,8,4.2,1,Free_feed,Pellet,Left,0,0,732,17.0,1,FED
2020-07-24 18:02:57,8,4.2,2,Free_feed,Pellet,Left,0,0,733,14.0,1,FED
2020-07-24 18:03:11,8,4.19,1,Free_feed,Pellet,Left,0,0,734,12.0,1,FED
2020-07-24 18:03:32,8,4.18,1,Free_feed,Pellet,Left,0,0,735,18.0,1,FED
2020-07-24 18:03:47,8,4.18,1,Free_feed,Pellet,Left,0,0,736,12.0,1,FED
2020-07-24 18:04:04,8,4.18,1,Free_feed,Pellet,Left,0,0,737,15.0,1,FED
2020-07-24 18:04:08,8,4.18,1,Free_feed,Pellet,Left,0,0,738,1.0,1,FED
2020-07-24 18:04:20,8,4.19,2,Free_feed,Pellet,Left,0,0,739,7.0,1,FED
2020-07-24 18:04:39,8,4.18,2,Free_feed,Pellet,Left,0,0,740,13.0,1,FED
2020-07-24 18:04:58,8,4.19,3,Free_feed,Pellet,Left,0,0,741,13.0,1,FED
2020-07-24 18:11:56,8,4.2,2,Free_feed,Pellet,Left,0,0,742,0.0,1,FED
2020-07-24 18:15:41,8,4.19,1,Free_feed,Pellet,Left,0,0,743,0.0,1,FED
2020-07-24 18:16:46,8,4.18,3,Free_feed,Pellet,Left,0,0,744,58.0,1,FED
2020-07-24 18:17:12,8,4.18,4,Free_feed,Pellet,Left,0,0,745,17.0,1,FED
2020-07-24 19:01:11,8,4.19,2,Free_feed,Pellet,Left,0,0,746,1.0,1,FED
2020-07-24 19:01:23,8,4.18,1,Free_feed,Pellet,Left,0,0,747,9.0,1,FED
2020-07-24 19:01:43,8,4.18,1,Free_feed,Pellet,Left,0,0,748,18.0,1,FED
2020-07-24 19:02:02,8,4.18,2,Free_feed,Pellet,Left,0,0,749,14.0,1,FED
2020-07-24 19:02:20,8,4.18,2,Free_feed,Pellet,Left,0,0,750,13.0,1,FED
2020-07-24 19:03:30,8,4.19,3,Free_feed,Pellet,Left,0,0,751,64.0,1,FED
2020-07-24 19:07:36,8,4.18,2,Free_feed,Pellet,Left,0,0,752,0.0,1,FED
2020-07-24 19:09:17,8,4.18,3,Free_feed,Pellet,Left,0,0,753,94.0,1,FED
2020-07-24 19:10:25,8,4.18,1,Free_feed,Pellet,Left,0,0,754,66.0,1,FED
2020-07-24 19:10:49,8,4.18,1,Free_feed,Pellet,Left,0,0,755,22.0,1,FED
2020-07-24 19:12:40,8,4.18,1,Free_feed,Pellet,Left,0,0,756,108.0,1,FED
2020-07-24 19:12:58,8,4.18,2,Free_feed,Pellet,Left,0,0,757,13.0,1,FED
2020-07-24 19:13:02,8,4.19,1,Free_feed,Pellet,Left,0,0,758,1.0,1,FED
2020-07-24 19:14:52,8,4.18,1,Free_feed,Pellet,Left,0,0,759,107.0,1,FED
2020-07-24 19:34:27,8,4.18,1,Free_feed,Pellet,Left,0,0,760,0.0,1,FED
2020-07-24 19:56:58,8,4.18,3,Free_feed,Pellet,Left,0,0,761,0.0,1,FED
2020-07-24 19:57:20,8,4.18,2,Free_feed,Pellet,Left,0,0,762,17.0,1,FED
2020-07-24 19:57:39,8,4.18,1,Free_feed,Pellet,Left,0,0,763,16.0,1,FED
2020-07-24 19:58:02,8,4.18,1,Free_feed,Pellet,Left,0,0,764,20.0,1,FED
2020-07-24 19:58:25,8,4.18,5,Free_feed,Pellet,Left,0,0,765,13.0,1,FED
2020-07-24 19:58:49,8,4.18,1,Free_feed,Pellet,Left,0,0,766,21.0,1,FED
2020-07-24 19:59:10,8,4.18,1,Free_feed,Pellet,Left,0,0,767,18.0,1,FED
2020-07-24 20:01:40,8,4.18,2,Free_feed,Pellet,Left,0,0,768,0.0,1,FED
2020-07-24 20:04:06,8,4.18,2,Free_feed,Pellet,Left,0,0,769,0.0,1,FED
2020-07-24 20:04:20,8,4.18,2,Free_feed,Pellet,Left,0,0,770,9.0,1,FED
2020-07-24 20:06:38,8,4.18,2,Free_feed,Pellet,Left,0,0,771,0.0,1,FED
2020-07-24 20:10:11,8,4.18,3,Free_feed,Pellet,Left,0,0,772,0.0,1,FED
2020-07-24 20:12:08,8,4.18,1,Free_feed,Pellet,Left,0,0,773,86.0,1,FED
2020-07-24 20:17:01,8,4.18,1,Free_feed,Pellet,Left,0,0,774,0.0,1,FED
2020-07-24 21:06:32,8,4.18,1,Free_feed,Pellet,Left,0,0,775,0.0,1,FED
2020-07-24 21:06:46,8,4.18,3,Free_feed,Pellet,Left,0,0,776,7.0,1,FED
2020-07-24 21:07:08,8,4.17,1,Free_feed,Pellet,Left,0,0,777,19.0,1,FED
2020-07-24 21:07:24,8,4.18,1,Free_feed,Pellet,Left,0,0,778,13.0,1,FED
2020-07-24 21:07:44,8,4.18,1,Free_feed,Pellet,Left,0,0,779,17.0,1,FED
2020-07-24 21:08:05,8,4.17,1,Free_feed,Pellet,Left,0,0,780,18.0,1,FED
2020-07-24 21:08:22,8,4.17,1,Free_feed,Pellet,Left,0,0,781,14.0,1,FED
2020-07-24 21:08:45,8,4.17,1,Free_feed,Pellet,Left,0,0,782,20.0,1,FED
2020-07-24 21:09:43,8,4.18,3,Free_feed,Pellet,Left,0,0,783,52.0,1,FED
2020-07-24 21:18:47,8,4.18,2,Free_feed,Pellet,Left,0,0,784,0.0,1,FED
2020-07-24 21:35:49,8,4.18,1,Free_feed,Pellet,Left,0,0,785,0.0,1,FED
2020-07-24 21:44:12,8,4.17,3,Free_feed,Pellet,Left,0,0,786,0.0,1,FED
2020-07-24 21:44:27,8,4.17,2,Free_feed,Pellet,Left,0,0,787,10.0,1,FED
2020-07-24 22:09:36,8,4.18,1,Free_feed,Pellet,Left,0,0,788,0.0,1,FED
2020-07-24 22:10:30,8,4.17,1,Free_feed,Pellet,Left,0,0,789,52.0,1,FED
2020-07-24 22:12:21,8,4.17,1,Free_feed,Pellet,Left,0,0,790,107.0,1,FED
2020-07-24 22:15:18,8,4.17,4,Free_feed,Pellet,Left,0,0,791,0.0,1,FED
2020-07-24 22:17:52,8,4.17,1,Free_feed,Pellet,Left,0,0,792,0.0,1,FED
2020-07-24 22:19:16,8,4.17,1,Free_feed,Pellet,Left,0,0,793,81.0,1,FED
2020-07-24 22:21:34,8,4.17,2,Free_feed,Pellet,Left,0,0,794,0.0,1,FED
2020-07-24 22:25:43,8,4.17,3,Free_feed,Pellet,Left,0,0,795,0.0,1,FED
2020-07-24 23:01:18,8,4.17,3,Free_feed,Pellet,Left,0,0,796,0.0,1,FED
2020-07-24 23:01:24,8,4.17,2,Free_feed,Pellet,Left,0,0,797,1.0,1,FED
2020-07-24 23:02:10,8,4.16,1,Free_feed,Pellet,Left,0,0,798,43.0,1,FED
2020-07-24 23:02:30,8,4.16,1,Free_feed,Pellet,Left,0,0,799,17.0,1,FED
2020-07-24 23:02:53,8,4.16,1,Free_feed,Pellet,Left,0,0,800,20.0,1,FED
2020-07-24 23:03:16,8,4.17,1,Free_feed,Pellet,Left,0,0,801,20.0,1,FED
2020-07-24 23:03:38,8,4.17,1,Free_feed,Pellet,Left,0,0,802,19.0,1,FED
2020-07-24 23:03:59,8,4.16,3,Free_feed,Pellet,Left,0,0,803,14.0,1,FED
2020-07-24 23:04:19,8,4.16,1,Free_feed,Pellet,Left,0,0,804,17.0,1,FED
2020-07-24 23:09:24,8,4.16,1,Free_feed,Pellet,Left,0,0,805,0.0,1,FED
2020-07-24 23:33:09,8,4.16,3,Free_feed,Pellet,Left,0,0,806,0.0,1,FED
2020-07-24 23:33:28,8,4.17,2,Free_feed,Pellet,Left,0,0,807,14.0,1,FED
2020-07-24 23:33:47,8,4.17,1,Free_feed,Pellet,Left,0,0,808,15.0,1,FED
2020-07-24 23:33:50,8,4.17,1,Free_feed,Pellet,Left,0,0,809,1.0,1,FED
2020-07-24 23:34:10,8,4.16,1,Free_feed,Pellet,Left,0,0,810,17.0,1,FED
2020-07-24 23:34:33,8,4.16,2,Free_feed,Pellet,Left,0,0,811,18.0,1,FED
2020-07-24 23:34:58,8,4.16,2,Free_feed,Pellet,Left,0,0,812,21.0,1,FED
2020-07-24 23:35:17,8,4.16,2,Free_feed,Pellet,Left,0,0,813,14.0,1,FED
2020-07-24 23:35:35,8,4.16,1,Free_feed,Pellet,Left,0,0,814,15.0,1,FED
2020-07-24 23:36:02,8,4.16,1,Free_feed,Pellet,Left,0,0,815,24.0,1,FED
2020-07-24 23:36:20,8,4.16,1,Free_feed,Pellet,Left,0,0,816,14.0,1,FED
2020-07-24 23:38:41,8,4.16,2,Free_feed,Pellet,Left,0,0,817,0.0,1,FED
2020-07-25 00:11:27,8,4.16,1,Free_feed,Pellet,Left,0,0,818,0.0,1,FED
2020-07-25 00:11:41,8,4.16,1,Free_feed,Pellet,Left,0,0,819,11.0,1,FED
2020-07-25 00:12:01,8,4.16,1,Free_feed,Pellet,Left,0,0,820,18.0,1,FED
2020-07-25 00:12:24,8,4.16,2,Free_feed,Pellet,Left,0,0,821,18.0,1,FED
2020-07-25 01:01:30,8,4.16,1,Free_feed,Pellet,Left,0,0,822,0.0,1,FED
2020-07-25 01:01:41,8,4.16,3,Free_feed,Pellet,Left,0,0,823,4.0,1,FED
2020-07-25 01:02:01,8,4.15,1,Free_feed,Pellet,Left,0,0,824,17.0,1,FED
2020-07-25 01:02:14,8,4.16,5,Free_feed,Pellet,Left,0,0,825,2.0,1,FED
2020-07-25 01:02:32,8,4.16,1,Free_feed,Pellet,Left,0,0,826,15.0,1,FED
2020-07-25 01:02:50,8,4.16,1,Free_feed,Pellet,Left,0,0,827,15.0,1,FED
2020-07-25 01:03:08,8,4.16,1,Free_feed,Pellet,Left,0,0,828,15.0,1,FED
2020-07-25 01:03:28,8,4.15,2,Free_feed,Pellet,Left,0,0,829,15.0,1,FED
2020-07-25 01:03:46,8,4.16,1,Free_feed,Pellet,Left,0,0,830,15.0,1,FED
2020-07-25 01:04:04,8,4.16,1,Free_feed,Pellet,Left,0,0,831,15.0,1,FED
2020-07-25 01:04:26,8,4.16,1,Free_feed,Pellet,Left,0,0,832,18.0,1,FED
2020-07-25 01:04:46,8,4.16,1,Free_feed,Pellet,Left,0,0,833,18.0,1,FED
2020-07-25 01:09:00,8,4.16,2,Free_feed,Pellet,Left,0,0,834,0.0,1,FED
2020-07-25 01:31:01,8,4.16,1,Free_feed,Pellet,Left,0,0,835,0.0,1,FED
2020-07-25 02:37:38,8,4.16,1,Free_feed,Pellet,Left,0,0,836,0.0,1,FED
2020-07-25 02:37:44,8,4.15,1,Free_feed,Pellet,Left,0,0,837,4.0,1,FED
2020-07-25 02:38:18,8,4.15,1,Free_feed,Pellet,Left,0,0,838,31.0,1,FED
2020-07-25 02:40:43,8,4.16,3,Free_feed,Pellet,Left,0,0,839,0.0,1,FED
2020-07-25 02:40:49,8,4.16,1,Free_feed,Pellet,Left,0,0,840,3.0,1,FED
2020-07-25 02:41:03,8,4.15,2,Free_feed,Pellet,Left,0,0,841,9.0,1,FED
2020-07-25 02:42:21,8,4.16,1,Free_feed,Pellet,Left,0,0,842,75.0,1,FED
2020-07-25 02:43:02,8,4.15,1,Free_feed,Pellet,Left,0,0,843,38.0,1,FED
2020-07-25 02:44:25,8,4.15,2,Free_feed,Pellet,Left,0,0,844,79.0,1,FED
2020-07-25 02:47:55,8,4.15,3,Free_feed,Pellet,Left,0,0,845,0.0,1,FED
2020-07-25 02:49:31,8,4.15,2,Free_feed,Pellet,Left,0,0,846,91.0,1,FED
2020-07-25 02:59:46,8,4.15,2,Free_feed,Pellet,Left,0,0,847,0.0,1,FED
2020-07-25 03:01:15,8,4.15,1,Free_feed,Pellet,Left,0,0,848,86.0,1,FED
2020-07-25 03:02:15,8,4.15,1,Free_feed,Pellet,Left,0,0,849,57.0,1,FED
2020-07-25 03:02:37,8,4.15,1,Free_feed,Pellet,Left,0,0,850,20.0,1,FED
2020-07-25 03:24:41,8,4.15,3,Free_feed,Pellet,Left,0,0,851,0.0,1,FED
2020-07-25 03:25:34,8,4.15,2,Free_feed,Pellet,Left,0,0,852,48.0,1,FED
2020-07-25 03:26:16,8,4.15,2,Free_feed,Pellet,Left,0,0,853,38.0,1,FED
2020-07-25 03:26:20,8,4.15,1,Free_feed,Pellet,Left,0,0,854,1.0,1,FED
2020-07-25 03:27:20,8,4.14,1,Free_feed,Pellet,Left,0,0,855,57.0,1,FED
2020-07-25 03:43:43,8,4.15,1,Free_feed,Pellet,Left,0,0,856,0.0,1,FED
2020-07-25 03:43:59,8,4.14,2,Free_feed,Pellet,Left,0,0,857,12.0,1,FED
2020-07-25 03:44:15,8,4.14,3,Free_feed,Pellet,Left,0,0,858,9.0,1,FED
2020-07-25 03:44:29,8,4.14,1,Free_feed,Pellet,Left,0,0,859,11.0,1,FED
2020-07-25 03:44:48,8,4.15,3,Free_feed,Pellet,Left,0,0,860,12.0,1,FED
2020-07-25 03:45:06,8,4.15,1,Free_feed,Pellet,Left,0,0,861,15.0,1,FED
2020-07-25 03:45:10,8,4.15,1,Free_feed,Pellet,Left,0,0,862,1.0,1,FED
2020-07-25 03:45:20,8,4.15,1,Free_feed,Pellet,Left,0,0,863,7.0,1,FED
2020-07-25 04:04:37,8,4.15,1,Free_feed,Pellet,Left,0,0,864,0.0,1,FED
2020-07-25 04:05:26,8,4.14,2,Free_feed,Pellet,Left,0,0,865,45.0,1,FED
2020-07-25 04:05:37,8,4.14,2,Free_feed,Pellet,Left,0,0,866,7.0,1,FED
2020-07-25 04:10:10,8,4.14,1,Free_feed,Pellet,Left,0,0,867,0.0,1,FED
2020-07-25 04:20:55,8,4.14,2,Free_feed,Pellet,Left,0,0,868,0.0,1,FED
2020-07-25 04:28:09,8,4.14,4,Free_feed,Pellet,Left,0,0,869,0.0,1,FED
2020-07-25 04:30:56,8,4.14,2,Free_feed,Pellet,Left,0,0,870,0.0,1,FED
2020-07-25 04:32:06,8,4.14,2,Free_feed,Pellet,Left,0,0,871,65.0,1,FED
2020-07-25 05:15:15,8,4.14,3,Free_feed,Pellet,Left,0,0,872,0.0,1,FED
2020-07-25 05:16:18,8,4.14,3,Free_feed,Pellet,Left,0,0,873,57.0,1,FED
2020-07-25 05:16:33,8,4.14,1,Free_feed,Pellet,Left,0,0,874,13.0,1,FED
2020-07-25 05:16:52,8,4.14,3,Free_feed,Pellet,Left,0,0,875,12.0,1,FED
2020-07-25 05:21:31,8,4.14,3,Free_feed,Pellet,Left,0,0,876,0.0,1,FED
2020-07-25 05:22:39,8,4.14,1,Free_feed,Pellet,Left,0,0,877,65.0,1,FED
2020-07-25 05:23:02,8,4.14,1,Free_feed,Pellet,Left,0,0,878,21.0,1,FED
2020-07-25 05:26:24,8,4.14,2,Free_feed,Pellet,Left,0,0,879,0.0,1,FED
2020-07-25 05:28:13,8,4.14,1,Free_feed,Pellet,Left,0,0,880,105.0,1,FED
2020-07-25 05:29:43,8,4.14,1,Free_feed,Pellet,Left,0,0,881,87.0,1,FED
2020-07-25 05:31:47,8,4.14,2,Free_feed,Pellet,Left,0,0,882,119.0,1,FED
2020-07-25 05:32:08,8,4.14,2,Free_feed,Pellet,Left,0,0,883,16.0,1,FED
2020-07-25 05:41:25,8,4.14,2,Free_feed,Pellet,Left,0,0,884,0.0,1,FED
2020-07-25 06:05:51,8,4.14,2,Free_feed,Pellet,Left,0,0,885,0.0,1,FED
2020-07-25 06:42:18,8,4.14,1,Free_feed,Pellet,Left,0,0,886,0.0,1,FED
2020-07-25 07:24:01,8,4.14,1,Free_feed,Pellet,Left,0,0,887,0.0,1,FED
2020-07-25 07:28:43,8,4.13,4,Free_feed,Pellet,Left,0,0,888,2.0,1,FED
2020-07-25 07:29:08,8,4.13,2,Free_feed,Pellet,Left,0,0,889,20.0,1,FED
2020-07-25 07:29:28,8,4.13,2,Free_feed,Pellet,Left,0,0,890,15.0,1,FED
2020-07-25 07:29:46,8,4.13,3,Free_feed,Pellet,Left,0,0,891,12.0,1,FED
2020-07-25 07:30:04,8,4.13,1,Free_feed,Pellet,Left,0,0,892,16.0,1,FED
2020-07-25 07:30:19,8,4.13,1,Free_feed,Pellet,Left,0,0,893,12.0,1,FED
2020-07-25 07:30:37,8,4.13,1,Free_feed,Pellet,Left,0,0,894,15.0,1,FED
2020-07-25 07:30:49,8,4.13,4,Free_feed,Pellet,Left,0,0,895,3.0,1,FED
2020-07-25 07:31:03,8,4.13,1,Free_feed,Pellet,Left,0,0,896,10.0,1,FED
2020-07-25 07:31:23,8,4.13,2,Free_feed,Pellet,Left,0,0,897,15.0,1,FED
2020-07-25 07:31:43,8,4.12,2,Free_feed,Pellet,Left,0,0,898,15.0,1,FED
2020-07-25 07:32:57,8,4.13,1,Free_feed,Pellet,Left,0,0,899,71.0,1,FED
2020-07-25 08:55:44,8,4.13,1,Free_feed,Pellet,Left,0,0,900,0.0,1,FED
2020-07-25 08:55:48,8,4.13,1,Free_feed,Pellet,Left,0,0,901,1.0,1,FED
2020-07-25 08:56:36,8,4.12,1,Free_feed,Pellet,Left,0,0,902,45.0,1,FED
2020-07-25 08:56:50,8,4.13,1,Free_feed,Pellet,Left,0,0,903,11.0,1,FED
2020-07-25 08:57:08,8,4.13,1,Free_feed,Pellet,Left,0,0,904,16.0,1,FED
2020-07-25 08:58:01,8,4.13,2,Free_feed,Pellet,Left,0,0,905,48.0,1,FED
2020-07-25 08:58:19,8,4.13,2,Free_feed,Pellet,Left,0,0,906,13.0,1,FED
2020-07-25 08:58:32,8,4.12,1,Free_feed,Pellet,Left,0,0,907,10.0,1,FED
2020-07-25 08:58:50,8,4.13,1,Free_feed,Pellet,Left,0,0,908,15.0,1,FED
2020-07-25 10:37:06,8,4.12,1,Free_feed,Pellet,Left,0,0,909,0.0,1,FED
2020-07-25 10:37:15,8,4.12,2,Free_feed,Pellet,Left,0,0,910,5.0,1,FED
2020-07-25 10:37:31,8,4.12,2,Free_feed,Pellet,Left,0,0,911,11.0,1,FED
2020-07-25 10:37:42,8,4.12,2,Free_feed,Pellet,Left,0,0,912,7.0,1,FED
2020-07-25 10:37:58,8,4.12,1,Free_feed,Pellet,Left,0,0,913,13.0,1,FED
2020-07-25 10:38:15,8,4.12,1,Free_feed,Pellet,Left,0,0,914,14.0,1,FED
2020-07-25 10:38:30,8,4.12,2,Free_feed,Pellet,Left,0,0,915,10.0,1,FED
2020-07-25 12:09:01,8,4.12,2,Free_feed,Pellet,Left,0,0,916,0.0,1,FED
2020-07-25 12:10:11,8,4.12,3,Free_feed,Pellet,Left,0,0,917,64.0,1,FED
2020-07-25 12:10:43,8,4.12,4,Free_feed,Pellet,Left,0,0,918,22.0,1,FED
2020-07-25 12:11:18,8,4.12,1,Free_feed,Pellet,Left,0,0,919,33.0,1,FED
2020-07-25 12:11:43,8,4.12,2,Free_feed,Pellet,Left,0,0,920,20.0,1,FED
2020-07-25 12:12:00,8,4.12,2,Free_feed,Pellet,Left,0,0,921,12.0,1,FED
2020-07-25 12:12:19,8,4.12,1,Free_feed,Pellet,Left,0,0,922,16.0,1,FED
2020-07-25 12:12:41,8,4.12,1,Free_feed,Pellet,Left,0,0,923,19.0,1,FED
2020-07-25 13:29:51,8,4.12,2,Free_feed,Pellet,Left,0,0,924,0.0,1,FED
2020-07-25 13:53:19,8,4.11,3,Free_feed,Pellet,Left,0,0,925,2.0,1,FED
2020-07-25 13:53:26,8,4.11,1,Free_feed,Pellet,Left,0,0,926,5.0,1,FED
2020-07-25 13:53:47,8,4.12,1,Free_feed,Pellet,Left,0,0,927,17.0,1,FED
2020-07-25 13:54:03,8,4.12,1,Free_feed,Pellet,Left,0,0,928,14.0,1,FED
2020-07-25 13:54:19,8,4.11,1,Free_feed,Pellet,Left,0,0,929,13.0,1,FED
2020-07-25 13:54:25,8,4.12,1,Free_feed,Pellet,Left,0,0,930,2.0,1,FED
2020-07-25 13:54:41,8,4.12,1,Free_feed,Pellet,Left,0,0,931,14.0,1,FED
2020-07-25 13:54:55,8,4.11,1,Free_feed,Pellet,Left,0,0,932,11.0,1,FED
2020-07-25 13:55:14,8,4.11,1,Free_feed,Pellet,Left,0,0,933,16.0,1,FED
2020-07-25 13:55:29,8,4.12,2,Free_feed,Pellet,Left,0,0,934,10.0,1,FED
2020-07-25 13:55:45,8,4.11,1,Free_feed,Pellet,Left,0,0,935,13.0,1,FED
2020-07-25 13:56:08,8,4.12,2,Free_feed,Pellet,Left,0,0,936,18.0,1,FED
2020-07-25 13:56:25,8,4.11,2,Free_feed,Pellet,Left,0,0,937,13.0,1,FED
2020-07-25 13:56:39,8,4.11,2,Free_feed,Pellet,Left,0,0,938,9.0,1,FED
2020-07-25 13:56:53,8,4.12,1,Free_feed,Pellet,Left,0,0,939,11.0,1,FED
2020-07-25 13:57:08,8,4.12,1,Free_feed,Pellet,Left,0,0,940,11.0,1,FED
2020-07-25 14:01:25,8,4.12,1,Free_feed,Pellet,Left,0,0,941,0.0,1,FED
2020-07-25 14:51:04,8,4.11,2,Free_feed,Pellet,Left,0,0,942,0.0,1,FED
2020-07-25 14:52:05,8,4.11,2,Free_feed,Pellet,Left,0,0,943,56.0,1,FED
2020-07-25 14:52:13,8,4.11,1,Free_feed,Pellet,Left,0,0,944,5.0,1,FED
2020-07-25 14:53:26,8,4.11,1,Free_feed,Pellet,Left,0,0,945,70.0,1,FED
2020-07-25 15:33:19,8,4.11,1,Free_feed,Pellet,Left,0,0,946,0.0,1,FED
2020-07-25 15:33:28,8,4.11,2,Free_feed,Pellet,Left,0,0,947,5.0,1,FED
2020-07-25 15:34:07,8,4.11,1,Free_feed,Pellet,Left,0,0,948,37.0,1,FED
2020-07-25 15:34:17,8,4.11,1,Free_feed,Pellet,Left,0,0,949,7.0,1,FED
2020-07-25 15:34:37,8,4.11,2,Free_feed,Pellet,Left,0,0,950,15.0,1,FED
2020-07-25 15:35:00,8,4.11,3,Free_feed,Pellet,Left,0,0,951,16.0,1,FED
2020-07-25 15:35:18,8,4.11,2,Free_feed,Pellet,Left,0,0,952,13.0,1,FED
2020-07-25 15:35:40,8,4.11,1,Free_feed,Pellet,Left,0,0,953,20.0,1,FED
2020-07-25 15:35:46,8,4.11,1,Free_feed,Pellet,Left,0,0,954,3.0,1,FED
2020-07-25 15:38:11,8,4.11,1,Free_feed,Pellet,Left,0,0,955,0.0,1,FED
2020-07-25 15:44:09,8,4.11,1,Free_feed,Pellet,Left,0,0,956,0.0,1,FED
2020-07-25 15:44:26,8,4.11,2,Free_feed,Pellet,Left,0,0,957,12.0,1,FED
2020-07-25 16:37:23,8,4.11,2,Free_feed,Pellet,Left,0,0,958,0.0,1,FED
2020-07-25 16:38:10,8,4.11,2,Free_feed,Pellet,Left,0,0,959,41.0,1,FED
2020-07-25 16:38:23,8,4.11,3,Free_feed,Pellet,Left,0,0,960,6.0,1,FED
2020-07-25 16:38:55,8,4.11,3,Free_feed,Pellet,Left,0,0,961,26.0,1,FED
2020-07-25 16:39:27,8,4.11,2,Free_feed,Pellet,Left,0,0,962,27.0,1,FED
2020-07-25 16:39:36,8,4.11,3,Free_feed,Pellet,Left,0,0,963,1.0,1,FED
2020-07-25 16:41:56,8,4.11,1,Free_feed,Pellet,Left,0,0,964,0.0,1,FED
2020-07-25 16:59:31,8,4.11,1,Free_feed,Pellet,Left,0,0,965,0.0,1,FED
2020-07-25 16:59:45,8,4.11,4,Free_feed,Pellet,Left,0,0,966,6.0,1,FED
2020-07-25 17:00:00,8,4.11,1,Free_feed,Pellet,Left,0,0,967,12.0,1,FED
2020-07-25 17:00:12,8,4.11,1,Free_feed,Pellet,Left,0,0,968,9.0,1,FED
2020-07-25 17:00:33,8,4.11,2,Free_feed,Pellet,Left,0,0,969,17.0,1,FED
2020-07-25 17:00:52,8,4.11,1,Free_feed,Pellet,Left,0,0,970,16.0,1,FED
2020-07-25 17:01:08,8,4.11,1,Free_feed,Pellet,Left,0,0,971,13.0,1,FED
2020-07-25 17:01:28,8,4.11,2,Free_feed,Pellet,Left,0,0,972,14.0,1,FED
2020-07-25 17:01:44,8,4.1,1,Free_feed,Pellet,Left,0,0,973,13.0,1,FED
2020-07-25 17:02:02,8,4.11,1,Free_feed,Pellet,Left,0,0,974,16.0,1,FED
2020-07-25 17:02:22,8,4.11,2,Free_feed,Pellet,Left,0,0,975,16.0,1,FED
2020-07-25 17:02:36,8,4.11,1,Free_feed,Pellet,Left,0,0,976,11.0,1,FED
2020-07-25 17:05:13,8,4.11,1,Free_feed,Pellet,Left,0,0,977,0.0,1,FED
2020-07-25 18:02:17,8,4.11,4,Free_feed,Pellet,Left,0,0,978,0.0,1,FED
2020-07-25 18:03:04,8,4.11,1,Free_feed,Pellet,Left,0,0,979,45.0,1,FED
2020-07-25 18:04:16,8,4.11,1,Free_feed,Pellet,Left,0,0,980,70.0,1,FED
2020-07-25 18:52:03,8,4.1,2,Free_feed,Pellet,Left,0,0,981,0.0,1,FED
2020-07-25 18:52:38,8,4.1,2,Free_feed,Pellet,Left,0,0,982,30.0,1,FED
2020-07-25 18:53:35,8,4.1,1,Free_feed,Pellet,Left,0,0,983,54.0,1,FED
2020-07-25 18:53:47,8,4.11,2,Free_feed,Pellet,Left,0,0,984,7.0,1,FED
2020-07-25 18:55:55,8,4.11,2,Free_feed,Pellet,Left,0,0,985,0.0,1,FED
2020-07-25 19:00:03,8,4.1,3,Free_feed,Pellet,Left,0,0,986,0.0,1,FED
2020-07-25 19:00:41,8,4.1,2,Free_feed,Pellet,Left,0,0,987,33.0,1,FED
2020-07-25 19:02:33,8,4.1,3,Free_feed,Pellet,Left,0,0,988,105.0,1,FED
2020-07-25 19:05:13,8,4.1,1,Free_feed,Pellet,Left,0,0,989,0.0,1,FED
2020-07-25 19:05:35,8,4.11,1,Free_feed,Pellet,Left,0,0,990,20.0,1,FED
2020-07-25 19:06:07,8,4.1,2,Free_feed,Pellet,Left,0,0,991,27.0,1,FED
2020-07-25 19:17:02,8,4.1,1,Free_feed,Pellet,Left,0,0,992,0.0,1,FED
2020-07-25 19:17:37,8,4.1,2,Free_feed,Pellet,Left,0,0,993,31.0,1,FED
2020-07-25 19:17:43,8,4.1,2,Free_feed,Pellet,Left,0,0,994,2.0,1,FED
2020-07-25 19:18:04,8,4.1,1,Free_feed,Pellet,Left,0,0,995,17.0,1,FED
2020-07-25 19:18:17,8,4.1,1,Free_feed,Pellet,Left,0,0,996,11.0,1,FED
2020-07-25 19:18:32,8,4.1,1,Free_feed,Pellet,Left,0,0,997,12.0,1,FED
2020-07-25 19:18:47,8,4.1,2,Free_feed,Pellet,Left,0,0,998,10.0,1,FED
2020-07-25 19:19:01,8,4.1,3,Free_feed,Pellet,Left,0,0,999,8.0,1,FED
2020-07-25 19:35:40,8,4.1,1,Free_feed,Pellet,Left,0,0,1000,0.0,1,FED
2020-07-25 19:36:10,8,4.1,1,Free_feed,Pellet,Left,0,0,1001,28.0,1,FED
2020-07-25 19:36:17,8,4.1,3,Free_feed,Pellet,Left,0,0,1002,1.0,1,FED
2020-07-25 19:37:16,8,4.1,2,Free_feed,Pellet,Left,0,0,1003,54.0,1,FED
2020-07-25 19:44:49,8,4.1,2,Free_feed,Pellet,Left,0,0,1004,0.0,1,FED
2020-07-25 19:45:08,8,4.1,1,Free_feed,Pellet,Left,0,0,1005,16.0,1,FED
2020-07-25 19:45:25,8,4.1,1,Free_feed,Pellet,Left,0,0,1006,14.0,1,FED
2020-07-25 19:45:42,8,4.09,2,Free_feed,Pellet,Left,0,0,1007,12.0,1,FED
2020-07-25 19:46:02,8,4.1,1,Free_feed,Pellet,Left,0,0,1008,18.0,1,FED
2020-07-25 20:36:25,8,4.1,1,Free_feed,Pellet,Left,0,0,1009,0.0,1,FED
2020-07-25 20:36:29,8,4.1,1,Free_feed,Pellet,Left,0,0,1010,2.0,1,FED
2020-07-25 20:36:42,8,4.1,1,Free_feed,Pellet,Left,0,0,1011,11.0,1,FED
2020-07-25 20:36:57,8,4.1,1,Free_feed,Pellet,Left,0,0,1012,13.0,1,FED
2020-07-25 20:37:15,8,4.09,3,Free_feed,Pellet,Left,0,0,1013,12.0,1,FED
2020-07-25 20:37:59,8,4.09,3,Free_feed,Pellet,Left,0,0,1014,37.0,1,FED
2020-07-25 20:40:53,8,4.1,1,Free_feed,Pellet,Left,0,0,1015,0.0,1,FED
2020-07-25 20:41:10,8,4.1,1,Free_feed,Pellet,Left,0,0,1016,13.0,1,FED
2020-07-25 20:41:24,8,4.1,2,Free_feed,Pellet,Left,0,0,1017,10.0,1,FED
2020-07-25 20:41:40,8,4.09,1,Free_feed,Pellet,Left,0,0,1018,13.0,1,FED
2020-07-25 20:41:56,8,4.1,2,Free_feed,Pellet,Left,0,0,1019,12.0,1,FED
2020-07-25 21:00:58,8,4.1,1,Free_feed,Pellet,Left,0,0,1020,0.0,1,FED
2020-07-25 21:01:08,8,4.1,1,Free_feed,Pellet,Left,0,0,1021,7.0,1,FED
2020-07-25 21:01:36,8,4.09,2,Free_feed,Pellet,Left,0,0,1022,23.0,1,FED
2020-07-25 21:01:49,8,4.1,2,Free_feed,Pellet,Left,0,0,1023,7.0,1,FED
2020-07-25 21:01:58,8,4.09,1,Free_feed,Pellet,Left,0,0,1024,7.0,1,FED
2020-07-25 21:02:14,8,4.09,6,Free_feed,Pellet,Left,0,0,1025,2.0,1,FED
2020-07-25 21:23:28,8,4.09,1,Free_feed,Pellet,Left,0,0,1026,0.0,1,FED
2020-07-25 21:28:42,8,4.1,1,Free_feed,Pellet,Left,0,0,1027,0.0,1,FED
2020-07-25 21:51:41,8,4.09,3,Free_feed,Pellet,Left,0,0,1028,0.0,1,FED
2020-07-25 21:52:08,8,4.09,1,Free_feed,Pellet,Left,0,0,1029,24.0,1,FED
2020-07-25 21:52:27,8,4.09,5,Free_feed,Pellet,Left,0,0,1030,9.0,1,FED
2020-07-25 22:27:42,8,4.09,8,Free_feed,Pellet,Left,0,0,1031,0.0,1,FED
2020-07-25 22:33:04,8,4.09,5,Free_feed,Pellet,Left,0,0,1032,1.0,1,FED
2020-07-25 22:33:09,8,4.1,1,Free_feed,Pellet,Left,0,0,1033,2.0,1,FED
2020-07-25 22:33:36,8,4.09,1,Free_feed,Pellet,Left,0,0,1034,24.0,1,FED
2020-07-25 22:33:51,8,4.09,1,Free_feed,Pellet,Left,0,0,1035,12.0,1,FED
2020-07-25 22:34:08,8,4.09,1,Free_feed,Pellet,Left,0,0,1036,14.0,1,FED
2020-07-25 22:34:18,8,4.09,1,Free_feed,Pellet,Left,0,0,1037,7.0,1,FED
2020-07-25 22:34:36,8,4.09,1,Free_feed,Pellet,Left,0,0,1038,15.0,1,FED
2020-07-25 22:34:50,8,4.09,1,Free_feed,Pellet,Left,0,0,1039,11.0,1,FED
2020-07-25 22:35:09,8,4.09,1,Free_feed,Pellet,Left,0,0,1040,16.0,1,FED
2020-07-25 22:35:16,8,4.09,1,Free_feed,Pellet,Left,0,0,1041,4.0,1,FED
2020-07-25 22:35:38,8,4.09,1,Free_feed,Pellet,Left,0,0,1042,18.0,1,FED
2020-07-25 22:35:56,8,4.09,2,Free_feed,Pellet,Left,0,0,1043,13.0,1,FED
2020-07-25 22:36:12,8,4.1,3,Free_feed,Pellet,Left,0,0,1044,9.0,1,FED
2020-07-25 22:36:30,8,4.09,1,Free_feed,Pellet,Left,0,0,1045,15.0,1,FED
2020-07-25 22:36:45,8,4.09,1,Free_feed,Pellet,Left,0,0,1046,13.0,1,FED
2020-07-25 22:37:26,8,4.09,4,Free_feed,Pellet,Left,0,0,1047,35.0,1,FED
2020-07-25 22:38:09,8,4.09,2,Free_feed,Pellet,Left,0,0,1048,38.0,1,FED
2020-07-25 23:20:48,8,4.09,1,Free_feed,Pellet,Left,0,0,1049,0.0,1,FED
2020-07-25 23:20:59,8,4.09,4,Free_feed,Pellet,Left,0,0,1050,1.0,1,FED
2020-07-25 23:21:18,8,4.09,1,Free_feed,Pellet,Left,0,0,1051,16.0,1,FED
2020-07-25 23:21:34,8,4.09,2,Free_feed,Pellet,Left,0,0,1052,11.0,1,FED
2020-07-25 23:21:48,8,4.09,1,Free_feed,Pellet,Left,0,0,1053,11.0,1,FED
2020-07-25 23:22:08,8,4.09,1,Free_feed,Pellet,Left,0,0,1054,18.0,1,FED
2020-07-25 23:22:25,8,4.09,3,Free_feed,Pellet,Left,0,0,1055,11.0,1,FED
2020-07-25 23:22:38,8,4.08,1,Free_feed,Pellet,Left,0,0,1056,10.0,1,FED
2020-07-25 23:22:58,8,4.09,1,Free_feed,Pellet,Left,0,0,1057,17.0,1,FED
2020-07-25 23:23:17,8,4.09,1,Free_feed,Pellet,Left,0,0,1058,16.0,1,FED
2020-07-25 23:23:33,8,4.09,1,Free_feed,Pellet,Left,0,0,1059,13.0,1,FED
2020-07-25 23:23:51,8,4.09,2,Free_feed,Pellet,Left,0,0,1060,14.0,1,FED
2020-07-25 23:24:18,8,4.09,3,Free_feed,Pellet,Left,0,0,1061,20.0,1,FED
2020-07-25 23:25:18,8,4.09,1,Free_feed,Pellet,Left,0,0,1062,56.0,1,FED
2020-07-25 23:25:35,8,4.09,1,Free_feed,Pellet,Left,0,0,1063,15.0,1,FED
2020-07-25 23:25:55,8,4.09,1,Free_feed,Pellet,Left,0,0,1064,18.0,1,FED
2020-07-25 23:26:15,8,4.09,1,Free_feed,Pellet,Left,0,0,1065,17.0,1,FED
2020-07-25 23:28:17,8,4.09,2,Free_feed,Pellet,Left,0,0,1066,118.0,1,FED
2020-07-25 23:53:35,8,4.09,2,Free_feed,Pellet,Left,0,0,1067,0.0,1,FED
2020-07-25 23:54:03,8,4.09,2,Free_feed,Pellet,Left,0,0,1068,24.0,1,FED
2020-07-25 23:54:32,8,4.09,2,Free_feed,Pellet,Left,0,0,1069,24.0,1,FED
2020-07-25 23:54:45,8,4.09,2,Free_feed,Pellet,Left,0,0,1070,9.0,1,FED
2020-07-25 23:55:53,8,4.09,2,Free_feed,Pellet,Left,0,0,1071,64.0,1,FED
2020-07-25 23:56:06,8,4.09,1,Free_feed,Pellet,Left,0,0,1072,11.0,1,FED
2020-07-26 02:04:37,8,4.09,1,Free_feed,Pellet,Left,0,0,1073,0.0,1,FED
2020-07-26 02:39:15,8,4.08,2,Free_feed,Pellet,Left,0,0,1074,2.0,1,FED
2020-07-26 02:39:22,8,4.08,1,Free_feed,Pellet,Left,0,0,1075,4.0,1,FED
2020-07-26 02:39:56,8,4.08,2,Free_feed,Pellet,Left,0,0,1076,29.0,1,FED
2020-07-26 02:40:15,8,4.09,1,Free_feed,Pellet,Left,0,0,1077,16.0,1,FED
2020-07-26 02:40:35,8,4.07,1,Free_feed,Pellet,Left,0,0,1078,18.0,1,FED
2020-07-26 02:41:01,8,4.09,1,Free_feed,Pellet,Left,0,0,1079,23.0,1,FED
2020-07-26 02:41:21,8,4.08,1,Free_feed,Pellet,Left,0,0,1080,17.0,1,FED
2020-07-26 02:41:44,8,4.08,2,Free_feed,Pellet,Left,0,0,1081,18.0,1,FED
2020-07-26 02:42:07,8,4.09,1,Free_feed,Pellet,Left,0,0,1082,21.0,1,FED
2020-07-26 02:42:27,8,4.09,1,Free_feed,Pellet,Left,0,0,1083,17.0,1,FED
2020-07-26 02:42:47,8,4.08,1,Free_feed,Pellet,Left,0,0,1084,16.0,1,FED
2020-07-26 02:43:09,8,4.08,1,Free_feed,Pellet,Left,0,0,1085,20.0,1,FED
2020-07-26 02:43:34,8,4.08,1,Free_feed,Pellet,Left,0,0,1086,22.0,1,FED
2020-07-26 02:43:56,8,4.09,2,Free_feed,Pellet,Left,0,0,1087,17.0,1,FED
2020-07-26 02:44:19,8,4.07,3,Free_feed,Pellet,Left,0,0,1088,16.0,1,FED
2020-07-26 02:44:39,8,4.08,1,Free_feed,Pellet,Left,0,0,1089,17.0,1,FED
2020-07-26 02:45:02,8,4.08,1,Free_feed,Pellet,Left,0,0,1090,21.0,1,FED
2020-07-26 02:45:23,8,4.09,2,Free_feed,Pellet,Left,0,0,1091,16.0,1,FED
2020-07-26 02:45:48,8,4.08,3,Free_feed,Pellet,Left,0,0,1092,18.0,1,FED
2020-07-26 02:46:08,8,4.08,1,Free_feed,Pellet,Left,0,0,1093,17.0,1,FED
2020-07-26 02:46:34,8,4.09,1,Free_feed,Pellet,Left,0,0,1094,23.0,1,FED
2020-07-26 02:48:00,8,4.08,3,Free_feed,Pellet,Left,0,0,1095,79.0,1,FED
2020-07-26 02:51:36,8,4.08,2,Free_feed,Pellet,Left,0,0,1096,0.0,1,FED
2020-07-26 03:26:47,8,4.08,1,Free_feed,Pellet,Left,0,0,1097,0.0,1,FED
2020-07-26 03:27:03,8,4.08,1,Free_feed,Pellet,Left,0,0,1098,13.0,1,FED
2020-07-26 03:27:20,8,4.08,3,Free_feed,Pellet,Left,0,0,1099,10.0,1,FED
2020-07-26 03:27:38,8,4.08,1,Free_feed,Pellet,Left,0,0,1100,15.0,1,FED
2020-07-26 03:27:57,8,4.08,1,Free_feed,Pellet,Left,0,0,1101,15.0,1,FED
2020-07-26 03:28:17,8,4.08,1,Free_feed,Pellet,Left,0,0,1102,18.0,1,FED
2020-07-26 03:28:48,8,4.08,4,Free_feed,Pellet,Left,0,0,1103,23.0,1,FED
2020-07-26 04:04:10,8,4.08,2,Free_feed,Pellet,Left,0,0,1104,0.0,1,FED
2020-07-26 04:05:10,8,4.07,1,Free_feed,Pellet,Left,0,0,1105,57.0,1,FED
2020-07-26 04:05:26,8,4.09,1,Free_feed,Pellet,Left,0,0,1106,14.0,1,FED
2020-07-26 04:05:47,8,4.08,1,Free_feed,Pellet,Left,0,0,1107,18.0,1,FED
2020-07-26 05:23:51,8,4.08,1,Free_feed,Pellet,Left,0,0,1108,0.0,1,FED
2020-07-26 05:23:57,8,4.08,2,Free_feed,Pellet,Left,0,0,1109,2.0,1,FED
2020-07-26 05:24:10,8,4.08,2,Free_feed,Pellet,Left,0,0,1110,9.0,1,FED
2020-07-26 05:24:26,8,4.09,1,Free_feed,Pellet,Left,0,0,1111,13.0,1,FED
2020-07-26 05:24:42,8,4.07,1,Free_feed,Pellet,Left,0,0,1112,14.0,1,FED
2020-07-26 05:25:02,8,4.08,1,Free_feed,Pellet,Left,0,0,1113,17.0,1,FED
2020-07-26 05:25:19,8,4.07,1,Free_feed,Pellet,Left,0,0,1114,14.0,1,FED
2020-07-26 05:25:42,8,4.08,1,Free_feed,Pellet,Left,0,0,1115,19.0,1,FED
2020-07-26 05:26:02,8,4.07,2,Free_feed,Pellet,Left,0,0,1116,16.0,1,FED
2020-07-26 05:26:17,8,4.08,1,Free_feed,Pellet,Left,0,0,1117,12.0,1,FED
2020-07-26 05:26:35,8,4.07,2,Free_feed,Pellet,Left,0,0,1118,13.0,1,FED
2020-07-26 06:41:35,8,4.08,1,Free_feed,Pellet,Left,0,0,1119,0.0,1,FED
2020-07-26 06:41:47,8,4.08,2,Free_feed,Pellet,Left,0,0,1120,5.0,1,FED
2020-07-26 06:42:03,8,4.08,2,Free_feed,Pellet,Left,0,0,1121,12.0,1,FED
2020-07-26 06:42:23,8,4.07,2,Free_feed,Pellet,Left,0,0,1122,15.0,1,FED
2020-07-26 06:42:43,8,4.08,1,Free_feed,Pellet,Left,0,0,1123,17.0,1,FED
2020-07-26 06:43:03,8,4.07,1,Free_feed,Pellet,Left,0,0,1124,17.0,1,FED
2020-07-26 06:43:24,8,4.07,2,Free_feed,Pellet,Left,0,0,1125,16.0,1,FED
2020-07-26 06:43:45,8,4.07,2,Free_feed,Pellet,Left,0,0,1126,16.0,1,FED
2020-07-26 06:44:04,8,4.07,1,Free_feed,Pellet,Left,0,0,1127,17.0,1,FED
2020-07-26 06:44:25,8,4.07,1,Free_feed,Pellet,Left,0,0,1128,18.0,1,FED
2020-07-26 06:44:47,8,4.07,1,Free_feed,Pellet,Left,0,0,1129,19.0,1,FED
2020-07-26 06:45:10,8,4.07,3,Free_feed,Pellet,Left,0,0,1130,16.0,1,FED
2020-07-26 06:45:34,8,4.07,1,Free_feed,Pellet,Left,0,0,1131,21.0,1,FED
2020-07-26 08:18:20,8,4.07,1,Free_feed,Pellet,Left,0,0,1132,0.0,1,FED
2020-07-26 09:45:20,8,4.07,1,Free_feed,Pellet,Left,0,0,1133,2.0,1,FED
2020-07-26 09:46:14,8,4.06,2,Free_feed,Pellet,Left,0,0,1134,49.0,1,FED
2020-07-26 09:46:33,8,4.07,2,Free_feed,Pellet,Left,0,0,1135,14.0,1,FED
2020-07-26 09:47:09,8,4.07,1,Free_feed,Pellet,Left,0,0,1136,33.0,1,FED
2020-07-26 09:47:27,8,4.07,1,Free_feed,Pellet,Left,0,0,1137,15.0,1,FED
2020-07-26 09:47:54,8,4.07,1,Free_feed,Pellet,Left,0,0,1138,25.0,1,FED
2020-07-26 09:48:13,8,4.07,1,Free_feed,Pellet,Left,0,0,1139,16.0,1,FED
2020-07-26 09:48:31,8,4.07,2,Free_feed,Pellet,Left,0,0,1140,14.0,1,FED
2020-07-26 09:48:48,8,4.07,2,Free_feed,Pellet,Left,0,0,1141,13.0,1,FED
2020-07-26 09:49:14,8,4.07,2,Free_feed,Pellet,Left,0,0,1142,21.0,1,FED
2020-07-26 09:49:29,8,4.07,1,Free_feed,Pellet,Left,0,0,1143,12.0,1,FED
2020-07-26 09:49:48,8,4.07,1,Free_feed,Pellet,Left,0,0,1144,16.0,1,FED
2020-07-26 09:51:54,8,4.07,2,Free_feed,Pellet,Left,0,0,1145,5.0,1,FED
2020-07-26 09:52:49,8,4.07,1,Free_feed,Pellet,Left,0,0,1146,52.0,1,FED
2020-07-26 10:03:08,8,4.07,2,Free_feed,Pellet,Left,0,0,1147,0.0,1,FED
2020-07-26 11:24:09,8,4.07,4,Free_feed,Pellet,Left,0,0,1148,0.0,1,FED
2020-07-26 12:26:55,8,4.07,1,Free_feed,Pellet,Left,0,0,1149,0.0,1,FED
2020-07-26 12:27:03,8,4.06,2,Free_feed,Pellet,Left,0,0,1150,3.0,1,FED
2020-07-26 12:27:11,8,4.05,1,Free_feed,Pellet,Left,0,0,1151,5.0,1,FED
2020-07-26 12:27:27,8,4.06,3,Free_feed,Pellet,Left,0,0,1152,10.0,1,FED
2020-07-26 12:27:42,8,4.06,1,Free_feed,Pellet,Left,0,0,1153,12.0,1,FED
2020-07-26 12:27:59,8,4.06,1,Free_feed,Pellet,Left,0,0,1154,14.0,1,FED
2020-07-26 12:28:10,8,4.06,1,Free_feed,Pellet,Left,0,0,1155,9.0,1,FED
2020-07-26 12:29:45,8,4.06,1,Free_feed,Pellet,Left,0,0,1156,93.0,1,FED
2020-07-26 12:32:26,8,4.06,3,Free_feed,Pellet,Left,0,0,1157,0.0,1,FED
2020-07-26 13:10:12,8,4.06,3,Free_feed,Pellet,Left,0,0,1158,0.0,1,FED
2020-07-26 13:48:30,8,4.05,1,Free_feed,Pellet,Left,0,0,1159,0.0,1,FED
2020-07-26 13:48:47,8,4.06,1,Free_feed,Pellet,Left,0,0,1160,15.0,1,FED
2020-07-26 13:49:51,8,4.05,2,Free_feed,Pellet,Left,0,0,1161,46.0,1,FED
2020-07-26 13:53:04,8,4.05,1,Free_feed,Pellet,Left,0,0,1162,0.0,1,FED
2020-07-26 13:56:14,8,4.05,2,Free_feed,Pellet,Left,0,0,1163,0.0,1,FED
2020-07-26 14:03:22,8,4.05,1,Free_feed,Pellet,Left,0,0,1164,0.0,1,FED
2020-07-26 14:55:22,8,4.06,1,Free_feed,Pellet,Left,0,0,1165,0.0,1,FED
2020-07-26 15:03:25,8,4.05,1,Free_feed,Pellet,Left,0,0,1166,0.0,1,FED
2020-07-26 15:03:40,8,4.05,2,Free_feed,Pellet,Left,0,0,1167,11.0,1,FED
2020-07-26 15:03:59,8,4.05,1,Free_feed,Pellet,Left,0,0,1168,16.0,1,FED
2020-07-26 15:04:16,8,4.05,1,Free_feed,Pellet,Left,0,0,1169,14.0,1,FED
2020-07-26 15:04:33,8,4.05,1,Free_feed,Pellet,Left,0,0,1170,14.0,1,FED
2020-07-26 15:04:54,8,4.06,1,Free_feed,Pellet,Left,0,0,1171,18.0,1,FED
2020-07-26 15:05:08,8,4.05,1,Free_feed,Pellet,Left,0,0,1172,12.0,1,FED
2020-07-26 15:05:25,8,4.05,1,Free_feed,Pellet,Left,0,0,1173,14.0,1,FED
2020-07-26 15:05:44,8,4.05,2,Free_feed,Pellet,Left,0,0,1174,14.0,1,FED
2020-07-26 15:06:05,8,4.05,1,Free_feed,Pellet,Left,0,0,1175,19.0,1,FED
2020-07-26 15:06:22,8,4.05,2,Free_feed,Pellet,Left,0,0,1176,11.0,1,FED
2020-07-26 15:06:39,8,4.05,1,Free_feed,Pellet,Left,0,0,1177,15.0,1,FED
2020-07-26 15:15:55,8,4.05,1,Free_feed,Pellet,Left,0,0,1178,0.0,1,FED
2020-07-26 15:23:17,8,4.05,1,Free_feed,Pellet,Left,0,0,1179,1.0,1,FED
2020-07-26 15:24:54,8,4.05,2,Free_feed,Pellet,Left,0,0,1180,93.0,1,FED
2020-07-26 16:41:01,8,4.05,1,Free_feed,Pellet,Left,0,0,1181,0.0,1,FED
2020-07-26 16:41:38,8,4.05,1,Free_feed,Pellet,Left,0,0,1182,35.0,1,FED
2020-07-26 16:41:56,8,4.05,1,Free_feed,Pellet,Left,0,0,1183,15.0,1,FED
2020-07-26 16:42:16,8,4.05,1,Free_feed,Pellet,Left,0,0,1184,18.0,1,FED
2020-07-26 16:42:56,8,4.05,1,Free_feed,Pellet,Left,0,0,1185,37.0,1,FED
2020-07-26 16:43:05,8,4.05,1,Free_feed,Pellet,Left,0,0,1186,6.0,1,FED
2020-07-26 16:44:53,8,4.05,1,Free_feed,Pellet,Left,0,0,1187,105.0,1,FED
2020-07-26 16:46:49,8,4.05,1,Free_feed,Pellet,Left,0,0,1188,113.0,1,FED
2020-07-26 16:47:04,8,4.05,1,Free_feed,Pellet,Left,0,0,1189,12.0,1,FED
2020-07-26 16:48:03,8,4.05,1,Free_feed,Pellet,Left,0,0,1190,57.0,1,FED
2020-07-26 16:48:18,8,4.04,1,Free_feed,Pellet,Left,0,0,1191,12.0,1,FED
2020-07-26 16:48:34,8,4.05,1,Free_feed,Pellet,Left,0,0,1192,13.0,1,FED
2020-07-26 16:56:30,8,4.05,1,Free_feed,Pellet,Left,0,0,1193,0.0,1,FED
2020-07-26 16:56:39,8,4.05,2,Free_feed,Pellet,Left,0,0,1194,5.0,1,FED
2020-07-26 16:56:57,8,4.05,1,Free_feed,Pellet,Left,0,0,1195,15.0,1,FED
2020-07-26 17:22:59,8,4.05,1,Free_feed,Pellet,Left,0,0,1196,0.0,1,FED
2020-07-26 17:23:16,8,4.05,1,Free_feed,Pellet,Left,0,0,1197,14.0,1,FED
2020-07-26 17:23:32,8,4.05,1,Free_feed,Pellet,Left,0,0,1198,14.0,1,FED
2020-07-26 17:23:46,8,4.04,1,Free_feed,Pellet,Left,0,0,1199,11.0,1,FED
2020-07-26 17:24:04,8,4.05,1,Free_feed,Pellet,Left,0,0,1200,15.0,1,FED
2020-07-26 17:24:23,8,4.05,2,Free_feed,Pellet,Left,0,0,1201,14.0,1,FED
2020-07-26 17:24:38,8,4.05,1,Free_feed,Pellet,Left,0,0,1202,13.0,1,FED
2020-07-26 17:25:11,8,4.04,2,Free_feed,Pellet,Left,0,0,1203,28.0,1,FED
2020-07-26 18:45:51,8,4.05,2,Free_feed,Pellet,Left,0,0,1204,0.0,1,FED
2020-07-26 18:46:05,8,4.04,2,Free_feed,Pellet,Left,0,0,1205,10.0,1,FED
2020-07-26 18:46:23,8,4.05,1,Free_feed,Pellet,Left,0,0,1206,15.0,1,FED
2020-07-26 18:46:38,8,4.05,2,Free_feed,Pellet,Left,0,0,1207,10.0,1,FED
2020-07-26 18:46:56,8,4.04,1,Free_feed,Pellet,Left,0,0,1208,15.0,1,FED
2020-07-26 18:47:15,8,4.05,1,Free_feed,Pellet,Left,0,0,1209,16.0,1,FED
2020-07-26 18:47:33,8,4.05,2,Free_feed,Pellet,Left,0,0,1210,14.0,1,FED
2020-07-26 18:47:52,8,4.04,1,Free_feed,Pellet,Left,0,0,1211,17.0,1,FED
2020-07-26 18:48:10,8,4.04,1,Free_feed,Pellet,Left,0,0,1212,16.0,1,FED
2020-07-26 18:48:26,8,4.05,1,Free_feed,Pellet,Left,0,0,1213,14.0,1,FED
2020-07-26 18:48:43,8,4.05,1,Free_feed,Pellet,Left,0,0,1214,14.0,1,FED
2020-07-26 18:49:05,8,4.04,1,Free_feed,Pellet,Left,0,0,1215,20.0,1,FED
2020-07-26 18:49:23,8,4.04,1,Free_feed,Pellet,Left,0,0,1216,15.0,1,FED
2020-07-26 18:51:11,8,4.04,1,Free_feed,Pellet,Left,0,0,1217,104.0,1,FED
2020-07-26 18:52:40,8,4.05,1,Free_feed,Pellet,Left,0,0,1218,87.0,1,FED
2020-07-26 18:52:54,8,4.05,1,Free_feed,Pellet,Left,0,0,1219,11.0,1,FED
2020-07-26 18:56:22,8,4.04,1,Free_feed,Pellet,Left,0,0,1220,0.0,1,FED
2020-07-26 18:58:29,8,4.04,1,Free_feed,Pellet,Left,0,0,1221,0.0,1,FED
2020-07-26 19:54:54,8,4.04,2,Free_feed,Pellet,Left,0,0,1222,0.0,1,FED
2020-07-26 20:13:27,8,4.03,1,Free_feed,Pellet,Left,0,0,1223,0.0,1,FED
2020-07-26 20:13:34,8,4.05,2,Free_feed,Pellet,Left,0,0,1224,2.0,1,FED
2020-07-26 20:14:59,8,4.04,1,Free_feed,Pellet,Left,0,0,1225,83.0,1,FED
2020-07-26 20:15:30,8,4.04,1,Free_feed,Pellet,Left,0,0,1226,28.0,1,FED
2020-07-26 20:16:07,8,4.03,1,Free_feed,Pellet,Left,0,0,1227,34.0,1,FED
2020-07-26 20:17:29,8,4.04,1,Free_feed,Pellet,Left,0,0,1228,80.0,1,FED
2020-07-26 20:17:33,8,4.04,1,Free_feed,Pellet,Left,0,0,1229,1.0,1,FED
2020-07-26 20:29:36,8,4.03,1,Free_feed,Pellet,Left,0,0,1230,0.0,1,FED
2020-07-26 20:30:12,8,4.04,2,Free_feed,Pellet,Left,0,0,1231,31.0,1,FED
2020-07-26 20:30:42,8,4.04,1,Free_feed,Pellet,Left,0,0,1232,27.0,1,FED
2020-07-26 20:30:49,8,4.04,2,Free_feed,Pellet,Left,0,0,1233,4.0,1,FED
2020-07-26 20:31:26,8,4.04,1,Free_feed,Pellet,Left,0,0,1234,33.0,1,FED
2020-07-26 20:31:34,8,4.03,1,Free_feed,Pellet,Left,0,0,1235,6.0,1,FED
2020-07-26 20:42:00,8,4.04,1,Free_feed,Pellet,Left,0,0,1236,0.0,1,FED
2020-07-26 20:42:18,8,4.03,2,Free_feed,Pellet,Left,0,0,1237,13.0,1,FED
2020-07-26 20:42:35,8,4.03,1,Free_feed,Pellet,Left,0,0,1238,14.0,1,FED
2020-07-26 20:42:53,8,4.04,1,Free_feed,Pellet,Left,0,0,1239,15.0,1,FED
2020-07-26 20:43:12,8,4.04,1,Free_feed,Pellet,Left,0,0,1240,17.0,1,FED
2020-07-26 20:43:28,8,4.04,1,Free_feed,Pellet,Left,0,0,1241,14.0,1,FED
2020-07-26 20:43:49,8,4.03,1,Free_feed,Pellet,Left,0,0,1242,18.0,1,FED
2020-07-26 20:44:12,8,4.04,2,Free_feed,Pellet,Left,0,0,1243,17.0,1,FED
2020-07-26 20:44:23,8,4.04,1,Free_feed,Pellet,Left,0,0,1244,7.0,1,FED
2020-07-26 21:13:04,8,4.03,2,Free_feed,Pellet,Left,0,0,1245,0.0,1,FED
2020-07-26 21:24:57,8,4.04,1,Free_feed,Pellet,Left,0,0,1246,0.0,1,FED
2020-07-26 21:25:11,8,4.03,2,Free_feed,Pellet,Left,0,0,1247,10.0,1,FED
2020-07-26 21:25:35,8,4.03,2,Free_feed,Pellet,Left,0,0,1248,19.0,1,FED
2020-07-26 21:25:59,8,4.03,1,Free_feed,Pellet,Left,0,0,1249,21.0,1,FED
2020-07-26 21:26:15,8,4.03,1,Free_feed,Pellet,Left,0,0,1250,13.0,1,FED
2020-07-26 21:45:39,8,4.03,1,Free_feed,Pellet,Left,0,0,1251,0.0,1,FED
2020-07-26 21:45:58,8,4.04,1,Free_feed,Pellet,Left,0,0,1252,16.0,1,FED
2020-07-26 21:48:33,8,4.03,1,Free_feed,Pellet,Left,0,0,1253,0.0,1,FED
2020-07-26 21:56:23,8,4.03,1,Free_feed,Pellet,Left,0,0,1254,0.0,1,FED
2020-07-26 22:01:10,8,4.03,1,Free_feed,Pellet,Left,0,0,1255,0.0,1,FED
2020-07-26 22:02:42,8,4.03,2,Free_feed,Pellet,Left,0,0,1256,87.0,1,FED
2020-07-26 22:53:42,8,4.03,1,Free_feed,Pellet,Left,0,0,1257,0.0,1,FED
2020-07-26 22:53:59,8,4.03,1,Free_feed,Pellet,Left,0,0,1258,1.0,1,FED
2020-07-26 22:54:12,8,4.03,1,Free_feed,Pellet,Left,0,0,1259,10.0,1,FED
2020-07-26 22:54:29,8,4.03,2,Free_feed,Pellet,Left,0,0,1260,12.0,1,FED
2020-07-26 22:54:46,8,4.03,1,Free_feed,Pellet,Left,0,0,1261,13.0,1,FED
2020-07-26 22:55:01,8,4.03,1,Free_feed,Pellet,Left,0,0,1262,13.0,1,FED
2020-07-26 22:55:16,8,4.03,1,Free_feed,Pellet,Left,0,0,1263,12.0,1,FED
2020-07-26 22:55:43,8,4.03,1,Free_feed,Pellet,Left,0,0,1264,25.0,1,FED
2020-07-26 22:56:01,8,4.04,1,Free_feed,Pellet,Left,0,0,1265,15.0,1,FED
2020-07-26 22:56:20,8,4.03,1,Free_feed,Pellet,Left,0,0,1266,15.0,1,FED
2020-07-26 22:56:37,8,4.03,1,Free_feed,Pellet,Left,0,0,1267,14.0,1,FED
2020-07-26 22:56:54,8,4.03,1,Free_feed,Pellet,Left,0,0,1268,14.0,1,FED
2020-07-26 22:57:15,8,4.03,1,Free_feed,Pellet,Left,0,0,1269,18.0,1,FED
2020-07-26 22:57:31,8,4.03,1,Free_feed,Pellet,Left,0,0,1270,13.0,1,FED
2020-07-26 22:57:50,8,4.03,1,Free_feed,Pellet,Left,0,0,1271,16.0,1,FED
2020-07-26 22:59:48,8,4.03,1,Free_feed,Pellet,Left,0,0,1272,115.0,1,FED
2020-07-26 23:09:27,8,4.03,1,Free_feed,Pellet,Left,0,0,1273,0.0,1,FED
2020-07-27 00:01:34,8,4.03,1,Free_feed,Pellet,Left,0,0,1274,15.0,1,FED
2020-07-27 00:02:52,8,4.03,1,Free_feed,Pellet,Left,0,0,1275,75.0,1,FED
2020-07-27 00:02:57,8,4.02,1,Free_feed,Pellet,Left,0,0,1276,2.0,1,FED
2020-07-27 00:03:07,8,4.03,1,Free_feed,Pellet,Left,0,0,1277,7.0,1,FED
2020-07-27 00:03:24,8,4.03,1,Free_feed,Pellet,Left,0,0,1278,15.0,1,FED
2020-07-27 00:03:40,8,4.03,1,Free_feed,Pellet,Left,0,0,1279,14.0,1,FED
2020-07-27 00:04:01,8,4.03,1,Free_feed,Pellet,Left,0,0,1280,18.0,1,FED
2020-07-27 00:04:16,8,4.03,1,Free_feed,Pellet,Left,0,0,1281,13.0,1,FED
2020-07-27 00:08:03,8,4.03,2,Free_feed,Pellet,Left,0,0,1282,0.0,1,FED
2020-07-27 00:08:18,8,4.03,5,Free_feed,Pellet,Left,0,0,1283,2.0,1,FED
2020-07-27 00:10:06,8,4.03,1,Free_feed,Pellet,Left,0,0,1284,105.0,1,FED
2020-07-27 00:27:50,8,4.03,1,Free_feed,Pellet,Left,0,0,1285,0.0,1,FED
2020-07-27 00:28:24,8,4.03,2,Free_feed,Pellet,Left,0,0,1286,29.0,1,FED
2020-07-27 00:28:38,8,4.02,2,Free_feed,Pellet,Left,0,0,1287,9.0,1,FED
2020-07-27 00:28:51,8,4.02,1,Free_feed,Pellet,Left,0,0,1288,11.0,1,FED
2020-07-27 00:54:28,8,4.03,5,Free_feed,Pellet,Left,0,0,1289,0.0,1,FED
2020-07-27 00:54:36,8,4.03,2,Free_feed,Pellet,Left,0,0,1290,4.0,1,FED
2020-07-27 01:35:36,8,4.02,1,Free_feed,Pellet,Left,0,0,1291,0.0,1,FED
2020-07-27 01:36:50,8,4.02,1,Free_feed,Pellet,Left,0,0,1292,71.0,1,FED
2020-07-27 01:38:14,8,4.02,2,Free_feed,Pellet,Left,0,0,1293,79.0,1,FED
2020-07-27 01:38:34,8,4.02,1,Free_feed,Pellet,Left,0,0,1294,17.0,1,FED
2020-07-27 01:38:39,8,4.02,1,Free_feed,Pellet,Left,0,0,1295,2.0,1,FED
2020-07-27 01:39:13,8,4.02,1,Free_feed,Pellet,Left,0,0,1296,31.0,1,FED
2020-07-27 01:40:42,8,4.03,1,Free_feed,Pellet,Left,0,0,1297,86.0,1,FED
2020-07-27 01:48:43,8,4.02,1,Free_feed,Pellet,Left,0,0,1298,0.0,1,FED
2020-07-27 01:50:18,8,4.02,2,Free_feed,Pellet,Left,0,0,1299,90.0,1,FED
2020-07-27 02:16:00,8,4.02,1,Free_feed,Pellet,Left,0,0,1300,0.0,1,FED
2020-07-27 02:17:11,8,4.02,1,Free_feed,Pellet,Left,0,0,1301,68.0,1,FED
2020-07-27 02:52:58,8,4.03,1,Free_feed,Pellet,Left,0,0,1302,0.0,1,FED
2020-07-27 04:36:00,8,4.02,1,Free_feed,Pellet,Left,0,0,1303,0.0,1,FED
2020-07-27 04:36:13,8,4.02,1,Free_feed,Pellet,Left,0,0,1304,11.0,1,FED
2020-07-27 04:36:16,8,4.02,1,Free_feed,Pellet,Left,0,0,1305,1.0,1,FED
2020-07-27 04:36:29,8,4.02,2,Free_feed,Pellet,Left,0,0,1306,8.0,1,FED
2020-07-27 04:36:43,8,4.02,1,Free_feed,Pellet,Left,0,0,1307,11.0,1,FED
2020-07-27 04:36:58,8,4.02,1,Free_feed,Pellet,Left,0,0,1308,12.0,1,FED
2020-07-27 04:37:18,8,4.02,1,Free_feed,Pellet,Left,0,0,1309,17.0,1,FED
2020-07-27 04:37:33,8,4.02,2,Free_feed,Pellet,Left,0,0,1310,11.0,1,FED
2020-07-27 04:37:51,8,4.02,1,Free_feed,Pellet,Left,0,0,1311,15.0,1,FED
2020-07-27 04:38:02,8,4.01,1,Free_feed,Pellet,Left,0,0,1312,8.0,1,FED
2020-07-27 04:38:20,8,4.02,2,Free_feed,Pellet,Left,0,0,1313,13.0,1,FED
2020-07-27 04:38:47,8,4.02,1,Free_feed,Pellet,Left,0,0,1314,25.0,1,FED
2020-07-27 04:39:06,8,4.02,1,Free_feed,Pellet,Left,0,0,1315,16.0,1,FED
2020-07-27 04:39:25,8,4.02,1,Free_feed,Pellet,Left,0,0,1316,16.0,1,FED
2020-07-27 04:39:45,8,4.01,1,Free_feed,Pellet,Left,0,0,1317,17.0,1,FED
2020-07-27 04:40:01,8,4.02,2,Free_feed,Pellet,Left,0,0,1318,12.0,1,FED
2020-07-27 09:40:15,8,4.02,1,Free_feed,Pellet,Left,0,0,1319,0.0,1,FED
2020-07-27 09:41:53,8,4.0,3,Free_feed,Pellet,Left,0,0,1320,91.0,1,FED
2020-07-27 09:46:58,8,4.01,2,Free_feed,Pellet,Left,0,0,1321,80.0,2,FED
2020-07-27 09:49:53,8,4.0,1,Free_feed,Pellet,Left,0,0,1322,0.0,2,FED
2020-07-27 09:49:58,8,4.01,1,Free_feed,Pellet,Left,0,0,1323,2.0,2,FED
2020-07-27 09:50:19,8,4.01,1,Free_feed,Pellet,Left,0,0,1324,18.0,2,FED
2020-07-27 09:54:06,8,4.0,1,Free_feed,Pellet,Left,0,0,1325,0.0,2,FED
2020-07-27 11:11:21,8,4.0,1,Free_feed,Pellet,Left,0,0,1326,0.0,2,FED
2020-07-27 11:11:53,8,4.0,2,Free_feed,Pellet,Left,0,0,1327,27.0,2,FED
2020-07-27 11:12:00,8,4.0,2,Free_feed,Pellet,Left,0,0,1328,2.0,2,FED
2020-07-27 11:12:19,8,4.0,1,Free_feed,Pellet,Left,0,0,1329,17.0,2,FED
2020-07-27 11:14:43,8,4.0,1,Free_feed,Pellet,Left,0,0,1330,0.0,2,FED
2020-07-27 11:14:47,8,4.0,1,Free_feed,Pellet,Left,0,0,1331,1.0,2,FED
2020-07-27 11:14:55,8,4.0,3,Free_feed,Pellet,Left,0,0,1332,1.0,2,FED
2020-07-27 11:15:37,8,4.0,1,Free_feed,Pellet,Left,0,0,1333,39.0,2,FED
2020-07-27 11:18:20,8,4.0,1,Free_feed,Pellet,Left,0,0,1334,0.0,2,FED
2020-07-27 11:52:14,8,4.0,1,Free_feed,Pellet,Left,0,0,1335,0.0,2,FED
2020-07-27 12:00:31,8,4.0,1,Free_feed,Pellet,Left,0,0,1336,0.0,2,FED
2020-07-27 12:00:40,8,4.0,4,Free_feed,Pellet,Left,0,0,1337,1.0,2,FED
2020-07-27 12:00:58,8,4.0,1,Free_feed,Pellet,Left,0,0,1338,15.0,2,FED
2020-07-27 12:01:14,8,4.0,1,Free_feed,Pellet,Left,0,0,1339,13.0,2,FED
2020-07-27 12:01:32,8,4.0,1,Free_feed,Pellet,Left,0,0,1340,15.0,2,FED
2020-07-27 12:01:46,8,3.99,2,Free_feed,Pellet,Left,0,0,1341,9.0,2,FED
2020-07-27 12:02:03,8,4.0,1,Free_feed,Pellet,Left,0,0,1342,14.0,2,FED
2020-07-27 12:02:20,8,4.0,1,Free_feed,Pellet,Left,0,0,1343,14.0,2,FED
2020-07-27 12:02:40,8,4.0,1,Free_feed,Pellet,Left,0,0,1344,18.0,2,FED
2020-07-27 12:02:47,8,4.0,1,Free_feed,Pellet,Left,0,0,1345,4.0,2,FED
2020-07-27 12:03:08,8,4.0,1,Free_feed,Pellet,Left,0,0,1346,19.0,2,FED
2020-07-27 14:07:08,8,4.0,1,Free_feed,Pellet,Left,0,0,1347,0.0,2,FED
2020-07-27 14:07:23,8,3.99,2,Free_feed,Pellet,Left,0,0,1348,10.0,2,FED
2020-07-27 14:07:40,8,3.99,2,Free_feed,Pellet,Left,0,0,1349,11.0,2,FED
2020-07-27 14:07:55,8,3.98,1,Free_feed,Pellet,Left,0,0,1350,13.0,2,FED
2020-07-27 14:08:11,8,3.99,1,Free_feed,Pellet,Left,0,0,1351,13.0,2,FED
2020-07-27 14:08:35,8,4.0,1,Free_feed,Pellet,Left,0,0,1352,22.0,2,FED
2020-07-27 14:08:52,8,3.99,2,Free_feed,Pellet,Left,0,0,1353,13.0,2,FED
2020-07-27 14:09:13,8,3.99,1,Free_feed,Pellet,Left,0,0,1354,17.0,2,FED
2020-07-27 14:09:31,8,3.99,1,Free_feed,Pellet,Left,0,0,1355,16.0,2,FED
2020-07-27 14:09:51,8,3.99,1,Free_feed,Pellet,Left,0,0,1356,16.0,2,FED
2020-07-27 14:10:10,8,3.98,1,Free_feed,Pellet,Left,0,0,1357,17.0,2,FED
2020-07-27 14:10:28,8,3.99,1,Free_feed,Pellet,Left,0,0,1358,15.0,2,FED
2020-07-27 14:10:46,8,3.99,2,Free_feed,Pellet,Left,0,0,1359,13.0,2,FED
2020-07-27 14:11:04,8,3.99,3,Free_feed,Pellet,Left,0,0,1360,11.0,2,FED
2020-07-27 14:11:15,8,3.99,2,Free_feed,Pellet,Left,0,0,1361,7.0,2,FED
2020-07-27 15:49:42,8,3.99,1,Free_feed,Pellet,Left,0,0,1362,0.0,2,FED
