MM:DD:YYYY hh:mm:ss,Library_Version,Session_type,Device_Number,Battery_Voltage,Motor_Turns,FR,Event,Active_Poke,Left_Poke_Count,Right_Poke_Count,Pellet_Count,Block_Pellet_Count,Retrieval_Time,InterPelletInterval,Poke_Time
7/8/2022 21:45:40,1.12.0,Free_feed,4,4.18,nan,1,LeftWithPellet,Left,1,0,0,0,nan,nan,0.05
7/8/2022 21:49:21,1.12.0,Free_feed,4,4.18,1,1,Pellet,Left,1,0,1,0,Timed_out,nan,nan
7/8/2022 21:49:23,1.12.0,Free_feed,4,4.18,1,1,Pellet,Left,1,0,2,0,0.16,2,nan
7/8/2022 21:53:02,1.12.0,Free_feed,4,4.18,2,1,Pellet,Left,1,0,3,0,Timed_out,219,nan
7/8/2022 21:56:49,1.12.0,Free_feed,4,4.18,nan,1,RightWithPellet,Left,1,1,3,0,nan,nan,0.57
7/8/2022 22:01:04,1.12.0,Free_feed,4,4.18,nan,1,LeftWithPellet,Left,2,1,3,0,nan,nan,0.19
7/8/2022 22:01:08,1.12.0,Free_feed,4,4.17,nan,1,LeftWithPellet,Left,3,1,3,0,nan,nan,0.05
7/8/2022 22:02:23,1.12.0,Free_feed,4,4.18,nan,1,RightWithPellet,Left,3,2,3,0,nan,nan,0.04
7/8/2022 22:02:24,1.12.0,Free_feed,4,4.18,nan,1,RightWithPellet,Left,3,3,3,0,nan,nan,0.43
7/8/2022 22:02:25,1.12.0,Free_feed,4,4.18,nan,1,RightWithPellet,Left,3,4,3,0,nan,nan,0.15
7/8/2022 22:02:29,1.12.0,Free_feed,4,4.18,nan,1,RightWithPellet,Left,3,5,3,0,nan,nan,0.22
7/8/2022 22:02:38,1.12.0,Free_feed,4,4.18,nan,1,RightWithPellet,Left,3,6,3,0,nan,nan,0.05
7/8/2022 22:02:49,1.12.0,Free_feed,4,4.18,nan,1,LeftWithPellet,Left,4,6,3,0,nan,nan,0.16
7/8/2022 22:17:07,1.12.0,Free_feed,4,4.18,nan,1,RightWithPellet,Left,4,7,3,0,nan,nan,0.72
7/8/2022 22:17:10,1.12.0,Free_feed,4,4.18,1,1,Pellet,Left,4,7,4,0,Timed_out,1448,nan
7/8/2022 22:17:11,1.12.0,Free_feed,4,4.17,1,1,Pellet,Left,4,7,5,0,0.16,1,nan
7/8/2022 22:19:51,1.12.0,Free_feed,4,4.18,2,1,Pellet,Left,4,7,6,0,Timed_out,160,nan
7/8/2022 22:27:53,1.12.0,Free_feed,4,4.17,nan,1,LeftWithPellet,Left,5,7,6,0,nan,nan,0.06
7/8/2022 22:28:52,1.12.0,Free_feed,4,4.18,6,1,Pellet,Left,5,7,7,0,Timed_out,540,nan
7/8/2022 22:32:30,1.12.0,Free_feed,4,4.17,2,1,Pellet,Left,5,7,8,0,Timed_out,219,nan
7/8/2022 22:32:32,1.12.0,Free_feed,4,4.17,1,1,Pellet,Left,5,7,9,0,0.16,2,nan
7/8/2022 22:33:32,1.12.0,Free_feed,4,4.17,2,1,Pellet,Left,5,7,10,0,52.35,60,nan
7/8/2022 22:35:42,1.12.0,Free_feed,4,4.17,1,1,Pellet,Left,5,7,11,0,Timed_out,130,nan
7/8/2022 22:37:04,1.12.0,Free_feed,4,4.17,nan,1,RightWithPellet,Left,5,8,11,0,nan,nan,0.19
7/8/2022 22:38:03,1.12.0,Free_feed,4,4.17,1,1,Pellet,Left,5,8,12,0,Timed_out,141,nan
7/8/2022 22:44:26,1.12.0,Free_feed,4,4.17,1,1,Pellet,Left,5,8,13,0,Timed_out,383,nan
7/8/2022 22:50:53,1.12.0,Free_feed,4,4.17,1,1,Pellet,Left,5,8,14,0,Timed_out,387,nan
7/8/2022 22:52:39,1.12.0,Free_feed,4,4.16,2,1,Pellet,Left,5,8,15,0,Timed_out,106,nan
7/8/2022 22:55:18,1.12.0,Free_feed,4,4.17,2,1,Pellet,Left,5,8,16,0,Timed_out,159,nan
7/8/2022 22:57:06,1.12.0,Free_feed,4,4.17,1,1,Pellet,Left,5,8,17,0,Timed_out,108,nan
7/8/2022 22:57:07,1.12.0,Free_feed,4,4.17,1,1,Pellet,Left,5,8,18,0,0.16,1,nan
7/8/2022 23:06:51,1.12.0,Free_feed,4,4.16,1,1,Pellet,Left,5,8,19,0,Timed_out,584,nan
7/8/2022 23:07:53,1.12.0,Free_feed,4,4.16,1,1,Pellet,Left,5,8,20,0,54.31,62,nan
7/8/2022 23:09:23,1.12.0,Free_feed,4,4.17,1,1,Pellet,Left,5,8,21,0,Timed_out,90,nan
7/8/2022 23:11:00,1.12.0,Free_feed,4,4.16,1,1,Pellet,Left,5,8,22,0,Timed_out,97,nan
7/8/2022 23:14:02,1.12.0,Free_feed,4,4.16,1,1,Pellet,Left,5,8,23,0,Timed_out,182,nan
7/8/2022 23:18:13,1.12.0,Free_feed,4,4.16,nan,1,LeftWithPellet,Left,6,8,23,0,nan,nan,0.66
7/8/2022 23:18:17,1.12.0,Free_feed,4,4.16,nan,1,LeftWithPellet,Left,7,8,23,0,nan,nan,0.26
7/8/2022 23:22:04,1.12.0,Free_feed,4,4.17,1,1,Pellet,Left,7,8,24,0,Timed_out,481,nan
7/8/2022 23:22:35,1.12.0,Free_feed,4,4.16,1,1,Pellet,Left,7,8,25,0,24.38,32,nan
7/8/2022 23:24:46,1.12.0,Free_feed,4,4.16,1,1,Pellet,Left,7,8,26,0,Timed_out,131,nan
7/8/2022 23:36:38,1.12.0,Free_feed,4,4.16,1,1,Pellet,Left,7,8,27,0,Timed_out,712,nan
7/8/2022 23:41:37,1.12.0,Free_feed,4,4.16,1,1,Pellet,Left,7,8,28,0,Timed_out,298,nan
7/8/2022 23:47:57,1.12.0,Free_feed,4,4.16,1,1,Pellet,Left,7,8,29,0,Timed_out,381,nan
7/8/2022 23:48:21,1.12.0,Free_feed,4,4.16,nan,1,RightWithPellet,Left,7,9,29,0,nan,nan,0.36
7/8/2022 23:50:45,1.12.0,Free_feed,4,4.16,1,1,Pellet,Left,7,9,30,0,Timed_out,168,nan
7/8/2022 23:50:50,1.12.0,Free_feed,4,4.16,1,1,Pellet,Left,7,9,31,0,0.16,5,nan
7/8/2022 23:51:39,1.12.0,Free_feed,4,4.16,nan,1,LeftWithPellet,Left,8,9,31,0,nan,nan,0.12
7/8/2022 23:58:40,1.12.0,Free_feed,4,4.16,1,1,Pellet,Left,8,9,32,0,Timed_out,470,nan
7/9/2022 0:05:07,1.12.0,Free_feed,4,4.16,1,1,Pellet,Left,8,9,33,0,Timed_out,387,nan
7/9/2022 0:09:16,1.12.0,Free_feed,4,4.16,nan,1,RightWithPellet,Left,8,10,33,0,nan,nan,0.04
7/9/2022 0:09:39,1.12.0,Free_feed,4,4.16,1,1,Pellet,Left,8,10,34,0,Timed_out,272,nan
7/9/2022 0:26:09,1.12.0,Free_feed,4,4.16,1,1,Pellet,Left,8,10,35,0,Timed_out,989,nan
7/9/2022 0:31:01,1.12.0,Free_feed,4,4.16,1,1,Pellet,Left,8,10,36,0,Timed_out,293,nan
7/9/2022 0:32:44,1.12.0,Free_feed,4,4.16,nan,1,RightWithPellet,Left,8,11,36,0,nan,nan,0.16
7/9/2022 0:32:49,1.12.0,Free_feed,4,4.16,1,1,Pellet,Left,8,11,37,0,Timed_out,108,nan
7/9/2022 1:30:32,1.12.0,Free_feed,4,4.15,1,1,Pellet,Left,8,11,38,0,Timed_out,3462,nan
7/9/2022 1:32:49,1.12.0,Free_feed,4,4.15,1,1,Pellet,Left,8,11,39,0,Timed_out,138,nan
7/9/2022 1:34:10,1.12.0,Free_feed,4,4.15,1,1,Pellet,Left,8,11,40,0,Timed_out,80,nan
7/9/2022 1:38:07,1.12.0,Free_feed,4,4.15,1,1,Pellet,Left,8,11,41,0,Timed_out,238,nan
7/9/2022 1:38:13,1.12.0,Free_feed,4,4.15,1,1,Pellet,Left,8,11,42,0,4.14,6,nan
7/9/2022 1:39:09,1.12.0,Free_feed,4,4.15,1,1,Pellet,Left,8,11,43,0,48.90,56,nan
7/9/2022 1:56:31,1.12.0,Free_feed,4,4.15,1,1,Pellet,Left,8,11,44,0,Timed_out,1042,nan
7/9/2022 1:58:19,1.12.0,Free_feed,4,4.15,1,1,Pellet,Left,8,11,45,0,Timed_out,108,nan
7/9/2022 1:59:25,1.12.0,Free_feed,4,4.16,1,1,Pellet,Left,8,11,46,0,58.63,66,nan
7/9/2022 2:00:09,1.12.0,Free_feed,4,4.15,1,1,Pellet,Left,8,11,47,0,36.45,44,nan
7/9/2022 2:58:39,1.12.0,Free_feed,4,4.14,1,1,Pellet,Left,8,11,48,0,Timed_out,3510,nan
7/9/2022 2:59:58,1.12.0,Free_feed,4,4.14,1,1,Pellet,Left,8,11,49,0,Timed_out,79,nan
7/9/2022 3:01:43,1.12.0,Free_feed,4,4.14,2,1,Pellet,Left,8,11,50,0,Timed_out,104,nan
7/9/2022 3:02:10,1.12.0,Free_feed,4,4.14,1,1,Pellet,Left,8,11,51,0,20.55,28,nan
7/9/2022 3:02:42,1.12.0,Free_feed,4,4.15,1,1,Pellet,Left,8,11,52,0,24.11,32,nan
7/9/2022 3:03:44,1.12.0,Free_feed,4,4.14,1,1,Pellet,Left,8,11,53,0,55.50,62,nan
7/9/2022 3:03:46,1.12.0,Free_feed,4,4.14,1,1,Pellet,Left,8,11,54,0,0.29,2,nan
7/9/2022 3:03:56,1.12.0,Free_feed,4,4.14,1,1,Pellet,Left,8,11,55,0,2.18,10,nan
7/9/2022 3:17:00,1.12.0,Free_feed,4,4.14,1,1,Pellet,Left,8,11,56,0,Timed_out,784,nan
7/9/2022 3:18:11,1.12.0,Free_feed,4,4.14,nan,1,RightWithPellet,Left,8,12,56,0,nan,nan,0.07
7/9/2022 3:43:08,1.12.0,Free_feed,4,4.14,1,1,Pellet,Left,8,12,57,0,Timed_out,1568,nan
7/9/2022 3:43:45,1.12.0,Free_feed,4,4.14,2,1,Pellet,Left,8,12,58,0,26.78,37,nan
7/9/2022 3:44:34,1.12.0,Free_feed,4,4.14,1,1,Pellet,Left,8,12,59,0,41.84,48,nan
7/9/2022 3:45:46,1.12.0,Free_feed,4,4.14,1,1,Pellet,Left,8,12,60,0,Timed_out,73,nan
7/9/2022 3:46:19,1.12.0,Free_feed,4,4.14,1,1,Pellet,Left,8,12,61,0,25.70,32,nan
7/9/2022 3:47:14,1.12.0,Free_feed,4,4.14,1,1,Pellet,Left,8,12,62,0,48.05,56,nan
7/9/2022 3:47:15,1.12.0,Free_feed,4,4.14,1,1,Pellet,Left,8,12,63,0,0.16,1,nan
7/9/2022 3:48:19,1.12.0,Free_feed,4,4.14,1,1,Pellet,Left,8,12,64,0,55.74,63,nan
7/9/2022 4:13:17,1.12.0,Free_feed,4,4.14,1,1,Pellet,Left,8,12,65,0,Timed_out,1499,nan
7/9/2022 4:13:27,1.12.0,Free_feed,4,4.14,1,1,Pellet,Left,8,12,66,0,3.19,10,nan
7/9/2022 4:24:25,1.12.0,Free_feed,4,4.14,nan,1,RightWithPellet,Left,8,13,66,0,nan,nan,0.09
7/9/2022 4:25:50,1.12.0,Free_feed,4,4.14,1,1,Pellet,Left,8,13,67,0,Timed_out,742,nan
7/9/2022 4:25:59,1.12.0,Free_feed,4,4.14,1,1,Pellet,Left,8,13,68,0,2.12,10,nan
7/9/2022 4:27:09,1.12.0,Free_feed,4,4.14,1,1,Pellet,Left,8,13,69,0,Timed_out,70,nan
7/9/2022 4:27:53,1.12.0,Free_feed,4,4.14,1,1,Pellet,Left,8,13,70,0,35.86,44,nan
7/9/2022 4:28:00,1.12.0,Free_feed,4,4.14,1,1,Pellet,Left,8,13,71,0,0.16,7,nan
7/9/2022 4:28:15,1.12.0,Free_feed,4,4.14,1,1,Pellet,Left,8,13,72,0,7.93,15,nan
7/9/2022 4:28:54,1.12.0,Free_feed,4,4.14,1,1,Pellet,Left,8,13,73,0,34.03,39,nan
7/9/2022 4:29:06,1.12.0,Free_feed,4,4.14,1,1,Pellet,Left,8,13,74,0,4.71,12,nan
7/9/2022 4:29:37,1.12.0,Free_feed,4,4.14,2,1,Pellet,Left,8,13,75,0,21.63,31,nan
7/9/2022 4:30:00,1.12.0,Free_feed,4,4.14,1,1,Pellet,Left,8,13,76,0,15.60,23,nan
7/9/2022 4:30:16,1.12.0,Free_feed,4,4.13,nan,1,LeftWithPellet,Left,9,13,76,0,nan,nan,0.29
7/9/2022 4:31:10,1.12.0,Free_feed,4,4.14,1,1,Pellet,Left,9,13,77,0,Timed_out,70,nan
7/9/2022 4:31:28,1.12.0,Free_feed,4,4.14,1,1,Pellet,Left,9,13,78,0,11.42,18,nan
7/9/2022 4:35:33,1.12.0,Free_feed,4,4.14,2,1,Pellet,Left,9,13,79,0,Timed_out,245,nan
7/9/2022 4:39:33,1.12.0,Free_feed,4,4.14,6,1,Pellet,Left,9,13,80,0,Timed_out,240,nan
7/9/2022 4:43:14,1.12.0,Free_feed,4,4.14,2,1,Pellet,Left,9,13,81,0,Timed_out,221,nan
7/9/2022 4:43:32,1.12.0,Free_feed,4,4.13,1,1,Pellet,Left,9,13,82,0,10.91,18,nan
7/9/2022 5:30:47,1.12.0,Free_feed,4,4.14,nan,1,RightWithPellet,Left,9,14,82,0,nan,nan,0.11
7/9/2022 5:34:21,1.12.0,Free_feed,4,4.13,nan,1,LeftWithPellet,Left,10,14,82,0,nan,nan,0.07
7/9/2022 6:31:41,1.12.0,Free_feed,4,4.14,2,1,Pellet,Left,10,14,83,0,Timed_out,6489,nan
7/9/2022 6:32:03,1.12.0,Free_feed,4,4.12,1,1,Pellet,Left,10,14,84,0,14.72,22,nan
7/9/2022 6:32:31,1.12.0,Free_feed,4,4.14,1,1,Pellet,Left,10,14,85,0,20.75,28,nan
7/9/2022 6:33:07,1.12.0,Free_feed,4,4.13,1,1,Pellet,Left,10,14,86,0,28.06,36,nan
7/9/2022 6:33:15,1.12.0,Free_feed,4,4.13,1,1,Pellet,Left,10,14,87,0,1.55,8,nan
7/9/2022 6:33:32,1.12.0,Free_feed,4,4.13,2,1,Pellet,Left,10,14,88,0,7.75,17,nan
7/9/2022 6:34:17,1.12.0,Free_feed,4,4.13,1,1,Pellet,Left,10,14,89,0,37.47,45,nan
7/9/2022 6:34:57,1.12.0,Free_feed,4,4.13,1,1,Pellet,Left,10,14,90,0,32.76,40,nan
7/9/2022 6:35:31,1.12.0,Free_feed,4,4.13,1,1,Pellet,Left,10,14,91,0,26.21,34,nan
7/9/2022 6:36:03,1.12.0,Free_feed,4,4.13,1,1,Pellet,Left,10,14,92,0,24.24,32,nan
7/9/2022 6:36:24,1.12.0,Free_feed,4,4.13,1,1,Pellet,Left,10,14,93,0,13.26,21,nan
7/9/2022 6:43:04,1.12.0,Free_feed,4,4.13,1,1,Pellet,Left,10,14,94,0,Timed_out,400,nan
7/9/2022 6:43:16,1.12.0,Free_feed,4,4.12,1,1,Pellet,Left,10,14,95,0,3.82,11,nan
7/9/2022 6:43:35,1.12.0,Free_feed,4,4.13,1,1,Pellet,Left,10,14,96,0,12.56,20,nan
7/9/2022 6:44:32,1.12.0,Free_feed,4,4.13,1,1,Pellet,Left,10,14,97,0,48.95,57,nan
7/9/2022 6:45:38,1.12.0,Free_feed,4,4.12,1,1,Pellet,Left,10,14,98,0,58.91,66,nan
7/9/2022 6:56:44,1.12.0,Free_feed,4,4.12,1,1,Pellet,Left,10,14,99,0,Timed_out,666,nan
7/9/2022 6:57:15,1.12.0,Free_feed,4,4.13,1,1,Pellet,Left,10,14,100,0,22.85,30,nan
7/9/2022 6:57:45,1.12.0,Free_feed,4,4.12,1,1,Pellet,Left,10,14,101,0,23.22,31,nan
7/9/2022 6:59:34,1.12.0,Free_feed,4,4.13,1,1,Pellet,Left,10,14,102,0,Timed_out,109,nan
7/9/2022 7:08:30,1.12.0,Free_feed,4,4.12,1,1,Pellet,Left,10,14,103,0,Timed_out,536,nan
7/9/2022 7:13:22,1.12.0,Free_feed,4,4.12,1,1,Pellet,Left,10,14,104,0,Timed_out,292,nan
7/9/2022 8:55:57,1.12.0,Free_feed,4,4.12,1,1,Pellet,Left,10,14,105,0,Timed_out,6155,nan
7/9/2022 8:56:02,1.12.0,Free_feed,4,4.12,1,1,Pellet,Left,10,14,106,0,4.02,5,nan
7/9/2022 8:57:27,1.12.0,Free_feed,4,4.12,1,1,Pellet,Left,10,14,107,0,Timed_out,85,nan
7/9/2022 8:58:44,1.12.0,Free_feed,4,4.12,1,1,Pellet,Left,10,14,108,0,Timed_out,77,nan
7/9/2022 9:00:05,1.12.0,Free_feed,4,4.12,1,1,Pellet,Left,10,14,109,0,Timed_out,81,nan
7/9/2022 10:57:55,1.12.0,Free_feed,4,4.12,1,1,Pellet,Left,10,14,110,0,Timed_out,7070,nan
7/9/2022 11:00:14,1.12.0,Free_feed,4,4.11,1,1,Pellet,Left,10,14,111,0,Timed_out,139,nan
7/9/2022 11:00:59,1.12.0,Free_feed,4,4.11,2,1,Pellet,Left,10,14,112,0,38.12,45,nan
7/9/2022 11:02:20,1.12.0,Free_feed,4,4.11,nan,1,LeftWithPellet,Left,11,14,112,0,nan,nan,0.21
7/9/2022 11:02:34,1.12.0,Free_feed,4,4.11,1,1,Pellet,Left,11,14,113,0,Timed_out,95,nan
7/9/2022 11:06:52,1.12.0,Free_feed,4,4.12,1,1,Pellet,Left,11,14,114,0,Timed_out,258,nan
7/9/2022 11:08:19,1.12.0,Free_feed,4,4.11,2,1,Pellet,Left,11,14,115,0,Timed_out,87,nan
7/9/2022 11:10:14,1.12.0,Free_feed,4,4.11,nan,1,LeftWithPellet,Left,12,14,115,0,nan,nan,0.09
7/9/2022 12:44:21,1.12.0,Free_feed,4,4.11,1,1,Pellet,Left,12,14,116,0,Timed_out,5761,nan
7/9/2022 12:47:05,1.12.0,Free_feed,4,4.11,nan,1,LeftWithPellet,Left,13,14,116,0,nan,nan,0.20
7/9/2022 13:56:30,1.12.0,Free_feed,4,4.11,1,1,Pellet,Left,13,14,117,0,Timed_out,4330,nan
7/9/2022 14:01:15,1.12.0,Free_feed,4,4.11,1,1,Pellet,Left,13,14,118,0,Timed_out,285,nan
7/9/2022 14:01:24,1.12.0,Free_feed,4,4.11,1,1,Pellet,Left,13,14,119,0,2.43,9,nan
7/9/2022 15:16:00,1.12.0,Free_feed,4,4.10,1,1,Pellet,Left,13,14,120,0,Timed_out,4476,nan
7/9/2022 15:16:44,1.12.0,Free_feed,4,4.10,1,1,Pellet,Left,13,14,121,0,36.37,44,nan
7/9/2022 15:17:37,1.12.0,Free_feed,4,4.10,2,1,Pellet,Left,13,14,122,0,45.58,53,nan
7/9/2022 15:18:12,1.12.0,Free_feed,4,4.10,2,1,Pellet,Left,13,14,123,0,26.08,35,nan
7/9/2022 15:19:09,1.12.0,Free_feed,4,4.10,1,1,Pellet,Left,13,14,124,0,49.72,57,nan
7/9/2022 15:19:59,1.12.0,Free_feed,4,4.10,1,1,Pellet,Left,13,14,125,0,42.34,50,nan
7/9/2022 15:21:22,1.12.0,Free_feed,4,4.10,1,1,Pellet,Left,13,14,126,0,Timed_out,82,nan
7/9/2022 15:21:44,1.12.0,Free_feed,4,4.10,1,1,Pellet,Left,13,14,127,0,15.61,23,nan
7/9/2022 15:22:00,1.12.0,Free_feed,4,4.10,1,1,Pellet,Left,13,14,128,0,14.02,16,nan
7/9/2022 15:22:10,1.12.0,Free_feed,4,4.10,1,1,Pellet,Left,13,14,129,0,2.68,10,nan
7/9/2022 15:22:24,1.12.0,Free_feed,4,4.10,1,1,Pellet,Left,13,14,130,0,6.93,14,nan
7/9/2022 15:22:44,1.12.0,Free_feed,4,4.10,1,1,Pellet,Left,13,14,131,0,12.31,19,nan
7/9/2022 15:23:10,1.12.0,Free_feed,4,4.10,2,1,Pellet,Left,13,14,132,0,18.20,27,nan
7/9/2022 16:43:37,1.12.0,Free_feed,4,4.10,1,1,Pellet,Left,13,14,133,0,Timed_out,4827,nan
7/9/2022 16:44:32,1.12.0,Free_feed,4,4.10,1,1,Pellet,Left,13,14,134,0,47.55,55,nan
7/9/2022 17:32:42,1.12.0,Free_feed,4,4.09,1,1,Pellet,Left,13,14,135,0,Timed_out,2890,nan
7/9/2022 17:33:35,1.12.0,Free_feed,4,4.09,1,1,Pellet,Left,13,14,136,0,46.41,53,nan
7/9/2022 17:34:14,1.12.0,Free_feed,4,4.09,1,1,Pellet,Left,13,14,137,0,30.91,39,nan
7/9/2022 17:35:10,1.12.0,Free_feed,4,4.10,1,1,Pellet,Left,13,14,138,0,49.07,56,nan
7/9/2022 17:37:58,1.12.0,Free_feed,4,4.09,1,1,Pellet,Left,13,14,139,0,Timed_out,168,nan
7/9/2022 17:38:32,1.12.0,Free_feed,4,4.09,1,1,Pellet,Left,13,14,140,0,26.78,34,nan
7/9/2022 17:41:35,1.12.0,Free_feed,4,4.09,1,1,Pellet,Left,13,14,141,0,Timed_out,183,nan
7/9/2022 17:44:52,1.12.0,Free_feed,4,4.09,1,1,Pellet,Left,13,14,142,0,Timed_out,196,nan
