MM:DD:YYYY hh:mm:ss,Device_Number,Battery_Voltage,Motor_Turns,Session_Type,Event,Active_Poke,Left_Poke_Count,Right_Poke_Count,Pellet_Count,Retrieval_Time,Concat_#,Mode
2020-07-21 16:39:06,3,4.02,2,Free_feed,Pellet,Left,0,0,1,59.0,0,FED
2020-07-21 16:40:07,3,4.02,2,Free_feed,Pellet,Left,0,0,2,56.0,0,FED
2020-07-21 16:44:03,3,4.02,1,Free_feed,Pellet,Left,0,0,3,4.0,0,FED
2020-07-21 17:47:19,3,4.02,1,Free_feed,Pellet,Left,0,0,4,0.0,0,FED
2020-07-21 17:57:08,3,4.02,1,Free_feed,Pellet,Left,0,0,5,0.0,0,FED
2020-07-21 18:06:04,3,4.02,1,Free_feed,Pellet,Left,0,0,6,0.0,0,FED
2020-07-21 18:12:38,3,4.02,1,Free_feed,Pellet,Left,0,0,7,0.0,0,FED
2020-07-21 18:17:47,3,4.02,1,Free_feed,Pellet,Left,0,0,8,0.0,0,FED
2020-07-21 18:22:06,3,4.02,1,Free_feed,Pellet,Left,0,0,9,0.0,0,FED
2020-07-21 18:25:52,3,4.02,1,Free_feed,Pellet,Left,0,0,10,0.0,0,FED
2020-07-21 18:26:25,3,4.02,1,Free_feed,Pellet,Left,0,0,11,30.0,0,FED
2020-07-21 18:29:09,3,4.02,1,Free_feed,Pellet,Left,0,0,12,0.0,0,FED
2020-07-21 18:32:44,3,4.01,2,Free_feed,Pellet,Left,0,0,13,0.0,0,FED
2020-07-21 18:33:05,3,4.01,1,Free_feed,Pellet,Left,0,0,14,18.0,0,FED
2020-07-21 18:37:43,3,4.01,1,Free_feed,Pellet,Left,0,0,15,5.0,0,FED
2020-07-21 18:38:50,3,4.01,1,Free_feed,Pellet,Left,0,0,16,5.0,0,FED
2020-07-21 18:39:32,3,4.02,1,Free_feed,Pellet,Left,0,0,17,39.0,0,FED
2020-07-21 18:41:25,3,4.01,1,Free_feed,Pellet,Left,0,0,18,111.0,0,FED
2020-07-21 19:08:27,3,4.01,1,Free_feed,Pellet,Left,0,0,19,0.0,0,FED
2020-07-21 19:09:08,3,4.01,1,Free_feed,Pellet,Left,0,0,20,39.0,0,FED
2020-07-21 19:10:58,3,4.02,1,Free_feed,Pellet,Left,0,0,21,107.0,0,FED
2020-07-21 19:11:56,3,4.01,1,Free_feed,Pellet,Left,0,0,22,56.0,0,FED
2020-07-21 19:12:37,3,4.01,1,Free_feed,Pellet,Left,0,0,23,38.0,0,FED
2020-07-21 19:12:48,3,4.01,1,Free_feed,Pellet,Left,0,0,24,8.0,0,FED
2020-07-21 19:13:25,3,4.0,2,Free_feed,Pellet,Left,0,0,25,33.0,0,FED
2020-07-21 19:14:01,3,4.02,1,Free_feed,Pellet,Left,0,0,26,34.0,0,FED
2020-07-21 19:14:36,3,4.02,2,Free_feed,Pellet,Left,0,0,27,31.0,0,FED
2020-07-21 19:14:46,3,4.01,1,Free_feed,Pellet,Left,0,0,28,7.0,0,FED
2020-07-21 19:16:32,3,4.01,1,Free_feed,Pellet,Left,0,0,29,103.0,0,FED
2020-07-21 19:23:15,3,4.02,1,Free_feed,Pellet,Left,0,0,30,0.0,0,FED
2020-07-21 19:24:25,3,4.01,2,Free_feed,Pellet,Left,0,0,31,66.0,0,FED
2020-07-21 19:25:54,3,4.01,2,Free_feed,Pellet,Left,0,0,32,65.0,0,FED
2020-07-21 19:26:17,3,4.01,1,Free_feed,Pellet,Left,0,0,33,19.0,0,FED
2020-07-21 19:27:59,3,4.01,1,Free_feed,Pellet,Left,0,0,34,99.0,0,FED
2020-07-21 19:28:49,3,4.01,1,Free_feed,Pellet,Left,0,0,35,48.0,0,FED
2020-07-21 19:29:23,3,4.01,1,Free_feed,Pellet,Left,0,0,36,32.0,0,FED
2020-07-21 19:30:19,3,4.01,1,Free_feed,Pellet,Left,0,0,37,53.0,0,FED
2020-07-21 19:38:18,3,4.01,1,Free_feed,Pellet,Left,0,0,38,0.0,0,FED
2020-07-21 19:38:43,3,4.01,1,Free_feed,Pellet,Left,0,0,39,22.0,0,FED
2020-07-21 19:41:46,3,4.01,1,Free_feed,Pellet,Left,0,0,40,0.0,0,FED
2020-07-21 19:42:28,3,4.01,1,Free_feed,Pellet,Left,0,0,41,39.0,0,FED
2020-07-21 19:47:25,3,4.01,2,Free_feed,Pellet,Left,0,0,42,0.0,0,FED
2020-07-21 19:59:30,3,4.01,1,Free_feed,Pellet,Left,0,0,43,0.0,0,FED
2020-07-21 20:00:03,3,4.01,1,Free_feed,Pellet,Left,0,0,44,31.0,0,FED
2020-07-21 20:00:22,3,4.01,1,Free_feed,Pellet,Left,0,0,45,16.0,0,FED
2020-07-21 20:07:31,3,4.01,1,Free_feed,Pellet,Left,0,0,46,0.0,0,FED
2020-07-21 20:15:05,3,4.01,1,Free_feed,Pellet,Left,0,0,47,0.0,0,FED
2020-07-21 20:15:42,3,4.01,1,Free_feed,Pellet,Left,0,0,48,34.0,0,FED
2020-07-21 20:18:34,3,4.01,1,Free_feed,Pellet,Left,0,0,49,3.0,0,FED
2020-07-21 20:19:21,3,4.01,1,Free_feed,Pellet,Left,0,0,50,44.0,0,FED
2020-07-21 20:20:09,3,4.01,1,Free_feed,Pellet,Left,0,0,51,46.0,0,FED
2020-07-21 20:20:32,3,4.01,1,Free_feed,Pellet,Left,0,0,52,21.0,0,FED
2020-07-21 20:21:02,3,4.01,1,Free_feed,Pellet,Left,0,0,53,27.0,0,FED
2020-07-21 20:21:06,3,4.01,1,Free_feed,Pellet,Left,0,0,54,2.0,0,FED
2020-07-21 20:21:55,3,4.01,1,Free_feed,Pellet,Left,0,0,55,46.0,0,FED
2020-07-21 20:22:19,3,4.0,1,Free_feed,Pellet,Left,0,0,56,21.0,0,FED
2020-07-21 20:22:36,3,4.01,1,Free_feed,Pellet,Left,0,0,57,15.0,0,FED
2020-07-21 20:22:56,3,4.0,2,Free_feed,Pellet,Left,0,0,58,15.0,0,FED
2020-07-21 20:23:19,3,4.0,1,Free_feed,Pellet,Left,0,0,59,20.0,0,FED
2020-07-21 20:23:40,3,4.01,1,Free_feed,Pellet,Left,0,0,60,18.0,0,FED
2020-07-21 20:23:56,3,4.0,1,Free_feed,Pellet,Left,0,0,61,14.0,0,FED
2020-07-21 20:24:38,3,4.01,2,Free_feed,Pellet,Left,0,0,62,37.0,0,FED
2020-07-21 20:28:27,3,4.0,1,Free_feed,Pellet,Left,0,0,63,0.0,0,FED
2020-07-21 20:36:11,3,4.01,1,Free_feed,Pellet,Left,0,0,64,0.0,0,FED
2020-07-21 21:20:46,3,4.0,1,Free_feed,Pellet,Left,0,0,65,0.0,0,FED
2020-07-21 21:27:50,3,4.01,1,Free_feed,Pellet,Left,0,0,66,0.0,0,FED
2020-07-21 21:28:20,3,4.01,1,Free_feed,Pellet,Left,0,0,67,27.0,0,FED
2020-07-21 21:29:02,3,4.01,1,Free_feed,Pellet,Left,0,0,68,39.0,0,FED
2020-07-21 21:29:06,3,4.01,1,Free_feed,Pellet,Left,0,0,69,1.0,0,FED
2020-07-21 21:29:49,3,4.0,2,Free_feed,Pellet,Left,0,0,70,38.0,0,FED
2020-07-21 21:30:20,3,4.01,1,Free_feed,Pellet,Left,0,0,71,28.0,0,FED
2020-07-21 21:30:42,3,4.01,1,Free_feed,Pellet,Left,0,0,72,19.0,0,FED
2020-07-21 21:30:46,3,4.0,1,Free_feed,Pellet,Left,0,0,73,1.0,0,FED
2020-07-21 21:30:50,3,4.0,1,Free_feed,Pellet,Left,0,0,74,1.0,0,FED
2020-07-21 21:30:53,3,4.0,1,Free_feed,Pellet,Left,0,0,75,0.0,0,FED
2020-07-21 21:31:09,3,4.01,1,Free_feed,Pellet,Left,0,0,76,13.0,0,FED
2020-07-21 21:31:26,3,4.01,1,Free_feed,Pellet,Left,0,0,77,15.0,0,FED
2020-07-21 21:31:47,3,4.01,1,Free_feed,Pellet,Left,0,0,78,17.0,0,FED
2020-07-21 21:32:08,3,4.01,1,Free_feed,Pellet,Left,0,0,79,19.0,0,FED
2020-07-21 21:32:13,3,4.01,2,Free_feed,Pellet,Left,0,0,80,0.0,0,FED
2020-07-21 21:32:27,3,4.01,1,Free_feed,Pellet,Left,0,0,81,11.0,0,FED
2020-07-21 21:32:49,3,4.01,2,Free_feed,Pellet,Left,0,0,82,16.0,0,FED
2020-07-21 21:33:08,3,4.0,1,Free_feed,Pellet,Left,0,0,83,17.0,0,FED
2020-07-21 21:41:17,3,4.0,1,Free_feed,Pellet,Left,0,0,84,0.0,0,FED
2020-07-21 21:43:23,3,4.0,1,Free_feed,Pellet,Left,0,0,85,0.0,0,FED
2020-07-21 21:43:36,3,4.01,1,Free_feed,Pellet,Left,0,0,86,10.0,0,FED
2020-07-21 21:47:14,3,4.0,1,Free_feed,Pellet,Left,0,0,87,0.0,0,FED
2020-07-21 21:47:26,3,4.01,2,Free_feed,Pellet,Left,0,0,88,3.0,0,FED
2020-07-21 22:08:52,3,4.02,1,Free_feed,Pellet,Left,0,0,89,0.0,0,FED
2020-07-21 22:12:02,3,4.0,1,Free_feed,Pellet,Left,0,0,90,0.0,0,FED
2020-07-21 22:12:06,3,4.0,1,Free_feed,Pellet,Left,0,0,91,1.0,0,FED
2020-07-21 22:12:18,3,4.0,1,Free_feed,Pellet,Left,0,0,92,9.0,0,FED
2020-07-21 22:12:35,3,4.01,1,Free_feed,Pellet,Left,0,0,93,14.0,0,FED
2020-07-21 22:14:01,3,4.0,2,Free_feed,Pellet,Left,0,0,94,81.0,0,FED
2020-07-21 22:14:05,3,4.0,1,Free_feed,Pellet,Left,0,0,95,1.0,0,FED
2020-07-21 22:14:14,3,4.01,1,Free_feed,Pellet,Left,0,0,96,5.0,0,FED
2020-07-21 22:14:31,3,4.0,1,Free_feed,Pellet,Left,0,0,97,15.0,0,FED
2020-07-21 22:14:48,3,4.01,1,Free_feed,Pellet,Left,0,0,98,14.0,0,FED
2020-07-21 22:15:07,3,4.0,1,Free_feed,Pellet,Left,0,0,99,16.0,0,FED
2020-07-21 22:15:12,3,4.01,1,Free_feed,Pellet,Left,0,0,100,2.0,0,FED
2020-07-21 22:32:00,3,4.0,1,Free_feed,Pellet,Left,0,0,101,0.0,0,FED
2020-07-21 22:33:45,3,4.0,1,Free_feed,Pellet,Left,0,0,102,102.0,0,FED
2020-07-21 22:34:06,3,4.0,1,Free_feed,Pellet,Left,0,0,103,19.0,0,FED
2020-07-21 22:34:10,3,4.0,1,Free_feed,Pellet,Left,0,0,104,0.0,0,FED
2020-07-21 22:34:14,3,4.0,1,Free_feed,Pellet,Left,0,0,105,2.0,0,FED
2020-07-21 22:34:17,3,4.0,1,Free_feed,Pellet,Left,0,0,106,1.0,0,FED
2020-07-21 22:34:32,3,4.01,1,Free_feed,Pellet,Left,0,0,107,12.0,0,FED
2020-07-21 22:34:44,3,4.0,1,Free_feed,Pellet,Left,0,0,108,9.0,0,FED
2020-07-21 22:34:48,3,4.0,1,Free_feed,Pellet,Left,0,0,109,1.0,0,FED
2020-07-21 22:34:52,3,4.0,1,Free_feed,Pellet,Left,0,0,110,1.0,0,FED
2020-07-21 23:27:51,3,4.0,1,Free_feed,Pellet,Left,0,0,111,0.0,0,FED
2020-07-21 23:28:17,3,4.0,1,Free_feed,Pellet,Left,0,0,112,24.0,0,FED
2020-07-21 23:31:27,3,4.01,1,Free_feed,Pellet,Left,0,0,113,4.0,0,FED
2020-07-21 23:32:02,3,4.0,1,Free_feed,Pellet,Left,0,0,114,32.0,0,FED
2020-07-21 23:32:15,3,4.01,1,Free_feed,Pellet,Left,0,0,115,10.0,0,FED
2020-07-21 23:32:45,3,4.01,2,Free_feed,Pellet,Left,0,0,116,4.0,0,FED
2020-07-21 23:32:57,3,4.0,1,Free_feed,Pellet,Left,0,0,117,9.0,0,FED
2020-07-21 23:33:12,3,4.0,1,Free_feed,Pellet,Left,0,0,118,12.0,0,FED
2020-07-21 23:33:42,3,4.0,1,Free_feed,Pellet,Left,0,0,119,27.0,0,FED
2020-07-21 23:33:45,3,4.01,1,Free_feed,Pellet,Left,0,0,120,1.0,0,FED
2020-07-21 23:33:59,3,4.0,1,Free_feed,Pellet,Left,0,0,121,11.0,0,FED
2020-07-21 23:34:19,3,4.01,1,Free_feed,Pellet,Left,0,0,122,17.0,0,FED
2020-07-21 23:34:29,3,4.01,1,Free_feed,Pellet,Left,0,0,123,7.0,0,FED
2020-07-22 01:10:03,3,4.0,1,Free_feed,Pellet,Left,0,0,124,0.0,0,FED
2020-07-22 01:13:03,3,4.01,1,Free_feed,Pellet,Left,0,0,125,0.0,0,FED
2020-07-22 01:14:04,3,4.01,1,Free_feed,Pellet,Left,0,0,126,58.0,0,FED
2020-07-22 01:14:55,3,4.01,1,Free_feed,Pellet,Left,0,0,127,48.0,0,FED
2020-07-22 01:16:35,3,4.01,1,Free_feed,Pellet,Left,0,0,128,98.0,0,FED
2020-07-22 01:17:53,3,4.01,1,Free_feed,Pellet,Left,0,0,129,63.0,0,FED
2020-07-22 01:18:36,3,4.0,1,Free_feed,Pellet,Left,0,0,130,40.0,0,FED
2020-07-22 01:18:41,3,4.01,1,Free_feed,Pellet,Left,0,0,131,2.0,0,FED
2020-07-22 01:20:52,3,4.0,2,Free_feed,Pellet,Left,0,0,132,0.0,0,FED
2020-07-22 01:21:00,3,4.0,1,Free_feed,Pellet,Left,0,0,133,5.0,0,FED
2020-07-22 01:38:11,3,4.0,1,Free_feed,Pellet,Left,0,0,134,0.0,0,FED
2020-07-22 01:38:39,3,4.0,1,Free_feed,Pellet,Left,0,0,135,25.0,0,FED
2020-07-22 01:38:54,3,4.0,1,Free_feed,Pellet,Left,0,0,136,13.0,0,FED
2020-07-22 01:39:14,3,4.0,2,Free_feed,Pellet,Left,0,0,137,15.0,0,FED
2020-07-22 01:39:29,3,4.01,1,Free_feed,Pellet,Left,0,0,138,12.0,0,FED
2020-07-22 01:39:46,3,4.0,1,Free_feed,Pellet,Left,0,0,139,14.0,0,FED
2020-07-22 01:40:06,3,4.01,1,Free_feed,Pellet,Left,0,0,140,17.0,0,FED
2020-07-22 01:40:10,3,4.01,1,Free_feed,Pellet,Left,0,0,141,1.0,0,FED
2020-07-22 01:40:26,3,4.0,1,Free_feed,Pellet,Left,0,0,142,12.0,0,FED
2020-07-22 03:54:33,3,4.0,1,Free_feed,Pellet,Left,0,0,143,24.0,0,FED
2020-07-22 03:54:48,3,4.01,1,Free_feed,Pellet,Left,0,0,144,12.0,0,FED
2020-07-22 03:55:05,3,4.01,1,Free_feed,Pellet,Left,0,0,145,13.0,0,FED
2020-07-22 03:55:20,3,4.0,1,Free_feed,Pellet,Left,0,0,146,12.0,0,FED
2020-07-22 03:55:43,3,4.0,1,Free_feed,Pellet,Left,0,0,147,20.0,0,FED
2020-07-22 03:56:04,3,4.0,1,Free_feed,Pellet,Left,0,0,148,18.0,0,FED
2020-07-22 03:56:20,3,4.0,1,Free_feed,Pellet,Left,0,0,149,13.0,0,FED
2020-07-22 03:56:42,3,4.0,1,Free_feed,Pellet,Left,0,0,150,19.0,0,FED
2020-07-22 03:57:05,3,4.0,1,Free_feed,Pellet,Left,0,0,151,20.0,0,FED
2020-07-22 03:57:27,3,4.0,1,Free_feed,Pellet,Left,0,0,152,19.0,0,FED
2020-07-22 03:57:42,3,4.0,2,Free_feed,Pellet,Left,0,0,153,10.0,0,FED
2020-07-22 03:58:08,3,4.0,1,Free_feed,Pellet,Left,0,0,154,23.0,0,FED
2020-07-22 03:58:29,3,4.0,2,Free_feed,Pellet,Left,0,0,155,16.0,0,FED
2020-07-22 05:05:47,3,4.0,1,Free_feed,Pellet,Left,0,0,156,0.0,0,FED
2020-07-22 05:06:33,3,4.0,1,Free_feed,Pellet,Left,0,0,157,44.0,0,FED
2020-07-22 05:07:05,3,4.0,1,Free_feed,Pellet,Left,0,0,158,29.0,0,FED
2020-07-22 05:07:28,3,4.0,1,Free_feed,Pellet,Left,0,0,159,21.0,0,FED
2020-07-22 05:08:44,3,4.0,1,Free_feed,Pellet,Left,0,0,160,1.0,0,FED
2020-07-22 05:08:56,3,4.0,1,Free_feed,Pellet,Left,0,0,161,9.0,0,FED
2020-07-22 05:09:19,3,4.0,1,Free_feed,Pellet,Left,0,0,162,20.0,0,FED
2020-07-22 05:09:41,3,4.0,1,Free_feed,Pellet,Left,0,0,163,20.0,0,FED
2020-07-22 05:10:39,3,4.0,1,Free_feed,Pellet,Left,0,0,164,55.0,0,FED
2020-07-22 05:42:44,3,4.0,1,Free_feed,Pellet,Left,0,0,165,0.0,0,FED
2020-07-22 05:47:40,3,4.0,1,Free_feed,Pellet,Left,0,0,166,0.0,0,FED
2020-07-22 05:48:31,3,4.0,1,Free_feed,Pellet,Left,0,0,167,48.0,0,FED
2020-07-22 05:52:07,3,4.0,1,Free_feed,Pellet,Left,0,0,168,0.0,0,FED
2020-07-22 05:52:11,3,4.0,1,Free_feed,Pellet,Left,0,0,169,2.0,0,FED
2020-07-22 05:52:27,3,4.0,1,Free_feed,Pellet,Left,0,0,170,13.0,0,FED
2020-07-22 05:52:43,3,4.0,2,Free_feed,Pellet,Left,0,0,171,11.0,0,FED
2020-07-22 05:53:00,3,4.0,1,Free_feed,Pellet,Left,0,0,172,14.0,0,FED
2020-07-22 05:53:20,3,4.0,1,Free_feed,Pellet,Left,0,0,173,18.0,0,FED
2020-07-22 05:53:37,3,4.0,1,Free_feed,Pellet,Left,0,0,174,15.0,0,FED
2020-07-22 05:53:57,3,4.0,1,Free_feed,Pellet,Left,0,0,175,17.0,0,FED
2020-07-22 05:54:14,3,4.0,1,Free_feed,Pellet,Left,0,0,176,14.0,0,FED
2020-07-22 05:54:33,3,4.0,1,Free_feed,Pellet,Left,0,0,177,16.0,0,FED
2020-07-22 05:54:55,3,4.0,2,Free_feed,Pellet,Left,0,0,178,17.0,0,FED
2020-07-22 05:55:15,3,4.0,1,Free_feed,Pellet,Left,0,0,179,17.0,0,FED
2020-07-22 05:55:35,3,4.0,1,Free_feed,Pellet,Left,0,0,180,17.0,0,FED
2020-07-22 05:55:39,3,4.0,1,Free_feed,Pellet,Left,0,0,181,1.0,0,FED
2020-07-22 07:31:35,3,4.0,1,Free_feed,Pellet,Left,0,0,182,0.0,0,FED
2020-07-22 07:32:34,3,4.0,1,Free_feed,Pellet,Left,0,0,183,57.0,0,FED
2020-07-22 07:34:44,3,3.99,1,Free_feed,Pellet,Left,0,0,184,0.0,0,FED
2020-07-22 07:36:34,3,4.0,1,Free_feed,Pellet,Left,0,0,185,108.0,0,FED
2020-07-22 07:36:49,3,4.0,1,Free_feed,Pellet,Left,0,0,186,12.0,0,FED
2020-07-22 07:37:07,3,3.99,1,Free_feed,Pellet,Left,0,0,187,15.0,0,FED
2020-07-22 07:37:29,3,4.0,1,Free_feed,Pellet,Left,0,0,188,19.0,0,FED
2020-07-22 07:37:47,3,4.0,2,Free_feed,Pellet,Left,0,0,189,13.0,0,FED
2020-07-22 07:38:02,3,4.0,1,Free_feed,Pellet,Left,0,0,190,13.0,0,FED
2020-07-22 07:38:21,3,4.0,1,Free_feed,Pellet,Left,0,0,191,16.0,0,FED
2020-07-22 07:38:41,3,3.99,1,Free_feed,Pellet,Left,0,0,192,18.0,0,FED
2020-07-22 07:39:01,3,4.0,1,Free_feed,Pellet,Left,0,0,193,17.0,0,FED
2020-07-22 07:39:21,3,4.0,1,Free_feed,Pellet,Left,0,0,194,18.0,0,FED
2020-07-22 07:39:24,3,4.0,1,Free_feed,Pellet,Left,0,0,195,0.0,0,FED
2020-07-22 07:39:43,3,4.0,1,Free_feed,Pellet,Left,0,0,196,16.0,0,FED
2020-07-22 07:44:04,3,4.0,1,Free_feed,Pellet,Left,0,0,197,0.0,0,FED
2020-07-22 09:09:35,3,4.0,1,Free_feed,Pellet,Left,0,0,198,0.0,0,FED
2020-07-22 09:39:59,3,4.0,1,Free_feed,Pellet,Left,0,0,199,0.0,0,FED
2020-07-22 09:42:40,3,3.99,1,Free_feed,Pellet,Left,0,0,200,27.0,0,FED
2020-07-22 11:57:15,3,3.99,1,Free_feed,Pellet,Left,0,0,201,0.0,0,FED
2020-07-22 11:57:38,3,3.98,2,Free_feed,Pellet,Left,0,0,202,18.0,0,FED
2020-07-22 11:57:50,3,3.98,1,Free_feed,Pellet,Left,0,0,203,9.0,0,FED
2020-07-22 11:58:24,3,3.98,1,Free_feed,Pellet,Left,0,0,204,31.0,0,FED
2020-07-22 11:58:30,3,3.98,1,Free_feed,Pellet,Left,0,0,205,3.0,0,FED
2020-07-22 11:59:11,3,3.98,2,Free_feed,Pellet,Left,0,0,206,36.0,0,FED
2020-07-22 11:59:31,3,3.98,1,Free_feed,Pellet,Left,0,0,207,17.0,0,FED
2020-07-22 11:59:47,3,3.98,1,Free_feed,Pellet,Left,0,0,208,12.0,0,FED
2020-07-22 12:00:16,3,3.98,1,Free_feed,Pellet,Left,0,0,209,25.0,0,FED
2020-07-22 12:00:38,3,3.98,1,Free_feed,Pellet,Left,0,0,210,19.0,0,FED
2020-07-22 12:00:45,3,3.98,1,Free_feed,Pellet,Left,0,0,211,4.0,0,FED
2020-07-22 12:29:14,3,3.98,1,Free_feed,Pellet,Left,0,0,212,9.0,0,FED
2020-07-22 12:30:23,3,3.98,2,Free_feed,Pellet,Left,0,0,213,64.0,0,FED
2020-07-22 12:37:53,3,3.98,1,Free_feed,Pellet,Left,0,0,214,0.0,0,FED
2020-07-22 13:52:37,3,3.98,1,Free_feed,Pellet,Left,0,0,215,0.0,0,FED
2020-07-22 13:52:51,3,3.98,2,Free_feed,Pellet,Left,0,0,216,9.0,0,FED
2020-07-22 13:52:55,3,3.98,1,Free_feed,Pellet,Left,0,0,217,2.0,0,FED
2020-07-22 13:53:41,3,3.98,2,Free_feed,Pellet,Left,0,0,218,42.0,0,FED
2020-07-22 13:54:08,3,3.98,1,Free_feed,Pellet,Left,0,0,219,24.0,0,FED
2020-07-22 14:01:09,3,3.98,1,Free_feed,Pellet,Left,0,0,220,0.0,0,FED
2020-07-22 14:03:33,3,3.97,1,Free_feed,Pellet,Left,0,0,221,0.0,0,FED
2020-07-22 14:05:14,3,3.98,1,Free_feed,Pellet,Left,0,0,222,99.0,0,FED
2020-07-22 14:05:54,3,3.98,1,Free_feed,Pellet,Left,0,0,223,37.0,0,FED
2020-07-22 14:06:09,3,3.98,1,Free_feed,Pellet,Left,0,0,224,12.0,0,FED
2020-07-22 14:06:23,3,3.98,1,Free_feed,Pellet,Left,0,0,225,12.0,0,FED
2020-07-22 14:06:51,3,3.98,6,Free_feed,Pellet,Left,0,0,226,15.0,0,FED
2020-07-22 14:14:39,3,3.98,1,Free_feed,Pellet,Left,0,0,227,0.0,0,FED
2020-07-22 14:27:23,3,3.98,1,Free_feed,Pellet,Left,0,0,228,0.0,0,FED
2020-07-22 14:27:26,3,3.98,1,Free_feed,Pellet,Left,0,0,229,1.0,0,FED
2020-07-22 14:32:33,3,3.98,1,Free_feed,Pellet,Left,0,0,230,0.0,0,FED
2020-07-22 14:38:05,3,3.98,1,Free_feed,Pellet,Left,0,0,231,0.0,0,FED
2020-07-22 14:41:53,3,3.98,1,Free_feed,Pellet,Left,0,0,232,0.0,0,FED
2020-07-22 15:28:27,3,3.97,1,Free_feed,Pellet,Left,0,0,233,0.0,0,FED
2020-07-22 15:30:04,3,3.98,1,Free_feed,Pellet,Left,0,0,234,94.0,0,FED
2020-07-22 15:30:17,3,3.98,1,Free_feed,Pellet,Left,0,0,235,11.0,0,FED
2020-07-22 15:30:46,3,3.97,1,Free_feed,Pellet,Left,0,0,236,26.0,0,FED
2020-07-22 15:31:02,3,3.97,1,Free_feed,Pellet,Left,0,0,237,12.0,0,FED
2020-07-22 15:31:21,3,3.97,1,Free_feed,Pellet,Left,0,0,238,17.0,0,FED
2020-07-22 15:31:38,3,3.98,1,Free_feed,Pellet,Left,0,0,239,14.0,0,FED
2020-07-22 15:31:55,3,3.97,1,Free_feed,Pellet,Left,0,0,240,14.0,0,FED
2020-07-22 15:32:19,3,3.97,1,Free_feed,Pellet,Left,0,0,241,22.0,0,FED
2020-07-22 15:33:39,3,3.97,2,Free_feed,Pellet,Left,0,0,242,76.0,0,FED
2020-07-22 15:33:55,3,3.97,1,Free_feed,Pellet,Left,0,0,243,13.0,0,FED
2020-07-22 15:34:09,3,3.98,1,Free_feed,Pellet,Left,0,0,244,11.0,0,FED
2020-07-22 16:58:04,3,3.97,1,Free_feed,Pellet,Left,0,0,245,0.0,0,FED
2020-07-22 16:58:08,3,3.97,1,Free_feed,Pellet,Left,0,0,246,1.0,0,FED
2020-07-22 17:05:02,3,3.97,1,Free_feed,Pellet,Left,0,0,247,0.0,0,FED
2020-07-22 17:05:05,3,3.97,1,Free_feed,Pellet,Left,0,0,248,0.0,0,FED
2020-07-22 17:05:16,3,3.97,1,Free_feed,Pellet,Left,0,0,249,8.0,0,FED
2020-07-22 17:05:28,3,3.97,1,Free_feed,Pellet,Left,0,0,250,9.0,0,FED
2020-07-22 17:05:52,3,3.97,1,Free_feed,Pellet,Left,0,0,251,21.0,0,FED
2020-07-22 17:06:08,3,3.97,1,Free_feed,Pellet,Left,0,0,252,13.0,0,FED
2020-07-22 17:06:22,3,3.97,1,Free_feed,Pellet,Left,0,0,253,12.0,0,FED
2020-07-22 17:06:37,3,3.97,1,Free_feed,Pellet,Left,0,0,254,12.0,0,FED
2020-07-22 17:06:56,3,3.97,1,Free_feed,Pellet,Left,0,0,255,17.0,0,FED
2020-07-22 17:16:24,3,3.97,1,Free_feed,Pellet,Left,0,0,256,0.0,0,FED
2020-07-22 17:16:30,3,3.98,1,Free_feed,Pellet,Left,0,0,257,4.0,0,FED
2020-07-22 17:26:19,3,3.97,1,Free_feed,Pellet,Left,0,0,258,0.0,0,FED
2020-07-22 17:26:38,3,3.97,1,Free_feed,Pellet,Left,0,0,259,16.0,0,FED
2020-07-22 18:58:00,3,3.96,1,Free_feed,Pellet,Left,0,0,260,0.0,0,FED
2020-07-22 18:58:25,3,3.97,1,Free_feed,Pellet,Left,0,0,261,22.0,0,FED
2020-07-22 18:58:39,3,3.96,1,Free_feed,Pellet,Left,0,0,262,11.0,0,FED
2020-07-22 18:58:58,3,3.96,1,Free_feed,Pellet,Left,0,0,263,16.0,0,FED
2020-07-22 19:42:44,3,3.96,1,Free_feed,Pellet,Left,0,0,264,0.0,0,FED
2020-07-22 19:42:54,3,3.96,2,Free_feed,Pellet,Left,0,0,265,6.0,0,FED
2020-07-22 19:43:14,3,3.96,1,Free_feed,Pellet,Left,0,0,266,17.0,0,FED
2020-07-22 19:43:29,3,3.96,1,Free_feed,Pellet,Left,0,0,267,12.0,0,FED
2020-07-22 19:43:32,3,3.96,1,Free_feed,Pellet,Left,0,0,268,1.0,0,FED
2020-07-22 19:43:48,3,3.96,1,Free_feed,Pellet,Left,0,0,269,13.0,0,FED
2020-07-22 19:44:03,3,3.96,1,Free_feed,Pellet,Left,0,0,270,13.0,0,FED
2020-07-22 19:44:23,3,3.97,1,Free_feed,Pellet,Left,0,0,271,16.0,0,FED
2020-07-22 19:44:41,3,3.96,1,Free_feed,Pellet,Left,0,0,272,16.0,0,FED
2020-07-22 19:45:00,3,3.96,1,Free_feed,Pellet,Left,0,0,273,16.0,0,FED
2020-07-22 19:45:53,3,3.96,1,Free_feed,Pellet,Left,0,0,274,51.0,0,FED
2020-07-22 19:48:15,3,3.96,1,Free_feed,Pellet,Left,0,0,275,0.0,0,FED
2020-07-22 20:31:10,3,3.96,1,Free_feed,Pellet,Left,0,0,276,0.0,0,FED
2020-07-22 20:31:14,3,3.96,1,Free_feed,Pellet,Left,0,0,277,2.0,0,FED
2020-07-22 20:31:59,3,3.96,1,Free_feed,Pellet,Left,0,0,278,43.0,0,FED
2020-07-22 20:32:03,3,3.96,1,Free_feed,Pellet,Left,0,0,279,1.0,0,FED
2020-07-22 20:32:14,3,3.96,1,Free_feed,Pellet,Left,0,0,280,8.0,0,FED
2020-07-22 20:32:33,3,3.96,1,Free_feed,Pellet,Left,0,0,281,16.0,0,FED
2020-07-22 20:32:51,3,3.96,1,Free_feed,Pellet,Left,0,0,282,15.0,0,FED
2020-07-22 20:33:07,3,3.96,1,Free_feed,Pellet,Left,0,0,283,14.0,0,FED
2020-07-22 20:33:26,3,3.96,1,Free_feed,Pellet,Left,0,0,284,16.0,0,FED
2020-07-22 20:33:45,3,3.96,1,Free_feed,Pellet,Left,0,0,285,16.0,0,FED
2020-07-22 20:34:02,3,3.96,1,Free_feed,Pellet,Left,0,0,286,14.0,0,FED
2020-07-22 20:34:06,3,3.96,1,Free_feed,Pellet,Left,0,0,287,1.0,0,FED
2020-07-22 20:34:18,3,3.96,2,Free_feed,Pellet,Left,0,0,288,6.0,0,FED
2020-07-22 20:34:34,3,3.96,1,Free_feed,Pellet,Left,0,0,289,14.0,0,FED
2020-07-22 20:34:49,3,3.96,1,Free_feed,Pellet,Left,0,0,290,12.0,0,FED
2020-07-22 20:56:45,3,3.96,1,Free_feed,Pellet,Left,0,0,291,0.0,0,FED
2020-07-22 20:56:53,3,3.96,1,Free_feed,Pellet,Left,0,0,292,6.0,0,FED
2020-07-22 20:57:08,3,3.96,1,Free_feed,Pellet,Left,0,0,293,12.0,0,FED
2020-07-22 20:57:28,3,3.96,4,Free_feed,Pellet,Left,0,0,294,10.0,0,FED
2020-07-22 20:58:20,3,3.96,1,Free_feed,Pellet,Left,0,0,295,38.0,0,FED
2020-07-22 20:58:39,3,3.96,1,Free_feed,Pellet,Left,0,0,296,16.0,0,FED
2020-07-22 20:58:56,3,3.96,1,Free_feed,Pellet,Left,0,0,297,14.0,0,FED
2020-07-22 20:59:16,3,3.96,1,Free_feed,Pellet,Left,0,0,298,17.0,0,FED
2020-07-22 20:59:34,3,3.96,1,Free_feed,Pellet,Left,0,0,299,14.0,0,FED
2020-07-22 20:59:54,3,3.96,1,Free_feed,Pellet,Left,0,0,300,18.0,0,FED
2020-07-22 21:20:24,3,3.96,1,Free_feed,Pellet,Left,0,0,301,0.0,0,FED
2020-07-22 21:20:28,3,3.96,1,Free_feed,Pellet,Left,0,0,302,1.0,0,FED
2020-07-22 21:20:41,3,3.96,1,Free_feed,Pellet,Left,0,0,303,9.0,0,FED
2020-07-22 21:20:55,3,3.96,1,Free_feed,Pellet,Left,0,0,304,12.0,0,FED
2020-07-22 21:21:12,3,3.96,1,Free_feed,Pellet,Left,0,0,305,14.0,0,FED
2020-07-22 21:21:30,3,3.96,1,Free_feed,Pellet,Left,0,0,306,14.0,0,FED
2020-07-22 21:21:46,3,3.96,1,Free_feed,Pellet,Left,0,0,307,14.0,0,FED
2020-07-22 21:22:05,3,3.96,1,Free_feed,Pellet,Left,0,0,308,16.0,0,FED
2020-07-22 21:22:27,3,3.96,1,Free_feed,Pellet,Left,0,0,309,19.0,0,FED
2020-07-22 22:20:27,3,3.96,1,Free_feed,Pellet,Left,0,0,310,0.0,0,FED
2020-07-22 22:20:36,3,3.96,1,Free_feed,Pellet,Left,0,0,311,6.0,0,FED
2020-07-22 22:20:53,3,3.96,1,Free_feed,Pellet,Left,0,0,312,14.0,0,FED
2020-07-22 22:21:07,3,3.96,1,Free_feed,Pellet,Left,0,0,313,11.0,0,FED
2020-07-22 22:21:21,3,3.95,1,Free_feed,Pellet,Left,0,0,314,11.0,0,FED
2020-07-22 22:21:38,3,3.96,1,Free_feed,Pellet,Left,0,0,315,14.0,0,FED
2020-07-22 22:21:53,3,3.96,1,Free_feed,Pellet,Left,0,0,316,12.0,0,FED
2020-07-22 22:22:09,3,3.96,1,Free_feed,Pellet,Left,0,0,317,14.0,0,FED
2020-07-22 22:22:25,3,3.96,1,Free_feed,Pellet,Left,0,0,318,14.0,0,FED
2020-07-22 22:22:41,3,3.96,1,Free_feed,Pellet,Left,0,0,319,13.0,0,FED
2020-07-22 22:22:58,3,3.96,1,Free_feed,Pellet,Left,0,0,320,15.0,0,FED
2020-07-22 22:23:16,3,3.96,1,Free_feed,Pellet,Left,0,0,321,15.0,0,FED
2020-07-22 22:23:31,3,3.95,1,Free_feed,Pellet,Left,0,0,322,12.0,0,FED
2020-07-22 22:23:48,3,3.95,1,Free_feed,Pellet,Left,0,0,323,14.0,0,FED
2020-07-22 22:24:06,3,3.96,1,Free_feed,Pellet,Left,0,0,324,15.0,0,FED
2020-07-22 22:24:25,3,3.96,1,Free_feed,Pellet,Left,0,0,325,16.0,0,FED
2020-07-22 22:24:43,3,3.96,1,Free_feed,Pellet,Left,0,0,326,15.0,0,FED
2020-07-22 22:25:05,3,3.96,1,Free_feed,Pellet,Left,0,0,327,19.0,0,FED
2020-07-22 22:47:16,3,3.96,1,Free_feed,Pellet,Left,0,0,328,0.0,0,FED
2020-07-22 22:47:28,3,3.96,1,Free_feed,Pellet,Left,0,0,329,8.0,0,FED
2020-07-22 22:47:31,3,3.95,1,Free_feed,Pellet,Left,0,0,330,1.0,0,FED
2020-07-22 22:47:42,3,3.96,1,Free_feed,Pellet,Left,0,0,331,7.0,0,FED
2020-07-22 22:47:57,3,3.96,1,Free_feed,Pellet,Left,0,0,332,13.0,0,FED
2020-07-22 22:48:13,3,3.95,1,Free_feed,Pellet,Left,0,0,333,14.0,0,FED
2020-07-22 22:48:27,3,3.95,1,Free_feed,Pellet,Left,0,0,334,11.0,0,FED
2020-07-22 22:48:40,3,3.95,1,Free_feed,Pellet,Left,0,0,335,10.0,0,FED
2020-07-22 22:48:55,3,3.95,1,Free_feed,Pellet,Left,0,0,336,12.0,0,FED
2020-07-22 22:49:09,3,3.95,1,Free_feed,Pellet,Left,0,0,337,12.0,0,FED
2020-07-22 22:49:24,3,3.95,1,Free_feed,Pellet,Left,0,0,338,12.0,0,FED
2020-07-22 22:49:42,3,3.96,1,Free_feed,Pellet,Left,0,0,339,15.0,0,FED
2020-07-22 22:49:59,3,3.95,1,Free_feed,Pellet,Left,0,0,340,14.0,0,FED
2020-07-22 22:50:18,3,3.95,1,Free_feed,Pellet,Left,0,0,341,16.0,0,FED
2020-07-22 22:50:35,3,3.96,1,Free_feed,Pellet,Left,0,0,342,15.0,0,FED
2020-07-22 22:50:54,3,3.95,2,Free_feed,Pellet,Left,0,0,343,15.0,0,FED
2020-07-22 22:51:12,3,3.95,1,Free_feed,Pellet,Left,0,0,344,14.0,0,FED
2020-07-22 22:51:32,3,3.95,1,Free_feed,Pellet,Left,0,0,345,18.0,0,FED
2020-07-22 22:54:03,3,3.95,1,Free_feed,Pellet,Left,0,0,346,0.0,0,FED
2020-07-22 23:04:01,3,3.96,1,Free_feed,Pellet,Left,0,0,347,0.0,0,FED
2020-07-22 23:42:21,3,3.95,1,Free_feed,Pellet,Left,0,0,348,0.0,0,FED
2020-07-23 00:02:02,3,3.95,1,Free_feed,Pellet,Left,0,0,349,3.0,0,FED
2020-07-23 00:02:15,3,3.95,2,Free_feed,Pellet,Left,0,0,350,9.0,0,FED
2020-07-23 00:02:30,3,3.95,1,Free_feed,Pellet,Left,0,0,351,12.0,0,FED
2020-07-23 00:02:48,3,3.95,1,Free_feed,Pellet,Left,0,0,352,15.0,0,FED
2020-07-23 00:03:01,3,3.94,1,Free_feed,Pellet,Left,0,0,353,10.0,0,FED
2020-07-23 00:03:18,3,3.95,1,Free_feed,Pellet,Left,0,0,354,14.0,0,FED
2020-07-23 00:03:30,3,3.95,1,Free_feed,Pellet,Left,0,0,355,10.0,0,FED
2020-07-23 00:03:49,3,3.95,1,Free_feed,Pellet,Left,0,0,356,15.0,0,FED
2020-07-23 00:04:05,3,3.95,2,Free_feed,Pellet,Left,0,0,357,12.0,0,FED
2020-07-23 00:04:21,3,3.95,1,Free_feed,Pellet,Left,0,0,358,13.0,0,FED
2020-07-23 00:04:38,3,3.95,1,Free_feed,Pellet,Left,0,0,359,15.0,0,FED
2020-07-23 00:04:57,3,3.95,1,Free_feed,Pellet,Left,0,0,360,17.0,0,FED
2020-07-23 00:05:09,3,3.94,1,Free_feed,Pellet,Left,0,0,361,9.0,0,FED
2020-07-23 00:05:28,3,3.95,1,Free_feed,Pellet,Left,0,0,362,16.0,0,FED
2020-07-23 00:05:49,3,3.95,1,Free_feed,Pellet,Left,0,0,363,18.0,0,FED
2020-07-23 00:06:07,3,3.95,1,Free_feed,Pellet,Left,0,0,364,14.0,0,FED
2020-07-23 00:26:53,3,3.94,1,Free_feed,Pellet,Left,0,0,365,0.0,0,FED
2020-07-23 00:27:11,3,3.95,2,Free_feed,Pellet,Left,0,0,366,13.0,0,FED
2020-07-23 02:01:23,3,3.95,1,Free_feed,Pellet,Left,0,0,367,0.0,0,FED
2020-07-23 02:52:13,3,3.94,1,Free_feed,Pellet,Left,0,0,368,0.0,0,FED
2020-07-23 02:52:19,3,3.94,2,Free_feed,Pellet,Left,0,0,369,1.0,0,FED
2020-07-23 02:52:29,3,3.95,1,Free_feed,Pellet,Left,0,0,370,6.0,0,FED
2020-07-23 02:52:48,3,3.94,1,Free_feed,Pellet,Left,0,0,371,17.0,0,FED
2020-07-23 02:53:03,3,3.94,1,Free_feed,Pellet,Left,0,0,372,12.0,0,FED
2020-07-23 02:53:23,3,3.94,1,Free_feed,Pellet,Left,0,0,373,17.0,0,FED
2020-07-23 02:53:40,3,3.94,1,Free_feed,Pellet,Left,0,0,374,15.0,0,FED
2020-07-23 02:54:01,3,3.94,1,Free_feed,Pellet,Left,0,0,375,18.0,0,FED
2020-07-23 02:54:20,3,3.94,1,Free_feed,Pellet,Left,0,0,376,16.0,0,FED
2020-07-23 02:54:41,3,3.94,1,Free_feed,Pellet,Left,0,0,377,18.0,0,FED
2020-07-23 02:55:03,3,3.94,1,Free_feed,Pellet,Left,0,0,378,20.0,0,FED
2020-07-23 02:55:21,3,3.94,1,Free_feed,Pellet,Left,0,0,379,15.0,0,FED
2020-07-23 02:55:37,3,3.94,1,Free_feed,Pellet,Left,0,0,380,13.0,0,FED
2020-07-23 03:57:52,3,3.94,1,Free_feed,Pellet,Left,0,0,381,0.0,0,FED
2020-07-23 03:58:08,3,3.94,1,Free_feed,Pellet,Left,0,0,382,13.0,0,FED
2020-07-23 03:58:20,3,3.94,1,Free_feed,Pellet,Left,0,0,383,9.0,0,FED
2020-07-23 03:58:37,3,3.94,1,Free_feed,Pellet,Left,0,0,384,14.0,0,FED
2020-07-23 03:58:55,3,3.94,1,Free_feed,Pellet,Left,0,0,385,15.0,0,FED
2020-07-23 03:59:14,3,3.94,1,Free_feed,Pellet,Left,0,0,386,16.0,0,FED
2020-07-23 03:59:32,3,3.94,1,Free_feed,Pellet,Left,0,0,387,15.0,0,FED
2020-07-23 03:59:49,3,3.94,1,Free_feed,Pellet,Left,0,0,388,14.0,0,FED
2020-07-23 04:00:09,3,3.94,1,Free_feed,Pellet,Left,0,0,389,18.0,0,FED
2020-07-23 04:00:26,3,3.94,1,Free_feed,Pellet,Left,0,0,390,15.0,0,FED
2020-07-23 04:00:43,3,3.94,2,Free_feed,Pellet,Left,0,0,391,12.0,0,FED
2020-07-23 04:01:01,3,3.94,1,Free_feed,Pellet,Left,0,0,392,16.0,0,FED
2020-07-23 04:01:21,3,3.94,1,Free_feed,Pellet,Left,0,0,393,17.0,0,FED
2020-07-23 04:01:41,3,3.94,1,Free_feed,Pellet,Left,0,0,394,17.0,0,FED
2020-07-23 06:11:34,3,3.94,1,Free_feed,Pellet,Left,0,0,395,0.0,0,FED
2020-07-23 06:11:40,3,3.94,1,Free_feed,Pellet,Left,0,0,396,3.0,0,FED
2020-07-23 06:11:55,3,3.94,1,Free_feed,Pellet,Left,0,0,397,12.0,0,FED
2020-07-23 06:12:15,3,3.93,1,Free_feed,Pellet,Left,0,0,398,18.0,0,FED
2020-07-23 06:12:28,3,3.93,2,Free_feed,Pellet,Left,0,0,399,9.0,0,FED
2020-07-23 06:12:46,3,3.94,1,Free_feed,Pellet,Left,0,0,400,15.0,0,FED
2020-07-23 06:13:04,3,3.93,1,Free_feed,Pellet,Left,0,0,401,14.0,0,FED
2020-07-23 06:13:18,3,3.93,1,Free_feed,Pellet,Left,0,0,402,12.0,0,FED
2020-07-23 06:13:36,3,3.93,1,Free_feed,Pellet,Left,0,0,403,15.0,0,FED
2020-07-23 06:13:49,3,3.94,1,Free_feed,Pellet,Left,0,0,404,10.0,0,FED
2020-07-23 06:14:10,3,3.93,1,Free_feed,Pellet,Left,0,0,405,18.0,0,FED
2020-07-23 06:14:31,3,3.93,1,Free_feed,Pellet,Left,0,0,406,18.0,0,FED
2020-07-23 06:14:52,3,3.94,1,Free_feed,Pellet,Left,0,0,407,18.0,0,FED
2020-07-23 06:15:13,3,3.93,1,Free_feed,Pellet,Left,0,0,408,18.0,0,FED
2020-07-23 06:15:31,3,3.93,1,Free_feed,Pellet,Left,0,0,409,15.0,0,FED
2020-07-23 06:15:54,3,3.93,1,Free_feed,Pellet,Left,0,0,410,20.0,0,FED
2020-07-23 06:16:11,3,3.94,1,Free_feed,Pellet,Left,0,0,411,15.0,0,FED
2020-07-23 06:16:36,3,3.94,1,Free_feed,Pellet,Left,0,0,412,23.0,0,FED
2020-07-23 06:16:52,3,3.94,1,Free_feed,Pellet,Left,0,0,413,13.0,0,FED
2020-07-23 06:17:16,3,3.94,1,Free_feed,Pellet,Left,0,0,414,21.0,0,FED
2020-07-23 06:17:39,3,3.93,1,Free_feed,Pellet,Left,0,0,415,21.0,0,FED
2020-07-23 06:18:05,3,3.93,1,Free_feed,Pellet,Left,0,0,416,22.0,0,FED
2020-07-23 06:18:48,3,3.93,1,Free_feed,Pellet,Left,0,0,417,41.0,0,FED
2020-07-23 06:37:47,3,3.94,1,Free_feed,Pellet,Left,0,0,418,0.0,0,FED
2020-07-23 06:38:36,3,3.93,1,Free_feed,Pellet,Left,0,0,419,46.0,0,FED
2020-07-23 06:38:56,3,3.94,1,Free_feed,Pellet,Left,0,0,420,17.0,0,FED
2020-07-23 06:39:11,3,3.93,1,Free_feed,Pellet,Left,0,0,421,13.0,0,FED
2020-07-23 06:39:25,3,3.93,1,Free_feed,Pellet,Left,0,0,422,12.0,0,FED
2020-07-23 06:39:41,3,3.93,1,Free_feed,Pellet,Left,0,0,423,13.0,0,FED
2020-07-23 06:39:59,3,3.93,2,Free_feed,Pellet,Left,0,0,424,14.0,0,FED
2020-07-23 06:40:18,3,3.93,1,Free_feed,Pellet,Left,0,0,425,16.0,0,FED
2020-07-23 09:24:42,3,3.93,1,Free_feed,Pellet,Left,0,0,426,1.0,0,FED
2020-07-23 09:24:59,3,3.93,1,Free_feed,Pellet,Left,0,0,427,13.0,0,FED
2020-07-23 09:25:16,3,3.93,1,Free_feed,Pellet,Left,0,0,428,14.0,0,FED
2020-07-23 09:25:21,3,3.93,1,Free_feed,Pellet,Left,0,0,429,2.0,0,FED
2020-07-23 09:25:35,3,3.93,1,Free_feed,Pellet,Left,0,0,430,11.0,0,FED
2020-07-23 09:25:49,3,3.93,1,Free_feed,Pellet,Left,0,0,431,11.0,0,FED
2020-07-23 09:26:09,3,3.93,1,Free_feed,Pellet,Left,0,0,432,17.0,0,FED
2020-07-23 12:02:45,3,3.93,1,Free_feed,Pellet,Left,0,0,433,0.0,0,FED
2020-07-23 12:03:01,3,3.92,2,Free_feed,Pellet,Left,0,0,434,12.0,0,FED
2020-07-23 12:03:20,3,3.92,1,Free_feed,Pellet,Left,0,0,435,16.0,0,FED
2020-07-23 12:03:34,3,3.92,1,Free_feed,Pellet,Left,0,0,436,11.0,0,FED
2020-07-23 12:03:52,3,3.92,1,Free_feed,Pellet,Left,0,0,437,15.0,0,FED
2020-07-23 12:04:15,3,3.92,1,Free_feed,Pellet,Left,0,0,438,20.0,0,FED
2020-07-23 12:04:31,3,3.92,4,Free_feed,Pellet,Left,0,0,439,7.0,0,FED
2020-07-23 12:08:19,3,3.92,85,Free_feed,Pellet,Left,0,0,440,0.0,0,FED
2020-07-23 12:53:14,3,3.91,85,Free_feed,Pellet,Left,0,0,441,0.0,0,FED
2020-07-23 15:19:16,3,3.91,1602,Free_feed,Pellet,Left,0,0,442,1.0,0,FED
2020-07-23 15:22:41,3,3.91,80,Free_feed,Pellet,Left,0,0,443,0.0,0,FED
2020-07-23 15:22:48,3,3.91,3,Free_feed,Pellet,Left,0,0,444,0.0,0,FED
2020-07-23 16:05:10,3,3.91,849,Free_feed,Pellet,Left,0,0,445,0.0,0,FED
2020-07-23 16:05:16,3,3.8,1,Free_feed,Pellet,Left,0,0,446,1.0,0,FED
2020-07-23 16:05:44,3,3.79,5,Free_feed,Pellet,Left,0,0,447,17.0,0,FED
2020-07-23 16:06:00,3,3.79,8,Free_feed,Pellet,Left,0,0,448,0.0,0,FED
2020-07-23 16:07:19,3,3.8,20,Free_feed,Pellet,Left,0,0,449,55.0,0,FED
2020-07-23 16:07:24,3,3.8,1,Free_feed,Pellet,Left,0,0,450,1.0,0,FED
2020-07-23 16:09:26,3,3.8,1,Free_feed,Pellet,Left,0,0,451,118.0,0,FED
2020-07-23 16:10:13,3,3.8,22,Free_feed,Pellet,Left,0,0,452,9.0,0,FED
2020-07-23 16:13:23,3,3.8,44,Free_feed,Pellet,Left,0,0,453,62.0,0,FED
2020-07-23 16:14:04,3,3.8,20,Free_feed,Pellet,Left,0,0,454,9.0,0,FED
2020-07-23 16:14:24,3,3.8,7,Free_feed,Pellet,Left,0,0,455,4.0,0,FED
2020-07-23 16:14:32,3,3.8,1,Free_feed,Pellet,Left,0,0,456,5.0,0,FED
2020-07-23 16:17:33,3,3.8,20,Free_feed,Pellet,Left,0,0,457,0.0,0,FED
2020-07-23 16:18:01,3,3.8,3,Free_feed,Pellet,Left,0,0,458,21.0,0,FED
2020-07-23 16:18:16,3,3.8,6,Free_feed,Pellet,Left,0,0,459,2.0,0,FED
2020-07-23 16:18:29,3,3.8,6,Free_feed,Pellet,Left,0,0,460,0.0,0,FED
2020-07-23 16:18:33,3,3.8,1,Free_feed,Pellet,Left,0,0,461,0.0,0,FED
2020-07-23 16:18:44,3,3.8,6,Free_feed,Pellet,Left,0,0,462,1.0,0,FED
2020-07-23 16:19:15,3,3.79,2,Free_feed,Pellet,Left,0,0,463,27.0,0,FED
2020-07-23 16:19:27,3,3.79,7,Free_feed,Pellet,Left,0,0,464,0.0,0,FED
2020-07-23 16:19:40,3,3.8,2,Free_feed,Pellet,Left,0,0,465,8.0,0,FED
2020-07-23 16:19:52,3,3.8,2,Free_feed,Pellet,Left,0,0,466,8.0,0,FED
2020-07-23 16:20:22,3,3.8,20,Free_feed,Pellet,Left,0,0,467,3.0,0,FED
2020-07-23 16:20:37,3,3.79,6,Free_feed,Pellet,Left,0,0,468,1.0,0,FED
2020-07-23 16:20:50,3,3.79,1,Free_feed,Pellet,Left,0,0,469,10.0,0,FED
2020-07-23 16:21:07,3,3.8,3,Free_feed,Pellet,Left,0,0,470,11.0,0,FED
2020-07-23 16:21:22,3,3.79,1,Free_feed,Pellet,Left,0,0,471,12.0,0,FED
2020-07-23 16:21:54,3,3.79,20,Free_feed,Pellet,Left,0,0,472,3.0,0,FED
2020-07-23 16:22:09,3,3.79,6,Free_feed,Pellet,Left,0,0,473,1.0,0,FED
2020-07-23 16:22:24,3,3.8,1,Free_feed,Pellet,Left,0,0,474,12.0,0,FED
2020-07-23 16:22:40,3,3.8,1,Free_feed,Pellet,Left,0,0,475,13.0,0,FED
2020-07-23 16:23:00,3,3.79,3,Free_feed,Pellet,Left,0,0,476,14.0,0,FED
2020-07-23 16:23:15,3,3.79,2,Free_feed,Pellet,Left,0,0,477,10.0,0,FED
2020-07-23 16:27:42,3,3.79,20,Free_feed,Pellet,Left,0,0,478,0.0,0,FED
2020-07-23 16:27:53,3,3.79,3,Free_feed,Pellet,Left,0,0,479,4.0,0,FED
2020-07-23 16:28:12,3,3.8,1,Free_feed,Pellet,Left,0,0,480,16.0,0,FED
2020-07-23 16:28:27,3,3.8,3,Free_feed,Pellet,Left,0,0,481,9.0,0,FED
2020-07-23 17:47:35,3,3.79,20,Free_feed,Pellet,Left,0,0,482,0.0,0,FED
2020-07-23 17:48:14,3,3.8,3,Free_feed,Pellet,Left,0,0,483,13.0,0,FED
2020-07-23 17:48:18,3,3.8,1,Free_feed,Pellet,Left,0,0,484,1.0,0,FED
2020-07-23 17:48:33,3,3.79,1,Free_feed,Pellet,Left,0,0,485,12.0,0,FED
2020-07-23 17:48:52,3,3.8,1,Free_feed,Pellet,Left,0,0,486,16.0,0,FED
2020-07-23 19:21:42,3,3.8,1,Free_feed,Pellet,Left,0,0,487,54.0,0,FED
2020-07-23 19:21:46,3,3.79,1,Free_feed,Pellet,Left,0,0,488,1.0,0,FED
2020-07-23 19:22:00,3,3.79,1,Free_feed,Pellet,Left,0,0,489,11.0,0,FED
2020-07-23 19:22:34,3,3.79,3,Free_feed,Pellet,Left,0,0,490,28.0,0,FED
2020-07-23 19:22:38,3,3.79,1,Free_feed,Pellet,Left,0,0,491,1.0,0,FED
2020-07-23 19:22:56,3,3.79,1,Free_feed,Pellet,Left,0,0,492,15.0,0,FED
2020-07-23 19:23:11,3,3.79,6,Free_feed,Pellet,Left,0,0,493,1.0,0,FED
2020-07-23 19:23:16,3,3.79,2,Free_feed,Pellet,Left,0,0,494,0.0,0,FED
2020-07-23 19:23:32,3,3.79,3,Free_feed,Pellet,Left,0,0,495,10.0,0,FED
2020-07-23 19:23:52,3,3.78,1,Free_feed,Pellet,Left,0,0,496,17.0,0,FED
2020-07-23 19:24:10,3,3.79,6,Free_feed,Pellet,Left,0,0,497,4.0,0,FED
2020-07-23 19:24:29,3,3.79,1,Free_feed,Pellet,Left,0,0,498,16.0,0,FED
2020-07-23 19:24:46,3,3.78,1,Free_feed,Pellet,Left,0,0,499,14.0,0,FED
2020-07-23 19:25:03,3,3.79,1,Free_feed,Pellet,Left,0,0,500,14.0,0,FED
2020-07-23 19:25:24,3,3.78,1,Free_feed,Pellet,Left,0,0,501,18.0,0,FED
2020-07-23 19:25:44,3,3.79,1,Free_feed,Pellet,Left,0,0,502,17.0,0,FED
2020-07-23 19:25:48,3,3.79,1,Free_feed,Pellet,Left,0,0,503,2.0,0,FED
2020-07-23 19:26:08,3,3.79,1,Free_feed,Pellet,Left,0,0,504,17.0,0,FED
2020-07-23 20:52:23,3,3.8,2,Free_feed,Pellet,Left,0,0,505,0.0,0,FED
2020-07-23 20:53:39,3,3.79,1,Free_feed,Pellet,Left,0,0,506,73.0,0,FED
2020-07-23 20:53:55,3,3.78,2,Free_feed,Pellet,Left,0,0,507,11.0,0,FED
2020-07-23 20:53:58,3,3.78,1,Free_feed,Pellet,Left,0,0,508,0.0,0,FED
2020-07-23 20:54:13,3,3.79,1,Free_feed,Pellet,Left,0,0,509,12.0,0,FED
2020-07-23 20:54:24,3,3.78,1,Free_feed,Pellet,Left,0,0,510,8.0,0,FED
2020-07-23 20:54:45,3,3.78,1,Free_feed,Pellet,Left,0,0,511,18.0,0,FED
2020-07-23 20:55:04,3,3.78,1,Free_feed,Pellet,Left,0,0,512,16.0,0,FED
2020-07-23 20:55:08,3,3.78,1,Free_feed,Pellet,Left,0,0,513,1.0,0,FED
2020-07-23 20:55:22,3,3.78,1,Free_feed,Pellet,Left,0,0,514,11.0,0,FED
2020-07-23 20:55:41,3,3.78,2,Free_feed,Pellet,Left,0,0,515,13.0,0,FED
2020-07-23 20:56:08,3,3.78,1,Free_feed,Pellet,Left,0,0,516,25.0,0,FED
2020-07-23 20:56:22,3,3.78,1,Free_feed,Pellet,Left,0,0,517,11.0,0,FED
2020-07-23 22:01:02,3,3.79,1,Free_feed,Pellet,Left,0,0,518,0.0,0,FED
2020-07-23 22:01:06,3,3.78,1,Free_feed,Pellet,Left,0,0,519,1.0,0,FED
2020-07-23 22:01:21,3,3.78,2,Free_feed,Pellet,Left,0,0,520,10.0,0,FED
2020-07-23 22:01:35,3,3.78,2,Free_feed,Pellet,Left,0,0,521,9.0,0,FED
2020-07-23 22:01:52,3,3.78,1,Free_feed,Pellet,Left,0,0,522,14.0,0,FED
2020-07-23 22:02:21,3,3.78,20,Free_feed,Pellet,Left,0,0,523,2.0,0,FED
2020-07-23 22:02:38,3,3.78,3,Free_feed,Pellet,Left,0,0,524,10.0,0,FED
2020-07-23 22:02:58,3,3.78,2,Free_feed,Pellet,Left,0,0,525,14.0,0,FED
2020-07-23 22:03:16,3,3.78,1,Free_feed,Pellet,Left,0,0,526,16.0,0,FED
2020-07-23 22:03:58,3,3.77,3,Free_feed,Pellet,Left,0,0,527,35.0,0,FED
2020-07-23 22:04:02,3,3.78,1,Free_feed,Pellet,Left,0,0,528,1.0,0,FED
2020-07-23 22:04:37,3,3.78,20,Free_feed,Pellet,Left,0,0,529,6.0,0,FED
2020-07-23 22:04:58,3,3.78,8,Free_feed,Pellet,Left,0,0,530,3.0,0,FED
2020-07-23 22:05:16,3,3.78,1,Free_feed,Pellet,Left,0,0,531,15.0,0,FED
2020-07-23 22:05:24,3,3.78,1,Free_feed,Pellet,Left,0,0,532,5.0,0,FED
2020-07-23 22:05:29,3,3.78,1,Free_feed,Pellet,Left,0,0,533,2.0,0,FED
2020-07-23 22:05:53,3,3.78,3,Free_feed,Pellet,Left,0,0,534,18.0,0,FED
2020-07-23 22:49:38,3,3.78,1,Free_feed,Pellet,Left,0,0,535,0.0,0,FED
2020-07-23 22:49:41,3,3.78,1,Free_feed,Pellet,Left,0,0,536,1.0,0,FED
2020-07-23 22:49:45,3,3.78,1,Free_feed,Pellet,Left,0,0,537,1.0,0,FED
2020-07-23 22:50:01,3,3.78,1,Free_feed,Pellet,Left,0,0,538,12.0,0,FED
2020-07-23 22:50:15,3,3.78,1,Free_feed,Pellet,Left,0,0,539,11.0,0,FED
2020-07-23 22:50:28,3,3.78,1,Free_feed,Pellet,Left,0,0,540,10.0,0,FED
2020-07-23 22:50:44,3,3.78,1,Free_feed,Pellet,Left,0,0,541,12.0,0,FED
2020-07-23 22:51:18,3,3.78,2,Free_feed,Pellet,Left,0,0,542,30.0,0,FED
2020-07-23 22:51:29,3,3.78,1,Free_feed,Pellet,Left,0,0,543,9.0,0,FED
2020-07-23 22:51:46,3,3.78,1,Free_feed,Pellet,Left,0,0,544,14.0,0,FED
2020-07-23 22:52:06,3,3.78,1,Free_feed,Pellet,Left,0,0,545,17.0,0,FED
2020-07-23 22:52:10,3,3.78,1,Free_feed,Pellet,Left,0,0,546,1.0,0,FED
2020-07-23 22:52:27,3,3.78,1,Free_feed,Pellet,Left,0,0,547,15.0,0,FED
2020-07-23 22:52:44,3,3.78,1,Free_feed,Pellet,Left,0,0,548,14.0,0,FED
2020-07-23 22:53:05,3,3.78,2,Free_feed,Pellet,Left,0,0,549,16.0,0,FED
2020-07-23 22:53:27,3,3.77,2,Free_feed,Pellet,Left,0,0,550,18.0,0,FED
2020-07-23 23:09:15,3,3.78,1,Free_feed,Pellet,Left,0,0,551,7.0,0,FED
2020-07-23 23:09:43,3,3.78,1,Free_feed,Pellet,Left,0,0,552,25.0,0,FED
2020-07-23 23:10:22,3,3.77,1,Free_feed,Pellet,Left,0,0,553,36.0,0,FED
2020-07-23 23:10:26,3,3.78,1,Free_feed,Pellet,Left,0,0,554,2.0,0,FED
2020-07-23 23:10:40,3,3.78,2,Free_feed,Pellet,Left,0,0,555,10.0,0,FED
2020-07-23 23:11:30,3,3.78,1,Free_feed,Pellet,Left,0,0,556,1.0,0,FED
2020-07-23 23:11:45,3,3.78,1,Free_feed,Pellet,Left,0,0,557,13.0,0,FED
2020-07-23 23:11:59,3,3.77,1,Free_feed,Pellet,Left,0,0,558,11.0,0,FED
2020-07-23 23:12:13,3,3.77,6,Free_feed,Pellet,Left,0,0,559,1.0,0,FED
2020-07-23 23:12:20,3,3.77,3,Free_feed,Pellet,Left,0,0,560,0.0,0,FED
2020-07-23 23:12:36,3,3.77,7,Free_feed,Pellet,Left,0,0,561,2.0,0,FED
2020-07-23 23:12:54,3,3.77,1,Free_feed,Pellet,Left,0,0,562,15.0,0,FED
2020-07-23 23:13:11,3,3.78,1,Free_feed,Pellet,Left,0,0,563,15.0,0,FED
2020-07-23 23:13:15,3,3.77,1,Free_feed,Pellet,Left,0,0,564,1.0,0,FED
2020-07-23 23:13:31,3,3.78,1,Free_feed,Pellet,Left,0,0,565,13.0,0,FED
2020-07-23 23:13:49,3,3.78,1,Free_feed,Pellet,Left,0,0,566,15.0,0,FED
2020-07-23 23:14:09,3,3.78,1,Free_feed,Pellet,Left,0,0,567,17.0,0,FED
2020-07-23 23:14:31,3,3.77,1,Free_feed,Pellet,Left,0,0,568,18.0,0,FED
2020-07-23 23:14:49,3,3.77,1,Free_feed,Pellet,Left,0,0,569,16.0,0,FED
2020-07-23 23:14:54,3,3.78,1,Free_feed,Pellet,Left,0,0,570,2.0,0,FED
2020-07-23 23:15:17,3,3.78,2,Free_feed,Pellet,Left,0,0,571,18.0,0,FED
2020-07-23 23:15:36,3,3.78,1,Free_feed,Pellet,Left,0,0,572,16.0,0,FED
2020-07-23 23:15:55,3,3.77,1,Free_feed,Pellet,Left,0,0,573,17.0,0,FED
2020-07-23 23:16:17,3,3.78,1,Free_feed,Pellet,Left,0,0,574,19.0,0,FED
2020-07-23 23:16:38,3,3.78,6,Free_feed,Pellet,Left,0,0,575,7.0,0,FED
2020-07-23 23:48:47,3,3.77,1,Free_feed,Pellet,Left,0,0,576,0.0,0,FED
2020-07-23 23:49:07,3,3.78,1,Free_feed,Pellet,Left,0,0,577,17.0,0,FED
2020-07-23 23:49:21,3,3.78,1,Free_feed,Pellet,Left,0,0,578,12.0,0,FED
2020-07-23 23:49:30,3,3.77,1,Free_feed,Pellet,Left,0,0,579,7.0,0,FED
2020-07-23 23:49:46,3,3.77,1,Free_feed,Pellet,Left,0,0,580,13.0,0,FED
2020-07-23 23:49:49,3,3.77,1,Free_feed,Pellet,Left,0,0,581,1.0,0,FED
2020-07-23 23:50:03,3,3.78,1,Free_feed,Pellet,Left,0,0,582,11.0,0,FED
2020-07-23 23:50:20,3,3.78,1,Free_feed,Pellet,Left,0,0,583,15.0,0,FED
2020-07-23 23:50:38,3,3.78,1,Free_feed,Pellet,Left,0,0,584,15.0,0,FED
2020-07-23 23:50:58,3,3.77,1,Free_feed,Pellet,Left,0,0,585,18.0,0,FED
2020-07-23 23:51:18,3,3.77,1,Free_feed,Pellet,Left,0,0,586,17.0,0,FED
2020-07-23 23:51:37,3,3.78,1,Free_feed,Pellet,Left,0,0,587,17.0,0,FED
2020-07-23 23:52:42,3,3.77,2,Free_feed,Pellet,Left,0,0,588,61.0,0,FED
2020-07-23 23:53:21,3,3.78,4,Free_feed,Pellet,Left,0,0,589,31.0,0,FED
2020-07-23 23:53:43,3,3.78,1,Free_feed,Pellet,Left,0,0,590,19.0,0,FED
2020-07-23 23:58:08,3,3.77,1,Free_feed,Pellet,Left,0,0,591,0.0,0,FED
2020-07-23 23:59:18,3,3.78,2,Free_feed,Pellet,Left,0,0,592,66.0,0,FED
2020-07-24 00:29:04,3,3.77,1,Free_feed,Pellet,Left,0,0,593,0.0,0,FED
2020-07-24 00:55:21,3,3.77,1,Free_feed,Pellet,Left,0,0,594,0.0,0,FED
2020-07-24 00:55:25,3,3.77,1,Free_feed,Pellet,Left,0,0,595,1.0,0,FED
2020-07-24 00:55:37,3,3.77,1,Free_feed,Pellet,Left,0,0,596,9.0,0,FED
2020-07-24 00:55:53,3,3.78,1,Free_feed,Pellet,Left,0,0,597,14.0,0,FED
2020-07-24 00:55:59,3,3.78,2,Free_feed,Pellet,Left,0,0,598,1.0,0,FED
2020-07-24 00:56:12,3,3.76,1,Free_feed,Pellet,Left,0,0,599,10.0,0,FED
2020-07-24 00:56:28,3,3.77,1,Free_feed,Pellet,Left,0,0,600,14.0,0,FED
2020-07-24 00:56:44,3,3.77,1,Free_feed,Pellet,Left,0,0,601,13.0,0,FED
2020-07-24 00:57:00,3,3.77,1,Free_feed,Pellet,Left,0,0,602,13.0,0,FED
2020-07-24 00:57:16,3,3.77,1,Free_feed,Pellet,Left,0,0,603,13.0,0,FED
2020-07-24 00:57:30,3,3.77,1,Free_feed,Pellet,Left,0,0,604,11.0,0,FED
2020-07-24 00:57:45,3,3.77,2,Free_feed,Pellet,Left,0,0,605,9.0,0,FED
2020-07-24 00:58:50,3,3.77,1,Free_feed,Pellet,Left,0,0,606,63.0,0,FED
2020-07-24 00:58:54,3,3.77,1,Free_feed,Pellet,Left,0,0,607,1.0,0,FED
2020-07-24 00:58:59,3,3.77,1,Free_feed,Pellet,Left,0,0,608,2.0,0,FED
2020-07-24 00:59:07,3,3.77,1,Free_feed,Pellet,Left,0,0,609,5.0,0,FED
2020-07-24 00:59:20,3,3.77,1,Free_feed,Pellet,Left,0,0,610,10.0,0,FED
2020-07-24 00:59:40,3,3.76,1,Free_feed,Pellet,Left,0,0,611,16.0,0,FED
2020-07-24 00:59:57,3,3.77,1,Free_feed,Pellet,Left,0,0,612,15.0,0,FED
2020-07-24 01:01:25,3,3.77,1,Free_feed,Pellet,Left,0,0,613,85.0,0,FED
2020-07-24 02:48:25,3,3.77,1,Free_feed,Pellet,Left,0,0,614,0.0,0,FED
2020-07-24 02:48:44,3,3.77,2,Free_feed,Pellet,Left,0,0,615,15.0,0,FED
2020-07-24 02:48:59,3,3.76,1,Free_feed,Pellet,Left,0,0,616,12.0,0,FED
2020-07-24 02:49:15,3,3.76,1,Free_feed,Pellet,Left,0,0,617,13.0,0,FED
2020-07-24 02:49:19,3,3.76,1,Free_feed,Pellet,Left,0,0,618,1.0,0,FED
2020-07-24 02:49:35,3,3.76,1,Free_feed,Pellet,Left,0,0,619,13.0,0,FED
2020-07-24 02:49:46,3,3.76,1,Free_feed,Pellet,Left,0,0,620,9.0,0,FED
2020-07-24 02:50:07,3,3.77,1,Free_feed,Pellet,Left,0,0,621,18.0,0,FED
2020-07-24 02:50:23,3,3.76,1,Free_feed,Pellet,Left,0,0,622,13.0,0,FED
2020-07-24 02:50:43,3,3.76,1,Free_feed,Pellet,Left,0,0,623,17.0,0,FED
2020-07-24 02:51:04,3,3.76,1,Free_feed,Pellet,Left,0,0,624,19.0,0,FED
2020-07-24 02:51:22,3,3.76,1,Free_feed,Pellet,Left,0,0,625,15.0,0,FED
2020-07-24 02:51:26,3,3.76,1,Free_feed,Pellet,Left,0,0,626,0.0,0,FED
2020-07-24 02:51:30,3,3.77,1,Free_feed,Pellet,Left,0,0,627,1.0,0,FED
2020-07-24 02:51:35,3,3.76,1,Free_feed,Pellet,Left,0,0,628,2.0,0,FED
2020-07-24 02:51:57,3,3.76,1,Free_feed,Pellet,Left,0,0,629,19.0,0,FED
2020-07-24 02:52:13,3,3.76,1,Free_feed,Pellet,Left,0,0,630,13.0,0,FED
2020-07-24 02:52:36,3,3.76,1,Free_feed,Pellet,Left,0,0,631,21.0,0,FED
2020-07-24 02:52:57,3,3.76,1,Free_feed,Pellet,Left,0,0,632,19.0,0,FED
2020-07-24 04:43:09,3,3.76,2,Free_feed,Pellet,Left,0,0,633,0.0,0,FED
2020-07-24 04:43:13,3,3.76,1,Free_feed,Pellet,Left,0,0,634,1.0,0,FED
2020-07-24 04:43:31,3,3.76,1,Free_feed,Pellet,Left,0,0,635,15.0,0,FED
2020-07-24 04:43:46,3,3.76,1,Free_feed,Pellet,Left,0,0,636,12.0,0,FED
2020-07-24 04:44:07,3,3.76,1,Free_feed,Pellet,Left,0,0,637,18.0,0,FED
2020-07-24 04:44:23,3,3.76,1,Free_feed,Pellet,Left,0,0,638,13.0,0,FED
2020-07-24 04:44:45,3,3.76,1,Free_feed,Pellet,Left,0,0,639,18.0,0,FED
2020-07-24 04:45:00,3,3.76,1,Free_feed,Pellet,Left,0,0,640,12.0,0,FED
2020-07-24 04:45:20,3,3.76,1,Free_feed,Pellet,Left,0,0,641,18.0,0,FED
2020-07-24 04:45:42,3,3.76,1,Free_feed,Pellet,Left,0,0,642,19.0,0,FED
2020-07-24 04:46:02,3,3.76,1,Free_feed,Pellet,Left,0,0,643,17.0,0,FED
2020-07-24 06:31:46,3,3.75,1,Free_feed,Pellet,Left,0,0,644,0.0,0,FED
2020-07-24 06:31:52,3,3.75,2,Free_feed,Pellet,Left,0,0,645,1.0,0,FED
2020-07-24 06:31:55,3,3.75,1,Free_feed,Pellet,Left,0,0,646,1.0,0,FED
2020-07-24 06:31:59,3,3.75,1,Free_feed,Pellet,Left,0,0,647,1.0,0,FED
2020-07-24 06:32:33,3,3.75,1,Free_feed,Pellet,Left,0,0,648,31.0,0,FED
2020-07-24 06:33:03,3,3.75,1,Free_feed,Pellet,Left,0,0,649,27.0,0,FED
2020-07-24 06:33:23,3,3.75,3,Free_feed,Pellet,Left,0,0,650,14.0,0,FED
2020-07-24 06:33:29,3,3.76,2,Free_feed,Pellet,Left,0,0,651,2.0,0,FED
2020-07-24 06:33:45,3,3.75,1,Free_feed,Pellet,Left,0,0,652,13.0,0,FED
2020-07-24 06:34:03,3,3.75,1,Free_feed,Pellet,Left,0,0,653,15.0,0,FED
2020-07-24 06:34:23,3,3.75,1,Free_feed,Pellet,Left,0,0,654,18.0,0,FED
2020-07-24 06:34:43,3,3.75,1,Free_feed,Pellet,Left,0,0,655,17.0,0,FED
2020-07-24 06:35:00,3,3.75,1,Free_feed,Pellet,Left,0,0,656,14.0,0,FED
2020-07-24 06:35:17,3,3.75,1,Free_feed,Pellet,Left,0,0,657,14.0,0,FED
2020-07-24 06:35:42,3,3.76,1,Free_feed,Pellet,Left,0,0,658,22.0,0,FED
2020-07-24 06:35:51,3,3.76,1,Free_feed,Pellet,Left,0,0,659,6.0,0,FED
2020-07-24 06:36:10,3,3.76,1,Free_feed,Pellet,Left,0,0,660,16.0,0,FED
2020-07-24 06:36:24,3,3.75,1,Free_feed,Pellet,Left,0,0,661,11.0,0,FED
2020-07-24 09:41:32,3,3.75,1,Free_feed,Pellet,Left,0,0,662,0.0,0,FED
2020-07-24 11:46:04,3,3.74,2,Free_feed,Pellet,Left,0,0,663,0.0,0,FED
2020-07-24 11:46:20,3,3.74,1,Free_feed,Pellet,Left,0,0,664,14.0,0,FED
2020-07-24 11:46:36,3,3.74,1,Free_feed,Pellet,Left,0,0,665,13.0,0,FED
2020-07-24 11:46:40,3,3.73,1,Free_feed,Pellet,Left,0,0,666,1.0,0,FED
2020-07-24 11:46:54,3,3.74,1,Free_feed,Pellet,Left,0,0,667,11.0,0,FED
2020-07-24 11:47:12,3,3.74,1,Free_feed,Pellet,Left,0,0,668,15.0,0,FED
2020-07-24 12:00:04,3,3.74,1,Free_feed,Pellet,Left,0,0,669,0.0,0,FED
2020-07-24 12:00:27,3,3.73,1,Free_feed,Pellet,Left,0,0,670,20.0,0,FED
2020-07-24 12:00:43,3,3.74,1,Free_feed,Pellet,Left,0,0,671,13.0,0,FED
2020-07-24 12:00:46,3,3.74,1,Free_feed,Pellet,Left,0,0,672,0.0,0,FED
2020-07-24 12:01:02,3,3.74,1,Free_feed,Pellet,Left,0,0,673,13.0,0,FED
2020-07-24 12:01:07,3,3.74,1,Free_feed,Pellet,Left,0,0,674,2.0,0,FED
2020-07-24 12:01:29,3,3.74,2,Free_feed,Pellet,Left,0,0,675,18.0,0,FED
2020-07-24 12:01:56,3,3.73,1,Free_feed,Pellet,Left,0,0,676,24.0,0,FED
2020-07-24 12:02:28,3,3.74,1,Free_feed,Pellet,Left,0,0,677,29.0,0,FED
2020-07-24 12:02:47,3,3.74,1,Free_feed,Pellet,Left,0,0,678,16.0,0,FED
2020-07-24 14:33:48,3,3.74,1,Free_feed,Pellet,Left,0,0,679,0.0,0,FED
2020-07-24 16:24:12,3,3.73,1,Free_feed,Pellet,Left,0,0,680,0.0,0,FED
2020-07-24 16:24:17,3,3.73,2,Free_feed,Pellet,Left,0,0,681,0.0,0,FED
2020-07-24 16:24:35,3,3.72,1,Free_feed,Pellet,Left,0,0,682,15.0,0,FED
2020-07-24 16:24:50,3,3.73,2,Free_feed,Pellet,Left,0,0,683,11.0,0,FED
2020-07-24 16:24:55,3,3.72,1,Free_feed,Pellet,Left,0,0,684,3.0,0,FED
2020-07-24 16:25:12,3,3.72,1,Free_feed,Pellet,Left,0,0,685,14.0,0,FED
2020-07-24 16:25:33,3,3.72,1,Free_feed,Pellet,Left,0,0,686,17.0,0,FED
2020-07-24 16:25:47,3,3.72,1,Free_feed,Pellet,Left,0,0,687,12.0,0,FED
2020-07-24 16:26:07,3,3.72,7,Free_feed,Pellet,Left,0,0,688,4.0,0,FED
2020-07-24 16:26:29,3,3.72,1,Free_feed,Pellet,Left,0,0,689,18.0,0,FED
2020-07-24 16:26:35,3,3.72,1,Free_feed,Pellet,Left,0,0,690,4.0,0,FED
2020-07-24 16:27:05,3,3.72,1,Free_feed,Pellet,Left,0,0,691,27.0,0,FED
2020-07-24 16:27:17,3,3.72,2,Free_feed,Pellet,Left,0,0,692,7.0,0,FED
2020-07-24 16:27:53,3,3.72,1,Free_feed,Pellet,Left,0,0,693,24.0,0,FED
2020-07-24 19:59:30,3,3.72,1,Free_feed,Pellet,Left,0,0,694,0.0,0,FED
2020-07-24 19:59:35,3,3.7,1,Free_feed,Pellet,Left,0,0,695,2.0,0,FED
2020-07-24 19:59:50,3,3.71,1,Free_feed,Pellet,Left,0,0,696,13.0,0,FED
2020-07-24 20:00:04,3,3.7,1,Free_feed,Pellet,Left,0,0,697,11.0,0,FED
2020-07-24 20:00:19,3,3.71,1,Free_feed,Pellet,Left,0,0,698,12.0,0,FED
2020-07-24 20:00:37,3,3.71,1,Free_feed,Pellet,Left,0,0,699,15.0,0,FED
2020-07-24 20:00:58,3,3.7,1,Free_feed,Pellet,Left,0,0,700,17.0,0,FED
2020-07-24 20:01:15,3,3.71,1,Free_feed,Pellet,Left,0,0,701,15.0,0,FED
2020-07-24 20:01:34,3,3.71,1,Free_feed,Pellet,Left,0,0,702,17.0,0,FED
2020-07-24 20:01:56,3,3.71,1,Free_feed,Pellet,Left,0,0,703,19.0,0,FED
2020-07-24 20:02:00,3,3.71,1,Free_feed,Pellet,Left,0,0,704,1.0,0,FED
2020-07-24 20:02:21,3,3.71,1,Free_feed,Pellet,Left,0,0,705,19.0,0,FED
2020-07-24 20:03:01,3,3.71,1,Free_feed,Pellet,Left,0,0,706,38.0,0,FED
2020-07-24 20:03:12,3,3.71,1,Free_feed,Pellet,Left,0,0,707,8.0,0,FED
2020-07-24 20:03:31,3,3.71,1,Free_feed,Pellet,Left,0,0,708,16.0,0,FED
2020-07-24 22:22:45,3,3.69,1,Free_feed,Pellet,Left,0,0,709,0.0,0,FED
2020-07-24 22:22:49,3,3.69,1,Free_feed,Pellet,Left,0,0,710,1.0,0,FED
2020-07-24 22:23:09,3,3.7,1,Free_feed,Pellet,Left,0,0,711,17.0,0,FED
2020-07-24 22:23:13,3,3.7,1,Free_feed,Pellet,Left,0,0,712,0.0,0,FED
2020-07-24 22:23:27,3,3.69,1,Free_feed,Pellet,Left,0,0,713,12.0,0,FED
2020-07-24 22:23:44,3,3.7,2,Free_feed,Pellet,Left,0,0,714,12.0,0,FED
2020-07-24 22:24:02,3,3.69,1,Free_feed,Pellet,Left,0,0,715,15.0,0,FED
2020-07-24 22:24:22,3,3.69,1,Free_feed,Pellet,Left,0,0,716,17.0,0,FED
2020-07-24 22:24:47,3,3.69,1,Free_feed,Pellet,Left,0,0,717,22.0,0,FED
2020-07-24 22:25:08,3,3.69,1,Free_feed,Pellet,Left,0,0,718,19.0,0,FED
2020-07-24 22:25:28,3,3.69,1,Free_feed,Pellet,Left,0,0,719,16.0,0,FED
2020-07-24 22:25:49,3,3.7,1,Free_feed,Pellet,Left,0,0,720,19.0,0,FED
2020-07-24 22:26:11,3,3.69,1,Free_feed,Pellet,Left,0,0,721,19.0,0,FED
2020-07-24 22:26:31,3,3.7,1,Free_feed,Pellet,Left,0,0,722,17.0,0,FED
2020-07-24 22:26:49,3,3.69,1,Free_feed,Pellet,Left,0,0,723,15.0,0,FED
2020-07-24 22:27:14,3,3.69,1,Free_feed,Pellet,Left,0,0,724,22.0,0,FED
2020-07-24 22:27:35,3,3.69,1,Free_feed,Pellet,Left,0,0,725,19.0,0,FED
2020-07-24 22:27:58,3,3.7,2,Free_feed,Pellet,Left,0,0,726,18.0,0,FED
2020-07-24 22:28:04,3,3.69,1,Free_feed,Pellet,Left,0,0,727,3.0,0,FED
2020-07-24 22:28:07,3,3.69,1,Free_feed,Pellet,Left,0,0,728,0.0,0,FED
2020-07-24 23:06:52,3,3.69,1,Free_feed,Pellet,Left,0,0,729,0.0,0,FED
2020-07-24 23:07:11,3,3.69,1,Free_feed,Pellet,Left,0,0,730,16.0,0,FED
2020-07-24 23:07:43,3,3.69,1,Free_feed,Pellet,Left,0,0,731,16.0,0,FED
2020-07-24 23:07:46,3,3.69,1,Free_feed,Pellet,Left,0,0,732,1.0,0,FED
2020-07-24 23:08:11,3,3.69,1,Free_feed,Pellet,Left,0,0,733,22.0,0,FED
2020-07-24 23:08:15,3,3.69,1,Free_feed,Pellet,Left,0,0,734,1.0,0,FED
2020-07-24 23:08:29,3,3.69,1,Free_feed,Pellet,Left,0,0,735,11.0,0,FED
2020-07-24 23:08:52,3,3.69,1,Free_feed,Pellet,Left,0,0,736,21.0,0,FED
2020-07-24 23:34:04,3,3.69,1,Free_feed,Pellet,Left,0,0,737,0.0,0,FED
2020-07-24 23:34:08,3,3.69,1,Free_feed,Pellet,Left,0,0,738,1.0,0,FED
2020-07-24 23:34:27,3,3.69,1,Free_feed,Pellet,Left,0,0,739,16.0,0,FED
2020-07-24 23:35:01,3,3.69,2,Free_feed,Pellet,Left,0,0,740,29.0,0,FED
2020-07-24 23:35:05,3,3.69,1,Free_feed,Pellet,Left,0,0,741,1.0,0,FED
2020-07-24 23:35:25,3,3.69,1,Free_feed,Pellet,Left,0,0,742,16.0,0,FED
2020-07-24 23:35:28,3,3.69,1,Free_feed,Pellet,Left,0,0,743,1.0,0,FED
2020-07-24 23:35:42,3,3.69,1,Free_feed,Pellet,Left,0,0,744,10.0,0,FED
2020-07-24 23:36:33,3,3.69,1,Free_feed,Pellet,Left,0,0,745,49.0,0,FED
2020-07-24 23:36:36,3,3.69,1,Free_feed,Pellet,Left,0,0,746,0.0,0,FED
2020-07-24 23:36:55,3,3.69,1,Free_feed,Pellet,Left,0,0,747,16.0,0,FED
2020-07-25 01:07:57,3,3.68,1,Free_feed,Pellet,Left,0,0,748,0.0,0,FED
2020-07-25 01:08:01,3,3.69,1,Free_feed,Pellet,Left,0,0,749,1.0,0,FED
2020-07-25 01:08:13,3,3.69,1,Free_feed,Pellet,Left,0,0,750,9.0,0,FED
2020-07-25 01:08:20,3,3.69,1,Free_feed,Pellet,Left,0,0,751,4.0,0,FED
2020-07-25 01:08:34,3,3.69,1,Free_feed,Pellet,Left,0,0,752,11.0,0,FED
2020-07-25 01:08:43,3,3.69,1,Free_feed,Pellet,Left,0,0,753,6.0,0,FED
2020-07-25 01:08:57,3,3.69,1,Free_feed,Pellet,Left,0,0,754,11.0,0,FED
2020-07-25 01:09:10,3,3.68,1,Free_feed,Pellet,Left,0,0,755,10.0,0,FED
2020-07-25 01:09:25,3,3.68,2,Free_feed,Pellet,Left,0,0,756,10.0,0,FED
2020-07-25 01:09:41,3,3.69,1,Free_feed,Pellet,Left,0,0,757,14.0,0,FED
2020-07-25 01:09:57,3,3.69,1,Free_feed,Pellet,Left,0,0,758,14.0,0,FED
2020-07-25 01:10:18,3,3.69,1,Free_feed,Pellet,Left,0,0,759,19.0,0,FED
2020-07-25 01:10:33,3,3.69,1,Free_feed,Pellet,Left,0,0,760,13.0,0,FED
2020-07-25 01:10:50,3,3.68,1,Free_feed,Pellet,Left,0,0,761,14.0,0,FED
2020-07-25 01:11:08,3,3.69,1,Free_feed,Pellet,Left,0,0,762,15.0,0,FED
2020-07-25 01:11:23,3,3.68,1,Free_feed,Pellet,Left,0,0,763,12.0,0,FED
2020-07-25 01:11:40,3,3.68,1,Free_feed,Pellet,Left,0,0,764,14.0,0,FED
2020-07-25 01:11:56,3,3.69,1,Free_feed,Pellet,Left,0,0,765,13.0,0,FED
2020-07-25 01:12:16,3,3.69,1,Free_feed,Pellet,Left,0,0,766,17.0,0,FED
2020-07-25 01:12:34,3,3.68,1,Free_feed,Pellet,Left,0,0,767,15.0,0,FED
2020-07-25 01:12:58,3,3.69,1,Free_feed,Pellet,Left,0,0,768,21.0,0,FED
2020-07-25 01:13:03,3,3.68,1,Free_feed,Pellet,Left,0,0,769,1.0,0,FED
2020-07-25 01:13:06,3,3.68,1,Free_feed,Pellet,Left,0,0,770,1.0,0,FED
2020-07-25 01:13:24,3,3.69,1,Free_feed,Pellet,Left,0,0,771,15.0,0,FED
2020-07-25 01:13:43,3,3.69,1,Free_feed,Pellet,Left,0,0,772,15.0,0,FED
2020-07-25 01:14:01,3,3.69,1,Free_feed,Pellet,Left,0,0,773,16.0,0,FED
2020-07-25 01:14:21,3,3.69,1,Free_feed,Pellet,Left,0,0,774,17.0,0,FED
2020-07-25 01:15:00,3,3.69,1,Free_feed,Pellet,Left,0,0,775,36.0,0,FED
2020-07-25 02:31:38,3,3.69,1,Free_feed,Pellet,Left,0,0,776,0.0,0,FED
2020-07-25 02:31:53,3,3.68,1,Free_feed,Pellet,Left,0,0,777,12.0,0,FED
2020-07-25 02:31:56,3,3.68,1,Free_feed,Pellet,Left,0,0,778,0.0,0,FED
2020-07-25 02:32:15,3,3.68,4,Free_feed,Pellet,Left,0,0,779,11.0,0,FED
2020-07-25 02:32:55,3,3.68,1,Free_feed,Pellet,Left,0,0,780,37.0,0,FED
2020-07-25 02:33:08,3,3.68,1,Free_feed,Pellet,Left,0,0,781,10.0,0,FED
2020-07-25 02:33:44,3,3.69,1,Free_feed,Pellet,Left,0,0,782,33.0,0,FED
2020-07-25 02:34:03,3,3.67,2,Free_feed,Pellet,Left,0,0,783,15.0,0,FED
2020-07-25 02:34:20,3,3.68,1,Free_feed,Pellet,Left,0,0,784,15.0,0,FED
2020-07-25 02:34:40,3,3.67,1,Free_feed,Pellet,Left,0,0,785,17.0,0,FED
2020-07-25 02:34:45,3,3.68,1,Free_feed,Pellet,Left,0,0,786,1.0,0,FED
2020-07-25 02:35:04,3,3.68,1,Free_feed,Pellet,Left,0,0,787,16.0,0,FED
2020-07-25 02:35:23,3,3.69,1,Free_feed,Pellet,Left,0,0,788,16.0,0,FED
2020-07-25 02:35:43,3,3.68,1,Free_feed,Pellet,Left,0,0,789,18.0,0,FED
2020-07-25 02:36:04,3,3.68,1,Free_feed,Pellet,Left,0,0,790,18.0,0,FED
2020-07-25 03:41:51,3,3.67,3,Free_feed,Pellet,Left,0,0,791,0.0,0,FED
2020-07-25 03:42:00,3,3.67,1,Free_feed,Pellet,Left,0,0,792,7.0,0,FED
2020-07-25 03:42:19,3,3.67,1,Free_feed,Pellet,Left,0,0,793,15.0,0,FED
2020-07-25 03:42:23,3,3.68,1,Free_feed,Pellet,Left,0,0,794,1.0,0,FED
2020-07-25 03:43:01,3,3.68,1,Free_feed,Pellet,Left,0,0,795,36.0,0,FED
2020-07-25 03:43:05,3,3.68,1,Free_feed,Pellet,Left,0,0,796,1.0,0,FED
2020-07-25 03:43:26,3,3.67,1,Free_feed,Pellet,Left,0,0,797,18.0,0,FED
2020-07-25 03:43:44,3,3.68,1,Free_feed,Pellet,Left,0,0,798,15.0,0,FED
2020-07-25 03:44:02,3,3.67,1,Free_feed,Pellet,Left,0,0,799,15.0,0,FED
2020-07-25 03:44:22,3,3.67,1,Free_feed,Pellet,Left,0,0,800,17.0,0,FED
2020-07-25 03:44:35,3,3.68,1,Free_feed,Pellet,Left,0,0,801,10.0,0,FED
2020-07-25 03:44:40,3,3.67,1,Free_feed,Pellet,Left,0,0,802,2.0,0,FED
2020-07-25 03:44:58,3,3.67,1,Free_feed,Pellet,Left,0,0,803,15.0,0,FED
2020-07-25 03:45:16,3,3.67,1,Free_feed,Pellet,Left,0,0,804,15.0,0,FED
2020-07-25 03:45:35,3,3.67,1,Free_feed,Pellet,Left,0,0,805,17.0,0,FED
2020-07-25 03:46:05,3,3.67,1,Free_feed,Pellet,Left,0,0,806,27.0,0,FED
2020-07-25 03:46:25,3,3.68,1,Free_feed,Pellet,Left,0,0,807,16.0,0,FED
2020-07-25 03:46:44,3,3.67,2,Free_feed,Pellet,Left,0,0,808,15.0,0,FED
2020-07-25 03:47:08,3,3.67,1,Free_feed,Pellet,Left,0,0,809,21.0,0,FED
2020-07-25 03:47:31,3,3.68,3,Free_feed,Pellet,Left,0,0,810,17.0,0,FED
2020-07-25 03:47:57,3,3.67,1,Free_feed,Pellet,Left,0,0,811,24.0,0,FED
2020-07-25 07:56:04,3,3.68,1,Free_feed,Pellet,Left,0,0,812,0.0,0,FED
2020-07-25 07:56:08,3,3.67,1,Free_feed,Pellet,Left,0,0,813,1.0,0,FED
2020-07-25 07:56:28,3,3.67,1,Free_feed,Pellet,Left,0,0,814,18.0,0,FED
2020-07-25 07:56:32,3,3.67,1,Free_feed,Pellet,Left,0,0,815,1.0,0,FED
2020-07-25 07:56:36,3,3.66,1,Free_feed,Pellet,Left,0,0,816,1.0,0,FED
2020-07-25 07:56:55,3,3.66,3,Free_feed,Pellet,Left,0,0,817,12.0,0,FED
2020-07-25 07:57:09,3,3.67,1,Free_feed,Pellet,Left,0,0,818,11.0,0,FED
2020-07-25 07:57:24,3,3.67,1,Free_feed,Pellet,Left,0,0,819,12.0,0,FED
2020-07-25 07:57:41,3,3.67,1,Free_feed,Pellet,Left,0,0,820,14.0,0,FED
2020-07-25 07:57:59,3,3.67,1,Free_feed,Pellet,Left,0,0,821,15.0,0,FED
2020-07-25 07:58:18,3,3.67,1,Free_feed,Pellet,Left,0,0,822,16.0,0,FED
2020-07-25 07:58:22,3,3.66,1,Free_feed,Pellet,Left,0,0,823,2.0,0,FED
2020-07-25 07:58:26,3,3.67,1,Free_feed,Pellet,Left,0,0,824,2.0,0,FED
2020-07-25 07:58:46,3,3.66,1,Free_feed,Pellet,Left,0,0,825,17.0,0,FED
2020-07-25 07:59:07,3,3.68,2,Free_feed,Pellet,Left,0,0,826,15.0,0,FED
2020-07-25 07:59:25,3,3.66,2,Free_feed,Pellet,Left,0,0,827,14.0,0,FED
2020-07-25 07:59:50,3,3.67,1,Free_feed,Pellet,Left,0,0,828,22.0,0,FED
2020-07-25 08:00:10,3,3.66,1,Free_feed,Pellet,Left,0,0,829,17.0,0,FED
2020-07-25 08:00:14,3,3.67,1,Free_feed,Pellet,Left,0,0,830,2.0,0,FED
2020-07-25 08:00:42,3,3.67,1,Free_feed,Pellet,Left,0,0,831,25.0,0,FED
2020-07-25 13:21:31,3,3.65,3,Free_feed,Pellet,Left,0,0,832,0.0,0,FED
2020-07-25 14:04:30,3,3.65,5,Free_feed,Pellet,Left,0,0,833,0.0,0,FED
2020-07-25 14:04:37,3,3.65,3,Free_feed,Pellet,Left,0,0,834,1.0,0,FED
2020-07-25 14:05:08,3,3.65,20,Free_feed,Pellet,Left,0,0,835,1.0,0,FED
2020-07-25 14:05:22,3,3.65,3,Free_feed,Pellet,Left,0,0,836,8.0,0,FED
2020-07-25 14:05:43,3,3.65,1,Free_feed,Pellet,Left,0,0,837,18.0,0,FED
2020-07-25 14:05:56,3,3.65,2,Free_feed,Pellet,Left,0,0,838,8.0,0,FED
2020-07-25 14:06:00,3,3.65,1,Free_feed,Pellet,Left,0,0,839,1.0,0,FED
2020-07-25 14:06:17,3,3.65,1,Free_feed,Pellet,Left,0,0,840,13.0,0,FED
2020-07-25 14:06:32,3,3.65,2,Free_feed,Pellet,Left,0,0,841,11.0,0,FED
2020-07-25 14:06:36,3,3.65,1,Free_feed,Pellet,Left,0,0,842,1.0,0,FED
2020-07-25 14:06:51,3,3.65,1,Free_feed,Pellet,Left,0,0,843,12.0,0,FED
2020-07-25 14:07:06,3,3.65,1,Free_feed,Pellet,Left,0,0,844,12.0,0,FED
2020-07-25 14:07:25,3,3.65,1,Free_feed,Pellet,Left,0,0,845,16.0,0,FED
2020-07-25 14:07:44,3,3.65,2,Free_feed,Pellet,Left,0,0,846,15.0,0,FED
2020-07-25 14:08:02,3,3.65,1,Free_feed,Pellet,Left,0,0,847,15.0,0,FED
2020-07-25 14:08:19,3,3.65,1,Free_feed,Pellet,Left,0,0,848,15.0,0,FED
2020-07-25 17:09:23,3,3.65,1,Free_feed,Pellet,Left,0,0,849,0.0,0,FED
2020-07-25 17:09:27,3,3.64,1,Free_feed,Pellet,Left,0,0,850,1.0,0,FED
2020-07-25 17:09:44,3,3.65,1,Free_feed,Pellet,Left,0,0,851,13.0,0,FED
2020-07-25 17:09:59,3,3.64,1,Free_feed,Pellet,Left,0,0,852,12.0,0,FED
2020-07-25 17:10:46,3,3.65,1,Free_feed,Pellet,Left,0,0,853,43.0,0,FED
2020-07-25 17:10:50,3,3.65,1,Free_feed,Pellet,Left,0,0,854,1.0,0,FED
2020-07-25 17:11:04,3,3.65,1,Free_feed,Pellet,Left,0,0,855,11.0,0,FED
2020-07-25 17:11:20,3,3.64,1,Free_feed,Pellet,Left,0,0,856,13.0,0,FED
2020-07-25 17:11:40,3,3.64,1,Free_feed,Pellet,Left,0,0,857,17.0,0,FED
2020-07-25 17:12:01,3,3.65,1,Free_feed,Pellet,Left,0,0,858,18.0,0,FED
2020-07-25 17:12:23,3,3.65,1,Free_feed,Pellet,Left,0,0,859,19.0,0,FED
2020-07-25 17:12:42,3,3.65,1,Free_feed,Pellet,Left,0,0,860,17.0,0,FED
2020-07-25 17:13:05,3,3.65,1,Free_feed,Pellet,Left,0,0,861,20.0,0,FED
2020-07-25 17:13:09,3,3.65,1,Free_feed,Pellet,Left,0,0,862,2.0,0,FED
2020-07-25 17:13:13,3,3.65,1,Free_feed,Pellet,Left,0,0,863,1.0,0,FED
2020-07-25 17:13:33,3,3.65,1,Free_feed,Pellet,Left,0,0,864,17.0,0,FED
2020-07-25 17:13:53,3,3.65,1,Free_feed,Pellet,Left,0,0,865,18.0,0,FED
2020-07-25 17:14:16,3,3.65,1,Free_feed,Pellet,Left,0,0,866,20.0,0,FED
2020-07-25 17:14:43,3,3.64,1,Free_feed,Pellet,Left,0,0,867,24.0,0,FED
2020-07-25 17:14:47,3,3.65,1,Free_feed,Pellet,Left,0,0,868,1.0,0,FED
2020-07-25 17:15:04,3,3.65,1,Free_feed,Pellet,Left,0,0,869,15.0,0,FED
2020-07-25 17:15:30,3,3.65,1,Free_feed,Pellet,Left,0,0,870,23.0,0,FED
2020-07-25 21:09:42,3,3.64,1,Free_feed,Pellet,Left,0,0,871,31.0,0,FED
2020-07-25 21:09:46,3,3.64,1,Free_feed,Pellet,Left,0,0,872,1.0,0,FED
2020-07-25 21:10:09,3,3.64,1,Free_feed,Pellet,Left,0,0,873,20.0,0,FED
2020-07-25 21:10:13,3,3.64,1,Free_feed,Pellet,Left,0,0,874,0.0,0,FED
2020-07-25 21:10:17,3,3.64,1,Free_feed,Pellet,Left,0,0,875,2.0,0,FED
2020-07-25 21:10:22,3,3.64,1,Free_feed,Pellet,Left,0,0,876,2.0,0,FED
2020-07-25 21:11:28,3,3.64,1,Free_feed,Pellet,Left,0,0,877,63.0,0,FED
2020-07-25 21:11:44,3,3.64,1,Free_feed,Pellet,Left,0,0,878,13.0,0,FED
2020-07-25 21:12:02,3,3.64,1,Free_feed,Pellet,Left,0,0,879,15.0,0,FED
2020-07-25 21:12:23,3,3.64,1,Free_feed,Pellet,Left,0,0,880,18.0,0,FED
2020-07-25 21:12:41,3,3.65,1,Free_feed,Pellet,Left,0,0,881,15.0,0,FED
2020-07-25 21:12:58,3,3.64,1,Free_feed,Pellet,Left,0,0,882,15.0,0,FED
2020-07-25 21:13:20,3,3.64,1,Free_feed,Pellet,Left,0,0,883,19.0,0,FED
2020-07-25 21:13:41,3,3.64,1,Free_feed,Pellet,Left,0,0,884,18.0,0,FED
2020-07-25 21:14:13,3,3.64,1,Free_feed,Pellet,Left,0,0,885,29.0,0,FED
2020-07-25 21:14:17,3,3.64,1,Free_feed,Pellet,Left,0,0,886,1.0,0,FED
2020-07-25 21:14:34,3,3.64,1,Free_feed,Pellet,Left,0,0,887,15.0,0,FED
2020-07-25 21:14:52,3,3.64,1,Free_feed,Pellet,Left,0,0,888,15.0,0,FED
2020-07-25 21:15:18,3,3.64,1,Free_feed,Pellet,Left,0,0,889,23.0,0,FED
2020-07-25 21:15:37,3,3.64,1,Free_feed,Pellet,Left,0,0,890,15.0,0,FED
2020-07-25 21:15:57,3,3.64,1,Free_feed,Pellet,Left,0,0,891,18.0,0,FED
2020-07-25 21:16:16,3,3.64,1,Free_feed,Pellet,Left,0,0,892,16.0,0,FED
2020-07-25 21:16:41,3,3.64,1,Free_feed,Pellet,Left,0,0,893,23.0,0,FED
2020-07-25 21:17:03,3,3.64,1,Free_feed,Pellet,Left,0,0,894,18.0,0,FED
2020-07-25 21:17:23,3,3.64,1,Free_feed,Pellet,Left,0,0,895,18.0,0,FED
2020-07-25 21:17:44,3,3.64,1,Free_feed,Pellet,Left,0,0,896,18.0,0,FED
2020-07-25 21:18:29,3,3.64,3,Free_feed,Pellet,Left,0,0,897,38.0,0,FED
2020-07-25 21:18:32,3,3.64,1,Free_feed,Pellet,Left,0,0,898,1.0,0,FED
2020-07-25 21:18:50,3,3.64,1,Free_feed,Pellet,Left,0,0,899,15.0,0,FED
2020-07-25 23:18:31,3,3.64,1,Free_feed,Pellet,Left,0,0,900,0.0,0,FED
2020-07-25 23:18:35,3,3.64,1,Free_feed,Pellet,Left,0,0,901,1.0,0,FED
2020-07-25 23:18:50,3,3.64,6,Free_feed,Pellet,Left,0,0,902,2.0,0,FED
2020-07-25 23:19:04,3,3.64,1,Free_feed,Pellet,Left,0,0,903,11.0,0,FED
2020-07-25 23:19:19,3,3.64,1,Free_feed,Pellet,Left,0,0,904,12.0,0,FED
2020-07-25 23:19:35,3,3.64,1,Free_feed,Pellet,Left,0,0,905,13.0,0,FED
2020-07-25 23:19:48,3,3.64,1,Free_feed,Pellet,Left,0,0,906,11.0,0,FED
2020-07-25 23:19:51,3,3.64,1,Free_feed,Pellet,Left,0,0,907,0.0,0,FED
2020-07-25 23:20:27,3,3.64,1,Free_feed,Pellet,Left,0,0,908,33.0,0,FED
2020-07-25 23:20:31,3,3.64,1,Free_feed,Pellet,Left,0,0,909,0.0,0,FED
2020-07-25 23:20:50,3,3.64,1,Free_feed,Pellet,Left,0,0,910,17.0,0,FED
2020-07-25 23:21:31,3,3.64,1,Free_feed,Pellet,Left,0,0,911,39.0,0,FED
2020-07-25 23:21:53,3,3.64,1,Free_feed,Pellet,Left,0,0,912,20.0,0,FED
2020-07-25 23:22:13,3,3.64,1,Free_feed,Pellet,Left,0,0,913,16.0,0,FED
2020-07-25 23:22:33,3,3.64,1,Free_feed,Pellet,Left,0,0,914,18.0,0,FED
2020-07-25 23:22:57,3,3.64,1,Free_feed,Pellet,Left,0,0,915,21.0,0,FED
2020-07-25 23:23:19,3,3.64,1,Free_feed,Pellet,Left,0,0,916,19.0,0,FED
2020-07-26 00:44:51,3,3.64,1,Free_feed,Pellet,Left,0,0,917,0.0,0,FED
2020-07-26 00:44:54,3,3.64,1,Free_feed,Pellet,Left,0,0,918,1.0,0,FED
2020-07-26 00:45:08,3,3.64,1,Free_feed,Pellet,Left,0,0,919,11.0,0,FED
2020-07-26 00:45:20,3,3.64,1,Free_feed,Pellet,Left,0,0,920,10.0,0,FED
2020-07-26 00:45:33,3,3.64,1,Free_feed,Pellet,Left,0,0,921,10.0,0,FED
2020-07-26 00:45:40,3,3.63,1,Free_feed,Pellet,Left,0,0,922,4.0,0,FED
2020-07-26 00:45:43,3,3.63,1,Free_feed,Pellet,Left,0,0,923,0.0,0,FED
2020-07-26 00:45:58,3,3.64,1,Free_feed,Pellet,Left,0,0,924,12.0,0,FED
2020-07-26 00:46:14,3,3.64,2,Free_feed,Pellet,Left,0,0,925,10.0,0,FED
2020-07-26 00:46:28,3,3.64,1,Free_feed,Pellet,Left,0,0,926,12.0,0,FED
2020-07-26 00:46:41,3,3.64,1,Free_feed,Pellet,Left,0,0,927,11.0,0,FED
2020-07-26 00:46:57,3,3.64,1,Free_feed,Pellet,Left,0,0,928,13.0,0,FED
2020-07-26 00:47:10,3,3.64,1,Free_feed,Pellet,Left,0,0,929,10.0,0,FED
2020-07-26 00:47:27,3,3.64,1,Free_feed,Pellet,Left,0,0,930,15.0,0,FED
2020-07-26 00:47:41,3,3.64,1,Free_feed,Pellet,Left,0,0,931,11.0,0,FED
2020-07-26 00:48:00,3,3.64,1,Free_feed,Pellet,Left,0,0,932,17.0,0,FED
2020-07-26 00:48:19,3,3.63,2,Free_feed,Pellet,Left,0,0,933,15.0,0,FED
2020-07-26 00:48:35,3,3.64,2,Free_feed,Pellet,Left,0,0,934,12.0,0,FED
2020-07-26 00:48:55,3,3.64,1,Free_feed,Pellet,Left,0,0,935,17.0,0,FED
2020-07-26 01:29:54,3,3.64,1,Free_feed,Pellet,Left,0,0,936,0.0,0,FED
2020-07-26 01:30:30,3,3.64,1,Free_feed,Pellet,Left,0,0,937,34.0,0,FED
2020-07-26 01:30:43,3,3.64,1,Free_feed,Pellet,Left,0,0,938,10.0,0,FED
2020-07-26 01:30:57,3,3.64,1,Free_feed,Pellet,Left,0,0,939,12.0,0,FED
2020-07-26 01:31:12,3,3.63,1,Free_feed,Pellet,Left,0,0,940,12.0,0,FED
2020-07-26 01:31:29,3,3.64,1,Free_feed,Pellet,Left,0,0,941,14.0,0,FED
2020-07-26 01:31:42,3,3.64,1,Free_feed,Pellet,Left,0,0,942,10.0,0,FED
2020-07-26 01:31:57,3,3.64,1,Free_feed,Pellet,Left,0,0,943,12.0,0,FED
2020-07-26 01:32:12,3,3.63,1,Free_feed,Pellet,Left,0,0,944,12.0,0,FED
2020-07-26 01:32:29,3,3.64,1,Free_feed,Pellet,Left,0,0,945,14.0,0,FED
2020-07-26 01:32:44,3,3.64,1,Free_feed,Pellet,Left,0,0,946,12.0,0,FED
2020-07-26 03:18:59,3,3.64,2,Free_feed,Pellet,Left,0,0,947,0.0,0,FED
2020-07-26 03:19:03,3,3.64,1,Free_feed,Pellet,Left,0,0,948,1.0,0,FED
2020-07-26 03:19:24,3,3.64,1,Free_feed,Pellet,Left,0,0,949,18.0,0,FED
2020-07-26 03:19:30,3,3.63,2,Free_feed,Pellet,Left,0,0,950,2.0,0,FED
2020-07-26 03:19:45,3,3.64,1,Free_feed,Pellet,Left,0,0,951,12.0,0,FED
2020-07-26 03:20:01,3,3.64,1,Free_feed,Pellet,Left,0,0,952,13.0,0,FED
2020-07-26 03:20:13,3,3.63,1,Free_feed,Pellet,Left,0,0,953,10.0,0,FED
2020-07-26 03:20:30,3,3.63,1,Free_feed,Pellet,Left,0,0,954,14.0,0,FED
2020-07-26 03:20:49,3,3.63,1,Free_feed,Pellet,Left,0,0,955,16.0,0,FED
2020-07-26 03:21:07,3,3.63,1,Free_feed,Pellet,Left,0,0,956,16.0,0,FED
2020-07-26 03:21:29,3,3.63,1,Free_feed,Pellet,Left,0,0,957,19.0,0,FED
2020-07-26 03:21:46,3,3.64,1,Free_feed,Pellet,Left,0,0,958,15.0,0,FED
2020-07-26 03:22:08,3,3.64,1,Free_feed,Pellet,Left,0,0,959,19.0,0,FED
2020-07-26 03:22:27,3,3.63,1,Free_feed,Pellet,Left,0,0,960,16.0,0,FED
2020-07-26 03:22:47,3,3.64,1,Free_feed,Pellet,Left,0,0,961,16.0,0,FED
2020-07-26 03:23:04,3,3.63,1,Free_feed,Pellet,Left,0,0,962,15.0,0,FED
2020-07-26 03:23:28,3,3.63,1,Free_feed,Pellet,Left,0,0,963,21.0,0,FED
2020-07-26 03:23:46,3,3.64,1,Free_feed,Pellet,Left,0,0,964,15.0,0,FED
2020-07-26 03:24:08,3,3.63,1,Free_feed,Pellet,Left,0,0,965,19.0,0,FED
2020-07-26 03:24:31,3,3.63,1,Free_feed,Pellet,Left,0,0,966,20.0,0,FED
2020-07-26 03:24:54,3,3.64,1,Free_feed,Pellet,Left,0,0,967,19.0,0,FED
2020-07-26 03:25:17,3,3.64,1,Free_feed,Pellet,Left,0,0,968,21.0,0,FED
2020-07-26 03:25:38,3,3.64,1,Free_feed,Pellet,Left,0,0,969,18.0,0,FED
2020-07-26 03:25:59,3,3.63,1,Free_feed,Pellet,Left,0,0,970,19.0,0,FED
2020-07-26 03:26:23,3,3.63,1,Free_feed,Pellet,Left,0,0,971,21.0,0,FED
2020-07-26 06:01:55,3,3.63,1,Free_feed,Pellet,Left,0,0,972,0.0,0,FED
2020-07-26 06:02:00,3,3.63,1,Free_feed,Pellet,Left,0,0,973,2.0,0,FED
2020-07-26 06:02:18,3,3.63,1,Free_feed,Pellet,Left,0,0,974,15.0,0,FED
2020-07-26 06:02:31,3,3.63,1,Free_feed,Pellet,Left,0,0,975,11.0,0,FED
2020-07-26 06:02:45,3,3.62,1,Free_feed,Pellet,Left,0,0,976,11.0,0,FED
2020-07-26 06:03:00,3,3.63,1,Free_feed,Pellet,Left,0,0,977,12.0,0,FED
2020-07-26 06:03:15,3,3.63,1,Free_feed,Pellet,Left,0,0,978,12.0,0,FED
2020-07-26 06:03:32,3,3.63,1,Free_feed,Pellet,Left,0,0,979,14.0,0,FED
2020-07-26 06:03:48,3,3.63,1,Free_feed,Pellet,Left,0,0,980,13.0,0,FED
2020-07-26 06:04:03,3,3.63,1,Free_feed,Pellet,Left,0,0,981,12.0,0,FED
2020-07-26 06:04:16,3,3.63,1,Free_feed,Pellet,Left,0,0,982,9.0,0,FED
2020-07-26 06:04:33,3,3.63,1,Free_feed,Pellet,Left,0,0,983,15.0,0,FED
2020-07-26 06:04:49,3,3.63,1,Free_feed,Pellet,Left,0,0,984,13.0,0,FED
2020-07-26 06:05:09,3,3.63,1,Free_feed,Pellet,Left,0,0,985,17.0,0,FED
2020-07-26 06:05:30,3,3.63,2,Free_feed,Pellet,Left,0,0,986,16.0,0,FED
2020-07-26 06:06:12,3,3.63,1,Free_feed,Pellet,Left,0,0,987,39.0,0,FED
2020-07-26 06:06:29,3,3.62,1,Free_feed,Pellet,Left,0,0,988,14.0,0,FED
2020-07-26 06:06:39,3,3.63,1,Free_feed,Pellet,Left,0,0,989,7.0,0,FED
2020-07-26 06:07:05,3,3.62,2,Free_feed,Pellet,Left,0,0,990,22.0,0,FED
2020-07-26 06:07:11,3,3.64,1,Free_feed,Pellet,Left,0,0,991,3.0,0,FED
2020-07-26 06:07:32,3,3.63,1,Free_feed,Pellet,Left,0,0,992,19.0,0,FED
2020-07-26 06:07:55,3,3.63,1,Free_feed,Pellet,Left,0,0,993,20.0,0,FED
2020-07-26 06:08:37,3,3.63,1,Free_feed,Pellet,Left,0,0,994,39.0,0,FED
2020-07-26 06:08:55,3,3.63,1,Free_feed,Pellet,Left,0,0,995,15.0,0,FED
2020-07-26 06:09:15,3,3.63,1,Free_feed,Pellet,Left,0,0,996,17.0,0,FED
2020-07-26 06:09:40,3,3.62,1,Free_feed,Pellet,Left,0,0,997,22.0,0,FED
2020-07-26 10:08:02,3,3.62,1,Free_feed,Pellet,Left,0,0,998,0.0,0,FED
2020-07-26 10:08:06,3,3.62,1,Free_feed,Pellet,Left,0,0,999,2.0,0,FED
2020-07-26 10:08:25,3,3.62,1,Free_feed,Pellet,Left,0,0,1000,17.0,0,FED
2020-07-26 10:08:43,3,3.62,1,Free_feed,Pellet,Left,0,0,1001,14.0,0,FED
2020-07-26 10:08:57,3,3.63,1,Free_feed,Pellet,Left,0,0,1002,12.0,0,FED
2020-07-26 10:09:13,3,3.62,1,Free_feed,Pellet,Left,0,0,1003,13.0,0,FED
2020-07-26 10:09:29,3,3.62,1,Free_feed,Pellet,Left,0,0,1004,14.0,0,FED
2020-07-26 10:09:43,3,3.63,2,Free_feed,Pellet,Left,0,0,1005,10.0,0,FED
2020-07-26 10:09:59,3,3.62,1,Free_feed,Pellet,Left,0,0,1006,13.0,0,FED
2020-07-26 10:10:13,3,3.62,1,Free_feed,Pellet,Left,0,0,1007,12.0,0,FED
2020-07-26 10:10:31,3,3.62,1,Free_feed,Pellet,Left,0,0,1008,15.0,0,FED
2020-07-26 10:10:52,3,3.62,2,Free_feed,Pellet,Left,0,0,1009,17.0,0,FED
2020-07-26 10:11:09,3,3.62,1,Free_feed,Pellet,Left,0,0,1010,14.0,0,FED
2020-07-26 10:11:29,3,3.62,1,Free_feed,Pellet,Left,0,0,1011,17.0,0,FED
2020-07-26 10:11:47,3,3.62,1,Free_feed,Pellet,Left,0,0,1012,15.0,0,FED
2020-07-26 10:12:08,3,3.62,1,Free_feed,Pellet,Left,0,0,1013,19.0,0,FED
2020-07-26 10:12:31,3,3.62,1,Free_feed,Pellet,Left,0,0,1014,20.0,0,FED
2020-07-26 10:12:52,3,3.62,1,Free_feed,Pellet,Left,0,0,1015,19.0,0,FED
2020-07-26 11:01:23,3,4.14,6,Free_feed,Pellet,Left,0,0,1016,28.0,1,FED
2020-07-26 11:54:45,3,4.14,3,Free_feed,Pellet,Left,0,0,1017,0.0,1,FED
2020-07-26 11:56:49,3,4.14,1,Free_feed,Pellet,Left,0,0,1018,0.0,1,FED
2020-07-26 11:57:01,3,4.14,1,Free_feed,Pellet,Left,0,0,1019,8.0,1,FED
2020-07-26 11:57:15,3,4.14,1,Free_feed,Pellet,Left,0,0,1020,12.0,1,FED
2020-07-26 11:57:22,3,4.14,3,Free_feed,Pellet,Left,0,0,1021,0.0,1,FED
2020-07-26 11:57:34,3,4.14,1,Free_feed,Pellet,Left,0,0,1022,10.0,1,FED
2020-07-26 11:58:11,3,4.14,1,Free_feed,Pellet,Left,0,0,1023,34.0,1,FED
2020-07-26 11:58:15,3,4.14,1,Free_feed,Pellet,Left,0,0,1024,1.0,1,FED
2020-07-26 11:58:32,3,4.14,1,Free_feed,Pellet,Left,0,0,1025,14.0,1,FED
2020-07-26 11:58:49,3,4.14,1,Free_feed,Pellet,Left,0,0,1026,15.0,1,FED
2020-07-26 11:59:07,3,4.14,1,Free_feed,Pellet,Left,0,0,1027,15.0,1,FED
2020-07-26 13:08:09,3,4.14,3,Free_feed,Pellet,Left,0,0,1028,0.0,1,FED
2020-07-26 13:09:59,3,4.14,1,Free_feed,Pellet,Left,0,0,1029,1.0,1,FED
2020-07-26 13:10:17,3,4.13,1,Free_feed,Pellet,Left,0,0,1030,15.0,1,FED
2020-07-26 13:10:29,3,4.14,1,Free_feed,Pellet,Left,0,0,1031,9.0,1,FED
2020-07-26 13:10:45,3,4.13,1,Free_feed,Pellet,Left,0,0,1032,13.0,1,FED
2020-07-26 13:10:58,3,4.14,1,Free_feed,Pellet,Left,0,0,1033,10.0,1,FED
2020-07-26 13:11:15,3,4.13,1,Free_feed,Pellet,Left,0,0,1034,14.0,1,FED
2020-07-26 13:11:18,3,4.13,1,Free_feed,Pellet,Left,0,0,1035,0.0,1,FED
2020-07-26 13:11:47,3,4.14,1,Free_feed,Pellet,Left,0,0,1036,16.0,1,FED
2020-07-26 13:12:01,3,4.13,1,Free_feed,Pellet,Left,0,0,1037,11.0,1,FED
2020-07-26 13:12:17,3,4.13,1,Free_feed,Pellet,Left,0,0,1038,13.0,1,FED
2020-07-26 13:13:50,3,4.13,1,Free_feed,Pellet,Left,0,0,1039,89.0,1,FED
2020-07-26 13:24:40,3,4.13,1,Free_feed,Pellet,Left,0,0,1040,0.0,1,FED
2020-07-26 15:42:50,3,4.12,1,Free_feed,Pellet,Left,0,0,1041,2.0,1,FED
2020-07-26 15:43:06,3,4.12,1,Free_feed,Pellet,Left,0,0,1042,13.0,1,FED
2020-07-26 15:43:24,3,4.12,1,Free_feed,Pellet,Left,0,0,1043,15.0,1,FED
2020-07-26 15:43:27,3,4.12,1,Free_feed,Pellet,Left,0,0,1044,0.0,1,FED
2020-07-26 15:43:46,3,4.12,1,Free_feed,Pellet,Left,0,0,1045,16.0,1,FED
2020-07-26 15:44:01,3,4.12,1,Free_feed,Pellet,Left,0,0,1046,12.0,1,FED
2020-07-26 15:44:20,3,4.12,1,Free_feed,Pellet,Left,0,0,1047,17.0,1,FED
2020-07-26 15:44:34,3,4.12,1,Free_feed,Pellet,Left,0,0,1048,12.0,1,FED
2020-07-26 15:44:52,3,4.12,1,Free_feed,Pellet,Left,0,0,1049,15.0,1,FED
2020-07-26 15:45:12,3,4.12,1,Free_feed,Pellet,Left,0,0,1050,17.0,1,FED
2020-07-26 15:45:30,3,4.12,1,Free_feed,Pellet,Left,0,0,1051,15.0,1,FED
2020-07-26 15:45:47,3,4.12,1,Free_feed,Pellet,Left,0,0,1052,14.0,1,FED
2020-07-26 15:46:07,3,4.12,1,Free_feed,Pellet,Left,0,0,1053,17.0,1,FED
2020-07-26 15:46:24,3,4.11,2,Free_feed,Pellet,Left,0,0,1054,12.0,1,FED
2020-07-26 15:54:51,3,4.11,1,Free_feed,Pellet,Left,0,0,1055,0.0,1,FED
2020-07-26 15:55:04,3,4.11,1,Free_feed,Pellet,Left,0,0,1056,11.0,1,FED
2020-07-26 18:29:57,3,4.11,1,Free_feed,Pellet,Left,0,0,1057,0.0,1,FED
2020-07-26 18:30:01,3,4.11,1,Free_feed,Pellet,Left,0,0,1058,1.0,1,FED
2020-07-26 18:30:19,3,4.11,2,Free_feed,Pellet,Left,0,0,1059,14.0,1,FED
2020-07-26 18:30:22,3,4.11,1,Free_feed,Pellet,Left,0,0,1060,0.0,1,FED
2020-07-26 18:30:33,3,4.11,1,Free_feed,Pellet,Left,0,0,1061,8.0,1,FED
2020-07-26 18:30:43,3,4.11,2,Free_feed,Pellet,Left,0,0,1062,5.0,1,FED
2020-07-26 18:31:41,3,4.1,1,Free_feed,Pellet,Left,0,0,1063,55.0,1,FED
2020-07-26 18:31:45,3,4.11,1,Free_feed,Pellet,Left,0,0,1064,1.0,1,FED
2020-07-26 18:31:59,3,4.11,2,Free_feed,Pellet,Left,0,0,1065,9.0,1,FED
2020-07-26 18:32:15,3,4.11,1,Free_feed,Pellet,Left,0,0,1066,13.0,1,FED
2020-07-26 18:32:34,3,4.1,2,Free_feed,Pellet,Left,0,0,1067,16.0,1,FED
2020-07-26 18:33:11,3,4.11,2,Free_feed,Pellet,Left,0,0,1068,33.0,1,FED
2020-07-26 18:33:31,3,4.11,1,Free_feed,Pellet,Left,0,0,1069,17.0,1,FED
2020-07-26 18:33:49,3,4.11,1,Free_feed,Pellet,Left,0,0,1070,15.0,1,FED
2020-07-26 18:34:12,3,4.11,1,Free_feed,Pellet,Left,0,0,1071,20.0,1,FED
2020-07-26 20:22:04,3,4.11,1,Free_feed,Pellet,Left,0,0,1072,0.0,1,FED
2020-07-26 20:22:08,3,4.1,1,Free_feed,Pellet,Left,0,0,1073,1.0,1,FED
2020-07-26 20:22:23,3,4.09,2,Free_feed,Pellet,Left,0,0,1074,11.0,1,FED
2020-07-26 20:22:39,3,4.09,1,Free_feed,Pellet,Left,0,0,1075,14.0,1,FED
2020-07-26 20:22:56,3,4.1,1,Free_feed,Pellet,Left,0,0,1076,14.0,1,FED
2020-07-26 20:23:16,3,4.09,1,Free_feed,Pellet,Left,0,0,1077,17.0,1,FED
2020-07-26 20:23:38,3,4.09,2,Free_feed,Pellet,Left,0,0,1078,18.0,1,FED
2020-07-26 20:24:13,3,4.09,1,Free_feed,Pellet,Left,0,0,1079,15.0,1,FED
2020-07-26 20:24:52,3,4.09,2,Free_feed,Pellet,Left,0,0,1080,35.0,1,FED
2020-07-26 20:25:13,3,4.1,1,Free_feed,Pellet,Left,0,0,1081,17.0,1,FED
2020-07-26 20:25:31,3,4.1,1,Free_feed,Pellet,Left,0,0,1082,16.0,1,FED
2020-07-26 20:25:33,3,4.1,1,Free_feed,Pellet,Left,0,0,1083,0.0,1,FED
2020-07-26 20:25:49,3,4.1,7,Free_feed,Pellet,Left,0,0,1084,0.0,1,FED
2020-07-26 20:25:55,3,4.1,2,Free_feed,Pellet,Left,0,0,1085,0.0,1,FED
2020-07-26 21:29:58,3,4.09,23,Free_feed,Pellet,Left,0,0,1086,0.0,1,FED
2020-07-26 21:30:14,3,4.09,1,Free_feed,Pellet,Left,0,0,1087,13.0,1,FED
2020-07-26 21:30:30,3,4.09,1,Free_feed,Pellet,Left,0,0,1088,12.0,1,FED
2020-07-26 21:30:45,3,4.09,7,Free_feed,Pellet,Left,0,0,1089,0.0,1,FED
2020-07-26 21:30:49,3,4.09,1,Free_feed,Pellet,Left,0,0,1090,0.0,1,FED
2020-07-26 22:30:04,3,4.07,103,Free_feed,Pellet,Left,0,0,1091,0.0,1,FED
2020-07-26 22:30:08,3,4.07,1,Free_feed,Pellet,Left,0,0,1092,1.0,1,FED
2020-07-26 22:30:20,3,4.07,1,Free_feed,Pellet,Left,0,0,1093,9.0,1,FED
2020-07-26 22:30:35,3,4.07,2,Free_feed,Pellet,Left,0,0,1094,11.0,1,FED
2020-07-26 22:30:47,3,4.08,1,Free_feed,Pellet,Left,0,0,1095,9.0,1,FED
2020-07-26 22:30:59,3,4.09,1,Free_feed,Pellet,Left,0,0,1096,9.0,1,FED
2020-07-26 22:31:15,3,4.08,1,Free_feed,Pellet,Left,0,0,1097,13.0,1,FED
2020-07-26 22:31:29,3,4.08,1,Free_feed,Pellet,Left,0,0,1098,10.0,1,FED
2020-07-26 22:31:43,3,4.08,2,Free_feed,Pellet,Left,0,0,1099,10.0,1,FED
2020-07-26 22:31:58,3,4.07,6,Free_feed,Pellet,Left,0,0,1100,2.0,1,FED
2020-07-26 22:32:11,3,4.08,1,Free_feed,Pellet,Left,0,0,1101,10.0,1,FED
2020-07-26 22:32:28,3,4.07,1,Free_feed,Pellet,Left,0,0,1102,13.0,1,FED
2020-07-26 22:32:42,3,4.07,6,Free_feed,Pellet,Left,0,0,1103,1.0,1,FED
2020-07-26 22:32:58,3,4.08,5,Free_feed,Pellet,Left,0,0,1104,4.0,1,FED
2020-07-26 22:33:15,3,4.07,1,Free_feed,Pellet,Left,0,0,1105,13.0,1,FED
2020-07-26 22:33:35,3,4.08,1,Free_feed,Pellet,Left,0,0,1106,17.0,1,FED
2020-07-26 22:33:39,3,4.08,1,Free_feed,Pellet,Left,0,0,1107,1.0,1,FED
2020-07-26 22:33:53,3,4.07,1,Free_feed,Pellet,Left,0,0,1108,11.0,1,FED
2020-07-26 22:34:12,3,4.08,1,Free_feed,Pellet,Left,0,0,1109,15.0,1,FED
2020-07-26 22:34:30,3,4.07,1,Free_feed,Pellet,Left,0,0,1110,16.0,1,FED
2020-07-26 22:34:49,3,4.07,1,Free_feed,Pellet,Left,0,0,1111,16.0,1,FED
2020-07-26 22:35:02,3,4.08,2,Free_feed,Pellet,Left,0,0,1112,9.0,1,FED
2020-07-26 22:36:34,3,4.08,1,Free_feed,Pellet,Left,0,0,1113,89.0,1,FED
2020-07-27 00:48:50,3,4.07,1,Free_feed,Pellet,Left,0,0,1114,2.0,1,FED
2020-07-27 00:49:10,3,4.07,1,Free_feed,Pellet,Left,0,0,1115,17.0,1,FED
2020-07-27 00:49:24,3,4.07,1,Free_feed,Pellet,Left,0,0,1116,11.0,1,FED
2020-07-27 00:49:40,3,4.07,1,Free_feed,Pellet,Left,0,0,1117,14.0,1,FED
2020-07-27 00:49:54,3,4.07,1,Free_feed,Pellet,Left,0,0,1118,11.0,1,FED
2020-07-27 00:50:20,3,4.07,1,Free_feed,Pellet,Left,0,0,1119,24.0,1,FED
2020-07-27 00:50:37,3,4.07,1,Free_feed,Pellet,Left,0,0,1120,15.0,1,FED
2020-07-27 00:50:56,3,4.07,1,Free_feed,Pellet,Left,0,0,1121,16.0,1,FED
2020-07-27 00:51:12,3,4.07,1,Free_feed,Pellet,Left,0,0,1122,13.0,1,FED
2020-07-27 01:24:43,3,4.07,1,Free_feed,Pellet,Left,0,0,1123,0.0,1,FED
2020-07-27 01:24:47,3,4.07,1,Free_feed,Pellet,Left,0,0,1124,1.0,1,FED
2020-07-27 01:24:57,3,4.07,1,Free_feed,Pellet,Left,0,0,1125,7.0,1,FED
2020-07-27 01:25:12,3,4.07,1,Free_feed,Pellet,Left,0,0,1126,12.0,1,FED
2020-07-27 01:25:25,3,4.07,3,Free_feed,Pellet,Left,0,0,1127,6.0,1,FED
2020-07-27 01:25:39,3,4.07,1,Free_feed,Pellet,Left,0,0,1128,11.0,1,FED
2020-07-27 01:25:50,3,4.07,2,Free_feed,Pellet,Left,0,0,1129,7.0,1,FED
2020-07-27 01:26:06,3,4.07,1,Free_feed,Pellet,Left,0,0,1130,13.0,1,FED
2020-07-27 01:26:20,3,4.07,1,Free_feed,Pellet,Left,0,0,1131,11.0,1,FED
2020-07-27 01:26:34,3,4.07,1,Free_feed,Pellet,Left,0,0,1132,12.0,1,FED
2020-07-27 01:26:51,3,4.07,1,Free_feed,Pellet,Left,0,0,1133,14.0,1,FED
2020-07-27 01:27:06,3,4.07,2,Free_feed,Pellet,Left,0,0,1134,10.0,1,FED
2020-07-27 01:27:26,3,4.06,1,Free_feed,Pellet,Left,0,0,1135,17.0,1,FED
2020-07-27 01:27:43,3,4.07,1,Free_feed,Pellet,Left,0,0,1136,14.0,1,FED
2020-07-27 01:28:02,3,4.07,1,Free_feed,Pellet,Left,0,0,1137,17.0,1,FED
2020-07-27 01:28:22,3,4.07,1,Free_feed,Pellet,Left,0,0,1138,17.0,1,FED
2020-07-27 01:58:53,3,4.07,2,Free_feed,Pellet,Left,0,0,1139,0.0,1,FED
2020-07-27 01:59:12,3,4.07,1,Free_feed,Pellet,Left,0,0,1140,16.0,1,FED
2020-07-27 01:59:26,3,4.07,1,Free_feed,Pellet,Left,0,0,1141,12.0,1,FED
2020-07-27 01:59:30,3,4.07,1,Free_feed,Pellet,Left,0,0,1142,2.0,1,FED
2020-07-27 01:59:46,3,4.07,1,Free_feed,Pellet,Left,0,0,1143,13.0,1,FED
2020-07-27 02:00:17,3,4.07,1,Free_feed,Pellet,Left,0,0,1144,14.0,1,FED
2020-07-27 02:00:31,3,4.07,1,Free_feed,Pellet,Left,0,0,1145,11.0,1,FED
2020-07-27 02:00:45,3,4.07,1,Free_feed,Pellet,Left,0,0,1146,11.0,1,FED
2020-07-27 02:01:00,3,4.07,1,Free_feed,Pellet,Left,0,0,1147,13.0,1,FED
2020-07-27 02:01:14,3,4.07,1,Free_feed,Pellet,Left,0,0,1148,11.0,1,FED
2020-07-27 02:01:17,3,4.07,1,Free_feed,Pellet,Left,0,0,1149,0.0,1,FED
2020-07-27 02:01:29,3,4.07,1,Free_feed,Pellet,Left,0,0,1150,9.0,1,FED
2020-07-27 02:01:54,3,4.06,1,Free_feed,Pellet,Left,0,0,1151,22.0,1,FED
2020-07-27 02:16:57,3,4.07,1,Free_feed,Pellet,Left,0,0,1152,0.0,1,FED
2020-07-27 05:05:07,3,4.07,1,Free_feed,Pellet,Left,0,0,1153,0.0,1,FED
2020-07-27 05:05:10,3,4.07,1,Free_feed,Pellet,Left,0,0,1154,1.0,1,FED
2020-07-27 05:05:38,3,4.05,1,Free_feed,Pellet,Left,0,0,1155,13.0,1,FED
2020-07-27 05:05:50,3,4.05,1,Free_feed,Pellet,Left,0,0,1156,9.0,1,FED
2020-07-27 05:06:04,3,4.05,1,Free_feed,Pellet,Left,0,0,1157,11.0,1,FED
2020-07-27 05:06:19,3,4.05,1,Free_feed,Pellet,Left,0,0,1158,12.0,1,FED
2020-07-27 05:06:34,3,4.05,1,Free_feed,Pellet,Left,0,0,1159,12.0,1,FED
2020-07-27 05:06:50,3,4.05,7,Free_feed,Pellet,Left,0,0,1160,1.0,1,FED
2020-07-27 05:07:05,3,4.05,1,Free_feed,Pellet,Left,0,0,1161,12.0,1,FED
2020-07-27 05:07:21,3,4.05,2,Free_feed,Pellet,Left,0,0,1162,11.0,1,FED
2020-07-27 05:07:37,3,4.05,1,Free_feed,Pellet,Left,0,0,1163,13.0,1,FED
2020-07-27 05:07:54,3,4.05,1,Free_feed,Pellet,Left,0,0,1164,14.0,1,FED
2020-07-27 05:08:20,3,4.05,2,Free_feed,Pellet,Left,0,0,1165,22.0,1,FED
2020-07-27 05:08:39,3,4.05,1,Free_feed,Pellet,Left,0,0,1166,16.0,1,FED
2020-07-27 05:08:56,3,4.06,1,Free_feed,Pellet,Left,0,0,1167,14.0,1,FED
2020-07-27 05:09:15,3,4.05,1,Free_feed,Pellet,Left,0,0,1168,16.0,1,FED
2020-07-27 05:09:31,3,4.05,1,Free_feed,Pellet,Left,0,0,1169,13.0,1,FED
2020-07-27 05:09:55,3,4.05,1,Free_feed,Pellet,Left,0,0,1170,20.0,1,FED
2020-07-27 05:10:16,3,4.05,1,Free_feed,Pellet,Left,0,0,1171,18.0,1,FED
2020-07-27 05:10:36,3,4.05,1,Free_feed,Pellet,Left,0,0,1172,18.0,1,FED
2020-07-27 07:11:02,3,4.05,1,Free_feed,Pellet,Left,0,0,1173,0.0,1,FED
2020-07-27 07:11:40,3,4.05,1,Free_feed,Pellet,Left,0,0,1174,19.0,1,FED
2020-07-27 07:11:56,3,4.05,1,Free_feed,Pellet,Left,0,0,1175,14.0,1,FED
2020-07-27 07:12:14,3,4.05,1,Free_feed,Pellet,Left,0,0,1176,15.0,1,FED
2020-07-27 07:12:31,3,4.05,1,Free_feed,Pellet,Left,0,0,1177,14.0,1,FED
2020-07-27 07:12:46,3,4.05,1,Free_feed,Pellet,Left,0,0,1178,12.0,1,FED
2020-07-27 07:13:05,3,4.05,1,Free_feed,Pellet,Left,0,0,1179,17.0,1,FED
2020-07-27 07:13:22,3,4.05,1,Free_feed,Pellet,Left,0,0,1180,14.0,1,FED
2020-07-27 07:13:45,3,4.05,1,Free_feed,Pellet,Left,0,0,1181,20.0,1,FED
2020-07-27 07:14:01,3,4.05,1,Free_feed,Pellet,Left,0,0,1182,13.0,1,FED
2020-07-27 07:14:39,3,4.05,2,Free_feed,Pellet,Left,0,0,1183,33.0,1,FED
2020-07-27 07:15:01,3,4.05,1,Free_feed,Pellet,Left,0,0,1184,18.0,1,FED
2020-07-27 07:15:23,3,4.05,1,Free_feed,Pellet,Left,0,0,1185,20.0,1,FED
2020-07-27 07:15:42,3,4.04,1,Free_feed,Pellet,Left,0,0,1186,15.0,1,FED
2020-07-27 07:15:59,3,4.05,1,Free_feed,Pellet,Left,0,0,1187,15.0,1,FED
2020-07-27 07:16:20,3,4.05,1,Free_feed,Pellet,Left,0,0,1188,18.0,1,FED
2020-07-27 07:16:41,3,4.05,1,Free_feed,Pellet,Left,0,0,1189,18.0,1,FED
2020-07-27 09:15:32,3,4.05,1,Free_feed,Pellet,Left,0,0,1190,0.0,1,FED
2020-07-27 10:45:57,3,4.03,2,Free_feed,Pellet,Left,0,0,1191,0.0,2,FED
2020-07-27 10:46:18,3,4.03,2,Free_feed,Pellet,Left,0,0,1192,16.0,2,FED
2020-07-27 10:46:32,3,4.03,1,Free_feed,Pellet,Left,0,0,1193,11.0,2,FED
2020-07-27 10:46:46,3,4.03,1,Free_feed,Pellet,Left,0,0,1194,11.0,2,FED
2020-07-27 10:47:06,3,4.03,1,Free_feed,Pellet,Left,0,0,1195,17.0,2,FED
2020-07-27 10:47:25,3,4.04,1,Free_feed,Pellet,Left,0,0,1196,15.0,2,FED
2020-07-27 10:47:41,3,4.03,1,Free_feed,Pellet,Left,0,0,1197,14.0,2,FED
2020-07-27 12:10:51,3,4.03,1,Free_feed,Pellet,Left,0,0,1198,0.0,2,FED
2020-07-27 12:10:55,3,4.03,1,Free_feed,Pellet,Left,0,0,1199,1.0,2,FED
2020-07-27 12:11:06,3,4.03,1,Free_feed,Pellet,Left,0,0,1200,8.0,2,FED
2020-07-27 12:11:46,3,4.03,1,Free_feed,Pellet,Left,0,0,1201,37.0,2,FED
2020-07-27 12:12:03,3,4.03,1,Free_feed,Pellet,Left,0,0,1202,14.0,2,FED
2020-07-27 12:12:18,3,4.03,1,Free_feed,Pellet,Left,0,0,1203,12.0,2,FED
2020-07-27 12:12:25,3,4.03,1,Free_feed,Pellet,Left,0,0,1204,4.0,2,FED
2020-07-27 12:12:56,3,4.03,2,Free_feed,Pellet,Left,0,0,1205,25.0,2,FED
2020-07-27 12:13:14,3,4.03,1,Free_feed,Pellet,Left,0,0,1206,16.0,2,FED
2020-07-27 12:13:33,3,4.03,1,Free_feed,Pellet,Left,0,0,1207,16.0,2,FED
