MM:DD:YYYY hh:mm:ss,Library_Version,Session_type,Device_Number,Battery_Voltage,Motor_Turns,FR,Event,Active_Poke,Left_Poke_Count,Right_Poke_Count,Pellet_Count,Block_Pellet_Count,Retrieval_Time,InterPelletInterval,Poke_Time
3/12/2022 15:26,1.8.1,Free_feed,1,3.71,3,1,Pellet,Left,0,0,1,0,Timed_out,nan,nan
3/12/2022 15:29,1.8.1,Free_feed,1,3.71,1,1,Pellet,Left,0,0,2,0,Timed_out,199,nan
3/12/2022 15:29,1.8.1,Free_feed,1,3.72,1,1,Pellet,Left,0,0,3,0,20.62,22,nan
3/12/2022 15:30,1.8.1,Free_feed,1,3.71,2,1,Pellet,Left,0,0,4,0,26.28,35,nan
3/12/2022 15:30,1.8.1,Free_feed,1,3.71,1,1,Pellet,Left,0,0,5,0,16.49,17,nan
3/12/2022 15:30,1.8.1,Free_feed,1,3.71,1,1,Pellet,Left,0,0,6,0,0.06,1,nan
3/12/2022 15:31,1.8.1,Free_feed,1,3.71,1,1,Pellet,Left,0,0,7,0,48.81,51,nan
3/12/2022 15:32,1.8.1,Free_feed,1,3.71,1,1,Pellet,Left,0,0,8,0,36.79,44,nan
3/12/2022 15:32,1.8.1,Free_feed,1,3.71,1,1,Pellet,Left,0,0,9,0,23.64,30,nan
3/12/2022 15:33,1.8.1,Free_feed,1,3.71,1,1,Pellet,Left,0,0,10,0,29.18,36,nan
3/12/2022 15:33,1.8.1,Free_feed,1,3.71,1,1,Pellet,Left,0,0,11,0,21.05,28,nan
3/12/2022 15:34,1.8.1,Free_feed,1,3.71,1,1,Pellet,Left,0,0,12,0,18.15,25,nan
3/12/2022 15:38,1.8.1,Free_feed,1,3.71,1,1,Pellet,Left,0,0,13,0,Timed_out,270,nan
3/12/2022 15:43,1.8.1,Free_feed,1,3.71,1,1,Pellet,Left,0,0,14,0,Timed_out,259,nan
3/12/2022 15:43,1.8.1,Free_feed,1,3.71,1,1,Pellet,Left,0,0,15,0,0.06,7,nan
3/12/2022 15:43,1.8.1,Free_feed,1,3.71,1,1,Pellet,Left,0,0,16,0,10.23,17,nan
3/12/2022 15:43,1.8.1,Free_feed,1,3.71,1,1,Pellet,Left,0,0,17,0,0.48,1,nan
3/12/2022 15:43,1.8.1,Free_feed,1,3.71,1,1,Pellet,Left,0,0,18,0,21.72,29,nan
3/12/2022 15:44,1.8.1,Free_feed,1,3.71,1,1,Pellet,Left,0,0,19,0,21.11,27,nan
3/12/2022 15:44,1.8.1,Free_feed,1,3.71,1,1,Pellet,Left,0,0,20,0,23.07,30,nan
3/12/2022 15:45,1.8.1,Free_feed,1,3.71,1,1,Pellet,Left,0,0,21,0,17.91,25,nan
3/12/2022 15:51,1.8.1,Free_feed,1,3.71,1,1,Pellet,Left,0,0,22,0,Timed_out,354,nan
3/12/2022 15:51,1.8.1,Free_feed,1,3.71,1,1,Pellet,Left,0,0,23,0,30.91,38,nan
3/12/2022 15:51,1.8.1,Free_feed,1,3.71,1,1,Pellet,Left,0,0,24,0,0.18,1,nan
3/12/2022 15:52,1.8.1,Free_feed,1,3.71,2,1,Pellet,Left,0,0,25,0,26.59,30,nan
3/12/2022 15:57,1.8.1,Free_feed,1,3.71,1,1,Pellet,Left,0,0,26,0,Timed_out,314,nan
3/12/2022 15:57,1.8.1,Free_feed,1,3.71,1,1,Pellet,Left,0,0,27,0,0.06,0,nan
3/12/2022 15:58,1.8.1,Free_feed,1,3.71,1,1,Pellet,Left,0,0,28,0,24.69,32,nan
3/12/2022 16:05,1.8.1,Free_feed,1,3.71,1,1,Pellet,Left,0,0,29,0,Timed_out,425,nan
3/12/2022 16:05,1.8.1,Free_feed,1,3.71,1,1,Pellet,Left,0,0,30,0,0.06,1,nan
3/12/2022 16:05,1.8.1,Free_feed,1,3.71,1,1,Pellet,Left,0,0,31,0,0.06,1,nan
3/12/2022 16:05,1.8.1,Free_feed,1,3.71,1,1,Pellet,Left,0,0,32,0,0.06,1,nan
3/12/2022 16:05,1.8.1,Free_feed,1,3.71,1,1,Pellet,Left,0,0,33,0,29.31,35,nan
3/12/2022 16:18,1.8.1,Free_feed,1,3.71,1,1,Pellet,Left,0,0,34,0,Timed_out,736,nan
3/12/2022 16:18,1.8.1,Free_feed,1,3.71,1,1,Pellet,Left,0,0,35,0,1.89,2,nan
3/12/2022 16:24,1.8.1,Free_feed,1,3.71,1,1,Pellet,Left,0,0,36,0,Timed_out,369,nan
3/12/2022 16:25,1.8.1,Free_feed,1,3.71,1,1,Pellet,Left,0,0,37,0,35.65,43,nan
3/12/2022 16:25,1.8.1,Free_feed,1,3.71,1,1,Pellet,Left,0,0,38,0,0.12,1,nan
3/12/2022 16:25,1.8.1,Free_feed,1,3.71,1,1,Pellet,Left,0,0,39,0,35.97,42,nan
3/12/2022 16:26,1.8.1,Free_feed,1,3.71,1,1,Pellet,Left,0,0,40,0,28.39,35,nan
3/12/2022 17:23,1.8.1,Free_feed,1,3.71,1,1,Pellet,Left,0,0,41,0,Timed_out,3434,nan
3/12/2022 17:24,1.8.1,Free_feed,1,3.71,2,1,Pellet,Left,0,0,42,0,51.76,53,nan
3/12/2022 17:24,1.8.1,Free_feed,1,3.71,1,1,Pellet,Left,0,0,43,0,0.06,1,nan
3/12/2022 17:25,1.8.1,Free_feed,1,3.71,1,1,Pellet,Left,0,0,44,0,39.52,47,nan
3/12/2022 17:25,1.8.1,Free_feed,1,3.71,1,1,Pellet,Left,0,0,45,0,22.15,28,nan
3/12/2022 17:26,1.8.1,Free_feed,1,3.71,1,1,Pellet,Left,0,0,46,0,28.44,36,nan
3/12/2022 17:26,1.8.1,Free_feed,1,3.71,1,1,Pellet,Left,0,0,47,0,0.79,2,nan
3/12/2022 17:26,1.8.1,Free_feed,1,3.71,1,1,Pellet,Left,0,0,48,0,0.06,0,nan
3/12/2022 17:26,1.8.1,Free_feed,1,3.71,1,1,Pellet,Left,0,0,49,0,14.65,22,nan
3/12/2022 17:26,1.8.1,Free_feed,1,3.71,1,1,Pellet,Left,0,0,50,0,0.3,1,nan
3/12/2022 17:27,1.8.1,Free_feed,1,3.71,1,1,Pellet,Left,0,0,51,0,46.73,48,nan
3/12/2022 17:27,1.8.1,Free_feed,1,3.71,1,1,Pellet,Left,0,0,52,0,0.06,1,nan
3/12/2022 17:30,1.8.1,Free_feed,1,3.71,1,1,Pellet,Left,0,0,53,0,Timed_out,154,nan
3/12/2022 17:30,1.8.1,Free_feed,1,3.71,1,1,Pellet,Left,0,0,54,0,29.24,31,nan
3/12/2022 17:30,1.8.1,Free_feed,1,3.71,1,1,Pellet,Left,0,0,55,0,0.06,1,nan
3/12/2022 17:30,1.8.1,Free_feed,1,3.71,1,1,Pellet,Left,0,0,56,0,0.06,0,nan
3/12/2022 17:31,1.8.1,Free_feed,1,3.7,1,1,Pellet,Left,0,0,57,0,25.24,33,nan
3/12/2022 17:31,1.8.1,Free_feed,1,3.7,1,1,Pellet,Left,0,0,58,0,28.19,34,nan
3/12/2022 17:32,1.8.1,Free_feed,1,3.7,1,1,Pellet,Left,0,0,59,0,22.28,30,nan
3/12/2022 17:32,1.8.1,Free_feed,1,3.71,1,1,Pellet,Left,0,0,60,0,21.18,27,nan
3/12/2022 17:32,1.8.1,Free_feed,1,3.71,1,1,Pellet,Left,0,0,61,0,0.06,1,nan
3/12/2022 17:33,1.8.1,Free_feed,1,3.7,1,1,Pellet,Left,0,0,62,0,24.06,31,nan
3/12/2022 17:33,1.8.1,Free_feed,1,3.7,1,1,Pellet,Left,0,0,63,0,0.48,2,nan
3/12/2022 17:33,1.8.1,Free_feed,1,3.7,1,1,Pellet,Left,0,0,64,0,31.77,38,nan
3/12/2022 17:33,1.8.1,Free_feed,1,3.71,1,1,Pellet,Left,0,0,65,0,0.18,1,nan
3/12/2022 17:34,1.8.1,Free_feed,1,3.71,1,1,Pellet,Left,0,0,66,0,19.76,26,nan
3/12/2022 17:49,1.8.1,Free_feed,1,3.71,1,1,Pellet,Left,0,0,67,0,Timed_out,883,nan
3/12/2022 17:49,1.8.1,Free_feed,1,3.71,1,1,Pellet,Left,0,0,68,0,28.93,36,nan
3/12/2022 17:50,1.8.1,Free_feed,1,3.71,1,1,Pellet,Left,0,0,69,0,21.91,29,nan
3/12/2022 17:50,1.8.1,Free_feed,1,3.71,1,1,Pellet,Left,0,0,70,0,24.01,31,nan
3/12/2022 17:50,1.8.1,Free_feed,1,3.71,1,1,Pellet,Left,0,0,71,0,0.12,1,nan
3/12/2022 17:51,1.8.1,Free_feed,1,3.71,1,1,Pellet,Left,0,0,72,0,32.8,40,nan
3/12/2022 18:38,1.8.1,Free_feed,1,3.71,1,1,Pellet,Left,0,0,73,0,Timed_out,2808,nan
3/12/2022 18:38,1.8.1,Free_feed,1,3.71,1,1,Pellet,Left,0,0,74,0,0.06,1,nan
3/12/2022 18:38,1.8.1,Free_feed,1,3.71,1,1,Pellet,Left,0,0,75,0,0.3,1,nan
3/12/2022 18:38,1.8.1,Free_feed,1,3.71,1,1,Pellet,Left,0,0,76,0,32.14,39,nan
3/12/2022 18:38,1.8.1,Free_feed,1,3.71,1,1,Pellet,Left,0,0,77,0,0.24,1,nan
3/12/2022 19:04,1.8.1,Free_feed,1,3.7,1,1,Pellet,Left,0,0,78,0,Timed_out,1560,nan
3/12/2022 19:16,1.8.1,Free_feed,1,3.7,1,1,Pellet,Left,0,0,79,0,Timed_out,700,nan
3/12/2022 19:16,1.8.1,Free_feed,1,3.7,2,1,Pellet,Left,0,0,80,0,0.06,2,nan
3/12/2022 19:17,1.8.1,Free_feed,1,3.7,1,1,Pellet,Left,0,0,81,0,32.44,39,nan
3/12/2022 19:17,1.8.1,Free_feed,1,3.71,1,1,Pellet,Left,0,0,82,0,0.06,1,nan
3/12/2022 19:17,1.8.1,Free_feed,1,3.7,1,1,Pellet,Left,0,0,83,0,24.19,31,nan
3/12/2022 19:21,1.8.1,Free_feed,1,3.7,1,1,Pellet,Left,0,0,84,0,Timed_out,248,nan
3/12/2022 19:21,1.8.1,Free_feed,1,3.71,1,1,Pellet,Left,0,0,85,0,0.06,2,nan
3/12/2022 19:22,1.8.1,Free_feed,1,3.7,1,1,Pellet,Left,0,0,86,0,33.49,40,nan
3/12/2022 19:29,1.8.1,Free_feed,1,3.69,1,1,Pellet,Left,0,0,87,0,Timed_out,388,nan
3/12/2022 19:29,1.8.1,Free_feed,1,3.7,1,1,Pellet,Left,0,0,88,0,0.48,1,nan
3/12/2022 19:29,1.8.1,Free_feed,1,3.71,1,1,Pellet,Left,0,0,89,0,22.35,29,nan
3/12/2022 19:29,1.8.1,Free_feed,1,3.71,1,1,Pellet,Left,0,0,90,0,0.06,1,nan
3/12/2022 19:29,1.8.1,Free_feed,1,3.71,1,1,Pellet,Left,0,0,91,0,0.06,1,nan
3/12/2022 19:30,1.8.1,Free_feed,1,3.7,1,1,Pellet,Left,0,0,92,0,23.32,30,nan
3/12/2022 19:30,1.8.1,Free_feed,1,3.71,1,1,Pellet,Left,0,0,93,0,0.55,1,nan
3/12/2022 19:30,1.8.1,Free_feed,1,3.7,1,1,Pellet,Left,0,0,94,0,16.62,23,nan
3/12/2022 19:30,1.8.1,Free_feed,1,3.7,2,1,Pellet,Left,0,0,95,0,21.42,30,nan
3/12/2022 19:30,1.8.1,Free_feed,1,3.71,1,1,Pellet,Left,0,0,96,0,0.06,1,nan
3/12/2022 19:41,1.8.1,Free_feed,1,3.7,1,1,Pellet,Left,0,0,97,0,Timed_out,658,nan
3/12/2022 19:41,1.8.1,Free_feed,1,3.71,1,1,Pellet,Left,0,0,98,0,0.06,1,nan
3/12/2022 19:42,1.8.1,Free_feed,1,3.69,1,1,Pellet,Left,0,0,99,0,23.27,30,nan
3/12/2022 19:42,1.8.1,Free_feed,1,3.71,1,1,Pellet,Left,0,0,100,0,0.12,1,nan
3/12/2022 19:42,1.8.1,Free_feed,1,3.7,1,1,Pellet,Left,0,0,101,0,22.58,29,nan
3/12/2022 19:43,1.8.1,Free_feed,1,3.71,1,1,Pellet,Left,0,0,102,0,26.21,33,nan
3/12/2022 19:44,1.8.1,Free_feed,1,3.7,1,1,Pellet,Left,0,0,103,0,26.28,33,nan
3/12/2022 19:44,1.8.1,Free_feed,1,3.71,1,1,Pellet,Left,0,0,104,0,19.94,27,nan
3/12/2022 19:44,1.8.1,Free_feed,1,3.7,1,1,Pellet,Left,0,0,105,0,0.24,1,nan
3/12/2022 19:45,1.8.1,Free_feed,1,3.71,1,1,Pellet,Left,0,0,106,0,23.14,29,nan
3/12/2022 19:45,1.8.1,Free_feed,1,3.7,1,1,Pellet,Left,0,0,107,0,0.61,2,nan
3/12/2022 19:45,1.8.1,Free_feed,1,3.71,2,1,Pellet,Left,0,0,108,0,21.35,28,nan
3/12/2022 20:15,1.8.1,Free_feed,1,3.7,2,1,Pellet,Left,0,0,109,0,Timed_out,1805,nan
3/12/2022 20:16,1.8.1,Free_feed,1,3.71,2,1,Pellet,Left,0,0,110,0,35.34,36,nan
3/12/2022 20:16,1.8.1,Free_feed,1,3.7,1,1,Pellet,Left,0,0,111,0,0.06,3,nan
3/12/2022 20:23,1.8.1,Free_feed,1,3.71,1,1,Pellet,Left,0,0,112,0,Timed_out,408,nan
3/12/2022 20:23,1.8.1,Free_feed,1,3.7,1,1,Pellet,Left,0,0,113,0,19.58,27,nan
3/12/2022 20:24,1.8.1,Free_feed,1,3.69,1,1,Pellet,Left,0,0,114,0,29.49,31,nan
3/12/2022 20:40,1.8.1,Free_feed,1,3.71,1,1,Pellet,Left,0,0,115,0,Timed_out,973,nan
3/12/2022 20:40,1.8.1,Free_feed,1,3.71,1,1,Pellet,Left,0,0,116,0,0.06,1,nan
3/12/2022 20:40,1.8.1,Free_feed,1,3.69,1,1,Pellet,Left,0,0,117,0,24.99,31,nan
3/12/2022 20:41,1.8.1,Free_feed,1,3.7,1,1,Pellet,Left,0,0,118,0,16.62,24,nan
3/12/2022 20:41,1.8.1,Free_feed,1,3.7,2,1,Pellet,Left,0,0,119,0,22.21,30,nan
3/12/2022 20:42,1.8.1,Free_feed,1,3.69,2,1,Pellet,Left,0,0,120,0,19.87,27,nan
3/12/2022 20:54,1.8.1,Free_feed,1,3.71,1,1,Pellet,Left,0,0,121,0,Timed_out,754,nan
3/12/2022 20:55,1.8.1,Free_feed,1,3.7,1,1,Pellet,Left,0,0,122,0,25.49,27,nan
3/12/2022 20:55,1.8.1,Free_feed,1,3.7,1,1,Pellet,Left,0,0,123,0,16.82,23,nan
3/12/2022 20:55,1.8.1,Free_feed,1,3.69,1,1,Pellet,Left,0,0,124,0,21.55,29,nan
3/12/2022 20:56,1.8.1,Free_feed,1,3.7,1,1,Pellet,Left,0,0,125,0,22.35,28,nan
3/12/2022 20:56,1.8.1,Free_feed,1,3.71,1,1,Pellet,Left,0,0,126,0,20.76,28,nan
3/12/2022 20:57,1.8.1,Free_feed,1,3.7,1,1,Pellet,Left,0,0,127,0,20.69,27,nan
3/12/2022 20:57,1.8.1,Free_feed,1,3.7,1,1,Pellet,Left,0,0,128,0,18.78,25,nan
3/12/2022 20:57,1.8.1,Free_feed,1,3.7,1,1,Pellet,Left,0,0,129,0,0.12,1,nan
3/12/2022 20:57,1.8.1,Free_feed,1,3.7,1,1,Pellet,Left,0,0,130,0,0.3,1,nan
3/12/2022 21:04,1.8.1,Free_feed,1,3.7,1,1,Pellet,Left,0,0,131,0,Timed_out,420,nan
3/12/2022 21:04,1.8.1,Free_feed,1,3.7,1,1,Pellet,Left,0,0,132,0,0.06,1,nan
3/12/2022 21:20,1.8.1,Free_feed,1,3.69,1,1,Pellet,Left,0,0,133,0,Timed_out,942,nan
3/12/2022 21:21,1.8.1,Free_feed,1,3.69,1,1,Pellet,Left,0,0,134,0,22.9,29,nan
3/12/2022 21:21,1.8.1,Free_feed,1,3.7,1,1,Pellet,Left,0,0,135,0,17.48,25,nan
3/12/2022 21:21,1.8.1,Free_feed,1,3.69,1,1,Pellet,Left,0,0,136,0,28.14,29,nan
3/12/2022 21:21,1.8.1,Free_feed,1,3.7,1,1,Pellet,Left,0,0,137,0,0.06,1,nan
3/12/2022 21:22,1.8.1,Free_feed,1,3.7,1,1,Pellet,Left,0,0,138,0,22.78,29,nan
3/12/2022 21:22,1.8.1,Free_feed,1,3.71,1,1,Pellet,Left,0,0,139,0,17,23,nan
3/12/2022 21:23,1.8.1,Free_feed,1,3.7,1,1,Pellet,Left,0,0,140,0,28.51,36,nan
3/12/2022 21:47,1.8.1,Free_feed,1,3.69,1,1,Pellet,Left,0,0,141,0,Timed_out,1449,nan
3/12/2022 21:47,1.8.1,Free_feed,1,3.7,1,1,Pellet,Left,0,0,142,0,0.42,1,nan
3/12/2022 22:12,1.8.1,Free_feed,1,3.7,2,1,Pellet,Left,0,0,143,0,Timed_out,1507,nan
3/12/2022 22:12,1.8.1,Free_feed,1,3.7,1,1,Pellet,Left,0,0,144,0,0.06,0,nan
3/12/2022 22:13,1.8.1,Free_feed,1,3.7,2,1,Pellet,Left,0,0,145,0,11.15,21,nan
3/12/2022 22:14,1.8.1,Free_feed,1,3.71,1,1,Pellet,Left,0,0,146,0,Timed_out,91,nan
3/12/2022 22:14,1.8.1,Free_feed,1,3.69,1,1,Pellet,Left,0,0,147,0,0.42,1,nan
3/12/2022 22:14,1.8.1,Free_feed,1,3.7,1,1,Pellet,Left,0,0,148,0,0.06,1,nan
3/12/2022 22:25,1.8.1,Free_feed,1,3.69,1,1,Pellet,Left,0,0,149,0,Timed_out,669,nan
3/12/2022 22:25,1.8.1,Free_feed,1,3.7,1,1,Pellet,Left,0,0,150,0,0.06,2,nan
3/12/2022 22:25,1.8.1,Free_feed,1,3.7,1,1,Pellet,Left,0,0,151,0,0.06,1,nan
3/12/2022 22:26,1.8.1,Free_feed,1,3.69,1,1,Pellet,Left,0,0,152,0,36.83,44,nan
3/12/2022 22:35,1.8.1,Free_feed,1,3.69,1,1,Pellet,Left,0,0,153,0,Timed_out,552,nan
3/12/2022 22:36,1.8.1,Free_feed,1,3.7,1,1,Pellet,Left,0,0,154,0,33.76,40,nan
3/12/2022 22:36,1.8.1,Free_feed,1,3.69,2,1,Pellet,Left,0,0,155,0,7.11,9,nan
3/12/2022 22:38,1.8.1,Free_feed,1,3.7,1,1,Pellet,Left,0,0,156,0,Timed_out,124,nan
3/12/2022 22:39,1.8.1,Free_feed,1,3.69,1,1,Pellet,Left,0,0,157,0,35.24,42,nan
3/12/2022 22:39,1.8.1,Free_feed,1,3.69,1,1,Pellet,Left,0,0,158,0,32.71,39,nan
3/12/2022 22:52,1.8.1,Free_feed,1,3.7,1,1,Pellet,Left,0,0,159,0,Timed_out,779,nan
3/12/2022 22:53,1.8.1,Free_feed,1,3.69,1,1,Pellet,Left,0,0,160,0,26.06,27,nan
3/12/2022 22:53,1.8.1,Free_feed,1,3.69,1,1,Pellet,Left,0,0,161,0,18.6,25,nan
3/12/2022 22:54,1.8.1,Free_feed,1,3.7,1,1,Pellet,Left,0,0,162,0,20.26,27,nan
3/12/2022 22:54,1.8.1,Free_feed,1,3.69,1,1,Pellet,Left,0,0,163,0,23.34,30,nan
3/12/2022 22:54,1.8.1,Free_feed,1,3.7,1,1,Pellet,Left,0,0,164,0,0.06,1,nan
3/12/2022 22:54,1.8.1,Free_feed,1,3.7,1,1,Pellet,Left,0,0,165,0,0.06,1,nan
3/12/2022 22:54,1.8.1,Free_feed,1,3.7,1,1,Pellet,Left,0,0,166,0,0.06,1,nan
3/12/2022 22:55,1.8.1,Free_feed,1,3.69,1,1,Pellet,Left,0,0,167,0,18.29,25,nan
3/12/2022 22:55,1.8.1,Free_feed,1,3.69,1,1,Pellet,Left,0,0,168,0,0.06,1,nan
3/12/2022 23:13,1.8.1,Free_feed,1,3.69,1,1,Pellet,Left,0,0,169,0,Timed_out,1068,nan
3/12/2022 23:13,1.8.1,Free_feed,1,3.7,1,1,Pellet,Left,0,0,170,0,20.07,27,nan
3/12/2022 23:13,1.8.1,Free_feed,1,3.7,1,1,Pellet,Left,0,0,171,0,20.44,27,nan
3/12/2022 23:13,1.8.1,Free_feed,1,3.7,1,1,Pellet,Left,0,0,172,0,0.12,1,nan
3/12/2022 23:39,1.8.1,Free_feed,1,3.69,1,1,Pellet,Left,0,0,173,0,Timed_out,1534,nan
3/12/2022 23:39,1.8.1,Free_feed,1,3.69,1,1,Pellet,Left,0,0,174,0,0.06,1,nan
3/12/2022 23:40,1.8.1,Free_feed,1,3.69,1,1,Pellet,Left,0,0,175,0,44.34,51,nan
3/12/2022 23:40,1.8.1,Free_feed,1,3.7,1,1,Pellet,Left,0,0,176,0,21.73,29,nan
3/12/2022 23:41,1.8.1,Free_feed,1,3.69,1,1,Pellet,Left,0,0,177,0,23.64,29,nan
3/12/2022 23:41,1.8.1,Free_feed,1,3.69,1,1,Pellet,Left,0,0,178,0,20.55,27,nan
3/12/2022 23:42,1.8.1,Free_feed,1,3.69,1,1,Pellet,Left,0,0,179,0,18.9,26,nan
3/12/2022 23:42,1.8.1,Free_feed,1,3.69,1,1,Pellet,Left,0,0,180,0,16.38,23,nan
3/13/2022 0:01,1.8.1,Free_feed,1,3.69,1,1,Pellet,Left,0,0,181,0,Timed_out,1106,nan
3/13/2022 0:01,1.8.1,Free_feed,1,3.69,1,1,Pellet,Left,0,0,182,0,33.73,35,nan
3/13/2022 0:15,1.8.1,Free_feed,1,3.7,1,1,Pellet,Left,0,0,183,0,Timed_out,841,nan
3/13/2022 0:15,1.8.1,Free_feed,1,3.7,1,1,Pellet,Left,0,0,184,0,0.06,1,nan
3/13/2022 0:16,1.8.1,Free_feed,1,3.7,1,1,Pellet,Left,0,0,185,0,24.62,32,nan
3/13/2022 0:16,1.8.1,Free_feed,1,3.69,1,1,Pellet,Left,0,0,186,0,0.06,1,nan
3/13/2022 0:16,1.8.1,Free_feed,1,3.7,1,1,Pellet,Left,0,0,187,0,17.36,23,nan
3/13/2022 0:17,1.8.1,Free_feed,1,3.7,1,1,Pellet,Left,0,0,188,0,17.3,24,nan
3/13/2022 0:17,1.8.1,Free_feed,1,3.69,1,1,Pellet,Left,0,0,189,0,26.59,28,nan
3/13/2022 0:17,1.8.1,Free_feed,1,3.7,1,1,Pellet,Left,0,0,190,0,19.69,27,nan
3/13/2022 0:58,1.8.1,Free_feed,1,3.69,1,1,Pellet,Left,0,0,191,0,Timed_out,2460,nan
3/13/2022 0:59,1.8.1,Free_feed,1,3.69,1,1,Pellet,Left,0,0,192,0,31.58,39,nan
3/13/2022 1:00,1.8.1,Free_feed,1,3.7,2,1,Pellet,Left,0,0,193,0,21.36,30,nan
3/13/2022 1:00,1.8.1,Free_feed,1,3.7,1,1,Pellet,Left,0,0,194,0,23.26,29,nan
3/13/2022 1:08,1.8.1,Free_feed,1,3.69,1,1,Pellet,Left,0,0,195,0,Timed_out,471,nan
3/13/2022 1:08,1.8.1,Free_feed,1,3.69,1,1,Pellet,Left,0,0,196,0,3.12,10,nan
3/13/2022 1:09,1.8.1,Free_feed,1,3.69,1,1,Pellet,Left,0,0,197,0,23.95,31,nan
3/13/2022 1:09,1.8.1,Free_feed,1,3.69,1,1,Pellet,Left,0,0,198,0,16.31,24,nan
3/13/2022 1:09,1.8.1,Free_feed,1,3.7,1,1,Pellet,Left,0,0,199,0,0.06,0,nan
3/13/2022 1:58,1.8.1,Free_feed,1,3.69,1,1,Pellet,Left,0,0,200,0,Timed_out,2911,nan
3/13/2022 1:58,1.8.1,Free_feed,1,3.69,1,1,Pellet,Left,0,0,201,0,0.06,1,nan
3/13/2022 1:58,1.8.1,Free_feed,1,3.69,1,1,Pellet,Left,0,0,202,0,0.06,0,nan
3/13/2022 1:58,1.8.1,Free_feed,1,3.69,1,1,Pellet,Left,0,0,203,0,20.75,28,nan
3/13/2022 1:58,1.8.1,Free_feed,1,3.69,1,1,Pellet,Left,0,0,204,0,21.12,28,nan
3/13/2022 1:59,1.8.1,Free_feed,1,3.69,1,1,Pellet,Left,0,0,205,0,28.08,29,nan
3/13/2022 1:59,1.8.1,Free_feed,1,3.69,1,1,Pellet,Left,0,0,206,0,24.02,30,nan
3/13/2022 2:13,1.8.1,Free_feed,1,3.69,1,1,Pellet,Left,0,0,207,0,Timed_out,831,nan
3/13/2022 2:13,1.8.1,Free_feed,1,3.7,1,1,Pellet,Left,0,0,208,0,0.06,2,nan
3/13/2022 2:13,1.8.1,Free_feed,1,3.7,1,1,Pellet,Left,0,0,209,0,0.24,1,nan
3/13/2022 2:14,1.8.1,Free_feed,1,3.7,2,1,Pellet,Left,0,0,210,0,25.67,32,nan
3/13/2022 2:14,1.8.1,Free_feed,1,3.69,1,1,Pellet,Left,0,0,211,0,0.36,2,nan
3/13/2022 2:14,1.8.1,Free_feed,1,3.69,1,1,Pellet,Left,0,0,212,0,26.59,28,nan
3/13/2022 2:15,1.8.1,Free_feed,1,3.7,1,1,Pellet,Left,0,0,213,0,18.84,25,nan
3/13/2022 2:33,1.8.1,Free_feed,1,3.69,1,1,Pellet,Left,0,0,214,0,Timed_out,1108,nan
3/13/2022 2:33,1.8.1,Free_feed,1,3.7,1,1,Pellet,Left,0,0,215,0,0.3,1,nan
3/13/2022 2:34,1.8.1,Free_feed,1,3.69,1,1,Pellet,Left,0,0,216,0,10.3,17,nan
3/13/2022 2:34,1.8.1,Free_feed,1,3.69,1,1,Pellet,Left,0,0,217,0,0.06,1,nan
3/13/2022 2:34,1.8.1,Free_feed,1,3.69,1,1,Pellet,Left,0,0,218,0,20.01,27,nan
3/13/2022 2:34,1.8.1,Free_feed,1,3.69,1,1,Pellet,Left,0,0,219,0,18.29,25,nan
3/13/2022 3:21,1.8.1,Free_feed,1,3.69,1,1,Pellet,Left,0,0,220,0,Timed_out,2780,nan
3/13/2022 3:21,1.8.1,Free_feed,1,3.69,1,1,Pellet,Left,0,0,221,0,0.18,1,nan
3/13/2022 3:22,1.8.1,Free_feed,1,3.7,1,1,Pellet,Left,0,0,222,0,46.67,54,nan
3/13/2022 4:12,1.8.1,Free_feed,1,3.69,1,1,Pellet,Left,0,0,223,0,Timed_out,3013,nan
3/13/2022 4:13,1.8.1,Free_feed,1,3.69,1,1,Pellet,Left,0,0,224,0,31.96,39,nan
3/13/2022 4:13,1.8.1,Free_feed,1,3.69,1,1,Pellet,Left,0,0,225,0,34.6,42,nan
3/13/2022 4:42,1.8.1,Free_feed,1,3.69,1,1,Pellet,Left,0,0,226,0,Timed_out,1734,nan
3/13/2022 4:43,1.8.1,Free_feed,1,3.69,1,1,Pellet,Left,0,0,227,0,19.83,26,nan
3/13/2022 4:43,1.8.1,Free_feed,1,3.7,1,1,Pellet,Left,0,0,228,0,24.44,32,nan
3/13/2022 4:44,1.8.1,Free_feed,1,3.69,1,1,Pellet,Left,0,0,229,0,17.37,23,nan
3/13/2022 5:30,1.8.1,Free_feed,1,3.69,1,1,Pellet,Left,0,0,230,0,Timed_out,2807,nan
3/13/2022 5:30,1.8.1,Free_feed,1,3.69,1,1,Pellet,Left,0,0,231,0,0.06,1,nan
3/13/2022 5:30,1.8.1,Free_feed,1,3.69,1,1,Pellet,Left,0,0,232,0,0.06,1,nan
3/13/2022 5:31,1.8.1,Free_feed,1,3.69,1,1,Pellet,Left,0,0,233,0,30.37,37,nan
3/13/2022 5:33,1.8.1,Free_feed,1,3.69,2,1,Pellet,Left,0,0,234,0,Timed_out,143,nan
3/13/2022 5:34,1.8.1,Free_feed,1,3.69,1,1,Pellet,Left,0,0,235,0,14.05,14,nan
3/13/2022 5:35,1.8.1,Free_feed,1,3.69,1,1,Pellet,Left,0,0,236,0,49.22,57,nan
3/13/2022 5:35,1.8.1,Free_feed,1,3.69,1,1,Pellet,Left,0,0,237,0,0.06,0,nan
3/13/2022 5:35,1.8.1,Free_feed,1,3.69,1,1,Pellet,Left,0,0,238,0,0.06,2,nan
3/13/2022 5:35,1.8.1,Free_feed,1,3.69,4,1,Pellet,Left,0,0,239,0,26.18,37,nan
3/13/2022 5:55,1.8.1,Free_feed,1,3.69,1,1,Pellet,Left,0,0,240,0,Timed_out,1219,nan
3/13/2022 5:55,1.8.1,Free_feed,1,3.69,1,1,Pellet,Left,0,0,241,0,0.06,1,nan
3/13/2022 5:56,1.8.1,Free_feed,1,3.69,1,1,Pellet,Left,0,0,242,0,30.92,32,nan
3/13/2022 5:56,1.8.1,Free_feed,1,3.69,1,1,Pellet,Left,0,0,243,0,0.12,1,nan
3/13/2022 5:56,1.8.1,Free_feed,1,3.69,1,1,Pellet,Left,0,0,244,0,16.45,23,nan
3/13/2022 5:57,1.8.1,Free_feed,1,3.69,1,1,Pellet,Left,0,0,245,0,19.76,26,nan
3/13/2022 6:12,1.8.1,Free_feed,1,3.69,1,1,Pellet,Left,0,0,246,0,Timed_out,937,nan
3/13/2022 6:13,1.8.1,Free_feed,1,3.69,2,1,Pellet,Left,0,0,247,0,13.92,22,nan
3/13/2022 6:13,1.8.1,Free_feed,1,3.69,1,1,Pellet,Left,0,0,248,0,13.8,21,nan
3/13/2022 6:14,1.8.1,Free_feed,1,3.69,2,1,Pellet,Left,0,0,249,0,12.32,22,nan
3/13/2022 6:14,1.8.1,Free_feed,1,3.69,1,1,Pellet,Left,0,0,250,0,23.7,30,nan
3/13/2022 6:14,1.8.1,Free_feed,1,3.69,1,1,Pellet,Left,0,0,251,0,18.66,25,nan
3/13/2022 6:35,1.8.1,Free_feed,1,3.69,1,1,Pellet,Left,0,0,252,0,Timed_out,1212,nan
3/13/2022 6:35,1.8.1,Free_feed,1,3.69,1,1,Pellet,Left,0,0,253,0,0.24,1,nan
3/13/2022 6:35,1.8.1,Free_feed,1,3.69,1,1,Pellet,Left,0,0,254,0,24.64,26,nan
3/13/2022 6:35,1.8.1,Free_feed,1,3.69,1,1,Pellet,Left,0,0,255,0,14.97,22,nan
3/13/2022 6:36,1.8.1,Free_feed,1,3.69,1,1,Pellet,Left,0,0,256,0,16.02,23,nan
3/13/2022 6:36,1.8.1,Free_feed,1,3.69,1,1,Pellet,Left,0,0,257,0,16.39,23,nan
3/13/2022 6:36,1.8.1,Free_feed,1,3.69,1,1,Pellet,Left,0,0,258,0,0.06,1,nan
3/13/2022 7:11,1.8.1,Free_feed,1,3.69,1,1,Pellet,Left,0,0,259,0,Timed_out,2069,nan
3/13/2022 7:11,1.8.1,Free_feed,1,3.69,1,1,Pellet,Left,0,0,260,0,15.52,22,nan
3/13/2022 7:11,1.8.1,Free_feed,1,3.69,1,1,Pellet,Left,0,0,261,0,13.92,21,nan
3/13/2022 7:12,1.8.1,Free_feed,1,3.69,1,1,Pellet,Left,0,0,262,0,16.25,17,nan
3/13/2022 7:12,1.8.1,Free_feed,1,3.69,1,1,Pellet,Left,0,0,263,0,12.75,20,nan
3/13/2022 7:13,1.8.1,Free_feed,1,3.69,1,1,Pellet,Left,0,0,264,0,19.21,25,nan
3/13/2022 7:13,1.8.1,Free_feed,1,3.69,1,1,Pellet,Left,0,0,265,0,13.86,21,nan
3/13/2022 7:13,1.8.1,Free_feed,1,3.69,1,1,Pellet,Left,0,0,266,0,12.57,19,nan
3/13/2022 7:34,1.8.1,Free_feed,1,3.69,1,1,Pellet,Left,0,0,267,0,Timed_out,1258,nan
3/13/2022 7:35,1.8.1,Free_feed,1,3.69,1,1,Pellet,Left,0,0,268,0,23.83,30,nan
3/13/2022 9:26,1.8.1,Free_feed,1,3.69,1,1,Pellet,Left,0,0,269,0,Timed_out,6669,nan
3/13/2022 9:26,1.8.1,Free_feed,1,3.69,1,1,Pellet,Left,0,0,270,0,26.24,34,nan
3/13/2022 9:27,1.8.1,Free_feed,1,3.69,1,1,Pellet,Left,0,0,271,0,18.48,25,nan
3/13/2022 9:27,1.8.1,Free_feed,1,3.69,1,1,Pellet,Left,0,0,272,0,26.04,27,nan
3/13/2022 9:27,1.8.1,Free_feed,1,3.69,1,1,Pellet,Left,0,0,273,0,0.12,1,nan
3/13/2022 9:27,1.8.1,Free_feed,1,3.69,1,1,Pellet,Left,0,0,274,0,0.06,1,nan
3/13/2022 9:55,1.8.1,Free_feed,1,3.69,1,1,Pellet,Left,0,0,275,0,Timed_out,1669,nan
3/13/2022 9:55,1.8.1,Free_feed,1,3.69,1,1,Pellet,Left,0,0,276,0,0.18,1,nan
3/13/2022 9:55,1.8.1,Free_feed,1,3.69,1,1,Pellet,Left,0,0,277,0,0.12,1,nan
3/13/2022 9:55,1.8.1,Free_feed,1,3.69,1,1,Pellet,Left,0,0,278,0,0.06,1,nan
3/13/2022 9:56,1.8.1,Free_feed,1,3.69,1,1,Pellet,Left,0,0,279,0,29.08,37,nan
3/13/2022 9:56,1.8.1,Free_feed,1,3.67,2,1,Pellet,Left,0,0,280,0,20.44,27,nan
3/13/2022 9:57,1.8.1,Free_feed,1,3.69,1,1,Pellet,Left,0,0,281,0,34.56,36,nan
3/13/2022 9:57,1.8.1,Free_feed,1,3.69,1,1,Pellet,Left,0,0,282,0,22.04,29,nan
3/13/2022 10:38,1.8.1,Free_feed,1,3.69,1,1,Pellet,Left,0,0,283,0,Timed_out,2439,nan
3/13/2022 10:38,1.8.1,Free_feed,1,3.68,1,1,Pellet,Left,0,0,284,0,0.73,2,nan
3/13/2022 10:38,1.8.1,Free_feed,1,3.69,1,1,Pellet,Left,0,0,285,0,0.48,2,nan
3/13/2022 10:39,1.8.1,Free_feed,1,3.69,1,1,Pellet,Left,0,0,286,0,28.82,35,nan
3/13/2022 10:39,1.8.1,Free_feed,1,3.69,1,1,Pellet,Left,0,0,287,0,26.6,28,nan
3/13/2022 10:40,1.8.1,Free_feed,1,3.69,1,1,Pellet,Left,0,0,288,0,25.43,32,nan
3/13/2022 11:29,1.8.1,Free_feed,1,3.69,1,1,Pellet,Left,0,0,289,0,Timed_out,2953,nan
3/13/2022 11:29,1.8.1,Free_feed,1,3.69,1,1,Pellet,Left,0,0,290,0,0.97,3,nan
3/13/2022 11:30,1.8.1,Free_feed,1,3.69,1,1,Pellet,Left,0,0,291,0,Timed_out,98,nan
3/13/2022 11:30,1.8.1,Free_feed,1,3.69,1,1,Pellet,Left,0,0,292,0,0.06,1,nan
3/13/2022 12:16,1.8.1,Free_feed,1,3.69,1,1,Pellet,Left,0,0,293,0,Timed_out,2751,nan
3/13/2022 12:17,1.8.1,Free_feed,1,3.68,1,1,Pellet,Left,0,0,294,0,9.07,16,nan
3/13/2022 12:17,1.8.1,Free_feed,1,3.69,1,1,Pellet,Left,0,0,295,0,1.52,2,nan
3/13/2022 12:17,1.8.1,Free_feed,1,3.69,1,1,Pellet,Left,0,0,296,0,32.51,40,nan
3/13/2022 12:17,1.8.1,Free_feed,1,3.69,1,1,Pellet,Left,0,0,297,0,0.12,1,nan
3/13/2022 12:18,1.8.1,Free_feed,1,3.69,1,1,Pellet,Left,0,0,298,0,20.74,27,nan
3/13/2022 12:35,1.8.1,Free_feed,1,3.69,3,1,Pellet,Left,0,0,299,0,Timed_out,1049,nan
3/13/2022 12:35,1.8.1,Free_feed,1,3.68,1,1,Pellet,Left,0,0,300,0,0.18,1,nan
3/13/2022 12:36,1.8.1,Free_feed,1,3.69,2,1,Pellet,Left,0,0,301,0,28.75,36,nan
3/13/2022 12:36,1.8.1,Free_feed,1,3.68,2,1,Pellet,Left,0,0,302,0,25.42,27,nan
3/13/2022 12:37,1.8.1,Free_feed,1,3.68,2,1,Pellet,Left,0,0,303,0,19.09,26,nan
3/13/2022 13:48,1.8.1,Free_feed,1,3.69,2,1,Pellet,Left,0,0,304,0,Timed_out,4282,nan
3/13/2022 13:48,1.8.1,Free_feed,1,3.68,1,1,Pellet,Left,0,0,305,0,11.71,18,nan
3/13/2022 13:49,1.8.1,Free_feed,1,3.69,1,1,Pellet,Left,0,0,306,0,26.16,33,nan
3/13/2022 13:49,1.8.1,Free_feed,1,3.69,1,1,Pellet,Left,0,0,307,0,21.85,28,nan
3/13/2022 13:49,1.8.1,Free_feed,1,3.69,1,1,Pellet,Left,0,0,308,0,0.12,1,nan
3/13/2022 13:50,1.8.1,Free_feed,1,3.69,1,1,Pellet,Left,0,0,309,0,24.51,32,nan
3/13/2022 14:54,1.8.1,Free_feed,1,3.69,1,1,Pellet,Left,0,0,310,0,Timed_out,3851,nan
3/13/2022 15:08,1.8.1,Free_feed,1,3.68,1,1,Pellet,Left,0,0,311,0,Timed_out,821,nan
3/13/2022 15:08,1.8.1,Free_feed,1,3.68,1,1,Pellet,Left,0,0,312,0,0.06,0,nan
3/13/2022 15:55,1.8.1,Free_feed,1,3.69,1,1,Pellet,Left,0,0,313,0,Timed_out,2799,nan
3/13/2022 15:55,1.8.1,Free_feed,1,3.68,1,1,Pellet,Left,0,0,314,0,0.24,2,nan
3/13/2022 15:55,1.8.1,Free_feed,1,3.68,1,1,Pellet,Left,0,0,315,0,28.32,34,nan
3/13/2022 15:56,1.8.1,Free_feed,1,3.68,2,1,Pellet,Left,0,0,316,0,24.14,31,nan
3/13/2022 15:56,1.8.1,Free_feed,1,3.68,1,1,Pellet,Left,0,0,317,0,18.16,25,nan
3/13/2022 15:56,1.8.1,Free_feed,1,3.69,2,1,Pellet,Left,0,0,318,0,16.75,26,nan
3/13/2022 16:47,1.8.1,Free_feed,1,3.68,1,1,Pellet,Left,0,0,319,0,Timed_out,3029,nan
3/13/2022 16:47,1.8.1,Free_feed,1,3.68,1,1,Pellet,Left,0,0,320,0,0.06,2,nan
3/13/2022 16:47,1.8.1,Free_feed,1,3.68,1,1,Pellet,Left,0,0,321,0,0.18,1,nan
3/13/2022 16:48,1.8.1,Free_feed,1,3.68,1,1,Pellet,Left,0,0,322,0,24.06,30,nan
3/13/2022 16:48,1.8.1,Free_feed,1,3.68,1,1,Pellet,Left,0,0,323,0,36.4,38,nan
3/13/2022 16:49,1.8.1,Free_feed,1,3.68,1,1,Pellet,Left,0,0,324,0,20.63,28,nan
3/13/2022 17:23,1.8.1,Free_feed,1,3.68,1,1,Pellet,Left,0,0,325,0,Timed_out,2083,nan
3/13/2022 17:36,1.8.1,Free_feed,1,3.68,1,1,Pellet,Left,0,0,326,0,Timed_out,760,nan
3/13/2022 17:36,1.8.1,Free_feed,1,3.68,1,1,Pellet,Left,0,0,327,0,26.66,28,nan
3/13/2022 17:37,1.8.1,Free_feed,1,3.68,1,1,Pellet,Left,0,0,328,0,18.22,25,nan
3/13/2022 17:37,1.8.1,Free_feed,1,3.67,1,1,Pellet,Left,0,0,329,0,22.23,29,nan
3/13/2022 17:38,1.8.1,Free_feed,1,3.68,1,1,Pellet,Left,0,0,330,0,20.5,27,nan
3/13/2022 18:05,1.8.1,Free_feed,1,3.68,1,1,Pellet,Left,0,0,331,0,Timed_out,1616,nan
3/13/2022 18:05,1.8.1,Free_feed,1,3.68,1,1,Pellet,Left,0,0,332,0,0.06,1,nan
3/13/2022 18:05,1.8.1,Free_feed,1,3.68,2,1,Pellet,Left,0,0,333,0,24.45,31,nan
3/13/2022 18:06,1.8.1,Free_feed,1,3.68,1,1,Pellet,Left,0,0,334,0,25.74,32,nan
3/13/2022 18:06,1.8.1,Free_feed,1,3.69,1,1,Pellet,Left,0,0,335,0,16.25,23,nan
3/13/2022 18:06,1.8.1,Free_feed,1,3.68,1,1,Pellet,Left,0,0,336,0,2.5,9,nan
3/13/2022 18:07,1.8.1,Free_feed,1,3.68,1,1,Pellet,Left,0,0,337,0,16.75,23,nan
3/13/2022 18:07,1.8.1,Free_feed,1,3.69,1,1,Pellet,Left,0,0,338,0,0.12,4,nan
3/13/2022 18:07,1.8.1,Free_feed,1,3.68,1,1,Pellet,Left,0,0,339,0,19.52,26,nan
3/13/2022 18:51,1.8.1,Free_feed,1,3.69,1,1,Pellet,Left,0,0,340,0,Timed_out,2605,nan
3/13/2022 18:51,1.8.1,Free_feed,1,3.68,1,1,Pellet,Left,0,0,341,0,28.19,35,nan
3/13/2022 18:52,1.8.1,Free_feed,1,3.67,1,1,Pellet,Left,0,0,342,0,21.78,29,nan
3/13/2022 18:52,1.8.1,Free_feed,1,3.69,2,1,Pellet,Left,0,0,343,0,12.51,21,nan
3/13/2022 18:53,1.8.1,Free_feed,1,3.68,2,1,Pellet,Left,0,0,344,0,22.97,32,nan
3/13/2022 19:06,1.8.1,Free_feed,1,3.68,1,1,Pellet,Left,0,0,345,0,Timed_out,820,nan
3/13/2022 19:06,1.8.1,Free_feed,1,3.67,1,1,Pellet,Left,0,0,346,0,0.3,2,nan
3/13/2022 19:07,1.8.1,Free_feed,1,3.68,1,1,Pellet,Left,0,0,347,0,29.67,36,nan
3/13/2022 19:07,1.8.1,Free_feed,1,3.67,1,1,Pellet,Left,0,0,348,0,0.06,1,nan
3/13/2022 19:07,1.8.1,Free_feed,1,3.68,2,1,Pellet,Left,0,0,349,0,21.54,29,nan
3/13/2022 19:08,1.8.1,Free_feed,1,3.68,1,1,Pellet,Left,0,0,350,0,19.69,26,nan
3/13/2022 19:09,1.8.1,Free_feed,1,3.68,1,1,Pellet,Left,0,0,351,0,37.32,43,nan
3/13/2022 19:34,1.8.1,Free_feed,1,3.67,1,1,Pellet,Left,0,0,352,0,Timed_out,1538,nan
3/13/2022 19:35,1.8.1,Free_feed,1,3.68,1,1,Pellet,Left,0,0,353,0,16.2,23,nan
3/13/2022 19:35,1.8.1,Free_feed,1,3.68,1,1,Pellet,Left,0,0,354,0,16.44,24,nan
3/13/2022 19:35,1.8.1,Free_feed,1,3.67,1,1,Pellet,Left,0,0,355,0,21.61,28,nan
3/13/2022 19:36,1.8.1,Free_feed,1,3.67,1,1,Pellet,Left,0,0,356,0,34.74,41,nan
3/13/2022 19:36,1.8.1,Free_feed,1,3.68,1,1,Pellet,Left,0,0,357,0,0.24,1,nan
3/13/2022 19:36,1.8.1,Free_feed,1,3.68,1,1,Pellet,Left,0,0,358,0,14.05,20,nan
3/13/2022 19:36,1.8.1,Free_feed,1,3.68,1,1,Pellet,Left,0,0,359,0,0.91,2,nan
3/13/2022 19:37,1.8.1,Free_feed,1,3.67,1,1,Pellet,Left,0,0,360,0,12.88,20,nan
3/13/2022 19:43,1.8.1,Free_feed,1,3.68,1,1,Pellet,Left,0,0,361,0,Timed_out,358,nan
3/13/2022 19:51,1.8.1,Free_feed,1,3.67,1,1,Pellet,Left,0,0,362,0,Timed_out,518,nan
3/13/2022 19:52,1.8.1,Free_feed,1,3.68,1,1,Pellet,Left,0,0,363,0,38.37,45,nan
3/13/2022 19:53,1.8.1,Free_feed,1,3.68,1,1,Pellet,Left,0,0,364,0,16.38,23,nan
3/13/2022 19:53,1.8.1,Free_feed,1,3.69,1,1,Pellet,Left,0,0,365,0,0.06,2,nan
3/13/2022 19:53,1.8.1,Free_feed,1,3.67,2,1,Pellet,Left,0,0,366,0,15.46,22,nan
3/13/2022 19:53,1.8.1,Free_feed,1,3.67,1,1,Pellet,Left,0,0,367,0,0.06,1,nan
3/13/2022 19:53,1.8.1,Free_feed,1,3.69,1,1,Pellet,Left,0,0,368,0,12.75,19,nan
3/13/2022 20:08,1.8.1,Free_feed,1,3.68,1,1,Pellet,Left,0,0,369,0,Timed_out,901,nan
3/13/2022 20:09,1.8.1,Free_feed,1,3.68,1,1,Pellet,Left,0,0,370,0,21.06,22,nan
3/13/2022 20:09,1.8.1,Free_feed,1,3.68,1,1,Pellet,Left,0,0,371,0,17.05,20,nan
3/13/2022 20:09,1.8.1,Free_feed,1,3.68,1,1,Pellet,Left,0,0,372,0,15.08,16,nan
3/13/2022 20:10,1.8.1,Free_feed,1,3.68,1,1,Pellet,Left,0,0,373,0,13.55,21,nan
3/13/2022 20:23,1.8.1,Free_feed,1,3.68,1,1,Pellet,Left,0,0,374,0,Timed_out,827,nan
3/13/2022 20:24,1.8.1,Free_feed,1,3.68,2,1,Pellet,Left,0,0,375,0,18.41,22,nan
3/13/2022 20:24,1.8.1,Free_feed,1,3.68,1,1,Pellet,Left,0,0,376,0,11.22,18,nan
3/13/2022 20:24,1.8.1,Free_feed,1,3.68,1,1,Pellet,Left,0,0,377,0,14.05,21,nan
3/13/2022 20:25,1.8.1,Free_feed,1,3.68,1,1,Pellet,Left,0,0,378,0,12.51,20,nan
3/13/2022 20:44,1.8.1,Free_feed,1,3.68,1,1,Pellet,Left,0,0,379,0,Timed_out,1152,nan
3/13/2022 20:44,1.8.1,Free_feed,1,3.69,1,1,Pellet,Left,0,0,380,0,0.06,1,nan
3/13/2022 20:44,1.8.1,Free_feed,1,3.67,1,1,Pellet,Left,0,0,381,0,5.14,6,nan
3/13/2022 20:44,1.8.1,Free_feed,1,3.68,1,1,Pellet,Left,0,0,382,0,0.06,1,nan
3/13/2022 20:44,1.8.1,Free_feed,1,3.68,1,1,Pellet,Left,0,0,383,0,4.47,6,nan
3/13/2022 20:44,1.8.1,Free_feed,1,3.67,3,1,Pellet,Left,0,0,384,0,7.72,11,nan
3/13/2022 20:44,1.8.1,Free_feed,1,3.69,1,1,Pellet,Left,0,0,385,0,0.06,1,nan
3/13/2022 20:44,1.8.1,Free_feed,1,3.67,2,1,Pellet,Left,0,0,386,0,1.83,4,nan
3/13/2022 20:45,1.8.1,Free_feed,1,3.68,2,1,Pellet,Left,0,0,387,0,4.96,6,nan
3/13/2022 20:45,1.8.1,Free_feed,1,3.68,2,1,Pellet,Left,0,0,388,0,43.48,50,nan
3/13/2022 20:46,1.8.1,Free_feed,1,3.67,1,1,Pellet,Left,0,0,389,0,56.17,63,nan
3/13/2022 20:56,1.8.1,Free_feed,1,3.68,1,1,Pellet,Left,0,0,390,0,Timed_out,566,nan
3/13/2022 21:00,1.8.1,Free_feed,1,3.68,2,1,Pellet,Left,0,0,391,0,Timed_out,235,nan
3/13/2022 21:00,1.8.1,Free_feed,1,3.68,1,1,Pellet,Left,0,0,392,0,20.62,28,nan
3/13/2022 21:01,1.8.1,Free_feed,1,3.67,1,1,Pellet,Left,0,0,393,0,13.61,20,nan
3/13/2022 21:01,1.8.1,Free_feed,1,3.67,1,1,Pellet,Left,0,0,394,0,17.79,24,nan
3/13/2022 21:01,1.8.1,Free_feed,1,3.67,2,1,Pellet,Left,0,0,395,0,12.32,20,nan
3/13/2022 21:22,1.8.1,Free_feed,1,3.67,1,1,Pellet,Left,0,0,396,0,Timed_out,1227,nan
3/13/2022 21:22,1.8.1,Free_feed,1,3.68,1,1,Pellet,Left,0,0,397,0,0.06,1,nan
3/13/2022 21:23,1.8.1,Free_feed,1,3.68,2,1,Pellet,Left,0,0,398,0,36.21,45,nan
3/13/2022 21:23,1.8.1,Free_feed,1,3.68,1,1,Pellet,Left,0,0,399,0,24.69,26,nan
3/13/2022 21:23,1.8.1,Free_feed,1,3.67,1,1,Pellet,Left,0,0,400,0,0.06,1,nan
3/13/2022 21:35,1.8.1,Free_feed,1,3.68,1,1,Pellet,Left,0,0,401,0,Timed_out,716,nan
3/13/2022 21:47,1.8.1,Free_feed,1,3.67,1,1,Pellet,Left,0,0,402,0,Timed_out,732,nan
3/13/2022 21:47,1.8.1,Free_feed,1,3.68,1,1,Pellet,Left,0,0,403,0,0.36,1,nan
3/13/2022 21:48,1.8.1,Free_feed,1,3.67,1,1,Pellet,Left,0,0,404,0,21.23,22,nan
3/13/2022 21:48,1.8.1,Free_feed,1,3.68,1,1,Pellet,Left,0,0,405,0,0.06,1,nan
3/13/2022 21:48,1.8.1,Free_feed,1,3.67,2,1,Pellet,Left,0,0,406,0,13.24,20,nan
3/13/2022 21:48,1.8.1,Free_feed,1,3.68,2,1,Pellet,Left,0,0,407,0,17.61,24,nan
3/13/2022 21:48,1.8.1,Free_feed,1,3.68,1,1,Pellet,Left,0,0,408,0,0.06,1,nan
3/13/2022 21:49,1.8.1,Free_feed,1,3.67,1,1,Pellet,Left,0,0,409,0,16.5,23,nan
3/13/2022 21:49,1.8.1,Free_feed,1,3.67,1,1,Pellet,Left,0,0,410,0,0.06,1,nan
3/13/2022 21:49,1.8.1,Free_feed,1,3.68,1,1,Pellet,Left,0,0,411,0,16.19,23,nan
3/13/2022 21:49,1.8.1,Free_feed,1,3.67,1,1,Pellet,Left,0,0,412,0,0.73,1,nan
3/13/2022 21:49,1.8.1,Free_feed,1,3.68,1,1,Pellet,Left,0,0,413,0,0.06,1,nan
3/13/2022 22:04,1.8.1,Free_feed,1,3.68,2,1,Pellet,Left,0,0,414,0,Timed_out,907,nan
3/13/2022 22:04,1.8.1,Free_feed,1,3.67,1,1,Pellet,Left,0,0,415,0,0.06,1,nan
3/13/2022 22:12,1.8.1,Free_feed,1,3.68,1,1,Pellet,Left,0,0,416,0,Timed_out,443,nan
3/13/2022 22:12,1.8.1,Free_feed,1,3.68,1,1,Pellet,Left,0,0,417,0,24.25,25,nan
3/13/2022 22:12,1.8.1,Free_feed,1,3.67,1,1,Pellet,Left,0,0,418,0,10.29,17,nan
3/13/2022 22:12,1.8.1,Free_feed,1,3.68,1,1,Pellet,Left,0,0,419,0,0.06,1,nan
3/13/2022 22:12,1.8.1,Free_feed,1,3.67,1,1,Pellet,Left,0,0,420,0,0.06,2,nan
3/13/2022 22:13,1.8.1,Free_feed,1,3.68,1,1,Pellet,Left,0,0,421,0,10.17,17,nan
3/13/2022 22:13,1.8.1,Free_feed,1,3.67,1,1,Pellet,Left,0,0,422,0,13.3,20,nan
3/13/2022 22:13,1.8.1,Free_feed,1,3.67,1,1,Pellet,Left,0,0,423,0,0.24,1,nan
3/13/2022 22:13,1.8.1,Free_feed,1,3.67,1,1,Pellet,Left,0,0,424,0,13.8,21,nan
3/13/2022 22:13,1.8.1,Free_feed,1,3.68,1,1,Pellet,Left,0,0,425,0,0.12,0,nan
3/13/2022 22:14,1.8.1,Free_feed,1,3.68,1,1,Pellet,Left,0,0,426,0,13.55,20,nan
3/13/2022 22:36,1.8.1,Free_feed,1,3.67,2,1,Pellet,Left,0,0,427,0,Timed_out,1352,nan
3/13/2022 22:36,1.8.1,Free_feed,1,3.68,1,1,Pellet,Left,0,0,428,0,0.48,2,nan
3/13/2022 22:37,1.8.1,Free_feed,1,3.67,1,1,Pellet,Left,0,0,429,0,17.43,24,nan
3/13/2022 22:37,1.8.1,Free_feed,1,3.67,1,1,Pellet,Left,0,0,430,0,23.16,25,nan
3/13/2022 22:37,1.8.1,Free_feed,1,3.67,1,1,Pellet,Left,0,0,431,0,13.12,20,nan
3/13/2022 22:38,1.8.1,Free_feed,1,3.68,1,1,Pellet,Left,0,0,432,0,18.41,20,nan
3/13/2022 22:54,1.8.1,Free_feed,1,3.67,1,1,Pellet,Left,0,0,433,0,Timed_out,985,nan
3/13/2022 22:55,1.8.1,Free_feed,1,3.68,1,1,Pellet,Left,0,0,434,0,55.68,63,nan
3/13/2022 22:55,1.8.1,Free_feed,1,3.67,1,1,Pellet,Left,0,0,435,0,0.06,0,nan
3/13/2022 22:56,1.8.1,Free_feed,1,3.67,2,1,Pellet,Left,0,0,436,0,23.22,32,nan
3/13/2022 22:56,1.8.1,Free_feed,1,3.67,1,1,Pellet,Left,0,0,437,0,10.48,17,nan
3/13/2022 22:56,1.8.1,Free_feed,1,3.67,1,1,Pellet,Left,0,0,438,0,13,20,nan
3/13/2022 22:57,1.8.1,Free_feed,1,3.68,1,1,Pellet,Left,0,0,439,0,13.31,20,nan
3/13/2022 22:57,1.8.1,Free_feed,1,3.67,1,1,Pellet,Left,0,0,440,0,12.51,19,nan
3/13/2022 22:57,1.8.1,Free_feed,1,3.67,1,1,Pellet,Left,0,0,441,0,13.8,21,nan
3/13/2022 22:58,1.8.1,Free_feed,1,3.68,1,1,Pellet,Left,0,0,442,0,20.31,21,nan
3/13/2022 22:58,1.8.1,Free_feed,1,3.67,1,1,Pellet,Left,0,0,443,0,15.65,23,nan
3/13/2022 23:24,1.8.1,Free_feed,1,3.67,1,1,Pellet,Left,0,0,444,0,Timed_out,1551,nan
3/13/2022 23:24,1.8.1,Free_feed,1,3.67,2,1,Pellet,Left,0,0,445,0,14.29,21,nan
3/13/2022 23:25,1.8.1,Free_feed,1,3.68,2,1,Pellet,Left,0,0,446,0,7.17,16,nan
3/13/2022 23:25,1.8.1,Free_feed,1,3.68,2,1,Pellet,Left,0,0,447,0,8.95,18,nan
3/13/2022 23:25,1.8.1,Free_feed,1,3.68,1,1,Pellet,Left,0,0,448,0,12.45,19,nan
3/13/2022 23:25,1.8.1,Free_feed,1,3.68,1,1,Pellet,Left,0,0,449,0,18.17,20,nan
3/13/2022 23:26,1.8.1,Free_feed,1,3.68,1,1,Pellet,Left,0,0,450,0,13.55,21,nan
3/13/2022 23:47,1.8.1,Free_feed,1,3.67,1,1,Pellet,Left,0,0,451,0,Timed_out,1292,nan
3/13/2022 23:48,1.8.1,Free_feed,1,3.67,2,1,Pellet,Left,0,0,452,0,12.38,21,nan
3/13/2022 23:48,1.8.1,Free_feed,1,3.67,1,1,Pellet,Left,0,0,453,0,0.06,0,nan
3/13/2022 23:48,1.8.1,Free_feed,1,3.67,1,1,Pellet,Left,0,0,454,0,18.72,21,nan
3/13/2022 23:48,1.8.1,Free_feed,1,3.67,1,1,Pellet,Left,0,0,455,0,13.74,20,nan
3/13/2022 23:48,1.8.1,Free_feed,1,3.67,1,1,Pellet,Left,0,0,456,0,0.24,1,nan
3/13/2022 23:49,1.8.1,Free_feed,1,3.67,1,1,Pellet,Left,0,0,457,0,14.85,22,nan
3/13/2022 23:49,1.8.1,Free_feed,1,3.67,1,1,Pellet,Left,0,0,458,0,12.57,20,nan
3/13/2022 23:49,1.8.1,Free_feed,1,3.67,1,1,Pellet,Left,0,0,459,0,15.21,21,nan
3/13/2022 23:49,1.8.1,Free_feed,1,3.68,1,1,Pellet,Left,0,0,460,0,0.06,1,nan
3/13/2022 23:50,1.8.1,Free_feed,1,3.68,1,1,Pellet,Left,0,0,461,0,0.06,1,nan
3/14/2022 0:07,1.8.1,Free_feed,1,3.67,2,1,Pellet,Left,0,0,462,0,Timed_out,1028,nan
3/14/2022 0:07,1.8.1,Free_feed,1,3.68,1,1,Pellet,Left,0,0,463,0,0.24,1,nan
3/14/2022 0:07,1.8.1,Free_feed,1,3.67,1,1,Pellet,Left,0,0,464,0,18.89,20,nan
3/14/2022 0:07,1.8.1,Free_feed,1,3.67,1,1,Pellet,Left,0,0,465,0,13.61,21,nan
3/14/2022 0:08,1.8.1,Free_feed,1,3.67,3,1,Pellet,Left,0,0,466,0,10.11,20,nan
3/14/2022 0:08,1.8.1,Free_feed,1,3.68,1,1,Pellet,Left,0,0,467,0,11.28,19,nan
3/14/2022 0:08,1.8.1,Free_feed,1,3.67,1,1,Pellet,Left,0,0,468,0,13.79,20,nan
3/14/2022 0:09,1.8.1,Free_feed,1,3.67,1,1,Pellet,Left,0,0,469,0,15.52,22,nan
3/14/2022 0:09,1.8.1,Free_feed,1,3.68,2,1,Pellet,Left,0,0,470,0,9.31,16,nan
3/14/2022 0:09,1.8.1,Free_feed,1,3.67,1,1,Pellet,Left,0,0,471,0,9.31,15,nan
3/14/2022 0:09,1.8.1,Free_feed,1,3.67,1,1,Pellet,Left,0,0,472,0,0.12,1,nan
3/14/2022 0:55,1.8.1,Free_feed,1,3.67,1,1,Pellet,Left,0,0,473,0,Timed_out,2763,nan
3/14/2022 0:55,1.8.1,Free_feed,1,3.67,1,1,Pellet,Left,0,0,474,0,0.24,1,nan
3/14/2022 0:56,1.8.1,Free_feed,1,3.67,1,1,Pellet,Left,0,0,475,0,27.39,35,nan
3/14/2022 0:56,1.8.1,Free_feed,1,3.67,2,1,Pellet,Left,0,0,476,0,12.63,21,nan
3/14/2022 0:57,1.8.1,Free_feed,1,3.67,1,1,Pellet,Left,0,0,477,0,16.56,23,nan
3/14/2022 0:57,1.8.1,Free_feed,1,3.67,1,1,Pellet,Left,0,0,478,0,32.5,39,nan
3/14/2022 0:58,1.8.1,Free_feed,1,3.67,1,1,Pellet,Left,0,0,479,0,16.74,23,nan
3/14/2022 0:58,1.8.1,Free_feed,1,3.67,1,1,Pellet,Left,0,0,480,0,12.57,20,nan
3/14/2022 0:58,1.8.1,Free_feed,1,3.67,1,1,Pellet,Left,0,0,481,0,0.18,1,nan
3/14/2022 1:35,1.8.1,Free_feed,1,3.67,2,1,Pellet,Left,0,0,482,0,Timed_out,2236,nan
3/14/2022 1:36,1.8.1,Free_feed,1,3.67,2,1,Pellet,Left,0,0,483,0,35.03,39,nan
3/14/2022 1:36,1.8.1,Free_feed,1,3.67,1,1,Pellet,Left,0,0,484,0,0.06,1,nan
3/14/2022 1:36,1.8.1,Free_feed,1,3.67,1,1,Pellet,Left,0,0,485,0,17.79,24,nan
3/14/2022 1:50,1.8.1,Free_feed,1,3.67,1,1,Pellet,Left,0,0,486,0,Timed_out,843,nan
3/14/2022 1:51,1.8.1,Free_feed,1,3.67,2,1,Pellet,Left,0,0,487,0,24.5,33,nan
3/14/2022 1:51,1.8.1,Free_feed,1,3.67,1,1,Pellet,Left,0,0,488,0,15.14,22,nan
3/14/2022 1:52,1.8.1,Free_feed,1,3.67,1,1,Pellet,Left,0,0,489,0,21.11,28,nan
3/14/2022 1:52,1.8.1,Free_feed,1,3.67,1,1,Pellet,Left,0,0,490,0,17.67,24,nan
3/14/2022 2:33,1.8.1,Free_feed,1,3.67,1,1,Pellet,Left,0,0,491,0,Timed_out,2424,nan
3/14/2022 2:33,1.8.1,Free_feed,1,3.67,1,1,Pellet,Left,0,0,492,0,0.06,1,nan
3/14/2022 2:33,1.8.1,Free_feed,1,3.67,1,1,Pellet,Left,0,0,493,0,0.42,1,nan
3/14/2022 2:33,1.8.1,Free_feed,1,3.67,1,1,Pellet,Left,0,0,494,0,0.06,1,nan
3/14/2022 2:33,1.8.1,Free_feed,1,3.67,1,1,Pellet,Left,0,0,495,0,22.65,24,nan
3/14/2022 2:33,1.8.1,Free_feed,1,3.67,1,1,Pellet,Left,0,0,496,0,16.32,22,nan
3/14/2022 2:34,1.8.1,Free_feed,1,3.67,1,1,Pellet,Left,0,0,497,0,17.55,24,nan
3/14/2022 2:34,1.8.1,Free_feed,1,3.67,1,1,Pellet,Left,0,0,498,0,11.77,19,nan
3/14/2022 2:58,1.8.1,Free_feed,1,3.67,1,1,Pellet,Left,0,0,499,0,Timed_out,1425,nan
3/14/2022 2:58,1.8.1,Free_feed,1,3.67,1,1,Pellet,Left,0,0,500,0,25.92,27,nan
3/14/2022 2:59,1.8.1,Free_feed,1,3.67,1,1,Pellet,Left,0,0,501,0,13.92,21,nan
3/14/2022 2:59,1.8.1,Free_feed,1,3.67,2,1,Pellet,Left,0,0,502,0,16.19,23,nan
3/14/2022 2:59,1.8.1,Free_feed,1,3.67,1,1,Pellet,Left,0,0,503,0,19.27,26,nan
3/14/2022 3:00,1.8.1,Free_feed,1,3.67,2,1,Pellet,Left,0,0,504,0,18.71,28,nan
3/14/2022 3:19,1.8.1,Free_feed,1,3.67,1,1,Pellet,Left,0,0,505,0,Timed_out,1162,nan
3/14/2022 3:20,1.8.1,Free_feed,1,3.67,1,1,Pellet,Left,0,0,506,0,14.9,22,nan
3/14/2022 3:20,1.8.1,Free_feed,1,3.67,1,1,Pellet,Left,0,0,507,0,0.06,1,nan
3/14/2022 3:20,1.8.1,Free_feed,1,3.67,2,1,Pellet,Left,0,0,508,0,7.96,17,nan
3/14/2022 3:20,1.8.1,Free_feed,1,3.67,1,1,Pellet,Left,0,0,509,0,15.15,22,nan
3/14/2022 3:21,1.8.1,Free_feed,1,3.67,1,1,Pellet,Left,0,0,510,0,14.72,22,nan
3/14/2022 3:21,1.8.1,Free_feed,1,3.67,1,1,Pellet,Left,0,0,511,0,13.36,19,nan
3/14/2022 4:09,1.8.1,Free_feed,1,3.67,1,1,Pellet,Left,0,0,512,0,Timed_out,2895,nan
3/14/2022 4:09,1.8.1,Free_feed,1,3.67,1,1,Pellet,Left,0,0,513,0,0.06,1,nan
3/14/2022 4:10,1.8.1,Free_feed,1,3.67,1,1,Pellet,Left,0,0,514,0,20.55,27,nan
3/14/2022 4:10,1.8.1,Free_feed,1,3.67,1,1,Pellet,Left,0,0,515,0,18.39,25,nan
3/14/2022 4:11,1.8.1,Free_feed,1,3.68,1,1,Pellet,Left,0,0,516,0,16.49,23,nan
3/14/2022 4:11,1.8.1,Free_feed,1,3.67,1,1,Pellet,Left,0,0,517,0,0.06,1,nan
3/14/2022 4:11,1.8.1,Free_feed,1,3.67,1,1,Pellet,Left,0,0,518,0,12.74,19,nan
3/14/2022 4:11,1.8.1,Free_feed,1,3.67,1,1,Pellet,Left,0,0,519,0,13.42,20,nan
3/14/2022 4:50,1.8.1,Free_feed,1,3.67,1,1,Pellet,Left,0,0,520,0,Timed_out,2336,nan
3/14/2022 4:50,1.8.1,Free_feed,1,3.67,1,1,Pellet,Left,0,0,521,0,0.06,1,nan
3/14/2022 4:50,1.8.1,Free_feed,1,3.67,1,1,Pellet,Left,0,0,522,0,0.3,1,nan
3/14/2022 4:51,1.8.1,Free_feed,1,3.67,1,1,Pellet,Left,0,0,523,0,22.04,23,nan
3/14/2022 4:51,1.8.1,Free_feed,1,3.67,1,1,Pellet,Left,0,0,524,0,16.01,23,nan
3/14/2022 4:51,1.8.1,Free_feed,1,3.67,1,1,Pellet,Left,0,0,525,0,19.39,27,nan
3/14/2022 4:52,1.8.1,Free_feed,1,3.67,1,1,Pellet,Left,0,0,526,0,17.18,24,nan
3/14/2022 4:52,1.8.1,Free_feed,1,3.67,1,1,Pellet,Left,0,0,527,0,21.55,28,nan
3/14/2022 4:53,1.8.1,Free_feed,1,3.67,1,1,Pellet,Left,0,0,528,0,17.98,24,nan
3/14/2022 5:14,1.8.1,Free_feed,1,3.67,1,1,Pellet,Left,0,0,529,0,Timed_out,1306,nan
3/14/2022 5:28,1.8.1,Free_feed,1,3.67,1,1,Pellet,Left,0,0,530,0,Timed_out,820,nan
3/14/2022 5:29,1.8.1,Free_feed,1,3.67,1,1,Pellet,Left,0,0,531,0,33.32,35,nan
3/14/2022 5:29,1.8.1,Free_feed,1,3.67,1,1,Pellet,Left,0,0,532,0,15.7,22,nan
3/14/2022 5:30,1.8.1,Free_feed,1,3.67,1,1,Pellet,Left,0,0,533,0,22.05,29,nan
3/14/2022 5:30,1.8.1,Free_feed,1,3.67,1,1,Pellet,Left,0,0,534,0,16.69,23,nan
3/14/2022 5:55,1.8.1,Free_feed,1,3.67,1,1,Pellet,Left,0,0,535,0,Timed_out,1521,nan
3/14/2022 5:55,1.8.1,Free_feed,1,3.67,1,1,Pellet,Left,0,0,536,0,0.06,1,nan
3/14/2022 5:56,1.8.1,Free_feed,1,3.67,1,1,Pellet,Left,0,0,537,0,22.23,29,nan
3/14/2022 5:56,1.8.1,Free_feed,1,3.67,1,1,Pellet,Left,0,0,538,0,0.06,1,nan
3/14/2022 5:56,1.8.1,Free_feed,1,3.66,1,1,Pellet,Left,0,0,539,0,14.11,21,nan
3/14/2022 5:56,1.8.1,Free_feed,1,3.67,1,1,Pellet,Left,0,0,540,0,9.07,16,nan
3/14/2022 5:56,1.8.1,Free_feed,1,3.67,1,1,Pellet,Left,0,0,541,0,0.06,1,nan
3/14/2022 5:57,1.8.1,Free_feed,1,3.67,2,1,Pellet,Left,0,0,542,0,12.51,21,nan
3/14/2022 5:57,1.8.1,Free_feed,1,3.67,1,1,Pellet,Left,0,0,543,0,19.09,21,nan
3/14/2022 5:57,1.8.1,Free_feed,1,3.67,1,1,Pellet,Left,0,0,544,0,0.06,1,nan
3/14/2022 5:58,1.8.1,Free_feed,1,3.67,1,1,Pellet,Left,0,0,545,0,17.11,24,nan
3/14/2022 5:58,1.8.1,Free_feed,1,3.67,1,1,Pellet,Left,0,0,546,0,0.06,1,nan
3/14/2022 5:58,1.8.1,Free_feed,1,3.67,1,1,Pellet,Left,0,0,547,0,14.54,21,nan
3/14/2022 6:26,1.8.1,Free_feed,1,3.67,1,1,Pellet,Left,0,0,548,0,Timed_out,1716,nan
3/14/2022 6:26,1.8.1,Free_feed,1,3.67,1,1,Pellet,Left,0,0,549,0,0.06,1,nan
3/14/2022 6:27,1.8.1,Free_feed,1,3.68,2,1,Pellet,Left,0,0,550,0,20.38,28,nan
3/14/2022 6:27,1.8.1,Free_feed,1,3.67,2,1,Pellet,Left,0,0,551,0,11.03,20,nan
3/14/2022 6:28,1.8.1,Free_feed,1,3.67,1,1,Pellet,Left,0,0,552,0,22.9,24,nan
3/14/2022 6:28,1.8.1,Free_feed,1,3.67,1,1,Pellet,Left,0,0,553,0,20.02,21,nan
3/14/2022 6:28,1.8.1,Free_feed,1,3.67,1,1,Pellet,Left,0,0,554,0,19.21,21,nan
3/14/2022 6:29,1.8.1,Free_feed,1,3.67,2,1,Pellet,Left,0,0,555,0,15.58,23,nan
3/14/2022 6:54,1.8.1,Free_feed,1,3.67,1,1,Pellet,Left,0,0,556,0,Timed_out,1517,nan
3/14/2022 6:54,1.8.1,Free_feed,1,3.67,1,1,Pellet,Left,0,0,557,0,3.49,10,nan
3/14/2022 6:54,1.8.1,Free_feed,1,3.67,1,1,Pellet,Left,0,0,558,0,4.59,11,nan
3/14/2022 6:55,1.8.1,Free_feed,1,3.67,1,1,Pellet,Left,0,0,559,0,17.31,24,nan
3/14/2022 6:55,1.8.1,Free_feed,1,3.67,1,1,Pellet,Left,0,0,560,0,20.82,23,nan
3/14/2022 6:56,1.8.1,Free_feed,1,3.67,1,1,Pellet,Left,0,0,561,0,14.91,22,nan
3/14/2022 6:56,1.8.1,Free_feed,1,3.67,1,1,Pellet,Left,0,0,562,0,16.75,24,nan
3/14/2022 8:18,1.8.1,Free_feed,1,3.67,1,1,Pellet,Left,0,0,563,0,Timed_out,4893,nan
3/14/2022 8:18,1.8.1,Free_feed,1,3.66,1,1,Pellet,Left,0,0,564,0,0.36,1,nan
3/14/2022 8:18,1.8.1,Free_feed,1,3.67,1,1,Pellet,Left,0,0,565,0,0.06,4,nan
3/14/2022 8:18,1.8.1,Free_feed,1,3.67,1,1,Pellet,Left,0,0,566,0,19.27,26,nan
3/14/2022 8:18,1.8.1,Free_feed,1,3.67,1,1,Pellet,Left,0,0,567,0,15.34,22,nan
3/14/2022 8:19,1.8.1,Free_feed,1,3.67,1,1,Pellet,Left,0,0,568,0,19.15,25,nan
3/14/2022 8:19,1.8.1,Free_feed,1,3.67,1,1,Pellet,Left,0,0,569,0,16.01,23,nan
3/14/2022 8:20,1.8.1,Free_feed,1,3.67,1,1,Pellet,Left,0,0,570,0,13.37,21,nan
3/14/2022 8:20,1.8.1,Free_feed,1,3.67,1,1,Pellet,Left,0,0,571,0,18.59,25,nan
3/14/2022 8:20,1.8.1,Free_feed,1,3.67,1,1,Pellet,Left,0,0,572,0,13.06,19,nan
3/14/2022 8:21,1.8.1,Free_feed,1,3.67,1,1,Pellet,Left,0,0,573,0,20.01,27,nan
3/14/2022 8:21,1.8.1,Free_feed,1,3.67,1,1,Pellet,Left,0,0,574,0,0.24,1,nan
3/14/2022 9:27,1.8.1,Free_feed,1,3.67,3,1,Pellet,Left,0,0,575,0,Timed_out,3999,nan
3/14/2022 9:27,1.8.1,Free_feed,1,3.67,1,1,Pellet,Left,0,0,576,0,1.16,4,nan
3/14/2022 9:28,1.8.1,Free_feed,1,3.67,1,1,Pellet,Left,0,0,577,0,6.8,13,nan
3/14/2022 9:28,1.8.1,Free_feed,1,3.67,1,1,Pellet,Left,0,0,578,0,15.09,23,nan
3/14/2022 9:28,1.8.1,Free_feed,1,3.65,1,1,Pellet,Left,0,0,579,0,15.34,22,nan
3/14/2022 9:29,1.8.1,Free_feed,1,3.67,1,1,Pellet,Left,0,0,580,0,15.15,22,nan
3/14/2022 9:29,1.8.1,Free_feed,1,3.67,1,1,Pellet,Left,0,0,581,0,12.08,19,nan
3/14/2022 9:30,1.8.1,Free_feed,1,3.66,2,1,Pellet,Left,0,0,582,0,22.72,24,nan
3/14/2022 11:16,1.8.1,Free_feed,1,3.66,1,1,Pellet,Left,0,0,583,0,Timed_out,6368,nan
3/14/2022 11:16,1.8.1,Free_feed,1,3.67,1,1,Pellet,Left,0,0,584,0,0.06,1,nan
3/14/2022 11:16,1.8.1,Free_feed,1,3.67,1,1,Pellet,Left,0,0,585,0,21.29,27,nan
3/14/2022 11:16,1.8.1,Free_feed,1,3.66,1,1,Pellet,Left,0,0,586,0,0.06,1,nan
3/14/2022 11:17,1.8.1,Free_feed,1,3.66,2,1,Pellet,Left,0,0,587,0,25.85,35,nan
3/14/2022 11:17,1.8.1,Free_feed,1,3.67,1,1,Pellet,Left,0,0,588,0,15.45,22,nan
3/14/2022 11:17,1.8.1,Free_feed,1,3.66,1,1,Pellet,Left,0,0,589,0,16.31,23,nan
3/14/2022 11:18,1.8.1,Free_feed,1,3.67,1,1,Pellet,Left,0,0,590,0,15.57,23,nan
3/14/2022 11:18,1.8.1,Free_feed,1,3.67,1,1,Pellet,Left,0,0,591,0,8.45,9,nan
3/14/2022 13:43,1.8.1,Free_feed,1,4.19,1,1,Pellet,Left,0,0,1,0,Timed_out,nan,nan
3/14/2022 13:43,1.8.1,Free_feed,1,4.2,3,1,Pellet,Left,0,0,2,0,9.86,19,nan
3/14/2022 13:45,1.8.1,Free_feed,1,4.2,1,1,Pellet,Left,0,0,3,0,Timed_out,80,nan
3/14/2022 14:03,1.8.1,Free_feed,1,4.2,2,1,Pellet,Left,0,0,4,0,Timed_out,1063,nan
3/14/2022 14:03,1.8.1,Free_feed,1,4.2,1,1,Pellet,Left,0,0,5,0,0.06,0,nan
3/14/2022 14:03,1.8.1,Free_feed,1,4.19,2,1,Pellet,Left,0,0,6,0,35.81,43,nan
3/14/2022 14:04,1.8.1,Free_feed,1,4.2,2,1,Pellet,Left,0,0,7,0,13.6,23,nan
3/14/2022 14:35,1.8.1,Free_feed,1,4.19,1,1,Pellet,Left,0,0,8,0,Timed_out,1907,nan
3/14/2022 14:35,1.8.1,Free_feed,1,4.19,1,1,Pellet,Left,0,0,9,0,1.03,2,nan
3/14/2022 14:35,1.8.1,Free_feed,1,4.19,1,1,Pellet,Left,0,0,10,0,0.06,1,nan
3/14/2022 14:35,1.8.1,Free_feed,1,4.19,1,1,Pellet,Left,0,0,11,0,0.06,1,nan
3/14/2022 14:36,1.8.1,Free_feed,1,4.2,1,1,Pellet,Left,0,0,12,0,28.36,35,nan
3/14/2022 14:37,1.8.1,Free_feed,1,4.19,1,1,Pellet,Left,0,0,13,0,20.92,27,nan
3/14/2022 14:37,1.8.1,Free_feed,1,4.19,1,1,Pellet,Left,0,0,14,0,19.38,27,nan
3/14/2022 14:37,1.8.1,Free_feed,1,4.19,1,1,Pellet,Left,0,0,15,0,23.5,30,nan
3/14/2022 14:38,1.8.1,Free_feed,1,4.19,2,1,Pellet,Left,0,0,16,0,13.98,21,nan
3/14/2022 14:38,1.8.1,Free_feed,1,4.19,1,1,Pellet,Left,0,0,17,0,23.75,30,nan
3/14/2022 15:52,1.8.1,Free_feed,1,4.19,1,1,Pellet,Left,0,0,18,0,Timed_out,4438,nan
3/14/2022 15:53,1.8.1,Free_feed,1,4.18,1,1,Pellet,Left,0,0,19,0,30.48,37,nan
3/14/2022 15:53,1.8.1,Free_feed,1,4.18,1,1,Pellet,Left,0,0,20,0,26.16,28,nan
3/14/2022 15:54,1.8.1,Free_feed,1,4.19,1,1,Pellet,Left,0,0,21,0,25.12,32,nan
3/14/2022 15:54,1.8.1,Free_feed,1,4.19,1,1,Pellet,Left,0,0,22,0,0.06,1,nan
3/14/2022 15:54,1.8.1,Free_feed,1,4.18,1,1,Pellet,Left,0,0,23,0,21.42,28,nan
3/14/2022 15:55,1.8.1,Free_feed,1,4.19,1,1,Pellet,Left,0,0,24,0,17.98,25,nan
3/14/2022 16:41,1.8.1,Free_feed,1,4.18,1,1,Pellet,Left,0,0,25,0,Timed_out,2795,nan
3/14/2022 16:49,1.8.1,Free_feed,1,4.18,1,1,Pellet,Left,0,0,26,0,Timed_out,431,nan
3/14/2022 16:49,1.8.1,Free_feed,1,4.18,1,1,Pellet,Left,0,0,27,0,16.81,24,nan
3/14/2022 17:16,1.8.1,Free_feed,1,4.18,1,1,Pellet,Left,0,0,28,0,Timed_out,1635,nan
3/14/2022 17:17,1.8.1,Free_feed,1,4.18,1,1,Pellet,Left,0,0,29,0,19.45,26,nan
3/14/2022 17:18,1.8.1,Free_feed,1,4.18,1,1,Pellet,Left,0,0,30,0,Timed_out,78,nan
3/14/2022 17:18,1.8.1,Free_feed,1,4.18,1,1,Pellet,Left,0,0,31,0,21.72,28,nan
3/14/2022 17:19,1.8.1,Free_feed,1,4.18,1,1,Pellet,Left,0,0,32,0,16,22,nan
3/14/2022 17:19,1.8.1,Free_feed,1,4.18,1,1,Pellet,Left,0,0,33,0,24,25,nan
3/14/2022 17:20,1.8.1,Free_feed,1,4.18,1,1,Pellet,Left,0,0,34,0,17.84,25,nan
3/14/2022 17:50,1.8.1,Free_feed,1,4.18,1,1,Pellet,Left,0,0,35,0,Timed_out,1843,nan
3/14/2022 17:50,1.8.1,Free_feed,1,4.18,1,1,Pellet,Left,0,0,36,0,0.06,6,nan
3/14/2022 17:51,1.8.1,Free_feed,1,4.18,1,1,Pellet,Left,0,0,37,0,36.13,43,nan
3/14/2022 17:52,1.8.1,Free_feed,1,4.18,1,1,Pellet,Left,0,0,38,0,24.24,26,nan
3/14/2022 17:52,1.8.1,Free_feed,1,4.18,1,1,Pellet,Left,0,0,39,0,19.94,27,nan
3/14/2022 17:52,1.8.1,Free_feed,1,4.18,1,1,Pellet,Left,0,0,40,0,13.73,21,nan
3/14/2022 17:53,1.8.1,Free_feed,1,4.18,1,1,Pellet,Left,0,0,41,0,17.42,24,nan
3/14/2022 17:53,1.8.1,Free_feed,1,4.18,1,1,Pellet,Left,0,0,42,0,12.44,19,nan
3/14/2022 18:17,1.8.1,Free_feed,1,4.18,1,1,Pellet,Left,0,0,43,0,Timed_out,1452,nan
3/14/2022 18:18,1.8.1,Free_feed,1,4.18,1,1,Pellet,Left,0,0,44,0,22.52,29,nan
3/14/2022 18:18,1.8.1,Free_feed,1,4.18,1,1,Pellet,Left,0,0,45,0,35.88,37,nan
3/14/2022 18:19,1.8.1,Free_feed,1,4.18,1,1,Pellet,Left,0,0,46,0,22.15,28,nan
3/14/2022 18:19,1.8.1,Free_feed,1,4.18,1,1,Pellet,Left,0,0,47,0,14.53,22,nan
3/14/2022 18:49,1.8.1,Free_feed,1,4.18,1,1,Pellet,Left,0,0,48,0,Timed_out,1758,nan
3/14/2022 18:49,1.8.1,Free_feed,1,4.18,1,1,Pellet,Left,0,0,49,0,30.1,37,nan
3/14/2022 18:50,1.8.1,Free_feed,1,4.17,1,1,Pellet,Left,0,0,50,0,15.45,22,nan
3/14/2022 18:50,1.8.1,Free_feed,1,4.18,1,1,Pellet,Left,0,0,51,0,23.76,25,nan
3/14/2022 18:51,1.8.1,Free_feed,1,4.18,1,1,Pellet,Left,0,0,52,0,31.58,38,nan
3/14/2022 18:51,1.8.1,Free_feed,1,4.18,1,1,Pellet,Left,0,0,53,0,21.6,28,nan
3/14/2022 19:19,1.8.1,Free_feed,1,4.18,1,1,Pellet,Left,0,0,54,0,Timed_out,1665,nan
3/14/2022 19:19,1.8.1,Free_feed,1,4.18,2,1,Pellet,Left,0,0,55,0,2.56,5,nan
3/14/2022 19:19,1.8.1,Free_feed,1,4.18,1,1,Pellet,Left,0,0,56,0,21.05,29,nan
3/14/2022 19:19,1.8.1,Free_feed,1,4.18,1,1,Pellet,Left,0,0,57,0,0.24,1,nan
3/14/2022 19:20,1.8.1,Free_feed,1,4.17,1,1,Pellet,Left,0,0,58,0,14.9,22,nan
3/14/2022 19:20,1.8.1,Free_feed,1,4.18,1,1,Pellet,Left,0,0,59,0,12.51,19,nan
3/14/2022 19:21,1.8.1,Free_feed,1,4.18,1,1,Pellet,Left,0,0,60,0,22.84,29,nan
3/14/2022 19:47,1.8.1,Free_feed,1,4.18,1,1,Pellet,Left,0,0,61,0,Timed_out,1603,nan
3/14/2022 19:48,1.8.1,Free_feed,1,4.18,1,1,Pellet,Left,0,0,62,0,15.51,22,nan
3/14/2022 19:48,1.8.1,Free_feed,1,4.17,1,1,Pellet,Left,0,0,63,0,11.58,18,nan
3/14/2022 19:48,1.8.1,Free_feed,1,4.18,1,1,Pellet,Left,0,0,64,0,0.36,2,nan
3/14/2022 19:48,1.8.1,Free_feed,1,4.17,1,1,Pellet,Left,0,0,65,0,15.76,23,nan
3/14/2022 19:49,1.8.1,Free_feed,1,4.17,1,1,Pellet,Left,0,0,66,0,16.93,24,nan
3/14/2022 19:49,1.8.1,Free_feed,1,4.18,1,1,Pellet,Left,0,0,67,0,10.72,17,nan
3/14/2022 19:59,1.8.1,Free_feed,1,4.18,1,1,Pellet,Left,0,0,68,0,Timed_out,576,nan
3/14/2022 19:59,1.8.1,Free_feed,1,4.18,1,1,Pellet,Left,0,0,69,0,4.41,11,nan
3/14/2022 19:59,1.8.1,Free_feed,1,4.17,1,1,Pellet,Left,0,0,70,0,20.99,28,nan
3/14/2022 20:10,1.8.1,Free_feed,1,4.18,2,1,Pellet,Left,0,0,71,0,Timed_out,643,nan
3/14/2022 20:10,1.8.1,Free_feed,1,4.18,1,1,Pellet,Left,0,0,72,0,0.06,5,nan
3/14/2022 20:10,1.8.1,Free_feed,1,4.17,1,1,Pellet,Left,0,0,73,0,12.13,19,nan
3/14/2022 20:10,1.8.1,Free_feed,1,4.18,1,1,Pellet,Left,0,0,74,0,2.69,4,nan
3/14/2022 20:11,1.8.1,Free_feed,1,4.17,1,1,Pellet,Left,0,0,75,0,14.16,21,nan
3/14/2022 20:11,1.8.1,Free_feed,1,4.17,1,1,Pellet,Left,0,0,76,0,15.26,22,nan
3/14/2022 20:12,1.8.1,Free_feed,1,4.17,1,1,Pellet,Left,0,0,77,0,17.17,24,nan
3/14/2022 20:12,1.8.1,Free_feed,1,4.17,1,1,Pellet,Left,0,0,78,0,19.44,26,nan
3/14/2022 20:20,1.8.1,Free_feed,1,4.17,1,1,Pellet,Left,0,0,79,0,Timed_out,476,nan
3/14/2022 20:20,1.8.1,Free_feed,1,4.18,1,1,Pellet,Left,0,0,80,0,0.06,0,nan
3/14/2022 20:20,1.8.1,Free_feed,1,4.17,1,1,Pellet,Left,0,0,81,0,21.12,28,nan
3/14/2022 20:21,1.8.1,Free_feed,1,4.17,1,1,Pellet,Left,0,0,82,0,19.94,21,nan
3/14/2022 20:21,1.8.1,Free_feed,1,4.18,1,1,Pellet,Left,0,0,83,0,18.28,25,nan
3/14/2022 20:22,1.8.1,Free_feed,1,4.17,1,1,Pellet,Left,0,0,84,0,16.75,24,nan
3/14/2022 20:22,1.8.1,Free_feed,1,4.18,1,1,Pellet,Left,0,0,85,0,0.06,0,nan
3/14/2022 20:22,1.8.1,Free_feed,1,4.17,1,1,Pellet,Left,0,0,86,0,18.41,25,nan
3/14/2022 20:37,1.8.1,Free_feed,1,4.17,1,1,Pellet,Left,0,0,87,0,Timed_out,909,nan
3/14/2022 20:37,1.8.1,Free_feed,1,4.18,1,1,Pellet,Left,0,0,88,0,0.18,1,nan
3/14/2022 20:37,1.8.1,Free_feed,1,4.17,1,1,Pellet,Left,0,0,89,0,0.36,1,nan
3/14/2022 20:38,1.8.1,Free_feed,1,4.17,1,1,Pellet,Left,0,0,90,0,14.41,21,nan
3/14/2022 20:38,1.8.1,Free_feed,1,4.17,2,1,Pellet,Left,0,0,91,0,9.13,18,nan
3/14/2022 20:38,1.8.1,Free_feed,1,4.16,1,1,Pellet,Left,0,0,92,0,18.22,20,nan
3/14/2022 20:39,1.8.1,Free_feed,1,4.17,1,1,Pellet,Left,0,0,93,0,16.57,23,nan
3/14/2022 21:10,1.8.1,Free_feed,1,4.17,2,1,Pellet,Left,0,0,94,0,Timed_out,1865,nan
3/14/2022 21:10,1.8.1,Free_feed,1,4.18,1,1,Pellet,Left,0,0,95,0,25.23,27,nan
3/14/2022 21:10,1.8.1,Free_feed,1,4.17,1,1,Pellet,Left,0,0,96,0,11.95,18,nan
3/14/2022 21:10,1.8.1,Free_feed,1,4.18,1,1,Pellet,Left,0,0,97,0,0.06,1,nan
3/14/2022 21:11,1.8.1,Free_feed,1,4.17,1,1,Pellet,Left,0,0,98,0,10.6,17,nan
3/14/2022 21:11,1.8.1,Free_feed,1,4.17,1,1,Pellet,Left,0,0,99,0,16.74,23,nan
3/14/2022 21:11,1.8.1,Free_feed,1,4.17,1,1,Pellet,Left,0,0,100,0,12.81,19,nan
3/14/2022 21:12,1.8.1,Free_feed,1,4.16,2,1,Pellet,Left,0,0,101,0,12.99,19,nan
3/14/2022 21:12,1.8.1,Free_feed,1,4.17,1,1,Pellet,Left,0,0,102,0,27.38,34,nan
3/14/2022 21:29,1.8.1,Free_feed,1,4.17,1,1,Pellet,Left,0,0,103,0,Timed_out,1025,nan
3/14/2022 21:30,1.8.1,Free_feed,1,4.16,1,1,Pellet,Left,0,0,104,0,33.86,41,nan
3/14/2022 21:30,1.8.1,Free_feed,1,4.17,1,1,Pellet,Left,0,0,105,0,12.62,20,nan
3/14/2022 21:31,1.8.1,Free_feed,1,4.16,1,1,Pellet,Left,0,0,106,0,16.93,18,nan
3/14/2022 21:31,1.8.1,Free_feed,1,4.16,1,1,Pellet,Left,0,0,107,0,12.56,20,nan
3/14/2022 21:54,1.8.1,Free_feed,1,4.17,2,1,Pellet,Left,0,0,108,0,Timed_out,1406,nan
3/14/2022 21:55,1.8.1,Free_feed,1,4.16,1,1,Pellet,Left,0,0,109,0,0.67,7,nan
3/14/2022 21:55,1.8.1,Free_feed,1,4.16,1,1,Pellet,Left,0,0,110,0,0.06,1,nan
3/14/2022 21:55,1.8.1,Free_feed,1,4.17,1,1,Pellet,Left,0,0,111,0,19.26,26,nan
3/14/2022 21:55,1.8.1,Free_feed,1,4.17,1,1,Pellet,Left,0,0,112,0,12.19,19,nan
3/14/2022 21:56,1.8.1,Free_feed,1,4.17,1,1,Pellet,Left,0,0,113,0,14.23,21,nan
3/14/2022 21:56,1.8.1,Free_feed,1,4.17,1,1,Pellet,Left,0,0,114,0,13.18,19,nan
3/14/2022 21:56,1.8.1,Free_feed,1,4.17,2,1,Pellet,Left,0,0,115,0,15.08,23,nan
3/14/2022 21:56,1.8.1,Free_feed,1,4.17,1,1,Pellet,Left,0,0,116,0,1.03,7,nan
3/14/2022 21:57,1.8.1,Free_feed,1,4.16,1,1,Pellet,Left,0,0,117,0,9.68,17,nan
3/14/2022 21:57,1.8.1,Free_feed,1,4.17,1,1,Pellet,Left,0,0,118,0,14.84,21,nan
3/14/2022 21:57,1.8.1,Free_feed,1,4.17,1,1,Pellet,Left,0,0,119,0,20.99,22,nan
3/14/2022 22:16,1.8.1,Free_feed,1,4.16,1,1,Pellet,Left,0,0,120,0,Timed_out,1100,nan
3/14/2022 22:17,1.8.1,Free_feed,1,4.17,1,1,Pellet,Left,0,0,121,0,47.29,55,nan
3/14/2022 22:17,1.8.1,Free_feed,1,4.16,1,1,Pellet,Left,0,0,122,0,0.06,1,nan
3/14/2022 22:17,1.8.1,Free_feed,1,4.17,1,1,Pellet,Left,0,0,123,0,16.69,23,nan
3/14/2022 22:17,1.8.1,Free_feed,1,4.16,1,1,Pellet,Left,0,0,124,0,12.51,19,nan
3/14/2022 22:18,1.8.1,Free_feed,1,4.16,1,1,Pellet,Left,0,0,125,0,13.37,20,nan
3/14/2022 22:18,1.8.1,Free_feed,1,4.16,1,1,Pellet,Left,0,0,126,0,13.49,20,nan
3/14/2022 22:18,1.8.1,Free_feed,1,4.17,1,1,Pellet,Left,0,0,127,0,17.24,24,nan
3/14/2022 22:19,1.8.1,Free_feed,1,4.17,1,1,Pellet,Left,0,0,128,0,17.92,24,nan
3/14/2022 22:19,1.8.1,Free_feed,1,4.17,1,1,Pellet,Left,0,0,129,0,16.44,24,nan
3/14/2022 22:20,1.8.1,Free_feed,1,4.16,1,1,Pellet,Left,0,0,130,0,21.24,28,nan
3/14/2022 22:20,1.8.1,Free_feed,1,4.16,1,1,Pellet,Left,0,0,131,0,17.98,24,nan
3/14/2022 22:20,1.8.1,Free_feed,1,4.16,2,1,Pellet,Left,0,0,132,0,11.46,19,nan
3/14/2022 22:20,1.8.1,Free_feed,1,4.17,1,1,Pellet,Left,0,0,133,0,0.06,1,nan
3/14/2022 22:51,1.8.1,Free_feed,1,4.16,1,1,Pellet,Left,0,0,134,0,Timed_out,1821,nan
3/14/2022 22:51,1.8.1,Free_feed,1,4.17,2,1,Pellet,Left,0,0,135,0,9.01,19,nan
3/14/2022 22:51,1.8.1,Free_feed,1,4.16,1,1,Pellet,Left,0,0,136,0,12.88,19,nan
3/14/2022 22:52,1.8.1,Free_feed,1,4.16,1,1,Pellet,Left,0,0,137,0,16.08,24,nan
3/14/2022 22:52,1.8.1,Free_feed,1,4.16,1,1,Pellet,Left,0,0,138,0,8.64,15,nan
3/14/2022 22:52,1.8.1,Free_feed,1,4.16,1,1,Pellet,Left,0,0,139,0,13.07,20,nan
3/14/2022 22:53,1.8.1,Free_feed,1,4.16,1,1,Pellet,Left,0,0,140,0,13.37,20,nan
3/14/2022 23:36,1.8.1,Free_feed,1,4.17,1,1,Pellet,Left,0,0,141,0,Timed_out,2598,nan
3/14/2022 23:37,1.8.1,Free_feed,1,4.16,1,1,Pellet,Left,0,0,142,0,20.44,27,nan
3/14/2022 23:37,1.8.1,Free_feed,1,4.16,1,1,Pellet,Left,0,0,143,0,15.95,18,nan
3/14/2022 23:37,1.8.1,Free_feed,1,4.16,2,1,Pellet,Left,0,0,144,0,17.67,25,nan
3/14/2022 23:38,1.8.1,Free_feed,1,4.16,1,1,Pellet,Left,0,0,145,0,22.59,29,nan
3/14/2022 23:38,1.8.1,Free_feed,1,4.16,2,1,Pellet,Left,0,0,146,0,14.42,21,nan
3/14/2022 23:39,1.8.1,Free_feed,1,4.16,1,1,Pellet,Left,0,0,147,0,24.32,31,nan
3/15/2022 0:09,1.8.1,Free_feed,1,4.16,2,1,Pellet,Left,0,0,148,0,Timed_out,1803,nan
3/15/2022 0:09,1.8.1,Free_feed,1,4.16,1,1,Pellet,Left,0,0,149,0,18.04,25,nan
3/15/2022 0:09,1.8.1,Free_feed,1,4.16,1,1,Pellet,Left,0,0,150,0,13.92,15,nan
3/15/2022 0:10,1.8.1,Free_feed,1,4.16,1,1,Pellet,Left,0,0,151,0,14.16,21,nan
3/15/2022 0:10,1.8.1,Free_feed,1,4.16,1,1,Pellet,Left,0,0,152,0,18.4,25,nan
3/15/2022 0:11,1.8.1,Free_feed,1,4.15,1,1,Pellet,Left,0,0,153,0,17.85,25,nan
3/15/2022 0:11,1.8.1,Free_feed,1,4.16,1,1,Pellet,Left,0,0,154,0,20.12,27,nan
3/15/2022 0:49,1.8.1,Free_feed,1,4.16,1,1,Pellet,Left,0,0,155,0,Timed_out,2263,nan
3/15/2022 0:49,1.8.1,Free_feed,1,4.16,1,1,Pellet,Left,0,0,156,0,17,23,nan
3/15/2022 0:50,1.8.1,Free_feed,1,4.16,1,1,Pellet,Left,0,0,157,0,20.19,27,nan
3/15/2022 0:50,1.8.1,Free_feed,1,4.16,1,1,Pellet,Left,0,0,158,0,13.86,21,nan
3/15/2022 0:50,1.8.1,Free_feed,1,4.16,2,1,Pellet,Left,0,0,159,0,12.2,21,nan
3/15/2022 0:51,1.8.1,Free_feed,1,4.16,1,1,Pellet,Left,0,0,160,0,20.5,28,nan
3/15/2022 0:51,1.8.1,Free_feed,1,4.16,1,1,Pellet,Left,0,0,161,0,31.83,33,nan
3/15/2022 1:14,1.8.1,Free_feed,1,4.15,1,1,Pellet,Left,0,0,162,0,Timed_out,1390,nan
3/15/2022 1:14,1.8.1,Free_feed,1,4.16,1,1,Pellet,Left,0,0,163,0,0.06,0,nan
3/15/2022 1:14,1.8.1,Free_feed,1,4.16,1,1,Pellet,Left,0,0,164,0,0.06,1,nan
3/15/2022 1:15,1.8.1,Free_feed,1,4.16,1,1,Pellet,Left,0,0,165,0,1.03,8,nan
3/15/2022 1:15,1.8.1,Free_feed,1,4.16,1,1,Pellet,Left,0,0,166,0,17.12,24,nan
3/15/2022 1:15,1.8.1,Free_feed,1,4.16,2,1,Pellet,Left,0,0,167,0,13,20,nan
3/15/2022 1:16,1.8.1,Free_feed,1,4.16,1,1,Pellet,Left,0,0,168,0,14.65,22,nan
3/15/2022 1:16,1.8.1,Free_feed,1,4.16,1,1,Pellet,Left,0,0,169,0,17.73,24,nan
3/15/2022 1:50,1.8.1,Free_feed,1,4.15,1,1,Pellet,Left,0,0,170,0,Timed_out,2017,nan
3/15/2022 1:50,1.8.1,Free_feed,1,4.16,1,1,Pellet,Left,0,0,171,0,15.94,22,nan
3/15/2022 1:50,1.8.1,Free_feed,1,4.16,1,1,Pellet,Left,0,0,172,0,14.53,22,nan
3/15/2022 1:51,1.8.1,Free_feed,1,4.16,1,1,Pellet,Left,0,0,173,0,16.75,23,nan
3/15/2022 1:51,1.8.1,Free_feed,1,4.16,1,1,Pellet,Left,0,0,174,0,17.91,24,nan
3/15/2022 1:51,1.8.1,Free_feed,1,4.16,1,1,Pellet,Left,0,0,175,0,11.95,19,nan
3/15/2022 1:52,1.8.1,Free_feed,1,4.16,1,1,Pellet,Left,0,0,176,0,32.76,40,nan
3/15/2022 1:52,1.8.1,Free_feed,1,4.16,1,1,Pellet,Left,0,0,177,0,12.82,19,nan
3/15/2022 2:25,1.8.1,Free_feed,1,4.16,1,1,Pellet,Left,0,0,178,0,Timed_out,1962,nan
3/15/2022 2:25,1.8.1,Free_feed,1,4.16,1,1,Pellet,Left,0,0,179,0,0.18,1,nan
3/15/2022 2:25,1.8.1,Free_feed,1,4.16,1,1,Pellet,Left,0,0,180,0,0.48,1,nan
3/15/2022 2:26,1.8.1,Free_feed,1,4.16,1,1,Pellet,Left,0,0,181,0,16.94,23,nan
3/15/2022 2:26,1.8.1,Free_feed,1,4.16,1,1,Pellet,Left,0,0,182,0,19.64,27,nan
3/15/2022 2:26,1.8.1,Free_feed,1,4.16,1,1,Pellet,Left,0,0,183,0,16.33,23,nan
3/15/2022 2:27,1.8.1,Free_feed,1,4.16,1,1,Pellet,Left,0,0,184,0,22.05,29,nan
3/15/2022 2:27,1.8.1,Free_feed,1,4.16,1,1,Pellet,Left,0,0,185,0,19.58,26,nan
3/15/2022 2:28,1.8.1,Free_feed,1,4.15,1,1,Pellet,Left,0,0,186,0,17.92,24,nan
3/15/2022 3:02,1.8.1,Free_feed,1,4.15,1,1,Pellet,Left,0,0,187,0,Timed_out,2052,nan
3/15/2022 3:02,1.8.1,Free_feed,1,4.16,1,1,Pellet,Left,0,0,188,0,0.24,1,nan
3/15/2022 3:02,1.8.1,Free_feed,1,4.16,1,1,Pellet,Left,0,0,189,0,0.91,2,nan
3/15/2022 3:02,1.8.1,Free_feed,1,4.15,1,1,Pellet,Left,0,0,190,0,19.64,26,nan
3/15/2022 3:03,1.8.1,Free_feed,1,4.16,1,1,Pellet,Left,0,0,191,0,19.7,26,nan
3/15/2022 3:03,1.8.1,Free_feed,1,4.16,1,1,Pellet,Left,0,0,192,0,20.62,27,nan
3/15/2022 3:04,1.8.1,Free_feed,1,4.15,1,1,Pellet,Left,0,0,193,0,22.72,24,nan
3/15/2022 3:04,1.8.1,Free_feed,1,4.16,2,1,Pellet,Left,0,0,194,0,19.82,27,nan
3/15/2022 3:05,1.8.1,Free_feed,1,4.16,1,1,Pellet,Left,0,0,195,0,24.87,31,nan
3/15/2022 3:53,1.8.1,Free_feed,1,4.16,1,1,Pellet,Left,0,0,196,0,Timed_out,2920,nan
3/15/2022 3:54,1.8.1,Free_feed,1,4.15,1,1,Pellet,Left,0,0,197,0,18.29,24,nan
3/15/2022 3:54,1.8.1,Free_feed,1,4.15,2,1,Pellet,Left,0,0,198,0,17.43,24,nan
3/15/2022 3:55,1.8.1,Free_feed,1,4.15,1,1,Pellet,Left,0,0,199,0,20.94,28,nan
3/15/2022 3:55,1.8.1,Free_feed,1,4.16,1,1,Pellet,Left,0,0,200,0,14.23,21,nan
3/15/2022 3:55,1.8.1,Free_feed,1,4.15,1,1,Pellet,Left,0,0,201,0,15.77,23,nan
3/15/2022 5:04,1.8.1,Free_feed,1,4.15,1,1,Pellet,Left,0,0,202,0,Timed_out,4102,nan
3/15/2022 5:04,1.8.1,Free_feed,1,4.15,2,1,Pellet,Left,0,0,203,0,18.35,28,nan
3/15/2022 5:05,1.8.1,Free_feed,1,4.14,1,1,Pellet,Left,0,0,204,0,26.79,28,nan
3/15/2022 5:05,1.8.1,Free_feed,1,4.16,1,1,Pellet,Left,0,0,205,0,19.71,27,nan
3/15/2022 5:06,1.8.1,Free_feed,1,4.15,1,1,Pellet,Left,0,0,206,0,19.65,26,nan
3/15/2022 5:06,1.8.1,Free_feed,1,4.14,1,1,Pellet,Left,0,0,207,0,24.15,30,nan
3/15/2022 5:08,1.8.1,Free_feed,1,4.15,1,1,Pellet,Left,0,0,208,0,Timed_out,91,nan
3/15/2022 5:08,1.8.1,Free_feed,1,4.15,1,1,Pellet,Left,0,0,209,0,16.39,24,nan
3/15/2022 5:08,1.8.1,Free_feed,1,4.14,1,1,Pellet,Left,0,0,210,0,7.35,14,nan
3/15/2022 5:09,1.8.1,Free_feed,1,4.14,2,1,Pellet,Left,0,0,211,0,13.31,22,nan
3/15/2022 5:45,1.8.1,Free_feed,1,4.15,1,1,Pellet,Left,0,0,212,0,Timed_out,2216,nan
3/15/2022 5:45,1.8.1,Free_feed,1,4.15,1,1,Pellet,Left,0,0,213,0,0.06,0,nan
3/15/2022 5:46,1.8.1,Free_feed,1,4.14,1,1,Pellet,Left,0,0,214,0,19.64,27,nan
3/15/2022 5:46,1.8.1,Free_feed,1,4.15,1,1,Pellet,Left,0,0,215,0,17.24,24,nan
3/15/2022 5:47,1.8.1,Free_feed,1,4.15,1,1,Pellet,Left,0,0,216,0,17.74,24,nan
3/15/2022 5:47,1.8.1,Free_feed,1,4.14,1,1,Pellet,Left,0,0,217,0,21.43,28,nan
3/15/2022 5:48,1.8.1,Free_feed,1,4.14,1,1,Pellet,Left,0,0,218,0,19.39,26,nan
3/15/2022 6:10,1.8.1,Free_feed,1,4.14,1,1,Pellet,Left,0,0,219,0,Timed_out,1353,nan
3/15/2022 6:43,1.8.1,Free_feed,1,4.14,1,1,Pellet,Left,0,0,220,0,Timed_out,1989,nan
3/15/2022 6:43,1.8.1,Free_feed,1,4.14,1,1,Pellet,Left,0,0,221,0,0.12,1,nan
3/15/2022 6:44,1.8.1,Free_feed,1,4.14,2,1,Pellet,Left,0,0,222,0,2.93,10,nan
3/15/2022 6:46,1.8.1,Free_feed,1,4.14,2,1,Pellet,Left,0,0,223,0,Timed_out,158,nan
3/15/2022 6:46,1.8.1,Free_feed,1,4.15,1,1,Pellet,Left,0,0,224,0,0.12,1,nan
3/15/2022 6:47,1.8.1,Free_feed,1,4.14,1,1,Pellet,Left,0,0,225,0,16.08,23,nan
3/15/2022 6:47,1.8.1,Free_feed,1,4.14,1,1,Pellet,Left,0,0,226,0,12.27,19,nan
3/15/2022 6:47,1.8.1,Free_feed,1,4.14,1,1,Pellet,Left,0,0,227,0,14.73,21,nan
3/15/2022 6:48,1.8.1,Free_feed,1,4.14,1,1,Pellet,Left,0,0,228,0,18.91,22,nan
3/15/2022 6:48,1.8.1,Free_feed,1,4.14,1,1,Pellet,Left,0,0,229,0,15.78,22,nan
3/15/2022 6:48,1.8.1,Free_feed,1,4.14,1,1,Pellet,Left,0,0,230,0,12.02,19,nan
3/15/2022 7:18,1.8.1,Free_feed,1,4.14,1,1,Pellet,Left,0,0,231,0,Timed_out,1764,nan
3/15/2022 7:18,1.8.1,Free_feed,1,4.14,1,1,Pellet,Left,0,0,232,0,13.74,20,nan
3/15/2022 7:18,1.8.1,Free_feed,1,4.14,2,1,Pellet,Left,0,0,233,0,12.02,21,nan
3/15/2022 7:19,1.8.1,Free_feed,1,4.14,2,1,Pellet,Left,0,0,234,0,11.04,20,nan
3/15/2022 7:19,1.8.1,Free_feed,1,4.14,2,1,Pellet,Left,0,0,235,0,9.07,18,nan
3/15/2022 7:19,1.8.1,Free_feed,1,4.14,1,1,Pellet,Left,0,0,236,0,11.83,19,nan
3/15/2022 7:20,1.8.1,Free_feed,1,4.14,1,1,Pellet,Left,0,0,237,0,15.09,21,nan
3/15/2022 7:55,1.8.1,Free_feed,1,4.14,1,1,Pellet,Left,0,0,238,0,Timed_out,2147,nan
3/15/2022 7:56,1.8.1,Free_feed,1,4.14,1,1,Pellet,Left,0,0,239,0,34.94,41,nan
3/15/2022 7:56,1.8.1,Free_feed,1,4.14,1,1,Pellet,Left,0,0,240,0,12.82,20,nan
3/15/2022 7:57,1.8.1,Free_feed,1,4.14,2,1,Pellet,Left,0,0,241,0,10.48,19,nan
3/15/2022 7:57,1.8.1,Free_feed,1,4.14,1,1,Pellet,Left,0,0,242,0,14.97,22,nan
3/15/2022 7:57,1.8.1,Free_feed,1,4.14,1,1,Pellet,Left,0,0,243,0,11.71,19,nan
3/15/2022 7:58,1.8.1,Free_feed,1,4.14,1,1,Pellet,Left,0,0,244,0,16.33,22,nan
3/15/2022 11:32,1.8.1,Free_feed,1,4.13,1,1,Pellet,Left,0,0,245,0,Timed_out,12829,nan
3/15/2022 11:32,1.8.1,Free_feed,1,4.13,1,1,Pellet,Left,0,0,246,0,28.64,36,nan
3/15/2022 11:33,1.8.1,Free_feed,1,4.13,1,1,Pellet,Left,0,0,247,0,18.53,24,nan
3/15/2022 11:33,1.8.1,Free_feed,1,4.14,1,1,Pellet,Left,0,0,248,0,13.11,20,nan
3/15/2022 11:33,1.8.1,Free_feed,1,4.13,1,1,Pellet,Left,0,0,249,0,17.92,25,nan
3/15/2022 11:34,1.8.1,Free_feed,1,4.13,1,1,Pellet,Left,0,0,250,0,26.97,34,nan
3/15/2022 11:34,1.8.1,Free_feed,1,4.13,1,1,Pellet,Left,0,0,251,0,17.6,24,nan
3/15/2022 11:36,1.8.1,Free_feed,1,4.13,2,1,Pellet,Left,0,0,252,0,Timed_out,112,nan
3/15/2022 14:15,1.8.1,Free_feed,1,4.12,1,1,Pellet,Left,0,0,253,0,Timed_out,9538,nan
3/15/2022 14:16,1.8.1,Free_feed,1,4.12,1,1,Pellet,Left,0,0,254,0,43.83,50,nan
3/15/2022 14:16,1.8.1,Free_feed,1,4.12,1,1,Pellet,Left,0,0,255,0,21.17,23,nan
3/15/2022 14:17,1.8.1,Free_feed,1,4.12,2,1,Pellet,Left,0,0,256,0,16.13,25,nan
3/15/2022 14:17,1.8.1,Free_feed,1,4.12,1,1,Pellet,Left,0,0,257,0,21.73,28,nan
3/15/2022 14:18,1.8.1,Free_feed,1,4.12,1,1,Pellet,Left,0,0,258,0,22.33,29,nan
