MM:DD:YYYY hh:mm:ss,Library_Version,Session_type,Device_Number,Battery_Voltage,Motor_Turns,FR,Event,Active_Poke,Left_Poke_Count,Right_Poke_Count,Pellet_Count,Block_Pellet_Count,Retrieval_Time,InterPelletInterval,Poke_Time
3/11/2022 16:58:46,1.8.1,Free_feed,4,4.12,3,1,Pellet,Left,0,0,1,0,Timed_out,nan,nan
3/11/2022 17:00:36,1.8.1,Free_feed,4,4.12,1,1,Pellet,Left,0,0,2,0,Timed_out,110,nan
3/11/2022 17:01:25,1.8.1,Free_feed,4,4.13,1,1,Pellet,Left,0,0,3,0,43.30,49,nan
3/11/2022 17:01:27,1.8.1,Free_feed,4,4.13,1,1,Pellet,Left,0,0,4,0,0.06,2,nan
3/11/2022 17:02:24,1.8.1,Free_feed,4,4.13,1,1,Pellet,Left,0,0,5,0,49.67,57,nan
3/11/2022 17:02:25,1.8.1,Free_feed,4,4.13,1,1,Pellet,Left,0,0,6,0,0.06,1,nan
3/11/2022 17:05:33,1.8.1,Free_feed,4,4.13,1,1,Pellet,Left,0,0,7,0,Timed_out,188,nan
3/11/2022 17:05:34,1.8.1,Free_feed,4,4.13,1,1,Pellet,Left,0,0,8,0,0.18,1,nan
3/11/2022 17:10:31,1.8.1,Free_feed,4,4.12,1,1,Pellet,Left,0,0,9,0,Timed_out,297,nan
3/11/2022 17:10:33,1.8.1,Free_feed,4,4.13,1,1,Pellet,Left,0,0,10,0,0.06,2,nan
3/11/2022 17:10:54,1.8.1,Free_feed,4,4.12,1,1,Pellet,Left,0,0,11,0,13.96,21,nan
3/11/2022 17:12:27,1.8.1,Free_feed,4,4.12,1,1,Pellet,Left,0,0,12,0,Timed_out,93,nan
3/11/2022 17:16:42,1.8.1,Free_feed,4,4.13,1,1,Pellet,Left,0,0,13,0,Timed_out,255,nan
3/11/2022 17:17:01,1.8.1,Free_feed,4,4.12,2,1,Pellet,Left,0,0,14,0,15.01,19,nan
3/11/2022 17:22:44,1.8.1,Free_feed,4,4.13,1,1,Pellet,Left,0,0,15,0,Timed_out,343,nan
3/11/2022 17:23:24,1.8.1,Free_feed,4,4.12,2,1,Pellet,Left,0,0,16,0,31.19,39,nan
3/11/2022 17:28:52,1.8.1,Free_feed,4,4.12,1,1,Pellet,Left,0,0,17,0,Timed_out,329,nan
3/11/2022 17:29:24,1.8.1,Free_feed,4,4.12,1,1,Pellet,Left,0,0,18,0,25.09,32,nan
3/11/2022 17:29:56,1.8.1,Free_feed,4,4.13,1,1,Pellet,Left,0,0,19,0,24.91,32,nan
3/11/2022 17:36:26,1.8.1,Free_feed,4,4.13,1,1,Pellet,Left,0,0,20,0,Timed_out,390,nan
3/11/2022 17:36:50,1.8.1,Free_feed,4,4.12,1,1,Pellet,Left,0,0,21,0,16.31,24,nan
3/11/2022 17:37:19,1.8.1,Free_feed,4,4.13,1,1,Pellet,Left,0,0,22,0,22.45,29,nan
3/11/2022 17:39:24,1.8.1,Free_feed,4,4.12,2,1,Pellet,Left,0,0,23,0,Timed_out,125,nan
3/11/2022 17:51:58,1.8.1,Free_feed,4,4.12,1,1,Pellet,Left,0,0,24,0,Timed_out,754,nan
3/11/2022 17:52:29,1.8.1,Free_feed,4,4.12,2,1,Pellet,Left,0,0,25,0,21.23,31,nan
3/11/2022 17:55:53,1.8.1,Free_feed,4,4.13,1,1,Pellet,Left,0,0,26,0,Timed_out,204,nan
3/11/2022 17:56:10,1.8.1,Free_feed,4,4.12,1,1,Pellet,Left,0,0,27,0,10.29,17,nan
3/11/2022 17:56:11,1.8.1,Free_feed,4,4.12,1,1,Pellet,Left,0,0,28,0,0.06,1,nan
3/11/2022 17:58:19,1.8.1,Free_feed,4,4.12,1,1,Pellet,Left,0,0,29,0,Timed_out,127,nan
3/11/2022 18:01:55,1.8.1,Free_feed,4,4.12,2,1,Pellet,Left,0,0,30,0,Timed_out,217,nan
3/11/2022 18:07:13,1.8.1,Free_feed,4,4.12,1,1,Pellet,Left,0,0,31,0,Timed_out,318,nan
3/11/2022 18:09:37,1.8.1,Free_feed,4,4.12,1,1,Pellet,Left,0,0,32,0,Timed_out,144,nan
3/11/2022 18:10:42,1.8.1,Free_feed,4,4.12,1,1,Pellet,Left,0,0,33,0,58.34,65,nan
3/11/2022 18:10:57,1.8.1,Free_feed,4,4.12,1,1,Pellet,Left,0,0,34,0,13.42,14,nan
3/11/2022 18:20:27,1.8.1,Free_feed,4,4.12,2,1,Pellet,Left,0,0,35,0,Timed_out,571,nan
3/11/2022 18:22:47,1.8.1,Free_feed,4,4.12,1,1,Pellet,Left,0,0,36,0,Timed_out,140,nan
3/11/2022 18:29:33,1.8.1,Free_feed,4,4.12,2,1,Pellet,Left,0,0,37,0,Timed_out,406,nan
3/11/2022 18:35:15,1.8.1,Free_feed,4,4.12,1,1,Pellet,Left,0,0,38,0,Timed_out,342,nan
3/11/2022 18:35:18,1.8.1,Free_feed,4,4.12,1,1,Pellet,Left,0,0,39,0,0.06,2,nan
3/11/2022 18:35:42,1.8.1,Free_feed,4,4.12,1,1,Pellet,Left,0,0,40,0,17.11,25,nan
3/11/2022 18:40:35,1.8.1,Free_feed,4,4.12,2,1,Pellet,Left,0,0,41,0,Timed_out,293,nan
3/11/2022 18:40:57,1.8.1,Free_feed,4,4.12,1,1,Pellet,Left,0,0,42,0,15.62,22,nan
3/11/2022 18:50:30,1.8.1,Free_feed,4,4.12,1,1,Pellet,Left,0,0,43,0,Timed_out,573,nan
3/11/2022 18:52:47,1.8.1,Free_feed,4,4.12,1,1,Pellet,Left,0,0,44,0,Timed_out,137,nan
3/11/2022 18:58:38,1.8.1,Free_feed,4,4.12,1,1,Pellet,Left,0,0,45,0,Timed_out,351,nan
3/11/2022 19:18:52,1.8.1,Free_feed,4,4.12,2,1,Pellet,Left,0,0,46,0,Timed_out,1214,nan
3/11/2022 19:28:30,1.8.1,Free_feed,4,4.12,1,1,Pellet,Left,0,0,47,0,Timed_out,578,nan
3/11/2022 19:29:20,1.8.1,Free_feed,4,4.12,1,1,Pellet,Left,0,0,48,0,43.44,50,nan
3/11/2022 19:38:23,1.8.1,Free_feed,4,4.12,1,1,Pellet,Left,0,0,49,0,Timed_out,543,nan
3/11/2022 19:38:24,1.8.1,Free_feed,4,4.12,1,1,Pellet,Left,0,0,50,0,0.06,1,nan
3/11/2022 19:40:59,1.8.1,Free_feed,4,4.12,1,1,Pellet,Left,0,0,51,0,Timed_out,155,nan
3/11/2022 19:49:04,1.8.1,Free_feed,4,4.12,1,1,Pellet,Left,0,0,52,0,Timed_out,485,nan
3/11/2022 19:49:43,1.8.1,Free_feed,4,4.12,1,1,Pellet,Left,0,0,53,0,31.81,39,nan
3/11/2022 19:50:40,1.8.1,Free_feed,4,4.12,1,1,Pellet,Left,0,0,54,0,51.13,57,nan
3/11/2022 20:08:40,1.8.1,Free_feed,4,4.11,1,1,Pellet,Left,0,0,55,0,Timed_out,1080,nan
3/11/2022 20:09:02,1.8.1,Free_feed,4,4.12,1,1,Pellet,Left,0,0,56,0,14.47,21,nan
3/11/2022 20:09:07,1.8.1,Free_feed,4,4.12,1,1,Pellet,Left,0,0,57,0,0.18,6,nan
3/11/2022 20:09:38,1.8.1,Free_feed,4,4.12,1,1,Pellet,Left,0,0,58,0,23.57,31,nan
3/11/2022 20:19:07,1.8.1,Free_feed,4,4.11,1,1,Pellet,Left,0,0,59,0,Timed_out,569,nan
3/11/2022 20:21:19,1.8.1,Free_feed,4,4.12,1,1,Pellet,Left,0,0,60,0,Timed_out,132,nan
3/11/2022 20:23:22,1.8.1,Free_feed,4,4.12,1,1,Pellet,Left,0,0,61,0,Timed_out,123,nan
3/11/2022 20:32:27,1.8.1,Free_feed,4,4.11,1,1,Pellet,Left,0,0,62,0,Timed_out,545,nan
3/11/2022 20:32:49,1.8.1,Free_feed,4,4.12,1,1,Pellet,Left,0,0,63,0,21.05,22,nan
3/11/2022 20:33:35,1.8.1,Free_feed,4,4.11,1,1,Pellet,Left,0,0,64,0,40.01,46,nan
3/11/2022 20:34:01,1.8.1,Free_feed,4,4.11,1,1,Pellet,Left,0,0,65,0,18.58,26,nan
3/11/2022 20:34:17,1.8.1,Free_feed,4,4.12,1,1,Pellet,Left,0,0,66,0,9.49,16,nan
3/11/2022 20:47:21,1.8.1,Free_feed,4,4.12,2,1,Pellet,Left,0,0,67,0,Timed_out,784,nan
3/11/2022 20:50:38,1.8.1,Free_feed,4,4.11,2,1,Pellet,Left,0,0,68,0,Timed_out,197,nan
3/11/2022 20:52:30,1.8.1,Free_feed,4,4.11,1,1,Pellet,Left,0,0,69,0,Timed_out,112,nan
3/11/2022 21:02:27,1.8.1,Free_feed,4,4.11,1,1,Pellet,Left,0,0,70,0,Timed_out,597,nan
3/11/2022 21:02:44,1.8.1,Free_feed,4,4.11,1,1,Pellet,Left,0,0,71,0,15.32,17,nan
3/11/2022 21:12:19,1.8.1,Free_feed,4,4.11,1,1,Pellet,Left,0,0,72,0,Timed_out,575,nan
3/11/2022 21:12:45,1.8.1,Free_feed,4,4.12,1,1,Pellet,Left,0,0,73,0,24.73,26,nan
3/11/2022 21:12:59,1.8.1,Free_feed,4,4.11,1,1,Pellet,Left,0,0,74,0,8.02,14,nan
3/11/2022 21:15:42,1.8.1,Free_feed,4,4.11,1,1,Pellet,Left,0,0,75,0,Timed_out,163,nan
3/11/2022 21:17:12,1.8.1,Free_feed,4,4.12,2,1,Pellet,Left,0,0,76,0,Timed_out,90,nan
3/11/2022 21:22:55,1.8.1,Free_feed,4,4.11,1,1,Pellet,Left,0,0,77,0,Timed_out,343,nan
3/11/2022 21:23:12,1.8.1,Free_feed,4,4.11,1,1,Pellet,Left,0,0,78,0,9.55,17,nan
3/11/2022 21:23:43,1.8.1,Free_feed,4,4.11,2,1,Pellet,Left,0,0,79,0,24.92,31,nan
3/11/2022 21:30:22,1.8.1,Free_feed,4,4.11,1,1,Pellet,Left,0,0,80,0,Timed_out,399,nan
3/11/2022 21:37:55,1.8.1,Free_feed,4,4.11,1,1,Pellet,Left,0,0,81,0,Timed_out,452,nan
3/11/2022 21:38:14,1.8.1,Free_feed,4,4.11,1,1,Pellet,Left,0,0,82,0,12.19,20,nan
3/11/2022 21:38:14,1.8.1,Free_feed,4,4.12,1,1,Pellet,Left,0,0,83,0,0.06,0,nan
3/11/2022 21:52:40,1.8.1,Free_feed,4,4.11,1,1,Pellet,Left,0,0,84,0,Timed_out,866,nan
3/11/2022 21:59:07,1.8.1,Free_feed,4,4.11,1,1,Pellet,Left,0,0,85,0,Timed_out,387,nan
3/11/2022 21:59:24,1.8.1,Free_feed,4,4.11,1,1,Pellet,Left,0,0,86,0,10.54,17,nan
3/11/2022 21:59:42,1.8.1,Free_feed,4,4.11,1,1,Pellet,Left,0,0,87,0,16.00,18,nan
3/11/2022 22:00:55,1.8.1,Free_feed,4,4.11,1,1,Pellet,Left,0,0,88,0,Timed_out,73,nan
3/11/2022 22:12:19,1.8.1,Free_feed,4,4.11,2,1,Pellet,Left,0,0,89,0,Timed_out,684,nan
3/11/2022 22:12:26,1.8.1,Free_feed,4,4.11,1,1,Pellet,Left,0,0,90,0,0.06,7,nan
3/11/2022 22:20:27,1.8.1,Free_feed,4,4.11,1,1,Pellet,Left,0,0,91,0,Timed_out,481,nan
3/11/2022 22:22:57,1.8.1,Free_feed,4,4.11,1,1,Pellet,Left,0,0,92,0,Timed_out,150,nan
3/11/2022 22:35:05,1.8.1,Free_feed,4,4.11,1,1,Pellet,Left,0,0,93,0,Timed_out,728,nan
3/11/2022 22:35:33,1.8.1,Free_feed,4,4.11,2,1,Pellet,Left,0,0,94,0,19.70,28,nan
3/11/2022 22:35:34,1.8.1,Free_feed,4,4.11,1,1,Pellet,Left,0,0,95,0,0.06,1,nan
3/11/2022 22:38:19,1.8.1,Free_feed,4,4.11,1,1,Pellet,Left,0,0,96,0,Timed_out,165,nan
3/11/2022 22:39:37,1.8.1,Free_feed,4,4.11,1,1,Pellet,Left,0,0,97,0,Timed_out,78,nan
3/11/2022 22:39:37,1.8.1,Free_feed,4,4.11,1,1,Pellet,Left,0,0,98,0,0.06,0,nan
3/11/2022 22:46:36,1.8.1,Free_feed,4,4.11,1,1,Pellet,Left,0,0,99,0,Timed_out,419,nan
3/11/2022 22:46:49,1.8.1,Free_feed,4,4.11,1,1,Pellet,Left,0,0,100,0,5.81,13,nan
3/11/2022 22:47:11,1.8.1,Free_feed,4,4.11,1,1,Pellet,Left,0,0,101,0,15.82,22,nan
3/11/2022 22:47:30,1.8.1,Free_feed,4,4.11,1,1,Pellet,Left,0,0,102,0,12.37,19,nan
3/11/2022 22:50:45,1.8.1,Free_feed,4,4.11,1,1,Pellet,Left,0,0,103,0,Timed_out,195,nan
3/11/2022 22:53:33,1.8.1,Free_feed,4,4.11,2,1,Pellet,Left,0,0,104,0,Timed_out,168,nan
3/11/2022 23:13:12,1.8.1,Free_feed,4,4.11,1,1,Pellet,Left,0,0,105,0,Timed_out,1179,nan
3/11/2022 23:13:37,1.8.1,Free_feed,4,4.11,1,1,Pellet,Left,0,0,106,0,18.46,25,nan
3/11/2022 23:13:55,1.8.1,Free_feed,4,4.11,1,1,Pellet,Left,0,0,107,0,10.96,18,nan
3/11/2022 23:14:24,1.8.1,Free_feed,4,4.11,1,1,Pellet,Left,0,0,108,0,22.20,29,nan
3/11/2022 23:14:51,1.8.1,Free_feed,4,4.11,1,1,Pellet,Left,0,0,109,0,20.06,27,nan
3/11/2022 23:38:19,1.8.1,Free_feed,4,4.11,1,1,Pellet,Left,0,0,110,0,Timed_out,1408,nan
3/11/2022 23:38:38,1.8.1,Free_feed,4,4.11,1,1,Pellet,Left,0,0,111,0,12.32,19,nan
3/11/2022 23:38:58,1.8.1,Free_feed,4,4.11,1,1,Pellet,Left,0,0,112,0,12.62,20,nan
3/11/2022 23:39:16,1.8.1,Free_feed,4,4.11,1,1,Pellet,Left,0,0,113,0,12.01,18,nan
3/11/2022 23:39:30,1.8.1,Free_feed,4,4.11,1,1,Pellet,Left,0,0,114,0,6.98,14,nan
3/11/2022 23:39:56,1.8.1,Free_feed,4,4.09,1,1,Pellet,Left,0,0,115,0,24.61,26,nan
3/11/2022 23:56:13,1.8.1,Free_feed,4,4.11,1,1,Pellet,Left,0,0,116,0,Timed_out,977,nan
3/11/2022 23:56:44,1.8.1,Free_feed,4,4.10,1,1,Pellet,Left,0,0,117,0,24.43,31,nan
3/11/2022 23:57:32,1.8.1,Free_feed,4,4.11,1,1,Pellet,Left,0,0,118,0,42.10,48,nan
3/11/2022 23:57:49,1.8.1,Free_feed,4,4.11,1,1,Pellet,Left,0,0,119,0,9.92,17,nan
3/12/2022 0:06:07,1.8.1,Free_feed,4,4.11,1,1,Pellet,Left,0,0,120,0,Timed_out,498,nan
3/12/2022 0:07:24,1.8.1,Free_feed,4,4.10,1,1,Pellet,Left,0,0,121,0,Timed_out,77,nan
3/12/2022 0:23:42,1.8.1,Free_feed,4,4.11,1,1,Pellet,Left,0,0,122,0,Timed_out,978,nan
3/12/2022 0:24:07,1.8.1,Free_feed,4,4.11,1,1,Pellet,Left,0,0,123,0,24.26,25,nan
3/12/2022 0:24:26,1.8.1,Free_feed,4,4.11,1,1,Pellet,Left,0,0,124,0,12.14,19,nan
3/12/2022 0:24:43,1.8.1,Free_feed,4,4.11,2,1,Pellet,Left,0,0,125,0,7.84,17,nan
3/12/2022 0:25:01,1.8.1,Free_feed,4,4.11,1,1,Pellet,Left,0,0,126,0,10.23,18,nan
3/12/2022 0:25:18,1.8.1,Free_feed,4,4.11,1,1,Pellet,Left,0,0,127,0,11.09,17,nan
3/12/2022 0:25:35,1.8.1,Free_feed,4,4.11,1,1,Pellet,Left,0,0,128,0,10.05,17,nan
3/12/2022 0:36:24,1.8.1,Free_feed,4,4.11,2,1,Pellet,Left,0,0,129,0,Timed_out,649,nan
3/12/2022 0:53:57,1.8.1,Free_feed,4,4.10,1,1,Pellet,Left,0,0,130,0,Timed_out,1053,nan
3/12/2022 0:53:58,1.8.1,Free_feed,4,4.11,1,1,Pellet,Left,0,0,131,0,0.06,1,nan
3/12/2022 0:54:11,1.8.1,Free_feed,4,4.11,1,1,Pellet,Left,0,0,132,0,5.69,13,nan
3/12/2022 0:54:34,1.8.1,Free_feed,4,4.11,1,1,Pellet,Left,0,0,133,0,17.05,23,nan
3/12/2022 0:58:12,1.8.1,Free_feed,4,4.11,2,1,Pellet,Left,0,0,134,0,Timed_out,218,nan
3/12/2022 1:04:10,1.8.1,Free_feed,4,4.11,1,1,Pellet,Left,0,0,135,0,Timed_out,358,nan
3/12/2022 1:16:05,1.8.1,Free_feed,4,4.10,1,1,Pellet,Left,0,0,136,0,Timed_out,715,nan
3/12/2022 1:27:51,1.8.1,Free_feed,4,4.11,2,1,Pellet,Left,0,0,137,0,Timed_out,706,nan
3/12/2022 1:28:11,1.8.1,Free_feed,4,4.10,2,1,Pellet,Left,0,0,138,0,13.61,20,nan
3/12/2022 1:28:30,1.8.1,Free_feed,4,4.10,1,1,Pellet,Left,0,0,139,0,12.69,19,nan
3/12/2022 1:28:51,1.8.1,Free_feed,4,4.10,1,1,Pellet,Left,0,0,140,0,14.53,21,nan
3/12/2022 1:29:16,1.8.1,Free_feed,4,4.10,1,1,Pellet,Left,0,0,141,0,23.45,25,nan
3/12/2022 1:55:34,1.8.1,Free_feed,4,4.10,1,1,Pellet,Left,0,0,142,0,Timed_out,1578,nan
3/12/2022 1:55:49,1.8.1,Free_feed,4,4.11,1,1,Pellet,Left,0,0,143,0,13.86,15,nan
3/12/2022 1:56:08,1.8.1,Free_feed,4,4.10,1,1,Pellet,Left,0,0,144,0,12.01,19,nan
3/12/2022 1:56:28,1.8.1,Free_feed,4,4.10,1,1,Pellet,Left,0,0,145,0,13.24,20,nan
3/12/2022 2:10:21,1.8.1,Free_feed,4,4.10,1,1,Pellet,Left,0,0,146,0,Timed_out,833,nan
3/12/2022 2:28:04,1.8.1,Free_feed,4,4.11,1,1,Pellet,Left,0,0,147,0,Timed_out,1063,nan
3/12/2022 2:28:21,1.8.1,Free_feed,4,4.10,1,1,Pellet,Left,0,0,148,0,10.11,17,nan
3/12/2022 2:38:01,1.8.1,Free_feed,4,4.10,1,1,Pellet,Left,0,0,149,0,Timed_out,580,nan
3/12/2022 2:38:17,1.8.1,Free_feed,4,4.10,1,1,Pellet,Left,0,0,150,0,9.07,16,nan
3/12/2022 2:38:31,1.8.1,Free_feed,4,4.10,1,1,Pellet,Left,0,0,151,0,6.92,14,nan
3/12/2022 2:54:14,1.8.1,Free_feed,4,4.09,1,1,Pellet,Left,0,0,152,0,Timed_out,943,nan
3/12/2022 3:59:42,1.8.1,Free_feed,4,4.09,1,1,Pellet,Left,0,0,153,0,Timed_out,3928,nan
3/12/2022 3:59:43,1.8.1,Free_feed,4,4.09,1,1,Pellet,Left,0,0,154,0,0.30,1,nan
3/12/2022 4:00:19,1.8.1,Free_feed,4,4.09,1,1,Pellet,Left,0,0,155,0,29.92,36,nan
3/12/2022 4:00:56,1.8.1,Free_feed,4,4.09,1,1,Pellet,Left,0,0,156,0,29.36,37,nan
3/12/2022 4:01:23,1.8.1,Free_feed,4,4.09,1,1,Pellet,Left,0,0,157,0,20.25,27,nan
3/12/2022 4:01:51,1.8.1,Free_feed,4,4.09,1,1,Pellet,Left,0,0,158,0,21.47,28,nan
3/12/2022 4:02:10,1.8.1,Free_feed,4,4.10,1,1,Pellet,Left,0,0,159,0,12.13,19,nan
3/12/2022 4:03:06,1.8.1,Free_feed,4,4.09,2,1,Pellet,Left,0,0,160,0,47.16,56,nan
3/12/2022 4:03:24,1.8.1,Free_feed,4,4.09,1,1,Pellet,Left,0,0,161,0,11.52,18,nan
3/12/2022 4:04:00,1.8.1,Free_feed,4,4.09,1,1,Pellet,Left,0,0,162,0,30.09,36,nan
3/12/2022 4:37:39,1.8.1,Free_feed,4,4.09,1,1,Pellet,Left,0,0,163,0,Timed_out,2019,nan
3/12/2022 4:50:31,1.8.1,Free_feed,4,4.09,1,1,Pellet,Left,0,0,164,0,Timed_out,772,nan
3/12/2022 4:51:45,1.8.1,Free_feed,4,4.09,1,1,Pellet,Left,0,0,165,0,Timed_out,74,nan
3/12/2022 5:11:30,1.8.1,Free_feed,4,4.09,1,1,Pellet,Left,0,0,166,0,Timed_out,1185,nan
3/12/2022 5:34:01,1.8.1,Free_feed,4,4.09,1,1,Pellet,Left,0,0,167,0,Timed_out,1351,nan
3/12/2022 5:38:20,1.8.1,Free_feed,4,4.09,1,1,Pellet,Left,0,0,168,0,Timed_out,259,nan
3/12/2022 5:41:58,1.8.1,Free_feed,4,4.09,1,1,Pellet,Left,0,0,169,0,Timed_out,218,nan
3/12/2022 5:50:21,1.8.1,Free_feed,4,4.09,1,1,Pellet,Left,0,0,170,0,Timed_out,503,nan
3/12/2022 5:50:47,1.8.1,Free_feed,4,4.09,1,1,Pellet,Left,0,0,171,0,19.14,26,nan
3/12/2022 5:50:49,1.8.1,Free_feed,4,4.09,1,1,Pellet,Left,0,0,172,0,0.18,2,nan
3/12/2022 5:51:11,1.8.1,Free_feed,4,4.09,1,1,Pellet,Left,0,0,173,0,15.64,22,nan
3/12/2022 5:51:30,1.8.1,Free_feed,4,4.09,2,1,Pellet,Left,0,0,174,0,12.44,18,nan
3/12/2022 5:51:53,1.8.1,Free_feed,4,4.09,1,1,Pellet,Left,0,0,175,0,16.99,24,nan
3/12/2022 5:52:14,1.8.1,Free_feed,4,4.09,1,1,Pellet,Left,0,0,176,0,19.88,21,nan
3/12/2022 6:13:49,1.8.1,Free_feed,4,4.09,1,1,Pellet,Left,0,0,177,0,Timed_out,1295,nan
3/12/2022 6:14:09,1.8.1,Free_feed,4,4.09,2,1,Pellet,Left,0,0,178,0,11.03,20,nan
3/12/2022 6:24:48,1.8.1,Free_feed,4,4.09,1,1,Pellet,Left,0,0,179,0,Timed_out,639,nan
3/12/2022 6:25:31,1.8.1,Free_feed,4,4.09,1,1,Pellet,Left,0,0,180,0,36.45,43,nan
3/12/2022 6:25:52,1.8.1,Free_feed,4,4.09,1,1,Pellet,Left,0,0,181,0,14.84,21,nan
3/12/2022 6:26:23,1.8.1,Free_feed,4,4.09,1,1,Pellet,Left,0,0,182,0,29.80,31,nan
3/12/2022 6:26:53,1.8.1,Free_feed,4,4.09,1,1,Pellet,Left,0,0,183,0,23.28,30,nan
3/12/2022 6:51:39,1.8.1,Free_feed,4,4.08,1,1,Pellet,Left,0,0,184,0,Timed_out,1486,nan
3/12/2022 6:52:34,1.8.1,Free_feed,4,4.09,1,1,Pellet,Left,0,0,185,0,49.00,55,nan
3/12/2022 6:52:52,1.8.1,Free_feed,4,4.08,1,1,Pellet,Left,0,0,186,0,11.10,18,nan
3/12/2022 6:53:10,1.8.1,Free_feed,4,4.09,1,1,Pellet,Left,0,0,187,0,16.44,18,nan
3/12/2022 6:57:12,1.8.1,Free_feed,4,4.09,1,1,Pellet,Left,0,0,188,0,Timed_out,242,nan
3/12/2022 6:57:13,1.8.1,Free_feed,4,4.09,1,1,Pellet,Left,0,0,189,0,0.42,1,nan
3/12/2022 7:12:32,1.8.1,Free_feed,4,4.09,1,1,Pellet,Left,0,0,190,0,Timed_out,919,nan
3/12/2022 7:12:53,1.8.1,Free_feed,4,4.09,1,1,Pellet,Left,0,0,191,0,13.85,21,nan
3/12/2022 7:13:12,1.8.1,Free_feed,4,4.08,1,1,Pellet,Left,0,0,192,0,11.45,19,nan
3/12/2022 7:57:39,1.8.1,Free_feed,4,4.08,1,1,Pellet,Left,0,0,193,0,Timed_out,2667,nan
3/12/2022 7:58:39,1.8.1,Free_feed,4,4.08,2,1,Pellet,Left,0,0,194,0,53.62,60,nan
3/12/2022 7:59:06,1.8.1,Free_feed,4,4.08,1,1,Pellet,Left,0,0,195,0,20.50,27,nan
3/12/2022 7:59:26,1.8.1,Free_feed,4,4.09,1,1,Pellet,Left,0,0,196,0,13.12,20,nan
3/12/2022 7:59:55,1.8.1,Free_feed,4,4.09,1,1,Pellet,Left,0,0,197,0,22.10,29,nan
3/12/2022 8:02:26,1.8.1,Free_feed,4,4.08,1,1,Pellet,Left,0,0,198,0,Timed_out,151,nan
3/12/2022 8:03:00,1.8.1,Free_feed,4,4.09,2,1,Pellet,Left,0,0,199,0,32.45,34,nan
3/12/2022 8:04:09,1.8.1,Free_feed,4,4.08,2,1,Pellet,Left,0,0,200,0,Timed_out,69,nan
3/12/2022 9:06:37,1.8.1,Free_feed,4,4.09,1,1,Pellet,Left,0,0,201,0,Timed_out,3748,nan
3/12/2022 9:07:10,1.8.1,Free_feed,4,4.08,1,1,Pellet,Left,0,0,202,0,32.01,33,nan
3/12/2022 9:07:12,1.8.1,Free_feed,4,4.08,1,1,Pellet,Left,0,0,203,0,0.06,2,nan
3/12/2022 9:07:39,1.8.1,Free_feed,4,4.08,1,1,Pellet,Left,0,0,204,0,20.87,27,nan
3/12/2022 9:08:02,1.8.1,Free_feed,4,4.08,1,1,Pellet,Left,0,0,205,0,16.25,23,nan
3/12/2022 9:08:22,1.8.1,Free_feed,4,4.07,1,1,Pellet,Left,0,0,206,0,12.88,20,nan
3/12/2022 9:09:55,1.8.1,Free_feed,4,4.07,1,1,Pellet,Left,0,0,207,0,Timed_out,93,nan
3/12/2022 9:10:24,1.8.1,Free_feed,4,4.08,1,1,Pellet,Left,0,0,208,0,22.40,29,nan
3/12/2022 9:10:46,1.8.1,Free_feed,4,4.08,1,1,Pellet,Left,0,0,209,0,14.72,22,nan
3/12/2022 9:11:12,1.8.1,Free_feed,4,4.07,1,1,Pellet,Left,0,0,210,0,24.99,26,nan
3/12/2022 9:11:37,1.8.1,Free_feed,4,4.08,1,1,Pellet,Left,0,0,211,0,17.66,25,nan
3/12/2022 9:25:31,1.8.1,Free_feed,4,4.08,1,1,Pellet,Left,0,0,212,0,Timed_out,834,nan
3/12/2022 9:25:32,1.8.1,Free_feed,4,4.08,1,1,Pellet,Left,0,0,213,0,0.06,1,nan
3/12/2022 9:57:50,1.8.1,Free_feed,4,4.07,1,1,Pellet,Left,0,0,214,0,Timed_out,1938,nan
3/12/2022 9:57:52,1.8.1,Free_feed,4,4.08,1,1,Pellet,Left,0,0,215,0,0.48,2,nan
3/12/2022 10:02:34,1.8.1,Free_feed,4,4.09,1,1,Pellet,Left,0,0,216,0,Timed_out,282,nan
3/12/2022 10:02:36,1.8.1,Free_feed,4,4.07,1,1,Pellet,Left,0,0,217,0,0.30,2,nan
3/12/2022 10:40:00,1.8.1,Free_feed,4,4.07,1,1,Pellet,Left,0,0,218,0,Timed_out,2244,nan
3/12/2022 10:40:02,1.8.1,Free_feed,4,4.07,1,1,Pellet,Left,0,0,219,0,0.12,2,nan
3/12/2022 10:40:47,1.8.1,Free_feed,4,4.07,1,1,Pellet,Left,0,0,220,0,43.82,45,nan
3/12/2022 10:41:15,1.8.1,Free_feed,4,4.07,2,1,Pellet,Left,0,0,221,0,19.51,28,nan
3/12/2022 10:41:38,1.8.1,Free_feed,4,4.08,1,1,Pellet,Left,0,0,222,0,17.05,23,nan
3/12/2022 10:42:03,1.8.1,Free_feed,4,4.08,1,1,Pellet,Left,0,0,223,0,17.17,25,nan
3/12/2022 10:42:28,1.8.1,Free_feed,4,4.07,1,1,Pellet,Left,0,0,224,0,18.53,25,nan
3/12/2022 10:58:13,1.8.1,Free_feed,4,4.08,1,1,Pellet,Left,0,0,225,0,Timed_out,945,nan
3/12/2022 10:58:37,1.8.1,Free_feed,4,4.07,1,1,Pellet,Left,0,0,226,0,17.92,24,nan
3/12/2022 11:14:59,1.8.1,Free_feed,4,4.07,1,1,Pellet,Left,0,0,227,0,Timed_out,982,nan
3/12/2022 11:16:09,1.8.1,Free_feed,4,4.07,1,1,Pellet,Left,0,0,228,0,Timed_out,70,nan
3/12/2022 11:16:30,1.8.1,Free_feed,4,4.07,1,1,Pellet,Left,0,0,229,0,14.84,21,nan
3/12/2022 11:16:31,1.8.1,Free_feed,4,4.07,1,1,Pellet,Left,0,0,230,0,0.06,1,nan
3/12/2022 11:16:52,1.8.1,Free_feed,4,4.07,1,1,Pellet,Left,0,0,231,0,13.91,20,nan
3/12/2022 11:17:09,1.8.1,Free_feed,4,4.07,1,1,Pellet,Left,0,0,232,0,10.72,18,nan
3/12/2022 11:35:30,1.8.1,Free_feed,4,4.07,1,1,Pellet,Left,0,0,233,0,Timed_out,1101,nan
3/12/2022 11:35:48,1.8.1,Free_feed,4,4.07,1,1,Pellet,Left,0,0,234,0,11.58,18,nan
3/12/2022 11:35:55,1.8.1,Free_feed,4,4.07,1,1,Pellet,Left,0,0,235,0,0.06,7,nan
3/12/2022 13:38:57,1.8.1,Free_feed,4,4.07,1,1,Pellet,Left,0,0,236,0,Timed_out,7382,nan
3/12/2022 13:39:35,1.8.1,Free_feed,4,4.07,1,1,Pellet,Left,0,0,237,0,31.41,38,nan
3/12/2022 13:40:18,1.8.1,Free_feed,4,4.07,1,1,Pellet,Left,0,0,238,0,36.45,43,nan
3/12/2022 13:40:35,1.8.1,Free_feed,4,4.07,2,1,Pellet,Left,0,0,239,0,10.79,17,nan
3/12/2022 13:40:54,1.8.1,Free_feed,4,4.07,1,1,Pellet,Left,0,0,240,0,12.07,19,nan
3/12/2022 13:41:21,1.8.1,Free_feed,4,4.07,1,1,Pellet,Left,0,0,241,0,20.06,27,nan
3/12/2022 13:41:46,1.8.1,Free_feed,4,4.07,1,1,Pellet,Left,0,0,242,0,17.17,24,nan
3/12/2022 13:42:08,1.8.1,Free_feed,4,4.07,1,1,Pellet,Left,0,0,243,0,16.13,23,nan
3/12/2022 13:42:09,1.8.1,Free_feed,4,4.07,1,1,Pellet,Left,0,0,244,0,0.06,1,nan
3/12/2022 13:58:57,1.8.1,Free_feed,4,4.07,2,1,Pellet,Left,0,0,245,0,Timed_out,1008,nan
3/12/2022 13:59:47,1.8.1,Free_feed,4,4.07,1,1,Pellet,Left,0,0,246,0,43.66,50,nan
3/12/2022 14:59:10,1.8.1,Free_feed,4,4.07,2,1,Pellet,Left,0,0,247,0,Timed_out,3563,nan
3/12/2022 15:00:32,1.8.1,Free_feed,4,4.07,1,1,Pellet,Left,0,0,248,0,Timed_out,82,nan
3/12/2022 15:00:50,1.8.1,Free_feed,4,4.07,1,1,Pellet,Left,0,0,249,0,11.09,18,nan
3/12/2022 15:01:16,1.8.1,Free_feed,4,4.07,1,1,Pellet,Left,0,0,250,0,18.77,26,nan
3/12/2022 15:01:43,1.8.1,Free_feed,4,4.07,1,1,Pellet,Left,0,0,251,0,21.60,27,nan
3/12/2022 15:02:09,1.8.1,Free_feed,4,4.07,1,1,Pellet,Left,0,0,252,0,19.26,26,nan
3/12/2022 15:24:29,1.8.1,Free_feed,4,4.07,1,1,Pellet,Left,0,0,253,0,Timed_out,1340,nan
3/12/2022 15:50:25,1.8.1,Free_feed,4,4.07,1,1,Pellet,Left,0,0,254,0,Timed_out,1556,nan
3/12/2022 15:50:45,1.8.1,Free_feed,4,4.06,1,1,Pellet,Left,0,0,255,0,14.17,20,nan
3/12/2022 15:51:02,1.8.1,Free_feed,4,4.07,1,1,Pellet,Left,0,0,256,0,9.93,17,nan
3/12/2022 15:53:26,1.8.1,Free_feed,4,4.06,1,1,Pellet,Left,0,0,257,0,Timed_out,144,nan
3/12/2022 16:34:16,1.8.1,Free_feed,4,4.06,2,1,Pellet,Left,0,0,258,0,Timed_out,2450,nan
3/12/2022 16:34:17,1.8.1,Free_feed,4,4.06,1,1,Pellet,Left,0,0,259,0,0.06,1,nan
3/12/2022 16:34:23,1.8.1,Free_feed,4,4.07,1,1,Pellet,Left,0,0,260,0,2.56,6,nan
3/12/2022 16:34:52,1.8.1,Free_feed,4,4.07,1,1,Pellet,Left,0,0,261,0,22.16,29,nan
3/12/2022 16:35:28,1.8.1,Free_feed,4,4.07,1,1,Pellet,Left,0,0,262,0,28.50,36,nan
3/12/2022 16:35:52,1.8.1,Free_feed,4,4.07,1,1,Pellet,Left,0,0,263,0,17.92,24,nan
3/12/2022 16:36:19,1.8.1,Free_feed,4,4.06,1,1,Pellet,Left,0,0,264,0,19.64,27,nan
3/12/2022 16:55:53,1.8.1,Free_feed,4,4.07,1,1,Pellet,Left,0,0,265,0,Timed_out,1174,nan
3/12/2022 16:56:30,1.8.1,Free_feed,4,4.07,1,1,Pellet,Left,0,0,266,0,30.86,37,nan
3/12/2022 17:05:15,1.8.1,Free_feed,4,4.07,1,1,Pellet,Left,0,0,267,0,Timed_out,525,nan
3/12/2022 17:20:03,1.8.1,Free_feed,4,4.06,1,1,Pellet,Left,0,0,268,0,Timed_out,888,nan
3/12/2022 17:34:05,1.8.1,Free_feed,4,4.06,1,1,Pellet,Left,0,0,269,0,Timed_out,842,nan
3/12/2022 17:34:31,1.8.1,Free_feed,4,4.07,1,1,Pellet,Left,0,0,270,0,23.21,26,nan
3/12/2022 17:43:31,1.8.1,Free_feed,4,4.06,1,1,Pellet,Left,0,0,271,0,Timed_out,540,nan
3/12/2022 17:43:33,1.8.1,Free_feed,4,4.06,1,1,Pellet,Left,0,0,272,0,0.18,2,nan
3/12/2022 17:44:19,1.8.1,Free_feed,4,4.07,1,1,Pellet,Left,0,0,273,0,40.20,46,nan
3/12/2022 17:50:31,1.8.1,Free_feed,4,4.06,1,1,Pellet,Left,0,0,274,0,Timed_out,372,nan
3/12/2022 18:23:20,1.8.1,Free_feed,4,4.05,1,1,Pellet,Left,0,0,275,0,Timed_out,1969,nan
3/12/2022 18:35:18,1.8.1,Free_feed,4,4.06,1,1,Pellet,Left,0,0,276,0,Timed_out,718,nan
3/12/2022 19:00:01,1.8.1,Free_feed,4,4.06,1,1,Pellet,Left,0,0,277,0,Timed_out,1483,nan
3/12/2022 19:00:30,1.8.1,Free_feed,4,4.07,1,1,Pellet,Left,0,0,278,0,21.72,29,nan
3/12/2022 19:00:55,1.8.1,Free_feed,4,4.06,1,1,Pellet,Left,0,0,279,0,19.08,25,nan
3/12/2022 19:01:27,1.8.1,Free_feed,4,4.06,1,1,Pellet,Left,0,0,280,0,24.62,32,nan
3/12/2022 19:02:10,1.8.1,Free_feed,4,4.05,1,1,Pellet,Left,0,0,281,0,37.43,43,nan
3/12/2022 19:06:38,1.8.1,Free_feed,4,4.06,1,1,Pellet,Left,0,0,282,0,Timed_out,268,nan
3/12/2022 19:06:39,1.8.1,Free_feed,4,4.06,1,1,Pellet,Left,0,0,283,0,0.67,1,nan
3/12/2022 19:11:27,1.8.1,Free_feed,4,4.06,1,1,Pellet,Left,0,0,284,0,Timed_out,288,nan
3/12/2022 19:11:28,1.8.1,Free_feed,4,4.06,1,1,Pellet,Left,0,0,285,0,0.06,1,nan
3/12/2022 19:34:19,1.8.1,Free_feed,4,4.05,1,1,Pellet,Left,0,0,286,0,Timed_out,1371,nan
3/12/2022 19:34:53,1.8.1,Free_feed,4,4.05,1,1,Pellet,Left,0,0,287,0,32.95,34,nan
3/12/2022 19:35:19,1.8.1,Free_feed,4,4.06,1,1,Pellet,Left,0,0,288,0,18.71,26,nan
3/12/2022 19:35:32,1.8.1,Free_feed,4,4.06,1,1,Pellet,Left,0,0,289,0,7.23,13,nan
3/12/2022 19:36:10,1.8.1,Free_feed,4,4.05,1,1,Pellet,Left,0,0,290,0,30.73,38,nan
3/12/2022 19:36:11,1.8.1,Free_feed,4,4.06,1,1,Pellet,Left,0,0,291,0,0.06,1,nan
3/12/2022 19:57:53,1.8.1,Free_feed,4,4.05,1,1,Pellet,Left,0,0,292,0,Timed_out,1302,nan
3/12/2022 19:57:54,1.8.1,Free_feed,4,4.05,1,1,Pellet,Left,0,0,293,0,0.06,1,nan
3/12/2022 19:58:12,1.8.1,Free_feed,4,4.05,1,1,Pellet,Left,0,0,294,0,10.60,18,nan
3/12/2022 19:58:33,1.8.1,Free_feed,4,4.06,1,1,Pellet,Left,0,0,295,0,15.27,21,nan
3/12/2022 19:58:50,1.8.1,Free_feed,4,4.06,1,1,Pellet,Left,0,0,296,0,9.93,17,nan
3/12/2022 19:59:15,1.8.1,Free_feed,4,4.05,1,1,Pellet,Left,0,0,297,0,23.22,25,nan
3/12/2022 19:59:32,1.8.1,Free_feed,4,4.06,1,1,Pellet,Left,0,0,298,0,11.09,17,nan
3/12/2022 19:59:33,1.8.1,Free_feed,4,4.06,1,1,Pellet,Left,0,0,299,0,0.06,1,nan
3/12/2022 20:00:01,1.8.1,Free_feed,4,4.05,1,1,Pellet,Left,0,0,300,0,20.69,28,nan
3/12/2022 20:00:02,1.8.1,Free_feed,4,4.06,1,1,Pellet,Left,0,0,301,0,0.12,1,nan
3/12/2022 20:00:21,1.8.1,Free_feed,4,4.05,1,1,Pellet,Left,0,0,302,0,12.75,19,nan
3/12/2022 20:00:22,1.8.1,Free_feed,4,4.05,1,1,Pellet,Left,0,0,303,0,0.12,1,nan
3/12/2022 20:00:41,1.8.1,Free_feed,4,4.05,2,1,Pellet,Left,0,0,304,0,11.03,19,nan
3/12/2022 20:00:42,1.8.1,Free_feed,4,4.06,1,1,Pellet,Left,0,0,305,0,0.18,1,nan
3/12/2022 20:02:08,1.8.1,Free_feed,4,4.05,1,1,Pellet,Left,0,0,306,0,Timed_out,86,nan
3/12/2022 21:18:24,1.8.1,Free_feed,4,4.05,1,1,Pellet,Left,0,0,307,0,Timed_out,4576,nan
3/12/2022 21:18:44,1.8.1,Free_feed,4,4.06,1,1,Pellet,Left,0,0,308,0,13.61,20,nan
3/12/2022 21:18:45,1.8.1,Free_feed,4,4.06,1,1,Pellet,Left,0,0,309,0,0.06,1,nan
3/12/2022 21:19:05,1.8.1,Free_feed,4,4.05,1,1,Pellet,Left,0,0,310,0,13.18,20,nan
3/12/2022 21:19:19,1.8.1,Free_feed,4,4.05,1,1,Pellet,Left,0,0,311,0,7.47,14,nan
3/12/2022 21:19:38,1.8.1,Free_feed,4,4.05,1,1,Pellet,Left,0,0,312,0,12.25,19,nan
3/12/2022 21:20:03,1.8.1,Free_feed,4,4.06,1,1,Pellet,Left,0,0,313,0,18.16,25,nan
3/12/2022 21:20:19,1.8.1,Free_feed,4,4.05,1,1,Pellet,Left,0,0,314,0,9.19,16,nan
3/12/2022 21:39:40,1.8.1,Free_feed,4,4.06,2,1,Pellet,Left,0,0,315,0,Timed_out,1161,nan
3/12/2022 21:40:02,1.8.1,Free_feed,4,4.05,1,1,Pellet,Left,0,0,316,0,15.58,22,nan
3/12/2022 21:40:15,1.8.1,Free_feed,4,4.05,1,1,Pellet,Left,0,0,317,0,5.75,12,nan
3/12/2022 21:40:31,1.8.1,Free_feed,4,4.05,1,1,Pellet,Left,0,0,318,0,10.47,17,nan
3/12/2022 22:02:29,1.8.1,Free_feed,4,4.05,1,1,Pellet,Left,0,0,319,0,Timed_out,1318,nan
3/12/2022 22:02:30,1.8.1,Free_feed,4,4.05,1,1,Pellet,Left,0,0,320,0,0.24,1,nan
3/12/2022 22:12:43,1.8.1,Free_feed,4,4.05,2,1,Pellet,Left,0,0,321,0,Timed_out,613,nan
3/12/2022 22:12:58,1.8.1,Free_feed,4,4.05,1,1,Pellet,Left,0,0,322,0,8.09,15,nan
3/12/2022 22:13:13,1.8.1,Free_feed,4,4.05,1,1,Pellet,Left,0,0,323,0,7.90,15,nan
3/12/2022 22:13:46,1.8.1,Free_feed,4,4.05,2,1,Pellet,Left,0,0,324,0,24.45,33,nan
3/12/2022 22:14:04,1.8.1,Free_feed,4,4.05,1,1,Pellet,Left,0,0,325,0,11.22,18,nan
3/12/2022 22:14:23,1.8.1,Free_feed,4,4.05,1,1,Pellet,Left,0,0,326,0,11.59,19,nan
3/12/2022 22:14:40,1.8.1,Free_feed,4,4.05,2,1,Pellet,Left,0,0,327,0,8.64,17,nan
3/12/2022 22:15:03,1.8.1,Free_feed,4,4.05,1,1,Pellet,Left,0,0,328,0,16.69,23,nan
3/12/2022 22:15:26,1.8.1,Free_feed,4,4.05,1,1,Pellet,Left,0,0,329,0,17.37,23,nan
3/12/2022 22:47:44,1.8.1,Free_feed,4,4.05,1,1,Pellet,Left,0,0,330,0,Timed_out,1938,nan
3/12/2022 23:01:31,1.8.1,Free_feed,4,4.05,1,1,Pellet,Left,0,0,331,0,Timed_out,827,nan
3/12/2022 23:01:44,1.8.1,Free_feed,4,4.05,1,1,Pellet,Left,0,0,332,0,5.63,13,nan
3/12/2022 23:02:02,1.8.1,Free_feed,4,4.05,1,1,Pellet,Left,0,0,333,0,16.63,18,nan
3/12/2022 23:18:00,1.8.1,Free_feed,4,4.05,1,1,Pellet,Left,0,0,334,0,Timed_out,958,nan
3/12/2022 23:18:14,1.8.1,Free_feed,4,4.05,1,1,Pellet,Left,0,0,335,0,7.23,14,nan
3/12/2022 23:18:29,1.8.1,Free_feed,4,4.05,1,1,Pellet,Left,0,0,336,0,7.47,15,nan
3/12/2022 23:18:51,1.8.1,Free_feed,4,4.05,1,1,Pellet,Left,0,0,337,0,15.46,22,nan
3/12/2022 23:19:14,1.8.1,Free_feed,4,4.05,1,1,Pellet,Left,0,0,338,0,16.93,23,nan
3/12/2022 23:19:29,1.8.1,Free_feed,4,4.05,2,1,Pellet,Left,0,0,339,0,8.09,15,nan
3/12/2022 23:19:46,1.8.1,Free_feed,4,4.05,1,1,Pellet,Left,0,0,340,0,9.93,17,nan
3/12/2022 23:20:02,1.8.1,Free_feed,4,4.05,1,1,Pellet,Left,0,0,341,0,9.13,16,nan
3/12/2022 23:49:39,1.8.1,Free_feed,4,4.05,1,1,Pellet,Left,0,0,342,0,Timed_out,1777,nan
3/12/2022 23:49:58,1.8.1,Free_feed,4,4.05,1,1,Pellet,Left,0,0,343,0,12.45,19,nan
3/12/2022 23:50:20,1.8.1,Free_feed,4,4.05,1,1,Pellet,Left,0,0,344,0,15.89,22,nan
3/12/2022 23:50:33,1.8.1,Free_feed,4,4.05,1,1,Pellet,Left,0,0,345,0,5.57,13,nan
3/12/2022 23:50:53,1.8.1,Free_feed,4,4.05,2,1,Pellet,Left,0,0,346,0,11.83,20,nan
3/12/2022 23:51:21,1.8.1,Free_feed,4,4.05,7,1,Pellet,Left,0,0,347,0,9.62,28,nan
3/12/2022 23:51:36,1.8.1,Free_feed,4,4.05,3,1,Pellet,Left,0,0,348,0,4.53,15,nan
3/12/2022 23:51:53,1.8.1,Free_feed,4,4.05,1,1,Pellet,Left,0,0,349,0,15.71,17,nan
3/13/2022 0:14:36,1.8.1,Free_feed,4,4.05,1,1,Pellet,Left,0,0,350,0,Timed_out,1363,nan
3/13/2022 0:34:41,1.8.1,Free_feed,4,4.05,11,1,Pellet,Left,0,0,351,0,Timed_out,1205,nan
3/13/2022 0:41:45,1.8.1,Free_feed,4,4.05,11,1,Pellet,Left,0,0,352,0,Timed_out,424,nan
3/13/2022 0:42:07,1.8.1,Free_feed,4,4.05,4,1,Pellet,Left,0,0,353,0,10.66,22,nan
3/13/2022 0:42:17,1.8.1,Free_feed,4,4.05,2,1,Pellet,Left,0,0,354,0,3.06,10,nan
3/13/2022 0:42:37,1.8.1,Free_feed,4,4.05,1,1,Pellet,Left,0,0,355,0,13.00,20,nan
3/13/2022 0:42:54,1.8.1,Free_feed,4,4.05,1,1,Pellet,Left,0,0,356,0,10.66,17,nan
3/13/2022 0:43:07,1.8.1,Free_feed,4,4.05,1,1,Pellet,Left,0,0,357,0,6.61,13,nan
3/13/2022 1:04:13,1.8.1,Free_feed,4,4.05,7,1,Pellet,Left,0,0,358,0,Timed_out,1266,nan
3/13/2022 1:04:14,1.8.1,Free_feed,4,4.05,1,1,Pellet,Left,0,0,359,0,0.06,1,nan
3/13/2022 1:04:33,1.8.1,Free_feed,4,4.05,2,1,Pellet,Left,0,0,360,0,10.11,19,nan
3/13/2022 1:04:54,1.8.1,Free_feed,4,4.05,1,1,Pellet,Left,0,0,361,0,14.34,21,nan
3/13/2022 1:04:56,1.8.1,Free_feed,4,4.05,1,1,Pellet,Left,0,0,362,0,0.06,1,nan
3/13/2022 1:05:12,1.8.1,Free_feed,4,4.05,1,1,Pellet,Left,0,0,363,0,10.48,17,nan
3/13/2022 1:05:31,1.8.1,Free_feed,4,4.04,7,1,Pellet,Left,0,0,364,0,1.22,19,nan
3/13/2022 1:05:48,1.8.1,Free_feed,4,4.05,1,1,Pellet,Left,0,0,365,0,10.60,17,nan
3/13/2022 1:06:11,1.8.1,Free_feed,4,4.05,1,1,Pellet,Left,0,0,366,0,15.70,23,nan
3/13/2022 1:06:30,1.8.1,Free_feed,4,4.05,1,1,Pellet,Left,0,0,367,0,13.00,19,nan
3/13/2022 1:44:17,1.8.1,Free_feed,4,4.05,1,1,Pellet,Left,0,0,368,0,Timed_out,2267,nan
3/13/2022 1:44:48,1.8.1,Free_feed,4,4.05,2,1,Pellet,Left,0,0,369,0,23.94,31,nan
3/13/2022 1:45:01,1.8.1,Free_feed,4,4.05,1,1,Pellet,Left,0,0,370,0,6.37,13,nan
3/13/2022 1:45:23,1.8.1,Free_feed,4,4.05,1,1,Pellet,Left,0,0,371,0,15.27,22,nan
3/13/2022 1:45:39,1.8.1,Free_feed,4,4.05,2,1,Pellet,Left,0,0,372,0,6.67,16,nan
3/13/2022 1:45:56,1.8.1,Free_feed,4,4.05,1,1,Pellet,Left,0,0,373,0,11.21,17,nan
3/13/2022 1:46:22,1.8.1,Free_feed,4,4.05,2,1,Pellet,Left,0,0,374,0,19.26,26,nan
3/13/2022 1:46:39,1.8.1,Free_feed,4,4.05,1,1,Pellet,Left,0,0,375,0,9.74,17,nan
3/13/2022 1:46:56,1.8.1,Free_feed,4,4.05,1,1,Pellet,Left,0,0,376,0,11.40,17,nan
3/13/2022 1:47:16,1.8.1,Free_feed,4,4.05,1,1,Pellet,Left,0,0,377,0,12.69,20,nan
3/13/2022 1:47:35,1.8.1,Free_feed,4,4.05,1,1,Pellet,Left,0,0,378,0,12.99,19,nan
3/13/2022 1:47:53,1.8.1,Free_feed,4,4.05,1,1,Pellet,Left,0,0,379,0,10.47,18,nan
3/13/2022 1:48:10,1.8.1,Free_feed,4,4.05,1,1,Pellet,Left,0,0,380,0,10.78,17,nan
3/13/2022 2:31:21,1.8.1,Free_feed,4,4.03,1,1,Pellet,Left,0,0,381,0,Timed_out,2591,nan
3/13/2022 2:31:21,1.8.1,Free_feed,4,4.05,1,1,Pellet,Left,0,0,382,0,0.06,0,nan
3/13/2022 2:31:41,1.8.1,Free_feed,4,4.05,1,1,Pellet,Left,0,0,383,0,13.06,20,nan
3/13/2022 2:31:42,1.8.1,Free_feed,4,4.05,1,1,Pellet,Left,0,0,384,0,0.18,1,nan
3/13/2022 2:31:44,1.8.1,Free_feed,4,4.05,1,1,Pellet,Left,0,0,385,0,0.06,2,nan
3/13/2022 3:34:09,1.8.1,Free_feed,4,4.05,1,1,Pellet,Left,0,0,386,0,Timed_out,3745,nan
3/13/2022 3:34:36,1.8.1,Free_feed,4,4.04,1,1,Pellet,Left,0,0,387,0,20.69,27,nan
3/13/2022 3:34:53,1.8.1,Free_feed,4,4.05,1,1,Pellet,Left,0,0,388,0,10.23,17,nan
3/13/2022 3:35:15,1.8.1,Free_feed,4,4.05,1,1,Pellet,Left,0,0,389,0,15.58,22,nan
3/13/2022 4:20:28,1.8.1,Free_feed,4,4.05,1,1,Pellet,Left,0,0,390,0,Timed_out,2713,nan
3/13/2022 4:29:59,1.8.1,Free_feed,4,4.04,1,1,Pellet,Left,0,0,391,0,Timed_out,571,nan
3/13/2022 4:30:58,1.8.1,Free_feed,4,4.04,2,1,Pellet,Left,0,0,392,0,50.10,59,nan
3/13/2022 4:31:22,1.8.1,Free_feed,4,4.04,1,1,Pellet,Left,0,0,393,0,17.42,24,nan
3/13/2022 4:31:46,1.8.1,Free_feed,4,4.04,1,1,Pellet,Left,0,0,394,0,17.05,24,nan
3/13/2022 4:34:15,1.8.1,Free_feed,4,4.04,1,1,Pellet,Left,0,0,395,0,Timed_out,149,nan
3/13/2022 4:34:38,1.8.1,Free_feed,4,4.05,1,1,Pellet,Left,0,0,396,0,16.32,23,nan
3/13/2022 5:08:02,1.8.1,Free_feed,4,4.04,1,1,Pellet,Left,0,0,397,0,Timed_out,2004,nan
3/13/2022 5:08:32,1.8.1,Free_feed,4,4.05,1,1,Pellet,Left,0,0,398,0,22.84,30,nan
3/13/2022 5:08:45,1.8.1,Free_feed,4,4.04,1,1,Pellet,Left,0,0,399,0,6.68,13,nan
3/13/2022 5:09:09,1.8.1,Free_feed,4,4.04,1,1,Pellet,Left,0,0,400,0,17.98,24,nan
3/13/2022 5:09:28,1.8.1,Free_feed,4,4.04,1,1,Pellet,Left,0,0,401,0,11.58,19,nan
3/13/2022 5:09:51,1.8.1,Free_feed,4,4.04,2,1,Pellet,Left,0,0,402,0,14.96,23,nan
3/13/2022 5:10:12,1.8.1,Free_feed,4,4.04,1,1,Pellet,Left,0,0,403,0,13.98,21,nan
3/13/2022 5:10:32,1.8.1,Free_feed,4,4.04,1,1,Pellet,Left,0,0,404,0,12.63,20,nan
3/13/2022 5:55:02,1.8.1,Free_feed,4,4.04,1,1,Pellet,Left,0,0,405,0,Timed_out,2670,nan
3/13/2022 5:55:03,1.8.1,Free_feed,4,4.04,1,1,Pellet,Left,0,0,406,0,0.06,1,nan
3/13/2022 6:15:38,1.8.1,Free_feed,4,4.04,1,1,Pellet,Left,0,0,407,0,Timed_out,1235,nan
3/13/2022 6:16:07,1.8.1,Free_feed,4,4.05,1,1,Pellet,Left,0,0,408,0,26.96,29,nan
3/13/2022 6:16:28,1.8.1,Free_feed,4,4.03,1,1,Pellet,Left,0,0,409,0,14.35,21,nan
3/13/2022 6:17:04,1.8.1,Free_feed,4,4.04,1,1,Pellet,Left,0,0,410,0,33.73,36,nan
3/13/2022 6:17:31,1.8.1,Free_feed,4,4.04,1,1,Pellet,Left,0,0,411,0,20.92,27,nan
3/13/2022 6:17:57,1.8.1,Free_feed,4,4.03,1,1,Pellet,Left,0,0,412,0,18.95,26,nan
3/13/2022 6:40:23,1.8.1,Free_feed,4,4.04,1,1,Pellet,Left,0,0,413,0,Timed_out,1346,nan
3/13/2022 6:40:43,1.8.1,Free_feed,4,4.04,1,1,Pellet,Left,0,0,414,0,13.86,20,nan
3/13/2022 6:41:01,1.8.1,Free_feed,4,4.04,1,1,Pellet,Left,0,0,415,0,10.78,18,nan
3/13/2022 6:41:17,1.8.1,Free_feed,4,4.04,1,1,Pellet,Left,0,0,416,0,8.45,16,nan
3/13/2022 6:41:30,1.8.1,Free_feed,4,4.04,1,1,Pellet,Left,0,0,417,0,6.06,13,nan
3/13/2022 6:41:48,1.8.1,Free_feed,4,4.03,1,1,Pellet,Left,0,0,418,0,11.88,18,nan
3/13/2022 6:52:15,1.8.1,Free_feed,4,4.04,1,1,Pellet,Left,0,0,419,0,Timed_out,627,nan
3/13/2022 7:30:52,1.8.1,Free_feed,4,4.03,1,1,Pellet,Left,0,0,420,0,Timed_out,2317,nan
3/13/2022 7:30:53,1.8.1,Free_feed,4,4.04,1,1,Pellet,Left,0,0,421,0,0.06,1,nan
3/13/2022 7:31:04,1.8.1,Free_feed,4,4.03,1,1,Pellet,Left,0,0,422,0,4.71,11,nan
3/13/2022 7:31:27,1.8.1,Free_feed,4,4.04,1,1,Pellet,Left,0,0,423,0,16.37,23,nan
3/13/2022 7:31:49,1.8.1,Free_feed,4,4.03,2,1,Pellet,Left,0,0,424,0,13.49,22,nan
3/13/2022 7:32:16,1.8.1,Free_feed,4,4.04,1,1,Pellet,Left,0,0,425,0,24.80,26,nan
3/13/2022 7:33:14,1.8.1,Free_feed,4,4.03,1,1,Pellet,Left,0,0,426,0,52.22,59,nan
3/13/2022 7:33:47,1.8.1,Free_feed,4,4.04,1,1,Pellet,Left,0,0,427,0,26.47,33,nan
3/13/2022 8:31:41,1.8.1,Free_feed,4,4.03,1,1,Pellet,Left,0,0,428,0,Timed_out,3474,nan
3/13/2022 8:31:54,1.8.1,Free_feed,4,4.03,1,1,Pellet,Left,0,0,429,0,5.82,13,nan
3/13/2022 8:33:07,1.8.1,Free_feed,4,4.03,1,1,Pellet,Left,0,0,430,0,Timed_out,73,nan
3/13/2022 8:33:34,1.8.1,Free_feed,4,4.04,1,1,Pellet,Left,0,0,431,0,19.70,27,nan
3/13/2022 10:02:17,1.8.1,Free_feed,4,4.03,2,1,Pellet,Left,0,0,432,0,Timed_out,5323,nan
3/13/2022 10:02:18,1.8.1,Free_feed,4,4.03,1,1,Pellet,Left,0,0,433,0,0.42,1,nan
3/13/2022 10:02:35,1.8.1,Free_feed,4,4.03,1,1,Pellet,Left,0,0,434,0,10.66,17,nan
3/13/2022 10:03:06,1.8.1,Free_feed,4,4.03,1,1,Pellet,Left,0,0,435,0,24.62,31,nan
3/13/2022 10:03:30,1.8.1,Free_feed,4,4.03,1,1,Pellet,Left,0,0,436,0,16.93,24,nan
3/13/2022 10:03:58,1.8.1,Free_feed,4,4.03,1,1,Pellet,Left,0,0,437,0,21.12,28,nan
3/13/2022 10:04:24,1.8.1,Free_feed,4,4.03,1,1,Pellet,Left,0,0,438,0,19.07,26,nan
3/13/2022 10:04:24,1.8.1,Free_feed,4,4.03,1,1,Pellet,Left,0,0,439,0,0.06,0,nan
3/13/2022 10:04:48,1.8.1,Free_feed,4,4.03,1,1,Pellet,Left,0,0,440,0,16.56,24,nan
3/13/2022 10:25:27,1.8.1,Free_feed,4,4.03,1,1,Pellet,Left,0,0,441,0,Timed_out,1239,nan
3/13/2022 10:25:28,1.8.1,Free_feed,4,4.03,1,1,Pellet,Left,0,0,442,0,0.06,1,nan
3/13/2022 10:25:49,1.8.1,Free_feed,4,4.03,1,1,Pellet,Left,0,0,443,0,14.04,21,nan
3/13/2022 10:26:05,1.8.1,Free_feed,4,4.03,1,1,Pellet,Left,0,0,444,0,9.80,16,nan
3/13/2022 10:26:24,1.8.1,Free_feed,4,4.04,1,1,Pellet,Left,0,0,445,0,11.34,19,nan
3/13/2022 13:00:21,1.8.1,Free_feed,4,4.03,1,1,Pellet,Left,0,0,446,0,Timed_out,9237,nan
3/13/2022 13:00:54,1.8.1,Free_feed,4,4.03,7,1,Pellet,Left,0,0,447,0,12.87,33,nan
3/13/2022 13:01:14,1.8.1,Free_feed,4,4.03,1,1,Pellet,Left,0,0,448,0,14.09,20,nan
3/13/2022 13:01:33,1.8.1,Free_feed,4,4.03,1,1,Pellet,Left,0,0,449,0,11.27,19,nan
3/13/2022 13:01:57,1.8.1,Free_feed,4,4.03,1,1,Pellet,Left,0,0,450,0,17.36,24,nan
3/13/2022 13:02:22,1.8.1,Free_feed,4,4.03,1,1,Pellet,Left,0,0,451,0,22.71,25,nan
3/13/2022 13:02:45,1.8.1,Free_feed,4,4.03,2,1,Pellet,Left,0,0,452,0,14.84,23,nan
3/13/2022 13:03:07,1.8.1,Free_feed,4,4.03,1,1,Pellet,Left,0,0,453,0,14.97,22,nan
3/13/2022 13:03:30,1.8.1,Free_feed,4,4.03,2,1,Pellet,Left,0,0,454,0,13.98,23,nan
3/13/2022 13:03:55,1.8.1,Free_feed,4,4.03,1,1,Pellet,Left,0,0,455,0,17.61,25,nan
3/13/2022 14:39:18,1.8.1,Free_feed,4,4.02,1,1,Pellet,Left,0,0,456,0,Timed_out,5723,nan
3/13/2022 14:39:49,1.8.1,Free_feed,4,4.03,1,1,Pellet,Left,0,0,457,0,24.50,31,nan
3/13/2022 14:40:09,1.8.1,Free_feed,4,4.02,1,1,Pellet,Left,0,0,458,0,13.37,20,nan
3/13/2022 14:40:38,1.8.1,Free_feed,4,4.03,2,1,Pellet,Left,0,0,459,0,19.57,29,nan
3/13/2022 14:41:01,1.8.1,Free_feed,4,4.03,2,1,Pellet,Left,0,0,460,0,15.14,23,nan
3/13/2022 14:41:29,1.8.1,Free_feed,4,4.03,1,1,Pellet,Left,0,0,461,0,20.92,28,nan
3/13/2022 15:05:25,1.8.1,Free_feed,4,4.03,2,1,Pellet,Left,0,0,462,0,Timed_out,1436,nan
3/13/2022 15:06:08,1.8.1,Free_feed,4,4.03,1,1,Pellet,Left,0,0,463,0,36.16,43,nan
3/13/2022 15:06:09,1.8.1,Free_feed,4,4.02,1,1,Pellet,Left,0,0,464,0,0.06,1,nan
3/13/2022 16:19:32,1.8.1,Free_feed,4,4.02,2,1,Pellet,Left,0,0,465,0,Timed_out,4403,nan
3/13/2022 16:19:33,1.8.1,Free_feed,4,4.03,1,1,Pellet,Left,0,0,466,0,0.48,1,nan
3/13/2022 16:19:52,1.8.1,Free_feed,4,4.02,1,1,Pellet,Left,0,0,467,0,12.69,19,nan
3/13/2022 16:20:15,1.8.1,Free_feed,4,4.02,1,1,Pellet,Left,0,0,468,0,16.93,23,nan
3/13/2022 16:20:40,1.8.1,Free_feed,4,4.03,1,1,Pellet,Left,0,0,469,0,17.43,25,nan
3/13/2022 16:21:02,1.8.1,Free_feed,4,4.02,1,1,Pellet,Left,0,0,470,0,15.21,22,nan
3/13/2022 16:21:38,1.8.1,Free_feed,4,4.03,1,1,Pellet,Left,0,0,471,0,29.36,36,nan
3/13/2022 16:21:59,1.8.1,Free_feed,4,4.03,1,1,Pellet,Left,0,0,472,0,14.65,21,nan
3/13/2022 16:22:00,1.8.1,Free_feed,4,4.03,1,1,Pellet,Left,0,0,473,0,0.06,1,nan
3/13/2022 16:22:31,1.8.1,Free_feed,4,4.02,1,1,Pellet,Left,0,0,474,0,24.57,31,nan
3/13/2022 16:23:03,1.8.1,Free_feed,4,4.03,1,1,Pellet,Left,0,0,475,0,25.98,32,nan
3/13/2022 16:23:17,1.8.1,Free_feed,4,4.03,1,1,Pellet,Left,0,0,476,0,11.95,14,nan
3/13/2022 16:23:18,1.8.1,Free_feed,4,4.03,1,1,Pellet,Left,0,0,477,0,0.12,1,nan
3/13/2022 16:24:05,1.8.1,Free_feed,4,4.02,1,1,Pellet,Left,0,0,478,0,40.03,46,nan
3/13/2022 16:24:06,1.8.1,Free_feed,4,4.03,1,1,Pellet,Left,0,0,479,0,0.06,2,nan
3/13/2022 17:12:58,1.8.1,Free_feed,4,4.03,1,1,Pellet,Left,0,0,480,0,Timed_out,2932,nan
3/13/2022 17:12:59,1.8.1,Free_feed,4,4.02,1,1,Pellet,Left,0,0,481,0,0.24,1,nan
3/13/2022 17:36:24,1.8.1,Free_feed,4,4.02,1,1,Pellet,Left,0,0,482,0,Timed_out,1405,nan
3/13/2022 17:36:48,1.8.1,Free_feed,4,4.02,1,1,Pellet,Left,0,0,483,0,17.73,24,nan
3/13/2022 17:41:28,1.8.1,Free_feed,4,4.02,1,1,Pellet,Left,0,0,484,0,Timed_out,280,nan
3/13/2022 17:45:14,1.8.1,Free_feed,4,4.02,1,1,Pellet,Left,0,0,485,0,Timed_out,225,nan
3/13/2022 17:45:48,1.8.1,Free_feed,4,4.02,1,1,Pellet,Left,0,0,486,0,28.63,35,nan
3/13/2022 17:46:12,1.8.1,Free_feed,4,4.02,1,1,Pellet,Left,0,0,487,0,17.55,24,nan
3/13/2022 18:36:45,1.8.1,Free_feed,4,4.02,1,1,Pellet,Left,0,0,488,0,Timed_out,3033,nan
3/13/2022 18:36:46,1.8.1,Free_feed,4,4.02,1,1,Pellet,Left,0,0,489,0,0.06,1,nan
3/13/2022 18:55:31,1.8.1,Free_feed,4,4.02,1,1,Pellet,Left,0,0,490,0,Timed_out,1125,nan
3/13/2022 18:56:01,1.8.1,Free_feed,4,4.02,1,1,Pellet,Left,0,0,491,0,29.38,30,nan
3/13/2022 18:56:22,1.8.1,Free_feed,4,4.03,1,1,Pellet,Left,0,0,492,0,13.98,21,nan
3/13/2022 18:56:42,1.8.1,Free_feed,4,4.02,1,1,Pellet,Left,0,0,493,0,12.26,19,nan
3/13/2022 18:57:10,1.8.1,Free_feed,4,4.02,1,1,Pellet,Left,0,0,494,0,21.68,29,nan
3/13/2022 18:57:32,1.8.1,Free_feed,4,4.02,1,1,Pellet,Left,0,0,495,0,15.89,22,nan
3/13/2022 18:57:59,1.8.1,Free_feed,4,4.02,1,1,Pellet,Left,0,0,496,0,19.70,27,nan
3/13/2022 18:58:23,1.8.1,Free_feed,4,4.02,1,1,Pellet,Left,0,0,497,0,17.43,24,nan
3/13/2022 18:58:47,1.8.1,Free_feed,4,4.02,1,1,Pellet,Left,0,0,498,0,17.43,24,nan
3/13/2022 19:49:03,1.8.1,Free_feed,4,4.02,1,1,Pellet,Left,0,0,499,0,Timed_out,3016,nan
3/13/2022 19:49:04,1.8.1,Free_feed,4,4.02,1,1,Pellet,Left,0,0,500,0,0.06,1,nan
3/13/2022 19:49:26,1.8.1,Free_feed,4,4.02,1,1,Pellet,Left,0,0,501,0,15.03,21,nan
3/13/2022 19:49:58,1.8.1,Free_feed,4,4.02,1,1,Pellet,Left,0,0,502,0,25.24,33,nan
3/13/2022 19:50:17,1.8.1,Free_feed,4,4.02,2,1,Pellet,Left,0,0,503,0,10.11,19,nan
3/13/2022 19:50:47,1.8.1,Free_feed,4,4.02,1,1,Pellet,Left,0,0,504,0,23.58,30,nan
3/13/2022 19:51:18,1.8.1,Free_feed,4,4.01,1,1,Pellet,Left,0,0,505,0,24.69,31,nan
3/13/2022 19:51:42,1.8.1,Free_feed,4,4.02,1,1,Pellet,Left,0,0,506,0,17.61,24,nan
3/13/2022 20:31:18,1.8.1,Free_feed,4,4.02,1,1,Pellet,Left,0,0,507,0,Timed_out,2376,nan
3/13/2022 20:31:38,1.8.1,Free_feed,4,4.02,1,1,Pellet,Left,0,0,508,0,13.18,20,nan
3/13/2022 20:31:54,1.8.1,Free_feed,4,4.02,1,1,Pellet,Left,0,0,509,0,9.44,16,nan
3/13/2022 20:32:14,1.8.1,Free_feed,4,4.02,1,1,Pellet,Left,0,0,510,0,18.23,20,nan
3/13/2022 20:32:35,1.8.1,Free_feed,4,4.02,1,1,Pellet,Left,0,0,511,0,14.48,21,nan
3/13/2022 21:22:03,1.8.1,Free_feed,4,4.02,1,1,Pellet,Left,0,0,512,0,Timed_out,2968,nan
3/13/2022 21:24:53,1.8.1,Free_feed,4,4.02,1,1,Pellet,Left,0,0,513,0,Timed_out,170,nan
3/13/2022 21:24:55,1.8.1,Free_feed,4,4.01,1,1,Pellet,Left,0,0,514,0,1.65,2,nan
3/13/2022 21:24:56,1.8.1,Free_feed,4,4.02,1,1,Pellet,Left,0,0,515,0,0.12,1,nan
3/13/2022 21:29:36,1.8.1,Free_feed,4,4.02,1,1,Pellet,Left,0,0,516,0,Timed_out,280,nan
3/13/2022 21:29:53,1.8.1,Free_feed,4,4.02,1,1,Pellet,Left,0,0,517,0,9.74,17,nan
3/13/2022 21:30:15,1.8.1,Free_feed,4,4.02,1,1,Pellet,Left,0,0,518,0,16.14,22,nan
3/13/2022 21:30:30,1.8.1,Free_feed,4,4.02,1,1,Pellet,Left,0,0,519,0,7.96,15,nan
3/13/2022 21:49:47,1.8.1,Free_feed,4,4.02,1,1,Pellet,Left,0,0,520,0,Timed_out,1157,nan
3/13/2022 21:52:41,1.8.1,Free_feed,4,4.02,1,1,Pellet,Left,0,0,521,0,Timed_out,174,nan
3/13/2022 21:52:58,1.8.1,Free_feed,4,4.02,1,1,Pellet,Left,0,0,522,0,9.56,17,nan
3/13/2022 22:08:02,1.8.1,Free_feed,4,4.02,1,1,Pellet,Left,0,0,523,0,Timed_out,904,nan
3/13/2022 22:24:42,1.8.1,Free_feed,4,4.02,1,1,Pellet,Left,0,0,524,0,Timed_out,1000,nan
3/13/2022 22:25:05,1.8.1,Free_feed,4,4.02,1,1,Pellet,Left,0,0,525,0,16.57,23,nan
3/13/2022 22:25:18,1.8.1,Free_feed,4,4.02,1,1,Pellet,Left,0,0,526,0,6.37,13,nan
3/13/2022 22:25:35,1.8.1,Free_feed,4,4.01,1,1,Pellet,Left,0,0,527,0,10.30,17,nan
3/13/2022 22:25:53,1.8.1,Free_feed,4,4.01,1,1,Pellet,Left,0,0,528,0,12.21,18,nan
3/13/2022 22:26:14,1.8.1,Free_feed,4,4.01,1,1,Pellet,Left,0,0,529,0,13.81,21,nan
3/13/2022 22:26:27,1.8.1,Free_feed,4,4.02,1,1,Pellet,Left,0,0,530,0,5.58,13,nan
3/13/2022 23:05:59,1.8.1,Free_feed,4,4.02,1,1,Pellet,Left,0,0,531,0,Timed_out,2372,nan
3/13/2022 23:06:50,1.8.1,Free_feed,4,4.02,1,1,Pellet,Left,0,0,532,0,50.14,51,nan
3/13/2022 23:07:08,1.8.1,Free_feed,4,4.02,1,1,Pellet,Left,0,0,533,0,11.16,18,nan
3/13/2022 23:07:22,1.8.1,Free_feed,4,4.01,1,1,Pellet,Left,0,0,534,0,7.47,14,nan
3/13/2022 23:07:38,1.8.1,Free_feed,4,4.02,1,1,Pellet,Left,0,0,535,0,9.56,16,nan
3/13/2022 23:07:56,1.8.1,Free_feed,4,4.02,1,1,Pellet,Left,0,0,536,0,11.47,18,nan
3/13/2022 23:08:15,1.8.1,Free_feed,4,4.02,1,1,Pellet,Left,0,0,537,0,11.96,18,nan
3/13/2022 23:32:38,1.8.1,Free_feed,4,4.02,1,1,Pellet,Left,0,0,538,0,Timed_out,1464,nan
3/13/2022 23:32:53,1.8.1,Free_feed,4,4.02,2,1,Pellet,Left,0,0,539,0,5.94,15,nan
3/13/2022 23:33:10,1.8.1,Free_feed,4,4.01,1,1,Pellet,Left,0,0,540,0,10.73,17,nan
3/13/2022 23:33:27,1.8.1,Free_feed,4,4.01,1,1,Pellet,Left,0,0,541,0,10.36,17,nan
3/13/2022 23:33:44,1.8.1,Free_feed,4,4.01,1,1,Pellet,Left,0,0,542,0,10.85,17,nan
3/13/2022 23:34:05,1.8.1,Free_feed,4,4.01,1,1,Pellet,Left,0,0,543,0,13.93,21,nan
3/13/2022 23:34:20,1.8.1,Free_feed,4,4.02,1,1,Pellet,Left,0,0,544,0,7.96,15,nan
3/13/2022 23:34:41,1.8.1,Free_feed,4,4.02,2,1,Pellet,Left,0,0,545,0,11.77,21,nan
3/13/2022 23:44:48,1.8.1,Free_feed,4,4.02,1,1,Pellet,Left,0,0,546,0,Timed_out,607,nan
3/13/2022 23:45:05,1.8.1,Free_feed,4,4.02,1,1,Pellet,Left,0,0,547,0,10.60,17,nan
3/13/2022 23:45:22,1.8.1,Free_feed,4,4.01,1,1,Pellet,Left,0,0,548,0,15.65,17,nan
3/13/2022 23:45:39,1.8.1,Free_feed,4,4.02,1,1,Pellet,Left,0,0,549,0,10.73,17,nan
3/14/2022 0:46:08,1.8.1,Free_feed,4,4.01,1,1,Pellet,Left,0,0,550,0,Timed_out,3629,nan
3/14/2022 0:46:22,1.8.1,Free_feed,4,4.01,1,1,Pellet,Left,0,0,551,0,8.27,14,nan
3/14/2022 0:46:41,1.8.1,Free_feed,4,4.01,1,1,Pellet,Left,0,0,552,0,12.14,19,nan
3/14/2022 0:46:48,1.8.1,Free_feed,4,4.01,1,1,Pellet,Left,0,0,553,0,0.12,7,nan
3/14/2022 0:47:07,1.8.1,Free_feed,4,4.01,1,1,Pellet,Left,0,0,554,0,11.83,19,nan
3/14/2022 0:47:23,1.8.1,Free_feed,4,4.01,1,1,Pellet,Left,0,0,555,0,10.11,16,nan
3/14/2022 0:47:42,1.8.1,Free_feed,4,4.02,1,1,Pellet,Left,0,0,556,0,17.06,19,nan
3/14/2022 0:47:56,1.8.1,Free_feed,4,4.01,1,1,Pellet,Left,0,0,557,0,7.84,14,nan
3/14/2022 0:48:20,1.8.1,Free_feed,4,4.01,1,1,Pellet,Left,0,0,558,0,17.86,24,nan
3/14/2022 1:12:02,1.8.1,Free_feed,4,4.01,1,1,Pellet,Left,0,0,559,0,Timed_out,1422,nan
3/14/2022 1:12:04,1.8.1,Free_feed,4,4.00,1,1,Pellet,Left,0,0,560,0,0.48,2,nan
3/14/2022 1:12:06,1.8.1,Free_feed,4,4.01,1,1,Pellet,Left,0,0,561,0,0.06,2,nan
3/14/2022 1:12:25,1.8.1,Free_feed,4,4.01,1,1,Pellet,Left,0,0,562,0,11.70,19,nan
3/14/2022 1:12:35,1.8.1,Free_feed,4,4.00,1,1,Pellet,Left,0,0,563,0,3.91,10,nan
3/14/2022 1:41:59,1.8.1,Free_feed,4,4.01,1,1,Pellet,Left,0,0,564,0,Timed_out,1764,nan
3/14/2022 1:46:42,1.8.1,Free_feed,4,4.01,2,1,Pellet,Left,0,0,565,0,Timed_out,283,nan
3/14/2022 1:46:54,1.8.1,Free_feed,4,4.01,1,1,Pellet,Left,0,0,566,0,4.40,12,nan
3/14/2022 1:47:12,1.8.1,Free_feed,4,4.01,1,1,Pellet,Left,0,0,567,0,11.65,18,nan
3/14/2022 1:47:27,1.8.1,Free_feed,4,4.01,1,1,Pellet,Left,0,0,568,0,9.06,15,nan
3/14/2022 1:48:22,1.8.1,Free_feed,4,4.00,1,1,Pellet,Left,0,0,569,0,47.53,55,nan
3/14/2022 1:49:25,1.8.1,Free_feed,4,4.00,2,1,Pellet,Left,0,0,570,0,54.37,63,nan
3/14/2022 2:41:28,1.8.1,Free_feed,4,4.00,2,1,Pellet,Left,0,0,571,0,Timed_out,3123,nan
3/14/2022 2:41:52,1.8.1,Free_feed,4,4.01,1,1,Pellet,Left,0,0,572,0,16.74,24,nan
3/14/2022 2:42:05,1.8.1,Free_feed,4,4.00,1,1,Pellet,Left,0,0,573,0,6.31,13,nan
3/14/2022 2:42:21,1.8.1,Free_feed,4,4.01,2,1,Pellet,Left,0,0,574,0,9.74,16,nan
3/14/2022 2:42:38,1.8.1,Free_feed,4,4.01,1,1,Pellet,Left,0,0,575,0,9.93,17,nan
3/14/2022 2:42:56,1.8.1,Free_feed,4,4.01,1,1,Pellet,Left,0,0,576,0,10.42,18,nan
3/14/2022 2:43:12,1.8.1,Free_feed,4,4.00,1,1,Pellet,Left,0,0,577,0,9.87,16,nan
3/14/2022 2:43:31,1.8.1,Free_feed,4,4.00,1,1,Pellet,Left,0,0,578,0,11.16,19,nan
3/14/2022 2:43:58,1.8.1,Free_feed,4,4.01,1,1,Pellet,Left,0,0,579,0,20.63,27,nan
3/14/2022 2:44:14,1.8.1,Free_feed,4,4.01,1,1,Pellet,Left,0,0,580,0,9.86,16,nan
3/14/2022 2:44:35,1.8.1,Free_feed,4,4.00,1,1,Pellet,Left,0,0,581,0,13.25,21,nan
3/14/2022 2:44:49,1.8.1,Free_feed,4,4.00,2,1,Pellet,Left,0,0,582,0,6.98,14,nan
3/14/2022 3:34:39,1.8.1,Free_feed,4,4.00,1,1,Pellet,Left,0,0,583,0,Timed_out,2990,nan
3/14/2022 3:55:24,1.8.1,Free_feed,4,4.00,1,1,Pellet,Left,0,0,584,0,Timed_out,1245,nan
3/14/2022 3:55:37,1.8.1,Free_feed,4,4.00,1,1,Pellet,Left,0,0,585,0,7.54,13,nan
3/14/2022 3:55:55,1.8.1,Free_feed,4,4.00,1,1,Pellet,Left,0,0,586,0,11.10,18,nan
3/14/2022 3:56:10,1.8.1,Free_feed,4,4.00,1,1,Pellet,Left,0,0,587,0,8.27,15,nan
3/14/2022 3:56:30,1.8.1,Free_feed,4,4.00,1,1,Pellet,Left,0,0,588,0,12.76,20,nan
3/14/2022 5:42:55,1.8.1,Free_feed,4,4.00,1,1,Pellet,Left,0,0,589,0,Timed_out,6385,nan
3/14/2022 5:43:21,1.8.1,Free_feed,4,4.00,1,1,Pellet,Left,0,0,590,0,18.91,26,nan
3/14/2022 5:43:36,1.8.1,Free_feed,4,4.00,2,1,Pellet,Left,0,0,591,0,7.04,15,nan
3/14/2022 5:44:00,1.8.1,Free_feed,4,4.00,2,1,Pellet,Left,0,0,592,0,20.56,24,nan
3/14/2022 5:44:16,1.8.1,Free_feed,4,4.01,1,1,Pellet,Left,0,0,593,0,9.19,16,nan
3/14/2022 7:19:46,1.8.1,Free_feed,4,4.00,1,1,Pellet,Left,0,0,594,0,Timed_out,5730,nan
3/14/2022 7:20:01,1.8.1,Free_feed,4,4.00,1,1,Pellet,Left,0,0,595,0,7.47,14,nan
3/14/2022 7:20:21,1.8.1,Free_feed,4,4.00,1,1,Pellet,Left,0,0,596,0,14.48,21,nan
3/14/2022 7:20:45,1.8.1,Free_feed,4,4.00,1,1,Pellet,Left,0,0,597,0,16.57,24,nan
3/14/2022 7:21:07,1.8.1,Free_feed,4,4.00,1,1,Pellet,Left,0,0,598,0,15.83,22,nan
3/14/2022 7:21:27,1.8.1,Free_feed,4,4.00,1,1,Pellet,Left,0,0,599,0,14.17,20,nan
3/14/2022 7:21:50,1.8.1,Free_feed,4,3.99,1,1,Pellet,Left,0,0,600,0,15.64,23,nan
3/14/2022 7:22:10,1.8.1,Free_feed,4,4.00,2,1,Pellet,Left,0,0,601,0,14.22,20,nan
3/14/2022 7:22:30,1.8.1,Free_feed,4,4.00,1,1,Pellet,Left,0,0,602,0,12.75,20,nan
3/14/2022 7:22:50,1.8.1,Free_feed,4,4.00,1,1,Pellet,Left,0,0,603,0,14.29,20,nan
3/14/2022 7:46:27,1.8.1,Free_feed,4,3.99,1,1,Pellet,Left,0,0,604,0,Timed_out,1417,nan
3/14/2022 7:46:41,1.8.1,Free_feed,4,4.00,2,1,Pellet,Left,0,0,605,0,8.27,14,nan
3/14/2022 7:47:01,1.8.1,Free_feed,4,4.00,1,1,Pellet,Left,0,0,606,0,12.81,20,nan
3/14/2022 7:47:02,1.8.1,Free_feed,4,4.00,1,1,Pellet,Left,0,0,607,0,0.12,1,nan
3/14/2022 7:47:21,1.8.1,Free_feed,4,4.00,1,1,Pellet,Left,0,0,608,0,18.28,19,nan
3/14/2022 7:47:32,1.8.1,Free_feed,4,3.99,1,1,Pellet,Left,0,0,609,0,4.47,11,nan
3/14/2022 7:47:53,1.8.1,Free_feed,4,4.00,1,1,Pellet,Left,0,0,610,0,14.22,21,nan
3/14/2022 8:32:55,1.8.1,Free_feed,4,3.99,1,1,Pellet,Left,0,0,611,0,Timed_out,2702,nan
3/14/2022 8:33:16,1.8.1,Free_feed,4,3.99,1,1,Pellet,Left,0,0,612,0,15.09,21,nan
3/14/2022 8:33:32,1.8.1,Free_feed,4,4.00,1,1,Pellet,Left,0,0,613,0,8.58,16,nan
3/14/2022 8:33:33,1.8.1,Free_feed,4,4.00,1,1,Pellet,Left,0,0,614,0,0.06,1,nan
3/14/2022 8:33:51,1.8.1,Free_feed,4,4.00,1,1,Pellet,Left,0,0,615,0,11.15,18,nan
3/14/2022 8:33:53,1.8.1,Free_feed,4,4.00,1,1,Pellet,Left,0,0,616,0,1.58,2,nan
3/14/2022 8:34:13,1.8.1,Free_feed,4,3.99,1,1,Pellet,Left,0,0,617,0,12.94,20,nan
3/14/2022 8:34:15,1.8.1,Free_feed,4,4.00,1,1,Pellet,Left,0,0,618,0,1.46,2,nan
3/14/2022 8:34:37,1.8.1,Free_feed,4,3.99,1,1,Pellet,Left,0,0,619,0,14.54,22,nan
3/14/2022 8:34:58,1.8.1,Free_feed,4,3.99,1,1,Pellet,Left,0,0,620,0,14.23,21,nan
3/14/2022 9:48:57,1.8.1,Free_feed,4,4.00,1,1,Pellet,Left,0,0,621,0,Timed_out,4439,nan
3/14/2022 9:48:58,1.8.1,Free_feed,4,4.00,1,1,Pellet,Left,0,0,622,0,0.06,1,nan
3/14/2022 9:49:54,1.8.1,Free_feed,4,3.99,1,1,Pellet,Left,0,0,623,0,49.39,56,nan
3/14/2022 9:49:56,1.8.1,Free_feed,4,3.99,1,1,Pellet,Left,0,0,624,0,0.06,2,nan
3/14/2022 9:50:31,1.8.1,Free_feed,4,3.99,1,1,Pellet,Left,0,0,625,0,27.83,35,nan
3/14/2022 9:50:32,1.8.1,Free_feed,4,3.99,1,1,Pellet,Left,0,0,626,0,0.42,1,nan
3/14/2022 9:51:01,1.8.1,Free_feed,4,3.99,1,1,Pellet,Left,0,0,627,0,22.66,29,nan
3/14/2022 9:51:16,1.8.1,Free_feed,4,3.98,1,1,Pellet,Left,0,0,628,0,8.02,15,nan
3/14/2022 9:51:41,1.8.1,Free_feed,4,3.99,1,1,Pellet,Left,0,0,629,0,24.14,25,nan
3/14/2022 9:52:07,1.8.1,Free_feed,4,3.98,1,1,Pellet,Left,0,0,630,0,18.96,26,nan
3/14/2022 9:52:08,1.8.1,Free_feed,4,3.99,1,1,Pellet,Left,0,0,631,0,0.12,1,nan
3/14/2022 9:53:06,1.8.1,Free_feed,4,3.99,1,1,Pellet,Left,0,0,632,0,51.30,58,nan
3/14/2022 11:26:04,1.8.1,Free_feed,4,3.98,1,1,Pellet,Left,0,0,633,0,Timed_out,5578,nan
3/14/2022 11:26:33,1.8.1,Free_feed,4,3.98,1,1,Pellet,Left,0,0,634,0,25.92,29,nan
3/14/2022 11:27:04,1.8.1,Free_feed,4,3.98,1,1,Pellet,Left,0,0,635,0,29.00,31,nan
3/14/2022 11:27:34,1.8.1,Free_feed,4,3.98,1,1,Pellet,Left,0,0,636,0,22.90,30,nan
3/14/2022 11:27:59,1.8.1,Free_feed,4,3.98,1,1,Pellet,Left,0,0,637,0,17.55,25,nan
3/14/2022 11:28:00,1.8.1,Free_feed,4,3.99,1,1,Pellet,Left,0,0,638,0,0.12,1,nan
3/14/2022 11:28:24,1.8.1,Free_feed,4,3.99,1,1,Pellet,Left,0,0,639,0,17.86,24,nan
3/14/2022 11:28:46,1.8.1,Free_feed,4,3.99,1,1,Pellet,Left,0,0,640,0,15.58,22,nan
3/14/2022 11:29:34,1.8.1,Free_feed,4,3.99,2,1,Pellet,Left,0,0,641,0,39.34,48,nan
3/14/2022 11:29:59,1.8.1,Free_feed,4,3.99,3,1,Pellet,Left,0,0,642,0,16.12,25,nan
3/14/2022 11:30:22,1.8.1,Free_feed,4,3.99,2,1,Pellet,Left,0,0,643,0,20.99,23,nan
3/14/2022 11:30:22,1.8.1,Free_feed,4,3.99,1,1,Pellet,Left,0,0,644,0,0.12,0,nan
3/14/2022 13:10:20,1.8.1,Free_feed,4,3.98,2,1,Pellet,Left,0,0,645,0,Timed_out,5998,nan
3/14/2022 13:10:23,1.8.1,Free_feed,4,3.98,1,1,Pellet,Left,0,0,646,0,0.06,3,nan
3/14/2022 13:10:49,1.8.1,Free_feed,4,3.98,2,1,Pellet,Left,0,0,647,0,20.31,26,nan
3/14/2022 13:10:50,1.8.1,Free_feed,4,3.98,1,1,Pellet,Left,0,0,648,0,0.06,1,nan
3/14/2022 13:11:12,1.8.1,Free_feed,4,3.98,1,1,Pellet,Left,0,0,649,0,15.21,22,nan
3/14/2022 13:11:13,1.8.1,Free_feed,4,3.99,1,1,Pellet,Left,0,0,650,0,0.12,1,nan
3/14/2022 13:11:54,1.8.1,Free_feed,4,3.99,1,1,Pellet,Left,0,0,651,0,34.04,41,nan
3/14/2022 13:11:56,1.8.1,Free_feed,4,3.98,1,1,Pellet,Left,0,0,652,0,1.52,2,nan
3/14/2022 13:12:20,1.8.1,Free_feed,4,3.98,2,1,Pellet,Left,0,0,653,0,17.61,24,nan
3/14/2022 13:14:01,1.8.1,Free_feed,4,3.98,1,1,Pellet,Left,0,0,654,0,Timed_out,101,nan
3/14/2022 13:14:25,1.8.1,Free_feed,4,3.98,2,1,Pellet,Left,0,0,655,0,16.99,24,nan
3/14/2022 13:29:32,1.8.1,Free_feed,4,3.98,2,1,Pellet,Left,0,0,656,0,Timed_out,907,nan
3/14/2022 13:29:59,1.8.1,Free_feed,4,3.98,1,1,Pellet,Left,0,0,657,0,26.11,27,nan
3/14/2022 13:30:30,1.8.1,Free_feed,4,3.98,1,1,Pellet,Left,0,0,658,0,24.01,31,nan
3/14/2022 13:31:02,1.8.1,Free_feed,4,3.98,1,1,Pellet,Left,0,0,659,0,30.24,32,nan
3/14/2022 13:44:40,1.8.1,Free_feed,4,3.98,1,1,Pellet,Left,0,0,660,0,Timed_out,818,nan
3/14/2022 13:44:51,1.8.1,Free_feed,4,3.98,1,1,Pellet,Left,0,0,661,0,4.10,10,nan
3/14/2022 14:14:26,1.8.1,Free_feed,4,3.98,1,1,Pellet,Left,0,0,662,0,Timed_out,1776,nan
3/14/2022 14:14:27,1.8.1,Free_feed,4,3.98,1,1,Pellet,Left,0,0,663,0,0.12,1,nan
3/14/2022 14:14:58,1.8.1,Free_feed,4,3.98,2,1,Pellet,Left,0,0,664,0,22.95,31,nan
3/14/2022 15:41:02,1.8.1,Free_feed,4,3.98,1,1,Pellet,Left,0,0,665,0,Timed_out,5164,nan
3/14/2022 15:42:17,1.8.1,Free_feed,4,3.98,1,1,Pellet,Left,0,0,666,0,Timed_out,75,nan
3/14/2022 15:42:45,1.8.1,Free_feed,4,3.97,2,1,Pellet,Left,0,0,667,0,21.37,28,nan
3/14/2022 15:43:11,1.8.1,Free_feed,4,3.98,1,1,Pellet,Left,0,0,668,0,19.70,26,nan
3/14/2022 16:20:44,1.8.1,Free_feed,4,3.98,1,1,Pellet,Left,0,0,669,0,Timed_out,2253,nan
3/14/2022 16:21:13,1.8.1,Free_feed,4,3.98,1,1,Pellet,Left,0,0,670,0,22.29,29,nan
3/14/2022 16:21:34,1.8.1,Free_feed,4,3.98,1,1,Pellet,Left,0,0,671,0,14.22,21,nan
3/14/2022 16:22:10,1.8.1,Free_feed,4,3.98,1,1,Pellet,Left,0,0,672,0,29.24,36,nan
3/14/2022 16:29:24,1.8.1,Free_feed,4,3.97,1,1,Pellet,Left,0,0,673,0,Timed_out,434,nan
3/14/2022 16:30:53,1.8.1,Free_feed,4,3.98,1,1,Pellet,Left,0,0,674,0,Timed_out,89,nan
3/14/2022 17:34:01,1.8.1,Free_feed,4,3.98,1,1,Pellet,Left,0,0,675,0,Timed_out,3788,nan
3/14/2022 17:34:27,1.8.1,Free_feed,4,3.98,2,1,Pellet,Left,0,0,676,0,20.19,26,nan
3/14/2022 17:34:50,1.8.1,Free_feed,4,3.98,1,1,Pellet,Left,0,0,677,0,16.25,23,nan
3/14/2022 17:35:14,1.8.1,Free_feed,4,3.98,1,1,Pellet,Left,0,0,678,0,17.23,24,nan
3/14/2022 17:35:41,1.8.1,Free_feed,4,3.98,1,1,Pellet,Left,0,0,679,0,19.58,27,nan
3/14/2022 17:35:42,1.8.1,Free_feed,4,3.97,1,1,Pellet,Left,0,0,680,0,0.12,1,nan
3/14/2022 17:36:05,1.8.1,Free_feed,4,3.98,1,1,Pellet,Left,0,0,681,0,21.98,23,nan
3/14/2022 17:37:43,1.8.1,Free_feed,4,3.98,1,1,Pellet,Left,0,0,682,0,Timed_out,98,nan
3/14/2022 17:38:07,1.8.1,Free_feed,4,3.98,1,1,Pellet,Left,0,0,683,0,18.23,24,nan
3/14/2022 18:02:19,1.8.1,Free_feed,4,3.98,2,1,Pellet,Left,0,0,684,0,Timed_out,1452,nan
3/14/2022 18:28:40,1.8.1,Free_feed,4,3.97,1,1,Pellet,Left,0,0,685,0,Timed_out,1581,nan
3/14/2022 18:29:07,1.8.1,Free_feed,4,3.97,1,1,Pellet,Left,0,0,686,0,20.57,27,nan
3/14/2022 18:29:36,1.8.1,Free_feed,4,3.97,1,1,Pellet,Left,0,0,687,0,22.85,29,nan
3/14/2022 18:30:03,1.8.1,Free_feed,4,3.97,2,1,Pellet,Left,0,0,688,0,18.66,27,nan
3/14/2022 18:30:35,1.8.1,Free_feed,4,3.97,1,1,Pellet,Left,0,0,689,0,24.94,32,nan
3/14/2022 19:00:13,1.8.1,Free_feed,4,3.97,2,1,Pellet,Left,0,0,690,0,Timed_out,1778,nan
3/14/2022 19:09:27,1.8.1,Free_feed,4,3.97,1,1,Pellet,Left,0,0,691,0,Timed_out,554,nan
3/14/2022 19:20:23,1.8.1,Free_feed,4,3.98,2,1,Pellet,Left,0,0,692,0,Timed_out,655,nan
3/14/2022 19:41:04,1.8.1,Free_feed,4,3.97,1,1,Pellet,Left,0,0,693,0,Timed_out,1242,nan
3/14/2022 19:41:33,1.8.1,Free_feed,4,3.97,1,1,Pellet,Left,0,0,694,0,22.16,29,nan
3/14/2022 19:42:00,1.8.1,Free_feed,4,3.96,1,1,Pellet,Left,0,0,695,0,19.94,27,nan
3/14/2022 19:42:43,1.8.1,Free_feed,4,3.98,1,1,Pellet,Left,0,0,696,0,36.15,43,nan
3/14/2022 19:43:03,1.8.1,Free_feed,4,3.97,1,1,Pellet,Left,0,0,697,0,13.24,20,nan
3/14/2022 20:13:15,1.8.1,Free_feed,4,3.97,1,1,Pellet,Left,0,0,698,0,Timed_out,1811,nan
3/14/2022 20:31:22,1.8.1,Free_feed,4,3.97,1,1,Pellet,Left,0,0,699,0,Timed_out,1088,nan
3/14/2022 20:47:55,1.8.1,Free_feed,4,3.97,1,1,Pellet,Left,0,0,700,0,Timed_out,993,nan
3/14/2022 20:48:38,1.8.1,Free_feed,4,3.97,1,1,Pellet,Left,0,0,701,0,35.59,43,nan
3/14/2022 20:49:09,1.8.1,Free_feed,4,3.96,2,1,Pellet,Left,0,0,702,0,22.40,30,nan
3/14/2022 21:22:34,1.8.1,Free_feed,4,3.96,1,1,Pellet,Left,0,0,703,0,Timed_out,2006,nan
3/14/2022 21:23:06,1.8.1,Free_feed,4,3.96,2,1,Pellet,Left,0,0,704,0,22.96,32,nan
3/14/2022 21:23:09,1.8.1,Free_feed,4,3.96,1,1,Pellet,Left,0,0,705,0,0.06,3,nan
3/14/2022 21:23:30,1.8.1,Free_feed,4,3.97,1,1,Pellet,Left,0,0,706,0,13.98,21,nan
3/14/2022 21:23:54,1.8.1,Free_feed,4,3.97,1,1,Pellet,Left,0,0,707,0,16.44,24,nan
3/14/2022 21:24:55,1.8.1,Free_feed,4,3.97,1,1,Pellet,Left,0,0,708,0,54.85,61,nan
3/14/2022 21:49:04,1.8.1,Free_feed,4,3.97,7,1,Pellet,Left,0,0,709,0,Timed_out,1449,nan
3/14/2022 21:49:19,1.8.1,Free_feed,4,3.96,2,1,Pellet,Left,0,0,710,0,6.92,15,nan
3/14/2022 21:49:35,1.8.1,Free_feed,4,3.96,2,1,Pellet,Left,0,0,711,0,9.49,16,nan
3/14/2022 21:50:05,1.8.1,Free_feed,4,3.97,1,1,Pellet,Left,0,0,712,0,23.13,30,nan
3/14/2022 21:50:23,1.8.1,Free_feed,4,3.96,1,1,Pellet,Left,0,0,713,0,11.83,18,nan
3/14/2022 21:50:49,1.8.1,Free_feed,4,3.96,1,1,Pellet,Left,0,0,714,0,24.25,26,nan
3/14/2022 21:51:05,1.8.1,Free_feed,4,3.96,1,1,Pellet,Left,0,0,715,0,10.04,16,nan
3/14/2022 22:31:35,1.8.1,Free_feed,4,3.96,1,1,Pellet,Left,0,0,716,0,Timed_out,2430,nan
3/14/2022 22:31:55,1.8.1,Free_feed,4,3.96,1,1,Pellet,Left,0,0,717,0,19.21,20,nan
3/14/2022 22:32:11,1.8.1,Free_feed,4,3.96,1,1,Pellet,Left,0,0,718,0,9.62,16,nan
3/14/2022 22:32:25,1.8.1,Free_feed,4,3.96,1,1,Pellet,Left,0,0,719,0,7.78,14,nan
3/14/2022 22:32:40,1.8.1,Free_feed,4,3.96,2,1,Pellet,Left,0,0,720,0,6.25,15,nan
3/14/2022 22:33:01,1.8.1,Free_feed,4,3.97,1,1,Pellet,Left,0,0,721,0,14.23,21,nan
3/14/2022 22:33:18,1.8.1,Free_feed,4,3.96,1,1,Pellet,Left,0,0,722,0,10.30,17,nan
3/14/2022 22:33:38,1.8.1,Free_feed,4,3.96,1,1,Pellet,Left,0,0,723,0,19.09,20,nan
3/14/2022 22:58:11,1.8.1,Free_feed,4,3.96,1,1,Pellet,Left,0,0,724,0,Timed_out,1473,nan
3/14/2022 23:06:05,1.8.1,Free_feed,4,3.96,2,1,Pellet,Left,0,0,725,0,Timed_out,474,nan
3/14/2022 23:19:11,1.8.1,Free_feed,4,3.96,1,1,Pellet,Left,0,0,726,0,Timed_out,786,nan
3/14/2022 23:19:34,1.8.1,Free_feed,4,3.96,1,1,Pellet,Left,0,0,727,0,16.01,23,nan
3/14/2022 23:19:55,1.8.1,Free_feed,4,3.96,1,1,Pellet,Left,0,0,728,0,13.92,21,nan
3/14/2022 23:20:28,1.8.1,Free_feed,4,3.96,1,1,Pellet,Left,0,0,729,0,25.81,33,nan
3/14/2022 23:41:23,1.8.1,Free_feed,4,3.96,1,1,Pellet,Left,0,0,730,0,Timed_out,1255,nan
3/14/2022 23:41:25,1.8.1,Free_feed,4,3.96,1,1,Pellet,Left,0,0,731,0,0.06,2,nan
3/14/2022 23:42:28,1.8.1,Free_feed,4,3.96,1,1,Pellet,Left,0,0,732,0,55.76,63,nan
3/14/2022 23:42:43,1.8.1,Free_feed,4,3.96,1,1,Pellet,Left,0,0,733,0,9.32,15,nan
3/14/2022 23:43:07,1.8.1,Free_feed,4,3.96,1,1,Pellet,Left,0,0,734,0,16.88,24,nan
3/14/2022 23:52:50,1.8.1,Free_feed,4,3.96,2,1,Pellet,Left,0,0,735,0,Timed_out,583,nan
3/15/2022 0:24:47,1.8.1,Free_feed,4,3.96,1,1,Pellet,Left,0,0,736,0,Timed_out,1917,nan
3/15/2022 0:27:08,1.8.1,Free_feed,4,3.95,1,1,Pellet,Left,0,0,737,0,Timed_out,141,nan
3/15/2022 0:27:28,1.8.1,Free_feed,4,3.96,1,1,Pellet,Left,0,0,738,0,12.88,20,nan
3/15/2022 0:27:54,1.8.1,Free_feed,4,3.96,1,1,Pellet,Left,0,0,739,0,18.60,26,nan
3/15/2022 0:28:07,1.8.1,Free_feed,4,3.96,1,1,Pellet,Left,0,0,740,0,7.23,13,nan
3/15/2022 0:28:26,1.8.1,Free_feed,4,3.96,1,1,Pellet,Left,0,0,741,0,11.77,19,nan
3/15/2022 0:28:46,1.8.1,Free_feed,4,3.96,1,1,Pellet,Left,0,0,742,0,13.49,20,nan
3/15/2022 0:29:02,1.8.1,Free_feed,4,3.96,1,1,Pellet,Left,0,0,743,0,9.62,16,nan
3/15/2022 0:29:21,1.8.1,Free_feed,4,3.96,1,1,Pellet,Left,0,0,744,0,13.18,19,nan
3/15/2022 0:44:55,1.8.1,Free_feed,4,3.96,1,1,Pellet,Left,0,0,745,0,Timed_out,934,nan
3/15/2022 0:44:56,1.8.1,Free_feed,4,3.96,1,1,Pellet,Left,0,0,746,0,0.06,1,nan
3/15/2022 0:46:03,1.8.1,Free_feed,4,3.95,2,1,Pellet,Left,0,0,747,0,59.17,67,nan
3/15/2022 1:33:18,1.8.1,Free_feed,4,3.96,1,1,Pellet,Left,0,0,748,0,Timed_out,2835,nan
3/15/2022 1:33:39,1.8.1,Free_feed,4,3.96,1,1,Pellet,Left,0,0,749,0,19.82,21,nan
3/15/2022 1:33:56,1.8.1,Free_feed,4,3.96,2,1,Pellet,Left,0,0,750,0,8.15,17,nan
3/15/2022 1:34:12,1.8.1,Free_feed,4,3.96,2,1,Pellet,Left,0,0,751,0,7.41,16,nan
3/15/2022 1:34:30,1.8.1,Free_feed,4,3.96,2,1,Pellet,Left,0,0,752,0,10.91,18,nan
3/15/2022 1:34:45,1.8.1,Free_feed,4,3.95,1,1,Pellet,Left,0,0,753,0,8.64,15,nan
3/15/2022 1:35:07,1.8.1,Free_feed,4,3.96,1,1,Pellet,Left,0,0,754,0,15.52,22,nan
3/15/2022 1:35:20,1.8.1,Free_feed,4,3.96,2,1,Pellet,Left,0,0,755,0,6.74,13,nan
3/15/2022 1:35:43,1.8.1,Free_feed,4,3.95,1,1,Pellet,Left,0,0,756,0,15.03,22,nan
3/15/2022 2:13:16,1.8.1,Free_feed,4,3.96,1,1,Pellet,Left,0,0,757,0,Timed_out,2254,nan
3/15/2022 2:13:31,1.8.1,Free_feed,4,3.95,1,1,Pellet,Left,0,0,758,0,8.45,15,nan
3/15/2022 2:13:46,1.8.1,Free_feed,4,3.96,1,1,Pellet,Left,0,0,759,0,8.52,15,nan
3/15/2022 3:02:27,1.8.1,Free_feed,4,3.96,2,1,Pellet,Left,0,0,760,0,Timed_out,2921,nan
3/15/2022 3:02:39,1.8.1,Free_feed,4,3.95,2,1,Pellet,Left,0,0,761,0,4.83,12,nan
3/15/2022 3:02:54,1.8.1,Free_feed,4,3.95,1,1,Pellet,Left,0,0,762,0,8.45,15,nan
3/15/2022 3:03:09,1.8.1,Free_feed,4,3.95,1,1,Pellet,Left,0,0,763,0,9.50,15,nan
3/15/2022 3:03:25,1.8.1,Free_feed,4,3.96,1,1,Pellet,Left,0,0,764,0,10.30,16,nan
3/15/2022 3:03:41,1.8.1,Free_feed,4,3.95,1,1,Pellet,Left,0,0,765,0,8.64,16,nan
3/15/2022 3:03:58,1.8.1,Free_feed,4,3.96,1,1,Pellet,Left,0,0,766,0,16.32,17,nan
3/15/2022 3:04:15,1.8.1,Free_feed,4,3.95,1,1,Pellet,Left,0,0,767,0,14.72,17,nan
3/15/2022 4:16:31,1.8.1,Free_feed,4,3.95,1,1,Pellet,Left,0,0,768,0,Timed_out,4336,nan
3/15/2022 4:16:33,1.8.1,Free_feed,4,3.96,1,1,Pellet,Left,0,0,769,0,0.06,2,nan
3/15/2022 4:16:55,1.8.1,Free_feed,4,3.96,1,1,Pellet,Left,0,0,770,0,14.35,22,nan
3/15/2022 4:17:10,1.8.1,Free_feed,4,3.95,1,1,Pellet,Left,0,0,771,0,9.06,15,nan
3/15/2022 4:17:33,1.8.1,Free_feed,4,3.95,1,1,Pellet,Left,0,0,772,0,15.39,23,nan
3/15/2022 4:17:53,1.8.1,Free_feed,4,3.95,1,1,Pellet,Left,0,0,773,0,13.67,20,nan
3/15/2022 5:10:30,1.8.1,Free_feed,4,3.95,1,1,Pellet,Left,0,0,774,0,Timed_out,3157,nan
3/15/2022 5:10:45,1.8.1,Free_feed,4,3.95,1,1,Pellet,Left,0,0,775,0,14.35,15,nan
3/15/2022 5:10:59,1.8.1,Free_feed,4,3.95,1,1,Pellet,Left,0,0,776,0,7.35,14,nan
3/15/2022 5:11:14,1.8.1,Free_feed,4,3.94,1,1,Pellet,Left,0,0,777,0,8.33,15,nan
3/15/2022 5:11:27,1.8.1,Free_feed,4,3.94,1,1,Pellet,Left,0,0,778,0,6.24,13,nan
3/15/2022 5:11:48,1.8.1,Free_feed,4,3.95,1,1,Pellet,Left,0,0,779,0,14.35,21,nan
3/15/2022 5:12:03,1.8.1,Free_feed,4,3.94,1,1,Pellet,Left,0,0,780,0,8.45,15,nan
3/15/2022 5:12:25,1.8.1,Free_feed,4,3.95,1,1,Pellet,Left,0,0,781,0,15.15,22,nan
3/15/2022 5:12:44,1.8.1,Free_feed,4,3.95,1,1,Pellet,Left,0,0,782,0,12.75,19,nan
3/15/2022 6:08:27,1.8.1,Free_feed,4,3.94,1,1,Pellet,Left,0,0,783,0,Timed_out,3343,nan
3/15/2022 6:08:40,1.8.1,Free_feed,4,3.95,1,1,Pellet,Left,0,0,784,0,6.92,13,nan
3/15/2022 6:08:55,1.8.1,Free_feed,4,3.94,1,1,Pellet,Left,0,0,785,0,7.66,15,nan
3/15/2022 6:09:09,1.8.1,Free_feed,4,3.95,1,1,Pellet,Left,0,0,786,0,13.62,14,nan
3/15/2022 6:20:00,1.8.1,Free_feed,4,3.94,2,1,Pellet,Left,0,0,787,0,Timed_out,651,nan
3/15/2022 6:20:01,1.8.1,Free_feed,4,3.94,1,1,Pellet,Left,0,0,788,0,0.48,1,nan
3/15/2022 7:49:07,1.8.1,Free_feed,4,3.94,1,1,Pellet,Left,0,0,789,0,Timed_out,5346,nan
3/15/2022 7:49:28,1.8.1,Free_feed,4,3.95,1,1,Pellet,Left,0,0,790,0,14.60,21,nan
3/15/2022 7:49:51,1.8.1,Free_feed,4,3.94,1,1,Pellet,Left,0,0,791,0,17.05,23,nan
3/15/2022 7:50:14,1.8.1,Free_feed,4,3.94,2,1,Pellet,Left,0,0,792,0,15.15,23,nan
3/15/2022 7:50:40,1.8.1,Free_feed,4,3.94,2,1,Pellet,Left,0,0,793,0,17.25,26,nan
3/15/2022 7:51:04,1.8.1,Free_feed,4,3.94,1,1,Pellet,Left,0,0,794,0,18.04,24,nan
3/15/2022 7:51:29,1.8.1,Free_feed,4,3.94,1,1,Pellet,Left,0,0,795,0,18.04,25,nan
3/15/2022 7:51:50,1.8.1,Free_feed,4,3.95,1,1,Pellet,Left,0,0,796,0,13.12,21,nan
3/15/2022 7:52:22,1.8.1,Free_feed,4,3.94,1,1,Pellet,Left,0,0,797,0,25.55,32,nan
3/15/2022 7:52:43,1.8.1,Free_feed,4,3.94,1,1,Pellet,Left,0,0,798,0,14.78,21,nan
3/15/2022 7:53:01,1.8.1,Free_feed,4,3.94,1,1,Pellet,Left,0,0,799,0,10.73,18,nan
3/15/2022 8:45:54,1.8.1,Free_feed,4,3.95,1,1,Pellet,Left,0,0,800,0,Timed_out,3173,nan
3/15/2022 8:46:26,1.8.1,Free_feed,4,3.94,2,1,Pellet,Left,0,0,801,0,24.88,32,nan
3/15/2022 8:46:54,1.8.1,Free_feed,4,3.94,2,1,Pellet,Left,0,0,802,0,21.43,28,nan
3/15/2022 8:47:12,1.8.1,Free_feed,4,3.94,2,1,Pellet,Left,0,0,803,0,11.40,18,nan
3/15/2022 9:30:55,1.8.1,Free_feed,4,3.94,1,1,Pellet,Left,0,0,804,0,Timed_out,2623,nan
3/15/2022 9:31:22,1.8.1,Free_feed,4,3.94,2,1,Pellet,Left,0,0,805,0,20.19,27,nan
3/15/2022 9:31:45,1.8.1,Free_feed,4,3.94,1,1,Pellet,Left,0,0,806,0,15.89,23,nan
3/15/2022 9:32:05,1.8.1,Free_feed,4,3.94,1,1,Pellet,Left,0,0,807,0,13.00,20,nan
3/15/2022 9:32:26,1.8.1,Free_feed,4,3.94,3,1,Pellet,Left,0,0,808,0,11.34,21,nan
3/15/2022 9:55:23,1.8.1,Free_feed,4,3.94,2,1,Pellet,Left,0,0,809,0,Timed_out,1377,nan
3/15/2022 9:55:24,1.8.1,Free_feed,4,3.94,1,1,Pellet,Left,0,0,810,0,0.91,1,nan
3/15/2022 9:55:51,1.8.1,Free_feed,4,3.94,2,1,Pellet,Left,0,0,811,0,19.40,27,nan
3/15/2022 9:56:21,1.8.1,Free_feed,4,3.94,1,1,Pellet,Left,0,0,812,0,24.15,30,nan
3/15/2022 9:56:47,1.8.1,Free_feed,4,3.94,1,1,Pellet,Left,0,0,813,0,24.76,26,nan
3/15/2022 9:57:14,1.8.1,Free_feed,4,3.94,1,1,Pellet,Left,0,0,814,0,19.83,27,nan
3/15/2022 9:57:34,1.8.1,Free_feed,4,3.94,1,1,Pellet,Left,0,0,815,0,14.17,20,nan
3/15/2022 12:15:11,1.8.1,Free_feed,4,3.93,1,1,Pellet,Left,0,0,816,0,Timed_out,8257,nan
3/15/2022 12:15:36,1.8.1,Free_feed,4,3.94,1,1,Pellet,Left,0,0,817,0,17.73,25,nan
3/15/2022 12:16:17,1.8.1,Free_feed,4,3.94,1,1,Pellet,Left,0,0,818,0,35.60,41,nan
3/15/2022 12:16:40,1.8.1,Free_feed,4,3.94,1,1,Pellet,Left,0,0,819,0,21.67,23,nan
3/15/2022 12:17:02,1.8.1,Free_feed,4,3.94,1,1,Pellet,Left,0,0,820,0,14.91,22,nan
3/15/2022 12:17:30,1.8.1,Free_feed,4,3.94,1,1,Pellet,Left,0,0,821,0,21.18,28,nan
3/15/2022 12:17:52,1.8.1,Free_feed,4,3.94,2,1,Pellet,Left,0,0,822,0,13.12,22,nan
3/15/2022 12:17:53,1.8.1,Free_feed,4,3.94,1,1,Pellet,Left,0,0,823,0,0.06,1,nan
3/15/2022 12:18:17,1.8.1,Free_feed,4,3.94,1,1,Pellet,Left,0,0,824,0,17.24,24,nan
3/15/2022 12:18:39,1.8.1,Free_feed,4,3.94,2,1,Pellet,Left,0,0,825,0,15.58,22,nan
3/15/2022 12:19:21,1.8.1,Free_feed,4,3.94,1,1,Pellet,Left,0,0,826,0,34.87,42,nan
3/15/2022 13:48:58,1.8.1,Free_feed,4,3.94,1,1,Pellet,Left,0,0,827,0,Timed_out,5377,nan
3/15/2022 13:49:32,1.8.1,Free_feed,4,3.93,1,1,Pellet,Left,0,0,828,0,27.83,34,nan
3/15/2022 13:49:33,1.8.1,Free_feed,4,3.93,1,1,Pellet,Left,0,0,829,0,0.06,1,nan
3/15/2022 13:49:56,1.8.1,Free_feed,4,3.94,1,1,Pellet,Left,0,0,830,0,16.69,23,nan
3/15/2022 13:50:24,1.8.1,Free_feed,4,3.93,1,1,Pellet,Left,0,0,831,0,21.55,28,nan
3/15/2022 13:50:25,1.8.1,Free_feed,4,3.93,1,1,Pellet,Left,0,0,832,0,0.06,1,nan
3/15/2022 13:50:48,1.8.1,Free_feed,4,3.94,2,1,Pellet,Left,0,0,833,0,14.91,23,nan
3/15/2022 13:51:18,1.8.1,Free_feed,4,3.93,1,1,Pellet,Left,0,0,834,0,23.09,30,nan
3/15/2022 13:51:42,1.8.1,Free_feed,4,3.94,1,1,Pellet,Left,0,0,835,0,16.87,24,nan
3/15/2022 13:52:07,1.8.1,Free_feed,4,3.94,1,1,Pellet,Left,0,0,836,0,17.37,25,nan
3/15/2022 13:52:27,1.8.1,Free_feed,4,3.93,1,1,Pellet,Left,0,0,837,0,13.93,20,nan
3/15/2022 13:52:55,1.8.1,Free_feed,4,3.93,1,1,Pellet,Left,0,0,838,0,26.18,28,nan
