MM:DD:YYYY hh:mm:ss,Library_Version,Session_type,Device_Number,Battery_Voltage,Motor_Turns,FR,Event,Active_Poke,Left_Poke_Count,Right_Poke_Count,Pellet_Count,Block_Pellet_Count,Retrieval_Time,InterPelletInterval,Poke_Time
3/11/2022 17:21:18,1.8.1,Free_feed,5,4.14,3,1,Pellet,Left,0,0,1,0,Timed_out,nan,nan
3/11/2022 17:25:57,1.8.1,Free_feed,5,4.14,1,1,Pellet,Left,0,0,2,0,Timed_out,279,nan
3/11/2022 17:35:40,1.8.1,Free_feed,5,4.14,1,1,Pellet,Left,0,0,3,0,Timed_out,583,nan
3/11/2022 17:35:43,1.8.1,Free_feed,5,4.14,1,1,Pellet,Left,0,0,4,0,1.34,3,nan
3/11/2022 17:35:47,1.8.1,Free_feed,5,4.14,1,1,Pellet,Left,0,0,5,0,3.85,4,nan
3/11/2022 17:36:04,1.8.1,Free_feed,5,4.14,3,1,Pellet,Left,0,0,6,0,7.47,17,nan
3/11/2022 17:36:06,1.8.1,Free_feed,5,4.14,1,1,Pellet,Left,0,0,7,0,0.61,2,nan
3/11/2022 17:39:40,1.8.1,Free_feed,5,4.14,1,1,Pellet,Left,0,0,8,0,Timed_out,214,nan
3/11/2022 17:41:22,1.8.1,Free_feed,5,4.14,1,1,Pellet,Left,0,0,9,0,Timed_out,102,nan
3/11/2022 17:42:42,1.8.1,Free_feed,5,4.14,1,1,Pellet,Left,0,0,10,0,Timed_out,80,nan
3/11/2022 17:43:01,1.8.1,Free_feed,5,4.14,1,1,Pellet,Left,0,0,11,0,12.13,19,nan
3/11/2022 17:43:05,1.8.1,Free_feed,5,4.14,1,1,Pellet,Left,0,0,12,0,0.18,4,nan
3/11/2022 17:43:22,1.8.1,Free_feed,5,4.14,1,1,Pellet,Left,0,0,13,0,11.27,17,nan
3/11/2022 17:43:23,1.8.1,Free_feed,5,4.14,1,1,Pellet,Left,0,0,14,0,0.06,1,nan
3/11/2022 17:51:34,1.8.1,Free_feed,5,4.14,1,1,Pellet,Left,0,0,15,0,Timed_out,491,nan
3/11/2022 17:51:35,1.8.1,Free_feed,5,4.14,1,1,Pellet,Left,0,0,16,0,0.06,1,nan
3/11/2022 17:56:02,1.8.1,Free_feed,5,4.14,1,1,Pellet,Left,0,0,17,0,Timed_out,267,nan
3/11/2022 18:01:19,1.8.1,Free_feed,5,4.14,2,1,Pellet,Left,0,0,18,0,Timed_out,317,nan
3/11/2022 18:03:06,1.8.1,Free_feed,5,4.14,2,1,Pellet,Left,0,0,19,0,Timed_out,107,nan
3/11/2022 18:03:42,1.8.1,Free_feed,5,4.14,1,1,Pellet,Left,0,0,20,0,29.36,36,nan
3/11/2022 18:03:56,1.8.1,Free_feed,5,4.13,1,1,Pellet,Left,0,0,21,0,7.41,14,nan
3/11/2022 18:04:27,1.8.1,Free_feed,5,4.14,1,1,Pellet,Left,0,0,22,0,23.88,31,nan
3/11/2022 18:21:09,1.8.1,Free_feed,5,4.13,1,1,Pellet,Left,0,0,23,0,Timed_out,1002,nan
3/11/2022 18:24:50,1.8.1,Free_feed,5,4.14,1,1,Pellet,Left,0,0,24,0,Timed_out,221,nan
3/11/2022 18:28:47,1.8.1,Free_feed,5,4.14,1,1,Pellet,Left,0,0,25,0,Timed_out,237,nan
3/11/2022 18:28:49,1.8.1,Free_feed,5,4.14,1,1,Pellet,Left,0,0,26,0,0.06,2,nan
3/11/2022 18:29:18,1.8.1,Free_feed,5,4.14,2,1,Pellet,Left,0,0,27,0,25.50,29,nan
3/11/2022 18:29:46,1.8.1,Free_feed,5,4.14,1,1,Pellet,Left,0,0,28,0,22.23,28,nan
3/11/2022 18:51:19,1.8.1,Free_feed,5,4.12,1,1,Pellet,Left,0,0,29,0,Timed_out,1293,nan
3/11/2022 18:51:20,1.8.1,Free_feed,5,4.13,1,1,Pellet,Left,0,0,30,0,0.12,1,nan
3/11/2022 19:11:28,1.8.1,Free_feed,5,4.13,1,1,Pellet,Left,0,0,31,0,Timed_out,1208,nan
3/11/2022 19:11:29,1.8.1,Free_feed,5,4.13,1,1,Pellet,Left,0,0,32,0,0.12,1,nan
3/11/2022 19:12:00,1.8.1,Free_feed,5,4.13,2,1,Pellet,Left,0,0,33,0,23.87,31,nan
3/11/2022 19:17:11,1.8.1,Free_feed,5,4.13,1,1,Pellet,Left,0,0,34,0,Timed_out,311,nan
3/11/2022 19:17:26,1.8.1,Free_feed,5,4.13,2,1,Pellet,Left,0,0,35,0,13.17,15,nan
3/11/2022 19:17:57,1.8.1,Free_feed,5,4.13,2,1,Pellet,Left,0,0,36,0,28.79,31,nan
3/11/2022 19:18:04,1.8.1,Free_feed,5,4.13,1,1,Pellet,Left,0,0,37,0,0.73,7,nan
3/11/2022 19:25:57,1.8.1,Free_feed,5,4.13,1,1,Pellet,Left,0,0,38,0,Timed_out,473,nan
3/11/2022 19:26:07,1.8.1,Free_feed,5,4.13,1,1,Pellet,Left,0,0,39,0,3.12,10,nan
3/11/2022 19:27:06,1.8.1,Free_feed,5,4.13,2,1,Pellet,Left,0,0,40,0,49.86,59,nan
3/11/2022 19:27:25,1.8.1,Free_feed,5,4.13,1,1,Pellet,Left,0,0,41,0,17.60,19,nan
3/11/2022 19:27:26,1.8.1,Free_feed,5,4.13,1,1,Pellet,Left,0,0,42,0,0.06,1,nan
3/11/2022 19:27:28,1.8.1,Free_feed,5,4.13,1,1,Pellet,Left,0,0,43,0,0.42,2,nan
3/11/2022 19:27:50,1.8.1,Free_feed,5,4.13,1,1,Pellet,Left,0,0,44,0,16.12,22,nan
3/11/2022 19:41:42,1.8.1,Free_feed,5,4.13,1,1,Pellet,Left,0,0,45,0,Timed_out,832,nan
3/11/2022 19:42:11,1.8.1,Free_feed,5,4.14,2,1,Pellet,Left,0,0,46,0,27.93,29,nan
3/11/2022 19:42:13,1.8.1,Free_feed,5,4.12,1,1,Pellet,Left,0,0,47,0,0.12,2,nan
3/11/2022 20:04:10,1.8.1,Free_feed,5,4.12,1,1,Pellet,Left,0,0,48,0,Timed_out,1317,nan
3/11/2022 20:04:11,1.8.1,Free_feed,5,4.12,1,1,Pellet,Left,0,0,49,0,0.12,1,nan
3/11/2022 20:08:47,1.8.1,Free_feed,5,4.13,1,1,Pellet,Left,0,0,50,0,Timed_out,276,nan
3/11/2022 20:09:10,1.8.1,Free_feed,5,4.13,2,1,Pellet,Left,0,0,51,0,16.62,23,nan
3/11/2022 20:09:11,1.8.1,Free_feed,5,4.12,1,1,Pellet,Left,0,0,52,0,0.06,1,nan
3/11/2022 20:09:44,1.8.1,Free_feed,5,4.13,1,1,Pellet,Left,0,0,53,0,31.77,33,nan
3/11/2022 20:14:04,1.8.1,Free_feed,5,4.12,1,1,Pellet,Left,0,0,54,0,Timed_out,260,nan
3/11/2022 20:14:30,1.8.1,Free_feed,5,4.13,1,1,Pellet,Left,0,0,55,0,24.55,26,nan
3/11/2022 20:14:54,1.8.1,Free_feed,5,4.13,1,1,Pellet,Left,0,0,56,0,22.89,24,nan
3/11/2022 20:24:52,1.8.1,Free_feed,5,4.12,2,1,Pellet,Left,0,0,57,0,Timed_out,598,nan
3/11/2022 20:25:12,1.8.1,Free_feed,5,4.13,2,1,Pellet,Left,0,0,58,0,13.61,20,nan
3/11/2022 20:25:32,1.8.1,Free_feed,5,4.12,1,1,Pellet,Left,0,0,59,0,12.20,20,nan
3/11/2022 20:26:00,1.8.1,Free_feed,5,4.12,2,1,Pellet,Left,0,0,60,0,19.52,28,nan
3/11/2022 20:31:07,1.8.1,Free_feed,5,4.12,6,1,Pellet,Left,0,0,61,0,Timed_out,307,nan
3/11/2022 20:31:08,1.8.1,Free_feed,5,4.12,1,1,Pellet,Left,0,0,62,0,0.06,1,nan
3/11/2022 20:31:10,1.8.1,Free_feed,5,4.12,1,1,Pellet,Left,0,0,63,0,0.24,2,nan
3/11/2022 20:34:13,1.8.1,Free_feed,5,4.12,1,1,Pellet,Left,0,0,64,0,Timed_out,183,nan
3/11/2022 20:34:37,1.8.1,Free_feed,5,4.13,2,1,Pellet,Left,0,0,65,0,16.68,24,nan
3/11/2022 20:48:50,1.8.1,Free_feed,5,4.12,3,1,Pellet,Left,0,0,66,0,Timed_out,853,nan
3/11/2022 20:49:13,1.8.1,Free_feed,5,4.12,1,1,Pellet,Left,0,0,67,0,16.25,23,nan
3/11/2022 20:49:23,1.8.1,Free_feed,5,4.12,1,1,Pellet,Left,0,0,68,0,3.36,10,nan
3/11/2022 20:51:05,1.8.1,Free_feed,5,4.12,1,1,Pellet,Left,0,0,69,0,Timed_out,102,nan
3/11/2022 21:07:38,1.8.1,Free_feed,5,4.12,1,1,Pellet,Left,0,0,70,0,Timed_out,993,nan
3/11/2022 21:07:47,1.8.1,Free_feed,5,4.12,2,1,Pellet,Left,0,0,71,0,0.06,9,nan
3/11/2022 21:07:55,1.8.1,Free_feed,5,4.12,1,1,Pellet,Left,0,0,72,0,1.64,8,nan
3/11/2022 21:09:31,1.8.1,Free_feed,5,4.12,1,1,Pellet,Left,0,0,73,0,Timed_out,96,nan
3/11/2022 21:15:29,1.8.1,Free_feed,5,4.12,1,1,Pellet,Left,0,0,74,0,Timed_out,358,nan
3/11/2022 21:22:30,1.8.1,Free_feed,5,4.12,1,1,Pellet,Left,0,0,75,0,Timed_out,421,nan
3/11/2022 21:22:52,1.8.1,Free_feed,5,4.12,1,1,Pellet,Left,0,0,76,0,20.99,22,nan
3/11/2022 21:23:19,1.8.1,Free_feed,5,4.12,7,1,Pellet,Left,0,0,77,0,8.57,27,nan
3/11/2022 21:31:30,1.8.1,Free_feed,5,4.12,1,1,Pellet,Left,0,0,78,0,Timed_out,491,nan
3/11/2022 21:31:35,1.8.1,Free_feed,5,4.12,1,1,Pellet,Left,0,0,79,0,0.36,5,nan
3/11/2022 21:31:40,1.8.1,Free_feed,5,4.12,1,1,Pellet,Left,0,0,80,0,2.38,5,nan
3/11/2022 21:31:48,1.8.1,Free_feed,5,4.12,1,1,Pellet,Left,0,0,81,0,1.46,8,nan
3/11/2022 21:32:08,1.8.1,Free_feed,5,4.12,2,1,Pellet,Left,0,0,82,0,11.09,20,nan
3/11/2022 21:32:22,1.8.1,Free_feed,5,4.12,1,1,Pellet,Left,0,0,83,0,6.80,14,nan
3/11/2022 21:32:23,1.8.1,Free_feed,5,4.12,1,1,Pellet,Left,0,0,84,0,1.03,1,nan
3/11/2022 21:32:48,1.8.1,Free_feed,5,4.12,1,1,Pellet,Left,0,0,85,0,18.22,25,nan
3/11/2022 21:47:50,1.8.1,Free_feed,5,4.13,1,1,Pellet,Left,0,0,86,0,Timed_out,902,nan
3/11/2022 21:48:16,1.8.1,Free_feed,5,4.12,2,1,Pellet,Left,0,0,87,0,17.42,26,nan
3/11/2022 21:50:03,1.8.1,Free_feed,5,4.12,1,1,Pellet,Left,0,0,88,0,Timed_out,107,nan
3/11/2022 21:56:25,1.8.1,Free_feed,5,4.12,2,1,Pellet,Left,0,0,89,0,Timed_out,382,nan
3/11/2022 21:56:44,1.8.1,Free_feed,5,4.12,1,1,Pellet,Left,0,0,90,0,12.51,19,nan
3/11/2022 21:57:10,1.8.1,Free_feed,5,4.12,1,1,Pellet,Left,0,0,91,0,19.08,26,nan
3/11/2022 21:57:35,1.8.1,Free_feed,5,4.12,1,1,Pellet,Left,0,0,92,0,18.33,25,nan
3/11/2022 21:58:01,1.8.1,Free_feed,5,4.12,1,1,Pellet,Left,0,0,93,0,19.26,26,nan
3/11/2022 22:46:55,1.8.1,Free_feed,5,4.12,1,1,Pellet,Left,0,0,94,0,Timed_out,2934,nan
3/11/2022 22:46:56,1.8.1,Free_feed,5,4.12,1,1,Pellet,Left,0,0,95,0,0.06,1,nan
3/11/2022 22:46:57,1.8.1,Free_feed,5,4.12,1,1,Pellet,Left,0,0,96,0,0.30,1,nan
3/11/2022 22:48:08,1.8.1,Free_feed,5,4.12,1,1,Pellet,Left,0,0,97,0,Timed_out,71,nan
3/11/2022 22:52:39,1.8.1,Free_feed,5,4.12,1,1,Pellet,Left,0,0,98,0,Timed_out,271,nan
3/11/2022 22:52:59,1.8.1,Free_feed,5,4.12,1,1,Pellet,Left,0,0,99,0,16.32,20,nan
3/11/2022 22:53:46,1.8.1,Free_feed,5,4.12,1,1,Pellet,Left,0,0,100,0,45.07,47,nan
3/11/2022 22:54:10,1.8.1,Free_feed,5,4.12,1,1,Pellet,Left,0,0,101,0,17.85,24,nan
3/11/2022 22:54:22,1.8.1,Free_feed,5,4.12,1,1,Pellet,Left,0,0,102,0,7.10,12,nan
3/11/2022 22:54:34,1.8.1,Free_feed,5,4.12,1,1,Pellet,Left,0,0,103,0,4.53,12,nan
3/11/2022 23:12:17,1.8.1,Free_feed,5,4.11,7,1,Pellet,Left,0,0,104,0,Timed_out,1063,nan
3/11/2022 23:13:57,1.8.1,Free_feed,5,4.12,1,1,Pellet,Left,0,0,105,0,Timed_out,100,nan
3/11/2022 23:28:38,1.8.1,Free_feed,5,4.12,2,1,Pellet,Left,0,0,106,0,Timed_out,881,nan
3/11/2022 23:28:56,1.8.1,Free_feed,5,4.12,3,1,Pellet,Left,0,0,107,0,8.82,18,nan
3/11/2022 23:28:59,1.8.1,Free_feed,5,4.12,1,1,Pellet,Left,0,0,108,0,0.36,3,nan
3/11/2022 23:29:24,1.8.1,Free_feed,5,4.12,1,1,Pellet,Left,0,0,109,0,18.84,25,nan
3/11/2022 23:29:42,1.8.1,Free_feed,5,4.11,1,1,Pellet,Left,0,0,110,0,11.22,18,nan
3/11/2022 23:45:16,1.8.1,Free_feed,5,4.12,1,1,Pellet,Left,0,0,111,0,Timed_out,934,nan
3/11/2022 23:45:36,1.8.1,Free_feed,5,4.12,1,1,Pellet,Left,0,0,112,0,13.24,20,nan
3/11/2022 23:45:48,1.8.1,Free_feed,5,4.11,1,1,Pellet,Left,0,0,113,0,5.51,12,nan
3/11/2022 23:45:49,1.8.1,Free_feed,5,4.12,1,1,Pellet,Left,0,0,114,0,0.06,1,nan
3/11/2022 23:46:14,1.8.1,Free_feed,5,4.12,2,1,Pellet,Left,0,0,115,0,16.13,24,nan
3/11/2022 23:46:27,1.8.1,Free_feed,5,4.12,1,1,Pellet,Left,0,0,116,0,7.16,14,nan
3/12/2022 0:00:21,1.8.1,Free_feed,5,4.11,1,1,Pellet,Left,0,0,117,0,Timed_out,834,nan
3/12/2022 0:01:04,1.8.1,Free_feed,5,4.12,1,1,Pellet,Left,0,0,118,0,36.00,43,nan
3/12/2022 0:08:22,1.8.1,Free_feed,5,4.11,1,1,Pellet,Left,0,0,119,0,Timed_out,438,nan
3/12/2022 0:08:39,1.8.1,Free_feed,5,4.11,1,1,Pellet,Left,0,0,120,0,10.35,17,nan
3/12/2022 0:09:02,1.8.1,Free_feed,5,4.11,1,1,Pellet,Left,0,0,121,0,22.59,23,nan
3/12/2022 0:09:11,1.8.1,Free_feed,5,4.12,1,1,Pellet,Left,0,0,122,0,6.00,9,nan
3/12/2022 0:09:17,1.8.1,Free_feed,5,4.12,1,1,Pellet,Left,0,0,123,0,0.06,6,nan
3/12/2022 0:09:39,1.8.1,Free_feed,5,4.12,1,1,Pellet,Left,0,0,124,0,19.39,22,nan
3/12/2022 0:25:57,1.8.1,Free_feed,5,4.11,1,1,Pellet,Left,0,0,125,0,Timed_out,978,nan
3/12/2022 0:29:03,1.8.1,Free_feed,5,4.12,1,1,Pellet,Left,0,0,126,0,Timed_out,186,nan
3/12/2022 0:29:28,1.8.1,Free_feed,5,4.12,2,1,Pellet,Left,0,0,127,0,23.65,25,nan
3/12/2022 0:29:41,1.8.1,Free_feed,5,4.11,1,1,Pellet,Left,0,0,128,0,6.37,13,nan
3/12/2022 0:30:05,1.8.1,Free_feed,5,4.11,1,1,Pellet,Left,0,0,129,0,17.43,24,nan
3/12/2022 0:50:34,1.8.1,Free_feed,5,4.11,6,1,Pellet,Left,0,0,130,0,Timed_out,1229,nan
3/12/2022 0:52:08,1.8.1,Free_feed,5,4.11,1,1,Pellet,Left,0,0,131,0,Timed_out,94,nan
3/12/2022 1:00:57,1.8.1,Free_feed,5,4.12,2,1,Pellet,Left,0,0,132,0,Timed_out,529,nan
3/12/2022 1:01:12,1.8.1,Free_feed,5,4.11,2,1,Pellet,Left,0,0,133,0,8.82,15,nan
3/12/2022 1:01:29,1.8.1,Free_feed,5,4.12,1,1,Pellet,Left,0,0,134,0,9.49,17,nan
3/12/2022 1:11:27,1.8.1,Free_feed,5,4.11,1,1,Pellet,Left,0,0,135,0,Timed_out,598,nan
3/12/2022 1:11:43,1.8.1,Free_feed,5,4.11,1,1,Pellet,Left,0,0,136,0,9.74,16,nan
3/12/2022 1:18:13,1.8.1,Free_feed,5,4.11,6,1,Pellet,Left,0,0,137,0,Timed_out,390,nan
3/12/2022 1:24:50,1.8.1,Free_feed,5,4.11,2,1,Pellet,Left,0,0,138,0,Timed_out,397,nan
3/12/2022 1:25:03,1.8.1,Free_feed,5,4.11,1,1,Pellet,Left,0,0,139,0,6.55,13,nan
3/12/2022 1:25:05,1.8.1,Free_feed,5,4.11,1,1,Pellet,Left,0,0,140,0,0.12,2,nan
3/12/2022 1:25:25,1.8.1,Free_feed,5,4.11,1,1,Pellet,Left,0,0,141,0,13.24,20,nan
3/12/2022 1:25:26,1.8.1,Free_feed,5,4.12,1,1,Pellet,Left,0,0,142,0,0.06,1,nan
3/12/2022 1:25:40,1.8.1,Free_feed,5,4.11,1,1,Pellet,Left,0,0,143,0,7.04,14,nan
3/12/2022 1:42:38,1.8.1,Free_feed,5,4.11,1,1,Pellet,Left,0,0,144,0,Timed_out,1018,nan
3/12/2022 1:42:49,1.8.1,Free_feed,5,4.12,1,1,Pellet,Left,0,0,145,0,4.71,11,nan
3/12/2022 1:43:06,1.8.1,Free_feed,5,4.11,1,1,Pellet,Left,0,0,146,0,10.11,17,nan
3/12/2022 1:44:17,1.8.1,Free_feed,5,4.11,1,1,Pellet,Left,0,0,147,0,Timed_out,71,nan
3/12/2022 1:53:44,1.8.1,Free_feed,5,4.11,2,1,Pellet,Left,0,0,148,0,Timed_out,567,nan
3/12/2022 1:53:45,1.8.1,Free_feed,5,4.11,1,1,Pellet,Left,0,0,149,0,0.06,1,nan
3/12/2022 2:02:05,1.8.1,Free_feed,5,4.11,1,1,Pellet,Left,0,0,150,0,Timed_out,500,nan
3/12/2022 2:02:06,1.8.1,Free_feed,5,4.11,1,1,Pellet,Left,0,0,151,0,0.06,1,nan
3/12/2022 2:05:11,1.8.1,Free_feed,5,4.11,1,1,Pellet,Left,0,0,152,0,Timed_out,185,nan
3/12/2022 2:05:12,1.8.1,Free_feed,5,4.11,1,1,Pellet,Left,0,0,153,0,0.06,1,nan
3/12/2022 2:05:14,1.8.1,Free_feed,5,4.11,1,1,Pellet,Left,0,0,154,0,1.28,2,nan
3/12/2022 2:05:17,1.8.1,Free_feed,5,4.11,1,1,Pellet,Left,0,0,155,0,0.06,3,nan
3/12/2022 2:05:17,1.8.1,Free_feed,5,4.11,1,1,Pellet,Left,0,0,156,0,0.06,0,nan
3/12/2022 2:18:11,1.8.1,Free_feed,5,4.11,1,1,Pellet,Left,0,0,157,0,Timed_out,774,nan
3/12/2022 2:18:27,1.8.1,Free_feed,5,4.11,2,1,Pellet,Left,0,0,158,0,7.23,16,nan
3/12/2022 2:18:44,1.8.1,Free_feed,5,4.11,1,1,Pellet,Left,0,0,159,0,15.58,17,nan
3/12/2022 2:19:08,1.8.1,Free_feed,5,4.11,1,1,Pellet,Left,0,0,160,0,17.36,24,nan
3/12/2022 2:19:26,1.8.1,Free_feed,5,4.11,1,1,Pellet,Left,0,0,161,0,11.15,18,nan
3/12/2022 2:19:51,1.8.1,Free_feed,5,4.11,2,1,Pellet,Left,0,0,162,0,17.85,25,nan
3/12/2022 2:36:44,1.8.1,Free_feed,5,4.11,1,1,Pellet,Left,0,0,163,0,Timed_out,1013,nan
3/12/2022 2:37:00,1.8.1,Free_feed,5,4.11,1,1,Pellet,Left,0,0,164,0,9.50,16,nan
3/12/2022 2:37:17,1.8.1,Free_feed,5,4.11,1,1,Pellet,Left,0,0,165,0,15.64,17,nan
3/12/2022 2:37:31,1.8.1,Free_feed,5,4.10,1,1,Pellet,Left,0,0,166,0,7.29,14,nan
3/12/2022 2:37:48,1.8.1,Free_feed,5,4.11,1,1,Pellet,Left,0,0,167,0,10.24,17,nan
3/12/2022 2:57:31,1.8.1,Free_feed,5,4.11,1,1,Pellet,Left,0,0,168,0,Timed_out,1183,nan
3/12/2022 2:57:54,1.8.1,Free_feed,5,4.11,1,1,Pellet,Left,0,0,169,0,15.58,23,nan
3/12/2022 3:04:32,1.8.1,Free_feed,5,4.11,1,1,Pellet,Left,0,0,170,0,Timed_out,398,nan
3/12/2022 3:04:34,1.8.1,Free_feed,5,4.11,1,1,Pellet,Left,0,0,171,0,0.85,2,nan
3/12/2022 3:04:55,1.8.1,Free_feed,5,4.11,2,1,Pellet,Left,0,0,172,0,15.02,21,nan
3/12/2022 3:04:56,1.8.1,Free_feed,5,4.11,1,1,Pellet,Left,0,0,173,0,0.18,1,nan
3/12/2022 3:05:10,1.8.1,Free_feed,5,4.11,1,1,Pellet,Left,0,0,174,0,7.47,14,nan
3/12/2022 3:05:29,1.8.1,Free_feed,5,4.11,3,1,Pellet,Left,0,0,175,0,7.84,19,nan
3/12/2022 3:11:01,1.8.1,Free_feed,5,4.11,1,1,Pellet,Left,0,0,176,0,Timed_out,332,nan
3/12/2022 3:15:36,1.8.1,Free_feed,5,4.11,1,1,Pellet,Left,0,0,177,0,Timed_out,275,nan
3/12/2022 3:43:54,1.8.1,Free_feed,5,4.11,1,1,Pellet,Left,0,0,178,0,Timed_out,1698,nan
3/12/2022 3:43:55,1.8.1,Free_feed,5,4.11,1,1,Pellet,Left,0,0,179,0,0.06,1,nan
3/12/2022 3:43:58,1.8.1,Free_feed,5,4.11,1,1,Pellet,Left,0,0,180,0,1.34,3,nan
3/12/2022 3:44:28,1.8.1,Free_feed,5,4.11,1,1,Pellet,Left,0,0,181,0,23.39,30,nan
3/12/2022 4:54:58,1.8.1,Free_feed,5,4.11,6,1,Pellet,Left,0,0,182,0,Timed_out,4230,nan
3/12/2022 5:05:52,1.8.1,Free_feed,5,4.10,2,1,Pellet,Left,0,0,183,0,Timed_out,654,nan
3/12/2022 5:06:20,1.8.1,Free_feed,5,4.10,3,1,Pellet,Left,0,0,184,0,17.37,28,nan
3/12/2022 5:06:40,1.8.1,Free_feed,5,4.10,1,1,Pellet,Left,0,0,185,0,13.74,20,nan
3/12/2022 5:08:46,1.8.1,Free_feed,5,4.11,1,1,Pellet,Left,0,0,186,0,Timed_out,126,nan
3/12/2022 5:34:54,1.8.1,Free_feed,5,4.10,1,1,Pellet,Left,0,0,187,0,Timed_out,1568,nan
3/12/2022 5:35:18,1.8.1,Free_feed,5,4.10,2,1,Pellet,Left,0,0,188,0,15.89,24,nan
3/12/2022 5:35:28,1.8.1,Free_feed,5,4.09,2,1,Pellet,Left,0,0,189,0,0.06,10,nan
3/12/2022 5:36:04,1.8.1,Free_feed,5,4.10,2,1,Pellet,Left,0,0,190,0,34.62,36,nan
3/12/2022 5:36:35,1.8.1,Free_feed,5,4.09,1,1,Pellet,Left,0,0,191,0,24.14,31,nan
3/12/2022 5:46:57,1.8.1,Free_feed,5,4.09,1,1,Pellet,Left,0,0,192,0,Timed_out,622,nan
3/12/2022 5:47:18,1.8.1,Free_feed,5,4.10,1,1,Pellet,Left,0,0,193,0,13.98,21,nan
3/12/2022 5:54:34,1.8.1,Free_feed,5,4.09,6,1,Pellet,Left,0,0,194,0,Timed_out,436,nan
3/12/2022 5:54:51,1.8.1,Free_feed,5,4.09,2,1,Pellet,Left,0,0,195,0,9.80,17,nan
3/12/2022 5:55:08,1.8.1,Free_feed,5,4.09,2,1,Pellet,Left,0,0,196,0,8.21,17,nan
3/12/2022 6:13:01,1.8.1,Free_feed,5,4.09,1,1,Pellet,Left,0,0,197,0,Timed_out,1073,nan
3/12/2022 6:26:11,1.8.1,Free_feed,5,4.09,1,1,Pellet,Left,0,0,198,0,Timed_out,790,nan
3/12/2022 6:26:34,1.8.1,Free_feed,5,4.09,2,1,Pellet,Left,0,0,199,0,16.08,23,nan
3/12/2022 6:26:35,1.8.1,Free_feed,5,4.09,1,1,Pellet,Left,0,0,200,0,0.06,1,nan
3/12/2022 6:26:39,1.8.1,Free_feed,5,4.09,1,1,Pellet,Left,0,0,201,0,2.44,4,nan
3/12/2022 6:26:52,1.8.1,Free_feed,5,4.09,1,1,Pellet,Left,0,0,202,0,6.55,13,nan
3/12/2022 6:27:14,1.8.1,Free_feed,5,4.09,2,1,Pellet,Left,0,0,203,0,15.22,22,nan
3/12/2022 6:27:36,1.8.1,Free_feed,5,4.09,1,1,Pellet,Left,0,0,204,0,15.22,22,nan
3/12/2022 6:27:54,1.8.1,Free_feed,5,4.09,2,1,Pellet,Left,0,0,205,0,9.19,18,nan
3/12/2022 6:28:03,1.8.1,Free_feed,5,4.09,1,1,Pellet,Left,0,0,206,0,7.96,9,nan
3/12/2022 6:28:11,1.8.1,Free_feed,5,4.09,1,1,Pellet,Left,0,0,207,0,1.28,8,nan
3/12/2022 8:01:37,1.8.1,Free_feed,5,4.10,1,1,Pellet,Left,0,0,208,0,Timed_out,5606,nan
3/12/2022 8:01:38,1.8.1,Free_feed,5,4.09,1,1,Pellet,Left,0,0,209,0,0.18,1,nan
3/12/2022 8:02:06,1.8.1,Free_feed,5,4.09,1,1,Pellet,Left,0,0,210,0,21.55,28,nan
3/12/2022 8:11:01,1.8.1,Free_feed,5,4.09,1,1,Pellet,Left,0,0,211,0,Timed_out,535,nan
3/12/2022 8:11:21,1.8.1,Free_feed,5,4.09,2,1,Pellet,Left,0,0,212,0,11.52,20,nan
3/12/2022 8:11:41,1.8.1,Free_feed,5,4.09,1,1,Pellet,Left,0,0,213,0,14.29,20,nan
3/12/2022 8:11:59,1.8.1,Free_feed,5,4.09,2,1,Pellet,Left,0,0,214,0,9.19,18,nan
3/12/2022 8:19:31,1.8.1,Free_feed,5,4.10,1,1,Pellet,Left,0,0,215,0,Timed_out,452,nan
3/12/2022 8:19:48,1.8.1,Free_feed,5,4.09,1,1,Pellet,Left,0,0,216,0,10.48,17,nan
3/12/2022 8:20:08,1.8.1,Free_feed,5,4.09,1,1,Pellet,Left,0,0,217,0,13.86,20,nan
3/12/2022 8:20:26,1.8.1,Free_feed,5,4.09,6,1,Pellet,Left,0,0,218,0,0.61,18,nan
3/12/2022 8:20:28,1.8.1,Free_feed,5,4.09,1,1,Pellet,Left,0,0,219,0,0.67,2,nan
3/12/2022 8:26:50,1.8.1,Free_feed,5,4.09,1,1,Pellet,Left,0,0,220,0,Timed_out,382,nan
3/12/2022 8:27:09,1.8.1,Free_feed,5,4.09,7,1,Pellet,Left,0,0,221,0,0.06,19,nan
3/12/2022 8:28:51,1.8.1,Free_feed,5,4.09,2,1,Pellet,Left,0,0,222,0,Timed_out,102,nan
3/12/2022 8:37:33,1.8.1,Free_feed,5,4.09,2,1,Pellet,Left,0,0,223,0,Timed_out,522,nan
3/12/2022 8:37:45,1.8.1,Free_feed,5,4.09,2,1,Pellet,Left,0,0,224,0,6.13,12,nan
3/12/2022 8:38:16,1.8.1,Free_feed,5,4.09,1,1,Pellet,Left,0,0,225,0,29.75,31,nan
3/12/2022 8:38:36,1.8.1,Free_feed,5,4.09,2,1,Pellet,Left,0,0,226,0,10.67,20,nan
3/12/2022 8:54:54,1.8.1,Free_feed,5,4.09,3,1,Pellet,Left,0,0,227,0,Timed_out,978,nan
3/12/2022 8:54:56,1.8.1,Free_feed,5,4.09,1,1,Pellet,Left,0,0,228,0,0.48,2,nan
3/12/2022 9:06:51,1.8.1,Free_feed,5,4.09,2,1,Pellet,Left,0,0,229,0,Timed_out,715,nan
3/12/2022 9:07:13,1.8.1,Free_feed,5,4.09,1,1,Pellet,Left,0,0,230,0,15.77,22,nan
3/12/2022 9:08:15,1.8.1,Free_feed,5,4.09,1,1,Pellet,Left,0,0,231,0,56.04,62,nan
3/12/2022 9:08:41,1.8.1,Free_feed,5,4.09,3,1,Pellet,Left,0,0,232,0,14.17,26,nan
3/12/2022 9:16:48,1.8.1,Free_feed,5,4.09,1,1,Pellet,Left,0,0,233,0,Timed_out,487,nan
3/12/2022 10:50:25,1.8.1,Free_feed,5,4.09,1,1,Pellet,Left,0,0,234,0,Timed_out,5617,nan
3/12/2022 10:50:26,1.8.1,Free_feed,5,4.09,1,1,Pellet,Left,0,0,235,0,0.18,1,nan
3/12/2022 11:03:50,1.8.1,Free_feed,5,4.09,1,1,Pellet,Left,0,0,236,0,Timed_out,804,nan
3/12/2022 11:04:10,1.8.1,Free_feed,5,4.09,1,1,Pellet,Left,0,0,237,0,17.79,20,nan
3/12/2022 11:04:33,1.8.1,Free_feed,5,4.09,1,1,Pellet,Left,0,0,238,0,16.37,23,nan
3/12/2022 11:04:56,1.8.1,Free_feed,5,4.09,1,1,Pellet,Left,0,0,239,0,16.68,23,nan
3/12/2022 12:24:26,1.8.1,Free_feed,5,4.09,1,1,Pellet,Left,0,0,240,0,Timed_out,4770,nan
3/12/2022 12:24:42,1.8.1,Free_feed,5,4.09,1,1,Pellet,Left,0,0,241,0,9.13,16,nan
3/12/2022 12:25:02,1.8.1,Free_feed,5,4.08,1,1,Pellet,Left,0,0,242,0,13.18,20,nan
3/12/2022 12:25:03,1.8.1,Free_feed,5,4.09,1,1,Pellet,Left,0,0,243,0,0.06,1,nan
3/12/2022 12:25:26,1.8.1,Free_feed,5,4.08,6,1,Pellet,Left,0,0,244,0,4.96,23,nan
3/12/2022 12:26:09,1.8.1,Free_feed,5,4.09,2,1,Pellet,Left,0,0,245,0,39.48,43,nan
3/12/2022 12:26:29,1.8.1,Free_feed,5,4.09,1,1,Pellet,Left,0,0,246,0,13.74,20,nan
3/12/2022 12:26:50,1.8.1,Free_feed,5,4.08,1,1,Pellet,Left,0,0,247,0,15.40,21,nan
3/12/2022 12:35:15,1.8.1,Free_feed,5,4.09,6,1,Pellet,Left,0,0,248,0,Timed_out,505,nan
3/12/2022 12:37:36,1.8.1,Free_feed,5,4.09,2,1,Pellet,Left,0,0,249,0,Timed_out,141,nan
3/12/2022 13:00:12,1.8.1,Free_feed,5,4.08,2,1,Pellet,Left,0,0,250,0,Timed_out,1356,nan
3/12/2022 13:00:14,1.8.1,Free_feed,5,4.08,1,1,Pellet,Left,0,0,251,0,0.36,2,nan
3/12/2022 13:00:16,1.8.1,Free_feed,5,4.08,1,1,Pellet,Left,0,0,252,0,0.06,2,nan
3/12/2022 13:03:17,1.8.1,Free_feed,5,4.08,1,1,Pellet,Left,0,0,253,0,Timed_out,181,nan
3/12/2022 13:03:18,1.8.1,Free_feed,5,4.08,1,1,Pellet,Left,0,0,254,0,0.36,1,nan
3/12/2022 13:03:25,1.8.1,Free_feed,5,4.09,1,1,Pellet,Left,0,0,255,0,5.69,7,nan
3/12/2022 13:17:48,1.8.1,Free_feed,5,4.08,1,1,Pellet,Left,0,0,256,0,Timed_out,863,nan
3/12/2022 13:18:11,1.8.1,Free_feed,5,4.08,1,1,Pellet,Left,0,0,257,0,16.20,23,nan
3/12/2022 13:18:12,1.8.1,Free_feed,5,4.09,1,1,Pellet,Left,0,0,258,0,0.06,1,nan
3/12/2022 13:18:29,1.8.1,Free_feed,5,4.09,1,1,Pellet,Left,0,0,259,0,11.10,17,nan
3/12/2022 13:18:47,1.8.1,Free_feed,5,4.08,1,1,Pellet,Left,0,0,260,0,11.16,18,nan
3/12/2022 13:18:49,1.8.1,Free_feed,5,4.08,1,1,Pellet,Left,0,0,261,0,0.06,2,nan
3/12/2022 13:31:42,1.8.1,Free_feed,5,4.08,1,1,Pellet,Left,0,0,262,0,Timed_out,773,nan
3/12/2022 13:39:22,1.8.1,Free_feed,5,4.08,1,1,Pellet,Left,0,0,263,0,Timed_out,460,nan
3/12/2022 13:39:23,1.8.1,Free_feed,5,4.08,1,1,Pellet,Left,0,0,264,0,0.18,1,nan
3/12/2022 15:41:27,1.8.1,Free_feed,5,4.07,6,1,Pellet,Left,0,0,265,0,Timed_out,7324,nan
3/12/2022 15:41:29,1.8.1,Free_feed,5,4.07,1,1,Pellet,Left,0,0,266,0,0.79,2,nan
3/12/2022 15:41:30,1.8.1,Free_feed,5,4.07,1,1,Pellet,Left,0,0,267,0,0.06,1,nan
3/12/2022 15:41:45,1.8.1,Free_feed,5,4.08,2,1,Pellet,Left,0,0,268,0,8.15,15,nan
3/12/2022 15:41:53,1.8.1,Free_feed,5,4.07,1,1,Pellet,Left,0,0,269,0,0.79,8,nan
3/12/2022 15:42:12,1.8.1,Free_feed,5,4.08,1,1,Pellet,Left,0,0,270,0,12.02,19,nan
3/12/2022 15:42:29,1.8.1,Free_feed,5,4.08,1,1,Pellet,Left,0,0,271,0,15.46,17,nan
3/12/2022 16:31:54,1.8.1,Free_feed,5,4.07,1,1,Pellet,Left,0,0,272,0,Timed_out,2965,nan
3/12/2022 17:17:49,1.8.1,Free_feed,5,4.07,2,1,Pellet,Left,0,0,273,0,Timed_out,2755,nan
3/12/2022 17:18:24,1.8.1,Free_feed,5,4.07,1,1,Pellet,Left,0,0,274,0,27.94,35,nan
3/12/2022 17:18:25,1.8.1,Free_feed,5,4.07,1,1,Pellet,Left,0,0,275,0,0.06,1,nan
3/12/2022 17:18:42,1.8.1,Free_feed,5,4.07,1,1,Pellet,Left,0,0,276,0,10.48,17,nan
3/12/2022 17:18:51,1.8.1,Free_feed,5,4.07,1,1,Pellet,Left,0,0,277,0,3.55,9,nan
3/12/2022 17:19:14,1.8.1,Free_feed,5,4.07,1,1,Pellet,Left,0,0,278,0,15.95,23,nan
3/12/2022 17:19:30,1.8.1,Free_feed,5,4.07,1,1,Pellet,Left,0,0,279,0,14.96,16,nan
3/12/2022 17:19:32,1.8.1,Free_feed,5,4.07,1,1,Pellet,Left,0,0,280,0,0.06,2,nan
3/12/2022 17:20:02,1.8.1,Free_feed,5,4.07,2,1,Pellet,Left,0,0,281,0,20.81,30,nan
3/12/2022 17:20:04,1.8.1,Free_feed,5,4.07,1,1,Pellet,Left,0,0,282,0,0.06,1,nan
3/12/2022 17:45:14,1.8.1,Free_feed,5,4.06,1,1,Pellet,Left,0,0,283,0,Timed_out,1511,nan
3/12/2022 17:52:42,1.8.1,Free_feed,5,4.05,1,1,Pellet,Left,0,0,284,0,Timed_out,448,nan
3/12/2022 17:52:53,1.8.1,Free_feed,5,4.06,1,1,Pellet,Left,0,0,285,0,4.90,11,nan
3/12/2022 17:53:01,1.8.1,Free_feed,5,4.06,1,1,Pellet,Left,0,0,286,0,1.09,8,nan
3/12/2022 17:53:02,1.8.1,Free_feed,5,4.07,1,1,Pellet,Left,0,0,287,0,0.06,1,nan
3/12/2022 17:53:21,1.8.1,Free_feed,5,4.06,1,1,Pellet,Left,0,0,288,0,12.26,19,nan
3/12/2022 17:53:47,1.8.1,Free_feed,5,4.07,1,1,Pellet,Left,0,0,289,0,18.60,26,nan
3/12/2022 17:54:40,1.8.1,Free_feed,5,4.06,1,1,Pellet,Left,0,0,290,0,47.24,53,nan
3/12/2022 19:13:38,1.8.1,Free_feed,5,4.07,1,1,Pellet,Left,0,0,291,0,Timed_out,4738,nan
3/12/2022 19:13:58,1.8.1,Free_feed,5,4.06,2,1,Pellet,Left,0,0,292,0,13.18,20,nan
3/12/2022 19:14:21,1.8.1,Free_feed,5,4.05,1,1,Pellet,Left,0,0,293,0,22.10,23,nan
3/12/2022 19:14:23,1.8.1,Free_feed,5,4.06,1,1,Pellet,Left,0,0,294,0,0.06,2,nan
3/12/2022 19:29:49,1.8.1,Free_feed,5,4.06,2,1,Pellet,Left,0,0,295,0,Timed_out,926,nan
3/12/2022 19:30:08,1.8.1,Free_feed,5,4.07,1,1,Pellet,Left,0,0,296,0,12.21,19,nan
3/12/2022 19:30:21,1.8.1,Free_feed,5,4.07,1,1,Pellet,Left,0,0,297,0,6.55,13,nan
3/12/2022 19:30:23,1.8.1,Free_feed,5,4.07,1,1,Pellet,Left,0,0,298,0,0.12,2,nan
3/12/2022 19:30:44,1.8.1,Free_feed,5,4.05,1,1,Pellet,Left,0,0,299,0,14.17,21,nan
3/12/2022 19:30:54,1.8.1,Free_feed,5,4.07,1,1,Pellet,Left,0,0,300,0,3.48,10,nan
3/12/2022 19:30:55,1.8.1,Free_feed,5,4.06,1,1,Pellet,Left,0,0,301,0,0.36,1,nan
3/12/2022 19:30:57,1.8.1,Free_feed,5,4.06,1,1,Pellet,Left,0,0,302,0,0.06,2,nan
3/12/2022 19:31:08,1.8.1,Free_feed,5,4.05,1,1,Pellet,Left,0,0,303,0,4.53,11,nan
3/12/2022 19:31:27,1.8.1,Free_feed,5,4.04,2,1,Pellet,Left,0,0,304,0,10.60,19,nan
3/12/2022 19:31:28,1.8.1,Free_feed,5,4.07,1,1,Pellet,Left,0,0,305,0,0.12,1,nan
3/12/2022 19:37:49,1.8.1,Free_feed,5,4.06,1,1,Pellet,Left,0,0,306,0,Timed_out,381,nan
3/12/2022 19:38:06,1.8.1,Free_feed,5,4.05,2,1,Pellet,Left,0,0,307,0,7.96,17,nan
3/12/2022 19:38:23,1.8.1,Free_feed,5,4.05,1,1,Pellet,Left,0,0,308,0,10.36,17,nan
3/12/2022 19:38:25,1.8.1,Free_feed,5,4.05,2,1,Pellet,Left,0,0,309,0,0.12,2,nan
3/12/2022 19:38:47,1.8.1,Free_feed,5,4.06,1,1,Pellet,Left,0,0,310,0,17.12,22,nan
3/12/2022 19:38:48,1.8.1,Free_feed,5,4.06,1,1,Pellet,Left,0,0,311,0,0.36,1,nan
3/12/2022 19:39:04,1.8.1,Free_feed,5,4.05,1,1,Pellet,Left,0,0,312,0,9.13,16,nan
3/12/2022 19:39:06,1.8.1,Free_feed,5,4.06,2,1,Pellet,Left,0,0,313,0,0.18,2,nan
3/12/2022 19:39:25,1.8.1,Free_feed,5,4.07,6,1,Pellet,Left,0,0,314,0,1.22,18,nan
3/12/2022 20:44:02,1.8.1,Free_feed,5,4.06,1,1,Pellet,Left,0,0,315,0,Timed_out,3878,nan
3/12/2022 20:57:27,1.8.1,Free_feed,5,4.07,3,1,Pellet,Left,0,0,316,0,Timed_out,805,nan
3/12/2022 20:57:29,1.8.1,Free_feed,5,4.07,1,1,Pellet,Left,0,0,317,0,0.12,2,nan
3/12/2022 20:58:10,1.8.1,Free_feed,5,4.07,2,1,Pellet,Left,0,0,318,0,39.35,41,nan
3/12/2022 20:58:29,1.8.1,Free_feed,5,4.07,2,1,Pellet,Left,0,0,319,0,13.00,19,nan
3/12/2022 20:58:32,1.8.1,Free_feed,5,4.07,1,1,Pellet,Left,0,0,320,0,1.22,3,nan
3/12/2022 20:58:51,1.8.1,Free_feed,5,4.07,1,1,Pellet,Left,0,0,321,0,12.27,19,nan
3/12/2022 20:59:16,1.8.1,Free_feed,5,4.07,3,1,Pellet,Left,0,0,322,0,14.05,25,nan
3/12/2022 21:39:22,1.8.1,Free_feed,5,4.07,1,1,Pellet,Left,0,0,323,0,Timed_out,2406,nan
3/12/2022 21:39:59,1.8.1,Free_feed,5,4.07,1,1,Pellet,Left,0,0,324,0,29.81,37,nan
3/12/2022 21:40:13,1.8.1,Free_feed,5,4.07,1,1,Pellet,Left,0,0,325,0,7.84,14,nan
3/12/2022 21:40:14,1.8.1,Free_feed,5,4.07,1,1,Pellet,Left,0,0,326,0,0.06,1,nan
3/12/2022 21:49:51,1.8.1,Free_feed,5,4.06,1,1,Pellet,Left,0,0,327,0,Timed_out,577,nan
3/12/2022 22:03:06,1.8.1,Free_feed,5,4.07,2,1,Pellet,Left,0,0,328,0,Timed_out,795,nan
3/12/2022 22:03:25,1.8.1,Free_feed,5,4.07,1,1,Pellet,Left,0,0,329,0,13.13,19,nan
3/12/2022 22:03:39,1.8.1,Free_feed,5,4.07,1,1,Pellet,Left,0,0,330,0,12.15,14,nan
3/12/2022 22:03:57,1.8.1,Free_feed,5,4.07,1,1,Pellet,Left,0,0,331,0,11.53,18,nan
3/12/2022 22:04:14,1.8.1,Free_feed,5,4.07,1,1,Pellet,Left,0,0,332,0,10.30,17,nan
3/12/2022 22:21:03,1.8.1,Free_feed,5,4.07,1,1,Pellet,Left,0,0,333,0,Timed_out,1009,nan
3/12/2022 22:21:22,1.8.1,Free_feed,5,4.07,1,1,Pellet,Left,0,0,334,0,13.00,19,nan
3/12/2022 22:21:36,1.8.1,Free_feed,5,4.06,1,1,Pellet,Left,0,0,335,0,7.17,14,nan
3/12/2022 22:21:54,1.8.1,Free_feed,5,4.07,1,1,Pellet,Left,0,0,336,0,10.48,18,nan
3/12/2022 22:22:15,1.8.1,Free_feed,5,4.07,1,1,Pellet,Left,0,0,337,0,19.59,21,nan
3/12/2022 22:22:36,1.8.1,Free_feed,5,4.07,2,1,Pellet,Left,0,0,338,0,14.79,21,nan
3/12/2022 22:49:05,1.8.1,Free_feed,5,4.06,1,1,Pellet,Left,0,0,339,0,Timed_out,1589,nan
3/12/2022 22:51:56,1.8.1,Free_feed,5,4.06,1,1,Pellet,Left,0,0,340,0,Timed_out,171,nan
3/12/2022 22:52:13,1.8.1,Free_feed,5,4.07,1,1,Pellet,Left,0,0,341,0,10.98,17,nan
3/12/2022 22:52:29,1.8.1,Free_feed,5,4.07,1,1,Pellet,Left,0,0,342,0,8.70,16,nan
3/12/2022 22:52:48,1.8.1,Free_feed,5,4.07,1,1,Pellet,Left,0,0,343,0,17.19,19,nan
3/12/2022 22:53:03,1.8.1,Free_feed,5,4.07,1,1,Pellet,Left,0,0,344,0,8.27,15,nan
3/12/2022 23:19:56,1.8.1,Free_feed,5,4.06,1,1,Pellet,Left,0,0,345,0,Timed_out,1613,nan
3/12/2022 23:20:15,1.8.1,Free_feed,5,4.06,2,1,Pellet,Left,0,0,346,0,9.44,19,nan
3/12/2022 23:20:33,1.8.1,Free_feed,5,4.06,1,1,Pellet,Left,0,0,347,0,16.26,17,nan
3/12/2022 23:20:53,1.8.1,Free_feed,5,4.06,2,1,Pellet,Left,0,0,348,0,18.66,21,nan
3/12/2022 23:20:54,1.8.1,Free_feed,5,4.06,1,1,Pellet,Left,0,0,349,0,0.06,1,nan
3/12/2022 23:21:18,1.8.1,Free_feed,5,4.06,1,1,Pellet,Left,0,0,350,0,18.17,24,nan
3/12/2022 23:21:38,1.8.1,Free_feed,5,4.06,2,1,Pellet,Left,0,0,351,0,13.68,20,nan
3/12/2022 23:40:32,1.8.1,Free_feed,5,4.06,2,1,Pellet,Left,0,0,352,0,Timed_out,1134,nan
3/12/2022 23:48:38,1.8.1,Free_feed,5,4.07,1,1,Pellet,Left,0,0,353,0,Timed_out,486,nan
3/12/2022 23:48:40,1.8.1,Free_feed,5,4.06,2,1,Pellet,Left,0,0,354,0,0.12,2,nan
3/12/2022 23:48:59,1.8.1,Free_feed,5,4.06,1,1,Pellet,Left,0,0,355,0,12.27,19,nan
3/12/2022 23:49:15,1.8.1,Free_feed,5,4.06,2,1,Pellet,Left,0,0,356,0,7.11,16,nan
3/12/2022 23:49:33,1.8.1,Free_feed,5,4.06,1,1,Pellet,Left,0,0,357,0,11.84,18,nan
3/13/2022 0:15:27,1.8.1,Free_feed,5,4.06,1,1,Pellet,Left,0,0,358,0,Timed_out,1554,nan
3/13/2022 0:15:39,1.8.1,Free_feed,5,4.06,1,1,Pellet,Left,0,0,359,0,5.69,12,nan
3/13/2022 0:16:00,1.8.1,Free_feed,5,4.06,1,1,Pellet,Left,0,0,360,0,14.41,21,nan
3/13/2022 0:16:14,1.8.1,Free_feed,5,4.06,1,1,Pellet,Left,0,0,361,0,6.80,13,nan
3/13/2022 0:16:31,1.8.1,Free_feed,5,4.06,1,1,Pellet,Left,0,0,362,0,15.89,18,nan
3/13/2022 0:16:50,1.8.1,Free_feed,5,4.07,2,1,Pellet,Left,0,0,363,0,15.83,19,nan
3/13/2022 0:17:08,1.8.1,Free_feed,5,4.06,1,1,Pellet,Left,0,0,364,0,11.10,18,nan
3/13/2022 0:29:51,1.8.1,Free_feed,5,4.05,1,1,Pellet,Left,0,0,365,0,Timed_out,763,nan
3/13/2022 0:30:08,1.8.1,Free_feed,5,4.07,1,1,Pellet,Left,0,0,366,0,9.93,17,nan
3/13/2022 0:30:24,1.8.1,Free_feed,5,4.06,2,1,Pellet,Left,0,0,367,0,7.35,16,nan
3/13/2022 0:30:46,1.8.1,Free_feed,5,4.07,1,1,Pellet,Left,0,0,368,0,15.58,22,nan
3/13/2022 0:31:04,1.8.1,Free_feed,5,4.06,3,1,Pellet,Left,0,0,369,0,6.86,18,nan
3/13/2022 1:16:00,1.8.1,Free_feed,5,4.06,1,1,Pellet,Left,0,0,370,0,Timed_out,2696,nan
3/13/2022 1:16:14,1.8.1,Free_feed,5,4.05,1,1,Pellet,Left,0,0,371,0,7.04,14,nan
3/13/2022 1:16:17,1.8.1,Free_feed,5,4.06,1,1,Pellet,Left,0,0,372,0,0.73,3,nan
3/13/2022 1:16:30,1.8.1,Free_feed,5,4.06,3,1,Pellet,Left,0,0,373,0,2.26,13,nan
3/13/2022 1:16:48,1.8.1,Free_feed,5,4.05,1,1,Pellet,Left,0,0,374,0,10.97,18,nan
3/13/2022 1:17:05,1.8.1,Free_feed,5,4.06,1,1,Pellet,Left,0,0,375,0,10.48,17,nan
3/13/2022 1:17:36,1.8.1,Free_feed,5,4.06,1,1,Pellet,Left,0,0,376,0,24.00,31,nan
3/13/2022 1:39:54,1.8.1,Free_feed,5,4.05,1,1,Pellet,Left,0,0,377,0,Timed_out,1338,nan
3/13/2022 1:40:08,1.8.1,Free_feed,5,4.05,1,1,Pellet,Left,0,0,378,0,7.72,14,nan
3/13/2022 1:40:22,1.8.1,Free_feed,5,4.06,1,1,Pellet,Left,0,0,379,0,8.39,14,nan
3/13/2022 2:10:47,1.8.1,Free_feed,5,4.06,2,1,Pellet,Left,0,0,380,0,Timed_out,1825,nan
3/13/2022 2:11:07,1.8.1,Free_feed,5,4.06,2,1,Pellet,Left,0,0,381,0,11.34,19,nan
3/13/2022 2:11:09,1.8.1,Free_feed,5,4.06,1,1,Pellet,Left,0,0,382,0,0.12,3,nan
3/13/2022 2:11:28,1.8.1,Free_feed,5,4.05,6,1,Pellet,Left,0,0,383,0,2.01,19,nan
3/13/2022 2:11:41,1.8.1,Free_feed,5,4.06,2,1,Pellet,Left,0,0,384,0,6.25,13,nan
3/13/2022 2:12:00,1.8.1,Free_feed,5,4.06,2,1,Pellet,Left,0,0,385,0,12.87,19,nan
3/13/2022 2:28:40,1.8.1,Free_feed,5,4.06,2,1,Pellet,Left,0,0,386,0,Timed_out,1000,nan
3/13/2022 2:28:57,1.8.1,Free_feed,5,4.05,2,1,Pellet,Left,0,0,387,0,11.04,17,nan
3/13/2022 2:29:11,1.8.1,Free_feed,5,4.06,1,1,Pellet,Left,0,0,388,0,6.99,14,nan
3/13/2022 2:29:26,1.8.1,Free_feed,5,4.06,1,1,Pellet,Left,0,0,389,0,8.09,15,nan
3/13/2022 2:29:46,1.8.1,Free_feed,5,4.05,2,1,Pellet,Left,0,0,390,0,17.99,20,nan
3/13/2022 2:30:06,1.8.1,Free_feed,5,4.06,2,1,Pellet,Left,0,0,391,0,17.37,20,nan
3/13/2022 2:30:24,1.8.1,Free_feed,5,4.06,1,1,Pellet,Left,0,0,392,0,11.65,18,nan
3/13/2022 2:58:06,1.8.1,Free_feed,5,4.05,1,1,Pellet,Left,0,0,393,0,Timed_out,1662,nan
3/13/2022 2:58:24,1.8.1,Free_feed,5,4.05,1,1,Pellet,Left,0,0,394,0,10.36,18,nan
3/13/2022 2:58:36,1.8.1,Free_feed,5,4.06,1,1,Pellet,Left,0,0,395,0,6.12,12,nan
3/13/2022 2:58:49,1.8.1,Free_feed,5,4.05,2,1,Pellet,Left,0,0,396,0,3.49,13,nan
3/13/2022 2:59:09,1.8.1,Free_feed,5,4.05,1,1,Pellet,Left,0,0,397,0,14.11,20,nan
3/13/2022 2:59:11,1.8.1,Free_feed,5,4.05,1,1,Pellet,Left,0,0,398,0,0.18,2,nan
3/13/2022 2:59:30,1.8.1,Free_feed,5,4.06,2,1,Pellet,Left,0,0,399,0,10.61,19,nan
3/13/2022 2:59:32,1.8.1,Free_feed,5,4.05,1,1,Pellet,Left,0,0,400,0,0.06,2,nan
3/13/2022 2:59:34,1.8.1,Free_feed,5,4.06,1,1,Pellet,Left,0,0,401,0,0.12,2,nan
3/13/2022 2:59:50,1.8.1,Free_feed,5,4.06,1,1,Pellet,Left,0,0,402,0,9.31,16,nan
3/13/2022 2:59:51,1.8.1,Free_feed,5,4.05,1,1,Pellet,Left,0,0,403,0,0.06,1,nan
3/13/2022 3:00:11,1.8.1,Free_feed,5,4.06,2,1,Pellet,Left,0,0,404,0,11.77,20,nan
3/13/2022 3:54:45,1.8.1,Free_feed,5,4.05,8,1,Pellet,Left,0,0,405,0,Timed_out,3274,nan
3/13/2022 3:54:58,1.8.1,Free_feed,5,4.06,3,1,Pellet,Left,0,0,406,0,4.10,13,nan
3/13/2022 3:55:10,1.8.1,Free_feed,5,4.06,1,1,Pellet,Left,0,0,407,0,5.94,12,nan
3/13/2022 3:55:27,1.8.1,Free_feed,5,4.05,2,1,Pellet,Left,0,0,408,0,14.35,16,nan
3/13/2022 4:27:24,1.8.1,Free_feed,5,4.03,1,1,Pellet,Left,0,0,409,0,Timed_out,1917,nan
3/13/2022 4:27:39,1.8.1,Free_feed,5,4.03,2,1,Pellet,Left,0,0,410,0,11.77,16,nan
3/13/2022 4:27:42,1.8.1,Free_feed,5,4.03,1,1,Pellet,Left,0,0,411,0,0.06,3,nan
3/13/2022 4:28:00,1.8.1,Free_feed,5,4.03,1,1,Pellet,Left,0,0,412,0,11.09,18,nan
3/13/2022 4:28:20,1.8.1,Free_feed,5,4.05,7,1,Pellet,Left,0,0,413,0,2.01,20,nan
3/13/2022 4:28:21,1.8.1,Free_feed,5,4.05,1,1,Pellet,Left,0,0,414,0,0.06,1,nan
3/13/2022 4:28:36,1.8.1,Free_feed,5,4.05,2,1,Pellet,Left,0,0,415,0,7.04,15,nan
3/13/2022 4:28:37,1.8.1,Free_feed,5,4.05,1,1,Pellet,Left,0,0,416,0,0.06,1,nan
3/13/2022 4:29:00,1.8.1,Free_feed,5,4.05,2,1,Pellet,Left,0,0,417,0,16.44,23,nan
3/13/2022 4:29:19,1.8.1,Free_feed,5,4.05,1,1,Pellet,Left,0,0,418,0,12.75,19,nan
3/13/2022 6:59:40,1.8.1,Free_feed,5,4.05,2,1,Pellet,Left,0,0,419,0,Timed_out,9021,nan
3/13/2022 7:01:10,1.8.1,Free_feed,5,4.05,2,1,Pellet,Left,0,0,420,0,Timed_out,90,nan
3/13/2022 7:01:31,1.8.1,Free_feed,5,4.05,1,1,Pellet,Left,0,0,421,0,19.02,21,nan
3/13/2022 7:01:33,1.8.1,Free_feed,5,4.05,1,1,Pellet,Left,0,0,422,0,0.06,1,nan
3/13/2022 7:01:48,1.8.1,Free_feed,5,4.05,2,1,Pellet,Left,0,0,423,0,9.07,16,nan
3/13/2022 7:02:07,1.8.1,Free_feed,5,4.05,1,1,Pellet,Left,0,0,424,0,11.52,19,nan
3/13/2022 7:02:31,1.8.1,Free_feed,5,4.05,2,1,Pellet,Left,0,0,425,0,21.55,24,nan
3/13/2022 7:02:32,1.8.1,Free_feed,5,4.05,1,1,Pellet,Left,0,0,426,0,0.06,1,nan
3/13/2022 7:02:53,1.8.1,Free_feed,5,4.05,1,1,Pellet,Left,0,0,427,0,13.86,21,nan
3/13/2022 7:02:55,1.8.1,Free_feed,5,4.04,1,1,Pellet,Left,0,0,428,0,0.06,2,nan
3/13/2022 7:03:12,1.8.1,Free_feed,5,4.05,1,1,Pellet,Left,0,0,429,0,9.93,17,nan
3/13/2022 7:20:22,1.8.1,Free_feed,5,4.05,1,1,Pellet,Left,0,0,430,0,Timed_out,1030,nan
3/13/2022 7:27:06,1.8.1,Free_feed,5,4.05,1,1,Pellet,Left,0,0,431,0,Timed_out,404,nan
3/13/2022 7:27:28,1.8.1,Free_feed,5,4.05,2,1,Pellet,Left,0,0,432,0,14.22,22,nan
3/13/2022 7:28:42,1.8.1,Free_feed,5,4.05,3,1,Pellet,Left,0,0,433,0,Timed_out,74,nan
3/13/2022 7:28:50,1.8.1,Free_feed,5,4.05,2,1,Pellet,Left,0,0,434,0,1.40,8,nan
3/13/2022 7:28:51,1.8.1,Free_feed,5,4.05,1,1,Pellet,Left,0,0,435,0,0.24,1,nan
3/13/2022 7:29:13,1.8.1,Free_feed,5,4.05,3,1,Pellet,Left,0,0,436,0,18.05,22,nan
3/13/2022 9:23:42,1.8.1,Free_feed,5,4.05,1,1,Pellet,Left,0,0,437,0,Timed_out,6869,nan
3/13/2022 9:24:10,1.8.1,Free_feed,5,4.05,2,1,Pellet,Left,0,0,438,0,24.82,28,nan
3/13/2022 9:24:29,1.8.1,Free_feed,5,4.05,2,1,Pellet,Left,0,0,439,0,12.26,19,nan
3/13/2022 9:24:30,1.8.1,Free_feed,5,4.05,1,1,Pellet,Left,0,0,440,0,0.06,1,nan
3/13/2022 9:24:48,1.8.1,Free_feed,5,4.05,2,1,Pellet,Left,0,0,441,0,11.15,18,nan
3/13/2022 9:25:06,1.8.1,Free_feed,5,4.05,2,1,Pellet,Left,0,0,442,0,16.25,18,nan
3/13/2022 9:25:31,1.8.1,Free_feed,5,4.05,2,1,Pellet,Left,0,0,443,0,18.54,25,nan
3/13/2022 9:30:06,1.8.1,Free_feed,5,4.05,1,1,Pellet,Left,0,0,444,0,Timed_out,275,nan
3/13/2022 9:30:22,1.8.1,Free_feed,5,4.05,2,1,Pellet,Left,0,0,445,0,6.92,16,nan
3/13/2022 9:30:38,1.8.1,Free_feed,5,4.05,4,1,Pellet,Left,0,0,446,0,2.93,16,nan
3/13/2022 9:30:58,1.8.1,Free_feed,5,4.05,1,1,Pellet,Left,0,0,447,0,13.74,20,nan
3/13/2022 9:31:19,1.8.1,Free_feed,5,4.05,1,1,Pellet,Left,0,0,448,0,14.28,21,nan
3/13/2022 9:31:40,1.8.1,Free_feed,5,4.05,2,1,Pellet,Left,0,0,449,0,11.77,20,nan
3/13/2022 9:31:57,1.8.1,Free_feed,5,4.05,2,1,Pellet,Left,0,0,450,0,8.76,18,nan
3/13/2022 9:31:58,1.8.1,Free_feed,5,4.05,1,1,Pellet,Left,0,0,451,0,0.06,1,nan
3/13/2022 11:33:13,1.8.1,Free_feed,5,4.04,1,1,Pellet,Left,0,0,452,0,Timed_out,7275,nan
3/13/2022 11:33:32,1.8.1,Free_feed,5,4.03,1,1,Pellet,Left,0,0,453,0,16.25,19,nan
3/13/2022 11:33:49,1.8.1,Free_feed,5,4.04,2,1,Pellet,Left,0,0,454,0,8.03,17,nan
3/13/2022 11:34:04,1.8.1,Free_feed,5,4.04,2,1,Pellet,Left,0,0,455,0,8.08,15,nan
3/13/2022 11:34:26,1.8.1,Free_feed,5,4.04,4,1,Pellet,Left,0,0,456,0,9.74,21,nan
3/13/2022 11:34:27,1.8.1,Free_feed,5,4.03,1,1,Pellet,Left,0,0,457,0,0.24,2,nan
3/13/2022 11:34:44,1.8.1,Free_feed,5,4.04,2,1,Pellet,Left,0,0,458,0,10.78,17,nan
3/13/2022 11:34:47,1.8.1,Free_feed,5,4.03,1,1,Pellet,Left,0,0,459,0,0.54,2,nan
3/13/2022 11:35:02,1.8.1,Free_feed,5,4.03,2,1,Pellet,Left,0,0,460,0,8.94,16,nan
3/13/2022 11:35:21,1.8.1,Free_feed,5,4.04,1,1,Pellet,Left,0,0,461,0,11.95,19,nan
3/13/2022 11:35:23,1.8.1,Free_feed,5,4.03,1,1,Pellet,Left,0,0,462,0,0.06,2,nan
3/13/2022 11:35:41,1.8.1,Free_feed,5,4.04,1,1,Pellet,Left,0,0,463,0,12.02,18,nan
3/13/2022 13:43:35,1.8.1,Free_feed,5,4.03,1,1,Pellet,Left,0,0,464,0,Timed_out,7674,nan
3/13/2022 13:43:37,1.8.1,Free_feed,5,4.03,1,1,Pellet,Left,0,0,465,0,0.12,2,nan
3/13/2022 13:48:48,1.8.1,Free_feed,5,4.03,1,1,Pellet,Left,0,0,466,0,Timed_out,311,nan
3/13/2022 13:49:08,1.8.1,Free_feed,5,4.01,1,1,Pellet,Left,0,0,467,0,13.86,20,nan
3/13/2022 13:49:29,1.8.1,Free_feed,5,3.98,2,1,Pellet,Left,0,0,468,0,12.26,21,nan
3/13/2022 13:50:02,1.8.1,Free_feed,5,4.00,2,1,Pellet,Left,0,0,469,0,24.02,33,nan
3/13/2022 13:50:27,1.8.1,Free_feed,5,3.99,1,1,Pellet,Left,0,0,470,0,18.05,25,nan
3/13/2022 15:55:02,1.8.1,Free_feed,5,4.01,1,1,Pellet,Left,0,0,471,0,Timed_out,7475,nan
3/13/2022 15:55:28,1.8.1,Free_feed,5,4.01,1,1,Pellet,Left,0,0,472,0,19.40,26,nan
3/13/2022 15:55:42,1.8.1,Free_feed,5,4.01,1,1,Pellet,Left,0,0,473,0,7.11,14,nan
3/13/2022 15:56:03,1.8.1,Free_feed,5,4.02,1,1,Pellet,Left,0,0,474,0,13.74,21,nan
3/13/2022 15:56:22,1.8.1,Free_feed,5,4.02,2,1,Pellet,Left,0,0,475,0,11.28,19,nan
3/13/2022 15:56:24,1.8.1,Free_feed,5,4.02,1,1,Pellet,Left,0,0,476,0,0.61,2,nan
3/13/2022 15:56:47,1.8.1,Free_feed,5,4.02,1,1,Pellet,Left,0,0,477,0,16.88,23,nan
3/13/2022 16:14:25,1.8.1,Free_feed,5,4.03,1,1,Pellet,Left,0,0,478,0,Timed_out,1058,nan
3/13/2022 16:14:44,1.8.1,Free_feed,5,4.03,1,1,Pellet,Left,0,0,479,0,11.52,19,nan
3/13/2022 16:14:47,1.8.1,Free_feed,5,4.04,1,1,Pellet,Left,0,0,480,0,0.06,3,nan
3/13/2022 16:14:50,1.8.1,Free_feed,5,4.03,1,1,Pellet,Left,0,0,481,0,0.06,3,nan
3/13/2022 16:14:53,1.8.1,Free_feed,5,4.03,1,1,Pellet,Left,0,0,482,0,0.06,3,nan
3/13/2022 16:15:50,1.8.1,Free_feed,5,4.03,1,1,Pellet,Left,0,0,483,0,50.30,57,nan
3/13/2022 16:16:27,1.8.1,Free_feed,5,4.03,2,1,Pellet,Left,0,0,484,0,32.57,37,nan
3/13/2022 16:29:51,1.8.1,Free_feed,5,4.03,2,1,Pellet,Left,0,0,485,0,Timed_out,804,nan
3/13/2022 16:30:03,1.8.1,Free_feed,5,4.03,1,1,Pellet,Left,0,0,486,0,4.65,12,nan
3/13/2022 16:30:21,1.8.1,Free_feed,5,4.04,1,1,Pellet,Left,0,0,487,0,11.34,18,nan
3/13/2022 16:30:48,1.8.1,Free_feed,5,4.04,1,1,Pellet,Left,0,0,488,0,25.74,27,nan
3/13/2022 16:31:04,1.8.1,Free_feed,5,4.03,2,1,Pellet,Left,0,0,489,0,7.72,16,nan
3/13/2022 16:31:24,1.8.1,Free_feed,5,4.03,1,1,Pellet,Left,0,0,490,0,13.92,20,nan
3/13/2022 18:22:10,1.8.1,Free_feed,5,4.03,4,1,Pellet,Left,0,0,491,0,Timed_out,6646,nan
3/13/2022 18:22:40,1.8.1,Free_feed,5,4.03,2,1,Pellet,Left,0,0,492,0,22.78,30,nan
3/13/2022 18:23:01,1.8.1,Free_feed,5,4.03,2,1,Pellet,Left,0,0,493,0,18.11,21,nan
3/13/2022 18:25:17,1.8.1,Free_feed,5,4.03,2,1,Pellet,Left,0,0,494,0,Timed_out,136,nan
3/13/2022 18:44:00,1.8.1,Free_feed,5,4.03,2,1,Pellet,Left,0,0,495,0,Timed_out,1123,nan
3/13/2022 18:44:20,1.8.1,Free_feed,5,4.03,2,1,Pellet,Left,0,0,496,0,11.16,20,nan
3/13/2022 18:44:44,1.8.1,Free_feed,5,4.03,2,1,Pellet,Left,0,0,497,0,17.18,24,nan
3/13/2022 18:48:23,1.8.1,Free_feed,5,4.03,2,1,Pellet,Left,0,0,498,0,Timed_out,219,nan
3/13/2022 18:48:35,1.8.1,Free_feed,5,4.03,3,1,Pellet,Left,0,0,499,0,2.14,11,nan
3/13/2022 19:16:18,1.8.1,Free_feed,5,4.03,1,1,Pellet,Left,0,0,500,0,Timed_out,1664,nan
3/13/2022 20:06:59,1.8.1,Free_feed,5,4.03,1,1,Pellet,Left,0,0,501,0,Timed_out,3041,nan
3/13/2022 20:07:24,1.8.1,Free_feed,5,4.03,2,1,Pellet,Left,0,0,502,0,18.35,25,nan
3/13/2022 20:07:45,1.8.1,Free_feed,5,4.03,2,1,Pellet,Left,0,0,503,0,15.16,21,nan
3/13/2022 20:08:13,1.8.1,Free_feed,5,4.03,2,1,Pellet,Left,0,0,504,0,25.06,28,nan
3/13/2022 20:08:30,1.8.1,Free_feed,5,4.03,2,1,Pellet,Left,0,0,505,0,14.23,17,nan
3/13/2022 20:08:32,1.8.1,Free_feed,5,4.03,2,1,Pellet,Left,0,0,506,0,0.18,2,nan
3/13/2022 21:03:56,1.8.1,Free_feed,5,4.03,1,1,Pellet,Left,0,0,507,0,Timed_out,3324,nan
3/13/2022 21:03:57,1.8.1,Free_feed,5,4.03,1,1,Pellet,Left,0,0,508,0,0.06,1,nan
3/13/2022 21:04:06,1.8.1,Free_feed,5,4.03,1,1,Pellet,Left,0,0,509,0,3.36,9,nan
3/13/2022 21:04:27,1.8.1,Free_feed,5,4.03,2,1,Pellet,Left,0,0,510,0,12.26,21,nan
3/13/2022 21:04:35,1.8.1,Free_feed,5,4.03,1,1,Pellet,Left,0,0,511,0,1.15,8,nan
3/13/2022 21:04:58,1.8.1,Free_feed,5,4.03,1,1,Pellet,Left,0,0,512,0,15.45,23,nan
3/13/2022 21:05:20,1.8.1,Free_feed,5,4.03,1,1,Pellet,Left,0,0,513,0,15.96,22,nan
3/13/2022 21:05:37,1.8.1,Free_feed,5,4.03,1,1,Pellet,Left,0,0,514,0,9.68,17,nan
3/13/2022 21:36:00,1.8.1,Free_feed,5,4.02,1,1,Pellet,Left,0,0,515,0,Timed_out,1823,nan
3/13/2022 21:36:16,1.8.1,Free_feed,5,4.02,1,1,Pellet,Left,0,0,516,0,9.26,16,nan
3/13/2022 21:36:33,1.8.1,Free_feed,5,4.03,1,1,Pellet,Left,0,0,517,0,10.55,17,nan
3/13/2022 21:36:52,1.8.1,Free_feed,5,4.03,2,1,Pellet,Left,0,0,518,0,10.67,19,nan
3/13/2022 21:37:09,1.8.1,Free_feed,5,4.03,1,1,Pellet,Left,0,0,519,0,10.91,17,nan
3/13/2022 21:37:25,1.8.1,Free_feed,5,4.02,1,1,Pellet,Left,0,0,520,0,8.70,16,nan
3/13/2022 21:37:47,1.8.1,Free_feed,5,4.03,1,1,Pellet,Left,0,0,521,0,20.69,22,nan
3/13/2022 21:37:56,1.8.1,Free_feed,5,4.03,3,1,Pellet,Left,0,0,522,0,0.06,9,nan
3/13/2022 21:38:09,1.8.1,Free_feed,5,4.03,1,1,Pellet,Left,0,0,523,0,6.37,13,nan
3/13/2022 22:05:43,1.8.1,Free_feed,5,4.03,2,1,Pellet,Left,0,0,524,0,Timed_out,1654,nan
3/13/2022 22:06:10,1.8.1,Free_feed,5,4.03,1,1,Pellet,Left,0,0,525,0,25.94,27,nan
3/13/2022 22:06:32,1.8.1,Free_feed,5,4.03,1,1,Pellet,Left,0,0,526,0,15.90,22,nan
3/13/2022 22:21:21,1.8.1,Free_feed,5,4.02,1,1,Pellet,Left,0,0,527,0,Timed_out,889,nan
3/13/2022 22:21:43,1.8.1,Free_feed,5,4.03,2,1,Pellet,Left,0,0,528,0,13.75,22,nan
3/13/2022 22:21:59,1.8.1,Free_feed,5,4.02,1,1,Pellet,Left,0,0,529,0,9.08,16,nan
3/13/2022 22:22:16,1.8.1,Free_feed,5,4.02,1,1,Pellet,Left,0,0,530,0,10.86,17,nan
3/13/2022 22:22:52,1.8.1,Free_feed,5,4.03,2,1,Pellet,Left,0,0,531,0,26.50,36,nan
3/13/2022 23:31:42,1.8.1,Free_feed,5,4.03,2,1,Pellet,Left,0,0,532,0,Timed_out,4130,nan
3/13/2022 23:31:54,1.8.1,Free_feed,5,4.02,1,1,Pellet,Left,0,0,533,0,5.63,12,nan
3/13/2022 23:32:11,1.8.1,Free_feed,5,4.02,2,1,Pellet,Left,0,0,534,0,8.58,17,nan
3/13/2022 23:32:29,1.8.1,Free_feed,5,4.03,6,1,Pellet,Left,0,0,535,0,0.06,18,nan
3/13/2022 23:32:44,1.8.1,Free_feed,5,4.02,2,1,Pellet,Left,0,0,536,0,9.51,15,nan
3/13/2022 23:33:01,1.8.1,Free_feed,5,4.02,1,1,Pellet,Left,0,0,537,0,14.98,17,nan
3/13/2022 23:33:21,1.8.1,Free_feed,5,4.03,1,1,Pellet,Left,0,0,538,0,13.07,20,nan
3/13/2022 23:33:36,1.8.1,Free_feed,5,4.03,2,1,Pellet,Left,0,0,539,0,6.07,15,nan
3/13/2022 23:33:53,1.8.1,Free_feed,5,4.02,1,1,Pellet,Left,0,0,540,0,10.61,17,nan
3/14/2022 0:15:50,1.8.1,Free_feed,5,4.02,2,1,Pellet,Left,0,0,541,0,Timed_out,2517,nan
3/14/2022 0:16:08,1.8.1,Free_feed,5,4.03,1,1,Pellet,Left,0,0,542,0,12.26,18,nan
3/14/2022 0:16:22,1.8.1,Free_feed,5,4.02,1,1,Pellet,Left,0,0,543,0,7.23,14,nan
3/14/2022 0:16:40,1.8.1,Free_feed,5,4.02,1,1,Pellet,Left,0,0,544,0,11.22,18,nan
3/14/2022 0:16:42,1.8.1,Free_feed,5,4.02,1,1,Pellet,Left,0,0,545,0,0.12,2,nan
3/14/2022 0:16:59,1.8.1,Free_feed,5,4.02,1,1,Pellet,Left,0,0,546,0,9.56,17,nan
3/14/2022 0:17:40,1.8.1,Free_feed,5,4.02,2,1,Pellet,Left,0,0,547,0,37.99,41,nan
3/14/2022 1:10:41,1.8.1,Free_feed,5,4.03,2,1,Pellet,Left,0,0,548,0,Timed_out,3181,nan
3/14/2022 1:11:15,1.8.1,Free_feed,5,4.02,3,1,Pellet,Left,0,0,549,0,29.67,33,nan
3/14/2022 1:11:35,1.8.1,Free_feed,5,4.02,1,1,Pellet,Left,0,0,550,0,13.85,21,nan
3/14/2022 1:11:53,1.8.1,Free_feed,5,4.02,5,1,Pellet,Left,0,0,551,0,5.14,18,nan
3/14/2022 1:11:54,1.8.1,Free_feed,5,4.02,1,1,Pellet,Left,0,0,552,0,0.12,1,nan
3/14/2022 1:12:14,1.8.1,Free_feed,5,4.02,2,1,Pellet,Left,0,0,553,0,12.82,20,nan
3/14/2022 1:12:31,1.8.1,Free_feed,5,4.02,2,1,Pellet,Left,0,0,554,0,9.93,17,nan
3/14/2022 1:12:45,1.8.1,Free_feed,5,4.02,1,1,Pellet,Left,0,0,555,0,7.23,14,nan
3/14/2022 1:12:52,1.8.1,Free_feed,5,4.02,1,1,Pellet,Left,0,0,556,0,0.06,7,nan
3/14/2022 1:13:06,1.8.1,Free_feed,5,4.02,2,1,Pellet,Left,0,0,557,0,4.41,14,nan
3/14/2022 1:13:09,1.8.1,Free_feed,5,4.02,2,1,Pellet,Left,0,0,558,0,0.06,3,nan
3/14/2022 1:53:45,1.8.1,Free_feed,5,4.02,2,1,Pellet,Left,0,0,559,0,Timed_out,2436,nan
3/14/2022 1:53:54,1.8.1,Free_feed,5,4.02,1,1,Pellet,Left,0,0,560,0,1.89,9,nan
3/14/2022 1:54:08,1.8.1,Free_feed,5,4.02,1,1,Pellet,Left,0,0,561,0,7.47,14,nan
3/14/2022 1:54:23,1.8.1,Free_feed,5,4.02,1,1,Pellet,Left,0,0,562,0,8.95,15,nan
3/14/2022 1:54:40,1.8.1,Free_feed,5,4.02,2,1,Pellet,Left,0,0,563,0,7.47,17,nan
3/14/2022 1:54:57,1.8.1,Free_feed,5,4.02,1,1,Pellet,Left,0,0,564,0,10.24,17,nan
3/14/2022 1:55:12,1.8.1,Free_feed,5,4.02,2,1,Pellet,Left,0,0,565,0,6.98,15,nan
3/14/2022 1:55:29,1.8.1,Free_feed,5,4.02,2,1,Pellet,Left,0,0,566,0,8.09,17,nan
3/14/2022 2:29:01,1.8.1,Free_feed,5,4.02,2,1,Pellet,Left,0,0,567,0,Timed_out,2012,nan
3/14/2022 2:29:18,1.8.1,Free_feed,5,4.02,5,1,Pellet,Left,0,0,568,0,3.06,17,nan
3/14/2022 2:29:34,1.8.1,Free_feed,5,4.02,2,1,Pellet,Left,0,0,569,0,9.01,16,nan
3/14/2022 2:29:52,1.8.1,Free_feed,5,4.02,1,1,Pellet,Left,0,0,570,0,11.96,18,nan
3/14/2022 2:30:10,1.8.1,Free_feed,5,4.02,1,1,Pellet,Left,0,0,571,0,10.79,18,nan
3/14/2022 2:30:28,1.8.1,Free_feed,5,4.02,1,1,Pellet,Left,0,0,572,0,11.65,18,nan
3/14/2022 2:30:48,1.8.1,Free_feed,5,4.02,4,1,Pellet,Left,0,0,573,0,8.39,20,nan
3/14/2022 2:31:09,1.8.1,Free_feed,5,4.02,2,1,Pellet,Left,0,0,574,0,14.48,21,nan
3/14/2022 2:31:34,1.8.1,Free_feed,5,4.02,2,1,Pellet,Left,0,0,575,0,18.04,25,nan
3/14/2022 3:23:11,1.8.1,Free_feed,5,4.02,1,1,Pellet,Left,0,0,576,0,Timed_out,3097,nan
3/14/2022 3:23:27,1.8.1,Free_feed,5,4.02,3,1,Pellet,Left,0,0,577,0,5.51,16,nan
3/14/2022 3:23:38,1.8.1,Free_feed,5,4.02,1,1,Pellet,Left,0,0,578,0,4.41,11,nan
3/14/2022 3:23:56,1.8.1,Free_feed,5,4.02,2,1,Pellet,Left,0,0,579,0,8.89,18,nan
3/14/2022 3:24:22,1.8.1,Free_feed,5,4.02,1,1,Pellet,Left,0,0,580,0,19.09,26,nan
3/14/2022 3:24:51,1.8.1,Free_feed,5,4.02,1,1,Pellet,Left,0,0,581,0,22.66,29,nan
3/14/2022 4:22:21,1.8.1,Free_feed,5,4.02,1,1,Pellet,Left,0,0,582,0,Timed_out,3450,nan
3/14/2022 4:22:38,1.8.1,Free_feed,5,4.02,1,1,Pellet,Left,0,0,583,0,10.24,17,nan
3/14/2022 4:22:52,1.8.1,Free_feed,5,4.02,1,1,Pellet,Left,0,0,584,0,7.17,14,nan
3/14/2022 4:23:09,1.8.1,Free_feed,5,4.02,2,1,Pellet,Left,0,0,585,0,7.90,17,nan
3/14/2022 4:23:26,1.8.1,Free_feed,5,4.02,1,1,Pellet,Left,0,0,586,0,9.87,17,nan
3/14/2022 4:23:58,1.8.1,Free_feed,5,4.02,1,1,Pellet,Left,0,0,587,0,24.83,32,nan
3/14/2022 6:31:08,1.8.1,Free_feed,5,4.02,1,1,Pellet,Left,0,0,588,0,Timed_out,7630,nan
3/14/2022 6:31:39,1.8.1,Free_feed,5,4.02,1,1,Pellet,Left,0,0,589,0,23.28,31,nan
3/14/2022 6:32:46,1.8.1,Free_feed,5,4.01,1,1,Pellet,Left,0,0,590,0,Timed_out,67,nan
3/14/2022 6:51:42,1.8.1,Free_feed,5,4.01,1,1,Pellet,Left,0,0,591,0,Timed_out,1136,nan
3/14/2022 6:52:01,1.8.1,Free_feed,5,4.01,2,1,Pellet,Left,0,0,592,0,10.42,19,nan
3/14/2022 6:52:15,1.8.1,Free_feed,5,4.01,1,1,Pellet,Left,0,0,593,0,7.60,14,nan
3/14/2022 6:52:36,1.8.1,Free_feed,5,4.02,1,1,Pellet,Left,0,0,594,0,14.55,21,nan
3/14/2022 6:52:53,1.8.1,Free_feed,5,4.00,1,1,Pellet,Left,0,0,595,0,10.85,17,nan
3/14/2022 6:53:31,1.8.1,Free_feed,5,4.01,2,1,Pellet,Left,0,0,596,0,28.04,37,nan
3/14/2022 6:54:09,1.8.1,Free_feed,5,4.01,1,1,Pellet,Left,0,0,597,0,31.24,39,nan
3/14/2022 8:06:34,1.8.1,Free_feed,5,4.00,2,1,Pellet,Left,0,0,598,0,Timed_out,4345,nan
3/14/2022 8:06:56,1.8.1,Free_feed,5,4.00,1,1,Pellet,Left,0,0,599,0,15.10,22,nan
3/14/2022 8:07:25,1.8.1,Free_feed,5,4.01,1,1,Pellet,Left,0,0,600,0,21.86,29,nan
3/14/2022 8:23:55,1.8.1,Free_feed,5,4.00,1,1,Pellet,Left,0,0,601,0,Timed_out,990,nan
3/14/2022 8:27:00,1.8.1,Free_feed,5,4.01,6,1,Pellet,Left,0,0,602,0,Timed_out,185,nan
3/14/2022 8:27:23,1.8.1,Free_feed,5,4.01,4,1,Pellet,Left,0,0,603,0,9.93,23,nan
3/14/2022 8:27:44,1.8.1,Free_feed,5,4.01,1,1,Pellet,Left,0,0,604,0,19.77,21,nan
3/14/2022 8:28:33,1.8.1,Free_feed,5,4.02,1,1,Pellet,Left,0,0,605,0,41.88,49,nan
3/14/2022 8:28:59,1.8.1,Free_feed,5,4.01,1,1,Pellet,Left,0,0,606,0,19.04,26,nan
3/14/2022 11:01:41,1.8.1,Free_feed,5,4.00,2,1,Pellet,Left,0,0,607,0,Timed_out,9162,nan
3/14/2022 11:01:42,1.8.1,Free_feed,5,4.00,1,1,Pellet,Left,0,0,608,0,0.48,1,nan
3/14/2022 11:01:44,1.8.1,Free_feed,5,4.00,1,1,Pellet,Left,0,0,609,0,0.42,2,nan
3/14/2022 11:02:03,1.8.1,Free_feed,5,4.00,1,1,Pellet,Left,0,0,610,0,17.72,19,nan
3/14/2022 11:02:21,1.8.1,Free_feed,5,4.00,1,1,Pellet,Left,0,0,611,0,16.62,18,nan
3/14/2022 11:02:22,1.8.1,Free_feed,5,4.00,1,1,Pellet,Left,0,0,612,0,0.06,1,nan
3/14/2022 11:02:42,1.8.1,Free_feed,5,4.00,6,1,Pellet,Left,0,0,613,0,2.99,20,nan
3/14/2022 11:03:02,1.8.1,Free_feed,5,4.00,2,1,Pellet,Left,0,0,614,0,13.30,20,nan
3/14/2022 11:03:07,1.8.1,Free_feed,5,4.00,1,1,Pellet,Left,0,0,615,0,2.93,5,nan
3/14/2022 11:03:08,1.8.1,Free_feed,5,4.00,1,1,Pellet,Left,0,0,616,0,0.06,1,nan
3/14/2022 11:03:10,1.8.1,Free_feed,5,4.00,1,1,Pellet,Left,0,0,617,0,1.03,2,nan
3/14/2022 11:03:20,1.8.1,Free_feed,5,4.00,2,1,Pellet,Left,0,0,618,0,3.85,10,nan
3/14/2022 11:03:45,1.8.1,Free_feed,5,4.00,2,1,Pellet,Left,0,0,619,0,21.91,25,nan
3/14/2022 12:33:27,1.8.1,Free_feed,5,4.00,3,1,Pellet,Left,0,0,620,0,Timed_out,5382,nan
3/14/2022 12:33:28,1.8.1,Free_feed,5,4.00,1,1,Pellet,Left,0,0,621,0,0.79,1,nan
3/14/2022 12:33:58,1.8.1,Free_feed,5,4.00,2,1,Pellet,Left,0,0,622,0,22.66,30,nan
3/14/2022 12:34:18,1.8.1,Free_feed,5,4.00,2,1,Pellet,Left,0,0,623,0,12.82,20,nan
3/14/2022 12:53:31,1.8.1,Free_feed,5,4.00,2,1,Pellet,Left,0,0,624,0,Timed_out,1153,nan
3/14/2022 12:53:53,1.8.1,Free_feed,5,4.00,2,1,Pellet,Left,0,0,625,0,19.89,22,nan
3/14/2022 12:54:16,1.8.1,Free_feed,5,4.00,1,1,Pellet,Left,0,0,626,0,15.96,23,nan
3/14/2022 12:54:35,1.8.1,Free_feed,5,4.00,2,1,Pellet,Left,0,0,627,0,10.18,19,nan
3/14/2022 12:54:58,1.8.1,Free_feed,5,3.99,2,1,Pellet,Left,0,0,628,0,16.01,23,nan
3/14/2022 14:03:50,1.8.1,Free_feed,5,4.00,2,1,Pellet,Left,0,0,629,0,Timed_out,4132,nan
3/14/2022 14:04:08,1.8.1,Free_feed,5,3.99,2,1,Pellet,Left,0,0,630,0,10.42,18,nan
3/14/2022 14:04:26,1.8.1,Free_feed,5,4.00,1,1,Pellet,Left,0,0,631,0,16.50,17,nan
3/14/2022 14:06:19,1.8.1,Free_feed,5,3.99,1,1,Pellet,Left,0,0,632,0,Timed_out,114,nan
3/14/2022 14:06:35,1.8.1,Free_feed,5,3.99,2,1,Pellet,Left,0,0,633,0,9.01,16,nan
3/14/2022 14:25:14,1.8.1,Free_feed,5,3.99,1,1,Pellet,Left,0,0,634,0,Timed_out,1119,nan
3/14/2022 14:25:36,1.8.1,Free_feed,5,4.00,1,1,Pellet,Left,0,0,635,0,15.03,22,nan
3/14/2022 14:25:58,1.8.1,Free_feed,5,4.00,2,1,Pellet,Left,0,0,636,0,12.51,22,nan
3/14/2022 14:26:22,1.8.1,Free_feed,5,3.99,1,1,Pellet,Left,0,0,637,0,18.11,24,nan
3/14/2022 14:26:50,1.8.1,Free_feed,5,4.00,1,1,Pellet,Left,0,0,638,0,21.18,28,nan
3/14/2022 15:37:26,1.8.1,Free_feed,5,4.00,1,1,Pellet,Left,0,0,639,0,Timed_out,4236,nan
3/14/2022 15:37:48,1.8.1,Free_feed,5,3.99,7,1,Pellet,Left,0,0,640,0,3.85,22,nan
3/14/2022 15:38:13,1.8.1,Free_feed,5,3.99,6,1,Pellet,Left,0,0,641,0,13.31,25,nan
3/14/2022 15:39:14,1.8.1,Free_feed,5,3.99,3,1,Pellet,Left,0,0,642,0,50.93,61,nan
3/14/2022 16:54:23,1.8.1,Free_feed,5,3.98,1,1,Pellet,Left,0,0,643,0,Timed_out,4509,nan
3/14/2022 16:54:51,1.8.1,Free_feed,5,3.99,1,1,Pellet,Left,0,0,644,0,21.74,28,nan
3/14/2022 16:55:15,1.8.1,Free_feed,5,3.99,1,1,Pellet,Left,0,0,645,0,22.59,24,nan
3/14/2022 16:55:44,1.8.1,Free_feed,5,3.99,1,1,Pellet,Left,0,0,646,0,22.85,29,nan
3/14/2022 16:56:19,1.8.1,Free_feed,5,3.98,2,1,Pellet,Left,0,0,647,0,25.07,35,nan
3/14/2022 17:09:05,1.8.1,Free_feed,5,3.98,3,1,Pellet,Left,0,0,648,0,Timed_out,766,nan
3/14/2022 17:11:34,1.8.1,Free_feed,5,3.99,2,1,Pellet,Left,0,0,649,0,Timed_out,149,nan
3/14/2022 17:11:58,1.8.1,Free_feed,5,3.98,2,1,Pellet,Left,0,0,650,0,17.35,24,nan
3/14/2022 17:43:44,1.8.1,Free_feed,5,3.98,1,1,Pellet,Left,0,0,651,0,Timed_out,1906,nan
3/14/2022 17:44:02,1.8.1,Free_feed,5,3.98,2,1,Pellet,Left,0,0,652,0,10.91,18,nan
3/14/2022 17:44:22,1.8.1,Free_feed,5,3.99,1,1,Pellet,Left,0,0,653,0,12.69,20,nan
3/14/2022 17:44:43,1.8.1,Free_feed,5,3.99,1,1,Pellet,Left,0,0,654,0,15.64,21,nan
3/14/2022 17:45:03,1.8.1,Free_feed,5,3.99,1,1,Pellet,Left,0,0,655,0,13.18,20,nan
3/14/2022 17:45:24,1.8.1,Free_feed,5,3.98,2,1,Pellet,Left,0,0,656,0,12.57,21,nan
3/14/2022 19:05:48,1.8.1,Free_feed,5,3.98,1,1,Pellet,Left,0,0,657,0,Timed_out,4824,nan
3/14/2022 19:06:17,1.8.1,Free_feed,5,3.98,1,1,Pellet,Left,0,0,658,0,27.78,29,nan
3/14/2022 19:08:08,1.8.1,Free_feed,5,3.98,1,1,Pellet,Left,0,0,659,0,Timed_out,111,nan
3/14/2022 19:47:30,1.8.1,Free_feed,5,3.98,7,1,Pellet,Left,0,0,660,0,Timed_out,2362,nan
3/14/2022 19:48:15,1.8.1,Free_feed,5,3.98,3,1,Pellet,Left,0,0,661,0,35.90,45,nan
3/14/2022 19:48:52,1.8.1,Free_feed,5,3.98,2,1,Pellet,Left,0,0,662,0,30.30,37,nan
3/14/2022 19:49:05,1.8.1,Free_feed,5,3.98,1,1,Pellet,Left,0,0,663,0,7.11,13,nan
3/14/2022 19:49:23,1.8.1,Free_feed,5,3.98,1,1,Pellet,Left,0,0,664,0,10.48,18,nan
3/14/2022 19:49:47,1.8.1,Free_feed,5,3.98,1,1,Pellet,Left,0,0,665,0,17.49,24,nan
3/14/2022 19:50:11,1.8.1,Free_feed,5,3.98,2,1,Pellet,Left,0,0,666,0,15.22,24,nan
3/14/2022 19:50:27,1.8.1,Free_feed,5,3.98,2,1,Pellet,Left,0,0,667,0,9.25,16,nan
3/14/2022 20:12:35,1.8.1,Free_feed,5,3.98,2,1,Pellet,Left,0,0,668,0,Timed_out,1328,nan
3/14/2022 20:12:55,1.8.1,Free_feed,5,3.98,2,1,Pellet,Left,0,0,669,0,13.56,20,nan
3/14/2022 20:13:15,1.8.1,Free_feed,5,3.98,1,1,Pellet,Left,0,0,670,0,13.68,20,nan
3/14/2022 21:01:49,1.8.1,Free_feed,5,3.98,1,1,Pellet,Left,0,0,671,0,Timed_out,2914,nan
3/14/2022 21:02:58,1.8.1,Free_feed,5,3.98,2,1,Pellet,Left,0,0,672,0,Timed_out,69,nan
3/14/2022 21:03:05,1.8.1,Free_feed,5,3.98,1,1,Pellet,Left,0,0,673,0,0.06,7,nan
3/14/2022 21:03:22,1.8.1,Free_feed,5,3.98,2,1,Pellet,Left,0,0,674,0,8.58,17,nan
3/14/2022 21:03:41,1.8.1,Free_feed,5,3.98,1,1,Pellet,Left,0,0,675,0,12.51,19,nan
3/14/2022 21:04:52,1.8.1,Free_feed,5,3.98,1,1,Pellet,Left,0,0,676,0,Timed_out,71,nan
3/14/2022 21:15:26,1.8.1,Free_feed,5,3.97,1,1,Pellet,Left,0,0,677,0,Timed_out,634,nan
3/14/2022 21:33:33,1.8.1,Free_feed,5,3.98,2,1,Pellet,Left,0,0,678,0,Timed_out,1087,nan
3/14/2022 21:33:52,1.8.1,Free_feed,5,3.98,1,1,Pellet,Left,0,0,679,0,12.02,19,nan
3/14/2022 21:34:31,1.8.1,Free_feed,5,3.98,1,1,Pellet,Left,0,0,680,0,32.83,39,nan
3/14/2022 21:35:03,1.8.1,Free_feed,5,3.98,2,1,Pellet,Left,0,0,681,0,25.13,32,nan
3/14/2022 21:35:05,1.8.1,Free_feed,5,3.98,1,1,Pellet,Left,0,0,682,0,1.28,2,nan
3/14/2022 21:35:20,1.8.1,Free_feed,5,3.98,1,1,Pellet,Left,0,0,683,0,8.58,15,nan
3/14/2022 21:48:22,1.8.1,Free_feed,5,3.97,1,1,Pellet,Left,0,0,684,0,Timed_out,782,nan
3/14/2022 21:48:40,1.8.1,Free_feed,5,3.98,1,1,Pellet,Left,0,0,685,0,11.40,18,nan
3/14/2022 21:48:59,1.8.1,Free_feed,5,3.98,7,1,Pellet,Left,0,0,686,0,0.55,19,nan
3/14/2022 21:49:18,1.8.1,Free_feed,5,3.98,2,1,Pellet,Left,0,0,687,0,12.20,19,nan
3/14/2022 21:49:37,1.8.1,Free_feed,5,3.97,3,1,Pellet,Left,0,0,688,0,10.36,19,nan
3/14/2022 22:44:53,1.8.1,Free_feed,5,3.98,2,1,Pellet,Left,0,0,689,0,Timed_out,3316,nan
3/14/2022 22:44:59,1.8.1,Free_feed,5,3.98,1,1,Pellet,Left,0,0,690,0,0.67,6,nan
3/14/2022 22:45:16,1.8.1,Free_feed,5,3.98,1,1,Pellet,Left,0,0,691,0,10.67,17,nan
3/14/2022 22:45:32,1.8.1,Free_feed,5,3.97,2,1,Pellet,Left,0,0,692,0,7.78,16,nan
3/14/2022 22:45:48,1.8.1,Free_feed,5,3.98,1,1,Pellet,Left,0,0,693,0,9.44,16,nan
3/14/2022 22:46:05,1.8.1,Free_feed,5,3.97,3,1,Pellet,Left,0,0,694,0,6.19,17,nan
3/14/2022 22:46:28,1.8.1,Free_feed,5,3.97,1,1,Pellet,Left,0,0,695,0,15.77,23,nan
3/14/2022 22:46:48,1.8.1,Free_feed,5,3.98,1,1,Pellet,Left,0,0,696,0,14.24,20,nan
3/14/2022 22:47:12,1.8.1,Free_feed,5,3.97,2,1,Pellet,Left,0,0,697,0,16.51,24,nan
3/14/2022 23:28:21,1.8.1,Free_feed,5,3.97,1,1,Pellet,Left,0,0,698,0,Timed_out,2469,nan
3/14/2022 23:28:47,1.8.1,Free_feed,5,3.97,3,1,Pellet,Left,0,0,699,0,21.01,26,nan
3/14/2022 23:29:10,1.8.1,Free_feed,5,3.97,1,1,Pellet,Left,0,0,700,0,21.50,23,nan
3/14/2022 23:29:34,1.8.1,Free_feed,5,3.98,1,1,Pellet,Left,0,0,701,0,17.25,24,nan
3/14/2022 23:29:59,1.8.1,Free_feed,5,3.97,1,1,Pellet,Left,0,0,702,0,18.29,25,nan
3/14/2022 23:30:22,1.8.1,Free_feed,5,3.97,2,1,Pellet,Left,0,0,703,0,13.93,23,nan
3/15/2022 0:03:15,1.8.1,Free_feed,5,3.97,1,1,Pellet,Left,0,0,704,0,Timed_out,1973,nan
3/15/2022 0:03:32,1.8.1,Free_feed,5,3.97,1,1,Pellet,Left,0,0,705,0,10.85,17,nan
3/15/2022 0:03:49,1.8.1,Free_feed,5,3.96,1,1,Pellet,Left,0,0,706,0,9.50,17,nan
3/15/2022 0:04:11,1.8.1,Free_feed,5,3.96,1,1,Pellet,Left,0,0,707,0,15.58,22,nan
3/15/2022 0:04:29,1.8.1,Free_feed,5,3.97,2,1,Pellet,Left,0,0,708,0,11.34,18,nan
3/15/2022 0:04:49,1.8.1,Free_feed,5,3.97,1,1,Pellet,Left,0,0,709,0,13.31,20,nan
3/15/2022 0:05:08,1.8.1,Free_feed,5,3.97,2,1,Pellet,Left,0,0,710,0,10.91,19,nan
3/15/2022 0:05:10,1.8.1,Free_feed,5,3.96,1,1,Pellet,Left,0,0,711,0,0.06,2,nan
3/15/2022 0:05:27,1.8.1,Free_feed,5,3.96,2,1,Pellet,Left,0,0,712,0,9.62,17,nan
3/15/2022 0:05:31,1.8.1,Free_feed,5,3.97,1,1,Pellet,Left,0,0,713,0,2.50,4,nan
3/15/2022 0:05:51,1.8.1,Free_feed,5,3.96,2,1,Pellet,Left,0,0,714,0,18.41,20,nan
3/15/2022 1:10:18,1.8.1,Free_feed,5,3.96,2,1,Pellet,Left,0,0,715,0,Timed_out,3867,nan
3/15/2022 1:10:36,1.8.1,Free_feed,5,3.97,1,1,Pellet,Left,0,0,716,0,11.77,18,nan
3/15/2022 1:10:58,1.8.1,Free_feed,5,3.97,1,1,Pellet,Left,0,0,717,0,14.59,22,nan
3/15/2022 1:11:20,1.8.1,Free_feed,5,3.97,7,1,Pellet,Left,0,0,718,0,4.16,22,nan
3/15/2022 1:11:37,1.8.1,Free_feed,5,3.97,6,1,Pellet,Left,0,0,719,0,0.06,17,nan
3/15/2022 1:11:44,1.8.1,Free_feed,5,3.96,2,1,Pellet,Left,0,0,720,0,3.30,7,nan
3/15/2022 1:12:01,1.8.1,Free_feed,5,3.96,1,1,Pellet,Left,0,0,721,0,10.72,17,nan
3/15/2022 1:12:02,1.8.1,Free_feed,5,3.97,1,1,Pellet,Left,0,0,722,0,0.06,1,nan
3/15/2022 1:12:30,1.8.1,Free_feed,5,3.97,1,1,Pellet,Left,0,0,723,0,21.37,28,nan
3/15/2022 1:12:52,1.8.1,Free_feed,5,3.97,1,1,Pellet,Left,0,0,724,0,15.58,22,nan
3/15/2022 2:00:02,1.8.1,Free_feed,5,3.96,1,1,Pellet,Left,0,0,725,0,Timed_out,2830,nan
3/15/2022 2:00:16,1.8.1,Free_feed,5,3.96,2,1,Pellet,Left,0,0,726,0,11.10,14,nan
3/15/2022 2:00:40,1.8.1,Free_feed,5,3.97,3,1,Pellet,Left,0,0,727,0,14.85,24,nan
3/15/2022 2:00:58,1.8.1,Free_feed,5,3.97,2,1,Pellet,Left,0,0,728,0,10.79,18,nan
3/15/2022 2:01:18,1.8.1,Free_feed,5,3.96,2,1,Pellet,Left,0,0,729,0,12.63,20,nan
3/15/2022 3:16:55,1.8.1,Free_feed,5,3.96,2,1,Pellet,Left,0,0,730,0,Timed_out,4537,nan
3/15/2022 3:17:17,1.8.1,Free_feed,5,3.91,6,1,Pellet,Left,0,0,731,0,4.22,22,nan
3/15/2022 3:17:35,1.8.1,Free_feed,5,3.93,2,1,Pellet,Left,0,0,732,0,11.03,18,nan
3/15/2022 3:17:56,1.8.1,Free_feed,5,3.94,2,1,Pellet,Left,0,0,733,0,17.18,20,nan
3/15/2022 3:18:12,1.8.1,Free_feed,5,3.93,2,1,Pellet,Left,0,0,734,0,7.47,16,nan
3/15/2022 3:18:13,1.8.1,Free_feed,5,3.94,1,1,Pellet,Left,0,0,735,0,0.06,2,nan
3/15/2022 3:18:32,1.8.1,Free_feed,5,3.93,1,1,Pellet,Left,0,0,736,0,13.07,19,nan
3/15/2022 3:18:38,1.8.1,Free_feed,5,3.94,1,1,Pellet,Left,0,0,737,0,0.12,6,nan
3/15/2022 3:18:51,1.8.1,Free_feed,5,3.94,1,1,Pellet,Left,0,0,738,0,5.88,13,nan
3/15/2022 3:19:14,1.8.1,Free_feed,5,3.93,1,1,Pellet,Left,0,0,739,0,21.80,23,nan
3/15/2022 4:35:14,1.8.1,Free_feed,5,3.92,6,1,Pellet,Left,0,0,740,0,Timed_out,4560,nan
3/15/2022 4:35:39,1.8.1,Free_feed,5,3.90,2,1,Pellet,Left,0,0,741,0,17.93,25,nan
3/15/2022 4:35:56,1.8.1,Free_feed,5,3.90,1,1,Pellet,Left,0,0,742,0,9.87,17,nan
3/15/2022 4:36:13,1.8.1,Free_feed,5,3.89,2,1,Pellet,Left,0,0,743,0,7.97,17,nan
3/15/2022 4:36:32,1.8.1,Free_feed,5,3.89,1,1,Pellet,Left,0,0,744,0,12.08,19,nan
3/15/2022 4:36:52,1.8.1,Free_feed,5,3.89,1,1,Pellet,Left,0,0,745,0,13.13,20,nan
3/15/2022 4:37:10,1.8.1,Free_feed,5,3.89,1,1,Pellet,Left,0,0,746,0,10.80,18,nan
3/15/2022 4:37:31,1.8.1,Free_feed,5,3.93,2,1,Pellet,Left,0,0,747,0,12.27,21,nan
3/15/2022 4:37:53,1.8.1,Free_feed,5,3.93,1,1,Pellet,Left,0,0,748,0,15.52,22,nan
3/15/2022 4:57:57,1.8.1,Free_feed,5,3.94,2,1,Pellet,Left,0,0,749,0,Timed_out,1204,nan
3/15/2022 5:45:50,1.8.1,Free_feed,5,3.94,1,1,Pellet,Left,0,0,750,0,Timed_out,2873,nan
3/15/2022 5:45:52,1.8.1,Free_feed,5,3.94,1,1,Pellet,Left,0,0,751,0,0.06,2,nan
3/15/2022 5:46:12,1.8.1,Free_feed,5,3.91,2,1,Pellet,Left,0,0,752,0,10.36,20,nan
3/15/2022 5:46:33,1.8.1,Free_feed,5,3.93,1,1,Pellet,Left,0,0,753,0,14.68,21,nan
3/15/2022 5:46:53,1.8.1,Free_feed,5,3.93,2,1,Pellet,Left,0,0,754,0,17.44,20,nan
3/15/2022 5:47:12,1.8.1,Free_feed,5,3.94,1,1,Pellet,Left,0,0,755,0,12.88,19,nan
3/15/2022 5:47:43,1.8.1,Free_feed,5,3.94,1,1,Pellet,Left,0,0,756,0,24.27,31,nan
3/15/2022 7:43:57,1.8.1,Free_feed,5,3.91,3,1,Pellet,Left,0,0,757,0,Timed_out,6974,nan
3/15/2022 7:44:15,1.8.1,Free_feed,5,3.89,1,1,Pellet,Left,0,0,758,0,10.73,18,nan
3/15/2022 7:44:33,1.8.1,Free_feed,5,3.90,1,1,Pellet,Left,0,0,759,0,12.52,18,nan
3/15/2022 7:44:54,1.8.1,Free_feed,5,3.92,8,1,Pellet,Left,0,0,760,0,0.36,21,nan
3/15/2022 7:45:15,1.8.1,Free_feed,5,3.92,2,1,Pellet,Left,0,0,761,0,14.73,21,nan
3/15/2022 7:45:32,1.8.1,Free_feed,5,3.93,2,1,Pellet,Left,0,0,762,0,10.36,17,nan
3/15/2022 7:45:58,1.8.1,Free_feed,5,3.93,1,1,Pellet,Left,0,0,763,0,18.79,26,nan
3/15/2022 8:27:55,1.8.1,Free_feed,5,3.90,2,1,Pellet,Left,0,0,764,0,Timed_out,2517,nan
3/15/2022 8:28:26,1.8.1,Free_feed,5,3.90,7,1,Pellet,Left,0,0,765,0,18.61,31,nan
3/15/2022 8:29:42,1.8.1,Free_feed,5,3.91,2,1,Pellet,Left,0,0,766,0,Timed_out,76,nan
3/15/2022 8:30:09,1.8.1,Free_feed,5,3.91,2,1,Pellet,Left,0,0,767,0,19.48,27,nan
3/15/2022 8:30:36,1.8.1,Free_feed,5,3.91,2,1,Pellet,Left,0,0,768,0,20.83,27,nan
3/15/2022 8:30:55,1.8.1,Free_feed,5,3.90,2,1,Pellet,Left,0,0,769,0,12.27,19,nan
3/15/2022 9:43:41,1.8.1,Free_feed,5,3.90,1,1,Pellet,Left,0,0,770,0,Timed_out,4366,nan
3/15/2022 10:02:14,1.8.1,Free_feed,5,3.91,1,1,Pellet,Left,0,0,771,0,Timed_out,1113,nan
3/15/2022 10:02:36,1.8.1,Free_feed,5,3.91,2,1,Pellet,Left,0,0,772,0,12.76,22,nan
3/15/2022 10:02:53,1.8.1,Free_feed,5,3.90,1,1,Pellet,Left,0,0,773,0,10.92,17,nan
3/15/2022 10:03:16,1.8.1,Free_feed,5,3.89,2,1,Pellet,Left,0,0,774,0,13.13,23,nan
3/15/2022 10:03:38,1.8.1,Free_feed,5,3.91,2,1,Pellet,Left,0,0,775,0,15.40,22,nan
3/15/2022 10:04:00,1.8.1,Free_feed,5,3.90,1,1,Pellet,Left,0,0,776,0,15.84,22,nan
3/15/2022 10:04:23,1.8.1,Free_feed,5,3.90,1,1,Pellet,Left,0,0,777,0,16.51,23,nan
3/15/2022 10:04:46,1.8.1,Free_feed,5,3.91,1,1,Pellet,Left,0,0,778,0,16.26,23,nan
3/15/2022 10:05:07,1.8.1,Free_feed,5,3.90,1,1,Pellet,Left,0,0,779,0,14.85,21,nan
3/15/2022 11:11:05,1.8.1,Free_feed,5,3.89,1,1,Pellet,Left,0,0,780,0,Timed_out,3958,nan
3/15/2022 11:11:33,1.8.1,Free_feed,5,3.89,2,1,Pellet,Left,0,0,781,0,19.52,28,nan
3/15/2022 11:11:55,1.8.1,Free_feed,5,3.89,1,1,Pellet,Left,0,0,782,0,15.52,22,nan
3/15/2022 11:12:26,1.8.1,Free_feed,5,3.89,1,1,Pellet,Left,0,0,783,0,24.27,31,nan
3/15/2022 11:12:56,1.8.1,Free_feed,5,3.89,1,1,Pellet,Left,0,0,784,0,23.53,30,nan
3/15/2022 11:13:21,1.8.1,Free_feed,5,3.89,3,1,Pellet,Left,0,0,785,0,14.48,25,nan
3/15/2022 13:15:21,1.8.1,Free_feed,5,3.91,2,1,Pellet,Left,0,0,786,0,Timed_out,7320,nan
3/15/2022 13:15:50,1.8.1,Free_feed,5,3.91,2,1,Pellet,Left,0,0,787,0,22.49,29,nan
3/15/2022 13:15:56,1.8.1,Free_feed,5,3.90,1,1,Pellet,Left,0,0,788,0,0.06,6,nan
3/15/2022 13:16:12,1.8.1,Free_feed,5,3.90,2,1,Pellet,Left,0,0,789,0,8.64,16,nan
3/15/2022 13:16:31,1.8.1,Free_feed,5,3.91,1,1,Pellet,Left,0,0,790,0,13.50,19,nan
3/15/2022 14:17:35,1.8.1,Free_feed,5,3.89,2,1,Pellet,Left,0,0,791,0,Timed_out,3664,nan
3/15/2022 14:18:08,1.8.1,Free_feed,5,3.89,6,1,Pellet,Left,0,0,792,0,15.46,33,nan
3/15/2022 14:18:33,1.8.1,Free_feed,5,3.90,2,1,Pellet,Left,0,0,793,0,15.65,25,nan
3/15/2022 14:19:05,1.8.1,Free_feed,5,3.91,2,1,Pellet,Left,0,0,794,0,24.58,32,nan
3/15/2022 14:19:37,1.8.1,Free_feed,5,3.89,1,1,Pellet,Left,0,0,795,0,25.50,32,nan
3/15/2022 14:20:08,1.8.1,Free_feed,5,3.91,1,1,Pellet,Left,0,0,796,0,24.64,31,nan
