MM:DD:YYYY hh:mm:ss,Library_Version,Session_type,Device_Number,Battery_Voltage,Motor_Turns,FR,Event,Active_Poke,Left_Poke_Count,Right_Poke_Count,Pellet_Count,Block_Pellet_Count,Retrieval_Time,InterPelletInterval,Poke_Time
2023-04-08 00:45:00,1.16.3,Free_feed,4,4.16,,1,LeftWithPellet,Left,1,0,0,0,,,0.04
2023-04-08 00:56:00,1.16.3,Free_feed,4,4.16,,1,LeftWithPellet,Left,2,0,0,0,,,0.23
2023-04-08 00:56:00,1.16.3,Free_feed,4,4.16,2.0,1,Pellet,Left,2,0,1,0,Timed_out,,
2023-04-08 01:06:00,1.16.3,Free_feed,4,4.15,3.0,1,Pellet,Left,2,0,2,0,Timed_out,608.0,
2023-04-08 01:11:00,1.16.3,Free_feed,4,4.16,2.0,1,Pellet,Left,2,0,3,0,Timed_out,302.0,
2023-04-08 01:13:00,1.16.3,Free_feed,4,4.16,,1,RightWithPellet,Left,2,1,3,0,,,0.3
2023-04-08 01:24:00,1.16.3,Free_feed,4,4.16,1.0,1,Pellet,Left,2,1,4,0,Timed_out,775.0,
2023-04-08 01:30:00,1.16.3,Free_feed,4,4.16,,1,RightWithPellet,Left,2,2,4,0,,,0.02
2023-04-08 01:30:00,1.16.3,Free_feed,4,4.16,1.0,1,Pellet,Left,2,2,5,0,Timed_out,373.0,
2023-04-08 01:30:00,1.16.3,Free_feed,4,4.16,1.0,1,Pellet,Left,2,2,6,0,0.06,1.0,
2023-04-08 01:31:00,1.16.3,Free_feed,4,4.16,1.0,1,Pellet,Left,2,2,7,0,4.21,11.0,
2023-04-08 01:37:00,1.16.3,Free_feed,4,4.16,,1,LeftWithPellet,Left,3,2,7,0,,,0.06
2023-04-08 01:38:00,1.16.3,Free_feed,4,4.16,1.0,1,Pellet,Left,3,2,8,0,Timed_out,470.0,
2023-04-08 01:52:00,1.16.3,Free_feed,4,4.16,1.0,1,Pellet,Left,3,2,9,0,Timed_out,803.0,
2023-04-08 01:57:00,1.16.3,Free_feed,4,4.16,2.0,1,Pellet,Left,3,2,10,0,Timed_out,333.0,
2023-04-08 01:58:00,1.16.3,Free_feed,4,4.15,,1,LeftWithPellet,Left,4,2,10,0,,,0.45
2023-04-08 01:58:00,1.16.3,Free_feed,4,4.15,1.0,1,Pellet,Left,4,2,11,0,44.01,51.0,
2023-04-08 02:10:00,1.16.3,Free_feed,4,4.15,1.0,1,Pellet,Left,4,2,12,0,Timed_out,727.0,
2023-04-08 02:10:00,1.16.3,Free_feed,4,4.16,1.0,1,Pellet,Left,4,2,13,0,0.06,1.0,
2023-04-08 02:11:00,1.16.3,Free_feed,4,4.15,1.0,1,Pellet,Left,4,2,14,0,55.72,63.0,
2023-04-08 02:12:00,1.16.3,Free_feed,4,4.15,2.0,1,Pellet,Left,4,2,15,0,6.91,16.0,
2023-04-08 02:12:00,1.16.3,Free_feed,4,4.15,1.0,1,Pellet,Left,4,2,16,0,0.06,7.0,
2023-04-08 02:15:00,1.16.3,Free_feed,4,4.15,1.0,1,Pellet,Left,4,2,17,0,Timed_out,184.0,
2023-04-08 02:16:00,1.16.3,Free_feed,4,4.16,,1,RightWithPellet,Left,4,3,17,0,,,0.04
2023-04-08 02:16:00,1.16.3,Free_feed,4,4.16,,1,RightWithPellet,Left,4,4,17,0,,,0.13
2023-04-08 02:16:00,1.16.3,Free_feed,4,4.15,,1,RightWithPellet,Left,4,5,17,0,,,0.17
2023-04-08 02:16:00,1.16.3,Free_feed,4,4.16,,1,RightWithPellet,Left,4,6,17,0,,,0.24
2023-04-08 02:16:00,1.16.3,Free_feed,4,4.16,1.0,1,Pellet,Left,4,6,18,0,48.68,55.0,
2023-04-08 02:22:00,1.16.3,Free_feed,4,4.15,1.0,1,Pellet,Left,4,6,19,0,Timed_out,373.0,
2023-04-08 02:25:00,1.16.3,Free_feed,4,4.16,1.0,1,Pellet,Left,4,6,20,0,Timed_out,167.0,
2023-04-08 02:32:00,1.16.3,Free_feed,4,4.15,1.0,1,Pellet,Left,4,6,21,0,Timed_out,437.0,
2023-04-08 02:39:00,1.16.3,Free_feed,4,4.15,1.0,1,Pellet,Left,4,6,22,0,Timed_out,426.0,
2023-04-08 02:43:00,1.16.3,Free_feed,4,4.15,,1,LeftWithPellet,Left,5,6,22,0,,,0.13
2023-04-08 02:43:00,1.16.3,Free_feed,4,4.15,,1,LeftWithPellet,Left,6,6,22,0,,,0.01
2023-04-08 02:45:00,1.16.3,Free_feed,4,4.15,1.0,1,Pellet,Left,6,6,23,0,Timed_out,323.0,
2023-04-08 02:47:00,1.16.3,Free_feed,4,4.16,1.0,1,Pellet,Left,6,6,24,0,Timed_out,135.0,
2023-04-08 02:59:00,1.16.3,Free_feed,4,4.15,2.0,1,Pellet,Left,6,6,25,0,Timed_out,757.0,
2023-04-08 03:05:00,1.16.3,Free_feed,4,4.15,1.0,1,Pellet,Left,6,6,26,0,Timed_out,359.0,
2023-04-08 03:08:00,1.16.3,Free_feed,4,4.15,1.0,1,Pellet,Left,6,6,27,0,Timed_out,140.0,
2023-04-08 03:12:00,1.16.3,Free_feed,4,4.15,2.0,1,Pellet,Left,6,6,28,0,Timed_out,245.0,
2023-04-08 03:18:00,1.16.3,Free_feed,4,4.14,,1,RightWithPellet,Left,6,7,28,0,,,0.02
2023-04-08 03:18:00,1.16.3,Free_feed,4,4.15,7.0,1,Pellet,Left,6,7,29,0,Timed_out,353.0,
2023-04-08 03:20:00,1.16.3,Free_feed,4,4.15,2.0,1,Pellet,Left,6,7,30,0,Timed_out,120.0,
2023-04-08 03:24:00,1.16.3,Free_feed,4,4.14,2.0,1,Pellet,Left,6,7,31,0,Timed_out,285.0,
2023-04-08 03:28:00,1.16.3,Free_feed,4,4.15,2.0,1,Pellet,Left,6,7,32,0,Timed_out,238.0,
2023-04-08 03:31:00,1.16.3,Free_feed,4,4.15,,1,RightWithPellet,Left,6,8,32,0,,,0.28
2023-04-08 03:31:00,1.16.3,Free_feed,4,4.14,,1,RightWithPellet,Left,6,9,32,0,,,0.26
2023-04-08 03:31:00,1.16.3,Free_feed,4,4.15,1.0,1,Pellet,Left,6,9,33,0,Timed_out,177.0,
2023-04-08 03:37:00,1.16.3,Free_feed,4,4.14,1.0,1,Pellet,Left,6,9,34,0,Timed_out,332.0,
2023-04-08 03:37:00,1.16.3,Free_feed,4,4.14,1.0,1,Pellet,Left,6,9,35,0,2.3,9.0,
2023-04-08 03:43:00,1.16.3,Free_feed,4,4.15,1.0,1,Pellet,Left,6,9,36,0,Timed_out,329.0,
2023-04-08 03:43:00,1.16.3,Free_feed,4,4.14,,1,LeftWithPellet,Left,7,9,36,0,,,0.15
2023-04-08 03:47:00,1.16.3,Free_feed,4,4.14,2.0,1,Pellet,Left,7,9,37,0,Timed_out,243.0,
2023-04-08 03:52:00,1.16.3,Free_feed,4,4.14,1.0,1,Pellet,Left,7,9,38,0,Timed_out,319.0,
2023-04-08 03:54:00,1.16.3,Free_feed,4,4.15,1.0,1,Pellet,Left,7,9,39,0,Timed_out,113.0,
2023-04-08 03:54:00,1.16.3,Free_feed,4,4.15,1.0,1,Pellet,Left,7,9,40,0,6.85,13.0,
2023-04-08 03:54:00,1.16.3,Free_feed,4,4.15,1.0,1,Pellet,Left,7,9,41,0,0.32,2.0,
2023-04-08 03:56:00,1.16.3,Free_feed,4,4.14,1.0,1,Pellet,Left,7,9,42,0,Timed_out,130.0,
2023-04-08 04:04:00,1.16.3,Free_feed,4,4.15,1.0,1,Pellet,Left,7,9,43,0,Timed_out,484.0,
2023-04-08 04:16:00,1.16.3,Free_feed,4,4.14,1.0,1,Pellet,Left,7,9,44,0,Timed_out,732.0,
2023-04-08 04:17:00,1.16.3,Free_feed,4,4.14,1.0,1,Pellet,Left,7,9,45,0,10.41,17.0,
2023-04-08 04:17:00,1.16.3,Free_feed,4,4.14,1.0,1,Pellet,Left,7,9,46,0,10.14,17.0,
2023-04-08 04:17:00,1.16.3,Free_feed,4,4.14,1.0,1,Pellet,Left,7,9,47,0,6.25,13.0,
2023-04-08 04:18:00,1.16.3,Free_feed,4,4.15,1.0,1,Pellet,Left,7,9,48,0,10.08,17.0,
2023-04-08 04:18:00,1.16.3,Free_feed,4,4.14,1.0,1,Pellet,Left,7,9,49,0,8.89,15.0,
2023-04-08 04:21:00,1.16.3,Free_feed,4,4.14,1.0,1,Pellet,Left,7,9,50,0,Timed_out,219.0,
2023-04-08 04:24:00,1.16.3,Free_feed,4,4.14,1.0,1,Pellet,Left,7,9,51,0,Timed_out,130.0,
2023-04-08 04:30:00,1.16.3,Free_feed,4,4.14,1.0,1,Pellet,Left,7,9,52,0,Timed_out,375.0,
2023-04-08 04:35:00,1.16.3,Free_feed,4,4.14,1.0,1,Pellet,Left,7,9,53,0,Timed_out,308.0,
2023-04-08 04:41:00,1.16.3,Free_feed,4,4.14,1.0,1,Pellet,Left,7,9,54,0,Timed_out,348.0,
2023-04-08 05:03:00,1.16.3,Free_feed,4,4.14,1.0,1,Pellet,Left,7,9,55,0,Timed_out,1311.0,
2023-04-08 05:08:00,1.16.3,Free_feed,4,4.14,1.0,1,Pellet,Left,7,9,56,0,Timed_out,322.0,
2023-04-08 05:08:00,1.16.3,Free_feed,4,4.14,1.0,1,Pellet,Left,7,9,57,0,0.32,2.0,
2023-04-08 05:09:00,1.16.3,Free_feed,4,4.14,,1,RightWithPellet,Left,7,10,57,0,,,0.14
2023-04-08 05:09:00,1.16.3,Free_feed,4,4.14,,1,RightWithPellet,Left,7,11,57,0,,,0.08
2023-04-08 05:09:00,1.16.3,Free_feed,4,4.14,,1,RightWithPellet,Left,7,12,57,0,,,0.62
2023-04-08 05:12:00,1.16.3,Free_feed,4,4.14,1.0,1,Pellet,Left,7,12,58,0,Timed_out,228.0,
2023-04-08 05:14:00,1.16.3,Free_feed,4,4.14,1.0,1,Pellet,Left,7,12,59,0,Timed_out,155.0,
2023-04-08 05:14:00,1.16.3,Free_feed,4,4.14,1.0,1,Pellet,Left,7,12,60,0,0.06,2.0,
2023-04-08 05:15:00,1.16.3,Free_feed,4,4.14,1.0,1,Pellet,Left,7,12,61,0,5.99,13.0,
2023-04-08 05:15:00,1.16.3,Free_feed,4,4.14,1.0,1,Pellet,Left,7,12,62,0,7.7,14.0,
2023-04-08 05:15:00,1.16.3,Free_feed,4,4.14,1.0,1,Pellet,Left,7,12,63,0,0.26,2.0,
2023-04-08 05:18:00,1.16.3,Free_feed,4,4.14,2.0,1,Pellet,Left,7,12,64,0,Timed_out,191.0,
2023-04-08 05:19:00,1.16.3,Free_feed,4,4.14,1.0,1,Pellet,Left,7,12,65,0,17.08,25.0,
2023-04-08 05:21:00,1.16.3,Free_feed,4,4.14,1.0,1,Pellet,Left,7,12,66,0,Timed_out,147.0,
2023-04-08 05:21:00,1.16.3,Free_feed,4,4.14,1.0,1,Pellet,Left,7,12,67,0,2.63,10.0,
2023-04-08 05:21:00,1.16.3,Free_feed,4,4.14,1.0,1,Pellet,Left,7,12,68,0,0.06,8.0,
2023-04-08 05:21:00,1.16.3,Free_feed,4,4.14,1.0,1,Pellet,Left,7,12,69,0,0.06,1.0,
2023-04-08 05:22:00,1.16.3,Free_feed,4,4.14,2.0,1,Pellet,Left,7,12,70,0,15.56,22.0,
2023-04-08 05:28:00,1.16.3,Free_feed,4,4.13,1.0,1,Pellet,Left,7,12,71,0,Timed_out,407.0,
2023-04-08 05:30:00,1.16.3,Free_feed,4,4.14,1.0,1,Pellet,Left,7,12,72,0,Timed_out,122.0,
2023-04-08 05:51:00,1.16.3,Free_feed,4,4.14,1.0,1,Pellet,Left,7,12,73,0,Timed_out,1224.0,
2023-04-08 05:51:00,1.16.3,Free_feed,4,4.14,2.0,1,Pellet,Left,7,12,74,0,12.52,22.0,
2023-04-08 05:54:00,1.16.3,Free_feed,4,4.14,2.0,1,Pellet,Left,7,12,75,0,Timed_out,156.0,
2023-04-08 05:57:00,1.16.3,Free_feed,4,4.14,2.0,1,Pellet,Left,7,12,76,0,Timed_out,162.0,
2023-04-08 05:57:00,1.16.3,Free_feed,4,4.14,2.0,1,Pellet,Left,7,12,77,0,5.86,13.0,
2023-04-08 06:05:00,1.16.3,Free_feed,4,4.13,2.0,1,Pellet,Left,7,12,78,0,Timed_out,478.0,
2023-04-08 06:05:00,1.16.3,Free_feed,4,4.14,1.0,1,Pellet,Left,7,12,79,0,0.06,5.0,
2023-04-08 06:08:00,1.16.3,Free_feed,4,4.14,1.0,1,Pellet,Left,7,12,80,0,Timed_out,179.0,
2023-04-08 06:12:00,1.16.3,Free_feed,4,4.14,,1,LeftWithPellet,Left,8,12,80,0,,,0.0
2023-04-08 06:13:00,1.16.3,Free_feed,4,4.14,1.0,1,Pellet,Left,8,12,81,0,Timed_out,315.0,
2023-04-08 06:28:00,1.16.3,Free_feed,4,4.13,1.0,1,Pellet,Left,8,12,82,0,Timed_out,877.0,
2023-04-08 06:30:00,1.16.3,Free_feed,4,4.14,1.0,1,Pellet,Left,8,12,83,0,Timed_out,138.0,
2023-04-08 06:30:00,1.16.3,Free_feed,4,4.14,1.0,1,Pellet,Left,8,12,84,0,0.19,1.0,
2023-04-08 06:36:00,1.16.3,Free_feed,4,4.14,1.0,1,Pellet,Left,8,12,85,0,Timed_out,357.0,
2023-04-08 06:43:00,1.16.3,Free_feed,4,4.14,1.0,1,Pellet,Left,8,12,86,0,Timed_out,400.0,
2023-04-08 06:43:00,1.16.3,Free_feed,4,4.14,1.0,1,Pellet,Left,8,12,87,0,6.91,14.0,
2023-04-08 06:43:00,1.16.3,Free_feed,4,4.14,2.0,1,Pellet,Left,8,12,88,0,6.58,14.0,
2023-04-08 06:43:00,1.16.3,Free_feed,4,4.14,2.0,1,Pellet,Left,8,12,89,0,4.28,13.0,
2023-04-08 06:44:00,1.16.3,Free_feed,4,4.13,1.0,1,Pellet,Left,8,12,90,0,9.55,17.0,
2023-04-08 06:44:00,1.16.3,Free_feed,4,4.14,1.0,1,Pellet,Left,8,12,91,0,0.13,1.0,
2023-04-08 06:44:00,1.16.3,Free_feed,4,4.14,1.0,1,Pellet,Left,8,12,92,0,9.94,17.0,
2023-04-08 06:57:00,1.16.3,Free_feed,4,4.14,,1,LeftWithPellet,Left,9,12,92,0,,,0.04
2023-04-08 07:23:00,1.16.3,Free_feed,4,4.14,1.0,1,Pellet,Left,9,12,93,0,Timed_out,2354.0,
2023-04-08 07:23:00,1.16.3,Free_feed,4,4.14,1.0,1,Pellet,Left,9,12,94,0,0.32,2.0,
2023-04-08 07:46:00,1.16.3,Free_feed,4,4.13,,1,RightWithPellet,Left,9,13,94,0,,,1.38
2023-04-08 07:49:00,1.16.3,Free_feed,4,4.13,1.0,1,Pellet,Left,9,13,95,0,Timed_out,1545.0,
2023-04-08 07:50:00,1.16.3,Free_feed,4,4.14,,1,LeftWithPellet,Left,10,13,95,0,,,0.04
2023-04-08 07:50:00,1.16.3,Free_feed,4,4.13,3.0,1,Pellet,Left,10,13,96,0,Timed_out,90.0,
2023-04-08 07:51:00,1.16.3,Free_feed,4,4.13,1.0,1,Pellet,Left,10,13,97,0,6.45,13.0,
2023-04-08 07:51:00,1.16.3,Free_feed,4,4.14,1.0,1,Pellet,Left,10,13,98,0,20.65,27.0,
2023-04-08 08:22:00,1.16.3,Free_feed,4,4.13,1.0,1,Pellet,Left,10,13,99,0,Timed_out,1862.0,
2023-04-08 08:22:00,1.16.3,Free_feed,4,4.13,1.0,1,Pellet,Left,10,13,100,0,9.95,16.0,
2023-04-08 08:23:00,1.16.3,Free_feed,4,4.13,1.0,1,Pellet,Left,10,13,101,0,3.55,11.0,
2023-04-08 08:23:00,1.16.3,Free_feed,4,4.12,2.0,1,Pellet,Left,10,13,102,0,5.33,12.0,
2023-04-08 08:52:00,1.16.3,Free_feed,4,4.13,1.0,1,Pellet,Left,10,13,103,0,Timed_out,1739.0,
2023-04-08 08:53:00,1.16.3,Free_feed,4,4.13,,1,RightWithPellet,Left,10,14,103,0,,,0.91
2023-04-08 08:53:00,1.16.3,Free_feed,4,4.13,1.0,1,Pellet,Left,10,14,104,0,Timed_out,105.0,
2023-04-08 09:36:00,1.16.3,Free_feed,4,4.12,1.0,1,Pellet,Left,10,14,105,0,Timed_out,2548.0,
2023-04-08 09:36:00,1.16.3,Free_feed,4,4.12,1.0,1,Pellet,Left,10,14,106,0,9.56,16.0,
2023-04-08 09:36:00,1.16.3,Free_feed,4,4.13,1.0,1,Pellet,Left,10,14,107,0,0.06,2.0,
2023-04-08 09:37:00,1.16.3,Free_feed,4,4.13,2.0,1,Pellet,Left,10,14,108,0,13.58,23.0,
2023-04-08 09:37:00,1.16.3,Free_feed,4,4.12,1.0,1,Pellet,Left,10,14,109,0,0.06,2.0,
2023-04-08 09:40:00,1.16.3,Free_feed,4,4.13,,1,RightWithPellet,Left,10,15,109,0,,,0.01
2023-04-08 09:42:00,1.16.3,Free_feed,4,4.13,,1,LeftWithPellet,Left,11,15,109,0,,,0.46
2023-04-08 09:43:00,1.16.3,Free_feed,4,4.12,1.0,1,Pellet,Left,11,15,110,0,Timed_out,366.0,
2023-04-08 09:48:00,1.16.3,Free_feed,4,4.13,1.0,1,Pellet,Left,11,15,111,0,Timed_out,342.0,
2023-04-08 10:32:00,1.16.3,Free_feed,4,4.12,1.0,1,Pellet,Left,11,15,112,0,Timed_out,2618.0,
2023-04-08 10:34:00,1.16.3,Free_feed,4,4.12,1.0,1,Pellet,Left,11,15,113,0,Timed_out,91.0,
2023-04-08 10:35:00,1.16.3,Free_feed,4,4.12,2.0,1,Pellet,Left,11,15,114,0,Timed_out,87.0,
2023-04-08 10:40:00,1.16.3,Free_feed,4,4.12,1.0,1,Pellet,Left,11,15,115,0,Timed_out,324.0,
2023-04-08 10:41:00,1.16.3,Free_feed,4,4.13,1.0,1,Pellet,Left,11,15,116,0,13.45,20.0,
2023-04-08 10:41:00,1.16.3,Free_feed,4,4.12,1.0,1,Pellet,Left,11,15,117,0,5.4,12.0,
2023-04-08 10:41:00,1.16.3,Free_feed,4,4.12,1.0,1,Pellet,Left,11,15,118,0,11.66,19.0,
2023-04-08 11:17:00,1.16.3,Free_feed,4,4.12,1.0,1,Pellet,Left,11,15,119,0,Timed_out,2152.0,
2023-04-08 11:18:00,1.16.3,Free_feed,4,4.12,,1,LeftWithPellet,Left,12,15,119,0,,,0.23
2023-04-08 11:20:00,1.16.3,Free_feed,4,4.12,1.0,1,Pellet,Left,12,15,120,0,Timed_out,182.0,
2023-04-08 11:20:00,1.16.3,Free_feed,4,4.12,2.0,1,Pellet,Left,12,15,121,0,1.31,9.0,
2023-04-08 11:21:00,1.16.3,Free_feed,4,4.12,1.0,1,Pellet,Left,12,15,122,0,11.21,18.0,
2023-04-08 11:21:00,1.16.3,Free_feed,4,4.12,1.0,1,Pellet,Left,12,15,123,0,8.43,16.0,
2023-04-08 11:21:00,1.16.3,Free_feed,4,4.12,1.0,1,Pellet,Left,12,15,124,0,0.19,1.0,
2023-04-08 11:21:00,1.16.3,Free_feed,4,4.12,1.0,1,Pellet,Left,12,15,125,0,24.16,26.0,
2023-04-08 12:06:00,1.16.3,Free_feed,4,4.12,1.0,1,Pellet,Left,12,15,126,0,Timed_out,2693.0,
2023-04-08 12:06:00,1.16.3,Free_feed,4,4.12,1.0,1,Pellet,Left,12,15,127,0,6.58,13.0,
2023-04-08 12:07:00,1.16.3,Free_feed,4,4.12,2.0,1,Pellet,Left,12,15,128,0,7.64,15.0,
2023-04-08 12:07:00,1.16.3,Free_feed,4,4.12,1.0,1,Pellet,Left,12,15,129,0,14.18,16.0,
2023-04-08 12:07:00,1.16.3,Free_feed,4,4.12,1.0,1,Pellet,Left,12,15,130,0,0.06,1.0,
2023-04-08 12:47:00,1.16.3,Free_feed,4,4.12,1.0,1,Pellet,Left,12,15,131,0,Timed_out,2379.0,
2023-04-08 12:47:00,1.16.3,Free_feed,4,4.11,1.0,1,Pellet,Left,12,15,132,0,8.1,14.0,
2023-04-08 12:47:00,1.16.3,Free_feed,4,4.12,1.0,1,Pellet,Left,12,15,133,0,13.25,21.0,
2023-04-08 12:48:00,1.16.3,Free_feed,4,4.12,1.0,1,Pellet,Left,12,15,134,0,10.74,17.0,
2023-04-08 12:53:00,1.16.3,Free_feed,4,4.11,,1,RightWithPellet,Left,12,16,134,0,,,0.0
2023-04-08 13:06:00,1.16.3,Free_feed,4,4.12,1.0,1,Pellet,Left,12,16,135,0,Timed_out,1139.0,
2023-04-08 13:07:00,1.16.3,Free_feed,4,4.12,1.0,1,Pellet,Left,12,16,136,0,13.31,15.0,
2023-04-08 13:07:00,1.16.3,Free_feed,4,4.12,1.0,1,Pellet,Left,12,16,137,0,12.85,15.0,
2023-04-08 13:07:00,1.16.3,Free_feed,4,4.12,2.0,1,Pellet,Left,12,16,138,0,6.98,16.0,
2023-04-08 13:08:00,1.16.3,Free_feed,4,4.12,1.0,1,Pellet,Left,12,16,139,0,10.67,17.0,
2023-04-08 13:08:00,1.16.3,Free_feed,4,4.12,1.0,1,Pellet,Left,12,16,140,0,6.06,14.0,
2023-04-08 13:08:00,1.16.3,Free_feed,4,4.12,1.0,1,Pellet,Left,12,16,141,0,0.52,2.0,
2023-04-08 15:30:00,1.16.3,Free_feed,4,4.11,1.0,1,Pellet,Left,12,16,142,0,Timed_out,8545.0,
2023-04-08 15:30:00,1.16.3,Free_feed,4,4.11,1.0,1,Pellet,Left,12,16,143,0,0.13,2.0,
2023-04-08 15:31:00,1.16.3,Free_feed,4,4.11,1.0,1,Pellet,Left,12,16,144,0,55.33,61.0,
2023-04-08 15:32:00,1.16.3,Free_feed,4,4.11,1.0,1,Pellet,Left,12,16,145,0,8.23,15.0,
2023-04-08 15:32:00,1.16.3,Free_feed,4,4.11,1.0,1,Pellet,Left,12,16,146,0,11.01,18.0,
2023-04-08 15:32:00,1.16.3,Free_feed,4,4.11,1.0,1,Pellet,Left,12,16,147,0,15.04,22.0,
2023-04-08 15:35:00,1.16.3,Free_feed,4,4.12,,1,RightWithPellet,Left,12,17,147,0,,,0.25
2023-04-08 15:35:00,1.16.3,Free_feed,4,4.11,1.0,1,Pellet,Left,12,17,148,0,Timed_out,140.0,
2023-04-08 17:11:00,1.16.3,Free_feed,4,4.11,1.0,1,Pellet,Left,12,17,149,0,Timed_out,5803.0,
2023-04-08 17:11:00,1.16.3,Free_feed,4,4.11,1.0,1,Pellet,Left,12,17,150,0,0.19,1.0,
2023-04-08 17:12:00,1.16.3,Free_feed,4,4.11,1.0,1,Pellet,Left,12,17,151,0,9.09,17.0,
2023-04-08 17:12:00,1.16.3,Free_feed,4,4.11,1.0,1,Pellet,Left,12,17,152,0,13.98,20.0,
2023-04-08 17:12:00,1.16.3,Free_feed,4,4.11,1.0,1,Pellet,Left,12,17,153,0,0.06,3.0,
2023-04-08 17:14:00,1.16.3,Free_feed,4,4.11,1.0,1,Pellet,Left,12,17,154,0,Timed_out,153.0,
2023-04-08 17:15:00,1.16.3,Free_feed,4,4.11,1.0,1,Pellet,Left,12,17,155,0,33.23,40.0,
2023-04-08 18:15:00,1.16.3,Free_feed,4,4.11,1.0,1,Pellet,Left,12,17,156,0,Timed_out,3607.0,
2023-04-08 18:18:00,1.16.3,Free_feed,4,4.11,1.0,1,Pellet,Left,12,17,157,0,Timed_out,177.0,
2023-04-08 18:18:00,1.16.3,Free_feed,4,4.11,1.0,1,Pellet,Left,12,17,158,0,0.06,2.0,
2023-04-08 18:18:00,1.16.3,Free_feed,4,4.1,1.0,1,Pellet,Left,12,17,159,0,0.06,2.0,
2023-04-08 18:20:00,1.16.3,Free_feed,4,4.11,1.0,1,Pellet,Left,12,17,160,0,Timed_out,76.0,
2023-04-08 18:20:00,1.16.3,Free_feed,4,4.11,2.0,1,Pellet,Left,12,17,161,0,12.99,22.0,
2023-04-08 18:20:00,1.16.3,Free_feed,4,4.11,1.0,1,Pellet,Left,12,17,162,0,9.22,16.0,
2023-04-08 18:54:00,1.16.3,Free_feed,4,4.11,1.0,1,Pellet,Left,12,17,163,0,Timed_out,2010.0,
2023-04-08 18:54:00,1.16.3,Free_feed,4,4.11,1.0,1,Pellet,Left,12,17,164,0,0.06,7.0,
2023-04-08 18:54:00,1.16.3,Free_feed,4,4.1,1.0,1,Pellet,Left,12,17,165,0,34.03,40.0,
2023-04-08 18:58:00,1.16.3,Free_feed,4,4.11,1.0,1,Pellet,Left,12,17,166,0,Timed_out,187.0,
2023-04-08 18:58:00,1.16.3,Free_feed,4,4.1,1.0,1,Pellet,Left,12,17,167,0,0.85,2.0,
2023-04-08 18:58:00,1.16.3,Free_feed,4,4.1,1.0,1,Pellet,Left,12,17,168,0,11.8,19.0,
2023-04-08 18:58:00,1.16.3,Free_feed,4,4.11,1.0,1,Pellet,Left,12,17,169,0,13.85,21.0,
2023-04-08 18:59:00,1.16.3,Free_feed,4,4.1,2.0,1,Pellet,Left,12,17,170,0,13.39,22.0,
2023-04-08 18:59:00,1.16.3,Free_feed,4,4.11,2.0,1,Pellet,Left,12,17,171,0,9.88,17.0,
2023-04-08 19:33:00,1.16.3,Free_feed,4,4.11,2.0,1,Pellet,Left,12,17,172,0,Timed_out,2019.0,
2023-04-08 19:36:00,1.16.3,Free_feed,4,4.11,1.0,1,Pellet,Left,12,17,173,0,Timed_out,181.0,
2023-04-08 19:39:00,1.16.3,Free_feed,4,4.11,1.0,1,Pellet,Left,12,17,174,0,Timed_out,206.0,
2023-04-08 19:44:00,1.16.3,Free_feed,4,4.11,1.0,1,Pellet,Left,12,17,175,0,Timed_out,291.0,
2023-04-08 19:45:00,1.16.3,Free_feed,4,4.1,2.0,1,Pellet,Left,12,17,176,0,Timed_out,96.0,
2023-04-08 19:46:00,1.16.3,Free_feed,4,4.1,1.0,1,Pellet,Left,12,17,177,0,45.67,53.0,
2023-04-08 19:48:00,1.16.3,Free_feed,4,4.1,,1,RightWithPellet,Left,12,18,177,0,,,0.04
2023-04-08 19:48:00,1.16.3,Free_feed,4,4.1,1.0,1,Pellet,Left,12,18,178,0,Timed_out,120.0,
2023-04-08 19:52:00,1.16.3,Free_feed,4,4.1,1.0,1,Pellet,Left,12,18,179,0,Timed_out,207.0,
2023-04-08 19:52:00,1.16.3,Free_feed,4,4.1,1.0,1,Pellet,Left,12,18,180,0,0.26,1.0,
2023-04-08 19:53:00,1.16.3,Free_feed,4,4.1,1.0,1,Pellet,Left,12,18,181,0,50.45,57.0,
2023-04-08 19:53:00,1.16.3,Free_feed,4,4.1,1.0,1,Pellet,Left,12,18,182,0,30.65,37.0,
2023-04-08 19:56:00,1.16.3,Free_feed,4,4.1,1.0,1,Pellet,Left,12,18,183,0,Timed_out,166.0,
2023-04-08 20:01:00,1.16.3,Free_feed,4,4.1,1.0,1,Pellet,Left,12,18,184,0,Timed_out,316.0,
2023-04-08 20:02:00,1.16.3,Free_feed,4,4.1,2.0,1,Pellet,Left,12,18,185,0,29,35.0,
2023-04-08 20:07:00,1.16.3,Free_feed,4,4.1,2.0,1,Pellet,Left,12,18,186,0,Timed_out,270.0,
2023-04-08 20:10:00,1.16.3,Free_feed,4,4.1,1.0,1,Pellet,Left,12,18,187,0,Timed_out,239.0,
2023-04-08 20:15:00,1.16.3,Free_feed,4,4.1,1.0,1,Pellet,Left,12,18,188,0,Timed_out,278.0,
2023-04-08 20:15:00,1.16.3,Free_feed,4,4.1,1.0,1,Pellet,Left,12,18,189,0,3.95,11.0,
2023-04-08 20:16:00,1.16.3,Free_feed,4,4.1,1.0,1,Pellet,Left,12,18,190,0,8.89,16.0,
2023-04-08 20:24:00,1.16.3,Free_feed,4,4.1,2.0,1,Pellet,Left,12,18,191,0,Timed_out,491.0,
2023-04-08 20:27:00,1.16.3,Free_feed,4,4.1,2.0,1,Pellet,Left,12,18,192,0,Timed_out,210.0,
2023-04-08 20:32:00,1.16.3,Free_feed,4,4.1,1.0,1,Pellet,Left,12,18,193,0,Timed_out,278.0,
2023-04-08 20:43:00,1.16.3,Free_feed,4,4.1,2.0,1,Pellet,Left,12,18,194,0,Timed_out,677.0,
2023-04-08 20:43:00,1.16.3,Free_feed,4,4.09,1.0,1,Pellet,Left,12,18,195,0,0.26,2.0,
2023-04-08 20:52:00,1.16.3,Free_feed,4,4.1,1.0,1,Pellet,Left,12,18,196,0,Timed_out,509.0,
2023-04-08 20:52:00,1.16.3,Free_feed,4,4.09,1.0,1,Pellet,Left,12,18,197,0,5.6,12.0,
2023-04-08 20:54:00,1.16.3,Free_feed,4,4.1,1.0,1,Pellet,Left,12,18,198,0,Timed_out,119.0,
2023-04-08 20:57:00,1.16.3,Free_feed,4,4.1,1.0,1,Pellet,Left,12,18,199,0,Timed_out,170.0,
2023-04-08 20:59:00,1.16.3,Free_feed,4,4.09,1.0,1,Pellet,Left,12,18,200,0,Timed_out,123.0,
2023-04-08 21:08:00,1.16.3,Free_feed,4,4.1,1.0,1,Pellet,Left,12,18,201,0,Timed_out,580.0,
2023-04-08 21:11:00,1.16.3,Free_feed,4,4.09,2.0,1,Pellet,Left,12,18,202,0,Timed_out,165.0,
2023-04-08 21:18:00,1.16.3,Free_feed,4,4.1,1.0,1,Pellet,Left,12,18,203,0,Timed_out,394.0,
2023-04-08 21:19:00,1.16.3,Free_feed,4,4.09,1.0,1,Pellet,Left,12,18,204,0,Timed_out,71.0,
2023-04-08 21:21:00,1.16.3,Free_feed,4,4.09,1.0,1,Pellet,Left,12,18,205,0,Timed_out,129.0,
2023-04-08 21:21:00,1.16.3,Free_feed,4,4.09,,1,RightWithPellet,Left,12,19,205,0,,,0.01
2023-04-08 21:21:00,1.16.3,Free_feed,4,4.09,1.0,1,Pellet,Left,12,19,206,0,11.46,17.0,
2023-04-08 21:24:00,1.16.3,Free_feed,4,4.09,2.0,1,Pellet,Left,12,19,207,0,Timed_out,132.0,
2023-04-08 21:25:00,1.16.3,Free_feed,4,4.09,1.0,1,Pellet,Left,12,19,208,0,Timed_out,108.0,
2023-04-08 21:26:00,1.16.3,Free_feed,4,4.09,1.0,1,Pellet,Left,12,19,209,0,6.66,14.0,
2023-04-08 21:26:00,1.16.3,Free_feed,4,4.09,1.0,1,Pellet,Left,12,19,210,0,10.28,18.0,
2023-04-08 21:26:00,1.16.3,Free_feed,4,4.1,1.0,1,Pellet,Left,12,19,211,0,0.06,1.0,
2023-04-08 21:28:00,1.16.3,Free_feed,4,4.09,1.0,1,Pellet,Left,12,19,212,0,Timed_out,135.0,
2023-04-08 21:28:00,1.16.3,Free_feed,4,4.09,1.0,1,Pellet,Left,12,19,213,0,0.06,1.0,
2023-04-08 21:28:00,1.16.3,Free_feed,4,4.09,1.0,1,Pellet,Left,12,19,214,0,0.06,1.0,
2023-04-08 21:31:00,1.16.3,Free_feed,4,4.1,1.0,1,Pellet,Left,12,19,215,0,Timed_out,152.0,
2023-04-08 21:39:00,1.16.3,Free_feed,4,4.09,2.0,1,Pellet,Left,12,19,216,0,Timed_out,496.0,
2023-04-08 21:39:00,1.16.3,Free_feed,4,4.09,1.0,1,Pellet,Left,12,19,217,0,0.06,1.0,
2023-04-08 21:39:00,1.16.3,Free_feed,4,4.1,1.0,1,Pellet,Left,12,19,218,0,0.06,1.0,
2023-04-08 22:06:00,1.16.3,Free_feed,4,4.09,,1,LeftWithPellet,Left,13,19,218,0,,,0.04
2023-04-08 22:08:00,1.16.3,Free_feed,4,4.1,1.0,1,Pellet,Left,13,19,219,0,Timed_out,1737.0,
2023-04-08 22:10:00,1.16.3,Free_feed,4,4.09,1.0,1,Pellet,Left,13,19,220,0,Timed_out,121.0,
2023-04-08 22:10:00,1.16.3,Free_feed,4,4.1,1.0,1,Pellet,Left,13,19,221,0,0.06,1.0,
2023-04-08 22:10:00,1.16.3,Free_feed,4,4.09,1.0,1,Pellet,Left,13,19,222,0,0.13,2.0,
2023-04-08 22:12:00,1.16.3,Free_feed,4,4.09,1.0,1,Pellet,Left,13,19,223,0,Timed_out,138.0,
2023-04-08 22:14:00,1.16.3,Free_feed,4,4.09,1.0,1,Pellet,Left,13,19,224,0,Timed_out,112.0,
2023-04-08 22:17:00,1.16.3,Free_feed,4,4.09,,1,RightWithPellet,Left,13,20,224,0,,,0.43
2023-04-08 22:17:00,1.16.3,Free_feed,4,4.09,1.0,1,Pellet,Left,13,20,225,0,Timed_out,152.0,
2023-04-08 22:21:00,1.16.3,Free_feed,4,4.09,1.0,1,Pellet,Left,13,20,226,0,Timed_out,272.0,
2023-04-08 22:22:00,1.16.3,Free_feed,4,4.09,2.0,1,Pellet,Left,13,20,227,0,14.05,23.0,
2023-04-08 22:22:00,1.16.3,Free_feed,4,4.09,1.0,1,Pellet,Left,13,20,228,0,27.48,34.0,
2023-04-08 22:24:00,1.16.3,Free_feed,4,4.09,1.0,1,Pellet,Left,13,20,229,0,Timed_out,112.0,
2023-04-08 22:31:00,1.16.3,Free_feed,4,4.09,2.0,1,Pellet,Left,13,20,230,0,Timed_out,407.0,
2023-04-08 22:31:00,1.16.3,Free_feed,4,4.09,1.0,1,Pellet,Left,13,20,231,0,0.06,1.0,
2023-04-08 22:31:00,1.16.3,Free_feed,4,4.09,1.0,1,Pellet,Left,13,20,232,0,0.06,1.0,
2023-04-08 22:33:00,1.16.3,Free_feed,4,4.09,1.0,1,Pellet,Left,13,20,233,0,Timed_out,139.0,
2023-04-08 22:38:00,1.16.3,Free_feed,4,4.09,1.0,1,Pellet,Left,13,20,234,0,Timed_out,302.0,
2023-04-08 22:38:00,1.16.3,Free_feed,4,4.09,1.0,1,Pellet,Left,13,20,235,0,0.39,5.0,
2023-04-08 22:39:00,1.16.3,Free_feed,4,4.09,1.0,1,Pellet,Left,13,20,236,0,3.68,10.0,
2023-04-08 22:42:00,1.16.3,Free_feed,4,4.09,1.0,1,Pellet,Left,13,20,237,0,Timed_out,191.0,
2023-04-08 22:42:00,1.16.3,Free_feed,4,4.09,1.0,1,Pellet,Left,13,20,238,0,4.21,11.0,
2023-04-08 22:42:00,1.16.3,Free_feed,4,4.09,1.0,1,Pellet,Left,13,20,239,0,7.77,15.0,
2023-04-08 22:51:00,1.16.3,Free_feed,4,4.09,,1,RightWithPellet,Left,13,21,239,0,,,0.0
2023-04-08 22:57:00,1.16.3,Free_feed,4,4.09,1.0,1,Pellet,Left,13,21,240,0,Timed_out,878.0,
2023-04-08 22:57:00,1.16.3,Free_feed,4,4.09,1.0,1,Pellet,Left,13,21,241,0,0.46,2.0,
2023-04-08 23:01:00,1.16.3,Free_feed,4,4.09,,1,LeftWithPellet,Left,14,21,241,0,,,0.1
2023-04-08 23:11:00,1.16.3,Free_feed,4,4.09,1.0,1,Pellet,Left,14,21,242,0,Timed_out,852.0,
2023-04-08 23:11:00,1.16.3,Free_feed,4,4.09,1.0,1,Pellet,Left,14,21,243,0,3.09,10.0,
2023-04-08 23:14:00,1.16.3,Free_feed,4,4.09,1.0,1,Pellet,Left,14,21,244,0,Timed_out,156.0,
2023-04-08 23:20:00,1.16.3,Free_feed,4,4.09,2.0,1,Pellet,Left,14,21,245,0,Timed_out,365.0,
2023-04-08 23:39:00,1.16.3,Free_feed,4,4.09,1.0,1,Pellet,Left,14,21,246,0,Timed_out,1159.0,
2023-04-09 00:22:00,1.16.3,Free_feed,4,4.08,3.0,1,Pellet,Left,14,21,247,0,Timed_out,2561.0,
2023-04-09 00:22:00,1.16.3,Free_feed,4,4.09,1.0,1,Pellet,Left,14,21,248,0,18.01,25.0,
2023-04-09 00:22:00,1.16.3,Free_feed,4,4.09,1.0,1,Pellet,Left,14,21,249,0,4.87,11.0,
2023-04-09 00:22:00,1.16.3,Free_feed,4,4.09,1.0,1,Pellet,Left,14,21,250,0,0.06,1.0,
2023-04-09 00:25:00,1.16.3,Free_feed,4,4.09,1.0,1,Pellet,Left,14,21,251,0,Timed_out,149.0,
2023-04-09 00:26:00,1.16.3,Free_feed,4,4.09,1.0,1,Pellet,Left,14,21,252,0,27.28,34.0,
2023-04-09 00:27:00,1.16.3,Free_feed,4,4.09,2.0,1,Pellet,Left,14,21,253,0,Timed_out,88.0,
2023-04-09 00:30:00,1.16.3,Free_feed,4,4.08,2.0,1,Pellet,Left,14,21,254,0,Timed_out,159.0,
2023-04-09 00:31:00,1.16.3,Free_feed,4,4.08,1.0,1,Pellet,Left,14,21,255,0,Timed_out,89.0,
2023-04-09 00:36:00,1.16.3,Free_feed,4,4.08,1.0,1,Pellet,Left,14,21,256,0,Timed_out,321.0,
2023-04-09 00:37:00,1.16.3,Free_feed,4,4.09,1.0,1,Pellet,Left,14,21,257,0,5.07,12.0,
2023-04-09 00:37:00,1.16.3,Free_feed,4,4.09,,1,LeftWithPellet,Left,15,21,257,0,,,0.12
2023-04-09 00:37:00,1.16.3,Free_feed,4,4.09,,1,LeftWithPellet,Left,16,21,257,0,,,0.37
2023-04-09 00:37:00,1.16.3,Free_feed,4,4.09,,1,LeftWithPellet,Left,17,21,257,0,,,0.28
2023-04-09 00:37:00,1.16.3,Free_feed,4,4.09,,1,LeftWithPellet,Left,18,21,257,0,,,0.06
2023-04-09 00:37:00,1.16.3,Free_feed,4,4.08,,1,LeftWithPellet,Left,19,21,257,0,,,0.14
2023-04-09 00:37:00,1.16.3,Free_feed,4,4.09,,1,LeftWithPellet,Left,20,21,257,0,,,0.89
2023-04-09 00:37:00,1.16.3,Free_feed,4,4.09,,1,LeftWithPellet,Left,21,21,257,0,,,1.01
2023-04-09 00:37:00,1.16.3,Free_feed,4,4.09,,1,LeftWithPellet,Left,22,21,257,0,,,2.83
2023-04-09 00:37:00,1.16.3,Free_feed,4,4.09,,1,LeftWithPellet,Left,23,21,257,0,,,0.02
2023-04-09 00:37:00,1.16.3,Free_feed,4,4.09,,1,LeftWithPellet,Left,24,21,257,0,,,1.41
2023-04-09 00:37:00,1.16.3,Free_feed,4,4.09,,1,LeftWithPellet,Left,25,21,257,0,,,0.16
2023-04-09 00:37:00,1.16.3,Free_feed,4,4.09,,1,LeftWithPellet,Left,26,21,257,0,,,0.15
2023-04-09 00:37:00,1.16.3,Free_feed,4,4.08,,1,LeftWithPellet,Left,27,21,257,0,,,0.19
2023-04-09 00:38:00,1.16.3,Free_feed,4,4.09,1.0,1,Pellet,Left,27,21,258,0,Timed_out,94.0,
2023-04-09 00:39:00,1.16.3,Free_feed,4,4.08,,1,RightWithPellet,Left,27,22,258,0,,,0.55
2023-04-09 00:43:00,1.16.3,Free_feed,4,4.09,1.0,1,Pellet,Left,27,22,259,0,Timed_out,263.0,
2023-04-09 00:46:00,1.16.3,Free_feed,4,4.09,1.0,1,Pellet,Left,27,22,260,0,Timed_out,228.0,
2023-04-09 00:47:00,1.16.3,Free_feed,4,4.09,1.0,1,Pellet,Left,27,22,261,0,2.89,10.0,
2023-04-09 00:47:00,1.16.3,Free_feed,4,4.09,2.0,1,Pellet,Left,27,22,262,0,31.31,39.0,
2023-04-09 00:47:00,1.16.3,Free_feed,4,4.08,1.0,1,Pellet,Left,27,22,263,0,0.06,1.0,
2023-04-09 00:47:00,1.16.3,Free_feed,4,4.09,1.0,1,Pellet,Left,27,22,264,0,4.94,12.0,
2023-04-09 00:48:00,1.16.3,Free_feed,4,4.08,1.0,1,Pellet,Left,27,22,265,0,37.28,45.0,
2023-04-09 00:53:00,1.16.3,Free_feed,4,4.09,1.0,1,Pellet,Left,27,22,266,0,Timed_out,287.0,
2023-04-09 01:02:00,1.16.3,Free_feed,4,4.08,1.0,1,Pellet,Left,27,22,267,0,Timed_out,520.0,
2023-04-09 01:03:00,1.16.3,Free_feed,4,4.08,1.0,1,Pellet,Left,27,22,268,0,54.09,61.0,
2023-04-09 01:20:00,1.16.3,Free_feed,4,4.09,1.0,1,Pellet,Left,27,22,269,0,Timed_out,1034.0,
2023-04-09 01:20:00,1.16.3,Free_feed,4,4.08,1.0,1,Pellet,Left,27,22,270,0,13.92,21.0,
2023-04-09 01:22:00,1.16.3,Free_feed,4,4.08,,1,LeftWithPellet,Left,28,22,270,0,,,1.44
2023-04-09 01:23:00,1.16.3,Free_feed,4,4.09,1.0,1,Pellet,Left,28,22,271,0,Timed_out,157.0,
2023-04-09 01:23:00,1.16.3,Free_feed,4,4.08,1.0,1,Pellet,Left,28,22,272,0,0.13,2.0,
2023-04-09 01:23:00,1.16.3,Free_feed,4,4.08,1.0,1,Pellet,Left,28,22,273,0,10.28,17.0,
2023-04-09 01:24:00,1.16.3,Free_feed,4,4.07,,1,LeftWithPellet,Left,29,22,273,0,,,0.72
2023-04-09 01:24:00,1.16.3,Free_feed,4,4.08,1.0,1,Pellet,Left,29,22,274,0,15.68,22.0,
2023-04-09 01:45:00,1.16.3,Free_feed,4,4.08,,1,LeftWithPellet,Left,30,22,274,0,,,0.12
2023-04-09 01:49:00,1.16.3,Free_feed,4,4.08,1.0,1,Pellet,Left,30,22,275,0,Timed_out,1520.0,
2023-04-09 01:49:00,1.16.3,Free_feed,4,4.08,3.0,1,Pellet,Left,30,22,276,0,0.98,11.0,
2023-04-09 01:49:00,1.16.3,Free_feed,4,4.08,1.0,1,Pellet,Left,30,22,277,0,0.52,2.0,
2023-04-09 02:00:00,1.16.3,Free_feed,4,4.09,1.0,1,Pellet,Left,30,22,278,0,Timed_out,673.0,
2023-04-09 02:00:00,1.16.3,Free_feed,4,4.08,1.0,1,Pellet,Left,30,22,279,0,4.08,11.0,
2023-04-09 02:01:00,1.16.3,Free_feed,4,4.08,1.0,1,Pellet,Left,30,22,280,0,10.41,17.0,
2023-04-09 02:04:00,1.16.3,Free_feed,4,4.08,,1,LeftWithPellet,Left,31,22,280,0,,,0.27
2023-04-09 02:13:00,1.16.3,Free_feed,4,4.08,2.0,1,Pellet,Left,31,22,281,0,Timed_out,706.0,
2023-04-09 02:19:00,1.16.3,Free_feed,4,4.09,1.0,1,Pellet,Left,31,22,282,0,Timed_out,389.0,
2023-04-09 02:22:00,1.16.3,Free_feed,4,4.08,,1,LeftWithPellet,Left,32,22,282,0,,,0.21
2023-04-09 02:23:00,1.16.3,Free_feed,4,4.08,2.0,1,Pellet,Left,32,22,283,0,Timed_out,229.0,
2023-04-09 03:54:00,1.16.3,Free_feed,4,4.07,,1,LeftWithPellet,Left,33,22,283,0,,,1.06
2023-04-09 03:54:00,1.16.3,Free_feed,4,4.07,1.0,1,Pellet,Left,33,22,284,0,Timed_out,5462.0,
2023-04-09 03:56:00,1.16.3,Free_feed,4,4.08,1.0,1,Pellet,Left,33,22,285,0,Timed_out,123.0,
2023-04-09 03:56:00,1.16.3,Free_feed,4,4.08,,1,LeftWithPellet,Left,34,22,285,0,,,0.48
2023-04-09 03:57:00,1.16.3,Free_feed,4,4.07,,1,RightWithPellet,Left,34,23,285,0,,,0.92
2023-04-09 03:58:00,1.16.3,Free_feed,4,4.07,1.0,1,Pellet,Left,34,23,286,0,Timed_out,117.0,
2023-04-09 03:58:00,1.16.3,Free_feed,4,4.07,1.0,1,Pellet,Left,34,23,287,0,16.63,24.0,
2023-04-09 04:03:00,1.16.3,Free_feed,4,4.08,1.0,1,Pellet,Left,34,23,288,0,Timed_out,280.0,
2023-04-09 04:03:00,1.16.3,Free_feed,4,4.07,1.0,1,Pellet,Left,34,23,289,0,8.1,16.0,
2023-04-09 04:06:00,1.16.3,Free_feed,4,4.07,1.0,1,Pellet,Left,34,23,290,0,Timed_out,139.0,
2023-04-09 04:06:00,1.16.3,Free_feed,4,4.07,1.0,1,Pellet,Left,34,23,291,0,0.06,7.0,
2023-04-09 04:08:00,1.16.3,Free_feed,4,4.07,1.0,1,Pellet,Left,34,23,292,0,Timed_out,141.0,
2023-04-09 04:08:00,1.16.3,Free_feed,4,4.07,1.0,1,Pellet,Left,34,23,293,0,8.57,16.0,
2023-04-09 04:08:00,1.16.3,Free_feed,4,4.07,1.0,1,Pellet,Left,34,23,294,0,5.6,13.0,
2023-04-09 04:13:00,1.16.3,Free_feed,4,4.07,1.0,1,Pellet,Left,34,23,295,0,Timed_out,267.0,
2023-04-09 04:14:00,1.16.3,Free_feed,4,4.07,1.0,1,Pellet,Left,34,23,296,0,35.42,37.0,
2023-04-09 04:14:00,1.16.3,Free_feed,4,4.07,1.0,1,Pellet,Left,34,23,297,0,8.1,15.0,
2023-04-09 04:14:00,1.16.3,Free_feed,4,4.07,1.0,1,Pellet,Left,34,23,298,0,12.39,19.0,
2023-04-09 04:14:00,1.16.3,Free_feed,4,4.07,1.0,1,Pellet,Left,34,23,299,0,10.94,18.0,
2023-04-09 04:15:00,1.16.3,Free_feed,4,4.07,,1,LeftWithPellet,Left,35,23,299,0,,,0.28
2023-04-09 04:20:00,1.16.3,Free_feed,4,4.07,2.0,1,Pellet,Left,35,23,300,0,Timed_out,350.0,
2023-04-09 04:21:00,1.16.3,Free_feed,4,4.07,1.0,1,Pellet,Left,35,23,301,0,9.36,16.0,
2023-04-09 04:28:00,1.16.3,Free_feed,4,4.07,1.0,1,Pellet,Left,35,23,302,0,Timed_out,455.0,
2023-04-09 04:28:00,1.16.3,Free_feed,4,4.07,1.0,1,Pellet,Left,35,23,303,0,5.27,12.0,
2023-04-09 04:31:00,1.16.3,Free_feed,4,4.08,1.0,1,Pellet,Left,35,23,304,0,Timed_out,148.0,
2023-04-09 04:32:00,1.16.3,Free_feed,4,4.08,2.0,1,Pellet,Left,35,23,305,0,Timed_out,98.0,
2023-04-09 04:34:00,1.16.3,Free_feed,4,4.07,1.0,1,Pellet,Left,35,23,306,0,Timed_out,72.0,
2023-04-09 04:34:00,1.16.3,Free_feed,4,4.07,1.0,1,Pellet,Left,35,23,307,0,8.83,16.0,
2023-04-09 04:36:00,1.16.3,Free_feed,4,4.08,,1,LeftWithPellet,Left,36,23,307,0,,,0.18
2023-04-09 04:37:00,1.16.3,Free_feed,4,4.07,2.0,1,Pellet,Left,36,23,308,0,Timed_out,178.0,
2023-04-09 04:37:00,1.16.3,Free_feed,4,4.07,1.0,1,Pellet,Left,36,23,309,0,3.68,11.0,
2023-04-09 05:16:00,1.16.3,Free_feed,4,4.07,1.0,1,Pellet,Left,36,23,310,0,Timed_out,2344.0,
2023-04-09 05:16:00,1.16.3,Free_feed,4,4.07,,1,RightWithPellet,Left,36,24,310,0,,,1.45
2023-04-09 05:16:00,1.16.3,Free_feed,4,4.07,,1,RightWithPellet,Left,36,25,310,0,,,0.01
2023-04-09 05:16:00,1.16.3,Free_feed,4,4.07,,1,RightWithPellet,Left,36,26,310,0,,,0.03
2023-04-09 05:17:00,1.16.3,Free_feed,4,4.07,1.0,1,Pellet,Left,36,26,311,0,42.09,49.0,
2023-04-09 05:17:00,1.16.3,Free_feed,4,4.07,,1,LeftDuringDispense,Left,37,26,311,0,,,0.78
2023-04-09 05:27:00,1.16.3,Free_feed,4,4.07,,1,LeftWithPellet,Left,38,26,311,0,,,0.06
2023-04-09 05:31:00,1.16.3,Free_feed,4,4.07,1.0,1,Pellet,Left,38,26,312,0,Timed_out,850.0,
2023-04-09 05:31:00,1.16.3,Free_feed,4,4.07,1.0,1,Pellet,Left,38,26,313,0,10.01,16.0,
2023-04-09 05:32:00,1.16.3,Free_feed,4,4.07,1.0,1,Pellet,Left,38,26,314,0,6.05,13.0,
2023-04-09 05:32:00,1.16.3,Free_feed,4,4.07,,1,LeftWithPellet,Left,39,26,314,0,,,0.01
2023-04-09 05:35:00,1.16.3,Free_feed,4,4.07,1.0,1,Pellet,Left,39,26,315,0,Timed_out,210.0,
2023-04-09 05:49:00,1.16.3,Free_feed,4,4.07,3.0,1,Pellet,Left,39,26,316,0,Timed_out,833.0,
2023-04-09 05:49:00,1.16.3,Free_feed,4,4.07,1.0,1,Pellet,Left,39,26,317,0,5.46,13.0,
2023-04-09 05:49:00,1.16.3,Free_feed,4,4.07,1.0,1,Pellet,Left,39,26,318,0,13.64,20.0,
2023-04-09 05:50:00,1.16.3,Free_feed,4,4.07,1.0,1,Pellet,Left,39,26,319,0,1.97,8.0,
2023-04-09 05:54:00,1.16.3,Free_feed,4,4.07,,1,LeftWithPellet,Left,40,26,319,0,,,0.31
2023-04-09 06:23:00,1.16.3,Free_feed,4,4.07,1.0,1,Pellet,Left,40,26,320,0,Timed_out,2024.0,
2023-04-09 06:24:00,1.16.3,Free_feed,4,4.07,1.0,1,Pellet,Left,40,26,321,0,25.63,33.0,
2023-04-09 06:25:00,1.16.3,Free_feed,4,4.07,1.0,1,Pellet,Left,40,26,322,0,46.14,54.0,
2023-04-09 06:28:00,1.16.3,Free_feed,4,4.07,1.0,1,Pellet,Left,40,26,323,0,Timed_out,174.0,
2023-04-09 06:28:00,1.16.3,Free_feed,4,4.06,1.0,1,Pellet,Left,40,26,324,0,5.53,13.0,
2023-04-09 06:55:00,1.16.3,Free_feed,4,4.07,1.0,1,Pellet,Left,40,26,325,0,Timed_out,1597.0,
2023-04-09 06:58:00,1.16.3,Free_feed,4,4.07,,1,RightWithPellet,Left,40,27,325,0,,,0.57
2023-04-09 06:59:00,1.16.3,Free_feed,4,4.07,1.0,1,Pellet,Left,40,27,326,0,Timed_out,252.0,
2023-04-09 08:25:00,1.16.3,Free_feed,4,4.07,1.0,1,Pellet,Left,40,27,327,0,Timed_out,5195.0,
2023-04-09 08:26:00,1.16.3,Free_feed,4,4.06,1.0,1,Pellet,Left,40,27,328,0,22.06,29.0,
2023-04-09 08:26:00,1.16.3,Free_feed,4,4.06,2.0,1,Pellet,Left,40,27,329,0,6.19,15.0,
2023-04-09 08:27:00,1.16.3,Free_feed,4,4.07,,1,LeftWithPellet,Left,41,27,329,0,,,0.66
2023-04-09 08:27:00,1.16.3,Free_feed,4,4.06,,1,LeftWithPellet,Left,42,27,329,0,,,0.33
2023-04-09 08:28:00,1.16.3,Free_feed,4,4.06,1.0,1,Pellet,Left,42,27,330,0,Timed_out,92.0,
2023-04-09 08:28:00,1.16.3,Free_feed,4,4.06,1.0,1,Pellet,Left,42,27,331,0,19.54,27.0,
2023-04-09 08:33:00,1.16.3,Free_feed,4,4.06,1.0,1,Pellet,Left,42,27,332,0,Timed_out,285.0,
2023-04-09 08:33:00,1.16.3,Free_feed,4,4.07,2.0,1,Pellet,Left,42,27,333,0,8.5,17.0,
2023-04-09 08:36:00,1.16.3,Free_feed,4,4.06,1.0,1,Pellet,Left,42,27,334,0,Timed_out,201.0,
2023-04-09 10:08:00,1.16.3,Free_feed,4,4.06,1.0,1,Pellet,Left,42,27,335,0,Timed_out,5488.0,
2023-04-09 10:08:00,1.16.3,Free_feed,4,4.06,2.0,1,Pellet,Left,42,27,336,0,6.59,16.0,
2023-04-09 10:10:00,1.16.3,Free_feed,4,4.05,1.0,1,Pellet,Left,42,27,337,0,Timed_out,91.0,
2023-04-09 10:10:00,1.16.3,Free_feed,4,4.05,1.0,1,Pellet,Left,42,27,338,0,31.65,39.0,
2023-04-09 10:53:00,1.16.3,Free_feed,4,4.05,2.0,1,Pellet,Left,42,27,339,0,Timed_out,2568.0,
2023-04-09 10:53:00,1.16.3,Free_feed,4,4.06,1.0,1,Pellet,Left,42,27,340,0,0.13,1.0,
2023-04-09 10:53:00,1.16.3,Free_feed,4,4.06,1.0,1,Pellet,Left,42,27,341,0,14.05,21.0,
2023-04-09 10:54:00,1.16.3,Free_feed,4,4.05,1.0,1,Pellet,Left,42,27,342,0,18.81,25.0,
2023-04-09 10:54:00,1.16.3,Free_feed,4,4.06,1.0,1,Pellet,Left,42,27,343,0,18.94,26.0,
2023-04-09 11:09:00,1.16.3,Free_feed,4,4.05,1.0,1,Pellet,Left,42,27,344,0,Timed_out,855.0,
2023-04-09 13:14:00,1.16.3,Free_feed,4,4.05,1.0,1,Pellet,Left,42,27,345,0,Timed_out,7500.0,
2023-04-09 13:14:00,1.16.3,Free_feed,4,4.05,1.0,1,Pellet,Left,42,27,346,0,11.79,19.0,
2023-04-09 13:14:00,1.16.3,Free_feed,4,4.05,1.0,1,Pellet,Left,42,27,347,0,16.09,23.0,
2023-04-09 13:15:00,1.16.3,Free_feed,4,4.05,2.0,1,Pellet,Left,42,27,348,0,11.79,19.0,
2023-04-09 13:17:00,1.16.3,Free_feed,4,4.05,1.0,1,Pellet,Left,42,27,349,0,Timed_out,127.0,
2023-04-09 13:17:00,1.16.3,Free_feed,4,4.05,,1,LeftWithPellet,Left,43,27,349,0,,,0.09
2023-04-09 13:17:00,1.16.3,Free_feed,4,4.05,1.0,1,Pellet,Left,43,27,350,0,38.79,46.0,
2023-04-09 13:17:00,1.16.3,Free_feed,4,4.05,1.0,1,Pellet,Left,43,27,351,0,0.06,1.0,
2023-04-09 13:18:00,1.16.3,Free_feed,4,4.05,1.0,1,Pellet,Left,43,27,352,0,14.04,21.0,
2023-04-09 13:18:00,1.16.3,Free_feed,4,4.05,1.0,1,Pellet,Left,43,27,353,0,31.84,39.0,
2023-04-09 15:17:00,1.16.3,Free_feed,4,4.05,2.0,1,Pellet,Left,43,27,354,0,Timed_out,7081.0,
2023-04-09 15:17:00,1.16.3,Free_feed,4,4.05,1.0,1,Pellet,Left,43,27,355,0,14.58,21.0,
2023-04-09 15:17:00,1.16.3,Free_feed,4,4.05,1.0,1,Pellet,Left,43,27,356,0,24.04,31.0,
2023-04-09 15:18:00,1.16.3,Free_feed,4,4.04,1.0,1,Pellet,Left,43,27,357,0,9.03,16.0,
2023-04-09 15:21:00,1.16.3,Free_feed,4,4.05,2.0,1,Pellet,Left,43,27,358,0,Timed_out,190.0,
2023-04-09 15:21:00,1.16.3,Free_feed,4,4.05,1.0,1,Pellet,Left,43,27,359,0,22.85,29.0,
2023-04-09 15:22:00,1.16.3,Free_feed,4,4.04,1.0,1,Pellet,Left,43,27,360,0,10.22,18.0,
2023-04-09 15:22:00,1.16.3,Free_feed,4,4.04,1.0,1,Pellet,Left,43,27,361,0,15.24,22.0,
2023-04-09 16:18:00,1.16.3,Free_feed,4,4.04,1.0,1,Pellet,Left,43,27,362,0,Timed_out,3354.0,
2023-04-09 16:19:00,1.16.3,Free_feed,4,4.04,1.0,1,Pellet,Left,43,27,363,0,46.69,54.0,
2023-04-09 17:26:00,1.16.3,Free_feed,4,4.04,1.0,1,Pellet,Left,43,27,364,0,Timed_out,4050.0,
2023-04-09 17:27:00,1.16.3,Free_feed,4,4.04,1.0,1,Pellet,Left,43,27,365,0,7.64,15.0,
2023-04-09 17:27:00,1.16.3,Free_feed,4,4.04,1.0,1,Pellet,Left,43,27,366,0,24.11,31.0,
2023-04-09 17:27:00,1.16.3,Free_feed,4,4.04,1.0,1,Pellet,Left,43,27,367,0,12.93,20.0,
2023-04-09 17:28:00,1.16.3,Free_feed,4,4.04,1.0,1,Pellet,Left,43,27,368,0,14.52,22.0,
2023-04-09 17:32:00,1.16.3,Free_feed,4,4.04,1.0,1,Pellet,Left,43,27,369,0,Timed_out,227.0,
2023-04-09 18:38:00,1.16.3,Free_feed,4,4.03,1.0,1,Pellet,Left,43,27,370,0,Timed_out,3977.0,
2023-04-09 18:38:00,1.16.3,Free_feed,4,4.03,1.0,1,Pellet,Left,43,27,371,0,20.33,27.0,
2023-04-09 18:38:00,1.16.3,Free_feed,4,4.03,1.0,1,Pellet,Left,43,27,372,0,2.89,9.0,
2023-04-09 18:39:00,1.16.3,Free_feed,4,4.03,1.0,1,Pellet,Left,43,27,373,0,11.08,18.0,
2023-04-09 18:39:00,1.16.3,Free_feed,4,4.03,2.0,1,Pellet,Left,43,27,374,0,12,19.0,
2023-04-09 18:39:00,1.16.3,Free_feed,4,4.03,,1,LeftWithPellet,Left,44,27,374,0,,,0.08
2023-04-09 18:39:00,1.16.3,Free_feed,4,4.03,,1,LeftWithPellet,Left,45,27,374,0,,,1.28
2023-04-09 18:41:00,1.16.3,Free_feed,4,4.04,1.0,1,Pellet,Left,45,27,375,0,Timed_out,102.0,
2023-04-09 18:42:00,1.16.3,Free_feed,4,4.04,1.0,1,Pellet,Left,45,27,376,0,Timed_out,84.0,
2023-04-09 18:42:00,1.16.3,Free_feed,4,4.03,1.0,1,Pellet,Left,45,27,377,0,6.13,8.0,
2023-04-09 18:43:00,1.16.3,Free_feed,4,4.04,,1,LeftWithPellet,Left,46,27,377,0,,,0.02
2023-04-09 18:43:00,1.16.3,Free_feed,4,4.04,,1,LeftWithPellet,Left,47,27,377,0,,,0.05
2023-04-09 18:43:00,1.16.3,Free_feed,4,4.03,,1,LeftWithPellet,Left,48,27,377,0,,,0.57
2023-04-09 18:50:00,1.16.3,Free_feed,4,4.03,1.0,1,Pellet,Left,48,27,378,0,Timed_out,445.0,
2023-04-09 18:50:00,1.16.3,Free_feed,4,4.04,1.0,1,Pellet,Left,48,27,379,0,11.54,19.0,
2023-04-09 19:24:00,1.16.3,Free_feed,4,4.03,1.0,1,Pellet,Left,48,27,380,0,Timed_out,2045.0,
2023-04-09 19:24:00,1.16.3,Free_feed,4,4.03,1.0,1,Pellet,Left,48,27,381,0,12.66,19.0,
2023-04-09 19:25:00,1.16.3,Free_feed,4,4.03,,1,RightWithPellet,Left,48,28,381,0,,,0.64
2023-04-09 19:25:00,1.16.3,Free_feed,4,4.03,1.0,1,Pellet,Left,48,28,382,0,4.51,12.0,
2023-04-09 19:26:00,1.16.3,Free_feed,4,4.03,1.0,1,Pellet,Left,48,28,383,0,Timed_out,87.0,
2023-04-09 19:27:00,1.16.3,Free_feed,4,4.03,2.0,1,Pellet,Left,48,28,384,0,59.79,67.0,
2023-04-09 19:29:00,1.16.3,Free_feed,4,4.03,1.0,1,Pellet,Left,48,28,385,0,Timed_out,133.0,
2023-04-09 19:40:00,1.16.3,Free_feed,4,4.03,1.0,1,Pellet,Left,48,28,386,0,Timed_out,647.0,
2023-04-09 19:41:00,1.16.3,Free_feed,4,4.03,1.0,1,Pellet,Left,48,28,387,0,21.92,29.0,
2023-04-09 19:44:00,1.16.3,Free_feed,4,4.03,,1,LeftWithPellet,Left,49,28,387,0,,,0.06
2023-04-09 19:50:00,1.16.3,Free_feed,4,4.03,2.0,1,Pellet,Left,49,28,388,0,Timed_out,581.0,
2023-04-09 19:51:00,1.16.3,Free_feed,4,4.03,1.0,1,Pellet,Left,49,28,389,0,17.03,24.0,
2023-04-09 19:54:00,1.16.3,Free_feed,4,4.03,1.0,1,Pellet,Left,49,28,390,0,Timed_out,202.0,
2023-04-09 19:54:00,1.16.3,Free_feed,4,4.03,1.0,1,Pellet,Left,49,28,391,0,4.54,11.0,
2023-04-09 19:55:00,1.16.3,Free_feed,4,4.03,1.0,1,Pellet,Left,49,28,392,0,11.34,18.0,
2023-04-09 19:55:00,1.16.3,Free_feed,4,4.03,2.0,1,Pellet,Left,49,28,393,0,23.52,30.0,
2023-04-09 19:59:00,1.16.3,Free_feed,4,4.03,2.0,1,Pellet,Left,49,28,394,0,Timed_out,228.0,
2023-04-09 20:01:00,1.16.3,Free_feed,4,4.03,1.0,1,Pellet,Left,49,28,395,0,Timed_out,107.0,
2023-04-09 20:03:00,1.16.3,Free_feed,4,4.03,1.0,1,Pellet,Left,49,28,396,0,Timed_out,161.0,
2023-04-09 20:03:00,1.16.3,Free_feed,4,4.04,1.0,1,Pellet,Left,49,28,397,0,0.13,1.0,
2023-04-09 20:12:00,1.16.3,Free_feed,4,4.03,,1,LeftWithPellet,Left,50,28,397,0,,,0.81
2023-04-09 20:12:00,1.16.3,Free_feed,4,4.03,1.0,1,Pellet,Left,50,28,398,0,Timed_out,508.0,
2023-04-09 20:14:00,1.16.3,Free_feed,4,4.03,1.0,1,Pellet,Left,50,28,399,0,Timed_out,103.0,
2023-04-09 20:22:00,1.16.3,Free_feed,4,4.03,1.0,1,Pellet,Left,50,28,400,0,Timed_out,531.0,
2023-04-09 20:41:00,1.16.3,Free_feed,4,4.03,1.0,1,Pellet,Left,50,28,401,0,Timed_out,1094.0,
2023-04-09 20:44:00,1.16.3,Free_feed,4,4.03,1.0,1,Pellet,Left,50,28,402,0,Timed_out,188.0,
2023-04-09 20:51:00,1.16.3,Free_feed,4,4.03,1.0,1,Pellet,Left,50,28,403,0,Timed_out,409.0,
2023-04-09 20:51:00,1.16.3,Free_feed,4,4.03,1.0,1,Pellet,Left,50,28,404,0,6.32,14.0,
2023-04-09 20:54:00,1.16.3,Free_feed,4,4.03,1.0,1,Pellet,Left,50,28,405,0,Timed_out,166.0,
2023-04-09 20:55:00,1.16.3,Free_feed,4,4.03,,1,RightWithPellet,Left,50,29,405,0,,,0.7
2023-04-09 20:55:00,1.16.3,Free_feed,4,4.03,1.0,1,Pellet,Left,50,29,406,0,Timed_out,71.0,
2023-04-09 20:56:00,1.16.3,Free_feed,4,4.03,1.0,1,Pellet,Left,50,29,407,0,50.74,57.0,
2023-04-09 21:03:00,1.16.3,Free_feed,4,4.02,2.0,1,Pellet,Left,50,29,408,0,Timed_out,408.0,
2023-04-09 21:04:00,1.16.3,Free_feed,4,4.03,1.0,1,Pellet,Left,50,29,409,0,Timed_out,88.0,
2023-04-09 21:08:00,1.16.3,Free_feed,4,4.03,1.0,1,Pellet,Left,50,29,410,0,Timed_out,241.0,
2023-04-09 21:12:00,1.16.3,Free_feed,4,4.03,1.0,1,Pellet,Left,50,29,411,0,Timed_out,212.0,
2023-04-09 21:22:00,1.16.3,Free_feed,4,4.03,1.0,1,Pellet,Left,50,29,412,0,Timed_out,600.0,
2023-04-09 21:23:00,1.16.3,Free_feed,4,4.03,1.0,1,Pellet,Left,50,29,413,0,Timed_out,82.0,
2023-04-09 21:24:00,1.16.3,Free_feed,4,4.03,1.0,1,Pellet,Left,50,29,414,0,Timed_out,96.0,
2023-04-09 21:31:00,1.16.3,Free_feed,4,4.03,1.0,1,Pellet,Left,50,29,415,0,Timed_out,385.0,
2023-04-09 21:32:00,1.16.3,Free_feed,4,4.03,2.0,1,Pellet,Left,50,29,416,0,32.64,42.0,
2023-04-09 21:32:00,1.16.3,Free_feed,4,4.03,1.0,1,Pellet,Left,50,29,417,0,13.85,21.0,
2023-04-09 21:32:00,1.16.3,Free_feed,4,4.03,1.0,1,Pellet,Left,50,29,418,0,4.34,11.0,
2023-04-09 21:39:00,1.16.3,Free_feed,4,4.03,2.0,1,Pellet,Left,50,29,419,0,Timed_out,439.0,
2023-04-09 21:46:00,1.16.3,Free_feed,4,4.03,1.0,1,Pellet,Left,50,29,420,0,Timed_out,405.0,
2023-04-09 21:51:00,1.16.3,Free_feed,4,4.03,,1,RightWithPellet,Left,50,30,420,0,,,0.45
2023-04-09 21:52:00,1.16.3,Free_feed,4,4.03,1.0,1,Pellet,Left,50,30,421,0,Timed_out,320.0,
2023-04-09 22:10:00,1.16.3,Free_feed,4,4.03,3.0,1,Pellet,Left,50,30,422,0,Timed_out,1112.0,
2023-04-09 22:10:00,1.16.3,Free_feed,4,4.03,1.0,1,Pellet,Left,50,30,423,0,0.06,1.0,
2023-04-09 22:14:00,1.16.3,Free_feed,4,4.03,1.0,1,Pellet,Left,50,30,424,0,Timed_out,230.0,
2023-04-09 22:15:00,1.16.3,Free_feed,4,4.03,,1,LeftWithPellet,Left,51,30,424,0,,,0.15
2023-04-09 22:15:00,1.16.3,Free_feed,4,4.03,2.0,1,Pellet,Left,51,30,425,0,49.03,58.0,
2023-04-09 22:17:00,1.16.3,Free_feed,4,4.03,1.0,1,Pellet,Left,51,30,426,0,Timed_out,130.0,
2023-04-09 22:18:00,1.16.3,Free_feed,4,4.02,1.0,1,Pellet,Left,51,30,427,0,27.67,35.0,
2023-04-09 22:19:00,1.16.3,Free_feed,4,4.03,1.0,1,Pellet,Left,51,30,428,0,Timed_out,68.0,
2023-04-09 22:34:00,1.16.3,Free_feed,4,4.03,1.0,1,Pellet,Left,51,30,429,0,Timed_out,912.0,
2023-04-09 22:41:00,1.16.3,Free_feed,4,4.03,3.0,1,Pellet,Left,51,30,430,0,Timed_out,423.0,
2023-04-09 22:44:00,1.16.3,Free_feed,4,4.03,1.0,1,Pellet,Left,51,30,431,0,Timed_out,179.0,
2023-04-09 23:06:00,1.16.3,Free_feed,4,4.02,,1,LeftWithPellet,Left,52,30,431,0,,,0.61
2023-04-09 23:09:00,1.16.3,Free_feed,4,4.03,,1,LeftWithPellet,Left,53,30,431,0,,,1.48
2023-04-09 23:09:00,1.16.3,Free_feed,4,4.02,,1,LeftWithPellet,Left,54,30,431,0,,,0.48
2023-04-09 23:10:00,1.16.3,Free_feed,4,4.02,1.0,1,Pellet,Left,54,30,432,0,Timed_out,1531.0,
2023-04-09 23:12:00,1.16.3,Free_feed,4,4.03,1.0,1,Pellet,Left,54,30,433,0,Timed_out,140.0,
2023-04-09 23:12:00,1.16.3,Free_feed,4,4.02,1.0,1,Pellet,Left,54,30,434,0,8.89,16.0,
2023-04-09 23:13:00,1.16.3,Free_feed,4,4.02,,1,RightWithPellet,Left,54,31,434,0,,,0.24
2023-04-09 23:14:00,1.16.3,Free_feed,4,4.02,1.0,1,Pellet,Left,54,31,435,0,Timed_out,135.0,
2023-04-09 23:20:00,1.16.3,Free_feed,4,4.02,1.0,1,Pellet,Left,54,31,436,0,Timed_out,330.0,
2023-04-09 23:20:00,1.16.3,Free_feed,4,4.02,1.0,1,Pellet,Left,54,31,437,0,26.41,34.0,
2023-04-09 23:23:00,1.16.3,Free_feed,4,4.02,1.0,1,Pellet,Left,54,31,438,0,Timed_out,134.0,
2023-04-09 23:23:00,1.16.3,Free_feed,4,4.02,1.0,1,Pellet,Left,54,31,439,0,0.06,1.0,
2023-04-09 23:23:00,1.16.3,Free_feed,4,4.02,1.0,1,Pellet,Left,54,31,440,0,0.78,2.0,
2023-04-09 23:24:00,1.16.3,Free_feed,4,4.02,1.0,1,Pellet,Left,54,31,441,0,Timed_out,104.0,
2023-04-09 23:25:00,1.16.3,Free_feed,4,4.02,1.0,1,Pellet,Left,54,31,442,0,2.3,9.0,
2023-04-09 23:25:00,1.16.3,Free_feed,4,4.02,1.0,1,Pellet,Left,54,31,443,0,9.36,16.0,
2023-04-09 23:25:00,1.16.3,Free_feed,4,4.02,1.0,1,Pellet,Left,54,31,444,0,0.26,1.0,
2023-04-09 23:25:00,1.16.3,Free_feed,4,4.02,1.0,1,Pellet,Left,54,31,445,0,0.06,1.0,
2023-04-09 23:27:00,1.16.3,Free_feed,4,4.03,1.0,1,Pellet,Left,54,31,446,0,Timed_out,101.0,
2023-04-09 23:27:00,1.16.3,Free_feed,4,4.02,1.0,1,Pellet,Left,54,31,447,0,30.71,38.0,
2023-04-09 23:27:00,1.16.3,Free_feed,4,4.02,3.0,1,Pellet,Left,54,31,448,0,0.19,12.0,
2023-04-09 23:28:00,1.16.3,Free_feed,4,4.02,,1,LeftWithPellet,Left,55,31,448,0,,,0.23
2023-04-09 23:32:00,1.16.3,Free_feed,4,4.02,1.0,1,Pellet,Left,55,31,449,0,Timed_out,289.0,
2023-04-09 23:35:00,1.16.3,Free_feed,4,4.02,2.0,1,Pellet,Left,55,31,450,0,Timed_out,160.0,
2023-04-09 23:35:00,1.16.3,Free_feed,4,4.02,1.0,1,Pellet,Left,55,31,451,0,8.23,14.0,
2023-04-09 23:35:00,1.16.3,Free_feed,4,4.02,1.0,1,Pellet,Left,55,31,452,0,12.52,20.0,
2023-04-09 23:41:00,1.16.3,Free_feed,4,4.02,1.0,1,Pellet,Left,55,31,453,0,Timed_out,343.0,
2023-04-09 23:42:00,1.16.3,Free_feed,4,4.02,1.0,1,Pellet,Left,55,31,454,0,53.2,61.0,
2023-04-09 23:43:00,1.16.3,Free_feed,4,4.02,1.0,1,Pellet,Left,55,31,455,0,23.23,30.0,
2023-04-09 23:45:00,1.16.3,Free_feed,4,4.02,2.0,1,Pellet,Left,55,31,456,0,Timed_out,115.0,
2023-04-09 23:47:00,1.16.3,Free_feed,4,4.02,1.0,1,Pellet,Left,55,31,457,0,Timed_out,129.0,
2023-04-09 23:50:00,1.16.3,Free_feed,4,4.02,1.0,1,Pellet,Left,55,31,458,0,Timed_out,191.0,
2023-04-09 23:51:00,1.16.3,Free_feed,4,4.02,1.0,1,Pellet,Left,55,31,459,0,Timed_out,84.0,
2023-04-09 23:54:00,1.16.3,Free_feed,4,4.02,1.0,1,Pellet,Left,55,31,460,0,Timed_out,163.0,
2023-04-09 23:54:00,1.16.3,Free_feed,4,4.02,1.0,1,Pellet,Left,55,31,461,0,0.06,7.0,
2023-04-09 23:54:00,1.16.3,Free_feed,4,4.02,2.0,1,Pellet,Left,55,31,462,0,0.06,6.0,
2023-04-10 00:00:00,1.16.3,Free_feed,4,4.02,2.0,1,Pellet,Left,55,31,463,0,Timed_out,336.0,
2023-04-10 00:00:00,1.16.3,Free_feed,4,4.02,1.0,1,Pellet,Left,55,31,464,0,0.06,1.0,
2023-04-10 00:00:00,1.16.3,Free_feed,4,4.02,,1,RightDuringDispense,Left,55,32,464,0,,,0.66
2023-04-10 00:00:00,1.16.3,Free_feed,4,4.02,2.0,1,Pellet,Left,55,32,465,0,1.64,10.0,
2023-04-10 00:00:00,1.16.3,Free_feed,4,4.02,2.0,1,Pellet,Left,55,32,466,0,7.05,15.0,
2023-04-10 00:03:00,1.16.3,Free_feed,4,4.02,,1,LeftWithPellet,Left,56,32,466,0,,,0.12
2023-04-10 00:03:00,1.16.3,Free_feed,4,4.02,1.0,1,Pellet,Left,56,32,467,0,Timed_out,138.0,
2023-04-10 00:20:00,1.16.3,Free_feed,4,4.02,,1,LeftWithPellet,Left,57,32,467,0,,,0.04
2023-04-10 00:20:00,1.16.3,Free_feed,4,4.02,1.0,1,Pellet,Left,57,32,468,0,Timed_out,1021.0,
2023-04-10 00:24:00,1.16.3,Free_feed,4,4.02,2.0,1,Pellet,Left,57,32,469,0,Timed_out,235.0,
2023-04-10 00:24:00,1.16.3,Free_feed,4,4.02,1.0,1,Pellet,Left,57,32,470,0,0.19,1.0,
2023-04-10 00:27:00,1.16.3,Free_feed,4,4.02,1.0,1,Pellet,Left,57,32,471,0,Timed_out,224.0,
2023-04-10 00:35:00,1.16.3,Free_feed,4,4.02,,1,LeftWithPellet,Left,58,32,471,0,,,0.1
2023-04-10 00:44:00,1.16.3,Free_feed,4,4.02,1.0,1,Pellet,Left,58,32,472,0,Timed_out,974.0,
2023-04-10 00:46:00,1.16.3,Free_feed,4,4.02,1.0,1,Pellet,Left,58,32,473,0,Timed_out,130.0,
2023-04-10 00:56:00,1.16.3,Free_feed,4,4.02,1.0,1,Pellet,Left,58,32,474,0,Timed_out,645.0,
2023-04-10 01:01:00,1.16.3,Free_feed,4,4.02,1.0,1,Pellet,Left,58,32,475,0,Timed_out,269.0,
2023-04-10 01:01:00,1.16.3,Free_feed,4,4.02,1.0,1,Pellet,Left,58,32,476,0,20.92,27.0,
2023-04-10 01:04:00,1.16.3,Free_feed,4,4.02,1.0,1,Pellet,Left,58,32,477,0,Timed_out,142.0,
2023-04-10 01:10:00,1.16.3,Free_feed,4,4.02,,1,RightWithPellet,Left,58,33,477,0,,,0.16
2023-04-10 01:13:00,1.16.3,Free_feed,4,4.02,1.0,1,Pellet,Left,58,33,478,0,Timed_out,526.0,
2023-04-10 01:13:00,1.16.3,Free_feed,4,4.02,2.0,1,Pellet,Left,58,33,479,0,6.39,13.0,
2023-04-10 01:13:00,1.16.3,Free_feed,4,4.02,2.0,1,Pellet,Left,58,33,480,0,15.83,25.0,
2023-04-10 01:24:00,1.16.3,Free_feed,4,4.02,1.0,1,Pellet,Left,58,33,481,0,Timed_out,663.0,
2023-04-10 01:25:00,1.16.3,Free_feed,4,4.02,1.0,1,Pellet,Left,58,33,482,0,45.15,52.0,
2023-04-10 01:59:00,1.16.3,Free_feed,4,4.02,1.0,1,Pellet,Left,58,33,483,0,Timed_out,2047.0,
2023-04-10 02:02:00,1.16.3,Free_feed,4,4.02,1.0,1,Pellet,Left,58,33,484,0,Timed_out,178.0,
2023-04-10 02:02:00,1.16.3,Free_feed,4,4.02,2.0,1,Pellet,Left,58,33,485,0,1.24,8.0,
2023-04-10 02:04:00,1.16.3,Free_feed,4,4.02,1.0,1,Pellet,Left,58,33,486,0,Timed_out,106.0,
2023-04-10 02:15:00,1.16.3,Free_feed,4,4.02,1.0,1,Pellet,Left,58,33,487,0,Timed_out,683.0,
2023-04-10 02:15:00,1.16.3,Free_feed,4,4.02,1.0,1,Pellet,Left,58,33,488,0,0.06,1.0,
2023-04-10 02:16:00,1.16.3,Free_feed,4,4.02,1.0,1,Pellet,Left,58,33,489,0,30.39,37.0,
2023-04-10 02:25:00,1.16.3,Free_feed,4,4.02,1.0,1,Pellet,Left,58,33,490,0,Timed_out,553.0,
2023-04-10 02:26:00,1.16.3,Free_feed,4,4.02,,1,LeftWithPellet,Left,59,33,490,0,,,0.06
2023-04-10 02:34:00,1.16.3,Free_feed,4,4.02,1.0,1,Pellet,Left,59,33,491,0,Timed_out,528.0,
2023-04-10 03:21:00,1.16.3,Free_feed,4,4.02,1.0,1,Pellet,Left,59,33,492,0,Timed_out,2816.0,
2023-04-10 03:21:00,1.16.3,Free_feed,4,4.02,,1,LeftWithPellet,Left,60,33,492,0,,,0.09
2023-04-10 03:22:00,1.16.3,Free_feed,4,4.01,1.0,1,Pellet,Left,60,33,493,0,47.75,54.0,
2023-04-10 03:23:00,1.16.3,Free_feed,4,4.02,1.0,1,Pellet,Left,60,33,494,0,33.18,40.0,
2023-04-10 03:23:00,1.16.3,Free_feed,4,4.01,1.0,1,Pellet,Left,60,33,495,0,3.42,10.0,
2023-04-10 03:23:00,1.16.3,Free_feed,4,4.01,2.0,1,Pellet,Left,60,33,496,0,14.78,22.0,
2023-04-10 03:32:00,1.16.3,Free_feed,4,4.02,1.0,1,Pellet,Left,60,33,497,0,Timed_out,535.0,
2023-04-10 03:36:00,1.16.3,Free_feed,4,4.01,2.0,1,Pellet,Left,60,33,498,0,Timed_out,228.0,
2023-04-10 03:37:00,1.16.3,Free_feed,4,4.02,1.0,1,Pellet,Left,60,33,499,0,Timed_out,74.0,
2023-04-10 03:40:00,1.16.3,Free_feed,4,4.02,,1,LeftWithPellet,Left,61,33,499,0,,,0.01
2023-04-10 03:41:00,1.16.3,Free_feed,4,4.01,,1,LeftWithPellet,Left,62,33,499,0,,,1.2
2023-04-10 03:41:00,1.16.3,Free_feed,4,4.01,,1,LeftWithPellet,Left,63,33,499,0,,,0.05
2023-04-10 03:41:00,1.16.3,Free_feed,4,4.01,,1,LeftWithPellet,Left,64,33,499,0,,,0.03
2023-04-10 03:41:00,1.16.3,Free_feed,4,4.02,,1,LeftWithPellet,Left,65,33,499,0,,,0.11
2023-04-10 03:41:00,1.16.3,Free_feed,4,4.01,,1,LeftWithPellet,Left,66,33,499,0,,,0.15
2023-04-10 03:41:00,1.16.3,Free_feed,4,4.02,,1,LeftWithPellet,Left,67,33,499,0,,,0.12
2023-04-10 03:41:00,1.16.3,Free_feed,4,4.01,,1,LeftWithPellet,Left,68,33,499,0,,,0.16
2023-04-10 03:41:00,1.16.3,Free_feed,4,4.02,1.0,1,Pellet,Left,68,33,500,0,Timed_out,244.0,
2023-04-10 03:42:00,1.16.3,Free_feed,4,4.02,1.0,1,Pellet,Left,68,33,501,0,47.92,54.0,
2023-04-10 03:47:00,1.16.3,Free_feed,4,4.01,1.0,1,Pellet,Left,68,33,502,0,Timed_out,317.0,
2023-04-10 03:51:00,1.16.3,Free_feed,4,4.01,1.0,1,Pellet,Left,68,33,503,0,Timed_out,238.0,
2023-04-10 04:09:00,1.16.3,Free_feed,4,4.01,1.0,1,Pellet,Left,68,33,504,0,Timed_out,1067.0,
2023-04-10 04:17:00,1.16.3,Free_feed,4,4.01,2.0,1,Pellet,Left,68,33,505,0,Timed_out,486.0,
2023-04-10 04:18:00,1.16.3,Free_feed,4,4.01,1.0,1,Pellet,Left,68,33,506,0,34.83,42.0,
2023-04-10 04:19:00,1.16.3,Free_feed,4,4.01,1.0,1,Pellet,Left,68,33,507,0,32.78,40.0,
2023-04-10 04:43:00,1.16.3,Free_feed,4,4.02,1.0,1,Pellet,Left,68,33,508,0,Timed_out,1442.0,
2023-04-10 05:01:00,1.16.3,Free_feed,4,4.01,1.0,1,Pellet,Left,68,33,509,0,Timed_out,1117.0,
2023-04-10 05:02:00,1.16.3,Free_feed,4,4.0,1.0,1,Pellet,Left,68,33,510,0,15.03,23.0,
2023-04-10 05:04:00,1.16.3,Free_feed,4,4.01,2.0,1,Pellet,Left,68,33,511,0,Timed_out,172.0,
2023-04-10 05:05:00,1.16.3,Free_feed,4,4.01,1.0,1,Pellet,Left,68,33,512,0,14.37,16.0,
2023-04-10 05:08:00,1.16.3,Free_feed,4,4.01,1.0,1,Pellet,Left,68,33,513,0,Timed_out,210.0,
2023-04-10 05:09:00,1.16.3,Free_feed,4,4.01,1.0,1,Pellet,Left,68,33,514,0,31.78,38.0,
2023-04-10 05:13:00,1.16.3,Free_feed,4,4.01,1.0,1,Pellet,Left,68,33,515,0,Timed_out,241.0,
2023-04-10 05:13:00,1.16.3,Free_feed,4,4.01,1.0,1,Pellet,Left,68,33,516,0,31.18,38.0,
2023-04-10 06:12:00,1.16.3,Free_feed,4,4.0,1.0,1,Pellet,Left,68,33,517,0,Timed_out,3524.0,
2023-04-10 06:13:00,1.16.3,Free_feed,4,4.0,1.0,1,Pellet,Left,68,33,518,0,30.59,37.0,
2023-04-10 06:14:00,1.16.3,Free_feed,4,4.0,1.0,1,Pellet,Left,68,33,519,0,39.2,46.0,
2023-04-10 06:14:00,1.16.3,Free_feed,4,4.0,,1,LeftWithPellet,Left,69,33,519,0,,,0.06
2023-04-10 06:14:00,1.16.3,Free_feed,4,4.0,1.0,1,Pellet,Left,69,33,520,0,13.43,20.0,
2023-04-10 06:15:00,1.16.3,Free_feed,4,4.0,1.0,1,Pellet,Left,69,33,521,0,50.65,57.0,
2023-04-10 06:19:00,1.16.3,Free_feed,4,4.0,1.0,1,Pellet,Left,69,33,522,0,Timed_out,255.0,
2023-04-10 06:19:00,1.16.3,Free_feed,4,4.0,1.0,1,Pellet,Left,69,33,523,0,10.35,17.0,
2023-04-10 06:20:00,1.16.3,Free_feed,4,4.0,1.0,1,Pellet,Left,69,33,524,0,8.04,15.0,
2023-04-10 06:24:00,1.16.3,Free_feed,4,4.0,2.0,1,Pellet,Left,69,33,525,0,Timed_out,240.0,
2023-04-10 09:16:00,1.16.3,Free_feed,4,4.0,1.0,1,Pellet,Left,69,33,526,0,Timed_out,10327.0,
2023-04-10 09:16:00,1.16.3,Free_feed,4,4.0,1.0,1,Pellet,Left,69,33,527,0,6.65,13.0,
2023-04-10 09:16:00,1.16.3,Free_feed,4,4.0,1.0,1,Pellet,Left,69,33,528,0,10.48,18.0,
2023-04-10 09:17:00,1.16.3,Free_feed,4,4.0,2.0,1,Pellet,Left,69,33,529,0,12.27,19.0,
2023-04-10 09:17:00,1.16.3,Free_feed,4,4.0,1.0,1,Pellet,Left,69,33,530,0,11.93,18.0,
2023-04-10 09:19:00,1.16.3,Free_feed,4,4.0,1.0,1,Pellet,Left,69,33,531,0,Timed_out,118.0,
2023-04-10 09:19:00,1.16.3,Free_feed,4,4.0,,1,LeftWithPellet,Left,70,33,531,0,,,0.17
2023-04-10 09:19:00,1.16.3,Free_feed,4,4.0,1.0,1,Pellet,Left,70,33,532,0,26.38,33.0,
2023-04-10 09:20:00,1.16.3,Free_feed,4,4.0,2.0,1,Pellet,Left,70,33,533,0,7.12,16.0,
2023-04-10 09:20:00,1.16.3,Free_feed,4,4.0,1.0,1,Pellet,Left,70,33,534,0,0.06,1.0,
2023-04-10 09:20:00,1.16.3,Free_feed,4,4.0,1.0,1,Pellet,Left,70,33,535,0,0.85,7.0,
2023-04-10 09:20:00,1.16.3,Free_feed,4,4.0,1.0,1,Pellet,Left,70,33,536,0,9.82,17.0,
2023-04-10 09:22:00,1.16.3,Free_feed,4,4.0,,1,RightWithPellet,Left,70,34,536,0,,,0.99
2023-04-10 09:22:00,1.16.3,Free_feed,4,4.0,,1,RightWithPellet,Left,70,35,536,0,,,1.35
2023-04-10 09:23:00,1.16.3,Free_feed,4,4.0,,1,RightWithPellet,Left,70,36,536,0,,,1.14
2023-04-10 09:23:00,1.16.3,Free_feed,4,4.0,1.0,1,Pellet,Left,70,36,537,0,Timed_out,185.0,
2023-04-10 09:24:00,1.16.3,Free_feed,4,4.0,1.0,1,Pellet,Left,70,36,538,0,14.98,22.0,
2023-04-10 11:34:00,1.16.3,Free_feed,4,3.99,1.0,1,Pellet,Left,70,36,539,0,Timed_out,7850.0,
2023-04-10 11:34:00,1.16.3,Free_feed,4,4.0,1.0,1,Pellet,Left,70,36,540,0,0.06,1.0,
2023-04-10 11:35:00,1.16.3,Free_feed,4,3.99,1.0,1,Pellet,Left,70,36,541,0,8.5,16.0,
2023-04-10 11:37:00,1.16.3,Free_feed,4,3.99,1.0,1,Pellet,Left,70,36,542,0,Timed_out,118.0,
2023-04-10 11:37:00,1.16.3,Free_feed,4,4.0,1.0,1,Pellet,Left,70,36,543,0,0.06,4.0,
2023-04-10 11:37:00,1.16.3,Free_feed,4,3.99,5.0,1,Pellet,Left,70,36,544,0,31.66,46.0,
2023-04-10 11:38:00,1.16.3,Free_feed,4,3.99,,1,LeftWithPellet,Left,71,36,544,0,,,0.16
2023-04-10 11:41:00,1.16.3,Free_feed,4,3.99,,1,RightWithPellet,Left,71,37,544,0,,,1.18
2023-04-10 11:41:00,1.16.3,Free_feed,4,3.99,,1,RightWithPellet,Left,71,38,544,0,,,0.81
2023-04-10 11:41:00,1.16.3,Free_feed,4,3.99,1.0,1,Pellet,Left,71,38,545,0,Timed_out,237.0,
2023-04-10 11:42:00,1.16.3,Free_feed,4,4.0,2.0,1,Pellet,Left,71,38,546,0,19.34,27.0,
2023-04-10 11:42:00,1.16.3,Free_feed,4,3.99,1.0,1,Pellet,Left,71,38,547,0,0.06,7.0,
2023-04-10 11:42:00,1.16.3,Free_feed,4,3.99,1.0,1,Pellet,Left,71,38,548,0,0.06,7.0,
2023-04-10 11:42:00,1.16.3,Free_feed,4,3.99,1.0,1,Pellet,Left,71,38,549,0,0.39,4.0,
2023-04-10 14:49:00,1.16.3,Free_feed,4,3.99,2.0,1,Pellet,Left,71,38,550,0,Timed_out,11200.0,
2023-04-10 14:49:00,1.16.3,Free_feed,4,3.98,2.0,1,Pellet,Left,71,38,551,0,9.23,18.0,
2023-04-10 14:50:00,1.16.3,Free_feed,4,3.99,1.0,1,Pellet,Left,71,38,552,0,15.9,23.0,
2023-04-10 14:50:00,1.16.3,Free_feed,4,3.98,1.0,1,Pellet,Left,71,38,553,0,15.64,22.0,
2023-04-10 14:50:00,1.16.3,Free_feed,4,3.98,2.0,1,Pellet,Left,71,38,554,0,13.26,23.0,
2023-04-10 14:51:00,1.16.3,Free_feed,4,3.98,2.0,1,Pellet,Left,71,38,555,0,14.65,23.0,
2023-04-10 14:52:00,1.16.3,Free_feed,4,3.98,1.0,1,Pellet,Left,71,38,556,0,Timed_out,76.0,
2023-04-10 14:52:00,1.16.3,Free_feed,4,3.99,,1,LeftWithPellet,Left,72,38,556,0,,,0.29
2023-04-10 15:28:00,1.16.3,Free_feed,4,3.98,3.0,1,Pellet,Left,72,38,557,0,Timed_out,2180.0,
2023-04-10 15:28:00,1.16.3,Free_feed,4,3.98,1.0,1,Pellet,Left,72,38,558,0,7.12,14.0,
2023-04-10 17:07:00,1.16.3,Free_feed,4,3.98,1.0,1,Pellet,Left,72,38,559,0,Timed_out,5931.0,
2023-04-10 17:08:00,1.16.3,Free_feed,4,3.98,1.0,1,Pellet,Left,72,38,560,0,10.68,17.0,
2023-04-10 17:08:00,1.16.3,Free_feed,4,3.98,1.0,1,Pellet,Left,72,38,561,0,10.22,18.0,
2023-04-10 18:17:00,1.16.3,Free_feed,4,3.98,1.0,1,Pellet,Left,72,38,562,0,Timed_out,4158.0,
2023-04-10 18:18:00,1.16.3,Free_feed,4,3.97,1.0,1,Pellet,Left,72,38,563,0,Timed_out,71.0,
2023-04-10 18:19:00,1.16.3,Free_feed,4,3.98,1.0,1,Pellet,Left,72,38,564,0,7.25,14.0,
2023-04-10 18:19:00,1.16.3,Free_feed,4,3.98,1.0,1,Pellet,Left,72,38,565,0,7.31,14.0,
2023-04-10 18:19:00,1.16.3,Free_feed,4,3.98,,1,LeftDuringDispense,Left,73,38,565,0,,,1.08
2023-04-10 18:19:00,1.16.3,Free_feed,4,3.98,2.0,1,Pellet,Left,73,38,566,0,9.49,17.0,
2023-04-10 18:19:00,1.16.3,Free_feed,4,3.98,1.0,1,Pellet,Left,73,38,567,0,0.13,2.0,
2023-04-10 18:58:00,1.16.3,Free_feed,4,3.97,2.0,1,Pellet,Left,73,38,568,0,Timed_out,2343.0,
2023-04-10 18:59:00,1.16.3,Free_feed,4,3.97,2.0,1,Pellet,Left,73,38,569,0,29.62,38.0,
2023-04-10 19:28:00,1.16.3,Free_feed,4,3.98,2.0,1,Pellet,Left,73,38,570,0,Timed_out,1741.0,
2023-04-10 19:28:00,1.16.3,Free_feed,4,3.97,1.0,1,Pellet,Left,73,38,571,0,10.81,18.0,
2023-04-10 19:28:00,1.16.3,Free_feed,4,3.98,1.0,1,Pellet,Left,73,38,572,0,9.42,16.0,
2023-04-10 19:30:00,1.16.3,Free_feed,4,3.97,1.0,1,Pellet,Left,73,38,573,0,Timed_out,71.0,
2023-04-10 19:31:00,1.16.3,Free_feed,4,3.98,,1,RightWithPellet,Left,73,39,573,0,,,0.24
2023-04-10 19:31:00,1.16.3,Free_feed,4,3.97,,1,RightWithPellet,Left,73,40,573,0,,,0.79
2023-04-10 19:31:00,1.16.3,Free_feed,4,3.98,2.0,1,Pellet,Left,73,40,574,0,Timed_out,82.0,
2023-04-10 19:31:00,1.16.3,Free_feed,4,3.97,1.0,1,Pellet,Left,73,40,575,0,0.85,8.0,
2023-04-10 19:31:00,1.16.3,Free_feed,4,3.98,1.0,1,Pellet,Left,73,40,576,0,4.8,12.0,
2023-04-10 19:34:00,1.16.3,Free_feed,4,3.98,1.0,1,Pellet,Left,73,40,577,0,Timed_out,164.0,
2023-04-10 19:35:00,1.16.3,Free_feed,4,3.97,1.0,1,Pellet,Left,73,40,578,0,Timed_out,85.0,
2023-04-10 19:37:00,1.16.3,Free_feed,4,3.98,1.0,1,Pellet,Left,73,40,579,0,Timed_out,113.0,
2023-04-10 19:37:00,1.16.3,Free_feed,4,3.97,1.0,1,Pellet,Left,73,40,580,0,0.06,2.0,
2023-04-10 19:39:00,1.16.3,Free_feed,4,3.97,1.0,1,Pellet,Left,73,40,581,0,Timed_out,124.0,
2023-04-10 19:41:00,1.16.3,Free_feed,4,3.97,1.0,1,Pellet,Left,73,40,582,0,Timed_out,99.0,
2023-04-10 19:43:00,1.16.3,Free_feed,4,3.97,1.0,1,Pellet,Left,73,40,583,0,Timed_out,83.0,
2023-04-10 19:46:00,1.16.3,Free_feed,4,3.97,2.0,1,Pellet,Left,73,40,584,0,Timed_out,194.0,
2023-04-10 19:46:00,1.16.3,Free_feed,4,3.97,1.0,1,Pellet,Left,73,40,585,0,8.37,15.0,
2023-04-10 20:08:00,1.16.3,Free_feed,4,3.97,1.0,1,Pellet,Left,73,40,586,0,Timed_out,1313.0,
2023-04-10 20:08:00,1.16.3,Free_feed,4,3.97,1.0,1,Pellet,Left,73,40,587,0,9.56,17.0,
2023-04-10 20:13:00,1.16.3,Free_feed,4,3.96,1.0,1,Pellet,Left,73,40,588,0,Timed_out,262.0,
2023-04-10 20:29:00,1.16.3,Free_feed,4,3.97,1.0,1,Pellet,Left,73,40,589,0,Timed_out,994.0,
2023-04-10 20:30:00,1.16.3,Free_feed,4,3.98,2.0,1,Pellet,Left,73,40,590,0,23.12,32.0,
2023-04-10 20:30:00,1.16.3,Free_feed,4,3.97,,1,RightWithPellet,Left,73,41,590,0,,,0.01
2023-04-10 20:30:00,1.16.3,Free_feed,4,3.97,,1,RightWithPellet,Left,73,42,590,0,,,1.11
2023-04-10 20:30:00,1.16.3,Free_feed,4,3.97,1.0,1,Pellet,Left,73,42,591,0,7.87,15.0,
2023-04-10 20:33:00,1.16.3,Free_feed,4,3.97,,1,LeftWithPellet,Left,74,42,591,0,,,0.18
2023-04-10 20:33:00,1.16.3,Free_feed,4,3.97,1.0,1,Pellet,Left,74,42,592,0,Timed_out,170.0,
2023-04-10 20:37:00,1.16.3,Free_feed,4,3.97,1.0,1,Pellet,Left,74,42,593,0,Timed_out,241.0,
2023-04-10 20:37:00,1.16.3,Free_feed,4,3.97,1.0,1,Pellet,Left,74,42,594,0,10.35,16.0,
2023-04-10 20:40:00,1.16.3,Free_feed,4,3.97,1.0,1,Pellet,Left,74,42,595,0,Timed_out,178.0,
2023-04-10 20:42:00,1.16.3,Free_feed,4,3.97,1.0,1,Pellet,Left,74,42,596,0,Timed_out,123.0,
2023-04-10 20:42:00,1.16.3,Free_feed,4,3.98,1.0,1,Pellet,Left,74,42,597,0,1.77,3.0,
2023-04-10 20:52:00,1.16.3,Free_feed,4,3.97,1.0,1,Pellet,Left,74,42,598,0,Timed_out,589.0,
2023-04-10 21:00:00,1.16.3,Free_feed,4,3.97,2.0,1,Pellet,Left,74,42,599,0,Timed_out,460.0,
2023-04-10 21:09:00,1.16.3,Free_feed,4,3.96,1.0,1,Pellet,Left,74,42,600,0,Timed_out,591.0,
2023-04-10 21:12:00,1.16.3,Free_feed,4,3.96,1.0,1,Pellet,Left,74,42,601,0,Timed_out,174.0,
2023-04-10 21:12:00,1.16.3,Free_feed,4,3.97,1.0,1,Pellet,Left,74,42,602,0,0.85,2.0,
2023-04-10 21:15:00,1.16.3,Free_feed,4,3.96,1.0,1,Pellet,Left,74,42,603,0,Timed_out,158.0,
2023-04-10 21:15:00,1.16.3,Free_feed,4,3.97,2.0,1,Pellet,Left,74,42,604,0,6.92,16.0,
2023-04-10 21:23:00,1.16.3,Free_feed,4,3.97,1.0,1,Pellet,Left,74,42,605,0,Timed_out,439.0,
