MM:DD:YYYY hh:mm:ss,Library_Version,Session_type,Device_Number,Battery_Voltage,Motor_Turns,FR,Event,Active_Poke,Left_Poke_Count,Right_Poke_Count,Pellet_Count,Block_Pellet_Count,Retrieval_Time,InterPelletInterval,Poke_Time
1/7/2023 16:58:44,1.12.0,Free_feed,20,4.01,4,0,Pellet,Left,0,0,1,0,Timed_out,nan,nan
1/7/2023 16:58:47,1.12.0,Free_feed,20,4.01,1,0,Pellet,Left,0,0,2,0,0.06,3,nan
1/7/2023 17:11:35,1.12.0,Free_feed,20,4.01,nan,0,RightWithPellet,Left,0,1,2,0,nan,nan,0.03
1/7/2023 17:12:47,1.12.0,Free_feed,20,4.00,nan,0,RightWithPellet,Left,0,2,2,0,nan,nan,0.01
1/7/2023 17:17:07,1.12.0,Free_feed,20,4.01,nan,0,LeftWithPellet,Left,1,2,2,0,nan,nan,0.18
1/7/2023 17:19:41,1.12.0,Free_feed,20,4.00,nan,0,LeftWithPellet,Left,2,2,2,0,nan,nan,0.14
1/7/2023 17:25:27,1.12.0,Free_feed,20,4.00,nan,0,RightWithPellet,Left,2,3,2,0,nan,nan,0.14
1/7/2023 17:32:29,1.12.0,Free_feed,20,4.01,nan,0,LeftWithPellet,Left,3,3,2,0,nan,nan,0.13
1/7/2023 17:32:37,1.12.0,Free_feed,20,4.00,2,0,Pellet,Left,3,3,3,0,Timed_out,2030,nan
1/7/2023 17:32:39,1.12.0,Free_feed,20,4.01,1,0,Pellet,Left,3,3,4,0,1.63,2,nan
1/7/2023 17:33:05,1.12.0,Free_feed,20,4.00,1,0,Pellet,Left,3,3,5,0,19.45,26,nan
1/7/2023 17:36:42,1.12.0,Free_feed,20,4.01,nan,0,RightWithPellet,Left,3,4,5,0,nan,nan,0.13
1/7/2023 17:39:09,1.12.0,Free_feed,20,4.01,1,0,Pellet,Left,3,4,6,0,Timed_out,364,nan
1/7/2023 17:39:12,1.12.0,Free_feed,20,4.00,1,0,Pellet,Left,3,4,7,0,1.35,3,nan
1/7/2023 17:39:16,1.12.0,Free_feed,20,4.00,1,0,Pellet,Left,3,4,8,0,3.33,4,nan
1/7/2023 17:39:30,1.12.0,Free_feed,20,4.00,1,0,Pellet,Left,3,4,9,0,7.56,14,nan
1/7/2023 17:39:31,1.12.0,Free_feed,20,4.02,1,0,Pellet,Left,3,4,10,0,0.13,1,nan
1/7/2023 17:50:07,1.12.0,Free_feed,20,4.01,2,0,Pellet,Left,3,4,11,0,Timed_out,636,nan
1/7/2023 17:50:08,1.12.0,Free_feed,20,4.01,1,0,Pellet,Left,3,4,12,0,0.34,1,nan
1/7/2023 17:50:56,1.12.0,Free_feed,20,4.00,1,0,Pellet,Left,3,4,13,0,40.82,48,nan
1/7/2023 17:50:58,1.12.0,Free_feed,20,4.00,1,0,Pellet,Left,3,4,14,0,0.13,2,nan
1/7/2023 17:55:16,1.12.0,Free_feed,20,4.00,nan,0,RightWithPellet,Left,3,5,14,0,nan,nan,0.01
1/7/2023 17:55:29,1.12.0,Free_feed,20,4.01,nan,0,RightWithPellet,Left,3,6,14,0,nan,nan,0.17
1/7/2023 17:56:58,1.12.0,Free_feed,20,4.00,nan,0,RightWithPellet,Left,3,7,14,0,nan,nan,0.87
1/7/2023 17:57:01,1.12.0,Free_feed,20,4.01,nan,0,RightWithPellet,Left,3,8,14,0,nan,nan,0.13
1/7/2023 17:57:02,1.12.0,Free_feed,20,4.00,nan,0,RightWithPellet,Left,3,9,14,0,nan,nan,0.11
1/7/2023 17:57:06,1.12.0,Free_feed,20,4.00,nan,0,RightWithPellet,Left,3,10,14,0,nan,nan,0.15
1/7/2023 17:57:28,1.12.0,Free_feed,20,4.00,nan,0,RightWithPellet,Left,3,11,14,0,nan,nan,0.70
1/7/2023 17:57:31,1.12.0,Free_feed,20,4.00,1,0,Pellet,Left,3,11,15,0,Timed_out,393,nan
1/7/2023 17:57:33,1.12.0,Free_feed,20,4.00,1,0,Pellet,Left,3,11,16,0,0.27,2,nan
1/7/2023 18:03:49,1.12.0,Free_feed,20,4.00,1,0,Pellet,Left,3,11,17,0,Timed_out,376,nan
1/7/2023 18:03:50,1.12.0,Free_feed,20,4.01,1,0,Pellet,Left,3,11,18,0,0.06,1,nan
1/7/2023 18:03:51,1.12.0,Free_feed,20,4.00,1,0,Pellet,Left,3,11,19,0,0.06,1,nan
1/7/2023 18:04:05,1.12.0,Free_feed,20,4.00,nan,0,RightWithPellet,Left,3,12,19,0,nan,nan,0.13
1/7/2023 18:05:35,1.12.0,Free_feed,20,4.00,2,0,Pellet,Left,3,12,20,0,Timed_out,104,nan
1/7/2023 18:05:36,1.12.0,Free_feed,20,4.00,1,0,Pellet,Left,3,12,21,0,0.13,1,nan
1/7/2023 18:09:28,1.12.0,Free_feed,20,4.00,1,0,Pellet,Left,3,12,22,0,Timed_out,232,nan
1/7/2023 18:11:09,1.12.0,Free_feed,20,4.00,2,0,Pellet,Left,3,12,23,0,Timed_out,101,nan
1/7/2023 18:11:13,1.12.0,Free_feed,20,4.00,1,0,Pellet,Left,3,12,24,0,0.06,4,nan
1/7/2023 18:11:13,1.12.0,Free_feed,20,4.01,1,0,Pellet,Left,3,12,25,0,0.06,0,nan
1/7/2023 18:11:26,1.12.0,Free_feed,20,4.00,1,0,Pellet,Left,3,12,26,0,6.61,13,nan
1/7/2023 18:11:27,1.12.0,Free_feed,20,4.00,1,0,Pellet,Left,3,12,27,0,0.06,1,nan
1/7/2023 18:11:28,1.12.0,Free_feed,20,4.00,1,0,Pellet,Left,3,12,28,0,0.06,1,nan
1/7/2023 18:11:47,1.12.0,Free_feed,20,4.00,1,0,Pellet,Left,3,12,29,0,12.48,19,nan
1/7/2023 18:12:09,1.12.0,Free_feed,20,4.00,1,0,Pellet,Left,3,12,30,0,15.08,22,nan
1/7/2023 18:12:16,1.12.0,Free_feed,20,4.00,1,0,Pellet,Left,3,12,31,0,0.06,7,nan
1/7/2023 18:12:26,1.12.0,Free_feed,20,4.00,1,0,Pellet,Left,3,12,32,0,3.06,9,nan
1/7/2023 18:12:34,1.12.0,Free_feed,20,4.01,1,0,Pellet,Left,3,12,33,0,2.31,9,nan
1/7/2023 18:27:14,1.12.0,Free_feed,20,4.00,1,0,Pellet,Left,3,12,34,0,Timed_out,880,nan
1/7/2023 18:30:11,1.12.0,Free_feed,20,4.00,1,0,Pellet,Left,3,12,35,0,Timed_out,177,nan
1/7/2023 18:30:59,1.12.0,Free_feed,20,4.01,nan,0,RightWithPellet,Left,3,13,35,0,nan,nan,0.06
1/7/2023 18:31:33,1.12.0,Free_feed,20,3.98,1,0,Pellet,Left,3,13,36,0,Timed_out,82,nan
1/7/2023 18:31:45,1.12.0,Free_feed,20,4.00,nan,0,RightWithPellet,Left,3,14,36,0,nan,nan,0.15
1/7/2023 18:31:46,1.12.0,Free_feed,20,4.00,nan,0,RightWithPellet,Left,3,15,36,0,nan,nan,0.00
1/7/2023 18:32:00,1.12.0,Free_feed,20,4.00,nan,0,RightWithPellet,Left,3,16,36,0,nan,nan,13.39
1/7/2023 18:32:00,1.12.0,Free_feed,20,4.00,1,0,Pellet,Left,3,16,37,0,7.39,27,nan
1/7/2023 18:33:04,1.12.0,Free_feed,20,4.00,nan,0,LeftWithPellet,Left,4,16,37,0,nan,nan,0.12
1/7/2023 18:33:20,1.12.0,Free_feed,20,4.01,nan,0,RightWithPellet,Left,4,17,37,0,nan,nan,1.10
1/7/2023 18:33:37,1.12.0,Free_feed,20,4.00,nan,0,RightWithPellet,Left,4,18,37,0,nan,nan,0.01
1/7/2023 18:34:00,1.12.0,Free_feed,20,4.00,nan,0,RightWithPellet,Left,4,19,37,0,nan,nan,0.30
1/7/2023 18:35:31,1.12.0,Free_feed,20,4.00,nan,0,RightWithPellet,Left,4,20,37,0,nan,nan,84.72
1/7/2023 18:35:37,1.12.0,Free_feed,20,4.00,nan,0,RightWithPellet,Left,4,21,37,0,nan,nan,0.10
1/7/2023 18:35:44,1.12.0,Free_feed,20,4.00,nan,0,RightWithPellet,Left,4,22,37,0,nan,nan,0.01
1/7/2023 18:36:37,1.12.0,Free_feed,20,4.00,nan,0,RightWithPellet,Left,4,23,37,0,nan,nan,50.85
1/7/2023 18:36:38,1.12.0,Free_feed,20,4.01,nan,0,RightWithPellet,Left,4,24,37,0,nan,nan,0.01
1/7/2023 18:36:40,1.12.0,Free_feed,20,4.00,nan,0,RightWithPellet,Left,4,25,37,0,nan,nan,0.07
1/7/2023 18:38:00,1.12.0,Free_feed,20,4.00,1,0,Pellet,Left,4,25,38,0,Timed_out,360,nan
1/7/2023 18:42:07,1.12.0,Free_feed,20,4.00,nan,0,RightWithPellet,Left,4,26,38,0,nan,nan,0.16
1/7/2023 18:42:08,1.12.0,Free_feed,20,4.00,nan,0,RightWithPellet,Left,4,27,38,0,nan,nan,0.07
1/7/2023 18:42:11,1.12.0,Free_feed,20,4.00,nan,0,RightWithPellet,Left,4,28,38,0,nan,nan,0.00
1/7/2023 18:47:03,1.12.0,Free_feed,20,4.00,1,0,Pellet,Left,4,28,39,0,Timed_out,543,nan
1/7/2023 18:49:18,1.12.0,Free_feed,20,4.00,nan,0,RightWithPellet,Left,4,29,39,0,nan,nan,0.01
1/7/2023 18:49:21,1.12.0,Free_feed,20,4.00,nan,0,RightWithPellet,Left,4,30,39,0,nan,nan,0.02
1/7/2023 18:49:22,1.12.0,Free_feed,20,4.00,nan,0,RightWithPellet,Left,4,31,39,0,nan,nan,0.00
1/7/2023 18:49:26,1.12.0,Free_feed,20,4.00,nan,0,RightWithPellet,Left,4,32,39,0,nan,nan,0.01
1/7/2023 18:49:26,1.12.0,Free_feed,20,4.01,nan,0,RightWithPellet,Left,4,33,39,0,nan,nan,0.01
1/7/2023 18:49:27,1.12.0,Free_feed,20,4.01,nan,0,RightWithPellet,Left,4,34,39,0,nan,nan,0.04
1/7/2023 18:49:28,1.12.0,Free_feed,20,4.00,nan,0,RightWithPellet,Left,4,35,39,0,nan,nan,0.01
1/7/2023 18:49:29,1.12.0,Free_feed,20,4.00,1,0,Pellet,Left,4,35,40,0,Timed_out,146,nan
1/7/2023 18:49:43,1.12.0,Free_feed,20,4.00,1,0,Pellet,Left,4,35,41,0,6.47,14,nan
1/7/2023 18:51:46,1.12.0,Free_feed,20,4.00,nan,0,RightWithPellet,Left,4,36,41,0,nan,nan,0.06
1/7/2023 18:51:47,1.12.0,Free_feed,20,4.00,nan,0,RightWithPellet,Left,4,37,41,0,nan,nan,0.01
1/7/2023 19:01:39,1.12.0,Free_feed,20,4.00,1,0,Pellet,Left,4,37,42,0,Timed_out,716,nan
1/7/2023 19:01:40,1.12.0,Free_feed,20,4.00,1,0,Pellet,Left,4,37,43,0,0.20,1,nan
1/7/2023 19:04:26,1.12.0,Free_feed,20,4.00,2,0,Pellet,Left,4,37,44,0,Timed_out,166,nan
1/7/2023 19:04:45,1.12.0,Free_feed,20,4.00,1,0,Pellet,Left,4,37,45,0,11.38,18,nan
1/7/2023 19:04:55,1.12.0,Free_feed,20,4.00,1,0,Pellet,Left,4,37,46,0,4.01,11,nan
1/7/2023 19:05:14,1.12.0,Free_feed,20,4.00,1,0,Pellet,Left,4,37,47,0,11.94,19,nan
1/7/2023 19:05:15,1.12.0,Free_feed,20,4.00,1,0,Pellet,Left,4,37,48,0,0.06,1,nan
1/7/2023 19:06:28,1.12.0,Free_feed,20,4.01,1,0,Pellet,Left,4,37,49,0,Timed_out,73,nan
1/7/2023 19:37:25,1.12.0,Free_feed,20,4.00,1,0,Pellet,Left,4,37,50,0,Timed_out,1857,nan
1/7/2023 19:43:28,1.12.0,Free_feed,20,4.00,1,0,Pellet,Left,4,37,51,0,Timed_out,363,nan
1/7/2023 19:44:51,1.12.0,Free_feed,20,4.00,1,0,Pellet,Left,4,37,52,0,Timed_out,83,nan
1/7/2023 20:27:12,1.12.0,Free_feed,20,4.00,1,0,Pellet,Left,4,37,53,0,Timed_out,2541,nan
1/7/2023 20:27:34,1.12.0,Free_feed,20,4.00,1,0,Pellet,Left,4,37,54,0,19.67,22,nan
1/7/2023 20:27:56,1.12.0,Free_feed,20,4.01,1,0,Pellet,Left,4,37,55,0,14.95,21,nan
1/7/2023 20:27:56,1.12.0,Free_feed,20,4.00,1,0,Pellet,Left,4,37,56,0,0.06,1,nan
1/7/2023 20:36:49,1.12.0,Free_feed,20,4.00,1,0,Pellet,Left,4,37,57,0,Timed_out,533,nan
1/7/2023 20:37:07,1.12.0,Free_feed,20,4.00,2,0,Pellet,Left,4,37,58,0,9.48,18,nan
1/7/2023 20:37:08,1.12.0,Free_feed,20,4.00,1,0,Pellet,Left,4,37,59,0,0.20,1,nan
1/7/2023 20:37:14,1.12.0,Free_feed,20,4.00,1,0,Pellet,Left,4,37,60,0,0.06,6,nan
1/7/2023 20:37:21,1.12.0,Free_feed,20,4.00,1,0,Pellet,Left,4,37,61,0,0.06,7,nan
1/7/2023 20:38:18,1.12.0,Free_feed,20,4.00,1,0,Pellet,Left,4,37,62,0,50.42,57,nan
1/7/2023 20:38:39,1.12.0,Free_feed,20,4.00,1,0,Pellet,Left,4,37,63,0,13.79,20,nan
1/7/2023 20:38:56,1.12.0,Free_feed,20,4.00,1,0,Pellet,Left,4,37,64,0,10.58,18,nan
1/7/2023 20:40:19,1.12.0,Free_feed,20,4.00,1,0,Pellet,Left,4,37,65,0,Timed_out,83,nan
1/7/2023 21:03:05,1.12.0,Free_feed,20,4.00,1,0,Pellet,Left,4,37,66,0,Timed_out,1366,nan
1/7/2023 21:03:06,1.12.0,Free_feed,20,4.00,1,0,Pellet,Left,4,37,67,0,0.13,1,nan
1/7/2023 21:03:18,1.12.0,Free_feed,20,4.00,1,0,Pellet,Left,4,37,68,0,5.65,12,nan
1/7/2023 21:03:19,1.12.0,Free_feed,20,4.00,1,0,Pellet,Left,4,37,69,0,0.06,1,nan
1/7/2023 21:03:39,1.12.0,Free_feed,20,4.00,1,0,Pellet,Left,4,37,70,0,13.58,20,nan
1/7/2023 21:03:52,1.12.0,Free_feed,20,4.00,1,0,Pellet,Left,4,37,71,0,6.27,13,nan
1/7/2023 21:03:59,1.12.0,Free_feed,20,4.00,1,0,Pellet,Left,4,37,72,0,0.06,7,nan
1/7/2023 21:19:54,1.12.0,Free_feed,20,4.00,1,0,Pellet,Left,4,37,73,0,Timed_out,955,nan
1/7/2023 21:19:55,1.12.0,Free_feed,20,4.00,1,0,Pellet,Left,4,37,74,0,0.06,1,nan
1/7/2023 21:23:44,1.12.0,Free_feed,20,4.00,nan,0,LeftWithPellet,Left,5,37,74,0,nan,nan,0.14
1/7/2023 21:24:51,1.12.0,Free_feed,20,4.00,1,0,Pellet,Left,5,37,75,0,Timed_out,296,nan
1/7/2023 21:24:52,1.12.0,Free_feed,20,4.00,1,0,Pellet,Left,5,37,76,0,0.06,1,nan
1/7/2023 21:25:04,1.12.0,Free_feed,20,4.00,1,0,Pellet,Left,5,37,77,0,5.11,12,nan
1/7/2023 21:25:18,1.12.0,Free_feed,20,4.00,1,0,Pellet,Left,5,37,78,0,7.02,14,nan
1/7/2023 21:38:44,1.12.0,Free_feed,20,4.00,1,0,Pellet,Left,5,37,79,0,Timed_out,806,nan
1/7/2023 21:38:57,1.12.0,Free_feed,20,4.00,1,0,Pellet,Left,5,37,80,0,10.43,12,nan
1/7/2023 21:38:58,1.12.0,Free_feed,20,4.00,1,0,Pellet,Left,5,37,81,0,0.06,2,nan
1/7/2023 21:39:06,1.12.0,Free_feed,20,4.00,2,0,Pellet,Left,5,37,82,0,0.13,8,nan
1/7/2023 21:44:40,1.12.0,Free_feed,20,4.00,nan,0,RightWithPellet,Left,5,38,82,0,nan,nan,0.08
1/7/2023 21:50:53,1.12.0,Free_feed,20,4.00,1,0,Pellet,Left,5,38,83,0,Timed_out,707,nan
1/7/2023 21:51:07,1.12.0,Free_feed,20,4.00,1,0,Pellet,Left,5,38,84,0,11.73,14,nan
1/7/2023 21:51:19,1.12.0,Free_feed,20,4.00,1,0,Pellet,Left,5,38,85,0,6.13,12,nan
1/7/2023 22:03:05,1.12.0,Free_feed,20,4.00,1,0,Pellet,Left,5,38,86,0,Timed_out,706,nan
1/7/2023 22:03:16,1.12.0,Free_feed,20,4.00,1,0,Pellet,Left,5,38,87,0,4.97,11,nan
1/7/2023 22:05:05,1.12.0,Free_feed,20,4.00,1,0,Pellet,Left,5,38,88,0,Timed_out,109,nan
1/7/2023 22:05:21,1.12.0,Free_feed,20,4.00,1,0,Pellet,Left,5,38,89,0,10.03,16,nan
1/7/2023 22:11:05,1.12.0,Free_feed,20,4.00,1,0,Pellet,Left,5,38,90,0,Timed_out,344,nan
1/7/2023 22:11:12,1.12.0,Free_feed,20,4.00,1,0,Pellet,Left,5,38,91,0,0.06,7,nan
1/7/2023 22:13:14,1.12.0,Free_feed,20,4.00,1,0,Pellet,Left,5,38,92,0,Timed_out,122,nan
1/7/2023 22:13:38,1.12.0,Free_feed,20,4.00,1,0,Pellet,Left,5,38,93,0,16.73,24,nan
1/7/2023 22:28:45,1.12.0,Free_feed,20,4.00,1,0,Pellet,Left,5,38,94,0,Timed_out,907,nan
1/7/2023 22:29:04,1.12.0,Free_feed,20,4.00,1,0,Pellet,Left,5,38,95,0,11.60,19,nan
1/7/2023 22:29:22,1.12.0,Free_feed,20,4.00,2,0,Pellet,Left,5,38,96,0,11.33,18,nan
1/7/2023 22:29:37,1.12.0,Free_feed,20,3.98,1,0,Pellet,Left,5,38,97,0,8.59,15,nan
1/7/2023 22:29:38,1.12.0,Free_feed,20,4.00,1,0,Pellet,Left,5,38,98,0,0.06,1,nan
1/7/2023 22:29:56,1.12.0,Free_feed,20,4.00,1,0,Pellet,Left,5,38,99,0,11.26,18,nan
1/7/2023 22:40:17,1.12.0,Free_feed,20,4.00,nan,0,RightWithPellet,Left,5,39,99,0,nan,nan,0.01
1/7/2023 22:40:18,1.12.0,Free_feed,20,4.00,nan,0,RightWithPellet,Left,5,40,99,0,nan,nan,0.13
1/7/2023 22:53:25,1.12.0,Free_feed,20,4.00,1,0,Pellet,Left,5,40,100,0,Timed_out,1409,nan
1/7/2023 22:53:36,1.12.0,Free_feed,20,4.00,1,0,Pellet,Left,5,40,101,0,4.63,11,nan
1/7/2023 23:26:31,1.12.0,Free_feed,20,4.00,1,0,Pellet,Left,5,40,102,0,Timed_out,1975,nan
1/7/2023 23:26:43,1.12.0,Free_feed,20,4.00,1,0,Pellet,Left,5,40,103,0,5.72,12,nan
1/7/2023 23:27:07,1.12.0,Free_feed,20,3.99,1,0,Pellet,Left,5,40,104,0,16.59,24,nan
1/7/2023 23:28:08,1.12.0,Free_feed,20,4.00,1,0,Pellet,Left,5,40,105,0,54.40,61,nan
1/7/2023 23:28:20,1.12.0,Free_feed,20,4.00,1,0,Pellet,Left,5,40,106,0,5.59,12,nan
1/7/2023 23:28:36,1.12.0,Free_feed,20,4.00,1,0,Pellet,Left,5,40,107,0,9.07,15,nan
1/7/2023 23:28:49,1.12.0,Free_feed,20,4.00,1,0,Pellet,Left,5,40,108,0,6.75,14,nan
1/7/2023 23:29:02,1.12.0,Free_feed,20,4.00,1,0,Pellet,Left,5,40,109,0,6.48,13,nan
1/7/2023 23:29:15,1.12.0,Free_feed,20,4.00,1,0,Pellet,Left,5,40,110,0,6.82,13,nan
1/7/2023 23:29:26,1.12.0,Free_feed,20,4.00,1,0,Pellet,Left,5,40,111,0,3.61,11,nan
1/7/2023 23:29:27,1.12.0,Free_feed,20,3.99,1,0,Pellet,Left,5,40,112,0,0.06,1,nan
1/7/2023 23:29:40,1.12.0,Free_feed,20,4.00,1,0,Pellet,Left,5,40,113,0,6.89,13,nan
1/7/2023 23:30:21,1.12.0,Free_feed,20,4.00,2,0,Pellet,Left,5,40,114,0,37.62,41,nan
1/7/2023 23:35:06,1.12.0,Free_feed,20,3.99,1,0,Pellet,Left,5,40,115,0,Timed_out,285,nan
1/7/2023 23:35:21,1.12.0,Free_feed,20,4.00,1,0,Pellet,Left,5,40,116,0,8.87,15,nan
1/7/2023 23:35:29,1.12.0,Free_feed,20,4.00,1,0,Pellet,Left,5,40,117,0,0.06,8,nan
1/7/2023 23:38:32,1.12.0,Free_feed,20,4.00,1,0,Pellet,Left,5,40,118,0,Timed_out,183,nan
1/7/2023 23:46:44,1.12.0,Free_feed,20,3.99,2,0,Pellet,Left,5,40,119,0,Timed_out,491,nan
1/7/2023 23:46:44,1.12.0,Free_feed,20,4.00,1,0,Pellet,Left,5,40,120,0,0.13,1,nan
1/7/2023 23:46:59,1.12.0,Free_feed,20,4.00,1,0,Pellet,Left,5,40,121,0,7.57,15,nan
1/7/2023 23:47:19,1.12.0,Free_feed,20,4.00,2,0,Pellet,Left,5,40,122,0,13.44,20,nan
1/7/2023 23:47:31,1.12.0,Free_feed,20,4.00,1,0,Pellet,Left,5,40,123,0,5.52,12,nan
1/7/2023 23:47:44,1.12.0,Free_feed,20,4.00,1,0,Pellet,Left,5,40,124,0,6.48,13,nan
1/7/2023 23:47:55,1.12.0,Free_feed,20,3.99,1,0,Pellet,Left,5,40,125,0,4.77,11,nan
1/8/2023 0:38:58,1.12.0,Free_feed,20,4.00,1,0,Pellet,Left,5,40,126,0,Timed_out,3063,nan
1/8/2023 0:39:10,1.12.0,Free_feed,20,4.00,1,0,Pellet,Left,5,40,127,0,11.40,12,nan
1/8/2023 0:39:16,1.12.0,Free_feed,20,4.00,1,0,Pellet,Left,5,40,128,0,0.06,6,nan
1/8/2023 0:39:19,1.12.0,Free_feed,20,4.00,2,0,Pellet,Left,5,40,129,0,0.06,3,nan
1/8/2023 0:39:34,1.12.0,Free_feed,20,4.00,1,0,Pellet,Left,5,40,130,0,8.53,15,nan
1/8/2023 0:39:49,1.12.0,Free_feed,20,3.99,1,0,Pellet,Left,5,40,131,0,8.45,15,nan
1/8/2023 0:40:04,1.12.0,Free_feed,20,3.99,2,0,Pellet,Left,5,40,132,0,6.00,15,nan
1/8/2023 0:40:18,1.12.0,Free_feed,20,4.00,1,0,Pellet,Left,5,40,133,0,7.50,14,nan
1/8/2023 0:40:33,1.12.0,Free_feed,20,4.00,1,0,Pellet,Left,5,40,134,0,8.52,15,nan
1/8/2023 0:40:46,1.12.0,Free_feed,20,4.00,2,0,Pellet,Left,5,40,135,0,5.86,13,nan
1/8/2023 0:40:57,1.12.0,Free_feed,20,3.99,1,0,Pellet,Left,5,40,136,0,3.88,11,nan
1/8/2023 0:53:00,1.12.0,Free_feed,20,4.00,1,0,Pellet,Left,5,40,137,0,Timed_out,723,nan
1/8/2023 0:54:56,1.12.0,Free_feed,20,3.99,nan,0,RightWithPellet,Left,5,41,137,0,nan,nan,0.04
1/8/2023 0:58:02,1.12.0,Free_feed,20,4.00,1,0,Pellet,Left,5,41,138,0,Timed_out,302,nan
1/8/2023 0:58:14,1.12.0,Free_feed,20,4.00,1,0,Pellet,Left,5,41,139,0,4.91,12,nan
1/8/2023 0:58:28,1.12.0,Free_feed,20,3.99,1,0,Pellet,Left,5,41,140,0,7.09,14,nan
1/8/2023 0:58:29,1.12.0,Free_feed,20,4.00,1,0,Pellet,Left,5,41,141,0,0.13,1,nan
1/8/2023 0:58:43,1.12.0,Free_feed,20,4.00,1,0,Pellet,Left,5,41,142,0,7.43,14,nan
1/8/2023 0:58:57,1.12.0,Free_feed,20,4.00,1,0,Pellet,Left,5,41,143,0,6.75,14,nan
1/8/2023 1:26:31,1.12.0,Free_feed,20,4.00,1,0,Pellet,Left,5,41,144,0,Timed_out,1654,nan
1/8/2023 1:26:48,1.12.0,Free_feed,20,3.99,1,0,Pellet,Left,5,41,145,0,10.02,17,nan
1/8/2023 1:27:03,1.12.0,Free_feed,20,4.00,1,0,Pellet,Left,5,41,146,0,7.63,15,nan
1/8/2023 1:27:14,1.12.0,Free_feed,20,3.99,1,0,Pellet,Left,5,41,147,0,5.24,11,nan
1/8/2023 1:27:27,1.12.0,Free_feed,20,4.00,1,0,Pellet,Left,5,41,148,0,6.33,13,nan
1/8/2023 2:43:12,1.12.0,Free_feed,20,3.99,1,0,Pellet,Left,5,41,149,0,Timed_out,4545,nan
1/8/2023 2:43:29,1.12.0,Free_feed,20,3.99,1,0,Pellet,Left,5,41,150,0,15.36,17,nan
1/8/2023 2:43:42,1.12.0,Free_feed,20,3.99,1,0,Pellet,Left,5,41,151,0,11.74,13,nan
1/8/2023 2:43:48,1.12.0,Free_feed,20,4.00,1,0,Pellet,Left,5,41,152,0,0.06,6,nan
1/8/2023 2:43:52,1.12.0,Free_feed,20,3.99,2,0,Pellet,Left,5,41,153,0,0.27,4,nan
1/8/2023 2:44:05,1.12.0,Free_feed,20,4.00,1,0,Pellet,Left,5,41,154,0,7.02,13,nan
1/8/2023 2:44:17,1.12.0,Free_feed,20,3.99,1,0,Pellet,Left,5,41,155,0,4.36,12,nan
1/8/2023 2:44:27,1.12.0,Free_feed,20,3.99,1,0,Pellet,Left,5,41,156,0,3.75,10,nan
1/8/2023 2:44:41,1.12.0,Free_feed,20,3.99,1,0,Pellet,Left,5,41,157,0,7.57,14,nan
1/8/2023 2:44:55,1.12.0,Free_feed,20,4.00,1,0,Pellet,Left,5,41,158,0,7.63,14,nan
1/8/2023 2:45:08,1.12.0,Free_feed,20,3.98,1,0,Pellet,Left,5,41,159,0,6.89,13,nan
1/8/2023 2:45:15,1.12.0,Free_feed,20,3.98,1,0,Pellet,Left,5,41,160,0,0.06,7,nan
1/8/2023 2:45:28,1.12.0,Free_feed,20,3.98,1,0,Pellet,Left,5,41,161,0,5.25,13,nan
1/8/2023 3:00:14,1.12.0,Free_feed,20,3.99,2,0,Pellet,Left,5,41,162,0,Timed_out,886,nan
1/8/2023 3:00:15,1.12.0,Free_feed,20,3.99,1,0,Pellet,Left,5,41,163,0,0.74,1,nan
1/8/2023 3:01:15,1.12.0,Free_feed,20,3.99,2,0,Pellet,Left,5,41,164,0,50.64,60,nan
1/8/2023 3:09:57,1.12.0,Free_feed,20,4.00,1,0,Pellet,Left,5,41,165,0,Timed_out,522,nan
1/8/2023 3:10:07,1.12.0,Free_feed,20,4.00,1,0,Pellet,Left,5,41,166,0,2.31,10,nan
1/8/2023 3:10:17,1.12.0,Free_feed,20,3.99,1,0,Pellet,Left,5,41,167,0,3.33,10,nan
1/8/2023 3:10:28,1.12.0,Free_feed,20,3.99,1,0,Pellet,Left,5,41,168,0,4.42,11,nan
1/8/2023 3:13:43,1.12.0,Free_feed,20,3.99,nan,0,RightWithPellet,Left,5,42,168,0,nan,nan,0.14
1/8/2023 3:18:47,1.12.0,Free_feed,20,3.99,1,0,Pellet,Left,5,42,169,0,Timed_out,499,nan
1/8/2023 3:18:57,1.12.0,Free_feed,20,4.00,1,0,Pellet,Left,5,42,170,0,3.61,10,nan
1/8/2023 3:19:12,1.12.0,Free_feed,20,3.99,1,0,Pellet,Left,5,42,171,0,8.25,15,nan
1/8/2023 3:19:21,1.12.0,Free_feed,20,3.99,1,0,Pellet,Left,5,42,172,0,2.85,9,nan
1/8/2023 3:19:22,1.12.0,Free_feed,20,3.99,1,0,Pellet,Left,5,42,173,0,0.20,1,nan
1/8/2023 3:19:30,1.12.0,Free_feed,20,3.98,1,0,Pellet,Left,5,42,174,0,0.06,8,nan
1/8/2023 3:23:55,1.12.0,Free_feed,20,3.99,1,0,Pellet,Left,5,42,175,0,Timed_out,265,nan
1/8/2023 3:27:28,1.12.0,Free_feed,20,3.99,1,0,Pellet,Left,5,42,176,0,Timed_out,213,nan
1/8/2023 3:27:44,1.12.0,Free_feed,20,3.98,1,0,Pellet,Left,5,42,177,0,9.68,16,nan
1/8/2023 3:27:55,1.12.0,Free_feed,20,4.00,1,0,Pellet,Left,5,42,178,0,4.29,11,nan
1/8/2023 3:28:06,1.12.0,Free_feed,20,3.99,1,0,Pellet,Left,5,42,179,0,4.09,11,nan
1/8/2023 3:29:29,1.12.0,Free_feed,20,3.99,1,0,Pellet,Left,5,42,180,0,Timed_out,82,nan
1/8/2023 3:29:37,1.12.0,Free_feed,20,3.99,1,0,Pellet,Left,5,42,181,0,1.49,9,nan
1/8/2023 3:29:50,1.12.0,Free_feed,20,3.99,1,0,Pellet,Left,5,42,182,0,5.86,12,nan
1/8/2023 4:13:42,1.12.0,Free_feed,20,3.99,nan,0,LeftWithPellet,Left,6,42,182,0,nan,nan,0.04
1/8/2023 4:13:44,1.12.0,Free_feed,20,3.99,nan,0,LeftWithPellet,Left,7,42,182,0,nan,nan,0.55
1/8/2023 4:13:54,1.12.0,Free_feed,20,3.98,1,0,Pellet,Left,7,42,183,0,Timed_out,2645,nan
1/8/2023 4:39:56,1.12.0,Free_feed,20,3.99,2,0,Pellet,Left,7,42,184,0,Timed_out,1562,nan
1/8/2023 4:40:15,1.12.0,Free_feed,20,3.99,1,0,Pellet,Left,7,42,185,0,17.62,19,nan
1/8/2023 4:40:31,1.12.0,Free_feed,20,3.99,1,0,Pellet,Left,7,42,186,0,8.93,16,nan
1/8/2023 4:40:42,1.12.0,Free_feed,20,3.98,1,0,Pellet,Left,7,42,187,0,4.15,11,nan
1/8/2023 4:40:53,1.12.0,Free_feed,20,3.98,2,0,Pellet,Left,7,42,188,0,4.29,11,nan
1/8/2023 4:41:31,1.12.0,Free_feed,20,3.99,1,0,Pellet,Left,7,42,189,0,31.46,38,nan
1/8/2023 4:41:42,1.12.0,Free_feed,20,3.98,1,0,Pellet,Left,7,42,190,0,3.95,11,nan
1/8/2023 5:38:25,1.12.0,Free_feed,20,3.99,1,0,Pellet,Left,7,42,191,0,Timed_out,3403,nan
1/8/2023 5:38:36,1.12.0,Free_feed,20,3.99,1,0,Pellet,Left,7,42,192,0,4.63,11,nan
1/8/2023 5:38:48,1.12.0,Free_feed,20,3.98,1,0,Pellet,Left,7,42,193,0,5.59,12,nan
1/8/2023 5:39:04,1.12.0,Free_feed,20,3.98,1,0,Pellet,Left,7,42,194,0,9.48,16,nan
1/8/2023 5:39:10,1.12.0,Free_feed,20,3.98,1,0,Pellet,Left,7,42,195,0,0.06,6,nan
1/8/2023 5:39:17,1.12.0,Free_feed,20,3.98,1,0,Pellet,Left,7,42,196,0,0.13,7,nan
1/8/2023 5:39:32,1.12.0,Free_feed,20,3.99,1,0,Pellet,Left,7,42,197,0,7.57,15,nan
1/8/2023 5:39:44,1.12.0,Free_feed,20,3.98,1,0,Pellet,Left,7,42,198,0,5.66,12,nan
1/8/2023 5:39:45,1.12.0,Free_feed,20,3.99,1,0,Pellet,Left,7,42,199,0,0.34,1,nan
1/8/2023 5:40:01,1.12.0,Free_feed,20,3.98,2,0,Pellet,Left,7,42,200,0,7.09,16,nan
1/8/2023 6:19:23,1.12.0,Free_feed,20,3.98,1,0,Pellet,Left,7,42,201,0,Timed_out,2362,nan
1/8/2023 6:19:24,1.12.0,Free_feed,20,3.98,1,0,Pellet,Left,7,42,202,0,0.13,1,nan
1/8/2023 6:19:42,1.12.0,Free_feed,20,3.98,1,0,Pellet,Left,7,42,203,0,17.21,18,nan
1/8/2023 6:19:57,1.12.0,Free_feed,20,3.98,2,0,Pellet,Left,7,42,204,0,8.73,15,nan
1/8/2023 6:21:03,1.12.0,Free_feed,20,3.98,2,0,Pellet,Left,7,42,205,0,58.81,66,nan
1/8/2023 6:21:15,1.12.0,Free_feed,20,3.98,2,0,Pellet,Left,7,42,206,0,10.44,12,nan
1/8/2023 6:21:27,1.12.0,Free_feed,20,3.97,1,0,Pellet,Left,7,42,207,0,4.56,12,nan
1/8/2023 6:28:26,1.12.0,Free_feed,20,3.98,1,0,Pellet,Left,7,42,208,0,Timed_out,419,nan
1/8/2023 6:28:35,1.12.0,Free_feed,20,3.98,1,0,Pellet,Left,7,42,209,0,2.79,9,nan
1/8/2023 6:28:46,1.12.0,Free_feed,20,3.98,1,0,Pellet,Left,7,42,210,0,3.27,11,nan
1/8/2023 6:28:56,1.12.0,Free_feed,20,3.98,3,0,Pellet,Left,7,42,211,0,4.91,10,nan
1/8/2023 6:29:06,1.12.0,Free_feed,20,3.99,1,0,Pellet,Left,7,42,212,0,2.72,10,nan
1/8/2023 6:29:12,1.12.0,Free_feed,20,3.98,1,0,Pellet,Left,7,42,213,0,0.06,6,nan
1/8/2023 6:29:29,1.12.0,Free_feed,20,3.98,1,0,Pellet,Left,7,42,214,0,10.44,17,nan
1/8/2023 6:29:39,1.12.0,Free_feed,20,3.98,1,0,Pellet,Left,7,42,215,0,3.54,10,nan
1/8/2023 6:29:40,1.12.0,Free_feed,20,3.98,1,0,Pellet,Left,7,42,216,0,0.06,1,nan
1/8/2023 6:42:19,1.12.0,Free_feed,20,3.98,nan,0,LeftWithPellet,Left,8,42,216,0,nan,nan,0.56
1/8/2023 6:42:40,1.12.0,Free_feed,20,3.98,2,0,Pellet,Left,8,42,217,0,Timed_out,780,nan
1/8/2023 6:42:41,1.12.0,Free_feed,20,3.98,1,0,Pellet,Left,8,42,218,0,0.06,1,nan
1/8/2023 6:48:05,1.12.0,Free_feed,20,3.98,1,0,Pellet,Left,8,42,219,0,Timed_out,323,nan
1/8/2023 6:57:44,1.12.0,Free_feed,20,3.98,nan,0,LeftWithPellet,Left,9,42,219,0,nan,nan,0.00
1/8/2023 7:02:42,1.12.0,Free_feed,20,3.98,1,0,Pellet,Left,9,42,220,0,Timed_out,878,nan
1/8/2023 7:02:53,1.12.0,Free_feed,20,3.98,2,0,Pellet,Left,9,42,221,0,8.18,11,nan
1/8/2023 7:28:18,1.12.0,Free_feed,20,3.98,1,0,Pellet,Left,9,42,222,0,Timed_out,1524,nan
1/8/2023 7:28:21,1.12.0,Free_feed,20,3.98,1,0,Pellet,Left,9,42,223,0,2.45,4,nan
1/8/2023 7:28:40,1.12.0,Free_feed,20,3.98,1,0,Pellet,Left,9,42,224,0,17.70,19,nan
1/8/2023 7:28:51,1.12.0,Free_feed,20,3.98,1,0,Pellet,Left,9,42,225,0,4.22,11,nan
1/8/2023 7:29:03,1.12.0,Free_feed,20,3.98,1,0,Pellet,Left,9,42,226,0,5.39,12,nan
1/8/2023 7:29:04,1.12.0,Free_feed,20,3.98,1,0,Pellet,Left,9,42,227,0,0.06,1,nan
1/8/2023 7:29:07,1.12.0,Free_feed,20,3.98,1,0,Pellet,Left,9,42,228,0,0.06,2,nan
1/8/2023 7:29:19,1.12.0,Free_feed,20,3.98,1,0,Pellet,Left,9,42,229,0,6.75,13,nan
1/8/2023 7:29:35,1.12.0,Free_feed,20,3.98,1,0,Pellet,Left,9,42,230,0,9.01,16,nan
1/8/2023 7:42:01,1.12.0,Free_feed,20,3.98,1,0,Pellet,Left,9,42,231,0,Timed_out,746,nan
1/8/2023 7:56:21,1.12.0,Free_feed,20,3.98,1,0,Pellet,Left,9,42,232,0,Timed_out,860,nan
1/8/2023 7:56:32,1.12.0,Free_feed,20,3.98,1,0,Pellet,Left,9,42,233,0,9.83,11,nan
1/8/2023 7:56:39,1.12.0,Free_feed,20,3.98,1,0,Pellet,Left,9,42,234,0,0.06,7,nan
1/8/2023 8:07:56,1.12.0,Free_feed,20,3.98,2,0,Pellet,Left,9,42,235,0,Timed_out,677,nan
1/8/2023 8:08:10,1.12.0,Free_feed,20,3.98,1,0,Pellet,Left,9,42,236,0,7.91,14,nan
1/8/2023 8:34:46,1.12.0,Free_feed,20,3.98,2,0,Pellet,Left,9,42,237,0,Timed_out,1596,nan
1/8/2023 8:34:59,1.12.0,Free_feed,20,3.98,1,0,Pellet,Left,9,42,238,0,5.45,12,nan
1/8/2023 8:41:19,1.12.0,Free_feed,20,3.98,1,0,Pellet,Left,9,42,239,0,Timed_out,381,nan
1/8/2023 8:47:49,1.12.0,Free_feed,20,3.98,nan,0,LeftWithPellet,Left,10,42,239,0,nan,nan,0.10
1/8/2023 8:52:51,1.12.0,Free_feed,20,3.98,1,0,Pellet,Left,10,42,240,0,Timed_out,692,nan
1/8/2023 10:03:23,1.12.0,Free_feed,20,3.98,1,0,Pellet,Left,10,42,241,0,Timed_out,4232,nan
1/8/2023 10:03:48,1.12.0,Free_feed,20,3.98,1,0,Pellet,Left,10,42,242,0,18.50,25,nan
1/8/2023 10:04:05,1.12.0,Free_feed,20,3.98,1,0,Pellet,Left,10,42,243,0,10.16,17,nan
1/8/2023 10:04:48,1.12.0,Free_feed,20,3.98,1,0,Pellet,Left,10,42,244,0,36.80,43,nan
1/8/2023 10:05:00,1.12.0,Free_feed,20,3.98,1,0,Pellet,Left,10,42,245,0,5.79,12,nan
1/8/2023 10:05:13,1.12.0,Free_feed,20,3.98,nan,0,LeftWithPellet,Left,11,42,245,0,nan,nan,0.02
1/8/2023 10:33:38,1.12.0,Free_feed,20,3.98,1,0,Pellet,Left,11,42,246,0,Timed_out,1718,nan
1/8/2023 10:33:39,1.12.0,Free_feed,20,3.98,1,0,Pellet,Left,11,42,247,0,0.06,1,nan
