MM:DD:YYYY hh:mm:ss,Library_Version,Session_type,Device_Number,Battery_Voltage,Motor_Turns,FR,Event,Active_Poke,Left_Poke_Count,Right_Poke_Count,Pellet_Count,Block_Pellet_Count,Retrieval_Time,InterPelletInterval,Poke_Time
1/3/2023 16:14:59,1.12.0,Free_feed,16,4.22,nan,0,LeftWithPellet,Left,1,0,0,0,nan,nan,0.48
1/3/2023 16:15:04,1.12.0,Free_feed,16,4.23,nan,0,LeftWithPellet,Left,2,0,0,0,nan,nan,0.06
1/3/2023 16:15:09,1.12.0,Free_feed,16,4.22,nan,0,LeftWithPellet,Left,3,0,0,0,nan,nan,0.50
1/3/2023 16:21:11,1.12.0,Free_feed,16,4.22,nan,0,RightWithPellet,Left,3,1,0,0,nan,nan,0.12
1/3/2023 16:23:28,1.12.0,Free_feed,16,4.22,nan,0,RightWithPellet,Left,3,2,0,0,nan,nan,0.76
1/3/2023 16:23:30,1.12.0,Free_feed,16,4.22,nan,0,RightWithPellet,Left,3,3,0,0,nan,nan,0.11
1/3/2023 16:23:31,1.12.0,Free_feed,16,4.22,nan,0,RightWithPellet,Left,3,4,0,0,nan,nan,0.08
1/3/2023 16:23:32,1.12.0,Free_feed,16,4.22,nan,0,RightWithPellet,Left,3,5,0,0,nan,nan,0.02
1/3/2023 16:23:36,1.12.0,Free_feed,16,4.22,nan,0,RightWithPellet,Left,3,6,0,0,nan,nan,0.05
1/3/2023 16:32:02,1.12.0,Free_feed,16,4.22,nan,0,RightWithPellet,Left,3,7,0,0,nan,nan,0.13
1/3/2023 16:35:42,1.12.0,Free_feed,16,4.22,nan,0,RightWithPellet,Left,3,8,0,0,nan,nan,0.87
1/3/2023 16:35:43,1.12.0,Free_feed,16,4.22,nan,0,RightWithPellet,Left,3,9,0,0,nan,nan,0.04
1/3/2023 16:35:46,1.12.0,Free_feed,16,4.22,nan,0,RightWithPellet,Left,3,10,0,0,nan,nan,1.16
1/3/2023 16:36:00,1.12.0,Free_feed,16,4.22,nan,0,LeftWithPellet,Left,4,10,0,0,nan,nan,0.02
1/3/2023 16:36:01,1.12.0,Free_feed,16,4.22,nan,0,LeftWithPellet,Left,5,10,0,0,nan,nan,0.11
1/3/2023 16:44:49,1.12.0,Free_feed,16,4.22,nan,0,LeftWithPellet,Left,6,10,0,0,nan,nan,0.46
1/3/2023 16:49:18,1.12.0,Free_feed,16,4.22,nan,0,LeftWithPellet,Left,7,10,0,0,nan,nan,0.11
1/3/2023 16:57:55,1.12.0,Free_feed,16,4.22,nan,0,LeftWithPellet,Left,8,10,0,0,nan,nan,0.09
1/3/2023 16:58:08,1.12.0,Free_feed,16,4.22,5,0,Pellet,Left,8,10,1,0,Timed_out,nan,nan
1/3/2023 16:58:09,1.12.0,Free_feed,16,4.22,1,0,Pellet,Left,8,10,2,0,0.20,1,nan
1/3/2023 16:58:38,1.12.0,Free_feed,16,4.21,2,0,Pellet,Left,8,10,3,0,22.54,29,nan
1/3/2023 16:58:55,1.12.0,Free_feed,16,4.22,1,0,Pellet,Left,8,10,4,0,10.64,17,nan
1/3/2023 16:59:20,1.12.0,Free_feed,16,4.22,1,0,Pellet,Left,8,10,5,0,17.88,25,nan
1/3/2023 16:59:34,1.12.0,Free_feed,16,4.22,1,0,Pellet,Left,8,10,6,0,6.95,14,nan
1/3/2023 17:00:11,1.12.0,Free_feed,16,4.22,1,0,Pellet,Left,8,10,7,0,35.56,37,nan
1/3/2023 17:00:36,1.12.0,Free_feed,16,4.22,1,0,Pellet,Left,8,10,8,0,17.74,24,nan
1/3/2023 17:00:42,1.12.0,Free_feed,16,4.21,1,0,Pellet,Left,8,10,9,0,0.13,7,nan
1/3/2023 17:01:33,1.12.0,Free_feed,16,4.21,1,0,Pellet,Left,8,10,10,0,43.69,50,nan
1/3/2023 17:02:18,1.12.0,Free_feed,16,4.22,2,0,Pellet,Left,8,10,11,0,37.11,46,nan
1/3/2023 17:03:53,1.12.0,Free_feed,16,4.22,3,0,Pellet,Left,8,10,12,0,Timed_out,95,nan
1/3/2023 17:03:55,1.12.0,Free_feed,16,4.22,1,0,Pellet,Left,8,10,13,0,0.06,2,nan
1/3/2023 17:04:16,1.12.0,Free_feed,16,4.22,1,0,Pellet,Left,8,10,14,0,14.39,21,nan
1/3/2023 17:04:29,1.12.0,Free_feed,16,4.21,3,0,Pellet,Left,8,10,15,0,3.88,13,nan
1/3/2023 17:05:47,1.12.0,Free_feed,16,4.22,2,0,Pellet,Left,8,10,16,0,Timed_out,78,nan
1/3/2023 17:06:54,1.12.0,Free_feed,16,4.21,2,0,Pellet,Left,8,10,17,0,Timed_out,67,nan
1/3/2023 17:07:31,1.12.0,Free_feed,16,4.21,nan,0,RightWithPellet,Left,8,11,17,0,nan,nan,0.08
1/3/2023 17:07:31,1.12.0,Free_feed,16,4.22,nan,0,RightWithPellet,Left,8,12,17,0,nan,nan,0.04
1/3/2023 17:07:41,1.12.0,Free_feed,16,4.20,2,0,Pellet,Left,8,12,18,0,39.53,46,nan
1/3/2023 17:07:50,1.12.0,Free_feed,16,4.21,nan,0,LeftWithPellet,Left,9,12,18,0,nan,nan,0.16
1/3/2023 17:19:21,1.12.0,Free_feed,16,4.22,1,0,Pellet,Left,9,12,19,0,Timed_out,701,nan
1/3/2023 17:29:58,1.12.0,Free_feed,16,4.21,nan,0,LeftWithPellet,Left,10,12,19,0,nan,nan,0.17
1/3/2023 17:30:01,1.12.0,Free_feed,16,4.21,2,0,Pellet,Left,10,12,20,0,Timed_out,640,nan
1/3/2023 17:30:23,1.12.0,Free_feed,16,4.21,1,0,Pellet,Left,10,12,21,0,14.60,21,nan
1/3/2023 17:30:59,1.12.0,Free_feed,16,4.21,nan,0,RightWithPellet,Left,10,13,21,0,nan,nan,0.20
1/3/2023 17:31:01,1.12.0,Free_feed,16,4.22,1,0,Pellet,Left,10,13,22,0,32.01,39,nan
1/3/2023 17:31:05,1.12.0,Free_feed,16,4.21,1,0,Pellet,Left,10,13,23,0,2.45,4,nan
1/3/2023 17:31:12,1.12.0,Free_feed,16,4.21,1,0,Pellet,Left,10,13,24,0,0.06,7,nan
1/3/2023 17:31:13,1.12.0,Free_feed,16,4.22,1,0,Pellet,Left,10,13,25,0,0.06,1,nan
1/3/2023 17:31:17,1.12.0,Free_feed,16,4.21,2,0,Pellet,Left,10,13,26,0,0.47,3,nan
1/3/2023 17:31:26,1.12.0,Free_feed,16,4.21,nan,0,RightWithPellet,Left,10,14,26,0,nan,nan,0.06
1/3/2023 17:41:20,1.12.0,Free_feed,16,4.21,nan,0,RightWithPellet,Left,10,15,26,0,nan,nan,0.94
1/3/2023 17:44:51,1.12.0,Free_feed,16,4.21,1,0,Pellet,Left,10,15,27,0,Timed_out,815,nan
1/3/2023 17:48:49,1.12.0,Free_feed,16,4.21,1,0,Pellet,Left,10,15,28,0,Timed_out,238,nan
1/3/2023 17:49:04,1.12.0,Free_feed,16,4.20,1,0,Pellet,Left,10,15,29,0,8.52,14,nan
1/3/2023 17:49:05,1.12.0,Free_feed,16,4.21,1,0,Pellet,Left,10,15,30,0,0.06,2,nan
1/3/2023 17:49:45,1.12.0,Free_feed,16,4.21,1,0,Pellet,Left,10,15,31,0,33.43,40,nan
1/3/2023 18:06:28,1.12.0,Free_feed,16,4.21,nan,0,RightWithPellet,Left,10,16,31,0,nan,nan,0.35
1/3/2023 18:06:36,1.12.0,Free_feed,16,4.20,nan,0,LeftWithPellet,Left,11,16,31,0,nan,nan,1.54
1/3/2023 18:06:45,1.12.0,Free_feed,16,4.21,nan,0,LeftWithPellet,Left,12,16,31,0,nan,nan,0.04
1/3/2023 18:06:52,1.12.0,Free_feed,16,4.20,nan,0,LeftWithPellet,Left,13,16,31,0,nan,nan,0.03
1/3/2023 18:07:09,1.12.0,Free_feed,16,4.21,1,0,Pellet,Left,13,16,32,0,Timed_out,1044,nan
1/3/2023 18:07:10,1.12.0,Free_feed,16,4.20,1,0,Pellet,Left,13,16,33,0,0.06,1,nan
1/3/2023 18:07:11,1.12.0,Free_feed,16,4.20,1,0,Pellet,Left,13,16,34,0,0.13,1,nan
1/3/2023 18:07:30,1.12.0,Free_feed,16,4.21,1,0,Pellet,Left,13,16,35,0,12.55,19,nan
1/3/2023 18:07:48,1.12.0,Free_feed,16,4.22,1,0,Pellet,Left,13,16,36,0,11.80,18,nan
1/3/2023 18:08:39,1.12.0,Free_feed,16,4.21,2,0,Pellet,Left,13,16,37,0,41.46,50,nan
1/3/2023 18:23:39,1.12.0,Free_feed,16,4.20,nan,0,RightWithPellet,Left,13,17,37,0,nan,nan,0.09
1/3/2023 18:23:41,1.12.0,Free_feed,16,4.20,nan,0,RightWithPellet,Left,13,18,37,0,nan,nan,0.02
1/3/2023 18:35:12,1.12.0,Free_feed,16,4.20,1,0,Pellet,Left,13,18,38,0,Timed_out,1594,nan
1/3/2023 18:36:01,1.12.0,Free_feed,16,4.20,1,0,Pellet,Left,13,18,39,0,42.36,48,nan
1/3/2023 18:36:08,1.12.0,Free_feed,16,4.20,1,0,Pellet,Left,13,18,40,0,0.40,8,nan
1/3/2023 18:36:26,1.12.0,Free_feed,16,4.21,1,0,Pellet,Left,13,18,41,0,12.08,18,nan
1/3/2023 18:36:38,1.12.0,Free_feed,16,4.20,1,0,Pellet,Left,13,18,42,0,4.42,12,nan
1/3/2023 18:36:49,1.12.0,Free_feed,16,4.20,1,0,Pellet,Left,13,18,43,0,5.25,11,nan
1/3/2023 18:37:00,1.12.0,Free_feed,16,4.20,1,0,Pellet,Left,13,18,44,0,4.09,11,nan
1/3/2023 18:37:12,1.12.0,Free_feed,16,4.20,1,0,Pellet,Left,13,18,45,0,5.24,12,nan
1/3/2023 18:37:23,1.12.0,Free_feed,16,4.20,1,0,Pellet,Left,13,18,46,0,9.48,11,nan
1/3/2023 18:37:36,1.12.0,Free_feed,16,4.20,1,0,Pellet,Left,13,18,47,0,6.06,13,nan
1/3/2023 18:37:53,1.12.0,Free_feed,16,4.20,1,0,Pellet,Left,13,18,48,0,10.23,17,nan
1/3/2023 18:38:36,1.12.0,Free_feed,16,4.20,1,0,Pellet,Left,13,18,49,0,35.36,42,nan
1/3/2023 18:48:44,1.12.0,Free_feed,16,4.20,1,0,Pellet,Left,13,18,50,0,Timed_out,609,nan
1/3/2023 18:59:08,1.12.0,Free_feed,16,4.19,2,0,Pellet,Left,13,18,51,0,Timed_out,624,nan
1/3/2023 18:59:24,1.12.0,Free_feed,16,4.20,1,0,Pellet,Left,13,18,52,0,8.39,15,nan
1/3/2023 18:59:33,1.12.0,Free_feed,16,4.20,1,0,Pellet,Left,13,18,53,0,2.86,10,nan
1/3/2023 18:59:59,1.12.0,Free_feed,16,4.20,1,0,Pellet,Left,13,18,54,0,18.30,25,nan
1/3/2023 19:00:10,1.12.0,Free_feed,16,4.20,1,0,Pellet,Left,13,18,55,0,5.04,12,nan
1/3/2023 19:00:22,1.12.0,Free_feed,16,4.20,1,0,Pellet,Left,13,18,56,0,5.04,12,nan
1/3/2023 19:00:52,1.12.0,Free_feed,16,4.20,1,0,Pellet,Left,13,18,57,0,22.95,30,nan
1/3/2023 19:02:02,1.12.0,Free_feed,16,4.20,1,0,Pellet,Left,13,18,58,0,Timed_out,70,nan
1/3/2023 19:14:38,1.12.0,Free_feed,16,4.19,1,0,Pellet,Left,13,18,59,0,Timed_out,756,nan
1/3/2023 19:14:59,1.12.0,Free_feed,16,4.19,1,0,Pellet,Left,13,18,60,0,13.16,20,nan
1/3/2023 19:21:36,1.12.0,Free_feed,16,4.19,11,0,Pellet,Left,13,18,61,0,Timed_out,398,nan
1/3/2023 19:21:38,1.12.0,Free_feed,16,4.19,1,0,Pellet,Left,13,18,62,0,0.06,1,nan
1/3/2023 19:21:54,1.12.0,Free_feed,16,4.19,4,0,Pellet,Left,13,18,63,0,5.31,17,nan
1/3/2023 19:22:55,1.12.0,Free_feed,16,4.20,11,0,Pellet,Left,13,18,64,0,24.44,61,nan
1/3/2023 19:27:38,1.12.0,Free_feed,16,4.19,1,0,Pellet,Left,13,18,65,0,Timed_out,282,nan
1/3/2023 19:35:57,1.12.0,Free_feed,16,4.19,4,0,Pellet,Left,13,18,66,0,Timed_out,500,nan
1/3/2023 19:37:10,1.12.0,Free_feed,16,4.19,1,0,Pellet,Left,13,18,67,0,Timed_out,73,nan
1/3/2023 19:37:48,1.12.0,Free_feed,16,4.19,2,0,Pellet,Left,13,18,68,0,30.01,38,nan
1/3/2023 19:38:31,1.12.0,Free_feed,16,4.19,1,0,Pellet,Left,13,18,69,0,35.57,43,nan
1/3/2023 19:39:16,1.12.0,Free_feed,16,4.19,2,0,Pellet,Left,13,18,70,0,38.24,45,nan
1/3/2023 19:42:54,1.12.0,Free_feed,16,4.19,1,0,Pellet,Left,13,18,71,0,Timed_out,218,nan
1/3/2023 19:43:00,1.12.0,Free_feed,16,4.20,1,0,Pellet,Left,13,18,72,0,0.06,6,nan
1/3/2023 19:53:15,1.12.0,Free_feed,16,4.19,1,0,Pellet,Left,13,18,73,0,Timed_out,615,nan
1/3/2023 19:53:30,1.12.0,Free_feed,16,4.19,1,0,Pellet,Left,13,18,74,0,8.18,15,nan
1/3/2023 19:53:43,1.12.0,Free_feed,16,4.19,1,0,Pellet,Left,13,18,75,0,6.13,13,nan
1/3/2023 19:55:36,1.12.0,Free_feed,16,4.19,1,0,Pellet,Left,13,18,76,0,Timed_out,113,nan
1/3/2023 19:55:37,1.12.0,Free_feed,16,4.19,1,0,Pellet,Left,13,18,77,0,0.06,1,nan
1/3/2023 19:55:54,1.12.0,Free_feed,16,4.20,2,0,Pellet,Left,13,18,78,0,8.04,16,nan
1/3/2023 19:56:29,1.12.0,Free_feed,16,4.19,nan,0,RightWithPellet,Left,13,19,78,0,nan,nan,0.78
1/3/2023 19:57:26,1.12.0,Free_feed,16,4.19,nan,0,RightWithPellet,Left,13,20,78,0,nan,nan,0.05
1/3/2023 20:17:03,1.12.0,Free_feed,16,4.19,1,0,Pellet,Left,13,20,79,0,Timed_out,1270,nan
1/3/2023 20:17:10,1.12.0,Free_feed,16,4.19,1,0,Pellet,Left,13,20,80,0,0.06,6,nan
1/3/2023 20:27:12,1.12.0,Free_feed,16,4.18,1,0,Pellet,Left,13,20,81,0,Timed_out,603,nan
1/3/2023 20:27:21,1.12.0,Free_feed,16,4.18,1,0,Pellet,Left,13,20,82,0,2.52,9,nan
1/3/2023 20:27:34,1.12.0,Free_feed,16,4.18,1,0,Pellet,Left,13,20,83,0,6.13,13,nan
1/3/2023 20:27:44,1.12.0,Free_feed,16,4.18,1,0,Pellet,Left,13,20,84,0,3.54,10,nan
1/3/2023 20:27:55,1.12.0,Free_feed,16,4.18,1,0,Pellet,Left,13,20,85,0,3.88,10,nan
1/3/2023 20:28:07,1.12.0,Free_feed,16,4.18,2,0,Pellet,Left,13,20,86,0,2.99,13,nan
1/3/2023 20:28:16,1.12.0,Free_feed,16,4.18,1,0,Pellet,Left,13,20,87,0,2.17,9,nan
1/3/2023 20:40:56,1.12.0,Free_feed,16,4.18,1,0,Pellet,Left,13,20,88,0,Timed_out,760,nan
1/3/2023 20:41:12,1.12.0,Free_feed,16,4.18,1,0,Pellet,Left,13,20,89,0,9.07,16,nan
1/3/2023 20:41:25,1.12.0,Free_feed,16,4.19,1,0,Pellet,Left,13,20,90,0,6.47,13,nan
1/3/2023 20:41:38,1.12.0,Free_feed,16,4.18,1,0,Pellet,Left,13,20,91,0,6.75,13,nan
1/3/2023 20:41:51,1.12.0,Free_feed,16,4.19,1,0,Pellet,Left,13,20,92,0,5.72,13,nan
1/3/2023 20:43:03,1.12.0,Free_feed,16,4.18,1,0,Pellet,Left,13,20,93,0,Timed_out,72,nan
1/3/2023 20:43:04,1.12.0,Free_feed,16,4.19,1,0,Pellet,Left,13,20,94,0,0.06,1,nan
1/3/2023 20:48:19,1.12.0,Free_feed,16,4.18,nan,0,RightWithPellet,Left,13,21,94,0,nan,nan,1.00
1/3/2023 20:48:36,1.12.0,Free_feed,16,4.18,1,0,Pellet,Left,13,21,95,0,Timed_out,332,nan
1/3/2023 20:48:48,1.12.0,Free_feed,16,4.18,1,0,Pellet,Left,13,21,96,0,5.18,12,nan
1/3/2023 21:19:42,1.12.0,Free_feed,16,4.18,1,0,Pellet,Left,13,21,97,0,Timed_out,1853,nan
1/3/2023 21:20:01,1.12.0,Free_feed,16,4.18,1,0,Pellet,Left,13,21,98,0,12.69,19,nan
1/3/2023 21:20:02,1.12.0,Free_feed,16,4.18,1,0,Pellet,Left,13,21,99,0,0.13,2,nan
1/3/2023 21:20:09,1.12.0,Free_feed,16,4.18,1,0,Pellet,Left,13,21,100,0,0.06,7,nan
1/3/2023 21:29:22,1.12.0,Free_feed,16,4.18,nan,0,RightWithPellet,Left,13,22,100,0,nan,nan,0.10
1/3/2023 21:33:17,1.12.0,Free_feed,16,4.18,1,0,Pellet,Left,13,22,101,0,Timed_out,788,nan
1/3/2023 21:33:29,1.12.0,Free_feed,16,4.18,1,0,Pellet,Left,13,22,102,0,10.57,12,nan
1/3/2023 21:45:18,1.12.0,Free_feed,16,4.18,1,0,Pellet,Left,13,22,103,0,Timed_out,709,nan
1/3/2023 21:45:33,1.12.0,Free_feed,16,4.18,1,0,Pellet,Left,13,22,104,0,7.70,15,nan
1/3/2023 21:45:40,1.12.0,Free_feed,16,4.17,1,0,Pellet,Left,13,22,105,0,0.06,7,nan
1/3/2023 21:58:08,1.12.0,Free_feed,16,4.18,1,0,Pellet,Left,13,22,106,0,Timed_out,748,nan
1/3/2023 21:58:21,1.12.0,Free_feed,16,4.18,1,0,Pellet,Left,13,22,107,0,6.13,13,nan
1/3/2023 21:58:54,1.12.0,Free_feed,16,4.18,1,0,Pellet,Left,13,22,108,0,26.11,33,nan
1/3/2023 22:06:31,1.12.0,Free_feed,16,4.18,nan,0,RightWithPellet,Left,13,23,108,0,nan,nan,0.58
1/3/2023 22:06:58,1.12.0,Free_feed,16,4.18,nan,0,RightWithPellet,Left,13,24,108,0,nan,nan,0.01
1/3/2023 22:09:08,1.12.0,Free_feed,16,4.18,2,0,Pellet,Left,13,24,109,0,Timed_out,614,nan
1/3/2023 22:26:46,1.12.0,Free_feed,16,4.18,nan,0,RightWithPellet,Left,13,25,109,0,nan,nan,0.05
1/3/2023 22:36:20,1.12.0,Free_feed,16,4.18,nan,0,LeftWithPellet,Left,14,25,109,0,nan,nan,0.01
1/3/2023 22:37:11,1.12.0,Free_feed,16,4.18,nan,0,RightWithPellet,Left,14,26,109,0,nan,nan,0.09
1/3/2023 22:47:03,1.12.0,Free_feed,16,4.18,1,0,Pellet,Left,14,26,110,0,Timed_out,2275,nan
1/3/2023 22:47:10,1.12.0,Free_feed,16,4.17,1,0,Pellet,Left,14,26,111,0,3.47,7,nan
1/3/2023 22:49:25,1.12.0,Free_feed,16,4.17,nan,0,RightWithPellet,Left,14,27,111,0,nan,nan,0.45
1/3/2023 22:58:52,1.12.0,Free_feed,16,4.17,1,0,Pellet,Left,14,27,112,0,Timed_out,701,nan
1/3/2023 22:58:58,1.12.0,Free_feed,16,4.17,1,0,Pellet,Left,14,27,113,0,0.06,7,nan
1/3/2023 23:07:59,1.12.0,Free_feed,16,4.17,nan,0,LeftWithPellet,Left,15,27,113,0,nan,nan,0.60
1/3/2023 23:10:39,1.12.0,Free_feed,16,4.17,nan,0,RightWithPellet,Left,15,28,113,0,nan,nan,0.03
1/3/2023 23:29:35,1.12.0,Free_feed,16,4.16,1,0,Pellet,Left,15,28,114,0,Timed_out,1836,nan
1/3/2023 23:29:40,1.12.0,Free_feed,16,4.17,1,0,Pellet,Left,15,28,115,0,0.06,6,nan
1/3/2023 23:29:45,1.12.0,Free_feed,16,4.17,1,0,Pellet,Left,15,28,116,0,2.11,4,nan
1/3/2023 23:30:02,1.12.0,Free_feed,16,4.17,1,0,Pellet,Left,15,28,117,0,10.37,17,nan
1/3/2023 23:40:36,1.12.0,Free_feed,16,4.17,nan,0,RightWithPellet,Left,15,29,117,0,nan,nan,0.56
1/3/2023 23:40:53,1.12.0,Free_feed,16,4.17,nan,0,LeftWithPellet,Left,16,29,117,0,nan,nan,0.17
1/3/2023 23:40:59,1.12.0,Free_feed,16,4.17,1,0,Pellet,Left,16,29,118,0,Timed_out,658,nan
1/3/2023 23:41:10,1.12.0,Free_feed,16,4.17,1,0,Pellet,Left,16,29,119,0,4.97,11,nan
1/3/2023 23:41:19,1.12.0,Free_feed,16,4.17,1,0,Pellet,Left,16,29,120,0,2.11,9,nan
1/3/2023 23:41:31,1.12.0,Free_feed,16,4.16,1,0,Pellet,Left,16,29,121,0,4.36,12,nan
1/3/2023 23:41:44,1.12.0,Free_feed,16,4.17,2,0,Pellet,Left,16,29,122,0,6.88,13,nan
1/3/2023 23:51:44,1.12.0,Free_feed,16,4.17,1,0,Pellet,Left,16,29,123,0,Timed_out,600,nan
1/3/2023 23:51:46,1.12.0,Free_feed,16,4.16,1,0,Pellet,Left,16,29,124,0,0.54,2,nan
1/3/2023 23:51:57,1.12.0,Free_feed,16,4.17,1,0,Pellet,Left,16,29,125,0,4.29,10,nan
1/3/2023 23:52:16,1.12.0,Free_feed,16,4.16,1,0,Pellet,Left,16,29,126,0,12.22,19,nan
1/4/2023 0:05:07,1.12.0,Free_feed,16,4.16,1,0,Pellet,Left,16,29,127,0,Timed_out,772,nan
1/4/2023 0:05:28,1.12.0,Free_feed,16,4.16,1,0,Pellet,Left,16,29,128,0,20.35,21,nan
1/4/2023 0:05:29,1.12.0,Free_feed,16,4.17,1,0,Pellet,Left,16,29,129,0,0.06,1,nan
1/4/2023 0:05:36,1.12.0,Free_feed,16,4.16,1,0,Pellet,Left,16,29,130,0,0.06,7,nan
1/4/2023 0:05:56,1.12.0,Free_feed,16,4.17,1,0,Pellet,Left,16,29,131,0,14.67,20,nan
1/4/2023 0:12:38,1.12.0,Free_feed,16,4.17,nan,0,LeftWithPellet,Left,17,29,131,0,nan,nan,0.00
1/4/2023 0:22:22,1.12.0,Free_feed,16,4.17,1,0,Pellet,Left,17,29,132,0,Timed_out,986,nan
1/4/2023 0:22:27,1.12.0,Free_feed,16,4.16,1,0,Pellet,Left,17,29,133,0,0.20,5,nan
1/4/2023 0:23:05,1.12.0,Free_feed,16,4.17,1,0,Pellet,Left,17,29,134,0,30.16,38,nan
1/4/2023 0:35:07,1.12.0,Free_feed,16,4.16,nan,0,RightWithPellet,Left,17,30,134,0,nan,nan,0.39
1/4/2023 0:35:23,1.12.0,Free_feed,16,4.16,nan,0,RightWithPellet,Left,17,31,134,0,nan,nan,0.30
1/4/2023 0:42:34,1.12.0,Free_feed,16,4.16,1,0,Pellet,Left,17,31,135,0,Timed_out,1169,nan
1/4/2023 0:42:45,1.12.0,Free_feed,16,4.16,1,0,Pellet,Left,17,31,136,0,4.91,11,nan
1/4/2023 0:42:57,1.12.0,Free_feed,16,4.16,1,0,Pellet,Left,17,31,137,0,4.02,11,nan
1/4/2023 0:43:05,1.12.0,Free_feed,16,4.16,1,0,Pellet,Left,17,31,138,0,1.08,9,nan
1/4/2023 0:43:14,1.12.0,Free_feed,16,4.17,1,0,Pellet,Left,17,31,139,0,2.92,9,nan
1/4/2023 0:43:34,1.12.0,Free_feed,16,4.16,1,0,Pellet,Left,17,31,140,0,12.07,20,nan
1/4/2023 0:43:44,1.12.0,Free_feed,16,4.16,1,0,Pellet,Left,17,31,141,0,3.61,10,nan
1/4/2023 0:43:55,1.12.0,Free_feed,16,4.17,1,0,Pellet,Left,17,31,142,0,4.22,11,nan
1/4/2023 0:44:08,1.12.0,Free_feed,16,4.16,1,0,Pellet,Left,17,31,143,0,6.27,13,nan
1/4/2023 0:44:09,1.12.0,Free_feed,16,4.18,1,0,Pellet,Left,17,31,144,0,0.06,1,nan
1/4/2023 0:44:20,1.12.0,Free_feed,16,4.16,1,0,Pellet,Left,17,31,145,0,4.63,11,nan
1/4/2023 0:57:58,1.12.0,Free_feed,16,4.16,nan,0,LeftWithPellet,Left,18,31,145,0,nan,nan,0.70
1/4/2023 1:08:04,1.12.0,Free_feed,16,4.16,1,0,Pellet,Left,18,31,146,0,Timed_out,1424,nan
1/4/2023 1:08:15,1.12.0,Free_feed,16,4.16,1,0,Pellet,Left,18,31,147,0,3.13,11,nan
1/4/2023 1:08:25,1.12.0,Free_feed,16,4.16,1,0,Pellet,Left,18,31,148,0,3.67,10,nan
1/4/2023 1:08:33,1.12.0,Free_feed,16,4.16,1,0,Pellet,Left,18,31,149,0,0.68,8,nan
1/4/2023 1:08:42,1.12.0,Free_feed,16,4.16,1,0,Pellet,Left,18,31,150,0,1.97,9,nan
1/4/2023 1:08:51,1.12.0,Free_feed,16,4.16,1,0,Pellet,Left,18,31,151,0,1.90,8,nan
1/4/2023 1:09:01,1.12.0,Free_feed,16,4.16,1,0,Pellet,Left,18,31,152,0,3.74,11,nan
1/4/2023 1:09:12,1.12.0,Free_feed,16,4.16,1,0,Pellet,Left,18,31,153,0,2.86,10,nan
1/4/2023 1:09:19,1.12.0,Free_feed,16,4.16,1,0,Pellet,Left,18,31,154,0,0.06,8,nan
1/4/2023 1:09:38,1.12.0,Free_feed,16,4.16,1,0,Pellet,Left,18,31,155,0,11.93,18,nan
1/4/2023 1:09:59,1.12.0,Free_feed,16,4.16,nan,0,LeftWithPellet,Left,19,31,155,0,nan,nan,0.16
1/4/2023 1:22:06,1.12.0,Free_feed,16,4.16,1,0,Pellet,Left,19,31,156,0,Timed_out,748,nan
1/4/2023 1:22:09,1.12.0,Free_feed,16,4.16,2,0,Pellet,Left,19,31,157,0,0.06,4,nan
1/4/2023 1:34:12,1.12.0,Free_feed,16,4.16,1,0,Pellet,Left,19,31,158,0,Timed_out,723,nan
1/4/2023 1:34:13,1.12.0,Free_feed,16,4.16,1,0,Pellet,Left,19,31,159,0,0.06,1,nan
1/4/2023 1:34:22,1.12.0,Free_feed,16,4.16,1,0,Pellet,Left,19,31,160,0,2.51,9,nan
1/4/2023 1:34:28,1.12.0,Free_feed,16,4.16,1,0,Pellet,Left,19,31,161,0,0.06,6,nan
1/4/2023 1:34:39,1.12.0,Free_feed,16,4.16,2,0,Pellet,Left,19,31,162,0,7.36,11,nan
1/4/2023 1:34:48,1.12.0,Free_feed,16,4.16,2,0,Pellet,Left,19,31,163,0,1.63,8,nan
1/4/2023 1:34:57,1.12.0,Free_feed,16,4.16,1,0,Pellet,Left,19,31,164,0,2.58,10,nan
1/4/2023 1:35:07,1.12.0,Free_feed,16,4.16,1,0,Pellet,Left,19,31,165,0,8.11,10,nan
1/4/2023 1:35:18,1.12.0,Free_feed,16,4.16,2,0,Pellet,Left,19,31,166,0,3.68,10,nan
1/4/2023 1:35:28,1.12.0,Free_feed,16,4.16,1,0,Pellet,Left,19,31,167,0,3.13,11,nan
1/4/2023 1:35:38,1.12.0,Free_feed,16,4.16,3,0,Pellet,Left,19,31,168,0,1.15,10,nan
1/4/2023 1:35:53,1.12.0,Free_feed,16,4.16,1,0,Pellet,Left,19,31,169,0,8.52,15,nan
1/4/2023 1:36:43,1.12.0,Free_feed,16,4.16,nan,0,RightWithPellet,Left,19,32,169,0,nan,nan,0.58
1/4/2023 1:43:22,1.12.0,Free_feed,16,4.16,nan,0,LeftWithPellet,Left,20,32,169,0,nan,nan,0.22
1/4/2023 1:43:25,1.12.0,Free_feed,16,4.16,1,0,Pellet,Left,20,32,170,0,Timed_out,452,nan
1/4/2023 1:52:01,1.12.0,Free_feed,16,4.16,1,0,Pellet,Left,20,32,171,0,Timed_out,516,nan
1/4/2023 1:52:02,1.12.0,Free_feed,16,4.16,1,0,Pellet,Left,20,32,172,0,0.06,1,nan
1/4/2023 1:52:12,1.12.0,Free_feed,16,4.16,2,0,Pellet,Left,20,32,173,0,1.22,10,nan
1/4/2023 1:52:22,1.12.0,Free_feed,16,4.16,1,0,Pellet,Left,20,32,174,0,3.33,10,nan
1/4/2023 1:52:31,1.12.0,Free_feed,16,4.16,1,0,Pellet,Left,20,32,175,0,1.90,9,nan
1/4/2023 1:52:39,1.12.0,Free_feed,16,4.16,1,0,Pellet,Left,20,32,176,0,0.95,8,nan
1/4/2023 1:52:48,1.12.0,Free_feed,16,4.16,1,0,Pellet,Left,20,32,177,0,1.97,9,nan
1/4/2023 2:02:16,1.12.0,Free_feed,16,4.16,nan,0,LeftWithPellet,Left,21,32,177,0,nan,nan,0.02
1/4/2023 2:35:03,1.12.0,Free_feed,16,4.16,1,0,Pellet,Left,21,32,178,0,Timed_out,2535,nan
1/4/2023 2:35:13,1.12.0,Free_feed,16,4.15,2,0,Pellet,Left,21,32,179,0,2.86,10,nan
1/4/2023 2:35:20,1.12.0,Free_feed,16,4.16,1,0,Pellet,Left,21,32,180,0,0.06,7,nan
1/4/2023 2:35:21,1.12.0,Free_feed,16,4.16,1,0,Pellet,Left,21,32,181,0,0.06,0,nan
1/4/2023 2:35:31,1.12.0,Free_feed,16,4.15,2,0,Pellet,Left,21,32,182,0,3.54,11,nan
1/4/2023 2:35:38,1.12.0,Free_feed,16,4.16,2,0,Pellet,Left,21,32,183,0,0.13,7,nan
1/4/2023 2:35:49,1.12.0,Free_feed,16,4.16,1,0,Pellet,Left,21,32,184,0,3.68,11,nan
1/4/2023 2:43:17,1.12.0,Free_feed,16,4.16,nan,0,LeftWithPellet,Left,22,32,184,0,nan,nan,0.64
1/4/2023 2:43:26,1.12.0,Free_feed,16,4.16,nan,0,RightWithPellet,Left,22,33,184,0,nan,nan,0.26
1/4/2023 2:43:31,1.12.0,Free_feed,16,4.15,nan,0,RightWithPellet,Left,22,34,184,0,nan,nan,0.02
1/4/2023 2:59:19,1.12.0,Free_feed,16,4.16,1,0,Pellet,Left,22,34,185,0,Timed_out,1410,nan
1/4/2023 2:59:28,1.12.0,Free_feed,16,4.16,1,0,Pellet,Left,22,34,186,0,2.04,9,nan
1/4/2023 2:59:39,1.12.0,Free_feed,16,4.16,1,0,Pellet,Left,22,34,187,0,4.29,11,nan
1/4/2023 2:59:47,1.12.0,Free_feed,16,4.16,1,0,Pellet,Left,22,34,188,0,1.08,8,nan
1/4/2023 2:59:55,1.12.0,Free_feed,16,4.16,1,0,Pellet,Left,22,34,189,0,6.07,7,nan
1/4/2023 3:00:04,1.12.0,Free_feed,16,4.16,1,0,Pellet,Left,22,34,190,0,3.06,10,nan
1/4/2023 3:00:13,1.12.0,Free_feed,16,4.16,2,0,Pellet,Left,22,34,191,0,2.04,9,nan
1/4/2023 3:00:22,1.12.0,Free_feed,16,4.15,1,0,Pellet,Left,22,34,192,0,2.17,9,nan
1/4/2023 3:00:35,1.12.0,Free_feed,16,4.16,1,0,Pellet,Left,22,34,193,0,6.00,13,nan
1/4/2023 3:13:53,1.12.0,Free_feed,16,4.16,nan,0,LeftWithPellet,Left,23,34,193,0,nan,nan,0.20
1/4/2023 3:16:51,1.12.0,Free_feed,16,4.16,1,0,Pellet,Left,23,34,194,0,Timed_out,975,nan
1/4/2023 3:17:26,1.12.0,Free_feed,16,4.15,1,0,Pellet,Left,23,34,195,0,28.64,36,nan
1/4/2023 3:26:46,1.12.0,Free_feed,16,4.16,1,0,Pellet,Left,23,34,196,0,Timed_out,560,nan
1/4/2023 3:26:55,1.12.0,Free_feed,16,4.16,2,0,Pellet,Left,23,34,197,0,0.74,9,nan
1/4/2023 3:27:05,1.12.0,Free_feed,16,4.15,1,0,Pellet,Left,23,34,198,0,3.06,10,nan
1/4/2023 3:27:12,1.12.0,Free_feed,16,4.15,1,0,Pellet,Left,23,34,199,0,0.06,7,nan
1/4/2023 3:27:20,1.12.0,Free_feed,16,4.15,1,0,Pellet,Left,23,34,200,0,1.15,8,nan
1/4/2023 3:27:29,1.12.0,Free_feed,16,4.16,1,0,Pellet,Left,23,34,201,0,1.49,9,nan
1/4/2023 3:27:37,1.12.0,Free_feed,16,4.15,1,0,Pellet,Left,23,34,202,0,2.10,8,nan
1/4/2023 3:27:49,1.12.0,Free_feed,16,4.16,1,0,Pellet,Left,23,34,203,0,4.91,12,nan
1/4/2023 3:27:58,1.12.0,Free_feed,16,4.15,1,0,Pellet,Left,23,34,204,0,1.83,9,nan
1/4/2023 3:28:10,1.12.0,Free_feed,16,4.16,1,0,Pellet,Left,23,34,205,0,4.56,12,nan
1/4/2023 3:28:20,1.12.0,Free_feed,16,4.15,1,0,Pellet,Left,23,34,206,0,4.36,10,nan
1/4/2023 3:28:41,1.12.0,Free_feed,16,4.15,1,0,Pellet,Left,23,34,207,0,13.59,21,nan
1/4/2023 4:05:15,1.12.0,Free_feed,16,4.14,1,0,Pellet,Left,23,34,208,0,Timed_out,2194,nan
1/4/2023 4:05:19,1.12.0,Free_feed,16,4.15,1,0,Pellet,Left,23,34,209,0,0.06,4,nan
1/4/2023 4:05:19,1.12.0,Free_feed,16,4.16,1,0,Pellet,Left,23,34,210,0,0.06,0,nan
1/4/2023 4:05:43,1.12.0,Free_feed,16,4.15,1,0,Pellet,Left,23,34,211,0,16.79,24,nan
1/4/2023 4:05:52,1.12.0,Free_feed,16,4.15,1,0,Pellet,Left,23,34,212,0,7.97,9,nan
1/4/2023 4:06:01,1.12.0,Free_feed,16,4.15,1,0,Pellet,Left,23,34,213,0,2.24,9,nan
1/4/2023 4:06:03,1.12.0,Free_feed,16,4.14,1,0,Pellet,Left,23,34,214,0,0.06,1,nan
1/4/2023 4:06:12,1.12.0,Free_feed,16,4.15,1,0,Pellet,Left,23,34,215,0,3.06,10,nan
1/4/2023 4:06:20,1.12.0,Free_feed,16,4.15,1,0,Pellet,Left,23,34,216,0,0.68,8,nan
1/4/2023 4:06:28,1.12.0,Free_feed,16,4.15,1,0,Pellet,Left,23,34,217,0,1.97,8,nan
1/4/2023 4:06:39,1.12.0,Free_feed,16,4.15,1,0,Pellet,Left,23,34,218,0,3.47,11,nan
1/4/2023 4:06:53,1.12.0,Free_feed,16,4.15,1,0,Pellet,Left,23,34,219,0,7.22,13,nan
1/4/2023 4:07:02,1.12.0,Free_feed,16,4.14,2,0,Pellet,Left,23,34,220,0,2.58,10,nan
1/4/2023 4:07:13,1.12.0,Free_feed,16,4.15,1,0,Pellet,Left,23,34,221,0,4.42,11,nan
1/4/2023 4:08:30,1.12.0,Free_feed,16,4.16,1,0,Pellet,Left,23,34,222,0,Timed_out,77,nan
1/4/2023 4:08:32,1.12.0,Free_feed,16,4.14,1,0,Pellet,Left,23,34,223,0,0.95,2,nan
1/4/2023 7:03:00,1.12.0,Free_feed,16,4.14,1,0,Pellet,Left,23,34,224,0,Timed_out,10468,nan
1/4/2023 7:03:14,1.12.0,Free_feed,16,4.14,1,0,Pellet,Left,23,34,225,0,7.29,14,nan
1/4/2023 7:03:27,1.12.0,Free_feed,16,4.13,1,0,Pellet,Left,23,34,226,0,6.54,13,nan
1/4/2023 7:03:38,1.12.0,Free_feed,16,4.14,1,0,Pellet,Left,23,34,227,0,3.95,11,nan
1/4/2023 7:03:55,1.12.0,Free_feed,16,4.14,1,0,Pellet,Left,23,34,228,0,9.82,17,nan
1/4/2023 7:04:10,1.12.0,Free_feed,16,4.14,1,0,Pellet,Left,23,34,229,0,7.56,14,nan
1/4/2023 7:04:27,1.12.0,Free_feed,16,4.14,2,0,Pellet,Left,23,34,230,0,9.47,18,nan
1/4/2023 7:04:39,1.12.0,Free_feed,16,4.14,1,0,Pellet,Left,23,34,231,0,4.70,12,nan
1/4/2023 7:04:39,1.12.0,Free_feed,16,4.14,1,0,Pellet,Left,23,34,232,0,0.06,0,nan
1/4/2023 7:04:54,1.12.0,Free_feed,16,4.14,1,0,Pellet,Left,23,34,233,0,7.90,15,nan
1/4/2023 7:07:19,1.12.0,Free_feed,16,4.14,1,0,Pellet,Left,23,34,234,0,Timed_out,145,nan
1/4/2023 7:18:12,1.12.0,Free_feed,16,4.14,1,0,Pellet,Left,23,34,235,0,Timed_out,653,nan
1/4/2023 7:18:28,1.12.0,Free_feed,16,4.14,1,0,Pellet,Left,23,34,236,0,11.25,15,nan
1/4/2023 7:18:38,1.12.0,Free_feed,16,4.14,1,0,Pellet,Left,23,34,237,0,3.88,11,nan
1/4/2023 7:18:47,1.12.0,Free_feed,16,4.14,1,0,Pellet,Left,23,34,238,0,1.90,9,nan
1/4/2023 7:18:48,1.12.0,Free_feed,16,4.14,1,0,Pellet,Left,23,34,239,0,0.06,1,nan
1/4/2023 7:18:59,1.12.0,Free_feed,16,4.14,1,0,Pellet,Left,23,34,240,0,4.63,11,nan
1/4/2023 7:19:09,1.12.0,Free_feed,16,4.14,2,0,Pellet,Left,23,34,241,0,1.76,10,nan
1/4/2023 7:19:21,1.12.0,Free_feed,16,4.14,1,0,Pellet,Left,23,34,242,0,4.70,12,nan
1/4/2023 7:19:31,1.12.0,Free_feed,16,4.14,2,0,Pellet,Left,23,34,243,0,3.74,10,nan
1/4/2023 7:19:40,1.12.0,Free_feed,16,4.14,2,0,Pellet,Left,23,34,244,0,0.34,9,nan
1/4/2023 7:19:52,1.12.0,Free_feed,16,4.14,1,0,Pellet,Left,23,34,245,0,4.83,12,nan
1/4/2023 7:20:01,1.12.0,Free_feed,16,4.14,1,0,Pellet,Left,23,34,246,0,2.38,9,nan
1/4/2023 7:33:15,1.12.0,Free_feed,16,4.14,1,0,Pellet,Left,23,34,247,0,Timed_out,794,nan
1/4/2023 7:33:21,1.12.0,Free_feed,16,4.14,1,0,Pellet,Left,23,34,248,0,1.83,6,nan
1/4/2023 7:49:58,1.12.0,Free_feed,16,4.14,1,0,Pellet,Left,23,34,249,0,Timed_out,997,nan
1/4/2023 7:50:07,1.12.0,Free_feed,16,4.13,1,0,Pellet,Left,23,34,250,0,2.24,9,nan
1/4/2023 7:50:18,1.12.0,Free_feed,16,4.13,1,0,Pellet,Left,23,34,251,0,4.22,11,nan
1/4/2023 7:50:31,1.12.0,Free_feed,16,4.14,1,0,Pellet,Left,23,34,252,0,5.92,13,nan
1/4/2023 7:50:44,1.12.0,Free_feed,16,4.14,1,0,Pellet,Left,23,34,253,0,5.65,13,nan
1/4/2023 7:50:53,1.12.0,Free_feed,16,4.14,1,0,Pellet,Left,23,34,254,0,2.79,9,nan
1/4/2023 7:51:00,1.12.0,Free_feed,16,4.13,1,0,Pellet,Left,23,34,255,0,0.06,7,nan
1/4/2023 7:51:18,1.12.0,Free_feed,16,4.13,1,0,Pellet,Left,23,34,256,0,15.77,18,nan
1/4/2023 8:02:10,1.12.0,Free_feed,16,4.12,nan,0,RightWithPellet,Left,23,35,256,0,nan,nan,0.02
1/4/2023 8:02:34,1.12.0,Free_feed,16,4.14,1,0,Pellet,Left,23,35,257,0,Timed_out,676,nan
1/4/2023 8:02:45,1.12.0,Free_feed,16,4.14,nan,0,LeftWithPellet,Left,24,35,257,0,nan,nan,0.13
1/4/2023 8:04:02,1.12.0,Free_feed,16,4.13,nan,0,LeftWithPellet,Left,25,35,257,0,nan,nan,1.26
1/4/2023 8:05:59,1.12.0,Free_feed,16,4.14,nan,0,LeftWithPellet,Left,26,35,257,0,nan,nan,0.46
1/4/2023 8:06:58,1.12.0,Free_feed,16,4.14,nan,0,LeftWithPellet,Left,27,35,257,0,nan,nan,0.02
1/4/2023 8:07:42,1.12.0,Free_feed,16,4.14,nan,0,LeftWithPellet,Left,28,35,257,0,nan,nan,1.51
1/4/2023 8:07:44,1.12.0,Free_feed,16,4.13,nan,0,LeftWithPellet,Left,29,35,257,0,nan,nan,0.70
1/4/2023 8:07:50,1.12.0,Free_feed,16,4.13,nan,0,LeftWithPellet,Left,30,35,257,0,nan,nan,0.70
1/4/2023 8:07:51,1.12.0,Free_feed,16,4.14,nan,0,LeftWithPellet,Left,31,35,257,0,nan,nan,0.03
1/4/2023 8:07:52,1.12.0,Free_feed,16,4.13,nan,0,LeftWithPellet,Left,32,35,257,0,nan,nan,0.09
1/4/2023 8:07:54,1.12.0,Free_feed,16,4.13,nan,0,LeftWithPellet,Left,33,35,257,0,nan,nan,0.57
1/4/2023 8:08:46,1.12.0,Free_feed,16,4.13,nan,0,LeftWithPellet,Left,34,35,257,0,nan,nan,0.24
1/4/2023 8:24:35,1.12.0,Free_feed,16,4.13,nan,0,LeftWithPellet,Left,35,35,257,0,nan,nan,0.03
1/4/2023 8:31:42,1.12.0,Free_feed,16,4.14,1,0,Pellet,Left,35,35,258,0,Timed_out,1748,nan
1/4/2023 8:31:53,1.12.0,Free_feed,16,4.14,1,0,Pellet,Left,35,35,259,0,4.08,11,nan
1/4/2023 8:48:52,1.12.0,Free_feed,16,4.13,1,0,Pellet,Left,35,35,260,0,Timed_out,1019,nan
1/4/2023 8:49:04,1.12.0,Free_feed,16,4.13,1,0,Pellet,Left,35,35,261,0,5.52,12,nan
1/4/2023 8:49:15,1.12.0,Free_feed,16,4.13,1,0,Pellet,Left,35,35,262,0,4.29,11,nan
1/4/2023 8:49:24,1.12.0,Free_feed,16,4.13,1,0,Pellet,Left,35,35,263,0,2.38,9,nan
1/4/2023 8:49:36,1.12.0,Free_feed,16,4.13,1,0,Pellet,Left,35,35,264,0,5.24,11,nan
1/4/2023 8:49:46,1.12.0,Free_feed,16,4.13,2,0,Pellet,Left,35,35,265,0,3.95,11,nan
1/4/2023 8:49:58,1.12.0,Free_feed,16,4.13,1,0,Pellet,Left,35,35,266,0,5.18,12,nan
1/4/2023 8:50:10,1.12.0,Free_feed,16,4.13,1,0,Pellet,Left,35,35,267,0,4.22,11,nan
1/4/2023 8:50:24,1.12.0,Free_feed,16,4.12,1,0,Pellet,Left,35,35,268,0,7.22,14,nan
1/4/2023 8:50:35,1.12.0,Free_feed,16,4.13,1,0,Pellet,Left,35,35,269,0,4.29,12,nan
1/4/2023 8:50:36,1.12.0,Free_feed,16,4.14,1,0,Pellet,Left,35,35,270,0,0.06,1,nan
1/4/2023 8:50:48,1.12.0,Free_feed,16,4.14,1,0,Pellet,Left,35,35,271,0,4.42,12,nan
1/4/2023 8:55:29,1.12.0,Free_feed,16,4.13,nan,0,LeftWithPellet,Left,36,35,271,0,nan,nan,0.07
1/4/2023 8:56:07,1.12.0,Free_feed,16,4.13,nan,0,LeftWithPellet,Left,37,35,271,0,nan,nan,0.11
1/4/2023 8:57:48,1.12.0,Free_feed,16,4.13,nan,0,RightWithPellet,Left,37,36,271,0,nan,nan,0.56
1/4/2023 8:57:50,1.12.0,Free_feed,16,4.13,nan,0,RightWithPellet,Left,37,37,271,0,nan,nan,0.71
1/4/2023 9:16:53,1.12.0,Free_feed,16,4.13,1,0,Pellet,Left,37,37,272,0,Timed_out,1565,nan
1/4/2023 9:17:02,1.12.0,Free_feed,16,4.13,2,0,Pellet,Left,37,37,273,0,2.45,9,nan
1/4/2023 9:17:10,1.12.0,Free_feed,16,4.12,1,0,Pellet,Left,37,37,274,0,1.97,8,nan
1/4/2023 9:17:22,1.12.0,Free_feed,16,4.13,1,0,Pellet,Left,37,37,275,0,10.50,12,nan
1/4/2023 9:17:33,1.12.0,Free_feed,16,4.13,1,0,Pellet,Left,37,37,276,0,9.54,11,nan
1/4/2023 9:20:25,1.12.0,Free_feed,16,4.13,1,0,Pellet,Left,37,37,277,0,Timed_out,172,nan
1/4/2023 9:32:38,1.12.0,Free_feed,16,4.12,1,0,Pellet,Left,37,37,278,0,Timed_out,733,nan
1/4/2023 9:49:37,1.12.0,Free_feed,16,4.13,1,0,Pellet,Left,37,37,279,0,Timed_out,1019,nan
1/4/2023 10:05:32,1.12.0,Free_feed,16,4.13,1,0,Pellet,Left,37,37,280,0,Timed_out,955,nan
1/4/2023 10:05:44,1.12.0,Free_feed,16,4.13,1,0,Pellet,Left,37,37,281,0,4.56,12,nan
1/4/2023 10:05:54,1.12.0,Free_feed,16,4.13,1,0,Pellet,Left,37,37,282,0,3.06,10,nan
1/4/2023 10:06:01,1.12.0,Free_feed,16,4.12,1,0,Pellet,Left,37,37,283,0,0.06,7,nan
1/4/2023 10:06:06,1.12.0,Free_feed,16,4.13,1,0,Pellet,Left,37,37,284,0,0.20,5,nan
1/4/2023 12:48:10,1.12.0,Free_feed,16,4.12,1,0,Pellet,Left,37,37,285,0,Timed_out,9724,nan
