MM:DD:YYYY hh:mm:ss,Library_Version,Session_type,Device_Number,Battery_Voltage,Motor_Turns,FR,Event,Active_Poke,Left_Poke_Count,Right_Poke_Count,Pellet_Count,Block_Pellet_Count,Retrieval_Time,InterPelletInterval,Poke_Time
1/7/2023 17:05:39,1.12.0,Free_feed,9,4.18,4,0,Pellet,Left,0,0,1,0,Timed_out,nan,nan
1/7/2023 17:21:47,1.12.0,Free_feed,9,4.17,nan,0,LeftWithPellet,Left,1,0,1,0,nan,nan,0.02
1/7/2023 17:21:47,1.12.0,Free_feed,9,4.17,nan,0,LeftWithPellet,Left,2,0,1,0,nan,nan,0.04
1/7/2023 17:21:49,1.12.0,Free_feed,9,4.17,nan,0,LeftWithPellet,Left,3,0,1,0,nan,nan,0.03
1/7/2023 17:21:51,1.12.0,Free_feed,9,4.17,nan,0,LeftWithPellet,Left,4,0,1,0,nan,nan,0.02
1/7/2023 17:21:53,1.12.0,Free_feed,9,4.17,nan,0,LeftWithPellet,Left,5,0,1,0,nan,nan,0.26
1/7/2023 17:21:55,1.12.0,Free_feed,9,4.17,nan,0,LeftWithPellet,Left,6,0,1,0,nan,nan,0.18
1/7/2023 17:22:01,1.12.0,Free_feed,9,4.17,nan,0,LeftWithPellet,Left,7,0,1,0,nan,nan,1.55
1/7/2023 17:22:03,1.12.0,Free_feed,9,4.17,nan,0,LeftWithPellet,Left,8,0,1,0,nan,nan,0.40
1/7/2023 17:24:06,1.12.0,Free_feed,9,4.17,nan,0,LeftWithPellet,Left,9,0,1,0,nan,nan,0.13
1/7/2023 17:28:28,1.12.0,Free_feed,9,4.17,nan,0,LeftWithPellet,Left,10,0,1,0,nan,nan,0.05
1/7/2023 17:33:02,1.12.0,Free_feed,9,4.17,nan,0,RightWithPellet,Left,10,1,1,0,nan,nan,0.11
1/7/2023 17:35:10,1.12.0,Free_feed,9,4.16,nan,0,RightWithPellet,Left,10,2,1,0,nan,nan,0.23
1/7/2023 17:38:21,1.12.0,Free_feed,9,4.17,nan,0,LeftWithPellet,Left,11,2,1,0,nan,nan,0.27
1/7/2023 17:38:29,1.12.0,Free_feed,9,4.17,nan,0,RightWithPellet,Left,11,3,1,0,nan,nan,0.07
1/7/2023 17:38:29,1.12.0,Free_feed,9,4.17,nan,0,RightWithPellet,Left,11,4,1,0,nan,nan,0.15
1/7/2023 17:40:54,1.12.0,Free_feed,9,4.17,nan,0,RightWithPellet,Left,11,5,1,0,nan,nan,0.03
1/7/2023 17:51:20,1.12.0,Free_feed,9,4.17,nan,0,RightWithPellet,Left,11,6,1,0,nan,nan,0.45
1/7/2023 18:01:47,1.12.0,Free_feed,9,4.16,nan,0,LeftWithPellet,Left,12,6,1,0,nan,nan,0.28
1/7/2023 18:02:42,1.12.0,Free_feed,9,4.16,nan,0,RightWithPellet,Left,12,7,1,0,nan,nan,0.06
1/7/2023 18:29:56,1.12.0,Free_feed,9,4.16,1,0,Pellet,Left,12,7,2,0,Timed_out,5057,nan
1/7/2023 18:29:58,1.12.0,Free_feed,9,4.16,1,0,Pellet,Left,12,7,3,0,0.34,2,nan
1/7/2023 18:29:59,1.12.0,Free_feed,9,4.17,1,0,Pellet,Left,12,7,4,0,0.13,1,nan
1/7/2023 18:30:00,1.12.0,Free_feed,9,4.16,1,0,Pellet,Left,12,7,5,0,0.13,1,nan
1/7/2023 18:34:50,1.12.0,Free_feed,9,4.17,3,0,Pellet,Left,12,7,6,0,Timed_out,290,nan
1/7/2023 18:34:52,1.12.0,Free_feed,9,4.16,1,0,Pellet,Left,12,7,7,0,0.06,2,nan
1/7/2023 18:35:02,1.12.0,Free_feed,9,4.16,1,0,Pellet,Left,12,7,8,0,8.79,10,nan
1/7/2023 18:37:39,1.12.0,Free_feed,9,4.16,1,0,Pellet,Left,12,7,9,0,Timed_out,157,nan
1/7/2023 18:38:06,1.12.0,Free_feed,9,4.16,1,0,Pellet,Left,12,7,10,0,20.96,27,nan
1/7/2023 18:47:57,1.12.0,Free_feed,9,4.17,1,0,Pellet,Left,12,7,11,0,Timed_out,591,nan
1/7/2023 18:47:58,1.12.0,Free_feed,9,4.17,1,0,Pellet,Left,12,7,12,0,0.06,1,nan
1/7/2023 18:51:25,1.12.0,Free_feed,9,4.16,1,0,Pellet,Left,12,7,13,0,Timed_out,207,nan
1/7/2023 18:59:11,1.12.0,Free_feed,9,4.16,1,0,Pellet,Left,12,7,14,0,Timed_out,466,nan
1/7/2023 19:00:32,1.12.0,Free_feed,9,4.16,1,0,Pellet,Left,12,7,15,0,Timed_out,80,nan
1/7/2023 19:02:07,1.12.0,Free_feed,9,4.16,1,0,Pellet,Left,12,7,16,0,Timed_out,95,nan
1/7/2023 19:03:58,1.12.0,Free_feed,9,4.16,1,0,Pellet,Left,12,7,17,0,Timed_out,112,nan
1/7/2023 19:14:20,1.12.0,Free_feed,9,4.16,nan,0,RightWithPellet,Left,12,8,17,0,nan,nan,0.10
1/7/2023 19:16:53,1.12.0,Free_feed,9,4.16,2,0,Pellet,Left,12,8,18,0,Timed_out,775,nan
1/7/2023 19:17:58,1.12.0,Free_feed,9,4.16,1,0,Pellet,Left,12,8,19,0,Timed_out,65,nan
1/7/2023 19:22:31,1.12.0,Free_feed,9,4.16,1,0,Pellet,Left,12,8,20,0,Timed_out,273,nan
1/7/2023 19:22:55,1.12.0,Free_feed,9,4.16,nan,0,RightWithPellet,Left,12,9,20,0,nan,nan,0.08
1/7/2023 19:23:43,1.12.0,Free_feed,9,4.16,nan,0,LeftWithPellet,Left,13,9,20,0,nan,nan,0.40
1/7/2023 19:23:45,1.12.0,Free_feed,9,4.16,nan,0,LeftWithPellet,Left,14,9,20,0,nan,nan,0.13
1/7/2023 19:27:55,1.12.0,Free_feed,9,4.16,1,0,Pellet,Left,14,9,21,0,Timed_out,324,nan
1/7/2023 19:42:57,1.12.0,Free_feed,9,4.16,1,0,Pellet,Left,14,9,22,0,Timed_out,902,nan
1/7/2023 19:45:29,1.12.0,Free_feed,9,4.16,1,0,Pellet,Left,14,9,23,0,Timed_out,152,nan
1/7/2023 19:49:08,1.12.0,Free_feed,9,4.16,1,0,Pellet,Left,14,9,24,0,Timed_out,219,nan
1/7/2023 19:51:30,1.12.0,Free_feed,9,4.16,1,0,Pellet,Left,14,9,25,0,Timed_out,142,nan
1/7/2023 19:59:46,1.12.0,Free_feed,9,4.16,1,0,Pellet,Left,14,9,26,0,Timed_out,496,nan
1/7/2023 20:08:36,1.12.0,Free_feed,9,4.16,1,0,Pellet,Left,14,9,27,0,Timed_out,530,nan
1/7/2023 20:08:37,1.12.0,Free_feed,9,4.16,1,0,Pellet,Left,14,9,28,0,0.20,1,nan
1/7/2023 20:09:47,1.12.0,Free_feed,9,4.16,1,0,Pellet,Left,14,9,29,0,Timed_out,70,nan
1/7/2023 20:10:14,1.12.0,Free_feed,9,4.16,1,0,Pellet,Left,14,9,30,0,20.21,27,nan
1/7/2023 20:13:07,1.12.0,Free_feed,9,4.16,1,0,Pellet,Left,14,9,31,0,Timed_out,173,nan
1/7/2023 20:18:54,1.12.0,Free_feed,9,4.16,1,0,Pellet,Left,14,9,32,0,Timed_out,347,nan
1/7/2023 20:27:41,1.12.0,Free_feed,9,4.16,1,0,Pellet,Left,14,9,33,0,Timed_out,527,nan
1/7/2023 20:27:47,1.12.0,Free_feed,9,4.16,2,0,Pellet,Left,14,9,34,0,0.68,6,nan
1/7/2023 20:36:04,1.12.0,Free_feed,9,4.16,2,0,Pellet,Left,14,9,35,0,Timed_out,497,nan
1/7/2023 20:49:07,1.12.0,Free_feed,9,4.16,1,0,Pellet,Left,14,9,36,0,Timed_out,783,nan
1/7/2023 20:56:34,1.12.0,Free_feed,9,4.16,1,0,Pellet,Left,14,9,37,0,Timed_out,447,nan
1/7/2023 21:02:06,1.12.0,Free_feed,9,4.16,2,0,Pellet,Left,14,9,38,0,Timed_out,332,nan
1/7/2023 21:06:47,1.12.0,Free_feed,9,4.15,2,0,Pellet,Left,14,9,39,0,Timed_out,281,nan
1/7/2023 21:07:15,1.12.0,Free_feed,9,4.16,nan,0,LeftWithPellet,Left,15,9,39,0,nan,nan,0.08
1/7/2023 21:16:58,1.12.0,Free_feed,9,4.15,1,0,Pellet,Left,15,9,40,0,Timed_out,611,nan
1/7/2023 21:21:20,1.12.0,Free_feed,9,4.16,2,0,Pellet,Left,15,9,41,0,Timed_out,262,nan
1/7/2023 21:29:19,1.12.0,Free_feed,9,4.16,1,0,Pellet,Left,15,9,42,0,Timed_out,479,nan
1/7/2023 21:45:02,1.12.0,Free_feed,9,4.16,1,0,Pellet,Left,15,9,43,0,Timed_out,943,nan
1/7/2023 21:45:06,1.12.0,Free_feed,9,4.16,1,0,Pellet,Left,15,9,44,0,0.06,4,nan
1/7/2023 21:59:15,1.12.0,Free_feed,9,4.15,1,0,Pellet,Left,15,9,45,0,Timed_out,849,nan
1/7/2023 21:59:17,1.12.0,Free_feed,9,4.15,1,0,Pellet,Left,15,9,46,0,0.06,2,nan
1/7/2023 22:00:58,1.12.0,Free_feed,9,4.15,1,0,Pellet,Left,15,9,47,0,Timed_out,101,nan
1/7/2023 22:01:12,1.12.0,Free_feed,9,4.15,1,0,Pellet,Left,15,9,48,0,7.90,14,nan
1/7/2023 22:01:37,1.12.0,Free_feed,9,4.15,nan,0,RightWithPellet,Left,15,10,48,0,nan,nan,0.08
1/7/2023 22:04:59,1.12.0,Free_feed,9,4.15,1,0,Pellet,Left,15,10,49,0,Timed_out,227,nan
1/7/2023 22:08:11,1.12.0,Free_feed,9,4.15,1,0,Pellet,Left,15,10,50,0,Timed_out,192,nan
1/7/2023 22:12:06,1.12.0,Free_feed,9,4.15,1,0,Pellet,Left,15,10,51,0,Timed_out,234,nan
1/7/2023 22:12:07,1.12.0,Free_feed,9,4.15,1,0,Pellet,Left,15,10,52,0,0.27,2,nan
1/7/2023 22:16:55,1.12.0,Free_feed,9,4.16,1,0,Pellet,Left,15,10,53,0,Timed_out,288,nan
1/7/2023 22:24:39,1.12.0,Free_feed,9,4.15,1,0,Pellet,Left,15,10,54,0,Timed_out,464,nan
1/7/2023 22:27:02,1.12.0,Free_feed,9,4.15,1,0,Pellet,Left,15,10,55,0,Timed_out,143,nan
1/7/2023 22:31:47,1.12.0,Free_feed,9,4.15,1,0,Pellet,Left,15,10,56,0,Timed_out,285,nan
1/7/2023 22:36:04,1.12.0,Free_feed,9,4.15,1,0,Pellet,Left,15,10,57,0,Timed_out,257,nan
1/7/2023 22:36:14,1.12.0,Free_feed,9,4.15,1,0,Pellet,Left,15,10,58,0,3.13,10,nan
1/7/2023 22:36:16,1.12.0,Free_feed,9,4.15,1,0,Pellet,Left,15,10,59,0,1.15,2,nan
1/7/2023 22:36:18,1.12.0,Free_feed,9,4.16,1,0,Pellet,Left,15,10,60,0,0.06,2,nan
1/7/2023 22:37:47,1.12.0,Free_feed,9,4.15,nan,0,LeftWithPellet,Left,16,10,60,0,nan,nan,0.16
1/7/2023 22:38:09,1.12.0,Free_feed,9,4.15,nan,0,RightWithPellet,Left,16,11,60,0,nan,nan,0.30
1/7/2023 22:39:10,1.12.0,Free_feed,9,4.15,nan,0,LeftWithPellet,Left,17,11,60,0,nan,nan,0.03
1/7/2023 22:43:25,1.12.0,Free_feed,9,4.15,2,0,Pellet,Left,17,11,61,0,Timed_out,427,nan
1/7/2023 22:48:46,1.12.0,Free_feed,9,4.15,2,0,Pellet,Left,17,11,62,0,Timed_out,321,nan
1/7/2023 22:51:55,1.12.0,Free_feed,9,4.16,2,0,Pellet,Left,17,11,63,0,Timed_out,189,nan
1/7/2023 22:55:09,1.12.0,Free_feed,9,4.15,2,0,Pellet,Left,17,11,64,0,Timed_out,194,nan
1/7/2023 22:55:20,1.12.0,Free_feed,9,4.15,1,0,Pellet,Left,17,11,65,0,3.75,10,nan
1/7/2023 22:57:55,1.12.0,Free_feed,9,4.16,1,0,Pellet,Left,17,11,66,0,Timed_out,156,nan
1/7/2023 22:58:41,1.12.0,Free_feed,9,4.15,1,0,Pellet,Left,17,11,67,0,39.97,46,nan
1/7/2023 23:02:27,1.12.0,Free_feed,9,4.15,1,0,Pellet,Left,17,11,68,0,Timed_out,226,nan
1/7/2023 23:10:50,1.12.0,Free_feed,9,4.15,1,0,Pellet,Left,17,11,69,0,Timed_out,503,nan
1/7/2023 23:12:37,1.12.0,Free_feed,9,4.14,1,0,Pellet,Left,17,11,70,0,Timed_out,107,nan
1/7/2023 23:20:03,1.12.0,Free_feed,9,4.15,1,0,Pellet,Left,17,11,71,0,Timed_out,446,nan
1/7/2023 23:24:20,1.12.0,Free_feed,9,4.15,1,0,Pellet,Left,17,11,72,0,Timed_out,257,nan
1/7/2023 23:24:32,1.12.0,Free_feed,9,4.15,1,0,Pellet,Left,17,11,73,0,4.90,12,nan
1/7/2023 23:28:30,1.12.0,Free_feed,9,4.14,1,0,Pellet,Left,17,11,74,0,Timed_out,238,nan
1/7/2023 23:28:40,1.12.0,Free_feed,9,4.15,1,0,Pellet,Left,17,11,75,0,2.65,10,nan
1/7/2023 23:28:54,1.12.0,Free_feed,9,4.14,1,0,Pellet,Left,17,11,76,0,8.18,14,nan
1/7/2023 23:29:20,1.12.0,Free_feed,9,4.14,nan,0,RightWithPellet,Left,17,12,76,0,nan,nan,0.20
1/7/2023 23:32:38,1.12.0,Free_feed,9,4.15,1,0,Pellet,Left,17,12,77,0,Timed_out,224,nan
1/7/2023 23:32:48,1.12.0,Free_feed,9,4.15,1,0,Pellet,Left,17,12,78,0,3.27,10,nan
1/7/2023 23:38:38,1.12.0,Free_feed,9,4.14,1,0,Pellet,Left,17,12,79,0,Timed_out,350,nan
1/7/2023 23:38:40,1.12.0,Free_feed,9,4.15,1,0,Pellet,Left,17,12,80,0,0.20,2,nan
1/7/2023 23:43:33,1.12.0,Free_feed,9,4.15,1,0,Pellet,Left,17,12,81,0,Timed_out,292,nan
1/7/2023 23:52:12,1.12.0,Free_feed,9,4.15,1,0,Pellet,Left,17,12,82,0,Timed_out,520,nan
1/7/2023 23:52:19,1.12.0,Free_feed,9,4.14,1,0,Pellet,Left,17,12,83,0,0.06,7,nan
1/7/2023 23:52:36,1.12.0,Free_feed,9,4.14,1,0,Pellet,Left,17,12,84,0,9.96,17,nan
1/8/2023 0:01:02,1.12.0,Free_feed,9,4.15,1,0,Pellet,Left,17,12,85,0,Timed_out,506,nan
1/8/2023 0:01:07,1.12.0,Free_feed,9,4.15,1,0,Pellet,Left,17,12,86,0,0.06,5,nan
1/8/2023 0:05:51,1.12.0,Free_feed,9,4.14,1,0,Pellet,Left,17,12,87,0,Timed_out,284,nan
1/8/2023 0:08:10,1.12.0,Free_feed,9,4.14,1,0,Pellet,Left,17,12,88,0,Timed_out,139,nan
1/8/2023 0:11:18,1.12.0,Free_feed,9,4.14,1,0,Pellet,Left,17,12,89,0,Timed_out,188,nan
1/8/2023 0:15:42,1.12.0,Free_feed,9,4.15,1,0,Pellet,Left,17,12,90,0,Timed_out,264,nan
1/8/2023 0:17:29,1.12.0,Free_feed,9,4.15,1,0,Pellet,Left,17,12,91,0,Timed_out,107,nan
1/8/2023 0:23:42,1.12.0,Free_feed,9,4.14,1,0,Pellet,Left,17,12,92,0,Timed_out,373,nan
1/8/2023 0:24:59,1.12.0,Free_feed,9,4.14,2,0,Pellet,Left,17,12,93,0,Timed_out,76,nan
1/8/2023 0:28:46,1.12.0,Free_feed,9,4.14,1,0,Pellet,Left,17,12,94,0,Timed_out,227,nan
1/8/2023 0:34:51,1.12.0,Free_feed,9,4.14,1,0,Pellet,Left,17,12,95,0,Timed_out,366,nan
1/8/2023 0:40:19,1.12.0,Free_feed,9,4.14,1,0,Pellet,Left,17,12,96,0,Timed_out,328,nan
1/8/2023 0:43:00,1.12.0,Free_feed,9,4.14,1,0,Pellet,Left,17,12,97,0,Timed_out,161,nan
1/8/2023 0:47:32,1.12.0,Free_feed,9,4.14,1,0,Pellet,Left,17,12,98,0,Timed_out,272,nan
1/8/2023 0:47:33,1.12.0,Free_feed,9,4.14,1,0,Pellet,Left,17,12,99,0,0.13,1,nan
1/8/2023 0:49:50,1.12.0,Free_feed,9,4.14,2,0,Pellet,Left,17,12,100,0,Timed_out,136,nan
1/8/2023 0:50:00,1.12.0,Free_feed,9,4.14,1,0,Pellet,Left,17,12,101,0,3.67,11,nan
1/8/2023 0:54:03,1.12.0,Free_feed,9,4.14,1,0,Pellet,Left,17,12,102,0,Timed_out,243,nan
1/8/2023 0:56:15,1.12.0,Free_feed,9,4.14,1,0,Pellet,Left,17,12,103,0,Timed_out,132,nan
1/8/2023 0:56:35,1.12.0,Free_feed,9,4.14,nan,0,LeftWithPellet,Left,18,12,103,0,nan,nan,0.28
1/8/2023 0:56:42,1.12.0,Free_feed,9,4.14,2,0,Pellet,Left,18,12,104,0,20.94,27,nan
1/8/2023 0:58:51,1.12.0,Free_feed,9,4.14,1,0,Pellet,Left,18,12,105,0,Timed_out,129,nan
1/8/2023 1:06:09,1.12.0,Free_feed,9,4.14,nan,0,LeftWithPellet,Left,19,12,105,0,nan,nan,0.10
1/8/2023 1:11:16,1.12.0,Free_feed,9,4.15,1,0,Pellet,Left,19,12,106,0,Timed_out,745,nan
1/8/2023 1:13:18,1.12.0,Free_feed,9,4.14,1,0,Pellet,Left,19,12,107,0,Timed_out,122,nan
1/8/2023 1:13:30,1.12.0,Free_feed,9,4.14,1,0,Pellet,Left,19,12,108,0,5.10,12,nan
1/8/2023 1:13:45,1.12.0,Free_feed,9,4.14,1,0,Pellet,Left,19,12,109,0,7.36,15,nan
1/8/2023 1:19:23,1.12.0,Free_feed,9,4.14,1,0,Pellet,Left,19,12,110,0,Timed_out,338,nan
1/8/2023 1:22:39,1.12.0,Free_feed,9,4.14,1,0,Pellet,Left,19,12,111,0,Timed_out,196,nan
1/8/2023 1:26:37,1.12.0,Free_feed,9,4.14,1,0,Pellet,Left,19,12,112,0,Timed_out,238,nan
1/8/2023 1:26:56,1.12.0,Free_feed,9,4.14,nan,0,RightWithPellet,Left,19,13,112,0,nan,nan,0.18
1/8/2023 1:32:09,1.12.0,Free_feed,9,4.14,1,0,Pellet,Left,19,13,113,0,Timed_out,332,nan
1/8/2023 1:32:34,1.12.0,Free_feed,9,4.14,1,0,Pellet,Left,19,13,114,0,18.56,25,nan
1/8/2023 1:35:30,1.12.0,Free_feed,9,4.14,1,0,Pellet,Left,19,13,115,0,Timed_out,176,nan
1/8/2023 1:38:51,1.12.0,Free_feed,9,4.14,1,0,Pellet,Left,19,13,116,0,Timed_out,201,nan
1/8/2023 1:40:03,1.12.0,Free_feed,9,4.14,1,0,Pellet,Left,19,13,117,0,Timed_out,72,nan
1/8/2023 1:41:35,1.12.0,Free_feed,9,4.14,1,0,Pellet,Left,19,13,118,0,Timed_out,92,nan
1/8/2023 1:43:07,1.12.0,Free_feed,9,4.14,1,0,Pellet,Left,19,13,119,0,Timed_out,92,nan
1/8/2023 1:46:37,1.12.0,Free_feed,9,4.14,1,0,Pellet,Left,19,13,120,0,Timed_out,210,nan
1/8/2023 1:49:33,1.12.0,Free_feed,9,4.14,1,0,Pellet,Left,19,13,121,0,Timed_out,176,nan
1/8/2023 1:55:42,1.12.0,Free_feed,9,4.14,2,0,Pellet,Left,19,13,122,0,Timed_out,369,nan
1/8/2023 1:55:51,1.12.0,Free_feed,9,4.14,2,0,Pellet,Left,19,13,123,0,1.02,9,nan
1/8/2023 2:00:18,1.12.0,Free_feed,9,4.14,1,0,Pellet,Left,19,13,124,0,Timed_out,267,nan
1/8/2023 2:02:40,1.12.0,Free_feed,9,4.14,1,0,Pellet,Left,19,13,125,0,Timed_out,141,nan
1/8/2023 2:10:45,1.12.0,Free_feed,9,4.14,2,0,Pellet,Left,19,13,126,0,Timed_out,486,nan
1/8/2023 2:10:55,1.12.0,Free_feed,9,4.14,1,0,Pellet,Left,19,13,127,0,3.60,10,nan
1/8/2023 2:13:22,1.12.0,Free_feed,9,4.14,1,0,Pellet,Left,19,13,128,0,Timed_out,147,nan
1/8/2023 2:16:31,1.12.0,Free_feed,9,4.14,2,0,Pellet,Left,19,13,129,0,Timed_out,189,nan
1/8/2023 2:18:51,1.12.0,Free_feed,9,4.14,2,0,Pellet,Left,19,13,130,0,Timed_out,140,nan
1/8/2023 2:24:08,1.12.0,Free_feed,9,4.14,1,0,Pellet,Left,19,13,131,0,Timed_out,317,nan
1/8/2023 2:28:00,1.12.0,Free_feed,9,4.14,1,0,Pellet,Left,19,13,132,0,Timed_out,232,nan
1/8/2023 2:28:08,1.12.0,Free_feed,9,4.14,1,0,Pellet,Left,19,13,133,0,0.47,8,nan
1/8/2023 2:31:56,1.12.0,Free_feed,9,4.14,2,0,Pellet,Left,19,13,134,0,Timed_out,228,nan
1/8/2023 2:32:10,1.12.0,Free_feed,9,4.14,1,0,Pellet,Left,19,13,135,0,6.68,14,nan
1/8/2023 2:37:04,1.12.0,Free_feed,9,4.14,1,0,Pellet,Left,19,13,136,0,Timed_out,294,nan
1/8/2023 2:37:32,1.12.0,Free_feed,9,4.13,1,0,Pellet,Left,19,13,137,0,21.58,28,nan
1/8/2023 2:37:33,1.12.0,Free_feed,9,4.14,1,0,Pellet,Left,19,13,138,0,0.20,1,nan
1/8/2023 2:40:34,1.12.0,Free_feed,9,4.14,1,0,Pellet,Left,19,13,139,0,Timed_out,181,nan
1/8/2023 2:42:42,1.12.0,Free_feed,9,4.14,1,0,Pellet,Left,19,13,140,0,Timed_out,128,nan
1/8/2023 2:42:55,1.12.0,Free_feed,9,4.13,1,0,Pellet,Left,19,13,141,0,5.92,13,nan
1/8/2023 2:49:17,1.12.0,Free_feed,9,4.14,1,0,Pellet,Left,19,13,142,0,Timed_out,382,nan
1/8/2023 2:54:57,1.12.0,Free_feed,9,4.14,1,0,Pellet,Left,19,13,143,0,Timed_out,340,nan
1/8/2023 2:55:07,1.12.0,Free_feed,9,4.14,1,0,Pellet,Left,19,13,144,0,2.79,9,nan
1/8/2023 2:55:14,1.12.0,Free_feed,9,4.14,1,0,Pellet,Left,19,13,145,0,1.56,8,nan
1/8/2023 2:56:07,1.12.0,Free_feed,9,4.13,1,0,Pellet,Left,19,13,146,0,46.45,53,nan
1/8/2023 3:01:59,1.12.0,Free_feed,9,4.13,1,0,Pellet,Left,19,13,147,0,Timed_out,352,nan
1/8/2023 3:02:37,1.12.0,Free_feed,9,4.14,1,0,Pellet,Left,19,13,148,0,31.37,38,nan
1/8/2023 3:05:10,1.12.0,Free_feed,9,4.13,1,0,Pellet,Left,19,13,149,0,Timed_out,153,nan
1/8/2023 3:07:40,1.12.0,Free_feed,9,4.14,2,0,Pellet,Left,19,13,150,0,Timed_out,150,nan
1/8/2023 3:07:48,1.12.0,Free_feed,9,4.14,1,0,Pellet,Left,19,13,151,0,1.29,8,nan
1/8/2023 3:09:41,1.12.0,Free_feed,9,4.13,1,0,Pellet,Left,19,13,152,0,Timed_out,113,nan
1/8/2023 3:10:24,1.12.0,Free_feed,9,4.14,1,0,Pellet,Left,19,13,153,0,35.90,43,nan
1/8/2023 3:10:34,1.12.0,Free_feed,9,4.14,1,0,Pellet,Left,19,13,154,0,2.85,10,nan
1/8/2023 3:17:04,1.12.0,Free_feed,9,4.13,1,0,Pellet,Left,19,13,155,0,Timed_out,389,nan
1/8/2023 3:21:18,1.12.0,Free_feed,9,4.14,1,0,Pellet,Left,19,13,156,0,Timed_out,255,nan
1/8/2023 3:22:07,1.12.0,Free_feed,9,4.13,1,0,Pellet,Left,19,13,157,0,48.29,49,nan
1/8/2023 3:22:21,1.12.0,Free_feed,9,4.14,1,0,Pellet,Left,19,13,158,0,6.88,14,nan
1/8/2023 3:23:47,1.12.0,Free_feed,9,4.14,1,0,Pellet,Left,19,13,159,0,Timed_out,86,nan
1/8/2023 3:27:46,1.12.0,Free_feed,9,4.13,2,0,Pellet,Left,19,13,160,0,Timed_out,239,nan
1/8/2023 3:29:09,1.12.0,Free_feed,9,4.13,1,0,Pellet,Left,19,13,161,0,Timed_out,83,nan
1/8/2023 3:35:19,1.12.0,Free_feed,9,4.14,1,0,Pellet,Left,19,13,162,0,Timed_out,370,nan
1/8/2023 3:36:30,1.12.0,Free_feed,9,4.13,3,0,Pellet,Left,19,13,163,0,Timed_out,71,nan
1/8/2023 3:38:20,1.12.0,Free_feed,9,4.13,2,0,Pellet,Left,19,13,164,0,Timed_out,110,nan
1/8/2023 3:45:04,1.12.0,Free_feed,9,4.14,2,0,Pellet,Left,19,13,165,0,Timed_out,404,nan
1/8/2023 3:50:05,1.12.0,Free_feed,9,4.13,2,0,Pellet,Left,19,13,166,0,Timed_out,301,nan
1/8/2023 3:50:06,1.12.0,Free_feed,9,4.13,1,0,Pellet,Left,19,13,167,0,0.06,1,nan
1/8/2023 3:52:21,1.12.0,Free_feed,9,4.13,2,0,Pellet,Left,19,13,168,0,Timed_out,135,nan
1/8/2023 3:52:30,1.12.0,Free_feed,9,4.14,nan,0,RightWithPellet,Left,19,14,168,0,nan,nan,0.11
1/8/2023 3:52:56,1.12.0,Free_feed,9,4.13,1,0,Pellet,Left,19,14,169,0,28.39,34,nan
1/8/2023 3:53:07,1.12.0,Free_feed,9,4.12,1,0,Pellet,Left,19,14,170,0,5.04,12,nan
1/8/2023 3:53:31,1.12.0,Free_feed,9,4.14,1,0,Pellet,Left,19,14,171,0,17.06,24,nan
1/8/2023 3:56:57,1.12.0,Free_feed,9,4.13,4,0,Pellet,Left,19,14,172,0,Timed_out,206,nan
1/8/2023 4:04:28,1.12.0,Free_feed,9,4.13,1,0,Pellet,Left,19,14,173,0,Timed_out,451,nan
1/8/2023 4:06:42,1.12.0,Free_feed,9,4.14,2,0,Pellet,Left,19,14,174,0,Timed_out,134,nan
1/8/2023 4:06:51,1.12.0,Free_feed,9,4.14,1,0,Pellet,Left,19,14,175,0,2.51,9,nan
1/8/2023 4:14:53,1.12.0,Free_feed,9,4.13,2,0,Pellet,Left,19,14,176,0,Timed_out,482,nan
1/8/2023 4:15:01,1.12.0,Free_feed,9,4.13,1,0,Pellet,Left,19,14,177,0,0.81,8,nan
1/8/2023 4:18:23,1.12.0,Free_feed,9,4.13,2,0,Pellet,Left,19,14,178,0,Timed_out,202,nan
1/8/2023 4:18:32,1.12.0,Free_feed,9,4.13,1,0,Pellet,Left,19,14,179,0,2.65,9,nan
1/8/2023 4:18:50,1.12.0,Free_feed,9,4.13,1,0,Pellet,Left,19,14,180,0,11.93,18,nan
1/8/2023 4:23:11,1.12.0,Free_feed,9,4.14,1,0,Pellet,Left,19,14,181,0,Timed_out,261,nan
1/8/2023 4:24:38,1.12.0,Free_feed,9,4.14,1,0,Pellet,Left,19,14,182,0,Timed_out,87,nan
1/8/2023 4:26:12,1.12.0,Free_feed,9,4.13,1,0,Pellet,Left,19,14,183,0,Timed_out,94,nan
1/8/2023 4:36:16,1.12.0,Free_feed,9,4.12,nan,0,RightWithPellet,Left,19,15,183,0,nan,nan,0.50
1/8/2023 6:46:33,1.12.0,Free_feed,9,4.12,1,0,Pellet,Left,19,15,184,0,Timed_out,8421,nan
1/8/2023 6:46:45,1.12.0,Free_feed,9,4.12,1,0,Pellet,Left,19,15,185,0,5.51,12,nan
1/8/2023 6:46:56,1.12.0,Free_feed,9,4.12,1,0,Pellet,Left,19,15,186,0,3.74,10,nan
1/8/2023 6:47:04,1.12.0,Free_feed,9,4.12,1,0,Pellet,Left,19,15,187,0,2.65,9,nan
1/8/2023 6:47:13,1.12.0,Free_feed,9,4.12,1,0,Pellet,Left,19,15,188,0,2.65,9,nan
1/8/2023 6:47:22,1.12.0,Free_feed,9,4.12,1,0,Pellet,Left,19,15,189,0,2.17,9,nan
1/8/2023 6:47:33,1.12.0,Free_feed,9,4.12,1,0,Pellet,Left,19,15,190,0,3.74,11,nan
1/8/2023 6:47:44,1.12.0,Free_feed,9,4.13,1,0,Pellet,Left,19,15,191,0,5.31,11,nan
1/8/2023 6:47:56,1.12.0,Free_feed,9,4.12,2,0,Pellet,Left,19,15,192,0,4.70,12,nan
1/8/2023 6:48:05,1.12.0,Free_feed,9,4.13,1,0,Pellet,Left,19,15,193,0,1.90,9,nan
1/8/2023 6:49:08,1.12.0,Free_feed,9,4.12,nan,0,LeftWithPellet,Left,20,15,193,0,nan,nan,0.26
1/8/2023 6:49:39,1.12.0,Free_feed,9,4.12,nan,0,RightWithPellet,Left,20,16,193,0,nan,nan,0.08
1/8/2023 6:50:18,1.12.0,Free_feed,9,4.12,1,0,Pellet,Left,20,16,194,0,Timed_out,133,nan
1/8/2023 6:50:28,1.12.0,Free_feed,9,4.12,1,0,Pellet,Left,20,16,195,0,2.72,9,nan
1/8/2023 6:53:29,1.12.0,Free_feed,9,4.12,1,0,Pellet,Left,20,16,196,0,Timed_out,182,nan
1/8/2023 6:54:22,1.12.0,Free_feed,9,4.12,1,0,Pellet,Left,20,16,197,0,46.59,53,nan
1/8/2023 6:54:32,1.12.0,Free_feed,9,4.12,1,0,Pellet,Left,20,16,198,0,4.08,10,nan
1/8/2023 6:57:52,1.12.0,Free_feed,9,4.12,2,0,Pellet,Left,20,16,199,0,Timed_out,200,nan
1/8/2023 6:58:16,1.12.0,Free_feed,9,4.12,1,0,Pellet,Left,20,16,200,0,17.00,24,nan
1/8/2023 7:02:51,1.12.0,Free_feed,9,4.12,1,0,Pellet,Left,20,16,201,0,Timed_out,275,nan
1/8/2023 7:03:27,1.12.0,Free_feed,9,4.12,1,0,Pellet,Left,20,16,202,0,29.18,36,nan
1/8/2023 7:03:40,1.12.0,Free_feed,9,4.12,1,0,Pellet,Left,20,16,203,0,6.27,13,nan
1/8/2023 7:05:55,1.12.0,Free_feed,9,4.12,1,0,Pellet,Left,20,16,204,0,Timed_out,135,nan
1/8/2023 7:07:23,1.12.0,Free_feed,9,4.12,1,0,Pellet,Left,20,16,205,0,Timed_out,88,nan
1/8/2023 7:10:01,1.12.0,Free_feed,9,4.12,1,0,Pellet,Left,20,16,206,0,Timed_out,157,nan
1/8/2023 7:10:12,1.12.0,Free_feed,9,4.12,1,0,Pellet,Left,20,16,207,0,4.56,11,nan
1/8/2023 7:15:59,1.12.0,Free_feed,9,4.12,1,0,Pellet,Left,20,16,208,0,Timed_out,348,nan
1/8/2023 7:16:14,1.12.0,Free_feed,9,4.12,1,0,Pellet,Left,20,16,209,0,13.44,15,nan
1/8/2023 7:22:49,1.12.0,Free_feed,9,4.12,1,0,Pellet,Left,20,16,210,0,Timed_out,394,nan
1/8/2023 7:24:14,1.12.0,Free_feed,9,4.12,1,0,Pellet,Left,20,16,211,0,Timed_out,86,nan
1/8/2023 7:24:28,1.12.0,Free_feed,9,4.12,1,0,Pellet,Left,20,16,212,0,6.61,14,nan
1/8/2023 7:24:40,1.12.0,Free_feed,9,4.12,1,0,Pellet,Left,20,16,213,0,5.86,12,nan
1/8/2023 7:25:58,1.12.0,Free_feed,9,4.12,2,0,Pellet,Left,20,16,214,0,Timed_out,78,nan
1/8/2023 7:26:07,1.12.0,Free_feed,9,4.12,1,0,Pellet,Left,20,16,215,0,2.10,9,nan
1/8/2023 7:26:46,1.12.0,Free_feed,9,4.12,1,0,Pellet,Left,20,16,216,0,31.79,39,nan
1/8/2023 7:36:40,1.12.0,Free_feed,9,4.12,1,0,Pellet,Left,20,16,217,0,Timed_out,594,nan
1/8/2023 7:36:52,1.12.0,Free_feed,9,4.12,1,0,Pellet,Left,20,16,218,0,5.17,12,nan
1/8/2023 7:37:02,1.12.0,Free_feed,9,4.12,1,0,Pellet,Left,20,16,219,0,2.85,10,nan
1/8/2023 7:37:12,1.12.0,Free_feed,9,4.12,1,0,Pellet,Left,20,16,220,0,2.72,10,nan
1/8/2023 7:43:24,1.12.0,Free_feed,9,4.12,1,0,Pellet,Left,20,16,221,0,Timed_out,372,nan
1/8/2023 7:49:41,1.12.0,Free_feed,9,4.12,1,0,Pellet,Left,20,16,222,0,Timed_out,376,nan
1/8/2023 7:52:07,1.12.0,Free_feed,9,4.12,1,0,Pellet,Left,20,16,223,0,Timed_out,147,nan
1/8/2023 7:52:17,1.12.0,Free_feed,9,4.12,1,0,Pellet,Left,20,16,224,0,4.36,10,nan
1/8/2023 7:52:28,1.12.0,Free_feed,9,4.12,1,0,Pellet,Left,20,16,225,0,3.54,11,nan
1/8/2023 7:52:37,1.12.0,Free_feed,9,4.12,1,0,Pellet,Left,20,16,226,0,2.45,9,nan
1/8/2023 7:58:45,1.12.0,Free_feed,9,4.12,1,0,Pellet,Left,20,16,227,0,Timed_out,368,nan
1/8/2023 8:04:01,1.12.0,Free_feed,9,4.12,2,0,Pellet,Left,20,16,228,0,Timed_out,316,nan
1/8/2023 9:27:30,1.12.0,Free_feed,9,4.11,1,0,Pellet,Left,20,16,229,0,Timed_out,5009,nan
1/8/2023 9:28:26,1.12.0,Free_feed,9,4.12,1,0,Pellet,Left,20,16,230,0,49.54,56,nan
