MM:DD:YYYY hh:mm:ss,Library_Version,Session_type,Device_Number,Battery_Voltage,Motor_Turns,FR,Event,Active_Poke,Left_Poke_Count,Right_Poke_Count,Pellet_Count,Block_Pellet_Count,Retrieval_Time,InterPelletInterval,Poke_Time
1/3/2023 15:50:32,1.12.0,Free_feed,20,4.20,nan,0,LeftWithPellet,Left,1,0,0,0,nan,nan,0.02
1/3/2023 15:50:35,1.12.0,Free_feed,20,4.20,nan,0,RightWithPellet,Left,1,1,0,0,nan,nan,0.03
1/3/2023 15:50:36,1.12.0,Free_feed,20,4.20,nan,0,RightWithPellet,Left,1,2,0,0,nan,nan,0.03
1/3/2023 15:50:39,1.12.0,Free_feed,20,4.20,nan,0,RightWithPellet,Left,1,3,0,0,nan,nan,0.06
1/3/2023 15:50:41,1.12.0,Free_feed,20,4.20,nan,0,RightWithPellet,Left,1,4,0,0,nan,nan,0.07
1/3/2023 15:50:42,1.12.0,Free_feed,20,4.20,nan,0,RightWithPellet,Left,1,5,0,0,nan,nan,0.02
1/3/2023 15:53:19,1.12.0,Free_feed,20,4.20,nan,0,LeftWithPellet,Left,2,5,0,0,nan,nan,0.11
1/3/2023 15:55:26,1.12.0,Free_feed,20,4.20,7,0,Pellet,Left,2,5,1,0,Timed_out,nan,nan
1/3/2023 15:55:43,1.12.0,Free_feed,20,4.20,1,0,Pellet,Left,2,5,2,0,9.95,17,nan
1/3/2023 15:55:45,1.12.0,Free_feed,20,4.20,1,0,Pellet,Left,2,5,3,0,0.34,2,nan
1/3/2023 15:55:54,1.12.0,Free_feed,20,4.20,2,0,Pellet,Left,2,5,4,0,1.29,9,nan
1/3/2023 15:56:44,1.12.0,Free_feed,20,4.20,1,0,Pellet,Left,2,5,5,0,43.17,50,nan
1/3/2023 15:58:01,1.12.0,Free_feed,20,4.20,1,0,Pellet,Left,2,5,6,0,Timed_out,77,nan
1/3/2023 15:59:29,1.12.0,Free_feed,20,4.20,nan,0,RightWithPellet,Left,2,6,6,0,nan,nan,0.41
1/3/2023 16:01:25,1.12.0,Free_feed,20,4.20,1,0,Pellet,Left,2,6,7,0,Timed_out,204,nan
1/3/2023 16:02:13,1.12.0,Free_feed,20,4.20,1,0,Pellet,Left,2,6,8,0,46.91,48,nan
1/3/2023 16:02:22,1.12.0,Free_feed,20,4.20,nan,0,LeftWithPellet,Left,3,6,8,0,nan,nan,0.14
1/3/2023 16:07:05,1.12.0,Free_feed,20,4.20,1,0,Pellet,Left,3,6,9,0,Timed_out,292,nan
1/3/2023 16:07:25,1.12.0,Free_feed,20,4.20,1,0,Pellet,Left,3,6,10,0,13.44,20,nan
1/3/2023 16:13:05,1.12.0,Free_feed,20,4.20,1,0,Pellet,Left,3,6,11,0,Timed_out,340,nan
1/3/2023 16:14:47,1.12.0,Free_feed,20,4.20,nan,0,RightWithPellet,Left,3,7,11,0,nan,nan,0.17
1/3/2023 16:18:11,1.12.0,Free_feed,20,4.20,2,0,Pellet,Left,3,7,12,0,Timed_out,306,nan
1/3/2023 16:19:18,1.12.0,Free_feed,20,4.20,nan,0,RightWithPellet,Left,3,8,12,0,nan,nan,0.10
1/3/2023 16:19:19,1.12.0,Free_feed,20,4.20,nan,0,RightWithPellet,Left,3,9,12,0,nan,nan,0.08
1/3/2023 16:20:33,1.12.0,Free_feed,20,4.20,1,0,Pellet,Left,3,9,13,0,Timed_out,142,nan
1/3/2023 16:21:19,1.12.0,Free_feed,20,4.20,2,0,Pellet,Left,3,9,14,0,37.28,46,nan
1/3/2023 16:21:29,1.12.0,Free_feed,20,4.20,1,0,Pellet,Left,3,9,15,0,8.59,9,nan
1/3/2023 16:21:40,1.12.0,Free_feed,20,4.20,1,0,Pellet,Left,3,9,16,0,5.11,12,nan
1/3/2023 16:21:53,1.12.0,Free_feed,20,4.20,1,0,Pellet,Left,3,9,17,0,10.36,12,nan
1/3/2023 16:21:53,1.12.0,Free_feed,20,4.20,1,0,Pellet,Left,3,9,18,0,0.13,1,nan
1/3/2023 16:22:14,1.12.0,Free_feed,20,4.20,nan,0,LeftWithPellet,Left,4,9,18,0,nan,nan,0.09
1/3/2023 16:22:18,1.12.0,Free_feed,20,4.19,nan,0,LeftWithPellet,Left,5,9,18,0,nan,nan,0.17
1/3/2023 16:22:50,1.12.0,Free_feed,20,4.20,nan,0,LeftWithPellet,Left,6,9,18,0,nan,nan,0.10
1/3/2023 16:22:52,1.12.0,Free_feed,20,4.20,1,0,Pellet,Left,6,9,19,0,57.30,59,nan
1/3/2023 16:22:54,1.12.0,Free_feed,20,4.20,1,0,Pellet,Left,6,9,20,0,0.27,2,nan
1/3/2023 16:22:55,1.12.0,Free_feed,20,4.20,1,0,Pellet,Left,6,9,21,0,0.06,1,nan
1/3/2023 16:23:03,1.12.0,Free_feed,20,4.19,nan,0,RightWithPellet,Left,6,10,21,0,nan,nan,0.73
1/3/2023 16:23:04,1.12.0,Free_feed,20,4.20,nan,0,RightWithPellet,Left,6,11,21,0,nan,nan,0.64
1/3/2023 16:23:05,1.12.0,Free_feed,20,4.20,nan,0,RightWithPellet,Left,6,12,21,0,nan,nan,0.19
1/3/2023 16:23:27,1.12.0,Free_feed,20,4.19,1,0,Pellet,Left,6,12,22,0,25.26,32,nan
1/3/2023 16:30:26,1.12.0,Free_feed,20,4.20,1,0,Pellet,Left,6,12,23,0,Timed_out,419,nan
1/3/2023 16:31:36,1.12.0,Free_feed,20,4.20,nan,0,LeftWithPellet,Left,7,12,23,0,nan,nan,0.03
1/3/2023 16:31:45,1.12.0,Free_feed,20,4.19,nan,0,RightWithPellet,Left,7,13,23,0,nan,nan,0.25
1/3/2023 16:32:24,1.12.0,Free_feed,20,4.20,nan,0,LeftWithPellet,Left,8,13,23,0,nan,nan,0.33
1/3/2023 16:33:26,1.12.0,Free_feed,20,4.20,1,0,Pellet,Left,8,13,24,0,Timed_out,180,nan
1/3/2023 16:36:23,1.12.0,Free_feed,20,4.20,nan,0,RightWithPellet,Left,8,14,24,0,nan,nan,0.27
1/3/2023 16:38:10,1.12.0,Free_feed,20,4.20,nan,0,LeftWithPellet,Left,9,14,24,0,nan,nan,0.05
1/3/2023 16:38:11,1.12.0,Free_feed,20,4.19,1,0,Pellet,Left,9,14,25,0,Timed_out,285,nan
1/3/2023 16:38:26,1.12.0,Free_feed,20,4.20,1,0,Pellet,Left,9,14,26,0,7.43,15,nan
1/3/2023 16:38:27,1.12.0,Free_feed,20,4.20,1,0,Pellet,Left,9,14,27,0,0.06,1,nan
1/3/2023 16:38:34,1.12.0,Free_feed,20,4.20,1,0,Pellet,Left,9,14,28,0,0.40,7,nan
1/3/2023 16:39:23,1.12.0,Free_feed,20,4.19,nan,0,LeftWithPellet,Left,10,14,28,0,nan,nan,0.04
1/3/2023 16:43:43,1.12.0,Free_feed,20,4.20,nan,0,RightWithPellet,Left,10,15,28,0,nan,nan,0.02
1/3/2023 16:44:01,1.12.0,Free_feed,20,4.20,nan,0,LeftWithPellet,Left,11,15,28,0,nan,nan,0.05
1/3/2023 16:44:02,1.12.0,Free_feed,20,4.19,1,0,Pellet,Left,11,15,29,0,Timed_out,328,nan
1/3/2023 16:44:12,1.12.0,Free_feed,20,4.20,1,0,Pellet,Left,11,15,30,0,3.20,10,nan
1/3/2023 16:44:21,1.12.0,Free_feed,20,4.19,1,0,Pellet,Left,11,15,31,0,2.24,9,nan
1/3/2023 16:44:29,1.12.0,Free_feed,20,4.19,1,0,Pellet,Left,11,15,32,0,1.76,8,nan
1/3/2023 16:47:01,1.12.0,Free_feed,20,4.19,1,0,Pellet,Left,11,15,33,0,Timed_out,152,nan
1/3/2023 16:50:48,1.12.0,Free_feed,20,4.19,nan,0,RightWithPellet,Left,11,16,33,0,nan,nan,0.23
1/3/2023 16:50:49,1.12.0,Free_feed,20,4.19,1,0,Pellet,Left,11,16,34,0,Timed_out,228,nan
1/3/2023 17:02:45,1.12.0,Free_feed,20,4.19,nan,0,RightWithPellet,Left,11,17,34,0,nan,nan,0.02
1/3/2023 17:04:17,1.12.0,Free_feed,20,4.20,1,0,Pellet,Left,11,17,35,0,Timed_out,808,nan
1/3/2023 17:04:20,1.12.0,Free_feed,20,4.19,1,0,Pellet,Left,11,17,36,0,0.06,3,nan
1/3/2023 17:04:33,1.12.0,Free_feed,20,4.19,1,0,Pellet,Left,11,17,37,0,6.61,13,nan
1/3/2023 17:04:42,1.12.0,Free_feed,20,4.19,1,0,Pellet,Left,11,17,38,0,2.86,9,nan
1/3/2023 17:04:53,1.12.0,Free_feed,20,4.19,1,0,Pellet,Left,11,17,39,0,3.54,11,nan
1/3/2023 17:05:31,1.12.0,Free_feed,20,4.20,1,0,Pellet,Left,11,17,40,0,31.72,38,nan
1/3/2023 17:05:37,1.12.0,Free_feed,20,4.19,1,0,Pellet,Left,11,17,41,0,0.06,6,nan
1/3/2023 17:09:27,1.12.0,Free_feed,20,4.19,1,0,Pellet,Left,11,17,42,0,Timed_out,230,nan
1/3/2023 17:09:36,1.12.0,Free_feed,20,4.19,2,0,Pellet,Left,11,17,43,0,3.20,9,nan
1/3/2023 17:11:22,1.12.0,Free_feed,20,4.19,nan,0,LeftWithPellet,Left,12,17,43,0,nan,nan,0.10
1/3/2023 17:15:45,1.12.0,Free_feed,20,4.19,nan,0,RightWithPellet,Left,12,18,43,0,nan,nan,0.14
1/3/2023 17:17:21,1.12.0,Free_feed,20,4.19,1,0,Pellet,Left,12,18,44,0,Timed_out,465,nan
1/3/2023 17:19:01,1.12.0,Free_feed,20,4.19,nan,0,RightWithPellet,Left,12,19,44,0,nan,nan,0.24
1/3/2023 17:19:03,1.12.0,Free_feed,20,4.19,nan,0,RightWithPellet,Left,12,20,44,0,nan,nan,0.33
1/3/2023 17:19:05,1.12.0,Free_feed,20,4.18,1,0,Pellet,Left,12,20,45,0,Timed_out,104,nan
1/3/2023 17:19:13,1.12.0,Free_feed,20,4.19,1,0,Pellet,Left,12,20,46,0,1.35,8,nan
1/3/2023 17:25:24,1.12.0,Free_feed,20,4.19,1,0,Pellet,Left,12,20,47,0,Timed_out,371,nan
1/3/2023 17:25:49,1.12.0,Free_feed,20,4.19,1,0,Pellet,Left,12,20,48,0,23.23,25,nan
1/3/2023 17:27:58,1.12.0,Free_feed,20,4.19,nan,0,RightWithPellet,Left,12,21,48,0,nan,nan,0.05
1/3/2023 17:28:06,1.12.0,Free_feed,20,4.19,nan,0,RightWithPellet,Left,12,22,48,0,nan,nan,0.76
1/3/2023 17:28:36,1.12.0,Free_feed,20,4.19,1,0,Pellet,Left,12,22,49,0,Timed_out,167,nan
1/3/2023 17:34:49,1.12.0,Free_feed,20,4.19,1,0,Pellet,Left,12,22,50,0,Timed_out,373,nan
1/3/2023 17:34:56,1.12.0,Free_feed,20,4.19,1,0,Pellet,Left,12,22,51,0,0.06,7,nan
1/3/2023 17:35:16,1.12.0,Free_feed,20,4.18,nan,0,LeftWithPellet,Left,13,22,51,0,nan,nan,0.03
1/3/2023 17:35:17,1.12.0,Free_feed,20,4.18,nan,0,LeftWithPellet,Left,14,22,51,0,nan,nan,0.09
1/3/2023 17:35:18,1.12.0,Free_feed,20,4.19,nan,0,LeftWithPellet,Left,15,22,51,0,nan,nan,0.11
1/3/2023 17:35:18,1.12.0,Free_feed,20,4.18,nan,0,LeftWithPellet,Left,16,22,51,0,nan,nan,0.09
1/3/2023 17:35:19,1.12.0,Free_feed,20,4.19,nan,0,LeftWithPellet,Left,17,22,51,0,nan,nan,0.24
1/3/2023 17:35:19,1.12.0,Free_feed,20,4.19,nan,0,LeftWithPellet,Left,18,22,51,0,nan,nan,0.22
1/3/2023 17:38:29,1.12.0,Free_feed,20,4.18,1,0,Pellet,Left,18,22,52,0,Timed_out,213,nan
1/3/2023 17:40:47,1.12.0,Free_feed,20,4.18,1,0,Pellet,Left,18,22,53,0,Timed_out,138,nan
1/3/2023 17:40:55,1.12.0,Free_feed,20,4.19,1,0,Pellet,Left,18,22,54,0,1.63,8,nan
1/3/2023 17:40:59,1.12.0,Free_feed,20,4.18,1,0,Pellet,Left,18,22,55,0,0.06,4,nan
1/3/2023 17:41:11,1.12.0,Free_feed,20,4.18,1,0,Pellet,Left,18,22,56,0,5.52,12,nan
1/3/2023 17:41:13,1.12.0,Free_feed,20,4.19,1,0,Pellet,Left,18,22,57,0,0.06,2,nan
1/3/2023 17:41:20,1.12.0,Free_feed,20,4.19,1,0,Pellet,Left,18,22,58,0,0.06,7,nan
1/3/2023 17:41:31,1.12.0,Free_feed,20,4.19,1,0,Pellet,Left,18,22,59,0,10.23,11,nan
1/3/2023 17:41:38,1.12.0,Free_feed,20,4.18,1,0,Pellet,Left,18,22,60,0,0.20,7,nan
1/3/2023 17:41:47,1.12.0,Free_feed,20,4.18,1,0,Pellet,Left,18,22,61,0,2.31,9,nan
1/3/2023 17:48:29,1.12.0,Free_feed,20,4.18,1,0,Pellet,Left,18,22,62,0,Timed_out,402,nan
1/3/2023 17:48:36,1.12.0,Free_feed,20,4.18,1,0,Pellet,Left,18,22,63,0,5.72,7,nan
1/3/2023 17:48:47,1.12.0,Free_feed,20,4.18,1,0,Pellet,Left,18,22,64,0,4.36,11,nan
1/3/2023 17:48:48,1.12.0,Free_feed,20,4.18,1,0,Pellet,Left,18,22,65,0,0.06,1,nan
1/3/2023 17:49:00,1.12.0,Free_feed,20,4.19,1,0,Pellet,Left,18,22,66,0,4.84,12,nan
1/3/2023 17:49:07,1.12.0,Free_feed,20,4.18,1,0,Pellet,Left,18,22,67,0,0.20,7,nan
1/3/2023 17:49:19,1.12.0,Free_feed,20,4.18,nan,0,RightWithPellet,Left,18,23,67,0,nan,nan,0.31
1/3/2023 17:49:20,1.12.0,Free_feed,20,4.18,nan,0,RightWithPellet,Left,18,24,67,0,nan,nan,0.16
1/3/2023 17:49:21,1.12.0,Free_feed,20,4.18,nan,0,RightWithPellet,Left,18,25,67,0,nan,nan,0.15
1/3/2023 17:49:22,1.12.0,Free_feed,20,4.18,nan,0,RightWithPellet,Left,18,26,67,0,nan,nan,0.50
1/3/2023 17:56:59,1.12.0,Free_feed,20,4.18,1,0,Pellet,Left,18,26,68,0,Timed_out,472,nan
1/3/2023 17:57:07,1.12.0,Free_feed,20,4.18,1,0,Pellet,Left,18,26,69,0,1.56,8,nan
1/3/2023 17:57:18,1.12.0,Free_feed,20,4.18,1,0,Pellet,Left,18,26,70,0,3.95,11,nan
1/3/2023 17:57:28,1.12.0,Free_feed,20,4.18,1,0,Pellet,Left,18,26,71,0,2.99,10,nan
1/3/2023 18:16:33,1.12.0,Free_feed,20,4.18,1,0,Pellet,Left,18,26,72,0,Timed_out,1145,nan
1/3/2023 18:16:42,1.12.0,Free_feed,20,4.18,1,0,Pellet,Left,18,26,73,0,2.58,9,nan
1/3/2023 18:16:54,1.12.0,Free_feed,20,4.18,1,0,Pellet,Left,18,26,74,0,9.34,11,nan
1/3/2023 18:17:03,1.12.0,Free_feed,20,4.18,2,0,Pellet,Left,18,26,75,0,6.00,10,nan
1/3/2023 18:26:17,1.12.0,Free_feed,20,4.18,1,0,Pellet,Left,18,26,76,0,Timed_out,554,nan
1/3/2023 18:26:30,1.12.0,Free_feed,20,4.18,1,0,Pellet,Left,18,26,77,0,11.26,13,nan
1/3/2023 18:26:45,1.12.0,Free_feed,20,4.18,1,0,Pellet,Left,18,26,78,0,7.77,15,nan
1/3/2023 18:29:11,1.12.0,Free_feed,20,4.18,1,0,Pellet,Left,18,26,79,0,Timed_out,146,nan
1/3/2023 18:29:25,1.12.0,Free_feed,20,4.18,1,0,Pellet,Left,18,26,80,0,7.02,14,nan
1/3/2023 18:29:35,1.12.0,Free_feed,20,4.18,1,0,Pellet,Left,18,26,81,0,3.13,10,nan
1/3/2023 18:29:46,1.12.0,Free_feed,20,4.18,1,0,Pellet,Left,18,26,82,0,3.54,10,nan
1/3/2023 18:29:55,1.12.0,Free_feed,20,4.18,1,0,Pellet,Left,18,26,83,0,2.72,10,nan
1/3/2023 18:34:09,1.12.0,Free_feed,20,4.18,1,0,Pellet,Left,18,26,84,0,Timed_out,254,nan
1/3/2023 18:34:10,1.12.0,Free_feed,20,4.18,1,0,Pellet,Left,18,26,85,0,0.13,1,nan
1/3/2023 18:38:13,1.12.0,Free_feed,20,4.18,nan,0,LeftWithPellet,Left,19,26,85,0,nan,nan,0.46
1/3/2023 19:01:28,1.12.0,Free_feed,20,4.18,1,0,Pellet,Left,19,26,86,0,Timed_out,1637,nan
1/3/2023 19:01:30,1.12.0,Free_feed,20,4.18,1,0,Pellet,Left,19,26,87,0,0.06,3,nan
1/3/2023 19:01:45,1.12.0,Free_feed,20,4.18,1,0,Pellet,Left,19,26,88,0,7.50,14,nan
1/3/2023 19:01:56,1.12.0,Free_feed,20,4.18,1,0,Pellet,Left,19,26,89,0,4.49,11,nan
1/3/2023 19:02:11,1.12.0,Free_feed,20,4.18,1,0,Pellet,Left,19,26,90,0,8.80,16,nan
1/3/2023 19:02:20,1.12.0,Free_feed,20,4.18,2,0,Pellet,Left,19,26,91,0,2.31,9,nan
1/3/2023 19:02:35,1.12.0,Free_feed,20,4.18,1,0,Pellet,Left,19,26,92,0,7.77,15,nan
1/3/2023 19:02:46,1.12.0,Free_feed,20,4.18,1,0,Pellet,Left,19,26,93,0,3.88,11,nan
1/3/2023 19:02:57,1.12.0,Free_feed,20,4.18,1,0,Pellet,Left,19,26,94,0,3.95,11,nan
1/3/2023 19:03:17,1.12.0,Free_feed,20,4.17,nan,0,LeftWithPellet,Left,20,26,94,0,nan,nan,0.42
1/3/2023 19:03:17,1.12.0,Free_feed,20,4.17,nan,0,LeftWithPellet,Left,21,26,94,0,nan,nan,0.08
1/3/2023 19:18:57,1.12.0,Free_feed,20,4.18,1,0,Pellet,Left,21,26,95,0,Timed_out,960,nan
1/3/2023 19:19:14,1.12.0,Free_feed,20,4.17,1,0,Pellet,Left,21,26,96,0,9.96,17,nan
1/3/2023 19:19:27,1.12.0,Free_feed,20,4.18,1,0,Pellet,Left,21,26,97,0,5.52,13,nan
1/3/2023 19:19:39,1.12.0,Free_feed,20,4.18,1,0,Pellet,Left,21,26,98,0,6.20,12,nan
1/3/2023 19:19:58,1.12.0,Free_feed,20,4.17,1,0,Pellet,Left,21,26,99,0,12.01,19,nan
1/3/2023 19:20:12,1.12.0,Free_feed,20,4.18,1,0,Pellet,Left,21,26,100,0,11.39,14,nan
1/3/2023 19:32:00,1.12.0,Free_feed,20,4.18,1,0,Pellet,Left,21,26,101,0,Timed_out,708,nan
1/3/2023 19:36:51,1.12.0,Free_feed,20,4.18,1,0,Pellet,Left,21,26,102,0,Timed_out,291,nan
1/3/2023 19:37:06,1.12.0,Free_feed,20,4.18,1,0,Pellet,Left,21,26,103,0,7.57,15,nan
1/3/2023 19:37:21,1.12.0,Free_feed,20,4.17,1,0,Pellet,Left,21,26,104,0,9.21,15,nan
1/3/2023 19:37:37,1.12.0,Free_feed,20,4.17,1,0,Pellet,Left,21,26,105,0,8.52,16,nan
1/3/2023 19:46:33,1.12.0,Free_feed,20,4.17,1,0,Pellet,Left,21,26,106,0,Timed_out,536,nan
1/3/2023 20:00:31,1.12.0,Free_feed,20,4.17,1,0,Pellet,Left,21,26,107,0,Timed_out,838,nan
1/3/2023 20:00:43,1.12.0,Free_feed,20,4.17,1,0,Pellet,Left,21,26,108,0,5.04,12,nan
1/3/2023 20:00:57,1.12.0,Free_feed,20,4.17,1,0,Pellet,Left,21,26,109,0,6.13,13,nan
1/3/2023 20:01:06,1.12.0,Free_feed,20,4.16,2,0,Pellet,Left,21,26,110,0,1.01,10,nan
1/3/2023 20:01:25,1.12.0,Free_feed,20,4.17,1,0,Pellet,Left,21,26,111,0,12.00,19,nan
1/3/2023 20:01:44,1.12.0,Free_feed,20,4.17,1,0,Pellet,Left,21,26,112,0,11.45,19,nan
1/3/2023 20:01:45,1.12.0,Free_feed,20,4.17,1,0,Pellet,Left,21,26,113,0,0.68,1,nan
1/3/2023 20:14:03,1.12.0,Free_feed,20,4.16,nan,0,RightWithPellet,Left,21,27,113,0,nan,nan,0.10
1/3/2023 20:14:09,1.12.0,Free_feed,20,4.16,nan,0,LeftWithPellet,Left,22,27,113,0,nan,nan,0.02
1/3/2023 20:47:05,1.12.0,Free_feed,20,4.16,1,0,Pellet,Left,22,27,114,0,Timed_out,2720,nan
1/3/2023 20:47:17,1.12.0,Free_feed,20,4.16,1,0,Pellet,Left,22,27,115,0,4.01,12,nan
1/3/2023 20:47:29,1.12.0,Free_feed,20,4.16,1,0,Pellet,Left,22,27,116,0,10.16,11,nan
1/3/2023 20:47:40,1.12.0,Free_feed,20,4.16,1,0,Pellet,Left,22,27,117,0,3.95,12,nan
1/3/2023 20:47:52,1.12.0,Free_feed,20,4.16,1,0,Pellet,Left,22,27,118,0,5.65,12,nan
1/3/2023 20:47:55,1.12.0,Free_feed,20,4.16,1,0,Pellet,Left,22,27,119,0,0.54,3,nan
1/3/2023 20:48:06,1.12.0,Free_feed,20,4.14,1,0,Pellet,Left,22,27,120,0,4.70,11,nan
1/3/2023 20:48:19,1.12.0,Free_feed,20,4.16,1,0,Pellet,Left,22,27,121,0,6.27,13,nan
1/3/2023 20:48:31,1.12.0,Free_feed,20,4.16,1,0,Pellet,Left,22,27,122,0,5.66,12,nan
1/3/2023 20:48:42,1.12.0,Free_feed,20,4.16,1,0,Pellet,Left,22,27,123,0,3.95,10,nan
1/3/2023 20:48:48,1.12.0,Free_feed,20,4.16,1,0,Pellet,Left,22,27,124,0,0.06,7,nan
1/3/2023 20:48:54,1.12.0,Free_feed,20,4.16,1,0,Pellet,Left,22,27,125,0,0.06,6,nan
1/3/2023 20:49:14,1.12.0,Free_feed,20,4.15,2,0,Pellet,Left,22,27,126,0,11.26,20,nan
1/3/2023 20:49:16,1.12.0,Free_feed,20,4.17,1,0,Pellet,Left,22,27,127,0,0.06,2,nan
1/3/2023 20:51:43,1.12.0,Free_feed,20,4.16,1,0,Pellet,Left,22,27,128,0,Timed_out,147,nan
1/3/2023 21:15:33,1.12.0,Free_feed,20,4.16,1,0,Pellet,Left,22,27,129,0,Timed_out,1430,nan
1/3/2023 21:15:45,1.12.0,Free_feed,20,4.16,1,0,Pellet,Left,22,27,130,0,5.25,12,nan
1/3/2023 21:15:58,1.12.0,Free_feed,20,4.16,1,0,Pellet,Left,22,27,131,0,5.86,12,nan
1/3/2023 21:16:08,1.12.0,Free_feed,20,4.14,1,0,Pellet,Left,22,27,132,0,3.40,11,nan
1/3/2023 21:16:22,1.12.0,Free_feed,20,4.16,1,0,Pellet,Left,22,27,133,0,7.30,14,nan
1/3/2023 21:16:23,1.12.0,Free_feed,20,4.16,1,0,Pellet,Left,22,27,134,0,0.06,1,nan
1/3/2023 21:16:32,1.12.0,Free_feed,20,4.16,1,0,Pellet,Left,22,27,135,0,2.72,9,nan
1/3/2023 21:25:09,1.12.0,Free_feed,20,4.16,1,0,Pellet,Left,22,27,136,0,Timed_out,517,nan
1/3/2023 21:25:10,1.12.0,Free_feed,20,4.16,1,0,Pellet,Left,22,27,137,0,0.06,1,nan
1/3/2023 21:25:30,1.12.0,Free_feed,20,4.16,1,0,Pellet,Left,22,27,138,0,13.04,20,nan
1/3/2023 21:25:39,1.12.0,Free_feed,20,4.16,1,0,Pellet,Left,22,27,139,0,2.38,9,nan
1/3/2023 21:25:49,1.12.0,Free_feed,20,4.16,1,0,Pellet,Left,22,27,140,0,2.99,10,nan
1/3/2023 21:25:56,1.12.0,Free_feed,20,4.16,1,0,Pellet,Left,22,27,141,0,0.47,7,nan
1/3/2023 21:26:12,1.12.0,Free_feed,20,4.16,1,0,Pellet,Left,22,27,142,0,8.93,16,nan
1/3/2023 21:26:21,1.12.0,Free_feed,20,4.16,1,0,Pellet,Left,22,27,143,0,2.11,9,nan
1/3/2023 21:26:25,1.12.0,Free_feed,20,4.16,1,0,Pellet,Left,22,27,144,0,0.06,4,nan
1/3/2023 21:26:27,1.12.0,Free_feed,20,4.16,1,0,Pellet,Left,22,27,145,0,0.06,2,nan
1/3/2023 21:43:25,1.12.0,Free_feed,20,4.16,nan,0,RightWithPellet,Left,22,28,145,0,nan,nan,0.16
1/3/2023 21:43:35,1.12.0,Free_feed,20,4.16,nan,0,RightWithPellet,Left,22,29,145,0,nan,nan,0.21
1/3/2023 21:43:44,1.12.0,Free_feed,20,4.16,nan,0,RightWithPellet,Left,22,30,145,0,nan,nan,0.24
1/3/2023 21:46:45,1.12.0,Free_feed,20,4.16,1,0,Pellet,Left,22,30,146,0,Timed_out,1218,nan
1/3/2023 21:47:50,1.12.0,Free_feed,20,4.16,1,0,Pellet,Left,22,30,147,0,59.60,65,nan
1/3/2023 21:48:02,1.12.0,Free_feed,20,4.16,1,0,Pellet,Left,22,30,148,0,10.57,12,nan
1/3/2023 21:48:15,1.12.0,Free_feed,20,4.16,2,0,Pellet,Left,22,30,149,0,5.93,13,nan
1/3/2023 21:48:22,1.12.0,Free_feed,20,4.15,1,0,Pellet,Left,22,30,150,0,0.06,7,nan
1/3/2023 21:51:35,1.12.0,Free_feed,20,4.16,nan,0,LeftWithPellet,Left,23,30,150,0,nan,nan,0.02
1/3/2023 21:52:13,1.12.0,Free_feed,20,4.15,1,0,Pellet,Left,23,30,151,0,Timed_out,231,nan
1/3/2023 21:52:16,1.12.0,Free_feed,20,4.15,1,0,Pellet,Left,23,30,152,0,0.06,3,nan
1/3/2023 22:04:50,1.12.0,Free_feed,20,4.16,1,0,Pellet,Left,23,30,153,0,Timed_out,753,nan
1/3/2023 22:05:06,1.12.0,Free_feed,20,4.16,2,0,Pellet,Left,23,30,154,0,8.19,17,nan
1/3/2023 22:05:18,1.12.0,Free_feed,20,4.16,1,0,Pellet,Left,23,30,155,0,4.84,12,nan
1/3/2023 22:05:39,1.12.0,Free_feed,20,4.16,1,0,Pellet,Left,23,30,156,0,14.48,21,nan
1/3/2023 22:05:51,1.12.0,Free_feed,20,4.16,1,0,Pellet,Left,23,30,157,0,5.18,12,nan
1/3/2023 22:27:07,1.12.0,Free_feed,20,4.15,1,0,Pellet,Left,23,30,158,0,Timed_out,1276,nan
1/3/2023 22:27:24,1.12.0,Free_feed,20,4.15,1,0,Pellet,Left,23,30,159,0,15.92,17,nan
1/3/2023 22:27:33,1.12.0,Free_feed,20,4.15,1,0,Pellet,Left,23,30,160,0,1.83,9,nan
1/3/2023 22:27:49,1.12.0,Free_feed,20,4.15,1,0,Pellet,Left,23,30,161,0,8.53,16,nan
1/3/2023 22:35:08,1.12.0,Free_feed,20,4.15,1,0,Pellet,Left,23,30,162,0,Timed_out,439,nan
1/3/2023 22:35:20,1.12.0,Free_feed,20,4.15,1,0,Pellet,Left,23,30,163,0,5.45,12,nan
1/3/2023 22:35:30,1.12.0,Free_feed,20,4.14,1,0,Pellet,Left,23,30,164,0,3.41,10,nan
1/3/2023 22:50:12,1.12.0,Free_feed,20,4.15,1,0,Pellet,Left,23,30,165,0,Timed_out,882,nan
1/3/2023 22:50:26,1.12.0,Free_feed,20,4.15,1,0,Pellet,Left,23,30,166,0,7.02,14,nan
1/3/2023 23:03:13,1.12.0,Free_feed,20,4.15,1,0,Pellet,Left,23,30,167,0,Timed_out,767,nan
1/3/2023 23:15:18,1.12.0,Free_feed,20,4.14,2,0,Pellet,Left,23,30,168,0,Timed_out,725,nan
1/3/2023 23:15:32,1.12.0,Free_feed,20,4.14,2,0,Pellet,Left,23,30,169,0,10.72,14,nan
1/3/2023 23:15:43,1.12.0,Free_feed,20,4.15,1,0,Pellet,Left,23,30,170,0,4.70,11,nan
1/3/2023 23:15:57,1.12.0,Free_feed,20,4.15,1,0,Pellet,Left,23,30,171,0,12.63,14,nan
1/3/2023 23:16:15,1.12.0,Free_feed,20,4.15,1,0,Pellet,Left,23,30,172,0,12.21,18,nan
1/3/2023 23:16:38,1.12.0,Free_feed,20,4.14,1,0,Pellet,Left,23,30,173,0,15.84,23,nan
1/3/2023 23:19:29,1.12.0,Free_feed,20,4.14,nan,0,LeftWithPellet,Left,24,30,173,0,nan,nan,0.06
1/3/2023 23:19:31,1.12.0,Free_feed,20,4.14,1,0,Pellet,Left,24,30,174,0,Timed_out,173,nan
1/3/2023 23:19:32,1.12.0,Free_feed,20,4.14,1,0,Pellet,Left,24,30,175,0,0.06,1,nan
1/3/2023 23:32:50,1.12.0,Free_feed,20,4.14,nan,0,RightWithPellet,Left,24,31,175,0,nan,nan,0.13
1/3/2023 23:32:52,1.12.0,Free_feed,20,4.14,nan,0,RightWithPellet,Left,24,32,175,0,nan,nan,0.51
1/3/2023 23:33:07,1.12.0,Free_feed,20,4.14,1,0,Pellet,Left,24,32,176,0,Timed_out,815,nan
1/3/2023 23:33:19,1.12.0,Free_feed,20,4.14,2,0,Pellet,Left,24,32,177,0,5.79,12,nan
1/3/2023 23:33:31,1.12.0,Free_feed,20,4.14,2,0,Pellet,Left,24,32,178,0,4.56,12,nan
1/3/2023 23:33:41,1.12.0,Free_feed,20,4.14,2,0,Pellet,Left,24,32,179,0,3.95,10,nan
1/3/2023 23:33:45,1.12.0,Free_feed,20,4.14,1,0,Pellet,Left,24,32,180,0,0.06,4,nan
1/3/2023 23:49:01,1.12.0,Free_feed,20,4.14,1,0,Pellet,Left,24,32,181,0,Timed_out,916,nan
1/3/2023 23:49:14,1.12.0,Free_feed,20,4.14,1,0,Pellet,Left,24,32,182,0,6.13,12,nan
1/3/2023 23:49:15,1.12.0,Free_feed,20,4.14,1,0,Pellet,Left,24,32,183,0,0.40,2,nan
1/3/2023 23:49:26,1.12.0,Free_feed,20,4.14,1,0,Pellet,Left,24,32,184,0,4.91,11,nan
1/3/2023 23:49:38,1.12.0,Free_feed,20,4.15,1,0,Pellet,Left,24,32,185,0,4.63,12,nan
1/3/2023 23:49:44,1.12.0,Free_feed,20,4.14,1,0,Pellet,Left,24,32,186,0,0.06,6,nan
1/3/2023 23:49:51,1.12.0,Free_feed,20,4.14,1,0,Pellet,Left,24,32,187,0,0.06,7,nan
1/3/2023 23:50:04,1.12.0,Free_feed,20,4.14,1,0,Pellet,Left,24,32,188,0,6.61,13,nan
1/3/2023 23:50:25,1.12.0,Free_feed,20,4.14,1,0,Pellet,Left,24,32,189,0,20.29,21,nan
1/4/2023 0:09:15,1.12.0,Free_feed,20,4.14,1,0,Pellet,Left,24,32,190,0,Timed_out,1130,nan
1/4/2023 0:21:43,1.12.0,Free_feed,20,4.14,1,0,Pellet,Left,24,32,191,0,Timed_out,748,nan
1/4/2023 0:21:45,1.12.0,Free_feed,20,4.14,1,0,Pellet,Left,24,32,192,0,1.08,2,nan
1/4/2023 0:22:00,1.12.0,Free_feed,20,4.14,1,0,Pellet,Left,24,32,193,0,8.72,15,nan
1/4/2023 0:22:13,1.12.0,Free_feed,20,4.14,1,0,Pellet,Left,24,32,194,0,6.75,13,nan
1/4/2023 0:22:28,1.12.0,Free_feed,20,4.14,1,0,Pellet,Left,24,32,195,0,8.66,15,nan
1/4/2023 0:22:41,1.12.0,Free_feed,20,4.14,1,0,Pellet,Left,24,32,196,0,6.54,13,nan
1/4/2023 0:23:01,1.12.0,Free_feed,20,4.14,1,0,Pellet,Left,24,32,197,0,13.10,20,nan
1/4/2023 0:23:21,1.12.0,Free_feed,20,4.14,1,0,Pellet,Left,24,32,198,0,18.70,20,nan
1/4/2023 0:53:14,1.12.0,Free_feed,20,4.14,1,0,Pellet,Left,24,32,199,0,Timed_out,1793,nan
1/4/2023 0:54:34,1.12.0,Free_feed,20,4.13,1,0,Pellet,Left,24,32,200,0,Timed_out,80,nan
1/4/2023 0:54:49,1.12.0,Free_feed,20,4.13,1,0,Pellet,Left,24,32,201,0,8.45,15,nan
1/4/2023 0:55:09,1.12.0,Free_feed,20,4.14,1,0,Pellet,Left,24,32,202,0,12.75,20,nan
1/4/2023 0:55:22,1.12.0,Free_feed,20,4.14,1,0,Pellet,Left,24,32,203,0,6.27,13,nan
1/4/2023 0:55:36,1.12.0,Free_feed,20,4.13,1,0,Pellet,Left,24,32,204,0,6.82,14,nan
1/4/2023 0:55:54,1.12.0,Free_feed,20,4.13,1,0,Pellet,Left,24,32,205,0,11.19,18,nan
1/4/2023 1:06:39,1.12.0,Free_feed,20,4.13,1,0,Pellet,Left,24,32,206,0,Timed_out,645,nan
1/4/2023 1:07:10,1.12.0,Free_feed,20,4.14,2,0,Pellet,Left,24,32,207,0,22.06,31,nan
1/4/2023 1:07:17,1.12.0,Free_feed,20,4.13,1,0,Pellet,Left,24,32,208,0,0.06,7,nan
1/4/2023 1:08:47,1.12.0,Free_feed,20,4.13,1,0,Pellet,Left,24,32,209,0,Timed_out,90,nan
1/4/2023 1:18:16,1.12.0,Free_feed,20,4.14,1,0,Pellet,Left,24,32,210,0,Timed_out,569,nan
1/4/2023 1:39:02,1.12.0,Free_feed,20,4.13,1,0,Pellet,Left,24,32,211,0,Timed_out,1246,nan
1/4/2023 1:39:36,1.12.0,Free_feed,20,4.13,2,0,Pellet,Left,24,32,212,0,30.00,34,nan
1/4/2023 1:39:43,1.12.0,Free_feed,20,4.13,1,0,Pellet,Left,24,32,213,0,0.61,6,nan
1/4/2023 1:39:49,1.12.0,Free_feed,20,4.12,1,0,Pellet,Left,24,32,214,0,0.06,7,nan
1/4/2023 1:39:58,1.12.0,Free_feed,20,4.13,3,0,Pellet,Left,24,32,215,0,0.06,9,nan
1/4/2023 1:40:14,1.12.0,Free_feed,20,4.13,1,0,Pellet,Left,24,32,216,0,9.20,16,nan
1/4/2023 1:40:27,1.12.0,Free_feed,20,4.14,2,0,Pellet,Left,24,32,217,0,6.40,13,nan
1/4/2023 1:40:39,1.12.0,Free_feed,20,4.13,2,0,Pellet,Left,24,32,218,0,5.79,12,nan
1/4/2023 1:55:52,1.12.0,Free_feed,20,4.13,2,0,Pellet,Left,24,32,219,0,Timed_out,913,nan
1/4/2023 1:55:53,1.12.0,Free_feed,20,4.13,1,0,Pellet,Left,24,32,220,0,0.27,1,nan
1/4/2023 1:56:12,1.12.0,Free_feed,20,4.13,2,0,Pellet,Left,24,32,221,0,11.46,19,nan
1/4/2023 2:06:35,1.12.0,Free_feed,20,4.13,1,0,Pellet,Left,24,32,222,0,Timed_out,623,nan
1/4/2023 2:06:36,1.12.0,Free_feed,20,4.13,1,0,Pellet,Left,24,32,223,0,0.06,1,nan
1/4/2023 2:07:00,1.12.0,Free_feed,20,4.12,1,0,Pellet,Left,24,32,224,0,16.59,24,nan
1/4/2023 2:07:13,1.12.0,Free_feed,20,4.13,1,0,Pellet,Left,24,32,225,0,6.54,13,nan
1/4/2023 2:07:27,1.12.0,Free_feed,20,4.13,2,0,Pellet,Left,24,32,226,0,5.79,14,nan
1/4/2023 2:07:43,1.12.0,Free_feed,20,4.13,1,0,Pellet,Left,24,32,227,0,9.07,16,nan
1/4/2023 2:08:20,1.12.0,Free_feed,20,4.12,2,0,Pellet,Left,24,32,228,0,29.19,37,nan
1/4/2023 2:34:26,1.12.0,Free_feed,20,4.13,1,0,Pellet,Left,24,32,229,0,Timed_out,1566,nan
1/4/2023 2:48:21,1.12.0,Free_feed,20,4.12,1,0,Pellet,Left,24,32,230,0,Timed_out,835,nan
1/4/2023 2:48:42,1.12.0,Free_feed,20,4.13,1,0,Pellet,Left,24,32,231,0,19.12,21,nan
1/4/2023 2:48:53,1.12.0,Free_feed,20,4.12,1,0,Pellet,Left,24,32,232,0,3.47,11,nan
1/4/2023 2:49:10,1.12.0,Free_feed,20,4.12,1,0,Pellet,Left,24,32,233,0,10.98,17,nan
1/4/2023 2:49:11,1.12.0,Free_feed,20,4.12,1,0,Pellet,Left,24,32,234,0,0.06,1,nan
1/4/2023 2:49:12,1.12.0,Free_feed,20,4.12,1,0,Pellet,Left,24,32,235,0,0.06,1,nan
1/4/2023 2:49:22,1.12.0,Free_feed,20,4.12,1,0,Pellet,Left,24,32,236,0,2.31,10,nan
1/4/2023 3:05:39,1.12.0,Free_feed,20,4.12,2,0,Pellet,Left,24,32,237,0,Timed_out,977,nan
1/4/2023 3:05:40,1.12.0,Free_feed,20,4.12,1,0,Pellet,Left,24,32,238,0,0.06,1,nan
1/4/2023 3:05:59,1.12.0,Free_feed,20,4.12,1,0,Pellet,Left,24,32,239,0,12.21,18,nan
1/4/2023 3:06:08,1.12.0,Free_feed,20,4.12,1,0,Pellet,Left,24,32,240,0,7.70,10,nan
1/4/2023 3:06:19,1.12.0,Free_feed,20,4.12,1,0,Pellet,Left,24,32,241,0,4.49,11,nan
1/4/2023 3:06:29,1.12.0,Free_feed,20,4.12,1,0,Pellet,Left,24,32,242,0,3.47,10,nan
1/4/2023 3:06:42,1.12.0,Free_feed,20,4.12,1,0,Pellet,Left,24,32,243,0,6.68,13,nan
1/4/2023 3:06:58,1.12.0,Free_feed,20,4.12,1,0,Pellet,Left,24,32,244,0,9.21,15,nan
1/4/2023 3:07:09,1.12.0,Free_feed,20,4.12,1,0,Pellet,Left,24,32,245,0,4.22,12,nan
1/4/2023 3:22:38,1.12.0,Free_feed,20,4.12,nan,0,LeftWithPellet,Left,25,32,245,0,nan,nan,0.17
1/4/2023 3:26:40,1.12.0,Free_feed,20,4.12,2,0,Pellet,Left,25,32,246,0,Timed_out,1171,nan
1/4/2023 3:26:52,1.12.0,Free_feed,20,4.12,1,0,Pellet,Left,25,32,247,0,5.25,12,nan
1/4/2023 3:27:09,1.12.0,Free_feed,20,4.12,1,0,Pellet,Left,25,32,248,0,10.91,17,nan
1/4/2023 3:27:21,1.12.0,Free_feed,20,4.12,1,0,Pellet,Left,25,32,249,0,4.43,12,nan
1/4/2023 3:27:24,1.12.0,Free_feed,20,4.12,2,0,Pellet,Left,25,32,250,0,0.06,3,nan
1/4/2023 3:38:45,1.12.0,Free_feed,20,4.12,1,0,Pellet,Left,25,32,251,0,Timed_out,681,nan
1/4/2023 3:48:58,1.12.0,Free_feed,20,4.12,1,0,Pellet,Left,25,32,252,0,Timed_out,613,nan
1/4/2023 3:50:07,1.12.0,Free_feed,20,4.11,1,0,Pellet,Left,25,32,253,0,Timed_out,69,nan
1/4/2023 3:50:29,1.12.0,Free_feed,20,4.12,1,0,Pellet,Left,25,32,254,0,14.95,21,nan
1/4/2023 3:50:41,1.12.0,Free_feed,20,4.12,1,0,Pellet,Left,25,32,255,0,5.72,13,nan
1/4/2023 3:50:53,1.12.0,Free_feed,20,4.12,1,0,Pellet,Left,25,32,256,0,10.78,12,nan
1/4/2023 4:08:16,1.12.0,Free_feed,20,4.12,1,0,Pellet,Left,25,32,257,0,Timed_out,1043,nan
1/4/2023 4:08:28,1.12.0,Free_feed,20,4.11,2,0,Pellet,Left,25,32,258,0,4.83,12,nan
1/4/2023 4:08:40,1.12.0,Free_feed,20,4.12,1,0,Pellet,Left,25,32,259,0,5.45,12,nan
1/4/2023 4:08:50,1.12.0,Free_feed,20,4.11,1,0,Pellet,Left,25,32,260,0,3.33,10,nan
1/4/2023 4:12:00,1.12.0,Free_feed,20,4.11,1,0,Pellet,Left,25,32,261,0,Timed_out,190,nan
1/4/2023 4:12:09,1.12.0,Free_feed,20,4.11,1,0,Pellet,Left,25,32,262,0,2.72,9,nan
1/4/2023 4:12:10,1.12.0,Free_feed,20,4.12,1,0,Pellet,Left,25,32,263,0,0.06,1,nan
1/4/2023 4:25:01,1.12.0,Free_feed,20,4.12,3,0,Pellet,Left,25,32,264,0,Timed_out,771,nan
1/4/2023 4:25:09,1.12.0,Free_feed,20,4.11,2,0,Pellet,Left,25,32,265,0,1.29,8,nan
1/4/2023 4:34:43,1.12.0,Free_feed,20,4.11,2,0,Pellet,Left,25,32,266,0,Timed_out,574,nan
1/4/2023 4:34:56,1.12.0,Free_feed,20,4.11,1,0,Pellet,Left,25,32,267,0,6.54,13,nan
1/4/2023 4:35:07,1.12.0,Free_feed,20,4.11,1,0,Pellet,Left,25,32,268,0,4.29,11,nan
1/4/2023 4:35:22,1.12.0,Free_feed,20,4.12,1,0,Pellet,Left,25,32,269,0,8.18,15,nan
1/4/2023 4:51:07,1.12.0,Free_feed,20,4.11,1,0,Pellet,Left,25,32,270,0,Timed_out,945,nan
1/4/2023 5:19:23,1.12.0,Free_feed,20,4.11,1,0,Pellet,Left,25,32,271,0,Timed_out,1696,nan
1/4/2023 5:19:24,1.12.0,Free_feed,20,4.11,1,0,Pellet,Left,25,32,272,0,0.06,1,nan
1/4/2023 5:19:39,1.12.0,Free_feed,20,4.11,1,0,Pellet,Left,25,32,273,0,8.32,15,nan
1/4/2023 5:20:01,1.12.0,Free_feed,20,4.11,1,0,Pellet,Left,25,32,274,0,15.08,22,nan
1/4/2023 5:28:38,1.12.0,Free_feed,20,4.11,1,0,Pellet,Left,25,32,275,0,Timed_out,516,nan
1/4/2023 5:29:05,1.12.0,Free_feed,20,4.11,1,0,Pellet,Left,25,32,276,0,21.05,28,nan
1/4/2023 6:25:35,1.12.0,Free_feed,20,4.11,3,0,Pellet,Left,25,32,277,0,Timed_out,3390,nan
1/4/2023 6:25:52,1.12.0,Free_feed,20,4.11,2,0,Pellet,Left,25,32,278,0,14.81,16,nan
1/4/2023 6:26:06,1.12.0,Free_feed,20,4.10,2,0,Pellet,Left,25,32,279,0,7.23,15,nan
1/4/2023 6:26:18,1.12.0,Free_feed,20,4.11,2,0,Pellet,Left,25,32,280,0,5.18,12,nan
1/4/2023 6:26:31,1.12.0,Free_feed,20,4.11,1,0,Pellet,Left,25,32,281,0,6.68,13,nan
1/4/2023 6:26:44,1.12.0,Free_feed,20,4.11,1,0,Pellet,Left,25,32,282,0,6.41,13,nan
1/4/2023 6:26:57,1.12.0,Free_feed,20,4.11,1,0,Pellet,Left,25,32,283,0,11.88,13,nan
1/4/2023 6:27:13,1.12.0,Free_feed,20,4.11,1,0,Pellet,Left,25,32,284,0,8.46,16,nan
1/4/2023 7:04:34,1.12.0,Free_feed,20,4.10,1,0,Pellet,Left,25,32,285,0,Timed_out,2241,nan
1/4/2023 7:04:48,1.12.0,Free_feed,20,4.10,1,0,Pellet,Left,25,32,286,0,7.29,14,nan
1/4/2023 7:05:02,1.12.0,Free_feed,20,4.10,1,0,Pellet,Left,25,32,287,0,7.77,14,nan
1/4/2023 7:05:25,1.12.0,Free_feed,20,4.10,1,0,Pellet,Left,25,32,288,0,16.18,23,nan
1/4/2023 7:05:38,1.12.0,Free_feed,20,4.11,1,0,Pellet,Left,25,32,289,0,6.13,13,nan
1/4/2023 7:06:05,1.12.0,Free_feed,20,4.10,1,0,Pellet,Left,25,32,290,0,20.35,27,nan
1/4/2023 7:06:19,1.12.0,Free_feed,20,4.10,1,0,Pellet,Left,25,32,291,0,7.70,14,nan
1/4/2023 7:06:34,1.12.0,Free_feed,20,4.10,1,0,Pellet,Left,25,32,292,0,8.11,15,nan
1/4/2023 7:06:57,1.12.0,Free_feed,20,4.11,1,0,Pellet,Left,25,32,293,0,16.11,23,nan
1/4/2023 7:07:25,1.12.0,Free_feed,20,4.11,1,0,Pellet,Left,25,32,294,0,21.72,28,nan
1/4/2023 7:20:00,1.12.0,Free_feed,20,4.10,1,0,Pellet,Left,25,32,295,0,Timed_out,755,nan
1/4/2023 7:20:01,1.12.0,Free_feed,20,4.11,1,0,Pellet,Left,25,32,296,0,0.06,1,nan
1/4/2023 7:20:19,1.12.0,Free_feed,20,4.10,2,0,Pellet,Left,25,32,297,0,15.84,18,nan
1/4/2023 7:20:35,1.12.0,Free_feed,20,4.10,1,0,Pellet,Left,25,32,298,0,9.55,16,nan
1/4/2023 7:20:52,1.12.0,Free_feed,20,4.10,1,0,Pellet,Left,25,32,299,0,10.64,17,nan
1/4/2023 7:30:08,1.12.0,Free_feed,20,4.11,1,0,Pellet,Left,25,32,300,0,Timed_out,556,nan
1/4/2023 7:41:23,1.12.0,Free_feed,20,4.11,2,0,Pellet,Left,25,32,301,0,Timed_out,675,nan
1/4/2023 7:41:43,1.12.0,Free_feed,20,4.10,1,0,Pellet,Left,25,32,302,0,13.23,20,nan
1/4/2023 7:41:57,1.12.0,Free_feed,20,4.11,1,0,Pellet,Left,25,32,303,0,7.36,14,nan
1/4/2023 7:50:06,1.12.0,Free_feed,20,4.10,nan,0,LeftWithPellet,Left,26,32,303,0,nan,nan,0.25
1/4/2023 7:50:15,1.12.0,Free_feed,20,4.10,nan,0,LeftWithPellet,Left,27,32,303,0,nan,nan,0.44
1/4/2023 8:46:32,1.12.0,Free_feed,20,4.10,1,0,Pellet,Left,27,32,304,0,Timed_out,3875,nan
1/4/2023 8:46:48,1.12.0,Free_feed,20,4.09,1,0,Pellet,Left,27,32,305,0,15.08,16,nan
1/4/2023 8:47:02,1.12.0,Free_feed,20,4.10,2,0,Pellet,Left,27,32,306,0,7.09,14,nan
1/4/2023 8:47:15,1.12.0,Free_feed,20,4.10,1,0,Pellet,Left,27,32,307,0,5.79,13,nan
1/4/2023 8:47:27,1.12.0,Free_feed,20,4.09,1,0,Pellet,Left,27,32,308,0,5.86,12,nan
1/4/2023 8:47:34,1.12.0,Free_feed,20,4.09,1,0,Pellet,Left,27,32,309,0,0.06,7,nan
1/4/2023 8:47:42,1.12.0,Free_feed,20,4.10,1,0,Pellet,Left,27,32,310,0,1.97,8,nan
1/4/2023 8:47:54,1.12.0,Free_feed,20,4.09,1,0,Pellet,Left,27,32,311,0,4.83,12,nan
1/4/2023 8:48:13,1.12.0,Free_feed,20,4.09,2,0,Pellet,Left,27,32,312,0,12.34,18,nan
1/4/2023 8:48:24,1.12.0,Free_feed,20,4.09,2,0,Pellet,Left,27,32,313,0,8.04,12,nan
1/4/2023 8:48:40,1.12.0,Free_feed,20,4.09,1,0,Pellet,Left,27,32,314,0,9.34,16,nan
1/4/2023 8:48:55,1.12.0,Free_feed,20,4.09,1,0,Pellet,Left,27,32,315,0,8.11,15,nan
1/4/2023 9:25:22,1.12.0,Free_feed,20,4.10,1,0,Pellet,Left,27,32,316,0,Timed_out,2187,nan
1/4/2023 9:25:36,1.12.0,Free_feed,20,4.09,2,0,Pellet,Left,27,32,317,0,5.86,14,nan
1/4/2023 9:25:53,1.12.0,Free_feed,20,4.09,1,0,Pellet,Left,27,32,318,0,9.41,16,nan
1/4/2023 9:26:04,1.12.0,Free_feed,20,4.10,1,0,Pellet,Left,27,32,319,0,4.77,12,nan
1/4/2023 9:26:18,1.12.0,Free_feed,20,4.09,1,0,Pellet,Left,27,32,320,0,6.34,13,nan
1/4/2023 9:26:33,1.12.0,Free_feed,20,4.09,3,0,Pellet,Left,27,32,321,0,4.91,16,nan
1/4/2023 9:26:47,1.12.0,Free_feed,20,4.09,1,0,Pellet,Left,27,32,322,0,6.75,14,nan
1/4/2023 9:58:58,1.12.0,Free_feed,20,4.09,2,0,Pellet,Left,27,32,323,0,Timed_out,1931,nan
1/4/2023 9:59:20,1.12.0,Free_feed,20,4.09,3,0,Pellet,Left,27,32,324,0,13.65,22,nan
1/4/2023 9:59:38,1.12.0,Free_feed,20,4.09,4,0,Pellet,Left,27,32,325,0,6.00,18,nan
1/4/2023 9:59:53,1.12.0,Free_feed,20,4.09,3,0,Pellet,Left,27,32,326,0,4.63,15,nan
1/4/2023 10:00:19,1.12.0,Free_feed,20,4.09,1,0,Pellet,Left,27,32,327,0,18.57,26,nan
1/4/2023 10:16:29,1.12.0,Free_feed,20,4.09,1,0,Pellet,Left,27,32,328,0,Timed_out,970,nan
1/4/2023 10:16:48,1.12.0,Free_feed,20,4.09,2,0,Pellet,Left,27,32,329,0,14.81,19,nan
1/4/2023 10:30:08,1.12.0,Free_feed,20,4.09,1,0,Pellet,Left,27,32,330,0,Timed_out,800,nan
1/4/2023 10:30:27,1.12.0,Free_feed,20,4.09,2,0,Pellet,Left,27,32,331,0,10.23,19,nan
1/4/2023 10:30:34,1.12.0,Free_feed,20,4.09,1,0,Pellet,Left,27,32,332,0,0.06,6,nan
1/4/2023 10:30:44,1.12.0,Free_feed,20,4.09,3,0,Pellet,Left,27,32,333,0,0.06,11,nan
1/4/2023 10:30:59,1.12.0,Free_feed,20,4.09,2,0,Pellet,Left,27,32,334,0,6.81,15,nan
1/4/2023 10:31:25,1.12.0,Free_feed,20,4.09,2,0,Pellet,Left,27,32,335,0,19.18,26,nan
1/4/2023 10:55:17,1.12.0,Free_feed,20,4.09,2,0,Pellet,Left,27,32,336,0,Timed_out,1432,nan
1/4/2023 10:55:22,1.12.0,Free_feed,20,4.09,1,0,Pellet,Left,27,32,337,0,0.06,5,nan
1/4/2023 10:55:37,1.12.0,Free_feed,20,4.09,1,0,Pellet,Left,27,32,338,0,8.32,15,nan
1/4/2023 10:55:55,1.12.0,Free_feed,20,4.09,1,0,Pellet,Left,27,32,339,0,11.19,18,nan
1/4/2023 10:56:06,1.12.0,Free_feed,20,4.09,2,0,Pellet,Left,27,32,340,0,2.79,11,nan
1/4/2023 10:56:23,1.12.0,Free_feed,20,4.09,1,0,Pellet,Left,27,32,341,0,9.13,17,nan
1/4/2023 10:56:24,1.12.0,Free_feed,20,4.09,1,0,Pellet,Left,27,32,342,0,0.06,0,nan
1/4/2023 10:56:35,1.12.0,Free_feed,20,4.09,2,0,Pellet,Left,27,32,343,0,2.65,12,nan
1/4/2023 10:56:36,1.12.0,Free_feed,20,4.09,1,0,Pellet,Left,27,32,344,0,0.06,1,nan
