MM:DD:YYYY hh:mm:ss,Library_Version,Session_type,Device_Number,Battery_Voltage,Motor_Turns,FR,Event,Active_Poke,Left_Poke_Count,Right_Poke_Count,Pellet_Count,Block_Pellet_Count,Retrieval_Time,InterPelletInterval,Poke_Time
1/7/2023 17:11:10,1.12.0,Free_feed,7,3.89,nan,0,RightWithPellet,Left,0,1,0,0,nan,nan,0.03
1/7/2023 17:11:12,1.12.0,Free_feed,7,3.91,nan,0,RightWithPellet,Left,0,2,0,0,nan,nan,0.17
1/7/2023 17:11:58,1.12.0,Free_feed,7,3.90,nan,0,LeftWithPellet,Left,1,2,0,0,nan,nan,0.11
1/7/2023 17:14:03,1.12.0,Free_feed,7,3.89,nan,0,LeftWithPellet,Left,2,2,0,0,nan,nan,0.03
1/7/2023 17:14:24,1.12.0,Free_feed,7,3.89,nan,0,LeftWithPellet,Left,3,2,0,0,nan,nan,0.02
1/7/2023 17:16:57,1.12.0,Free_feed,7,3.89,nan,0,RightWithPellet,Left,3,3,0,0,nan,nan,0.15
1/7/2023 17:17:13,1.12.0,Free_feed,7,3.90,nan,0,RightWithPellet,Left,3,4,0,0,nan,nan,0.13
1/7/2023 17:19:52,1.12.0,Free_feed,7,3.90,nan,0,RightWithPellet,Left,3,5,0,0,nan,nan,0.07
1/7/2023 17:21:19,1.12.0,Free_feed,7,3.90,nan,0,RightWithPellet,Left,3,6,0,0,nan,nan,0.11
1/7/2023 17:24:58,1.12.0,Free_feed,7,3.90,nan,0,LeftWithPellet,Left,4,6,0,0,nan,nan,0.15
1/7/2023 17:28:25,1.12.0,Free_feed,7,3.90,nan,0,LeftWithPellet,Left,5,6,0,0,nan,nan,0.13
1/7/2023 17:32:28,1.12.0,Free_feed,7,3.89,nan,0,LeftWithPellet,Left,6,6,0,0,nan,nan,0.43
1/7/2023 17:32:29,1.12.0,Free_feed,7,3.89,nan,0,LeftWithPellet,Left,7,6,0,0,nan,nan,0.21
1/7/2023 17:32:58,1.12.0,Free_feed,7,3.89,nan,0,RightWithPellet,Left,7,7,0,0,nan,nan,0.11
1/7/2023 17:33:02,1.12.0,Free_feed,7,3.90,nan,0,LeftWithPellet,Left,8,7,0,0,nan,nan,0.02
1/7/2023 17:33:05,1.12.0,Free_feed,7,3.90,nan,0,LeftWithPellet,Left,9,7,0,0,nan,nan,0.53
1/7/2023 17:33:32,1.12.0,Free_feed,7,3.90,nan,0,LeftWithPellet,Left,10,7,0,0,nan,nan,1.01
1/7/2023 17:34:11,1.12.0,Free_feed,7,3.90,nan,0,RightWithPellet,Left,10,8,0,0,nan,nan,1.06
1/7/2023 17:34:13,1.12.0,Free_feed,7,3.89,nan,0,RightWithPellet,Left,10,9,0,0,nan,nan,0.12
1/7/2023 17:42:10,1.12.0,Free_feed,7,3.90,nan,0,RightWithPellet,Left,10,10,0,0,nan,nan,0.81
1/7/2023 17:42:57,1.12.0,Free_feed,7,3.90,nan,0,LeftWithPellet,Left,11,10,0,0,nan,nan,0.04
1/7/2023 17:43:06,1.12.0,Free_feed,7,3.90,nan,0,RightWithPellet,Left,11,11,0,0,nan,nan,0.19
1/7/2023 17:44:35,1.12.0,Free_feed,7,3.89,nan,0,RightWithPellet,Left,11,12,0,0,nan,nan,0.15
1/7/2023 17:46:47,1.12.0,Free_feed,7,3.90,nan,0,LeftWithPellet,Left,12,12,0,0,nan,nan,0.43
1/7/2023 17:56:20,1.12.0,Free_feed,7,3.89,nan,0,RightWithPellet,Left,12,13,0,0,nan,nan,0.02
1/7/2023 17:58:24,1.12.0,Free_feed,7,3.89,nan,0,RightWithPellet,Left,12,14,0,0,nan,nan,0.05
1/7/2023 17:58:52,1.12.0,Free_feed,7,3.89,nan,0,RightWithPellet,Left,12,15,0,0,nan,nan,0.15
1/7/2023 17:58:56,1.12.0,Free_feed,7,3.89,nan,0,RightWithPellet,Left,12,16,0,0,nan,nan,0.15
1/7/2023 17:58:57,1.12.0,Free_feed,7,3.90,nan,0,RightWithPellet,Left,12,17,0,0,nan,nan,0.12
1/7/2023 17:59:03,1.12.0,Free_feed,7,3.89,nan,0,LeftWithPellet,Left,13,17,0,0,nan,nan,0.00
1/7/2023 17:59:35,1.12.0,Free_feed,7,3.89,nan,0,RightWithPellet,Left,13,18,0,0,nan,nan,0.16
1/7/2023 17:59:50,1.12.0,Free_feed,7,3.89,nan,0,LeftWithPellet,Left,14,18,0,0,nan,nan,0.39
1/7/2023 17:59:52,1.12.0,Free_feed,7,3.90,nan,0,RightWithPellet,Left,14,19,0,0,nan,nan,0.12
1/7/2023 18:12:35,1.12.0,Free_feed,7,3.89,nan,0,RightWithPellet,Left,14,20,0,0,nan,nan,0.18
1/7/2023 18:21:37,1.12.0,Free_feed,7,3.90,4,0,Pellet,Left,14,20,1,0,Timed_out,nan,nan
1/7/2023 18:22:59,1.12.0,Free_feed,7,3.89,2,0,Pellet,Left,14,20,2,0,Timed_out,82,nan
1/7/2023 18:23:00,1.12.0,Free_feed,7,3.90,1,0,Pellet,Left,14,20,3,0,0.06,1,nan
1/7/2023 18:23:24,1.12.0,Free_feed,7,3.89,2,0,Pellet,Left,14,20,4,0,17.82,24,nan
1/7/2023 18:23:25,1.12.0,Free_feed,7,3.90,1,0,Pellet,Left,14,20,5,0,0.06,1,nan
1/7/2023 18:24:04,1.12.0,Free_feed,7,3.89,2,0,Pellet,Left,14,20,6,0,32.27,39,nan
1/7/2023 18:24:29,1.12.0,Free_feed,7,3.89,1,0,Pellet,Left,14,20,7,0,18.29,25,nan
1/7/2023 18:24:30,1.12.0,Free_feed,7,3.89,1,0,Pellet,Left,14,20,8,0,0.06,0,nan
1/7/2023 18:24:50,1.12.0,Free_feed,7,3.89,1,0,Pellet,Left,14,20,9,0,13.64,21,nan
1/7/2023 18:24:51,1.12.0,Free_feed,7,3.90,1,0,Pellet,Left,14,20,10,0,0.13,1,nan
1/7/2023 18:24:57,1.12.0,Free_feed,7,3.89,1,0,Pellet,Left,14,20,11,0,0.06,6,nan
1/7/2023 18:27:44,1.12.0,Free_feed,7,3.89,nan,0,LeftWithPellet,Left,15,20,11,0,nan,nan,0.08
1/7/2023 18:27:49,1.12.0,Free_feed,7,3.90,nan,0,LeftWithPellet,Left,16,20,11,0,nan,nan,0.06
1/7/2023 18:29:47,1.12.0,Free_feed,7,3.89,1,0,Pellet,Left,16,20,12,0,Timed_out,289,nan
1/7/2023 18:43:31,1.12.0,Free_feed,7,3.89,1,0,Pellet,Left,16,20,13,0,Timed_out,825,nan
1/7/2023 18:43:54,1.12.0,Free_feed,7,3.89,nan,0,RightWithPellet,Left,16,21,13,0,nan,nan,0.09
1/7/2023 18:43:55,1.12.0,Free_feed,7,3.89,nan,0,RightWithPellet,Left,16,22,13,0,nan,nan,0.39
1/7/2023 18:44:08,1.12.0,Free_feed,7,3.89,2,0,Pellet,Left,16,22,14,0,28.48,37,nan
1/7/2023 18:45:40,1.12.0,Free_feed,7,3.89,1,0,Pellet,Left,16,22,15,0,Timed_out,92,nan
1/7/2023 18:48:14,1.12.0,Free_feed,7,3.89,1,0,Pellet,Left,16,22,16,0,Timed_out,154,nan
1/7/2023 19:07:30,1.12.0,Free_feed,7,3.89,1,0,Pellet,Left,16,22,17,0,Timed_out,1156,nan
1/7/2023 19:07:55,1.12.0,Free_feed,7,3.89,2,0,Pellet,Left,16,22,18,0,18.42,25,nan
1/7/2023 19:09:06,1.12.0,Free_feed,7,3.89,2,0,Pellet,Left,16,22,19,0,Timed_out,71,nan
1/7/2023 19:09:07,1.12.0,Free_feed,7,3.89,1,0,Pellet,Left,16,22,20,0,0.27,1,nan
1/7/2023 19:09:08,1.12.0,Free_feed,7,3.89,1,0,Pellet,Left,16,22,21,0,0.06,1,nan
1/7/2023 19:22:21,1.12.0,Free_feed,7,3.89,1,0,Pellet,Left,16,22,22,0,Timed_out,793,nan
1/7/2023 19:23:52,1.12.0,Free_feed,7,3.89,2,0,Pellet,Left,16,22,23,0,Timed_out,91,nan
1/7/2023 19:24:59,1.12.0,Free_feed,7,3.89,1,0,Pellet,Left,16,22,24,0,Timed_out,67,nan
1/7/2023 19:26:56,1.12.0,Free_feed,7,3.90,1,0,Pellet,Left,16,22,25,0,Timed_out,117,nan
1/7/2023 19:27:20,1.12.0,Free_feed,7,3.89,1,0,Pellet,Left,16,22,26,0,17.55,24,nan
1/7/2023 19:27:50,1.12.0,Free_feed,7,3.89,1,0,Pellet,Left,16,22,27,0,23.57,30,nan
1/7/2023 19:59:40,1.12.0,Free_feed,7,3.89,1,0,Pellet,Left,16,22,28,0,Timed_out,1910,nan
1/7/2023 19:59:44,1.12.0,Free_feed,7,3.89,1,0,Pellet,Left,16,22,29,0,0.06,4,nan
1/7/2023 20:00:14,1.12.0,Free_feed,7,3.89,1,0,Pellet,Left,16,22,30,0,23.02,30,nan
1/7/2023 20:04:00,1.12.0,Free_feed,7,3.89,1,0,Pellet,Left,16,22,31,0,Timed_out,225,nan
1/7/2023 20:10:42,1.12.0,Free_feed,7,3.89,2,0,Pellet,Left,16,22,32,0,Timed_out,403,nan
1/7/2023 20:11:24,1.12.0,Free_feed,7,3.89,1,0,Pellet,Left,16,22,33,0,34.81,42,nan
1/7/2023 20:13:57,1.12.0,Free_feed,7,3.89,1,0,Pellet,Left,16,22,34,0,Timed_out,153,nan
1/7/2023 20:14:38,1.12.0,Free_feed,7,3.88,1,0,Pellet,Left,16,22,35,0,34.45,40,nan
1/7/2023 20:15:10,1.12.0,Free_feed,7,3.89,nan,0,RightWithPellet,Left,16,23,35,0,nan,nan,0.15
1/7/2023 20:28:23,1.12.0,Free_feed,7,3.89,nan,0,LeftWithPellet,Left,17,23,35,0,nan,nan,0.12
1/7/2023 20:31:37,1.12.0,Free_feed,7,3.89,2,0,Pellet,Left,17,23,36,0,Timed_out,1020,nan
1/7/2023 20:59:27,1.12.0,Free_feed,7,3.89,1,0,Pellet,Left,17,23,37,0,Timed_out,1670,nan
1/7/2023 20:59:28,1.12.0,Free_feed,7,3.89,1,0,Pellet,Left,17,23,38,0,0.20,1,nan
1/7/2023 20:59:48,1.12.0,Free_feed,7,3.89,1,0,Pellet,Left,17,23,39,0,12.63,20,nan
1/7/2023 21:00:01,1.12.0,Free_feed,7,3.89,1,0,Pellet,Left,17,23,40,0,7.23,13,nan
1/7/2023 21:00:42,1.12.0,Free_feed,7,3.89,1,0,Pellet,Left,17,23,41,0,33.42,40,nan
1/7/2023 21:09:58,1.12.0,Free_feed,7,3.89,1,0,Pellet,Left,17,23,42,0,Timed_out,557,nan
1/7/2023 21:09:59,1.12.0,Free_feed,7,3.89,1,0,Pellet,Left,17,23,43,0,0.06,1,nan
1/7/2023 21:13:20,1.12.0,Free_feed,7,3.89,1,0,Pellet,Left,17,23,44,0,Timed_out,200,nan
1/7/2023 21:22:33,1.12.0,Free_feed,7,3.89,nan,0,LeftWithPellet,Left,18,23,44,0,nan,nan,0.04
1/7/2023 21:23:55,1.12.0,Free_feed,7,3.88,1,0,Pellet,Left,18,23,45,0,Timed_out,636,nan
1/7/2023 21:23:56,1.12.0,Free_feed,7,3.89,1,0,Pellet,Left,18,23,46,0,0.13,1,nan
1/7/2023 21:26:15,1.12.0,Free_feed,7,3.89,nan,0,LeftWithPellet,Left,19,23,46,0,nan,nan,0.07
1/7/2023 21:28:59,1.12.0,Free_feed,7,3.89,2,0,Pellet,Left,19,23,47,0,Timed_out,303,nan
1/7/2023 21:29:18,1.12.0,Free_feed,7,3.89,1,0,Pellet,Left,19,23,48,0,12.00,19,nan
1/7/2023 21:29:21,1.12.0,Free_feed,7,3.89,1,0,Pellet,Left,19,23,49,0,0.06,3,nan
1/7/2023 21:29:29,1.12.0,Free_feed,7,3.89,2,0,Pellet,Left,19,23,50,0,0.06,8,nan
1/7/2023 21:30:03,1.12.0,Free_feed,7,3.88,1,0,Pellet,Left,19,23,51,0,26.52,34,nan
1/7/2023 21:42:46,1.12.0,Free_feed,7,3.89,1,0,Pellet,Left,19,23,52,0,Timed_out,763,nan
1/7/2023 21:42:47,1.12.0,Free_feed,7,3.89,1,0,Pellet,Left,19,23,53,0,0.06,1,nan
1/7/2023 21:42:48,1.12.0,Free_feed,7,3.88,1,0,Pellet,Left,19,23,54,0,0.06,1,nan
1/7/2023 21:43:33,1.12.0,Free_feed,7,3.88,nan,0,LeftWithPellet,Left,20,23,54,0,nan,nan,0.17
1/7/2023 21:53:02,1.12.0,Free_feed,7,3.89,1,0,Pellet,Left,20,23,55,0,Timed_out,613,nan
1/7/2023 21:54:14,1.12.0,Free_feed,7,3.89,1,0,Pellet,Left,20,23,56,0,Timed_out,73,nan
1/7/2023 21:54:27,1.12.0,Free_feed,7,3.89,1,0,Pellet,Left,20,23,57,0,6.00,13,nan
1/7/2023 21:54:45,1.12.0,Free_feed,7,3.89,1,0,Pellet,Left,20,23,58,0,10.30,18,nan
1/7/2023 21:55:01,1.12.0,Free_feed,7,3.88,1,0,Pellet,Left,20,23,59,0,9.48,16,nan
1/7/2023 21:59:10,1.12.0,Free_feed,7,3.89,1,0,Pellet,Left,20,23,60,0,Timed_out,249,nan
1/7/2023 21:59:20,1.12.0,Free_feed,7,3.89,1,0,Pellet,Left,20,23,61,0,3.74,10,nan
1/7/2023 21:59:27,1.12.0,Free_feed,7,3.89,1,0,Pellet,Left,20,23,62,0,0.06,6,nan
1/7/2023 21:59:31,1.12.0,Free_feed,7,3.88,1,0,Pellet,Left,20,23,63,0,0.06,5,nan
1/7/2023 22:11:30,1.12.0,Free_feed,7,3.89,1,0,Pellet,Left,20,23,64,0,Timed_out,719,nan
1/7/2023 22:13:40,1.12.0,Free_feed,7,3.89,nan,0,RightWithPellet,Left,20,24,64,0,nan,nan,1.10
1/7/2023 22:16:44,1.12.0,Free_feed,7,3.89,1,0,Pellet,Left,20,24,65,0,Timed_out,314,nan
1/7/2023 22:16:56,1.12.0,Free_feed,7,3.89,1,0,Pellet,Left,20,24,66,0,5.04,11,nan
1/7/2023 22:20:32,1.12.0,Free_feed,7,3.88,1,0,Pellet,Left,20,24,67,0,Timed_out,217,nan
1/7/2023 22:20:40,1.12.0,Free_feed,7,3.89,1,0,Pellet,Left,20,24,68,0,0.06,7,nan
1/7/2023 22:29:52,1.12.0,Free_feed,7,3.88,nan,0,LeftWithPellet,Left,21,24,68,0,nan,nan,0.11
1/7/2023 22:29:55,1.12.0,Free_feed,7,3.88,1,0,Pellet,Left,21,24,69,0,Timed_out,556,nan
1/7/2023 22:39:09,1.12.0,Free_feed,7,3.89,1,0,Pellet,Left,21,24,70,0,Timed_out,554,nan
1/7/2023 22:39:11,1.12.0,Free_feed,7,3.89,1,0,Pellet,Left,21,24,71,0,0.95,2,nan
1/7/2023 22:39:22,1.12.0,Free_feed,7,3.88,2,0,Pellet,Left,21,24,72,0,3.81,10,nan
1/7/2023 22:40:26,1.12.0,Free_feed,7,3.88,1,0,Pellet,Left,21,24,73,0,57.64,65,nan
1/7/2023 22:45:29,1.12.0,Free_feed,7,3.88,1,0,Pellet,Left,21,24,74,0,Timed_out,303,nan
1/7/2023 22:45:30,1.12.0,Free_feed,7,3.89,1,0,Pellet,Left,21,24,75,0,0.06,1,nan
1/7/2023 22:51:25,1.12.0,Free_feed,7,3.88,1,0,Pellet,Left,21,24,76,0,Timed_out,355,nan
1/7/2023 22:51:40,1.12.0,Free_feed,7,3.88,1,0,Pellet,Left,21,24,77,0,8.66,15,nan
1/7/2023 22:54:55,1.12.0,Free_feed,7,3.88,nan,0,LeftWithPellet,Left,22,24,77,0,nan,nan,0.04
1/7/2023 22:58:32,1.12.0,Free_feed,7,3.89,1,0,Pellet,Left,22,24,78,0,Timed_out,412,nan
1/7/2023 22:58:44,1.12.0,Free_feed,7,3.88,1,0,Pellet,Left,22,24,79,0,5.04,12,nan
1/7/2023 23:03:06,1.12.0,Free_feed,7,3.88,1,0,Pellet,Left,22,24,80,0,Timed_out,262,nan
1/7/2023 23:03:13,1.12.0,Free_feed,7,3.88,1,0,Pellet,Left,22,24,81,0,0.06,7,nan
1/7/2023 23:03:25,1.12.0,Free_feed,7,3.88,nan,0,RightWithPellet,Left,22,25,81,0,nan,nan,0.07
1/7/2023 23:04:35,1.12.0,Free_feed,7,3.88,nan,0,LeftWithPellet,Left,23,25,81,0,nan,nan,0.08
1/7/2023 23:04:36,1.12.0,Free_feed,7,3.88,nan,0,LeftWithPellet,Left,24,25,81,0,nan,nan,0.34
1/7/2023 23:13:58,1.12.0,Free_feed,7,3.88,2,0,Pellet,Left,24,25,82,0,Timed_out,645,nan
1/7/2023 23:14:20,1.12.0,Free_feed,7,3.88,1,0,Pellet,Left,24,25,83,0,15.22,22,nan
1/7/2023 23:14:50,1.12.0,Free_feed,7,3.87,1,0,Pellet,Left,24,25,84,0,29.05,30,nan
1/7/2023 23:14:57,1.12.0,Free_feed,7,3.88,1,0,Pellet,Left,24,25,85,0,0.06,7,nan
1/7/2023 23:15:01,1.12.0,Free_feed,7,3.88,1,0,Pellet,Left,24,25,86,0,1.29,4,nan
1/7/2023 23:15:15,1.12.0,Free_feed,7,3.88,1,0,Pellet,Left,24,25,87,0,7.57,14,nan
1/7/2023 23:19:18,1.12.0,Free_feed,7,3.88,1,0,Pellet,Left,24,25,88,0,Timed_out,243,nan
1/7/2023 23:19:26,1.12.0,Free_feed,7,3.88,1,0,Pellet,Left,24,25,89,0,1.35,8,nan
1/7/2023 23:31:04,1.12.0,Free_feed,7,3.87,1,0,Pellet,Left,24,25,90,0,Timed_out,697,nan
1/7/2023 23:31:26,1.12.0,Free_feed,7,3.87,1,0,Pellet,Left,24,25,91,0,20.90,23,nan
1/7/2023 23:38:31,1.12.0,Free_feed,7,3.88,1,0,Pellet,Left,24,25,92,0,Timed_out,425,nan
1/7/2023 23:44:23,1.12.0,Free_feed,7,3.88,2,0,Pellet,Left,24,25,93,0,Timed_out,352,nan
1/7/2023 23:46:41,1.12.0,Free_feed,7,3.88,1,0,Pellet,Left,24,25,94,0,Timed_out,138,nan
1/7/2023 23:53:12,1.12.0,Free_feed,7,3.88,1,0,Pellet,Left,24,25,95,0,Timed_out,391,nan
1/7/2023 23:53:13,1.12.0,Free_feed,7,3.87,1,0,Pellet,Left,24,25,96,0,0.06,1,nan
1/7/2023 23:53:15,1.12.0,Free_feed,7,3.88,1,0,Pellet,Left,24,25,97,0,0.06,2,nan
1/7/2023 23:53:16,1.12.0,Free_feed,7,3.87,1,0,Pellet,Left,24,25,98,0,0.06,0,nan
1/8/2023 0:00:06,1.12.0,Free_feed,7,3.88,2,0,Pellet,Left,24,25,99,0,Timed_out,411,nan
1/8/2023 0:12:44,1.12.0,Free_feed,7,3.88,2,0,Pellet,Left,24,25,100,0,Timed_out,758,nan
1/8/2023 0:15:39,1.12.0,Free_feed,7,3.88,nan,0,LeftWithPellet,Left,25,25,100,0,nan,nan,0.13
1/8/2023 0:27:06,1.12.0,Free_feed,7,3.88,1,0,Pellet,Left,25,25,101,0,Timed_out,862,nan
1/8/2023 0:27:44,1.12.0,Free_feed,7,3.88,2,0,Pellet,Left,25,25,102,0,34.80,38,nan
1/8/2023 0:27:58,1.12.0,Free_feed,7,3.87,1,0,Pellet,Left,25,25,103,0,6.88,14,nan
1/8/2023 0:47:44,1.12.0,Free_feed,7,3.87,1,0,Pellet,Left,25,25,104,0,Timed_out,1186,nan
1/8/2023 0:49:46,1.12.0,Free_feed,7,3.87,1,0,Pellet,Left,25,25,105,0,Timed_out,122,nan
1/8/2023 0:49:48,1.12.0,Free_feed,7,3.87,1,0,Pellet,Left,25,25,106,0,0.40,2,nan
1/8/2023 0:56:43,1.12.0,Free_feed,7,3.87,1,0,Pellet,Left,25,25,107,0,Timed_out,415,nan
1/8/2023 0:56:50,1.12.0,Free_feed,7,3.87,1,0,Pellet,Left,25,25,108,0,0.06,7,nan
1/8/2023 1:06:38,1.12.0,Free_feed,7,3.87,1,0,Pellet,Left,25,25,109,0,Timed_out,588,nan
1/8/2023 1:10:11,1.12.0,Free_feed,7,3.87,1,0,Pellet,Left,25,25,110,0,Timed_out,212,nan
1/8/2023 1:10:21,1.12.0,Free_feed,7,3.88,1,0,Pellet,Left,25,25,111,0,4.22,11,nan
1/8/2023 1:11:14,1.12.0,Free_feed,7,3.87,nan,0,RightWithPellet,Left,25,26,111,0,nan,nan,0.16
1/8/2023 1:11:17,1.12.0,Free_feed,7,3.87,1,0,Pellet,Left,25,26,112,0,48.45,56,nan
1/8/2023 1:19:36,1.12.0,Free_feed,7,3.87,1,0,Pellet,Left,25,26,113,0,Timed_out,499,nan
1/8/2023 1:19:37,1.12.0,Free_feed,7,3.88,1,0,Pellet,Left,25,26,114,0,0.06,1,nan
1/8/2023 1:23:08,1.12.0,Free_feed,7,3.87,1,0,Pellet,Left,25,26,115,0,Timed_out,210,nan
1/8/2023 1:24:53,1.12.0,Free_feed,7,3.88,1,0,Pellet,Left,25,26,116,0,Timed_out,106,nan
1/8/2023 1:29:53,1.12.0,Free_feed,7,3.87,1,0,Pellet,Left,25,26,117,0,Timed_out,299,nan
1/8/2023 1:30:09,1.12.0,Free_feed,7,3.87,1,0,Pellet,Left,25,26,118,0,10.23,17,nan
1/8/2023 1:40:47,1.12.0,Free_feed,7,3.87,1,0,Pellet,Left,25,26,119,0,Timed_out,637,nan
1/8/2023 1:42:04,1.12.0,Free_feed,7,3.87,nan,0,RightWithPellet,Left,25,27,119,0,nan,nan,0.70
1/8/2023 1:42:35,1.12.0,Free_feed,7,3.87,nan,0,LeftWithPellet,Left,26,27,119,0,nan,nan,0.31
1/8/2023 1:42:38,1.12.0,Free_feed,7,3.87,nan,0,RightWithPellet,Left,26,28,119,0,nan,nan,0.23
1/8/2023 1:42:40,1.12.0,Free_feed,7,3.87,nan,0,LeftWithPellet,Left,27,28,119,0,nan,nan,0.14
1/8/2023 1:42:48,1.12.0,Free_feed,7,3.87,nan,0,RightWithPellet,Left,27,29,119,0,nan,nan,0.29
1/8/2023 1:46:08,1.12.0,Free_feed,7,3.88,1,0,Pellet,Left,27,29,120,0,Timed_out,322,nan
1/8/2023 1:46:33,1.12.0,Free_feed,7,3.87,1,0,Pellet,Left,27,29,121,0,18.37,25,nan
1/8/2023 1:50:18,1.12.0,Free_feed,7,3.87,1,0,Pellet,Left,27,29,122,0,Timed_out,225,nan
1/8/2023 1:50:27,1.12.0,Free_feed,7,3.87,1,0,Pellet,Left,27,29,123,0,1.70,9,nan
1/8/2023 1:56:52,1.12.0,Free_feed,7,3.87,1,0,Pellet,Left,27,29,124,0,Timed_out,385,nan
1/8/2023 1:57:06,1.12.0,Free_feed,7,3.87,nan,0,LeftWithPellet,Left,28,29,124,0,nan,nan,0.35
1/8/2023 2:07:42,1.12.0,Free_feed,7,3.87,1,0,Pellet,Left,28,29,125,0,Timed_out,650,nan
1/8/2023 2:09:34,1.12.0,Free_feed,7,3.87,1,0,Pellet,Left,28,29,126,0,Timed_out,112,nan
1/8/2023 2:13:31,1.12.0,Free_feed,7,3.87,1,0,Pellet,Left,28,29,127,0,Timed_out,237,nan
1/8/2023 2:15:14,1.12.0,Free_feed,7,3.87,1,0,Pellet,Left,28,29,128,0,Timed_out,103,nan
1/8/2023 2:20:11,1.12.0,Free_feed,7,3.87,1,0,Pellet,Left,28,29,129,0,Timed_out,297,nan
1/8/2023 2:22:30,1.12.0,Free_feed,7,3.87,1,0,Pellet,Left,28,29,130,0,Timed_out,139,nan
1/8/2023 2:24:21,1.12.0,Free_feed,7,3.87,nan,0,RightWithPellet,Left,28,30,130,0,nan,nan,0.00
1/8/2023 2:34:38,1.12.0,Free_feed,7,3.87,1,0,Pellet,Left,28,30,131,0,Timed_out,728,nan
1/8/2023 2:35:02,1.12.0,Free_feed,7,3.87,1,0,Pellet,Left,28,30,132,0,17.00,24,nan
1/8/2023 2:41:25,1.12.0,Free_feed,7,3.87,1,0,Pellet,Left,28,30,133,0,Timed_out,382,nan
1/8/2023 2:41:36,1.12.0,Free_feed,7,3.87,1,0,Pellet,Left,28,30,134,0,9.55,11,nan
1/8/2023 2:42:17,1.12.0,Free_feed,7,3.87,1,0,Pellet,Left,28,30,135,0,34.33,42,nan
1/8/2023 2:44:08,1.12.0,Free_feed,7,3.87,1,0,Pellet,Left,28,30,136,0,Timed_out,110,nan
1/8/2023 2:44:30,1.12.0,Free_feed,7,3.87,nan,0,RightWithPellet,Left,28,31,136,0,nan,nan,0.13
1/8/2023 2:47:40,1.12.0,Free_feed,7,3.87,1,0,Pellet,Left,28,31,137,0,Timed_out,213,nan
1/8/2023 2:48:03,1.12.0,Free_feed,7,3.87,1,0,Pellet,Left,28,31,138,0,16.39,23,nan
1/8/2023 2:55:33,1.12.0,Free_feed,7,3.87,1,0,Pellet,Left,28,31,139,0,Timed_out,450,nan
1/8/2023 3:02:08,1.12.0,Free_feed,7,3.87,1,0,Pellet,Left,28,31,140,0,Timed_out,395,nan
1/8/2023 3:06:47,1.12.0,Free_feed,7,3.87,1,0,Pellet,Left,28,31,141,0,Timed_out,279,nan
1/8/2023 3:10:40,1.12.0,Free_feed,7,3.87,1,0,Pellet,Left,28,31,142,0,Timed_out,233,nan
1/8/2023 3:16:22,1.12.0,Free_feed,7,3.87,1,0,Pellet,Left,28,31,143,0,Timed_out,342,nan
1/8/2023 3:22:37,1.12.0,Free_feed,7,3.87,1,0,Pellet,Left,28,31,144,0,Timed_out,375,nan
1/8/2023 3:22:38,1.12.0,Free_feed,7,3.87,1,0,Pellet,Left,28,31,145,0,0.06,1,nan
1/8/2023 3:22:48,1.12.0,Free_feed,7,3.87,1,0,Pellet,Left,28,31,146,0,3.61,10,nan
1/8/2023 3:26:44,1.12.0,Free_feed,7,3.87,1,0,Pellet,Left,28,31,147,0,Timed_out,236,nan
1/8/2023 3:27:07,1.12.0,Free_feed,7,3.87,1,0,Pellet,Left,28,31,148,0,16.39,23,nan
1/8/2023 3:27:59,1.12.0,Free_feed,7,3.87,nan,0,RightWithPellet,Left,28,32,148,0,nan,nan,0.36
1/8/2023 3:39:08,1.12.0,Free_feed,7,3.87,1,0,Pellet,Left,28,32,149,0,Timed_out,721,nan
1/8/2023 3:40:00,1.12.0,Free_feed,7,3.87,1,0,Pellet,Left,28,32,150,0,45.23,52,nan
1/8/2023 3:47:24,1.12.0,Free_feed,7,3.87,1,0,Pellet,Left,28,32,151,0,Timed_out,444,nan
1/8/2023 3:47:27,1.12.0,Free_feed,7,3.87,1,0,Pellet,Left,28,32,152,0,0.13,3,nan
1/8/2023 3:54:29,1.12.0,Free_feed,7,3.87,1,0,Pellet,Left,28,32,153,0,Timed_out,422,nan
1/8/2023 3:55:35,1.12.0,Free_feed,7,3.87,1,0,Pellet,Left,28,32,154,0,59.48,66,nan
1/8/2023 3:55:48,1.12.0,Free_feed,7,3.87,1,0,Pellet,Left,28,32,155,0,11.19,13,nan
1/8/2023 3:58:26,1.12.0,Free_feed,7,3.87,nan,0,RightWithPellet,Left,28,33,155,0,nan,nan,0.36
1/8/2023 3:58:27,1.12.0,Free_feed,7,3.87,nan,0,RightWithPellet,Left,28,34,155,0,nan,nan,0.11
1/8/2023 4:02:29,1.12.0,Free_feed,7,3.87,1,0,Pellet,Left,28,34,156,0,Timed_out,401,nan
1/8/2023 4:03:24,1.12.0,Free_feed,7,3.87,1,0,Pellet,Left,28,34,157,0,48.04,55,nan
1/8/2023 4:05:39,1.12.0,Free_feed,7,3.87,nan,0,RightWithPellet,Left,28,35,157,0,nan,nan,0.26
1/8/2023 4:14:03,1.12.0,Free_feed,7,3.87,1,0,Pellet,Left,28,35,158,0,Timed_out,639,nan
1/8/2023 4:14:20,1.12.0,Free_feed,7,3.87,1,0,Pellet,Left,28,35,159,0,10.84,17,nan
1/8/2023 4:20:58,1.12.0,Free_feed,7,3.86,1,0,Pellet,Left,28,35,160,0,Timed_out,398,nan
1/8/2023 4:21:20,1.12.0,Free_feed,7,3.87,1,0,Pellet,Left,28,35,161,0,16.32,22,nan
1/8/2023 4:21:36,1.12.0,Free_feed,7,3.87,1,0,Pellet,Left,28,35,162,0,9.00,16,nan
1/8/2023 4:21:45,1.12.0,Free_feed,7,3.86,2,0,Pellet,Left,28,35,163,0,0.06,9,nan
1/8/2023 4:21:50,1.12.0,Free_feed,7,3.87,1,0,Pellet,Left,28,35,164,0,0.13,4,nan
1/8/2023 4:25:09,1.12.0,Free_feed,7,3.87,1,0,Pellet,Left,28,35,165,0,Timed_out,200,nan
1/8/2023 4:29:00,1.12.0,Free_feed,7,3.87,nan,0,RightWithPellet,Left,28,36,165,0,nan,nan,0.06
1/8/2023 4:30:51,1.12.0,Free_feed,7,3.87,1,0,Pellet,Left,28,36,166,0,Timed_out,341,nan
1/8/2023 4:30:57,1.12.0,Free_feed,7,3.86,1,0,Pellet,Left,28,36,167,0,0.74,7,nan
1/8/2023 4:36:06,1.12.0,Free_feed,7,3.87,1,0,Pellet,Left,28,36,168,0,Timed_out,309,nan
1/8/2023 4:36:07,1.12.0,Free_feed,7,3.87,1,0,Pellet,Left,28,36,169,0,0.06,1,nan
1/8/2023 4:36:14,1.12.0,Free_feed,7,3.86,1,0,Pellet,Left,28,36,170,0,0.06,7,nan
1/8/2023 4:40:37,1.12.0,Free_feed,7,3.86,1,0,Pellet,Left,28,36,171,0,Timed_out,263,nan
1/8/2023 4:41:33,1.12.0,Free_feed,7,3.86,1,0,Pellet,Left,28,36,172,0,49.03,56,nan
1/8/2023 4:50:01,1.12.0,Free_feed,7,3.86,2,0,Pellet,Left,28,36,173,0,Timed_out,508,nan
1/8/2023 4:50:21,1.12.0,Free_feed,7,3.86,2,0,Pellet,Left,28,36,174,0,10.37,20,nan
1/8/2023 5:02:17,1.12.0,Free_feed,7,3.87,1,0,Pellet,Left,28,36,175,0,Timed_out,716,nan
1/8/2023 5:02:26,1.12.0,Free_feed,7,3.86,1,0,Pellet,Left,28,36,176,0,7.77,9,nan
1/8/2023 5:02:27,1.12.0,Free_feed,7,3.86,1,0,Pellet,Left,28,36,177,0,0.06,1,nan
1/8/2023 5:03:03,1.12.0,Free_feed,7,3.86,1,0,Pellet,Left,28,36,178,0,28.44,36,nan
1/8/2023 5:09:53,1.12.0,Free_feed,7,3.87,1,0,Pellet,Left,28,36,179,0,Timed_out,410,nan
1/8/2023 5:09:54,1.12.0,Free_feed,7,3.87,1,0,Pellet,Left,28,36,180,0,0.13,1,nan
1/8/2023 5:21:19,1.12.0,Free_feed,7,3.86,1,0,Pellet,Left,28,36,181,0,Timed_out,684,nan
1/8/2023 5:21:47,1.12.0,Free_feed,7,3.85,1,0,Pellet,Left,28,36,182,0,25.91,28,nan
1/8/2023 5:30:02,1.12.0,Free_feed,7,3.86,1,0,Pellet,Left,28,36,183,0,Timed_out,496,nan
1/8/2023 5:30:03,1.12.0,Free_feed,7,3.86,1,0,Pellet,Left,28,36,184,0,0.06,1,nan
1/8/2023 5:47:44,1.12.0,Free_feed,7,3.87,1,0,Pellet,Left,28,36,185,0,Timed_out,1061,nan
1/8/2023 5:51:30,1.12.0,Free_feed,7,3.87,2,0,Pellet,Left,28,36,186,0,Timed_out,226,nan
1/8/2023 6:01:45,1.12.0,Free_feed,7,3.87,1,0,Pellet,Left,28,36,187,0,Timed_out,615,nan
1/8/2023 6:02:12,1.12.0,Free_feed,7,3.86,2,0,Pellet,Left,28,36,188,0,17.34,27,nan
1/8/2023 6:03:19,1.12.0,Free_feed,7,3.86,nan,0,RightWithPellet,Left,28,37,188,0,nan,nan,0.15
1/8/2023 6:04:19,1.12.0,Free_feed,7,3.86,1,0,Pellet,Left,28,37,189,0,Timed_out,127,nan
1/8/2023 6:05:01,1.12.0,Free_feed,7,3.86,1,0,Pellet,Left,28,37,190,0,40.30,42,nan
1/8/2023 6:07:41,1.12.0,Free_feed,7,3.86,1,0,Pellet,Left,28,37,191,0,Timed_out,160,nan
1/8/2023 6:07:55,1.12.0,Free_feed,7,3.86,1,0,Pellet,Left,28,37,192,0,6.06,13,nan
1/8/2023 6:08:12,1.12.0,Free_feed,7,3.86,1,0,Pellet,Left,28,37,193,0,10.58,18,nan
1/8/2023 6:08:26,1.12.0,Free_feed,7,3.86,1,0,Pellet,Left,28,37,194,0,7.84,14,nan
1/8/2023 6:08:46,1.12.0,Free_feed,7,3.86,nan,0,RightWithPellet,Left,28,38,194,0,nan,nan,0.22
1/8/2023 6:08:51,1.12.0,Free_feed,7,3.85,nan,0,RightWithPellet,Left,28,39,194,0,nan,nan,0.22
1/8/2023 6:11:37,1.12.0,Free_feed,7,3.86,1,0,Pellet,Left,28,39,195,0,Timed_out,191,nan
1/8/2023 6:22:53,1.12.0,Free_feed,7,3.86,1,0,Pellet,Left,28,39,196,0,Timed_out,676,nan
1/8/2023 6:22:54,1.12.0,Free_feed,7,3.86,1,0,Pellet,Left,28,39,197,0,0.06,1,nan
1/8/2023 6:22:57,1.12.0,Free_feed,7,3.85,1,0,Pellet,Left,28,39,198,0,0.13,3,nan
1/8/2023 6:23:03,1.12.0,Free_feed,7,3.86,1,0,Pellet,Left,28,39,199,0,0.27,6,nan
1/8/2023 6:24:29,1.12.0,Free_feed,7,3.86,1,0,Pellet,Left,28,39,200,0,Timed_out,86,nan
1/8/2023 6:24:54,1.12.0,Free_feed,7,3.86,1,0,Pellet,Left,28,39,201,0,18.37,25,nan
1/8/2023 6:31:25,1.12.0,Free_feed,7,3.86,1,0,Pellet,Left,28,39,202,0,Timed_out,391,nan
1/8/2023 6:33:25,1.12.0,Free_feed,7,3.86,nan,0,RightWithPellet,Left,28,40,202,0,nan,nan,0.03
1/8/2023 6:33:55,1.12.0,Free_feed,7,3.85,1,0,Pellet,Left,28,40,203,0,Timed_out,149,nan
1/8/2023 6:34:11,1.12.0,Free_feed,7,3.86,nan,0,LeftWithPellet,Left,29,40,203,0,nan,nan,0.01
1/8/2023 6:45:07,1.12.0,Free_feed,7,3.86,1,0,Pellet,Left,29,40,204,0,Timed_out,673,nan
1/8/2023 6:45:23,1.12.0,Free_feed,7,3.86,1,0,Pellet,Left,29,40,205,0,9.28,16,nan
1/8/2023 6:45:33,1.12.0,Free_feed,7,3.86,1,0,Pellet,Left,29,40,206,0,3.06,10,nan
1/8/2023 6:45:44,1.12.0,Free_feed,7,3.86,1,0,Pellet,Left,29,40,207,0,4.29,11,nan
1/8/2023 6:45:56,1.12.0,Free_feed,7,3.86,1,0,Pellet,Left,29,40,208,0,5.25,12,nan
1/8/2023 6:46:17,1.12.0,Free_feed,7,3.86,nan,0,LeftWithPellet,Left,30,40,208,0,nan,nan,0.00
1/8/2023 7:04:34,1.12.0,Free_feed,7,3.86,2,0,Pellet,Left,30,40,209,0,Timed_out,1118,nan
1/8/2023 7:04:48,1.12.0,Free_feed,7,3.85,1,0,Pellet,Left,30,40,210,0,7.64,14,nan
1/8/2023 7:04:57,1.12.0,Free_feed,7,3.86,1,0,Pellet,Left,30,40,211,0,2.45,9,nan
1/8/2023 7:05:10,1.12.0,Free_feed,7,3.85,2,0,Pellet,Left,30,40,212,0,4.49,13,nan
1/8/2023 7:12:40,1.12.0,Free_feed,7,3.86,1,0,Pellet,Left,30,40,213,0,Timed_out,450,nan
1/8/2023 7:21:43,1.12.0,Free_feed,7,3.86,1,0,Pellet,Left,30,40,214,0,Timed_out,543,nan
1/8/2023 7:21:50,1.12.0,Free_feed,7,3.86,1,0,Pellet,Left,30,40,215,0,0.06,7,nan
1/8/2023 7:21:55,1.12.0,Free_feed,7,3.86,1,0,Pellet,Left,30,40,216,0,0.47,5,nan
1/8/2023 7:22:27,1.12.0,Free_feed,7,3.86,1,0,Pellet,Left,30,40,217,0,30.36,32,nan
1/8/2023 7:22:42,1.12.0,Free_feed,7,3.85,1,0,Pellet,Left,30,40,218,0,8.39,15,nan
1/8/2023 7:40:23,1.12.0,Free_feed,7,3.86,1,0,Pellet,Left,30,40,219,0,Timed_out,1061,nan
1/8/2023 7:40:33,1.12.0,Free_feed,7,3.85,1,0,Pellet,Left,30,40,220,0,3.61,9,nan
1/8/2023 7:40:44,1.12.0,Free_feed,7,3.85,1,0,Pellet,Left,30,40,221,0,4.77,12,nan
1/8/2023 9:50:48,1.12.0,Free_feed,7,3.85,1,0,Pellet,Left,30,40,222,0,Timed_out,7804,nan
1/8/2023 9:50:54,1.12.0,Free_feed,7,3.85,1,0,Pellet,Left,30,40,223,0,0.47,6,nan
1/8/2023 9:51:32,1.12.0,Free_feed,7,3.85,2,0,Pellet,Left,30,40,224,0,28.04,37,nan
1/8/2023 9:51:44,1.12.0,Free_feed,7,3.85,1,0,Pellet,Left,30,40,225,0,5.04,12,nan
1/8/2023 9:51:45,1.12.0,Free_feed,7,3.85,1,0,Pellet,Left,30,40,226,0,0.27,2,nan
1/8/2023 9:54:18,1.12.0,Free_feed,7,3.85,1,0,Pellet,Left,30,40,227,0,Timed_out,152,nan
1/8/2023 9:54:23,1.12.0,Free_feed,7,3.85,1,0,Pellet,Left,30,40,228,0,4.57,6,nan
1/8/2023 9:54:24,1.12.0,Free_feed,7,3.85,1,0,Pellet,Left,30,40,229,0,0.13,1,nan
1/8/2023 9:54:42,1.12.0,Free_feed,7,3.85,1,0,Pellet,Left,30,40,230,0,16.67,18,nan
1/8/2023 9:55:36,1.12.0,Free_feed,7,3.85,1,0,Pellet,Left,30,40,231,0,48.12,54,nan
1/8/2023 9:55:58,1.12.0,Free_feed,7,3.85,1,0,Pellet,Left,30,40,232,0,15.37,22,nan
1/8/2023 9:56:07,1.12.0,Free_feed,7,3.85,2,0,Pellet,Left,30,40,233,0,0.06,9,nan
1/8/2023 10:00:15,1.12.0,Free_feed,7,3.85,1,0,Pellet,Left,30,40,234,0,Timed_out,248,nan
