MM:DD:YYYY hh:mm:ss,Library_Version,Session_type,Device_Number,Battery_Voltage,Motor_Turns,FR,Event,Active_Poke,Left_Poke_Count,Right_Poke_Count,Pellet_Count,Block_Pellet_Count,Retrieval_Time,InterPelletInterval,Poke_Time
11/1/2021 14:17:10,1.8.3,Free_feed,6,4.14,3,1,Pellet,Left,0,0,1,0,Timed_out,nan,nan
11/1/2021 14:21:38,1.8.3,Free_feed,6,4.14,2,1,Pellet,Left,0,0,2,0,Timed_out,268,nan
11/1/2021 14:23:16,1.8.3,Free_feed,6,4.14,2,1,Pellet,Left,0,0,3,0,Timed_out,98,nan
11/1/2021 14:23:45,1.8.3,Free_feed,6,4.14,1,1,Pellet,Left,0,0,4,0,21.38,29,nan
11/1/2021 14:24:06,1.8.3,Free_feed,6,4.14,1,1,Pellet,Left,0,0,5,0,13.60,21,nan
11/1/2021 14:29:22,1.8.3,Free_feed,6,4.14,1,1,Pellet,Left,0,0,6,0,Timed_out,316,nan
11/1/2021 14:30:09,1.8.3,Free_feed,6,4.14,1,1,Pellet,Left,0,0,7,0,39.41,47,nan
11/1/2021 14:30:10,1.8.3,Free_feed,6,4.14,1,1,Pellet,Left,0,0,8,0,0.06,1,nan
11/1/2021 14:30:14,1.8.3,Free_feed,6,4.14,2,1,Pellet,Left,0,0,9,0,1.21,4,nan
11/1/2021 15:07:20,1.8.3,Free_feed,6,4.13,1,1,Pellet,Left,0,0,10,0,Timed_out,2226,nan
11/1/2021 15:31:43,1.8.3,Free_feed,6,4.14,3,1,Pellet,Left,0,0,11,0,Timed_out,1463,nan
11/1/2021 15:32:34,1.8.3,Free_feed,6,4.14,2,1,Pellet,Left,0,0,12,0,43.36,51,nan
11/1/2021 15:36:10,1.8.3,Free_feed,6,4.14,2,1,Pellet,Left,0,0,13,0,Timed_out,216,nan
11/1/2021 15:36:27,1.8.3,Free_feed,6,4.14,1,1,Pellet,Left,0,0,14,0,10.61,17,nan
11/1/2021 15:48:01,1.8.3,Free_feed,6,4.13,1,1,Pellet,Left,0,0,15,0,Timed_out,694,nan
11/1/2021 15:49:07,1.8.3,Free_feed,6,4.13,1,1,Pellet,Left,0,0,16,0,59.29,66,nan
11/1/2021 15:50:18,1.8.3,Free_feed,6,4.14,1,1,Pellet,Left,0,0,17,0,Timed_out,71,nan
11/1/2021 16:14:05,1.8.3,Free_feed,6,4.13,1,1,Pellet,Left,0,0,18,0,Timed_out,1427,nan
11/1/2021 16:14:44,1.8.3,Free_feed,6,4.14,1,1,Pellet,Left,0,0,19,0,37.08,39,nan
11/1/2021 16:17:01,1.8.3,Free_feed,6,4.13,1,1,Pellet,Left,0,0,20,0,Timed_out,137,nan
11/1/2021 16:18:01,1.8.3,Free_feed,6,4.13,1,1,Pellet,Left,0,0,21,0,51.97,60,nan
11/1/2021 16:18:02,1.8.3,Free_feed,6,4.13,1,1,Pellet,Left,0,0,22,0,0.06,1,nan
11/1/2021 16:18:44,1.8.3,Free_feed,6,4.13,1,1,Pellet,Left,0,0,23,0,35.53,42,nan
11/1/2021 16:18:46,1.8.3,Free_feed,6,4.14,1,1,Pellet,Left,0,0,24,0,0.06,2,nan
11/1/2021 16:24:43,1.8.3,Free_feed,6,4.12,1,1,Pellet,Left,0,0,25,0,Timed_out,356,nan
11/1/2021 16:24:44,1.8.3,Free_feed,6,4.13,1,1,Pellet,Left,0,0,26,0,0.06,2,nan
11/1/2021 16:24:55,1.8.3,Free_feed,6,4.12,1,1,Pellet,Left,0,0,27,0,3.80,11,nan
11/1/2021 16:24:56,1.8.3,Free_feed,6,4.12,1,1,Pellet,Left,0,0,28,0,0.20,1,nan
11/1/2021 16:30:48,1.8.3,Free_feed,6,4.13,1,1,Pellet,Left,0,0,29,0,Timed_out,352,nan
11/1/2021 16:31:08,1.8.3,Free_feed,6,4.12,1,1,Pellet,Left,0,0,30,0,11.77,20,nan
11/1/2021 16:33:08,1.8.3,Free_feed,6,4.13,2,1,Pellet,Left,0,0,31,0,Timed_out,120,nan
11/1/2021 16:45:36,1.8.3,Free_feed,6,4.13,1,1,Pellet,Left,0,0,32,0,Timed_out,748,nan
11/1/2021 17:11:59,1.8.3,Free_feed,6,4.12,1,1,Pellet,Left,0,0,33,0,Timed_out,1583,nan
11/1/2021 17:37:14,1.8.3,Free_feed,6,4.12,1,1,Pellet,Left,0,0,34,0,Timed_out,1515,nan
11/1/2021 17:37:56,1.8.3,Free_feed,6,4.12,1,1,Pellet,Left,0,0,35,0,34.63,42,nan
11/1/2021 17:43:32,1.8.3,Free_feed,6,4.12,1,1,Pellet,Left,0,0,36,0,Timed_out,336,nan
11/1/2021 17:43:47,1.8.3,Free_feed,6,4.12,1,1,Pellet,Left,0,0,37,0,7.48,15,nan
11/1/2021 17:44:08,1.8.3,Free_feed,6,4.12,1,1,Pellet,Left,0,0,38,0,14.15,21,nan
11/1/2021 17:44:24,1.8.3,Free_feed,6,4.12,1,1,Pellet,Left,0,0,39,0,8.97,16,nan
11/1/2021 17:44:43,1.8.3,Free_feed,6,4.12,1,1,Pellet,Left,0,0,40,0,11.70,19,nan
11/1/2021 17:45:12,1.8.3,Free_feed,6,4.12,1,1,Pellet,Left,0,0,41,0,21.65,29,nan
11/1/2021 17:50:09,1.8.3,Free_feed,6,4.13,1,1,Pellet,Left,0,0,42,0,Timed_out,297,nan
11/1/2021 18:03:37,1.8.3,Free_feed,6,4.12,1,1,Pellet,Left,0,0,43,0,Timed_out,808,nan
11/1/2021 18:03:52,1.8.3,Free_feed,6,4.12,1,1,Pellet,Left,0,0,44,0,7.41,15,nan
11/1/2021 18:03:54,1.8.3,Free_feed,6,4.12,1,1,Pellet,Left,0,0,45,0,0.06,2,nan
11/1/2021 18:04:07,1.8.3,Free_feed,6,4.12,1,1,Pellet,Left,0,0,46,0,5.78,13,nan
11/1/2021 18:04:32,1.8.3,Free_feed,6,4.12,1,1,Pellet,Left,0,0,47,0,17.84,25,nan
11/1/2021 18:05:29,1.8.3,Free_feed,6,4.12,1,1,Pellet,Left,0,0,48,0,50.54,57,nan
11/1/2021 18:38:12,1.8.3,Free_feed,6,4.12,1,1,Pellet,Left,0,0,49,0,Timed_out,1963,nan
11/1/2021 18:46:14,1.8.3,Free_feed,6,4.12,1,1,Pellet,Left,0,0,50,0,Timed_out,482,nan
11/1/2021 18:46:42,1.8.3,Free_feed,6,4.12,1,1,Pellet,Left,0,0,51,0,20.84,28,nan
11/1/2021 18:46:56,1.8.3,Free_feed,6,4.12,1,1,Pellet,Left,0,0,52,0,6.32,14,nan
11/1/2021 18:47:28,1.8.3,Free_feed,6,4.12,1,1,Pellet,Left,0,0,53,0,25.21,32,nan
11/1/2021 18:53:08,1.8.3,Free_feed,6,4.12,1,1,Pellet,Left,0,0,54,0,Timed_out,340,nan
11/1/2021 18:53:35,1.8.3,Free_feed,6,4.12,1,1,Pellet,Left,0,0,55,0,19.00,27,nan
11/1/2021 18:53:52,1.8.3,Free_feed,6,4.12,1,1,Pellet,Left,0,0,56,0,10.89,17,nan
11/1/2021 18:59:00,1.8.3,Free_feed,6,4.12,1,1,Pellet,Left,0,0,57,0,Timed_out,308,nan
11/1/2021 19:11:05,1.8.3,Free_feed,6,4.12,1,1,Pellet,Left,0,0,58,0,Timed_out,725,nan
11/1/2021 19:11:21,1.8.3,Free_feed,6,4.12,2,1,Pellet,Left,0,0,59,0,8.56,16,nan
11/1/2021 19:11:44,1.8.3,Free_feed,6,4.12,1,1,Pellet,Left,0,0,60,0,15.24,23,nan
11/1/2021 19:11:45,1.8.3,Free_feed,6,4.12,1,1,Pellet,Left,0,0,61,0,0.06,1,nan
11/1/2021 19:12:00,1.8.3,Free_feed,6,4.12,2,1,Pellet,Left,0,0,62,0,4.82,14,nan
11/1/2021 19:12:01,1.8.3,Free_feed,6,4.12,1,1,Pellet,Left,0,0,63,0,0.40,2,nan
11/1/2021 19:12:15,1.8.3,Free_feed,6,4.12,1,1,Pellet,Left,0,0,64,0,6.80,14,nan
11/1/2021 19:12:31,1.8.3,Free_feed,6,4.12,2,1,Pellet,Left,0,0,65,0,12.24,16,nan
11/1/2021 19:12:49,1.8.3,Free_feed,6,4.12,1,1,Pellet,Left,0,0,66,0,10.41,18,nan
11/1/2021 19:13:03,1.8.3,Free_feed,6,4.12,1,1,Pellet,Left,0,0,67,0,6.80,14,nan
11/1/2021 19:13:27,1.8.3,Free_feed,6,4.12,1,1,Pellet,Left,0,0,68,0,16.33,24,nan
11/1/2021 19:13:41,1.8.3,Free_feed,6,4.12,1,1,Pellet,Left,0,0,69,0,6.66,14,nan
11/1/2021 19:13:43,1.8.3,Free_feed,6,4.12,1,1,Pellet,Left,0,0,70,0,0.06,2,nan
11/1/2021 19:45:42,1.8.3,Free_feed,6,4.12,1,1,Pellet,Left,0,0,71,0,Timed_out,1919,nan
11/1/2021 19:58:28,1.8.3,Free_feed,6,4.12,2,1,Pellet,Left,0,0,72,0,Timed_out,766,nan
11/1/2021 19:58:29,1.8.3,Free_feed,6,4.12,1,1,Pellet,Left,0,0,73,0,0.06,1,nan
11/1/2021 20:02:05,1.8.3,Free_feed,6,4.12,1,1,Pellet,Left,0,0,74,0,Timed_out,216,nan
11/1/2021 20:11:55,1.8.3,Free_feed,6,4.12,1,1,Pellet,Left,0,0,75,0,Timed_out,590,nan
11/1/2021 20:17:38,1.8.3,Free_feed,6,4.11,1,1,Pellet,Left,0,0,76,0,Timed_out,343,nan
11/1/2021 20:18:01,1.8.3,Free_feed,6,4.12,1,1,Pellet,Left,0,0,77,0,15.11,23,nan
11/1/2021 20:18:21,1.8.3,Free_feed,6,4.11,1,1,Pellet,Left,0,0,78,0,12.72,20,nan
11/1/2021 20:18:38,1.8.3,Free_feed,6,4.11,1,1,Pellet,Left,0,0,79,0,9.66,16,nan
11/1/2021 20:18:58,1.8.3,Free_feed,6,4.12,1,1,Pellet,Left,0,0,80,0,12.65,20,nan
11/1/2021 20:18:59,1.8.3,Free_feed,6,4.11,1,1,Pellet,Left,0,0,81,0,0.06,2,nan
11/1/2021 20:19:23,1.8.3,Free_feed,6,4.11,1,1,Pellet,Left,0,0,82,0,16.68,23,nan
11/1/2021 20:28:01,1.8.3,Free_feed,6,4.11,2,1,Pellet,Left,0,0,83,0,Timed_out,519,nan
11/1/2021 20:28:19,1.8.3,Free_feed,6,4.11,1,1,Pellet,Left,0,0,84,0,11.09,18,nan
11/1/2021 20:44:17,1.8.3,Free_feed,6,4.11,2,1,Pellet,Left,0,0,85,0,Timed_out,958,nan
11/1/2021 20:44:45,1.8.3,Free_feed,6,4.12,1,1,Pellet,Left,0,0,86,0,21.05,28,nan
11/1/2021 20:45:05,1.8.3,Free_feed,6,4.12,1,1,Pellet,Left,0,0,87,0,12.72,20,nan
11/1/2021 21:06:35,1.8.3,Free_feed,6,4.11,1,1,Pellet,Left,0,0,88,0,Timed_out,1290,nan
11/1/2021 21:06:36,1.8.3,Free_feed,6,4.12,1,1,Pellet,Left,0,0,89,0,0.06,1,nan
11/1/2021 21:11:01,1.8.3,Free_feed,6,4.11,1,1,Pellet,Left,0,0,90,0,Timed_out,265,nan
11/1/2021 21:11:02,1.8.3,Free_feed,6,4.12,1,1,Pellet,Left,0,0,91,0,0.06,1,nan
11/1/2021 21:11:30,1.8.3,Free_feed,6,4.12,1,1,Pellet,Left,0,0,92,0,20.55,28,nan
11/1/2021 21:11:52,1.8.3,Free_feed,6,4.11,1,1,Pellet,Left,0,0,93,0,14.70,22,nan
11/1/2021 21:18:11,1.8.3,Free_feed,6,4.11,1,1,Pellet,Left,0,0,94,0,Timed_out,379,nan
11/1/2021 21:28:12,1.8.3,Free_feed,6,4.11,1,1,Pellet,Left,0,0,95,0,Timed_out,601,nan
11/1/2021 21:28:32,1.8.3,Free_feed,6,4.12,2,1,Pellet,Left,0,0,96,0,13.14,20,nan
11/1/2021 21:28:52,1.8.3,Free_feed,6,4.11,2,1,Pellet,Left,0,0,97,0,9.93,20,nan
11/1/2021 21:29:08,1.8.3,Free_feed,6,4.11,1,1,Pellet,Left,0,0,98,0,8.64,16,nan
11/1/2021 21:29:25,1.8.3,Free_feed,6,4.11,1,1,Pellet,Left,0,0,99,0,10.07,17,nan
11/1/2021 21:29:41,1.8.3,Free_feed,6,4.11,2,1,Pellet,Left,0,0,100,0,8.50,16,nan
11/1/2021 21:29:54,1.8.3,Free_feed,6,4.11,1,1,Pellet,Left,0,0,101,0,5.84,13,nan
11/1/2021 21:44:23,1.8.3,Free_feed,6,4.11,1,1,Pellet,Left,0,0,102,0,Timed_out,869,nan
11/1/2021 21:45:33,1.8.3,Free_feed,6,4.11,1,1,Pellet,Left,0,0,103,0,Timed_out,70,nan
11/1/2021 21:45:53,1.8.3,Free_feed,6,4.11,1,1,Pellet,Left,0,0,104,0,12.79,20,nan
11/1/2021 21:46:08,1.8.3,Free_feed,6,4.11,1,1,Pellet,Left,0,0,105,0,7.95,15,nan
11/1/2021 21:46:25,1.8.3,Free_feed,6,4.11,1,1,Pellet,Left,0,0,106,0,10.13,17,nan
11/1/2021 21:56:11,1.8.3,Free_feed,6,4.11,1,1,Pellet,Left,0,0,107,0,Timed_out,586,nan
11/1/2021 22:06:12,1.8.3,Free_feed,6,4.11,1,1,Pellet,Left,0,0,108,0,Timed_out,601,nan
11/1/2021 22:06:30,1.8.3,Free_feed,6,4.11,1,1,Pellet,Left,0,0,109,0,11.02,18,nan
11/1/2021 22:06:43,1.8.3,Free_feed,6,4.11,1,1,Pellet,Left,0,0,110,0,5.78,13,nan
11/1/2021 22:07:01,1.8.3,Free_feed,6,4.11,1,1,Pellet,Left,0,0,111,0,10.27,18,nan
11/1/2021 22:07:15,1.8.3,Free_feed,6,4.11,1,1,Pellet,Left,0,0,112,0,6.32,14,nan
11/1/2021 22:07:30,1.8.3,Free_feed,6,4.11,3,1,Pellet,Left,0,0,113,0,3.80,15,nan
11/1/2021 22:07:33,1.8.3,Free_feed,6,4.11,1,1,Pellet,Left,0,0,114,0,0.06,3,nan
11/1/2021 22:20:11,1.8.3,Free_feed,6,4.11,1,1,Pellet,Left,0,0,115,0,Timed_out,758,nan
11/1/2021 22:20:26,1.8.3,Free_feed,6,4.11,2,1,Pellet,Left,0,0,116,0,5.84,15,nan
11/1/2021 22:20:41,1.8.3,Free_feed,6,4.11,1,1,Pellet,Left,0,0,117,0,7.75,15,nan
11/1/2021 22:20:56,1.8.3,Free_feed,6,4.11,1,1,Pellet,Left,0,0,118,0,7.82,15,nan
11/1/2021 22:20:58,1.8.3,Free_feed,6,4.11,1,1,Pellet,Left,0,0,119,0,0.06,1,nan
11/1/2021 22:46:41,1.8.3,Free_feed,6,4.11,1,1,Pellet,Left,0,0,120,0,Timed_out,1544,nan
11/1/2021 22:46:59,1.8.3,Free_feed,6,4.11,1,1,Pellet,Left,0,0,121,0,10.75,18,nan
11/1/2021 22:47:12,1.8.3,Free_feed,6,4.11,1,1,Pellet,Left,0,0,122,0,5.57,13,nan
11/1/2021 22:47:26,1.8.3,Free_feed,6,4.11,1,1,Pellet,Left,0,0,123,0,6.05,13,nan
11/1/2021 22:47:44,1.8.3,Free_feed,6,4.11,1,1,Pellet,Left,0,0,124,0,11.36,19,nan
11/1/2021 22:47:58,1.8.3,Free_feed,6,4.11,1,1,Pellet,Left,0,0,125,0,6.66,14,nan
11/1/2021 22:48:18,1.8.3,Free_feed,6,4.11,1,1,Pellet,Left,0,0,126,0,12.80,20,nan
11/1/2021 23:09:06,1.8.3,Free_feed,6,4.11,1,1,Pellet,Left,0,0,127,0,Timed_out,1248,nan
11/1/2021 23:09:22,1.8.3,Free_feed,6,4.11,1,1,Pellet,Left,0,0,128,0,9.45,16,nan
11/1/2021 23:09:38,1.8.3,Free_feed,6,4.11,1,1,Pellet,Left,0,0,129,0,8.16,16,nan
11/1/2021 23:09:55,1.8.3,Free_feed,6,4.10,1,1,Pellet,Left,0,0,130,0,15.46,17,nan
11/1/2021 23:10:09,1.8.3,Free_feed,6,4.11,1,1,Pellet,Left,0,0,131,0,6.80,14,nan
11/1/2021 23:10:27,1.8.3,Free_feed,6,4.10,1,1,Pellet,Left,0,0,132,0,10.75,18,nan
11/1/2021 23:10:44,1.8.3,Free_feed,6,4.11,1,1,Pellet,Left,0,0,133,0,9.79,17,nan
11/1/2021 23:29:31,1.8.3,Free_feed,6,4.11,1,1,Pellet,Left,0,0,134,0,Timed_out,1126,nan
11/1/2021 23:29:52,1.8.3,Free_feed,6,4.11,1,1,Pellet,Left,0,0,135,0,14.77,22,nan
11/1/2021 23:30:02,1.8.3,Free_feed,6,4.10,1,1,Pellet,Left,0,0,136,0,2.44,10,nan
11/1/2021 23:30:24,1.8.3,Free_feed,6,4.10,1,1,Pellet,Left,0,0,137,0,14.23,22,nan
11/1/2021 23:30:38,1.8.3,Free_feed,6,4.11,1,1,Pellet,Left,0,0,138,0,7.68,14,nan
11/1/2021 23:30:55,1.8.3,Free_feed,6,4.10,2,1,Pellet,Left,0,0,139,0,7.82,17,nan
11/1/2021 23:30:57,1.8.3,Free_feed,6,4.10,1,1,Pellet,Left,0,0,140,0,0.06,2,nan
11/1/2021 23:31:15,1.8.3,Free_feed,6,4.10,1,1,Pellet,Left,0,0,141,0,9.86,18,nan
11/1/2021 23:31:17,1.8.3,Free_feed,6,4.11,1,1,Pellet,Left,0,0,142,0,0.20,2,nan
11/1/2021 23:31:33,1.8.3,Free_feed,6,4.10,1,1,Pellet,Left,0,0,143,0,9.38,16,nan
11/2/2021 0:01:08,1.8.3,Free_feed,6,4.11,1,1,Pellet,Left,0,0,144,0,Timed_out,1775,nan
11/2/2021 0:09:15,1.8.3,Free_feed,6,4.10,1,1,Pellet,Left,0,0,145,0,Timed_out,487,nan
11/2/2021 0:09:31,1.8.3,Free_feed,6,4.11,1,1,Pellet,Left,0,0,146,0,9.05,16,nan
11/2/2021 0:09:50,1.8.3,Free_feed,6,4.09,1,1,Pellet,Left,0,0,147,0,11.84,19,nan
11/2/2021 0:10:08,1.8.3,Free_feed,6,4.10,1,1,Pellet,Left,0,0,148,0,10.61,17,nan
11/2/2021 0:10:09,1.8.3,Free_feed,6,4.10,1,1,Pellet,Left,0,0,149,0,0.06,2,nan
11/2/2021 0:10:26,1.8.3,Free_feed,6,4.10,1,1,Pellet,Left,0,0,150,0,9.52,17,nan
11/2/2021 0:10:46,1.8.3,Free_feed,6,4.10,2,1,Pellet,Left,0,0,151,0,9.79,20,nan
11/2/2021 0:11:02,1.8.3,Free_feed,6,4.11,1,1,Pellet,Left,0,0,152,0,9.32,16,nan
11/2/2021 0:11:03,1.8.3,Free_feed,6,4.11,1,1,Pellet,Left,0,0,153,0,0.06,1,nan
11/2/2021 0:11:20,1.8.3,Free_feed,6,4.11,1,1,Pellet,Left,0,0,154,0,8.84,17,nan
11/2/2021 1:01:35,1.8.3,Free_feed,6,4.10,1,1,Pellet,Left,0,0,155,0,Timed_out,3015,nan
11/2/2021 1:01:57,1.8.3,Free_feed,6,4.09,1,1,Pellet,Left,0,0,156,0,20.37,22,nan
11/2/2021 1:02:48,1.8.3,Free_feed,6,4.10,1,1,Pellet,Left,0,0,157,0,43.47,50,nan
11/2/2021 1:03:05,1.8.3,Free_feed,6,4.10,1,1,Pellet,Left,0,0,158,0,9.52,18,nan
11/2/2021 1:03:50,1.8.3,Free_feed,6,4.09,1,1,Pellet,Left,0,0,159,0,37.46,44,nan
11/2/2021 1:35:19,1.8.3,Free_feed,6,4.10,2,1,Pellet,Left,0,0,160,0,Timed_out,1890,nan
11/2/2021 1:35:41,1.8.3,Free_feed,6,4.10,1,1,Pellet,Left,0,0,161,0,20.03,22,nan
11/2/2021 2:04:53,1.8.3,Free_feed,6,4.09,2,1,Pellet,Left,0,0,162,0,Timed_out,1752,nan
11/2/2021 2:05:15,1.8.3,Free_feed,6,4.10,1,1,Pellet,Left,0,0,163,0,19.42,22,nan
11/2/2021 2:05:35,1.8.3,Free_feed,6,4.10,1,1,Pellet,Left,0,0,164,0,12.19,19,nan
11/2/2021 2:05:55,1.8.3,Free_feed,6,4.09,1,1,Pellet,Left,0,0,165,0,14.10,21,nan
11/2/2021 2:06:11,1.8.3,Free_feed,6,4.09,1,1,Pellet,Left,0,0,166,0,8.91,16,nan
11/2/2021 2:32:03,1.8.3,Free_feed,6,4.09,1,1,Pellet,Left,0,0,167,0,Timed_out,1552,nan
11/2/2021 2:32:25,1.8.3,Free_feed,6,4.09,1,1,Pellet,Left,0,0,168,0,14.16,22,nan
11/2/2021 2:32:48,1.8.3,Free_feed,6,4.09,1,1,Pellet,Left,0,0,169,0,17.04,23,nan
11/2/2021 2:33:05,1.8.3,Free_feed,6,4.09,1,1,Pellet,Left,0,0,170,0,9.80,17,nan
11/2/2021 2:33:24,1.8.3,Free_feed,6,4.09,1,1,Pellet,Left,0,0,171,0,11.16,19,nan
11/2/2021 2:33:46,1.8.3,Free_feed,6,4.09,1,1,Pellet,Left,0,0,172,0,20.51,22,nan
11/2/2021 2:34:03,1.8.3,Free_feed,6,4.09,1,1,Pellet,Left,0,0,173,0,9.73,17,nan
11/2/2021 2:34:23,1.8.3,Free_feed,6,4.09,1,1,Pellet,Left,0,0,174,0,12.73,20,nan
11/2/2021 2:34:39,1.8.3,Free_feed,6,4.10,1,1,Pellet,Left,0,0,175,0,8.09,15,nan
11/2/2021 2:49:26,1.8.3,Free_feed,6,4.09,1,1,Pellet,Left,0,0,176,0,Timed_out,888,nan
11/2/2021 2:49:44,1.8.3,Free_feed,6,4.09,1,1,Pellet,Left,0,0,177,0,10.89,18,nan
11/2/2021 2:50:02,1.8.3,Free_feed,6,4.09,1,1,Pellet,Left,0,0,178,0,10.07,18,nan
11/2/2021 3:18:35,1.8.3,Free_feed,6,4.09,1,1,Pellet,Left,0,0,179,0,Timed_out,1713,nan
11/2/2021 3:18:58,1.8.3,Free_feed,6,4.09,1,1,Pellet,Left,0,0,180,0,15.87,23,nan
11/2/2021 3:19:13,1.8.3,Free_feed,6,4.09,1,1,Pellet,Left,0,0,181,0,7.14,15,nan
11/2/2021 3:19:58,1.8.3,Free_feed,6,4.09,1,1,Pellet,Left,0,0,182,0,38.54,45,nan
11/2/2021 3:20:16,1.8.3,Free_feed,6,4.09,1,1,Pellet,Left,0,0,183,0,10.07,18,nan
11/2/2021 3:20:34,1.8.3,Free_feed,6,4.09,1,1,Pellet,Left,0,0,184,0,11.10,18,nan
11/2/2021 3:20:53,1.8.3,Free_feed,6,4.09,1,1,Pellet,Left,0,0,185,0,12.18,19,nan
11/2/2021 4:02:32,1.8.3,Free_feed,6,4.09,1,1,Pellet,Left,0,0,186,0,Timed_out,2499,nan
11/2/2021 4:19:08,1.8.3,Free_feed,6,4.09,1,1,Pellet,Left,0,0,187,0,Timed_out,996,nan
11/2/2021 4:20:03,1.8.3,Free_feed,6,4.09,1,1,Pellet,Left,0,0,188,0,48.51,55,nan
11/2/2021 4:20:26,1.8.3,Free_feed,6,4.09,1,1,Pellet,Left,0,0,189,0,15.26,23,nan
11/2/2021 4:20:47,1.8.3,Free_feed,6,4.09,1,1,Pellet,Left,0,0,190,0,12.87,21,nan
11/2/2021 4:21:04,1.8.3,Free_feed,6,4.08,1,1,Pellet,Left,0,0,191,0,10.48,17,nan
11/2/2021 4:21:07,1.8.3,Free_feed,6,4.08,1,1,Pellet,Left,0,0,192,0,0.06,3,nan
11/2/2021 4:47:19,1.8.3,Free_feed,6,4.08,1,1,Pellet,Left,0,0,193,0,Timed_out,1572,nan
11/2/2021 4:47:20,1.8.3,Free_feed,6,4.08,1,1,Pellet,Left,0,0,194,0,0.06,1,nan
11/2/2021 4:47:56,1.8.3,Free_feed,6,4.08,1,1,Pellet,Left,0,0,195,0,27.88,36,nan
11/2/2021 4:48:18,1.8.3,Free_feed,6,4.08,1,1,Pellet,Left,0,0,196,0,14.64,22,nan
11/2/2021 4:48:38,1.8.3,Free_feed,6,4.08,1,1,Pellet,Left,0,0,197,0,13.48,20,nan
11/2/2021 4:49:00,1.8.3,Free_feed,6,4.08,1,1,Pellet,Left,0,0,198,0,14.43,22,nan
11/2/2021 4:49:18,1.8.3,Free_feed,6,4.08,1,1,Pellet,Left,0,0,199,0,10.34,18,nan
11/2/2021 4:49:40,1.8.3,Free_feed,6,4.09,1,1,Pellet,Left,0,0,200,0,13.61,22,nan
11/2/2021 4:50:01,1.8.3,Free_feed,6,4.09,1,1,Pellet,Left,0,0,201,0,14.37,21,nan
11/2/2021 5:34:02,1.8.3,Free_feed,6,4.08,1,1,Pellet,Left,0,0,202,0,Timed_out,2641,nan
11/2/2021 5:34:04,1.8.3,Free_feed,6,4.09,1,1,Pellet,Left,0,0,203,0,0.34,2,nan
11/2/2021 5:34:27,1.8.3,Free_feed,6,4.09,1,1,Pellet,Left,0,0,204,0,15.67,23,nan
11/2/2021 5:34:46,1.8.3,Free_feed,6,4.09,1,1,Pellet,Left,0,0,205,0,12.05,19,nan
11/2/2021 5:35:09,1.8.3,Free_feed,6,4.08,1,1,Pellet,Left,0,0,206,0,15.33,22,nan
11/2/2021 5:35:31,1.8.3,Free_feed,6,4.08,1,1,Pellet,Left,0,0,207,0,20.45,23,nan
11/2/2021 6:04:52,1.8.3,Free_feed,6,4.09,1,1,Pellet,Left,0,0,208,0,Timed_out,1761,nan
11/2/2021 6:05:08,1.8.3,Free_feed,6,4.08,1,1,Pellet,Left,0,0,209,0,8.98,16,nan
11/2/2021 6:05:25,1.8.3,Free_feed,6,4.09,1,1,Pellet,Left,0,0,210,0,10.00,17,nan
11/2/2021 6:05:39,1.8.3,Free_feed,6,4.08,1,1,Pellet,Left,0,0,211,0,6.46,14,nan
11/2/2021 6:06:00,1.8.3,Free_feed,6,4.09,1,1,Pellet,Left,0,0,212,0,13.55,21,nan
11/2/2021 6:06:18,1.8.3,Free_feed,6,4.08,1,1,Pellet,Left,0,0,213,0,11.03,18,nan
11/2/2021 6:06:37,1.8.3,Free_feed,6,4.08,1,1,Pellet,Left,0,0,214,0,12.12,19,nan
11/2/2021 6:06:54,1.8.3,Free_feed,6,4.08,1,1,Pellet,Left,0,0,215,0,9.87,17,nan
11/2/2021 6:39:31,1.8.3,Free_feed,6,4.08,1,1,Pellet,Left,0,0,216,0,Timed_out,1957,nan
11/2/2021 6:39:44,1.8.3,Free_feed,6,4.08,1,1,Pellet,Left,0,0,217,0,6.80,13,nan
11/2/2021 6:39:58,1.8.3,Free_feed,6,4.08,1,1,Pellet,Left,0,0,218,0,6.94,14,nan
11/2/2021 6:40:12,1.8.3,Free_feed,6,4.08,1,1,Pellet,Left,0,0,219,0,6.60,14,nan
11/2/2021 6:40:31,1.8.3,Free_feed,6,4.08,1,1,Pellet,Left,0,0,220,0,11.23,19,nan
11/2/2021 6:40:52,1.8.3,Free_feed,6,4.09,1,1,Pellet,Left,0,0,221,0,14.16,21,nan
11/2/2021 6:41:06,1.8.3,Free_feed,6,4.08,3,1,Pellet,Left,0,0,222,0,3.53,14,nan
11/2/2021 7:46:31,1.8.3,Free_feed,6,4.08,1,1,Pellet,Left,0,0,223,0,Timed_out,3925,nan
11/2/2021 7:46:54,1.8.3,Free_feed,6,4.07,1,1,Pellet,Left,0,0,224,0,16.35,23,nan
11/2/2021 7:47:13,1.8.3,Free_feed,6,4.08,1,1,Pellet,Left,0,0,225,0,11.16,19,nan
11/2/2021 7:47:35,1.8.3,Free_feed,6,4.07,1,1,Pellet,Left,0,0,226,0,14.64,22,nan
11/2/2021 7:47:55,1.8.3,Free_feed,6,4.08,1,1,Pellet,Left,0,0,227,0,12.25,20,nan
11/2/2021 7:56:49,1.8.3,Free_feed,6,4.07,1,1,Pellet,Left,0,0,228,0,Timed_out,534,nan
11/2/2021 8:10:46,1.8.3,Free_feed,6,4.07,1,1,Pellet,Left,0,0,229,0,Timed_out,837,nan
11/2/2021 8:56:22,1.8.3,Free_feed,6,4.08,1,1,Pellet,Left,0,0,230,0,Timed_out,2736,nan
11/2/2021 8:56:50,1.8.3,Free_feed,6,4.07,1,1,Pellet,Left,0,0,231,0,20.45,27,nan
11/2/2021 9:02:13,1.8.3,Free_feed,6,4.07,1,1,Pellet,Left,0,0,232,0,Timed_out,324,nan
11/2/2021 9:02:50,1.8.3,Free_feed,6,4.07,1,1,Pellet,Left,0,0,233,0,30.30,37,nan
11/2/2021 9:03:13,1.8.3,Free_feed,6,4.07,1,1,Pellet,Left,0,0,234,0,14.72,23,nan
11/2/2021 9:03:35,1.8.3,Free_feed,6,4.08,1,1,Pellet,Left,0,0,235,0,14.78,22,nan
11/2/2021 9:04:13,1.8.3,Free_feed,6,4.07,1,1,Pellet,Left,0,0,236,0,30.57,38,nan
11/2/2021 9:04:27,1.8.3,Free_feed,6,4.07,1,1,Pellet,Left,0,0,237,0,6.66,14,nan
11/2/2021 9:43:58,1.8.3,Free_feed,6,4.07,1,1,Pellet,Left,0,0,238,0,Timed_out,2371,nan
11/2/2021 9:44:25,1.8.3,Free_feed,6,4.07,1,1,Pellet,Left,0,0,239,0,20.17,27,nan
11/2/2021 9:44:49,1.8.3,Free_feed,6,4.07,1,1,Pellet,Left,0,0,240,0,16.83,24,nan
11/2/2021 9:45:08,1.8.3,Free_feed,6,4.07,1,1,Pellet,Left,0,0,241,0,11.91,19,nan
11/2/2021 10:22:36,1.8.3,Free_feed,6,4.07,1,1,Pellet,Left,0,0,242,0,Timed_out,2248,nan
11/2/2021 10:22:59,1.8.3,Free_feed,6,4.07,1,1,Pellet,Left,0,0,243,0,15.12,22,nan
11/2/2021 10:23:19,1.8.3,Free_feed,6,4.07,1,1,Pellet,Left,0,0,244,0,13.28,21,nan
11/2/2021 10:23:39,1.8.3,Free_feed,6,4.07,1,1,Pellet,Left,0,0,245,0,12.66,20,nan
11/2/2021 10:24:13,1.8.3,Free_feed,6,4.07,1,1,Pellet,Left,0,0,246,0,26.80,34,nan
11/2/2021 11:23:59,1.8.3,Free_feed,6,4.07,1,1,Pellet,Left,0,0,247,0,Timed_out,3586,nan
11/2/2021 11:24:44,1.8.3,Free_feed,6,4.07,1,1,Pellet,Left,0,0,248,0,36.84,44,nan
11/2/2021 11:31:18,1.8.3,Free_feed,6,4.07,1,1,Pellet,Left,0,0,249,0,Timed_out,395,nan
11/2/2021 12:29:08,1.8.3,Free_feed,6,4.07,1,1,Pellet,Left,0,0,250,0,Timed_out,3470,nan
11/2/2021 12:29:11,1.8.3,Free_feed,6,4.07,1,1,Pellet,Left,0,0,251,0,0.13,3,nan
11/2/2021 12:29:30,1.8.3,Free_feed,6,4.07,1,1,Pellet,Left,0,0,252,0,11.98,19,nan
11/2/2021 12:29:56,1.8.3,Free_feed,6,4.07,1,1,Pellet,Left,0,0,253,0,19.29,26,nan
11/2/2021 12:30:25,1.8.3,Free_feed,6,4.07,1,1,Pellet,Left,0,0,254,0,20.79,29,nan
11/2/2021 12:30:33,1.8.3,Free_feed,6,4.07,1,1,Pellet,Left,0,0,255,0,1.28,8,nan
11/2/2021 12:31:11,1.8.3,Free_feed,6,4.07,1,1,Pellet,Left,0,0,256,0,31.32,38,nan
11/2/2021 12:56:04,1.8.3,Free_feed,6,4.07,1,1,Pellet,Left,0,0,257,0,Timed_out,1493,nan
11/2/2021 13:17:27,1.8.3,Free_feed,6,4.07,1,1,Pellet,Left,0,0,258,0,Timed_out,1283,nan
11/2/2021 13:17:48,1.8.3,Free_feed,6,4.06,1,1,Pellet,Left,0,0,259,0,19.49,21,nan
11/2/2021 13:18:02,1.8.3,Free_feed,6,4.07,1,1,Pellet,Left,0,0,260,0,6.66,14,nan
11/2/2021 13:18:25,1.8.3,Free_feed,6,4.06,1,1,Pellet,Left,0,0,261,0,16.07,23,nan
11/2/2021 13:18:28,1.8.3,Free_feed,6,4.06,1,1,Pellet,Left,0,0,262,0,0.88,3,nan
11/2/2021 13:18:36,1.8.3,Free_feed,6,4.06,1,1,Pellet,Left,0,0,263,0,1.35,8,nan
11/2/2021 13:18:59,1.8.3,Free_feed,6,4.06,1,1,Pellet,Left,0,0,264,0,14.64,23,nan
11/2/2021 13:56:05,1.8.3,Free_feed,6,4.06,1,1,Pellet,Left,0,0,265,0,Timed_out,2226,nan
11/2/2021 13:56:17,1.8.3,Free_feed,6,4.06,1,1,Pellet,Left,0,0,266,0,4.69,12,nan
11/2/2021 13:56:56,1.8.3,Free_feed,6,4.07,2,1,Pellet,Left,0,0,267,0,31.39,39,nan
11/2/2021 13:57:15,1.8.3,Free_feed,6,4.06,1,1,Pellet,Left,0,0,268,0,11.91,19,nan
11/2/2021 14:33:48,1.8.3,Free_feed,6,4.06,1,1,Pellet,Left,0,0,269,0,Timed_out,2193,nan
11/2/2021 14:34:13,1.8.3,Free_feed,6,4.06,1,1,Pellet,Left,0,0,270,0,17.17,25,nan
11/2/2021 14:42:55,1.8.3,Free_feed,6,4.07,7,1,Pellet,Left,0,0,271,0,Timed_out,522,nan
11/2/2021 14:43:18,1.8.3,Free_feed,6,4.06,2,1,Pellet,Left,0,0,272,0,13.00,23,nan
11/2/2021 14:43:38,1.8.3,Free_feed,6,4.05,1,1,Pellet,Left,0,0,273,0,13.27,20,nan
11/2/2021 14:55:14,1.8.3,Free_feed,6,4.06,1,1,Pellet,Left,0,0,274,0,Timed_out,696,nan
11/2/2021 14:55:35,1.8.3,Free_feed,6,4.06,1,1,Pellet,Left,0,0,275,0,14.44,21,nan
11/2/2021 14:55:37,1.8.3,Free_feed,6,4.06,1,1,Pellet,Left,0,0,276,0,0.13,2,nan
11/2/2021 14:55:50,1.8.3,Free_feed,6,4.06,1,1,Pellet,Left,0,0,277,0,6.94,13,nan
11/2/2021 15:12:54,1.8.3,Free_feed,6,4.05,2,1,Pellet,Left,0,0,278,0,Timed_out,1024,nan
11/2/2021 15:13:32,1.8.3,Free_feed,6,4.06,1,1,Pellet,Left,0,0,279,0,35.83,38,nan
11/2/2021 15:39:27,1.8.3,Free_feed,6,4.05,1,1,Pellet,Left,0,0,280,0,Timed_out,1555,nan
11/2/2021 15:39:48,1.8.3,Free_feed,6,4.06,1,1,Pellet,Left,0,0,281,0,14.51,21,nan
11/2/2021 15:40:09,1.8.3,Free_feed,6,4.06,1,1,Pellet,Left,0,0,282,0,13.48,21,nan
11/2/2021 15:49:52,1.8.3,Free_feed,6,4.05,1,1,Pellet,Left,0,0,283,0,Timed_out,583,nan
11/2/2021 15:49:53,1.8.3,Free_feed,6,4.06,1,1,Pellet,Left,0,0,284,0,0.06,1,nan
11/2/2021 15:58:26,1.8.3,Free_feed,6,4.06,1,1,Pellet,Left,0,0,285,0,Timed_out,513,nan
11/2/2021 15:58:28,1.8.3,Free_feed,6,4.06,1,1,Pellet,Left,0,0,286,0,0.06,1,nan
11/2/2021 15:58:52,1.8.3,Free_feed,6,4.06,1,1,Pellet,Left,0,0,287,0,17.59,25,nan
11/2/2021 15:59:10,1.8.3,Free_feed,6,4.05,1,1,Pellet,Left,0,0,288,0,10.42,18,nan
11/2/2021 15:59:34,1.8.3,Free_feed,6,4.06,1,1,Pellet,Left,0,0,289,0,16.08,24,nan
11/2/2021 15:59:59,1.8.3,Free_feed,6,4.05,2,1,Pellet,Left,0,0,290,0,18.54,25,nan
11/2/2021 16:00:15,1.8.3,Free_feed,6,4.05,1,1,Pellet,Left,0,0,291,0,8.09,16,nan
11/2/2021 16:13:25,1.8.3,Free_feed,6,4.05,1,1,Pellet,Left,0,0,292,0,Timed_out,790,nan
11/2/2021 16:23:39,1.8.3,Free_feed,6,4.05,1,1,Pellet,Left,0,0,293,0,Timed_out,614,nan
11/2/2021 16:24:09,1.8.3,Free_feed,6,4.06,1,1,Pellet,Left,0,0,294,0,23.18,30,nan
11/2/2021 16:24:12,1.8.3,Free_feed,6,4.05,1,1,Pellet,Left,0,0,295,0,0.13,3,nan
11/2/2021 16:24:29,1.8.3,Free_feed,6,4.05,1,1,Pellet,Left,0,0,296,0,9.80,17,nan
11/2/2021 16:24:55,1.8.3,Free_feed,6,4.05,1,1,Pellet,Left,0,0,297,0,18.67,26,nan
11/2/2021 16:25:12,1.8.3,Free_feed,6,4.06,1,1,Pellet,Left,0,0,298,0,9.87,17,nan
11/2/2021 16:25:26,1.8.3,Free_feed,6,4.05,1,1,Pellet,Left,0,0,299,0,6.87,14,nan
11/2/2021 16:50:08,1.8.3,Free_feed,6,4.05,1,1,Pellet,Left,0,0,300,0,Timed_out,1482,nan
11/2/2021 16:50:40,1.8.3,Free_feed,6,4.05,2,1,Pellet,Left,0,0,301,0,22.83,32,nan
11/2/2021 16:50:55,1.8.3,Free_feed,6,4.05,1,1,Pellet,Left,0,0,302,0,7.62,15,nan
11/2/2021 16:51:32,1.8.3,Free_feed,6,4.05,1,1,Pellet,Left,0,0,303,0,29.88,37,nan
11/2/2021 17:10:13,1.8.3,Free_feed,6,4.05,18,1,Pellet,Left,0,0,304,0,Timed_out,1121,nan
11/2/2021 17:11:03,1.8.3,Free_feed,6,4.05,1,1,Pellet,Left,0,0,305,0,41.61,50,nan
11/2/2021 17:11:19,1.8.3,Free_feed,6,4.05,1,1,Pellet,Left,0,0,306,0,8.64,16,nan
11/2/2021 17:11:38,1.8.3,Free_feed,6,4.05,1,1,Pellet,Left,0,0,307,0,12.11,19,nan
11/2/2021 17:11:57,1.8.3,Free_feed,6,4.05,1,1,Pellet,Left,0,0,308,0,12.18,19,nan
11/2/2021 17:31:50,1.8.3,Free_feed,6,4.05,1,1,Pellet,Left,0,0,309,0,Timed_out,1193,nan
11/2/2021 17:38:11,1.8.3,Free_feed,6,4.05,2,1,Pellet,Left,0,0,310,0,Timed_out,381,nan
11/2/2021 17:51:19,1.8.3,Free_feed,6,4.05,2,1,Pellet,Left,0,0,311,0,Timed_out,788,nan
11/2/2021 17:51:21,1.8.3,Free_feed,6,4.05,1,1,Pellet,Left,0,0,312,0,0.13,1,nan
11/2/2021 17:52:10,1.8.3,Free_feed,6,4.05,1,1,Pellet,Left,0,0,313,0,42.44,50,nan
11/2/2021 17:52:30,1.8.3,Free_feed,6,4.05,1,1,Pellet,Left,0,0,314,0,12.59,20,nan
11/2/2021 17:52:52,1.8.3,Free_feed,6,4.05,1,1,Pellet,Left,0,0,315,0,14.91,22,nan
11/2/2021 18:03:58,1.8.3,Free_feed,6,4.05,1,1,Pellet,Left,0,0,316,0,Timed_out,666,nan
11/2/2021 18:14:26,1.8.3,Free_feed,6,4.05,1,1,Pellet,Left,0,0,317,0,Timed_out,628,nan
11/2/2021 18:29:12,1.8.3,Free_feed,6,4.05,1,1,Pellet,Left,0,0,318,0,Timed_out,886,nan
11/2/2021 18:29:19,1.8.3,Free_feed,6,4.05,1,1,Pellet,Left,0,0,319,0,5.98,7,nan
11/2/2021 18:29:48,1.8.3,Free_feed,6,4.05,1,1,Pellet,Left,0,0,320,0,21.33,29,nan
11/2/2021 18:30:05,1.8.3,Free_feed,6,4.05,1,1,Pellet,Left,0,0,321,0,10.00,16,nan
11/2/2021 18:30:23,1.8.3,Free_feed,6,4.05,1,1,Pellet,Left,0,0,322,0,11.16,19,nan
11/2/2021 18:30:41,1.8.3,Free_feed,6,4.05,2,1,Pellet,Left,0,0,323,0,9.26,18,nan
11/2/2021 18:30:55,1.8.3,Free_feed,6,4.05,1,1,Pellet,Left,0,0,324,0,6.39,14,nan
11/2/2021 18:45:55,1.8.3,Free_feed,6,4.05,1,1,Pellet,Left,0,0,325,0,Timed_out,900,nan
11/2/2021 18:46:03,1.8.3,Free_feed,6,4.04,1,1,Pellet,Left,0,0,326,0,0.06,7,nan
11/2/2021 18:50:05,1.8.3,Free_feed,6,4.05,1,1,Pellet,Left,0,0,327,0,Timed_out,242,nan
11/2/2021 18:58:45,1.8.3,Free_feed,6,4.05,1,1,Pellet,Left,0,0,328,0,Timed_out,521,nan
11/2/2021 18:59:15,1.8.3,Free_feed,6,4.05,1,1,Pellet,Left,0,0,329,0,22.37,30,nan
11/2/2021 18:59:30,1.8.3,Free_feed,6,4.05,1,1,Pellet,Left,0,0,330,0,7.42,15,nan
11/2/2021 19:11:15,1.8.3,Free_feed,6,4.05,1,1,Pellet,Left,0,0,331,0,Timed_out,704,nan
11/2/2021 19:11:35,1.8.3,Free_feed,6,4.05,1,1,Pellet,Left,0,0,332,0,13.06,21,nan
11/2/2021 19:11:49,1.8.3,Free_feed,6,4.05,1,1,Pellet,Left,0,0,333,0,7.68,14,nan
11/2/2021 19:11:51,1.8.3,Free_feed,6,4.05,1,1,Pellet,Left,0,0,334,0,0.20,2,nan
11/2/2021 19:12:09,1.8.3,Free_feed,6,4.05,1,1,Pellet,Left,0,0,335,0,11.43,18,nan
11/2/2021 19:12:11,1.8.3,Free_feed,6,4.05,1,1,Pellet,Left,0,0,336,0,0.06,2,nan
11/2/2021 19:30:23,1.8.3,Free_feed,6,4.05,1,1,Pellet,Left,0,0,337,0,Timed_out,1092,nan
11/2/2021 19:30:48,1.8.3,Free_feed,6,4.05,1,1,Pellet,Left,0,0,338,0,22.23,25,nan
11/2/2021 19:37:21,1.8.3,Free_feed,6,4.05,1,1,Pellet,Left,0,0,339,0,Timed_out,393,nan
11/2/2021 19:37:48,1.8.3,Free_feed,6,4.05,1,1,Pellet,Left,0,0,340,0,20.24,27,nan
11/2/2021 19:56:50,1.8.3,Free_feed,6,4.05,1,1,Pellet,Left,0,0,341,0,Timed_out,1142,nan
11/2/2021 19:57:16,1.8.3,Free_feed,6,4.05,1,1,Pellet,Left,0,0,342,0,17.99,26,nan
11/2/2021 19:57:30,1.8.3,Free_feed,6,4.05,1,1,Pellet,Left,0,0,343,0,7.28,14,nan
11/2/2021 19:57:53,1.8.3,Free_feed,6,4.05,1,1,Pellet,Left,0,0,344,0,15.87,23,nan
11/2/2021 19:58:17,1.8.3,Free_feed,6,4.05,1,1,Pellet,Left,0,0,345,0,17.44,24,nan
11/2/2021 20:18:31,1.8.3,Free_feed,6,4.05,1,1,Pellet,Left,0,0,346,0,Timed_out,1214,nan
11/2/2021 20:19:22,1.8.3,Free_feed,6,4.04,1,1,Pellet,Left,0,0,347,0,44.31,51,nan
11/2/2021 20:19:36,1.8.3,Free_feed,6,4.05,2,1,Pellet,Left,0,0,348,0,5.50,14,nan
11/2/2021 20:19:38,1.8.3,Free_feed,6,4.05,1,1,Pellet,Left,0,0,349,0,0.13,2,nan
11/2/2021 20:19:50,1.8.3,Free_feed,6,4.05,1,1,Pellet,Left,0,0,350,0,5.30,12,nan
11/2/2021 20:20:09,1.8.3,Free_feed,6,4.04,1,1,Pellet,Left,0,0,351,0,16.56,19,nan
11/2/2021 20:20:25,1.8.3,Free_feed,6,4.05,1,1,Pellet,Left,0,0,352,0,8.78,16,nan
11/2/2021 20:20:46,1.8.3,Free_feed,6,4.04,1,1,Pellet,Left,0,0,353,0,13.56,20,nan
11/2/2021 20:33:11,1.8.3,Free_feed,6,4.05,1,1,Pellet,Left,0,0,354,0,Timed_out,746,nan
11/2/2021 20:33:33,1.8.3,Free_feed,6,4.05,1,1,Pellet,Left,0,0,355,0,15.12,22,nan
11/2/2021 20:43:14,1.8.3,Free_feed,6,4.04,1,1,Pellet,Left,0,0,356,0,Timed_out,581,nan
11/2/2021 20:43:39,1.8.3,Free_feed,6,4.05,1,1,Pellet,Left,0,0,357,0,16.90,25,nan
11/2/2021 20:43:57,1.8.3,Free_feed,6,4.05,1,1,Pellet,Left,0,0,358,0,11.30,18,nan
11/2/2021 20:44:22,1.8.3,Free_feed,6,4.05,1,1,Pellet,Left,0,0,359,0,16.77,25,nan
11/2/2021 20:44:34,1.8.3,Free_feed,6,4.05,1,1,Pellet,Left,0,0,360,0,5.37,12,nan
11/2/2021 20:44:56,1.8.3,Free_feed,6,4.05,1,1,Pellet,Left,0,0,361,0,14.17,22,nan
11/2/2021 20:57:30,1.8.3,Free_feed,6,4.05,1,1,Pellet,Left,0,0,362,0,Timed_out,754,nan
11/2/2021 20:57:51,1.8.3,Free_feed,6,4.04,1,1,Pellet,Left,0,0,363,0,12.40,20,nan
11/2/2021 20:58:05,1.8.3,Free_feed,6,4.05,1,1,Pellet,Left,0,0,364,0,7.08,15,nan
11/2/2021 20:58:29,1.8.3,Free_feed,6,4.05,1,1,Pellet,Left,0,0,365,0,16.70,24,nan
11/2/2021 20:58:44,1.8.3,Free_feed,6,4.04,1,1,Pellet,Left,0,0,366,0,8.03,15,nan
11/2/2021 21:15:10,1.8.3,Free_feed,6,4.04,1,1,Pellet,Left,0,0,367,0,Timed_out,986,nan
11/2/2021 21:15:24,1.8.3,Free_feed,6,4.04,1,1,Pellet,Left,0,0,368,0,6.46,14,nan
11/2/2021 21:15:38,1.8.3,Free_feed,6,4.05,1,1,Pellet,Left,0,0,369,0,7.35,14,nan
11/2/2021 21:15:40,1.8.3,Free_feed,6,4.04,1,1,Pellet,Left,0,0,370,0,0.20,2,nan
11/2/2021 21:15:57,1.8.3,Free_feed,6,4.04,1,1,Pellet,Left,0,0,371,0,10.00,17,nan
11/2/2021 21:35:21,1.8.3,Free_feed,6,4.04,1,1,Pellet,Left,0,0,372,0,Timed_out,1164,nan
11/2/2021 21:35:39,1.8.3,Free_feed,6,4.04,1,1,Pellet,Left,0,0,373,0,10.42,18,nan
11/2/2021 21:35:51,1.8.3,Free_feed,6,4.04,1,1,Pellet,Left,0,0,374,0,5.03,12,nan
11/2/2021 21:50:27,1.8.3,Free_feed,6,4.04,1,1,Pellet,Left,0,0,375,0,Timed_out,876,nan
11/2/2021 21:50:38,1.8.3,Free_feed,6,4.04,1,1,Pellet,Left,0,0,376,0,3.87,11,nan
11/2/2021 21:50:54,1.8.3,Free_feed,6,4.04,1,1,Pellet,Left,0,0,377,0,8.78,16,nan
11/2/2021 21:51:09,1.8.3,Free_feed,6,4.05,1,1,Pellet,Left,0,0,378,0,7.82,15,nan
11/2/2021 21:51:27,1.8.3,Free_feed,6,4.04,1,1,Pellet,Left,0,0,379,0,10.35,18,nan
11/2/2021 22:07:47,1.8.3,Free_feed,6,4.04,1,1,Pellet,Left,0,0,380,0,Timed_out,980,nan
11/2/2021 22:07:50,1.8.3,Free_feed,6,4.05,1,1,Pellet,Left,0,0,381,0,0.06,3,nan
11/2/2021 22:08:16,1.8.3,Free_feed,6,4.05,1,1,Pellet,Left,0,0,382,0,18.81,26,nan
11/2/2021 22:08:28,1.8.3,Free_feed,6,4.04,1,1,Pellet,Left,0,0,383,0,4.90,12,nan
11/2/2021 22:08:44,1.8.3,Free_feed,6,4.04,1,1,Pellet,Left,0,0,384,0,8.85,16,nan
11/2/2021 22:08:57,1.8.3,Free_feed,6,4.03,2,1,Pellet,Left,0,0,385,0,3.74,13,nan
11/2/2021 22:09:15,1.8.3,Free_feed,6,4.04,1,1,Pellet,Left,0,0,386,0,10.63,18,nan
11/2/2021 22:13:31,1.8.3,Free_feed,6,4.04,1,1,Pellet,Left,0,0,387,0,Timed_out,256,nan
11/2/2021 22:14:11,1.8.3,Free_feed,6,4.05,1,1,Pellet,Left,0,0,388,0,32.83,40,nan
11/2/2021 22:27:14,1.8.3,Free_feed,6,4.04,1,1,Pellet,Left,0,0,389,0,Timed_out,783,nan
11/2/2021 22:27:43,1.8.3,Free_feed,6,4.04,2,1,Pellet,Left,0,0,390,0,20.46,29,nan
11/2/2021 22:28:13,1.8.3,Free_feed,6,4.03,1,1,Pellet,Left,0,0,391,0,22.51,30,nan
11/2/2021 22:52:15,1.8.3,Free_feed,6,4.03,1,1,Pellet,Left,0,0,392,0,Timed_out,1442,nan
11/2/2021 22:52:36,1.8.3,Free_feed,6,4.04,1,1,Pellet,Left,0,0,393,0,14.79,21,nan
11/2/2021 22:52:57,1.8.3,Free_feed,6,4.04,1,1,Pellet,Left,0,0,394,0,13.63,21,nan
11/2/2021 22:53:21,1.8.3,Free_feed,6,4.03,2,1,Pellet,Left,0,0,395,0,16.22,24,nan
11/2/2021 22:53:44,1.8.3,Free_feed,6,4.03,1,1,Pellet,Left,0,0,396,0,20.74,22,nan
11/2/2021 22:54:01,1.8.3,Free_feed,6,4.03,1,1,Pellet,Left,0,0,397,0,10.76,18,nan
11/2/2021 23:12:07,1.8.3,Free_feed,6,4.04,1,1,Pellet,Left,0,0,398,0,Timed_out,1086,nan
11/2/2021 23:12:35,1.8.3,Free_feed,6,4.03,1,1,Pellet,Left,0,0,399,0,21.07,28,nan
11/2/2021 23:13:02,1.8.3,Free_feed,6,4.04,1,1,Pellet,Left,0,0,400,0,20.32,27,nan
11/2/2021 23:13:11,1.8.3,Free_feed,6,4.03,1,1,Pellet,Left,0,0,401,0,1.76,9,nan
11/2/2021 23:13:30,1.8.3,Free_feed,6,4.04,1,1,Pellet,Left,0,0,402,0,11.16,19,nan
11/2/2021 23:13:42,1.8.3,Free_feed,6,4.03,1,1,Pellet,Left,0,0,403,0,5.58,12,nan
11/2/2021 23:13:58,1.8.3,Free_feed,6,4.03,2,1,Pellet,Left,0,0,404,0,8.23,16,nan
11/2/2021 23:14:14,1.8.3,Free_feed,6,4.03,2,1,Pellet,Left,0,0,405,0,5.91,15,nan
11/2/2021 23:34:53,1.8.3,Free_feed,6,4.03,1,1,Pellet,Left,0,0,406,0,Timed_out,1239,nan
11/2/2021 23:48:21,1.8.3,Free_feed,6,4.04,1,1,Pellet,Left,0,0,407,0,Timed_out,808,nan
11/2/2021 23:48:47,1.8.3,Free_feed,6,4.04,1,1,Pellet,Left,0,0,408,0,19.42,27,nan
11/2/2021 23:49:26,1.8.3,Free_feed,6,4.04,1,1,Pellet,Left,0,0,409,0,31.33,39,nan
11/2/2021 23:49:45,1.8.3,Free_feed,6,4.04,1,1,Pellet,Left,0,0,410,0,11.23,19,nan
11/2/2021 23:49:59,1.8.3,Free_feed,6,4.04,1,1,Pellet,Left,0,0,411,0,7.69,14,nan
11/2/2021 23:50:15,1.8.3,Free_feed,6,4.03,1,1,Pellet,Left,0,0,412,0,8.09,16,nan
11/2/2021 23:50:31,1.8.3,Free_feed,6,4.04,1,1,Pellet,Left,0,0,413,0,9.26,16,nan
11/2/2021 23:50:47,1.8.3,Free_feed,6,4.03,1,1,Pellet,Left,0,0,414,0,8.91,16,nan
11/2/2021 23:51:03,1.8.3,Free_feed,6,4.04,2,1,Pellet,Left,0,0,415,0,6.73,16,nan
11/3/2021 0:10:26,1.8.3,Free_feed,6,4.03,1,1,Pellet,Left,0,0,416,0,Timed_out,1163,nan
11/3/2021 0:10:27,1.8.3,Free_feed,6,4.03,1,1,Pellet,Left,0,0,417,0,0.06,1,nan
11/3/2021 0:15:08,1.8.3,Free_feed,6,4.03,1,1,Pellet,Left,0,0,418,0,Timed_out,281,nan
11/3/2021 0:15:26,1.8.3,Free_feed,6,4.03,1,1,Pellet,Left,0,0,419,0,10.68,18,nan
11/3/2021 0:15:41,1.8.3,Free_feed,6,4.04,1,1,Pellet,Left,0,0,420,0,7.95,15,nan
11/3/2021 0:15:57,1.8.3,Free_feed,6,4.03,2,1,Pellet,Left,0,0,421,0,8.91,16,nan
11/3/2021 0:16:14,1.8.3,Free_feed,6,4.03,1,1,Pellet,Left,0,0,422,0,10.00,17,nan
11/3/2021 0:24:17,1.8.3,Free_feed,6,4.03,1,1,Pellet,Left,0,0,423,0,Timed_out,483,nan
11/3/2021 0:44:16,1.8.3,Free_feed,6,4.03,1,1,Pellet,Left,0,0,424,0,Timed_out,1199,nan
11/3/2021 0:45:48,1.8.3,Free_feed,6,4.03,1,1,Pellet,Left,0,0,425,0,Timed_out,92,nan
11/3/2021 0:46:14,1.8.3,Free_feed,6,4.03,1,1,Pellet,Left,0,0,426,0,18.54,26,nan
11/3/2021 0:46:32,1.8.3,Free_feed,6,4.03,1,1,Pellet,Left,0,0,427,0,10.48,17,nan
11/3/2021 0:46:47,1.8.3,Free_feed,6,4.03,1,1,Pellet,Left,0,0,428,0,8.44,16,nan
11/3/2021 1:12:22,1.8.3,Free_feed,6,4.03,1,1,Pellet,Left,0,0,429,0,Timed_out,1535,nan
11/3/2021 1:31:06,1.8.3,Free_feed,6,4.04,1,1,Pellet,Left,0,0,430,0,Timed_out,1124,nan
11/3/2021 1:59:07,1.8.3,Free_feed,6,4.03,1,1,Pellet,Left,0,0,431,0,Timed_out,1681,nan
11/3/2021 1:59:09,1.8.3,Free_feed,6,4.03,1,1,Pellet,Left,0,0,432,0,0.06,2,nan
11/3/2021 1:59:23,1.8.3,Free_feed,6,4.03,1,1,Pellet,Left,0,0,433,0,7.96,14,nan
11/3/2021 1:59:42,1.8.3,Free_feed,6,4.03,1,1,Pellet,Left,0,0,434,0,11.23,19,nan
11/3/2021 1:59:58,1.8.3,Free_feed,6,4.03,2,1,Pellet,Left,0,0,435,0,8.64,16,nan
11/3/2021 2:00:25,1.8.3,Free_feed,6,4.03,1,1,Pellet,Left,0,0,436,0,19.42,27,nan
11/3/2021 2:00:45,1.8.3,Free_feed,6,4.03,1,1,Pellet,Left,0,0,437,0,13.21,20,nan
11/3/2021 2:01:08,1.8.3,Free_feed,6,4.03,1,1,Pellet,Left,0,0,438,0,15.94,23,nan
11/3/2021 2:46:26,1.8.3,Free_feed,6,4.03,1,1,Pellet,Left,0,0,439,0,Timed_out,2718,nan
11/3/2021 2:49:22,1.8.3,Free_feed,6,4.03,1,1,Pellet,Left,0,0,440,0,Timed_out,175,nan
11/3/2021 2:50:06,1.8.3,Free_feed,6,4.03,1,1,Pellet,Left,0,0,441,0,37.19,45,nan
11/3/2021 2:50:13,1.8.3,Free_feed,6,4.03,1,1,Pellet,Left,0,0,442,0,0.06,7,nan
11/3/2021 2:50:19,1.8.3,Free_feed,6,4.03,1,1,Pellet,Left,0,0,443,0,0.40,5,nan
11/3/2021 2:50:33,1.8.3,Free_feed,6,4.03,1,1,Pellet,Left,0,0,444,0,12.26,15,nan
11/3/2021 3:32:03,1.8.3,Free_feed,6,4.03,1,1,Pellet,Left,0,0,445,0,Timed_out,2489,nan
11/3/2021 3:48:17,1.8.3,Free_feed,6,4.03,1,1,Pellet,Left,0,0,446,0,Timed_out,975,nan
11/3/2021 3:48:39,1.8.3,Free_feed,6,4.03,1,1,Pellet,Left,0,0,447,0,14.30,22,nan
11/3/2021 3:48:59,1.8.3,Free_feed,6,4.03,1,1,Pellet,Left,0,0,448,0,12.25,20,nan
11/3/2021 3:49:19,1.8.3,Free_feed,6,4.03,1,1,Pellet,Left,0,0,449,0,11.85,19,nan
11/3/2021 3:49:37,1.8.3,Free_feed,6,4.03,1,1,Pellet,Left,0,0,450,0,10.89,19,nan
11/3/2021 3:49:53,1.8.3,Free_feed,6,4.03,1,1,Pellet,Left,0,0,451,0,9.39,16,nan
11/3/2021 3:50:18,1.8.3,Free_feed,6,4.03,1,1,Pellet,Left,0,0,452,0,17.10,25,nan
11/3/2021 3:50:28,1.8.3,Free_feed,6,4.03,1,1,Pellet,Left,0,0,453,0,3.53,10,nan
11/3/2021 4:33:28,1.8.3,Free_feed,6,4.03,1,1,Pellet,Left,0,0,454,0,Timed_out,2580,nan
11/3/2021 4:33:55,1.8.3,Free_feed,6,4.03,1,1,Pellet,Left,0,0,455,0,20.31,27,nan
11/3/2021 4:34:21,1.8.3,Free_feed,6,4.03,2,1,Pellet,Left,0,0,456,0,22.09,26,nan
11/3/2021 4:34:51,1.8.3,Free_feed,6,4.02,1,1,Pellet,Left,0,0,457,0,22.43,30,nan
11/3/2021 4:35:06,1.8.3,Free_feed,6,4.02,1,1,Pellet,Left,0,0,458,0,6.80,15,nan
11/3/2021 4:35:07,1.8.3,Free_feed,6,4.03,1,1,Pellet,Left,0,0,459,0,0.06,1,nan
11/3/2021 4:55:16,1.8.3,Free_feed,6,4.03,1,1,Pellet,Left,0,0,460,0,Timed_out,1209,nan
11/3/2021 4:55:50,1.8.3,Free_feed,6,4.03,1,1,Pellet,Left,0,0,461,0,32.08,34,nan
11/3/2021 4:56:06,1.8.3,Free_feed,6,4.03,1,1,Pellet,Left,0,0,462,0,8.57,16,nan
11/3/2021 4:56:22,1.8.3,Free_feed,6,4.03,1,1,Pellet,Left,0,0,463,0,8.78,16,nan
11/3/2021 4:56:40,1.8.3,Free_feed,6,4.03,1,1,Pellet,Left,0,0,464,0,10.55,18,nan
11/3/2021 4:56:58,1.8.3,Free_feed,6,4.03,1,1,Pellet,Left,0,0,465,0,10.69,18,nan
11/3/2021 4:57:20,1.8.3,Free_feed,6,4.03,1,1,Pellet,Left,0,0,466,0,15.33,22,nan
11/3/2021 5:24:38,1.8.3,Free_feed,6,4.03,1,1,Pellet,Left,0,0,467,0,Timed_out,1638,nan
11/3/2021 5:25:09,1.8.3,Free_feed,6,4.03,1,1,Pellet,Left,0,0,468,0,24.00,31,nan
11/3/2021 5:25:26,1.8.3,Free_feed,6,4.03,1,1,Pellet,Left,0,0,469,0,14.45,16,nan
11/3/2021 5:25:46,1.8.3,Free_feed,6,4.02,1,1,Pellet,Left,0,0,470,0,12.74,21,nan
11/3/2021 5:26:00,1.8.3,Free_feed,6,4.03,1,1,Pellet,Left,0,0,471,0,6.80,14,nan
11/3/2021 5:26:16,1.8.3,Free_feed,6,4.02,1,1,Pellet,Left,0,0,472,0,9.25,16,nan
11/3/2021 5:26:32,1.8.3,Free_feed,6,4.03,1,1,Pellet,Left,0,0,473,0,8.92,16,nan
11/3/2021 5:42:58,1.8.3,Free_feed,6,4.02,1,1,Pellet,Left,0,0,474,0,Timed_out,985,nan
11/3/2021 5:45:11,1.8.3,Free_feed,6,4.03,2,1,Pellet,Left,0,0,475,0,Timed_out,134,nan
11/3/2021 6:11:08,1.8.3,Free_feed,6,4.03,1,1,Pellet,Left,0,0,476,0,Timed_out,1557,nan
11/3/2021 6:11:28,1.8.3,Free_feed,6,4.03,1,1,Pellet,Left,0,0,477,0,18.66,20,nan
11/3/2021 6:11:41,1.8.3,Free_feed,6,4.03,1,1,Pellet,Left,0,0,478,0,5.71,13,nan
11/3/2021 6:12:02,1.8.3,Free_feed,6,4.03,1,1,Pellet,Left,0,0,479,0,13.82,21,nan
11/3/2021 6:12:43,1.8.3,Free_feed,6,4.02,1,1,Pellet,Left,0,0,480,0,33.71,41,nan
11/3/2021 6:13:12,1.8.3,Free_feed,6,4.02,1,1,Pellet,Left,0,0,481,0,21.61,29,nan
11/3/2021 6:13:24,1.8.3,Free_feed,6,4.03,1,1,Pellet,Left,0,0,482,0,4.83,12,nan
11/3/2021 7:30:13,1.8.3,Free_feed,6,4.02,8,1,Pellet,Left,0,0,483,0,Timed_out,4609,nan
11/3/2021 7:34:06,1.8.3,Free_feed,6,4.03,11,1,Pellet,Left,0,0,484,0,Timed_out,233,nan
11/3/2021 7:35:11,1.8.3,Free_feed,6,4.03,1,1,Pellet,Left,0,0,485,0,58.45,65,nan
11/3/2021 7:35:29,1.8.3,Free_feed,6,4.03,1,1,Pellet,Left,0,0,486,0,9.80,18,nan
11/3/2021 7:35:42,1.8.3,Free_feed,6,4.02,1,1,Pellet,Left,0,0,487,0,5.92,13,nan
11/3/2021 7:35:57,1.8.3,Free_feed,6,4.02,1,1,Pellet,Left,0,0,488,0,8.44,15,nan
11/3/2021 7:36:27,1.8.3,Free_feed,6,4.03,1,1,Pellet,Left,0,0,489,0,28.11,30,nan
11/3/2021 7:36:43,1.8.3,Free_feed,6,4.02,1,1,Pellet,Left,0,0,490,0,8.51,16,nan
11/3/2021 7:37:07,1.8.3,Free_feed,6,4.02,1,1,Pellet,Left,0,0,491,0,16.42,24,nan
11/3/2021 7:37:20,1.8.3,Free_feed,6,4.02,1,1,Pellet,Left,0,0,492,0,5.03,13,nan
11/3/2021 7:37:36,1.8.3,Free_feed,6,4.02,1,1,Pellet,Left,0,0,493,0,9.46,16,nan
11/3/2021 8:23:49,1.8.3,Free_feed,6,4.02,1,1,Pellet,Left,0,0,494,0,Timed_out,2773,nan
11/3/2021 8:24:15,1.8.3,Free_feed,6,4.02,2,1,Pellet,Left,0,0,495,0,17.31,26,nan
11/3/2021 8:24:41,1.8.3,Free_feed,6,4.02,1,1,Pellet,Left,0,0,496,0,17.79,26,nan
11/3/2021 8:25:31,1.8.3,Free_feed,6,4.02,1,1,Pellet,Left,0,0,497,0,42.88,50,nan
11/3/2021 8:25:50,1.8.3,Free_feed,6,4.02,1,1,Pellet,Left,0,0,498,0,12.33,19,nan
11/3/2021 8:26:09,1.8.3,Free_feed,6,4.02,1,1,Pellet,Left,0,0,499,0,10.83,19,nan
11/3/2021 9:22:53,1.8.3,Free_feed,6,4.02,2,1,Pellet,Left,0,0,500,0,Timed_out,3404,nan
11/3/2021 9:23:14,1.8.3,Free_feed,6,4.02,1,1,Pellet,Left,0,0,501,0,13.69,21,nan
11/3/2021 9:23:33,1.8.3,Free_feed,6,4.02,1,1,Pellet,Left,0,0,502,0,11.30,19,nan
11/3/2021 9:23:57,1.8.3,Free_feed,6,4.02,1,1,Pellet,Left,0,0,503,0,17.25,24,nan
11/3/2021 9:24:17,1.8.3,Free_feed,6,4.02,1,1,Pellet,Left,0,0,504,0,12.80,20,nan
11/3/2021 9:24:44,1.8.3,Free_feed,6,4.02,2,1,Pellet,Left,0,0,505,0,19.70,27,nan
11/3/2021 9:53:42,1.8.3,Free_feed,6,4.02,3,1,Pellet,Left,0,0,506,0,Timed_out,1738,nan
11/3/2021 9:54:04,1.8.3,Free_feed,6,4.02,1,1,Pellet,Left,0,0,507,0,16.02,22,nan
11/3/2021 9:54:11,1.8.3,Free_feed,6,4.02,2,1,Pellet,Left,0,0,508,0,0.06,7,nan
11/3/2021 9:54:37,1.8.3,Free_feed,6,4.02,1,1,Pellet,Left,0,0,509,0,18.88,26,nan
11/3/2021 10:29:53,1.8.3,Free_feed,6,4.02,2,1,Pellet,Left,0,0,510,0,Timed_out,2116,nan
11/3/2021 10:30:18,1.8.3,Free_feed,6,4.02,1,1,Pellet,Left,0,0,511,0,17.64,25,nan
11/3/2021 10:30:31,1.8.3,Free_feed,6,4.02,1,1,Pellet,Left,0,0,512,0,5.23,13,nan
11/3/2021 10:31:01,1.8.3,Free_feed,6,4.02,1,1,Pellet,Left,0,0,513,0,22.49,30,nan
11/3/2021 10:31:15,1.8.3,Free_feed,6,4.02,1,1,Pellet,Left,0,0,514,0,6.53,14,nan
11/3/2021 10:31:34,1.8.3,Free_feed,6,4.02,1,1,Pellet,Left,0,0,515,0,11.02,18,nan
11/3/2021 10:31:49,1.8.3,Free_feed,6,4.02,1,1,Pellet,Left,0,0,516,0,8.23,16,nan
11/3/2021 10:32:07,1.8.3,Free_feed,6,4.02,1,1,Pellet,Left,0,0,517,0,11.50,18,nan
11/3/2021 10:46:36,1.8.3,Free_feed,6,4.02,1,1,Pellet,Left,0,0,518,0,Timed_out,869,nan
11/3/2021 10:46:57,1.8.3,Free_feed,6,4.02,1,1,Pellet,Left,0,0,519,0,14.16,21,nan
11/3/2021 10:52:57,1.8.3,Free_feed,6,4.02,1,1,Pellet,Left,0,0,520,0,Timed_out,360,nan
11/3/2021 11:01:38,1.8.3,Free_feed,6,4.02,1,1,Pellet,Left,0,0,521,0,Timed_out,521,nan
11/3/2021 11:02:03,1.8.3,Free_feed,6,4.02,1,1,Pellet,Left,0,0,522,0,18.80,25,nan
11/3/2021 12:00:58,1.8.3,Free_feed,6,4.01,1,1,Pellet,Left,0,0,523,0,Timed_out,3535,nan
11/3/2021 12:01:17,1.8.3,Free_feed,6,4.02,1,1,Pellet,Left,0,0,524,0,12.46,19,nan
11/3/2021 12:25:22,1.8.3,Free_feed,6,4.01,1,1,Pellet,Left,0,0,525,0,Timed_out,1445,nan
11/3/2021 12:25:38,1.8.3,Free_feed,6,4.02,1,1,Pellet,Left,0,0,526,0,8.58,16,nan
11/3/2021 12:26:03,1.8.3,Free_feed,6,4.02,1,1,Pellet,Left,0,0,527,0,23.67,25,nan
11/3/2021 12:26:21,1.8.3,Free_feed,6,4.02,1,1,Pellet,Left,0,0,528,0,9.94,18,nan
11/3/2021 12:26:37,1.8.3,Free_feed,6,4.02,1,1,Pellet,Left,0,0,529,0,9.33,16,nan
11/3/2021 12:27:01,1.8.3,Free_feed,6,4.02,1,1,Pellet,Left,0,0,530,0,15.61,24,nan
11/3/2021 13:02:29,1.8.3,Free_feed,6,4.02,1,1,Pellet,Left,0,0,531,0,Timed_out,2128,nan
11/3/2021 13:02:57,1.8.3,Free_feed,6,4.02,1,1,Pellet,Left,0,0,532,0,21.27,28,nan
11/3/2021 13:03:17,1.8.3,Free_feed,6,4.02,1,1,Pellet,Left,0,0,533,0,13.28,20,nan
11/3/2021 13:03:34,1.8.3,Free_feed,6,4.01,1,1,Pellet,Left,0,0,534,0,8.91,17,nan
11/3/2021 13:03:52,1.8.3,Free_feed,6,4.02,1,1,Pellet,Left,0,0,535,0,10.89,18,nan
11/3/2021 13:34:24,1.8.3,Free_feed,6,4.02,1,1,Pellet,Left,0,0,536,0,Timed_out,1832,nan
11/3/2021 13:34:46,1.8.3,Free_feed,6,4.02,1,1,Pellet,Left,0,0,537,0,14.99,22,nan
11/3/2021 13:35:19,1.8.3,Free_feed,6,4.01,1,1,Pellet,Left,0,0,538,0,25.51,33,nan
11/3/2021 13:35:37,1.8.3,Free_feed,6,4.01,1,1,Pellet,Left,0,0,539,0,10.56,18,nan
11/3/2021 13:35:51,1.8.3,Free_feed,6,4.02,1,1,Pellet,Left,0,0,540,0,6.33,13,nan
11/3/2021 14:30:19,1.8.3,Free_feed,6,4.02,1,1,Pellet,Left,0,0,541,0,Timed_out,3269,nan
11/3/2021 14:30:43,1.8.3,Free_feed,6,4.02,1,1,Pellet,Left,0,0,542,0,16.48,24,nan
11/3/2021 14:31:01,1.8.3,Free_feed,6,4.01,2,1,Pellet,Left,0,0,543,0,10.75,18,nan
11/3/2021 14:31:09,1.8.3,Free_feed,6,4.01,1,1,Pellet,Left,0,0,544,0,0.06,8,nan
11/3/2021 14:31:24,1.8.3,Free_feed,6,4.02,1,1,Pellet,Left,0,0,545,0,8.84,15,nan
11/3/2021 14:31:47,1.8.3,Free_feed,6,4.01,1,1,Pellet,Left,0,0,546,0,15.87,23,nan
11/3/2021 14:32:04,1.8.3,Free_feed,6,4.01,1,1,Pellet,Left,0,0,547,0,9.12,17,nan
11/3/2021 14:32:05,1.8.3,Free_feed,6,4.02,1,1,Pellet,Left,0,0,548,0,0.06,1,nan
11/3/2021 14:56:00,1.8.3,Free_feed,6,4.01,1,1,Pellet,Left,0,0,549,0,Timed_out,1435,nan
11/3/2021 14:56:23,1.8.3,Free_feed,6,4.02,1,1,Pellet,Left,0,0,550,0,16.49,23,nan
11/3/2021 14:56:38,1.8.3,Free_feed,6,4.01,1,1,Pellet,Left,0,0,551,0,12.94,15,nan
11/3/2021 14:56:57,1.8.3,Free_feed,6,4.02,1,1,Pellet,Left,0,0,552,0,11.23,19,nan
11/3/2021 15:32:18,1.8.3,Free_feed,6,4.01,1,1,Pellet,Left,0,0,553,0,Timed_out,2121,nan
11/3/2021 15:32:29,1.8.3,Free_feed,6,4.01,1,1,Pellet,Left,0,0,554,0,3.53,11,nan
11/3/2021 15:32:57,1.8.3,Free_feed,6,4.01,1,1,Pellet,Left,0,0,555,0,19.84,28,nan
11/3/2021 15:33:04,1.8.3,Free_feed,6,4.01,1,1,Pellet,Left,0,0,556,0,0.61,7,nan
11/3/2021 15:33:39,1.8.3,Free_feed,6,4.01,2,1,Pellet,Left,0,0,557,0,25.11,35,nan
11/3/2021 15:33:58,1.8.3,Free_feed,6,4.01,1,1,Pellet,Left,0,0,558,0,11.65,18,nan
11/3/2021 15:34:17,1.8.3,Free_feed,6,4.01,1,1,Pellet,Left,0,0,559,0,12.60,20,nan
11/3/2021 15:34:34,1.8.3,Free_feed,6,4.01,1,1,Pellet,Left,0,0,560,0,9.05,17,nan
11/3/2021 15:34:51,1.8.3,Free_feed,6,4.01,1,1,Pellet,Left,0,0,561,0,10.28,17,nan
11/3/2021 16:11:37,1.8.3,Free_feed,6,4.01,1,1,Pellet,Left,0,0,562,0,Timed_out,2206,nan
11/3/2021 16:11:53,1.8.3,Free_feed,6,4.01,1,1,Pellet,Left,0,0,563,0,8.91,16,nan
11/3/2021 16:12:12,1.8.3,Free_feed,6,4.01,1,1,Pellet,Left,0,0,564,0,12.32,19,nan
11/3/2021 16:12:38,1.8.3,Free_feed,6,4.01,1,1,Pellet,Left,0,0,565,0,18.47,26,nan
11/3/2021 16:12:57,1.8.3,Free_feed,6,4.01,1,1,Pellet,Left,0,0,566,0,11.37,19,nan
11/3/2021 16:13:19,1.8.3,Free_feed,6,4.01,1,1,Pellet,Left,0,0,567,0,13.83,22,nan
11/3/2021 16:44:46,1.8.3,Free_feed,6,4.01,1,1,Pellet,Left,0,0,568,0,Timed_out,1887,nan
11/3/2021 16:45:10,1.8.3,Free_feed,6,4.01,1,1,Pellet,Left,0,0,569,0,17.38,24,nan
11/3/2021 16:45:28,1.8.3,Free_feed,6,4.01,1,1,Pellet,Left,0,0,570,0,9.66,18,nan
11/3/2021 16:45:48,1.8.3,Free_feed,6,4.01,1,1,Pellet,Left,0,0,571,0,12.66,20,nan
